t_rel_s,q1,q2,q3,q4,q5,q6,qd1,qd2,qd3,qd4,qd5,qd6
0.0237,-2.252291143026328,-1.6384951531329874,0.9306908735804127,-1.340325568050579,-1.5090481148947812,2.862000650386321,,,,,,
0.0574,-2.252291143026328,-1.6384951546516284,0.9368114569391065,-1.3387917406455858,-1.5090481148947812,2.862000802250419,0.00000,-0.00000,0.18161,0.04551,0.00000,0.00000
0.0904,-2.252291143026328,-1.6400137956468215,0.9414285857127138,-1.338776402371536,-1.5090481148947812,2.86200080376906,0.00000,-0.04594,0.13967,0.00046,0.00000,0.00000
0.1239,-2.252291143026328,-1.6400289820567735,0.9475493209204768,-1.3387762489887955,-1.5090481148947812,2.8620008037842464,0.00000,-0.00045,0.18309,0.00000,0.00000,0.00000
0.1572,-2.252291143026328,-1.6445850568608933,0.9521664512125749,-1.338776247454968,-1.5090481148947812,2.8620008037843983,0.00000,-0.13682,0.13865,0.00000,0.00000,0.00000
0.1908,-2.252291143026328,-1.655261104468982,0.9643617503555502,-1.3387762474396299,-1.5090481148947812,2.8620008037843996,0.00000,-0.31742,0.36259,0.00000,0.00000,0.00000
0.2239,-2.252291143026328,-1.6599237878850834,0.9705582672670071,-1.3387762474394764,-1.5090481148947812,2.8620008037843996,0.00000,-0.14112,0.18754,0.00000,0.00000,0.00000
0.2571,-2.252291143026328,-1.6599704147192444,0.9766947963561491,-1.3387762474394749,-1.5090481148947812,2.8620008037843996,0.00000,-0.00140,0.18447,0.00000,0.00000,0.00000
0.2909,-2.252291143026328,-1.659970880987586,0.9828307255670674,-1.3387762474394749,-1.5090481148947812,2.8620008037843996,0.00000,-0.00001,0.18179,0.00000,0.00000,0.00000
0.3241,-2.252291143026328,-1.6599708856502695,0.9889666487792039,-1.3402948884194814,-1.5090481148947812,2.8620008037843996,0.00000,-0.00000,0.18488,-0.04576,0.00000,0.00000
0.3571,-2.252291143026328,-1.6599708856968962,0.9951025719313522,-1.338791433849275,-1.5090481148947812,2.8620008037843996,0.00000,-0.00000,0.18574,0.04551,0.00000,0.00000
0.3906,-2.252291143026328,-1.6599708856973625,1.0042757770429145,-1.3387763993035728,-1.5090481148947812,2.8604821628043924,0.00000,-0.00000,0.27403,0.00045,0.00000,-0.04537
0.4239,-2.252291143026328,-1.6599708856973672,1.0134793549740708,-1.3402948899381224,-1.5090481148947812,2.8604669763945925,0.00000,-0.00000,0.27578,-0.04550,0.00000,-0.00046
0.4573,-2.252291143026328,-1.6614895266773737,1.0226832366334233,-1.3403100748444678,-1.5090481148947812,2.8604668245304947,0.00000,-0.04548,0.27564,-0.00045,0.00000,-0.00000
0.4908,-2.252291143026328,-1.6615047130871738,1.0334057623100639,-1.3403102266935314,-1.5090481148947812,2.8604668230118535,0.00000,-0.00045,0.32053,-0.00000,0.00000,-0.00000
0.5239,-2.252291143026328,-1.6615048649512718,1.0426248334468713,-1.3387915872320155,-1.5090481148947812,2.8589481820166602,0.00000,-0.00000,0.27854,0.04588,0.00000,-0.04588
0.5572,-2.252291143026328,-1.6615048664699128,1.0518288700382803,-1.3387764008374003,-1.5090481148947812,2.8589329956067084,0.00000,-0.00000,0.27626,0.00046,0.00000,-0.00046
0.5904,-2.252291143026328,-1.663023507465106,1.061032756284235,-1.338776248973454,-1.5090481148947812,2.858932843742609,0.00000,-0.04568,0.27687,0.00000,0.00000,-0.00000
0.6240,-2.252291143026328,-1.6630386938750579,1.070236641026735,-1.3387762474548146,-1.5090481148947812,2.8589328422239677,0.00000,-0.00045,0.27434,0.00000,0.00000,-0.00000
0.6572,-2.250772502046321,-1.6660761276991711,1.0779218847741943,-1.3387762474396283,-1.5090481148947812,2.8589328422087816,0.04567,-0.09134,0.23110,0.00000,0.00000,-0.00000
0.6903,-2.250757315636521,-1.669143783997426,1.0840733011316956,-1.3387762474394764,-1.5090481148947812,2.8589328422086298,0.00046,-0.09276,0.18601,0.00000,0.00000,-0.00000
0.7238,-2.250757163772423,-1.6737303835004287,1.0917280201953046,-1.3387762474394749,-1.5090481148947812,2.858932842208628,0.00000,-0.13691,0.22849,0.00000,0.00000,-0.00000
0.7576,-2.250757162253782,-1.6737762494954587,1.1009164132659814,-1.3387762474394749,-1.5090481148947812,2.858932842208628,0.00000,-0.00136,0.27186,0.00000,0.00000,0.00000
0.7906,-2.2507571622385956,-1.675295349135416,1.110120143076729,-1.3387762474394749,-1.5090481148947812,2.858932842208628,0.00000,-0.04612,0.27940,0.00000,0.00000,0.00000
0.8240,-2.2507571622384437,-1.6753105401318156,1.1193240262548771,-1.3387762474394749,-1.5105667558747877,2.858932842208628,0.00000,-0.00045,0.27523,0.00000,-0.04541,0.00000
0.8572,-2.2507571622384424,-1.6753106920417795,1.1285279109666995,-1.3387762474394749,-1.5090633013045813,2.858932842208628,0.00000,-0.00000,0.27718,0.00000,0.04528,0.00000
0.8905,-2.2507571622384424,-1.6753106935608792,1.137731795693858,-1.3387762474394749,-1.5105669077388857,2.858932842208628,0.00000,-0.00000,0.27639,0.00000,-0.04515,0.00000
0.9239,-2.2507571622384424,-1.676829334556077,1.1484543214011773,-1.3387762474394749,-1.5105819438032289,2.858932842208628,0.00000,-0.04546,0.32099,0.00000,-0.00045,0.00000
0.9572,-2.2507571622384424,-1.676844520966029,1.1576733925382914,-1.3387762474394749,-1.5105820941638721,2.858932842208628,0.00000,-0.00046,0.27667,0.00000,-0.00000,0.00000
0.9904,-2.2507571622384424,-1.6768446728301285,1.1775079159897506,-1.337257606459468,-1.5105820956674787,2.858932842208628,0.00000,-0.00000,0.59746,0.04574,-0.00000,0.00000
1.0240,-2.2507571622384424,-1.6768446743487695,1.186818107104306,-1.3372424200496678,-1.5105820956825147,2.858932842208628,0.00000,-0.00000,0.27732,0.00045,-0.00000,0.00000
1.0573,-2.2507571622384424,-1.6768446743639558,1.1975416958754987,-1.3372422681855698,-1.510582095682665,2.8604514831886347,0.00000,-0.00000,0.32216,0.00000,-0.00000,0.04562
1.0906,-2.2507571622384424,-1.6768446743641077,1.2052421366632444,-1.3372422666669288,-1.5105820956826665,2.860466669598435,0.00000,-0.00000,0.23139,0.00000,-0.00000,0.00046
1.1238,-2.2507571622384424,-1.6768446743641092,1.2129123459711564,-1.3372422666517425,-1.5105820956826665,2.860466821462533,0.00000,-0.00000,0.23071,0.00000,0.00000,0.00000
1.1572,-2.2507571622384424,-1.6768446743641092,1.2205822529642694,-1.3372422666515906,-1.5105820956826665,2.860466822981174,0.00000,0.00000,0.22972,0.00000,0.00000,0.00000
1.1903,-2.2507571622384424,-1.6753260333841025,1.2297707979142412,-1.337242266651589,-1.5105820956826665,2.86046682299636,0.00000,0.04581,0.27719,0.00000,0.00000,0.00000
1.2240,-2.2507571622384424,-1.6753108469743023,1.2389745292437813,-1.337242266651589,-1.5105820956826665,2.860466822996512,0.00000,0.00045,0.27376,0.00000,0.00000,0.00000
1.2574,-2.2507571622384424,-1.6753106951102044,1.2466597714571108,-1.338760907631596,-1.5105820956826665,2.860466822996514,0.00000,0.00000,0.23014,-0.04548,0.00000,0.00000
1.2904,-2.2507571622384424,-1.6753106935915634,1.254329828779278,-1.338776094041396,-1.5105820956826665,2.860466822996514,0.00000,0.00000,0.23198,-0.00046,0.00000,0.00000
1.3239,-2.2507571622384424,-1.675310693576377,1.2544065293524997,-1.3387762459054942,-1.5105820956826665,2.860466822996514,0.00000,0.00000,0.00229,-0.00000,0.00000,0.00000
1.3570,-2.2507571622384424,-1.6753106935762252,1.2604818602782588,-1.3402948884041417,-1.5121007366626735,2.860466822996514,0.00000,0.00000,0.18328,-0.04581,-0.04581,0.00000
1.3906,-2.2492385212584356,-1.6737920525962167,1.2726917414275707,-1.343347356789142,-1.5105972820924667,2.858948182016507,0.04526,0.04526,0.36387,-0.09097,0.04480,-0.04526
1.4238,-2.2492233348486352,-1.6722582252064098,1.2773697631790841,-1.343377881472992,-1.5121008885267715,2.860451636586714,0.00046,0.04615,0.14077,-0.00092,-0.04525,0.04524
1.4572,-2.2492231829845375,-1.6722428869325117,1.2834911073166269,-1.3448968276998368,-1.5121159245911147,2.858948030152409,0.00000,0.00046,0.18353,-0.04554,-0.00045,-0.04508
1.4904,-2.2492231814658963,-1.6707240925697662,1.291145525658036,-1.3479492991221194,-1.512116074951758,2.858932994088066,0.00000,0.04564,0.23000,-0.09172,-0.00000,-0.00045
1.5239,-2.24922318145071,-1.6707089046261387,1.2972966337614773,-1.347979823836342,-1.513634717435371,2.8589328437274224,0.00000,0.00045,0.18387,-0.00091,-0.04540,-0.00000
1.5571,-2.2492231814505583,-1.6691901117666956,1.3019140677825323,-1.3494987700634908,-1.5212431087602414,2.8589328422238163,0.00000,0.04576,0.13912,-0.04576,-0.22923,-0.00000
1.5905,-2.2492231814505566,-1.6676562828580943,1.304997524082756,-1.3495139595257624,-1.5304310385535305,2.85893284220878,0.00000,0.04591,0.09229,-0.00045,-0.27500,-0.00000
1.6240,-2.2492231814505566,-1.6661223035890016,1.3111029225657853,-1.349514111420385,-1.541153404711511,2.8589328422086298,0.00000,0.04582,0.18239,-0.00000,-0.32031,-0.00000
1.6571,-2.2492231814505566,-1.6645883228163039,1.3187571814506498,-1.3510327539193383,-1.553409756213145,2.858932842208628,0.00000,0.04624,0.23075,-0.04578,-0.36948,-0.00000
1.6906,-2.2492231814505566,-1.664572983008577,1.3188337240394985,-1.3510479403443278,-1.5535323197281614,2.858932842208628,0.00000,0.00046,0.00229,-0.00045,-0.00366,0.00000
1.7240,-2.24770454047055,-1.6645728296104996,1.3264276943654207,-1.3510480922085777,-1.564164032223359,2.858932842208628,0.04540,0.00000,0.22701,-0.00000,-0.31781,0.00000
1.7571,-2.24768935406075,-1.6645728280765189,1.3356154799487208,-1.3510480937272202,-1.5749008362083587,2.858932842208628,0.00046,0.00000,0.27813,-0.00000,-0.32502,0.00000
1.7906,-2.2476892021966517,-1.6645728280611791,1.347856485644608,-1.3510480937424065,-1.579564127188229,2.858932842208628,0.00000,0.00000,0.36486,-0.00000,-0.13900,0.00000
1.8241,-2.247689200678011,-1.6645728280610257,1.347978895701567,-1.3510480937425584,-1.5796107600980276,2.858932842208628,0.00000,0.00000,0.00366,-0.00000,-0.00140,0.00000
1.8572,-2.2476892006628244,-1.6630541870810172,1.3540546837221636,-1.35104809374256,-1.5796112264271256,2.858932842208628,0.00000,0.04578,0.18317,-0.00000,-0.00001,0.00000
1.8906,-2.2476892006626725,-1.6615203596912103,1.3662645694424236,-1.35104809374256,-1.5796112310904167,2.858932842208628,0.00000,0.04591,0.36547,0.00000,-0.00000,0.00000
1.9239,-2.247689200662671,-1.6615050214173122,1.3739798731996602,-1.35104809374256,-1.5796112311370496,2.858932842208628,0.00000,0.00046,0.23170,0.00000,-0.00000,0.00000
1.9571,-2.247689200662671,-1.6615048680345732,1.378612949177253,-1.35104809374256,-1.5811298721175224,2.858932842208628,0.00000,0.00000,0.13989,0.00000,-0.04585,0.00000
1.9905,-2.2461705596826644,-1.661504866500746,1.3832152028770492,-1.35104809374256,-1.581145058527327,2.858932842208628,0.04541,0.00000,0.13763,0.00000,-0.00045,0.00000
2.0238,-2.246155373272864,-1.6615048664854075,1.3878171483540676,-1.35104809374256,-1.5811452103914252,2.858932842208628,0.00046,0.00000,0.13836,0.00000,-0.00000,0.00000
2.0572,-2.2461552214087663,-1.6599862255052478,1.3939377317288653,-1.35104809374256,-1.5811452119100662,2.858932842208628,0.00000,0.04547,0.18324,0.00000,-0.00000,0.00000
2.0904,-2.244636578910119,-1.659971039095446,1.401592142462647,-1.35104809374256,-1.5811452119252525,2.858932842208628,0.04561,0.00046,0.22990,0.00000,-0.00000,0.00000
2.1237,-2.243102751505125,-1.6584522462513414,1.407743250490012,-1.35104809374256,-1.5811452119254044,2.858932842208628,0.04606,0.04561,0.18473,0.00000,-0.00000,0.00000
2.1572,-2.2324569263710274,-1.6508438534228662,1.4093234025502923,-1.35104809374256,-1.582663852905413,2.858932842208628,0.31850,0.22763,0.04727,0.00000,-0.04543,0.00000
2.1905,-2.2126081353795986,-1.6355813596945135,1.410857845050902,-1.352566734722567,-1.5902722442152468,2.858932842208628,0.59636,0.45857,0.04610,-0.04563,-0.22860,0.00000
2.2241,-2.203297801589643,-1.6293541708372028,1.4123918304559147,-1.352581921132367,-1.5979415330283788,2.858932842208628,0.27685,0.18517,0.04561,-0.00045,-0.22805,0.00000
2.2570,-2.1986487753117236,-1.6232173350286025,1.4139258112899717,-1.352582072996465,-1.6056114308165446,2.858932842208628,0.14115,0.18633,0.04657,-0.00000,-0.23287,0.00000
2.2906,-2.1910090801489104,-1.6186000437304964,1.4139411510983122,-1.352582074515106,-1.6147999756744666,2.858932842208628,0.22772,0.13763,0.00046,-0.00000,-0.27389,0.00000
2.3238,-2.1909326831972824,-1.6185538708175151,1.4139413044963958,-1.3525820745302923,-1.6148918611230458,2.858932842208628,0.00230,0.00139,0.00000,-0.00000,-0.00276,0.00000
2.3573,-2.1833387143277325,-1.613997486148365,1.4154599470103832,-1.3525820745304442,-1.620967343897559,2.8574142012286217,0.22707,0.13624,0.04541,-0.00000,-0.18167,-0.04541
2.3905,-2.174150928758996,-1.603321435441626,1.4154751334355231,-1.3525820745304458,-1.6255840216653243,2.858917655798828,0.27650,0.32129,0.00046,-0.00000,-0.13894,0.04525
2.4239,-2.1679844869832814,-1.600177392974545,1.4154752852997745,-1.3541007155104523,-1.625630188443002,2.8589326903445302,0.18457,0.09411,0.00000,-0.04546,-0.00138,0.00045
2.4571,-2.163366899625504,-1.5986273115698677,1.4185125687784306,-1.3586718248602727,-1.6256306501107787,2.858932840689987,0.13917,0.04672,0.09154,-0.13777,-0.00001,0.00000
2.4908,-2.1618020827719193,-1.598611810755821,1.4230988645532376,-1.3663107408538047,-1.6256306547274566,2.858932842193442,0.04642,0.00046,0.13604,-0.22659,-0.00000,0.00000
2.5240,-2.160267793623377,-1.5970930147676736,1.426182009470999,-1.3724616939337675,-1.6256306547736232,2.858932842208476,0.04625,0.04578,0.09293,-0.18540,-0.00000,0.00000
2.5573,-2.158733809751885,-1.5910032628877648,1.4277314819001836,-1.380116408364601,-1.625630654774085,2.8589328422086266,0.04597,0.18250,0.04643,-0.22939,-0.00000,0.00000
2.5906,-2.152643905993142,-1.5772745965489048,1.429265617604482,-1.3938607243289705,-1.6241120137940828,2.858932842208628,0.18314,0.41285,0.04614,-0.41332,0.04567,0.00000
2.6239,-2.1525830069555547,-1.5771373098855161,1.429280958961525,-1.3939981674886142,-1.6240968273842828,2.858932842208628,0.00183,0.00412,0.00046,-0.00412,0.00046,0.00000
2.6572,-2.148026475025159,-1.571061373098855,1.4292811123750955,-1.398555464860231,-1.6240966755201849,2.858932842208628,0.13690,0.18255,0.00000,-0.13692,0.00000,0.00000
2.6904,-2.143424986765835,-1.5618887678509477,1.4277624729292246,-1.4077128837139878,-1.6256153149815507,2.8604514831886347,0.13869,0.27646,-0.04577,-0.27601,-0.04577,0.04577
2.7239,-2.1433789718832417,-1.5587597598384553,1.4277472865347658,-1.4123603808425456,-1.6256305013761643,2.860466669598435,0.00137,0.09343,-0.00045,-0.13878,-0.00045,0.00045
2.7572,-2.1418598707544088,-1.5572098287783236,1.4277471346708213,-1.4169627787538512,-1.6256306532401104,2.860466821462533,0.04559,0.04652,-0.00000,-0.13814,-0.00000,0.00000
2.7906,-2.1418446797431203,-1.5571943294677222,1.4262284921721748,-1.4200460846929783,-1.6256306547587498,2.860466822981174,0.00046,0.00046,-0.04550,-0.09237,-0.00000,0.00000
2.8238,-2.1403258868530006,-1.5556755334946093,1.4262133057471884,-1.4246328406923898,-1.6256306547739363,2.86046682299636,0.04572,0.04572,-0.00046,-0.13807,-0.00000,0.00000
2.8570,-2.1403106989240994,-1.555660345534878,1.4262131538829386,-1.429234631192404,-1.6256306547740882,2.860466822996512,0.00046,0.00046,-0.00000,-0.13854,-0.00000,0.00000
2.8904,-2.1403105470448103,-1.5556601936552807,1.426213152364296,-1.4338365720374247,-1.6256306547740895,2.860466822996514,0.00000,0.00000,-0.00000,-0.13780,-0.00000,0.00000
2.9239,-2.1387919045460104,-1.554141551156478,1.4262131523491095,-1.4354012324258816,-1.6256306547740897,2.860466822996514,0.04533,0.04533,-0.00000,-0.04671,-0.00000,0.00000
2.9571,-2.138776718121022,-1.5495704417914697,1.4262131523489578,-1.4399728019697868,-1.6256306547740897,2.860466822996514,0.00046,0.13795,-0.00000,-0.13796,0.00000,0.00000
2.9903,-2.13573928429676,-1.526745115997718,1.4262131523489563,-1.4491303635452666,-1.6256306547740897,2.860466822996514,0.09141,0.68693,-0.00000,-0.27560,0.00000,0.00000
3.0238,-2.132671627998503,-1.5174050168597397,1.4277317933289633,-1.4537778621010418,-1.6256306547740897,2.861985463976521,0.09157,0.27880,0.04533,-0.13872,0.00000,0.04533
3.0572,-2.1280850284954997,-1.5127556929283397,1.4292656207187697,-1.4568616190466128,-1.6256306547740897,2.862000650386321,0.13720,0.13907,0.04588,-0.09224,0.00000,0.00045
3.0908,-2.1234832395604495,-1.5127091996890256,1.4292809589926678,-1.4629670205360956,-1.6256306547740897,2.862000802250419,0.13705,0.00138,0.00046,-0.18183,0.00000,0.00000
3.1239,-2.1188812987310794,-1.5111900937766254,1.4307997533554138,-1.4660653565110042,-1.6256306547740897,2.86200080376906,0.13900,0.04588,0.04587,-0.09358,0.00000,0.00000
3.1572,-2.114279356382765,-1.5066189797774814,1.4308149412990412,-1.469133621830767,-1.6256306547740897,2.8620008037842464,0.13817,0.13725,0.00046,-0.09212,0.00000,0.00000
3.1907,-2.1111960549992683,-1.5020173456974695,1.4308150931784775,-1.472201586443978,-1.6256306547740897,2.8620008037843983,0.09206,0.13740,0.00000,-0.09160,0.00000,0.00000
3.2239,-2.10812794002542,-1.4958967654366424,1.429296453717265,-1.4767881890301304,-1.6256306547740897,2.8620008037843996,0.09246,0.18445,-0.04576,-0.13822,0.00000,0.00000
3.2569,-2.1050599769156673,-1.488242354734,1.429281267322653,-1.4798713370160055,-1.6256306547740897,2.8620008037843996,0.09283,0.23160,-0.00046,-0.09329,0.00000,0.00000
3.2905,-2.1035106563045636,-1.479053964746933,1.4292811154587066,-1.4844580914358847,-1.6256306547740897,2.8620008037843996,0.04611,0.27344,-0.00000,-0.13650,0.00000,0.00000
3.3237,-2.1034951630984526,-1.4744061579070418,1.4292811139400672,-1.4890598819201037,-1.6256306547740897,2.8635194447644063,0.00047,0.14013,-0.00000,-0.13874,0.00000,0.04579
3.3569,-2.1034950081663912,-1.474359679838643,1.4292811139248809,-1.4891058998249458,-1.6256306547740897,2.8635346311742067,0.00000,0.00140,-0.00000,-0.00139,0.00000,0.00046
3.3905,-2.097420442697043,-1.4622100872179047,1.429281113924729,-1.5027741288240555,-1.624112013794083,2.8665720649983184,0.18058,0.36117,-0.00000,-0.40632,0.04515,0.09029
3.4240,-2.094322415082336,-1.4544953863916632,1.427762472944721,-1.5089853750340738,-1.6240968273842828,2.869639721296573,0.09261,0.23062,-0.04540,-0.18568,0.00045,0.09171
3.4571,-2.0882168708861615,-1.446825034483367,1.4277472865349208,-1.515122051416201,-1.6240966755201849,2.871189038839562,0.18412,0.23131,-0.00046,-0.18506,0.00000,0.04672
3.4904,-2.0820812515241736,-1.4376364850842434,1.4277471346708228,-1.5197393411200426,-1.624096674001544,2.871204532014992,0.18463,0.27650,-0.00000,-0.13894,0.00000,0.00047
3.5241,-2.077463972390533,-1.4299513946902183,1.4247098511921683,-1.5243414369571016,-1.6240966739863574,2.8712046869467462,0.13692,0.22789,-0.09007,-0.13647,0.00000,0.00000
3.5573,-2.074380517639183,-1.4237999798662508,1.4246794783573817,-1.5274247398754854,-1.6240966739862055,2.871204688496064,0.09290,0.18533,-0.00092,-0.09289,0.00000,0.00000
3.5906,-2.0713124011316557,-1.4161452608179772,1.4231605336490272,-1.5304928548646828,-1.624096673986204,2.871204688511557,0.09210,0.22978,-0.04560,-0.09210,0.00000,0.00000
3.6240,-2.0682444380065674,-1.409994149707467,1.4216267032219367,-1.5335608179745888,-1.624096673986204,2.8727233294917185,0.09181,0.18408,-0.04590,-0.09181,0.00000,0.04545
3.6572,-2.0651764764153024,-1.4023394336963282,1.4200927239376593,-1.5351101385856942,-1.624096673986204,2.87273851590152,0.09228,0.23024,-0.04614,-0.04660,0.00000,0.00046
3.6905,-2.063627155819383,-1.3961883226161897,1.4170401021848025,-1.5366442727718121,-1.624096673986204,2.8727386677656184,0.04653,0.18474,-0.09168,-0.04608,0.00000,0.00000
3.7241,-2.063611662613424,-1.3930895295453747,1.4154909349872673,-1.5366596141136732,-1.624096673986204,2.872738669284259,0.00046,0.09246,-0.04622,-0.00046,0.00000,0.00000
3.7572,-2.0620928667013576,-1.3930585416146666,1.4109195203752718,-1.5381784085070989,-1.6225780330061974,2.874257310279453,0.04579,0.00093,-0.13781,-0.04579,0.04578,0.04578
3.7950,-2.062077678742237,-1.3915395907553527,1.4063178832891312,-1.5397122374310397,-1.6210442056163905,2.8742724966894047,0.00040,0.04019,-0.12175,-0.04058,0.04058,0.00040
3.8296,-2.060558885882639,-1.3915244012467596,1.4032345849582566,-1.5442834986602996,-1.6195102263624854,2.8773099305135172,0.04403,0.00044,-0.08938,-0.13251,0.04447,0.08805
3.8630,-2.0590250569740363,-1.3915242493516737,1.4016851109949409,-1.5488851342126124,-1.6179762455899398,2.8788589458317655,0.04585,0.00000,-0.04631,-0.13755,0.04585,0.04630
3.8935,-2.0590097186849503,-1.3915242478327228,1.4016696162553077,-1.5489311505681356,-1.6179609057822144,2.878874435984948,0.00050,0.00000,-0.00051,-0.00151,0.00050,0.00051
3.9266,-2.0544536423620388,-1.3915242478175334,1.398632179347898,-1.5534875336717113,-1.61644211140413,2.8788745908864795,0.13783,0.00000,-0.09189,-0.13784,0.04595,0.00000
3.9601,-2.0468148766987757,-1.3854496838973545,1.3940458820388035,-1.5596076614227743,-1.6164269234603492,2.878874592435495,0.22798,0.18130,-0.13688,-0.18265,0.00045,0.00000
3.9917,-2.046738489042143,-1.3853889382581526,1.3940000190657125,-1.559668862700285,-1.6164267715809115,2.878874592450985,0.00242,0.00192,-0.00145,-0.00194,0.00000,0.00000
4.0244,-2.034588597325523,-1.3641273570816654,1.3864063555359476,-1.5642253976530802,-1.6149081290821103,2.87887459245114,0.37182,0.65066,-0.23238,-0.13944,0.04647,0.00000
4.0582,-2.025355252528316,-1.3441724085298123,1.3787372140006158,-1.565789603982615,-1.6148929426571224,2.880393233431149,0.27322,0.59048,-0.22694,-0.04629,0.00045,0.04494
4.0910,-2.019188355160317,-1.3318237312042396,1.3741045996452421,-1.5658052460459102,-1.6148927907928725,2.8804084198409488,0.18768,0.37581,-0.14099,-0.00048,0.00000,0.00046
4.1242,-2.01760804520663,-1.3286629624709705,1.3725396325216819,-1.56732404344655,-1.61489278927423,2.880408571705047,0.04768,0.09537,-0.04722,-0.04583,0.00000,0.00000
4.1575,-2.0175922421070935,-1.3286313547836377,1.3725239828504463,-1.5673392314205565,-1.6148927892590434,2.8804085732236877,0.00047,0.00095,-0.00047,-0.00046,0.00000,0.00000
4.1908,-2.017592084076098,-1.3255937567467508,1.3710051853737268,-1.5673393833002967,-1.6148927892588916,2.881927214218881,0.00000,0.09117,-0.04558,-0.00000,0.00000,0.04558
4.2241,-2.016073441515781,-1.324044739786375,1.3694713564189531,-1.574932589719128,-1.6133741482788837,2.8834610416088395,0.04560,0.04652,-0.04606,-0.22802,0.04560,0.04606
4.2572,-2.014539614110171,-1.3225106086367646,1.3679373771493986,-1.5871576496233704,-1.6118403208890766,2.8880323028227597,0.04625,0.04625,-0.04625,-0.36859,0.04625,0.13782
4.2906,-2.011486993876101,-1.3224952673252686,1.367922037356703,-1.594873105122447,-1.6118249826151785,2.8971898613149394,0.09157,0.00046,-0.00046,-0.23145,0.00046,0.27471
4.3238,-2.0053819037537335,-1.3209764729321467,1.3648846019987624,-1.6070993875174917,-1.6118248292324395,2.913986487679936,0.18352,0.04566,-0.09131,-0.36753,0.00000,0.50492
4.3572,-2.0038022118725025,-1.317924003028202,1.3618169456851694,-1.614814855241476,-1.611824827698612,2.9217476588436195,0.04731,0.09142,-0.09187,-0.23106,0.00000,0.23243
4.3906,-2.0007491329936773,-1.3087816324491217,1.35874898716202,-1.6209665738387433,-1.6118248276832738,2.9233439115352633,0.09138,0.27364,-0.09183,-0.18413,0.00000,0.04778
4.4240,-2.000718602204889,-1.293503798943263,1.3556810256167748,-1.6271026549447432,-1.6118248276831204,2.9233598740621796,0.00092,0.45829,-0.09203,-0.18406,0.00000,0.00048
4.4571,-2.000718296897001,-1.2796832517881433,1.3510944230613022,-1.6302012977158167,-1.6118248276831189,2.923360033687449,0.00001,0.41710,-0.13842,-0.09352,0.00000,0.00000
4.4906,-2.0007182938439225,-1.2704332004365517,1.3480112750757338,-1.631750925123534,-1.6118248276831189,2.9248786762637087,0.00000,0.27634,-0.09211,-0.04629,0.00000,0.04537
4.5240,-1.9991996528333844,-1.2657847769830155,1.343424520655858,-1.631766421397611,-1.6118248276831189,2.9248938626894714,0.04547,0.13917,-0.13732,-0.00046,0.00000,0.00045
4.5573,-1.9991844664232792,-1.2627010107884664,1.3418600121316522,-1.6363224993003722,-1.6118248276831189,2.924894014553729,0.00046,0.09270,-0.04703,-0.13695,0.00000,0.00000
4.5907,-1.999184314559178,-1.261151532146514,1.3403257260664032,-1.6409239830194202,-1.6118248276831189,2.9264126570523774,0.00000,0.04638,-0.04593,-0.13774,0.00000,0.04546
4.6240,-1.9961470310805236,-1.2596173963800876,1.338791742225744,-1.647044561776638,-1.6118248276831189,2.926427843477364,0.09110,0.04601,-0.04601,-0.18358,0.00000,0.00046
4.6572,-1.9915607353057165,-1.2580834140424169,1.3342204794473174,-1.6516616905042307,-1.6118248276831189,2.927946636321621,0.13801,0.04616,-0.13756,-0.13894,0.00000,0.04570
4.6906,-1.986958949407948,-1.2535121512790197,1.3296188438795125,-1.656263784731527,-1.6118248276831189,2.9294804652300703,0.13786,0.13695,-0.13785,-0.13787,0.00000,0.04595
4.7239,-1.983875649588957,-1.2473918747313586,1.3280541865438276,-1.6608657286138204,-1.6118248276831189,2.932533085479169,0.09249,0.18360,-0.04694,-0.13805,0.00000,0.09157
4.7572,-1.98232617561076,-1.2397374670658479,1.3234826170304503,-1.6654676709926632,-1.6118248276831189,2.9356008936416726,0.04661,0.23026,-0.13752,-0.13843,0.00000,0.09228
4.7907,-1.982310680870978,-1.2335863590691658,1.3188809783952966,-1.670069613356472,-1.6118248276831189,2.9401874946633186,0.00046,0.18379,-0.13749,-0.13750,0.00000,0.13705
4.8240,-1.9823105259235803,-1.2304875660291852,1.317316321028938,-1.6746715557201306,-1.6118248276831189,2.949345206553576,0.00000,0.09289,-0.04690,-0.13795,0.00000,0.27452
4.8571,-1.9807918833940998,-1.2304565780987855,1.3157820334752675,-1.677754857103781,-1.6103061867031123,2.9539927066124982,0.04590,0.00094,-0.04637,-0.09318,0.04590,0.14045
4.8908,-1.980776696968805,-1.228937627239475,1.3157666905997307,-1.6823416130576374,-1.6102910002933122,2.9601137455331146,0.00045,0.04507,-0.00046,-0.13611,0.00045,0.18163
4.9238,-1.9792579041245453,-1.2289224377308818,1.314247896190969,-1.6869434035571964,-1.6087722074492072,2.9616935969023275,0.04597,0.00046,-0.04597,-0.13928,0.04597,0.04782
4.9571,-1.9762054342360889,-1.2289222858357958,1.3127140672668745,-1.6900267034222058,-1.6087570195207663,2.9632280363960266,0.09192,0.00000,-0.04619,-0.09285,0.00046,0.04621
4.9908,-1.9731376275771908,-1.228922284316845,1.3111800879976265,-1.6930948183808694,-1.6087568676414818,2.9632433807909635,0.09103,0.00000,-0.04552,-0.09104,0.00000,0.00046
5.0238,-1.9655137446105677,-1.2289222843016554,1.305090184284907,-1.6961627814904694,-1.608756866122689,2.9632435342349126,0.23048,0.00000,-0.18410,-0.09275,0.00000,0.00000
5.0572,-1.9578443008808677,-1.2274036433214968,1.3004733623077596,-1.6961934611215654,-1.6072382251274941,2.9632435357693523,0.23000,0.04554,-0.13846,-0.00092,0.04554,0.00000
5.0905,-1.9516930425235435,-1.2258698159316883,1.2958712711479676,-1.6961937679178765,-1.6041857567575288,2.9632435357846965,0.18477,0.04607,-0.13824,-0.00001,0.09169,0.00000
5.1238,-1.9455569660199432,-1.2182612727577564,1.2897506863163424,-1.6961937709858395,-1.5995993091338088,2.966280817744864,0.18384,0.22796,-0.18338,-0.00000,0.13742,0.09100
5.1571,-1.940939682314887,-1.2090733414459762,1.2836149165479993,-1.6961937710165191,-1.5934788807375446,2.9723857544844927,0.13869,0.27598,-0.18430,-0.00000,0.18384,0.18337
5.1908,-1.9363375865378158,-1.1968323342928042,1.275960353950282,-1.696193771016826,-1.5903803944935682,2.977002726791909,0.13667,0.36353,-0.22732,-0.00000,0.09202,0.13711
5.2239,-1.9347729246000385,-1.1875980783412319,1.2698092444042774,-1.6961937710168289,-1.5888307686511218,2.983123460435011,0.04722,0.27867,-0.18563,-0.00000,0.04677,0.18471
5.2573,-1.9347572779806608,-1.181431171861689,1.2636731693887906,-1.696193771016829,-1.5888152723926974,2.9862219497314553,0.00047,0.18465,-0.18373,-0.00000,0.00046,0.09278
5.2906,-1.934757121514467,-1.17833222083688,1.260574526678622,-1.696193771016829,-1.588815117430113,2.9892902165844335,0.00000,0.09319,-0.09318,0.00000,0.00000,0.09227
5.3239,-1.9332384789697983,-1.178301231326632,1.2559876173114997,-1.696193771016829,-1.5888151158804873,2.9893208992529634,0.04560,0.00093,-0.13773,0.00000,0.00000,0.00092
5.3571,-1.9332232925443515,-1.1767822804515227,1.252904466257815,-1.696193771016829,-1.588815115864991,2.9893212060796484,0.00046,0.04581,-0.09298,0.00000,0.00000,0.00001
5.3903,-1.933223140680097,-1.1767670909427717,1.2483177118072577,-1.696193771016829,-1.588815115864836,2.9893212091479153,0.00000,0.00046,-0.13786,0.00000,0.00000,0.00000
5.4238,-1.9332231391614545,-1.176766939047684,1.2467532032827457,-1.696193771016829,-1.5888151158648345,2.989321209178598,0.00000,0.00000,-0.04669,0.00000,0.00000,0.00000
5.4570,-1.9332231391462682,-1.1767669375287333,1.2467375581975007,-1.696193771016829,-1.5888151158648345,2.9893212091789048,0.00000,0.00000,-0.00047,0.00000,0.00000,0.00000
5.4905,-1.9332231391461163,-1.1767669375135437,1.2467374017466482,-1.696193771016829,-1.5888151158648345,2.989321209178908,0.00000,0.00000,-0.00000,0.00000,0.00000,0.00000
5.5238,-1.9332231391461148,-1.1767669375133918,1.2467374001821396,-1.696193771016829,-1.5888151158648345,2.989321209178908,0.00000,0.00000,-0.00000,0.00000,0.00000,0.00000
5.5572,-1.9332231391461148,-1.1767669375133902,1.2452187591864874,-1.696193771016829,-1.5888151158648345,2.989321209178908,0.00000,0.00000,-0.04545,0.00000,0.00000,0.00000
5.5905,-1.9347417801261215,-1.1767669375133902,1.245203572776531,-1.696193771016829,-1.5888151158648345,2.989321209178908,-0.04557,0.00000,-0.00046,0.00000,0.00000,0.00000
5.6241,-1.9347569665359214,-1.1767669375133902,1.2452034209124314,-1.696193771016829,-1.5888151158648345,2.989321209178908,-0.00045,0.00000,-0.00000,0.00000,0.00000,0.00000
5.6572,-1.9347571184000196,-1.1767669375133902,1.2452034193937904,-1.696193771016829,-1.5888151158648345,2.989321209178908,-0.00000,0.00000,-0.00000,0.00000,0.00000,0.00000
5.6909,-1.9347571199186606,-1.1767669375133902,1.245203419378604,-1.696193771016829,-1.590333756844841,2.9878025681989007,-0.00000,0.00000,-0.00000,0.00000,-0.04513,-0.04513
5.7239,-1.934757119933847,-1.1767669375133902,1.2467220603584592,-1.696193771016829,-1.5888303022746346,2.9877873817891007,-0.00000,0.00000,0.04590,0.00000,0.04544,-0.00046
5.7571,-1.9347571199339988,-1.1767669375133902,1.2482558877482641,-1.696193771016829,-1.5888152677289324,2.9877872299250026,-0.00000,0.00000,0.04634,0.00000,0.00045,-0.00000
5.7907,-1.9347571199340003,-1.1752482965333833,1.2482712260221622,-1.696193771016829,-1.5888151173834755,2.987787228406362,-0.00000,0.04515,0.00046,0.00000,0.00000,-0.00000
5.8243,-1.9347571199340003,-1.1752331101235833,1.2497900203849082,-1.696193771016829,-1.5888151158800208,2.9877872283911753,0.00000,0.00045,0.04515,0.00000,0.00000,-0.00000
5.8573,-1.9347571199340003,-1.1752329582594851,1.2513238493085426,-1.696193771016829,-1.5888151158649864,2.9877872283910234,0.00000,0.00000,0.04658,0.00000,0.00000,-0.00000
5.8905,-1.9347571199340003,-1.1752329567408442,1.251339187597779,-1.696193771016829,-1.588815115864836,2.987787228391022,0.00000,0.00000,0.00046,0.00000,0.00000,-0.00000
5.9239,-1.9347571199340003,-1.1752329567256579,1.2513393409806715,-1.696193771016829,-1.590333756844841,2.9893058693710293,0.00000,0.00000,0.00000,0.00000,-0.04552,0.04552
5.9573,-1.9347571199340003,-1.175232956725506,1.2513393425145003,-1.696193771016829,-1.5888303022746346,2.987802414800822,0.00000,0.00000,0.00000,0.00000,0.04519,-0.04519
5.9905,-1.9347571199340003,-1.1752329567255044,1.2528579835098452,-1.696193771016829,-1.5888152677289324,2.98778738025512,0.00000,0.00000,0.04558,0.00000,0.00045,-0.00045
6.0240,-1.9347571199340003,-1.1752329567255044,1.2528731699197986,-1.696193771016829,-1.590333758363482,2.987787229909663,0.00000,0.00000,0.00045,0.00000,-0.04529,-0.00000
6.0571,-1.9347571199340003,-1.1752329567255044,1.2543919627639049,-1.696193771016829,-1.5903489432698275,2.987787228406208,0.00000,0.00000,0.04586,0.00000,-0.00046,-0.00000
6.0906,-1.9347571199340003,-1.1752329567255044,1.254407150692346,-1.696193771016829,-1.590349095118891,2.987787228391174,0.00000,0.00000,0.00045,0.00000,-0.00000,-0.00000
6.1240,-1.9347571199340003,-1.1752329567255044,1.2544073025716302,-1.696193771016829,-1.5903490966373814,2.9877872283910234,0.00000,0.00000,0.00000,0.00000,-0.00000,-0.00000
6.1572,-1.9347571199340003,-1.1752329567255044,1.2544073040904231,-1.696193771016829,-1.5903490966525664,2.987787228391022,0.00000,0.00000,0.00000,0.00000,-0.00000,-0.00000
6.1904,-1.9347571199340003,-1.1752329567255044,1.2528886631256044,-1.696193771016829,-1.5903490966527183,2.987787228391022,0.00000,0.00000,-0.04573,0.00000,-0.00000,0.00000
6.2246,-1.9347571199340003,-1.1752329567255044,1.2528734767159562,-1.696193771016829,-1.5903490966527198,2.987787228391022,0.00000,0.00000,-0.00044,0.00000,-0.00000,0.00000
6.2572,-1.9347571199340003,-1.1752329567255044,1.2513546838718532,-1.696193771016829,-1.5903490966527198,2.987787228391022,0.00000,0.00000,-0.04659,0.00000,0.00000,0.00000
6.2905,-1.9347571199340003,-1.1752329567255044,1.251339495943412,-1.6946751300368228,-1.5903490966527198,2.987787228391022,0.00000,0.00000,-0.00046,0.04553,0.00000,0.00000
6.3240,-1.9347571199340003,-1.1752329567255044,1.2513393440641276,-1.6946599436270227,-1.5903490966527198,2.987787228391022,0.00000,0.00000,-0.00000,0.00045,0.00000,0.00000
6.3570,-1.9347571199340003,-1.1752329567255044,1.251339342545335,-1.6946597917629247,-1.5903490966527198,2.987787228391022,0.00000,0.00000,-0.00000,0.00000,0.00000,0.00000
6.3905,-1.9347571199340003,-1.1752329567255044,1.24982070155014,-1.6946597902442837,-1.5903490966527198,2.987787228391022,0.00000,0.00000,-0.04541,0.00000,0.00000,0.00000
6.4241,-1.9347571199340003,-1.1752329567255044,1.249805515140188,-1.6946597902290972,-1.5903490966527198,2.9862685874110153,0.00000,0.00000,-0.00045,0.00000,0.00000,-0.04510
6.4572,-1.9347571199340003,-1.1752329567255044,1.2498053632760884,-1.6946597902289453,-1.5903490966527198,2.986253401001215,0.00000,0.00000,-0.00000,0.00000,0.00000,-0.00046
6.4905,-1.9347571199340003,-1.1752329567255044,1.2498053617574474,-1.6946597902289438,-1.5903490966527198,2.986253249137117,0.00000,0.00000,-0.00000,0.00000,0.00000,-0.00000
6.5241,-1.9347571199340003,-1.1737143157454977,1.251324002722268,-1.6946597902289438,-1.5903490966527198,2.986253247618476,0.00000,0.04531,0.04531,0.00000,0.00000,-0.00000
6.5573,-1.9347571199340003,-1.1736991293356975,1.2498205481519093,-1.6946597902289438,-1.5903490966527198,2.98625324760329,0.00000,0.00046,-0.04527,0.00000,0.00000,-0.00000
6.5905,-1.9347571199340003,-1.1736989774715996,1.2498055136062056,-1.6946597902289438,-1.5918677376327268,2.986253247603138,0.00000,0.00000,-0.00045,0.00000,-0.04564,-0.00000
6.6239,-1.9347571199340003,-1.1736989759529586,1.2498053632607486,-1.6946597902289438,-1.591882924042527,2.9862532476031363,0.00000,0.00000,-0.00000,0.00000,-0.00045,-0.00000
6.6570,-1.9347571199340003,-1.1736989759377723,1.2498053617572942,-1.6946597902289438,-1.591883075906625,2.9862532476031363,0.00000,0.00000,-0.00000,0.00000,-0.00000,0.00000
6.6905,-1.9347571199340003,-1.1736989759376204,1.2498053617422595,-1.6946597902289438,-1.591883077425266,2.9862532476031363,0.00000,0.00000,-0.00000,0.00000,-0.00000,0.00000
6.7239,-1.9347571199340003,-1.1736989759376188,1.2498053617421092,-1.6946597902289438,-1.5918830774404522,2.9862532476031363,0.00000,0.00000,-0.00000,0.00000,-0.00000,0.00000
6.7572,-1.9347571199340003,-1.1736989759376188,1.2498053617421077,-1.6946597902289438,-1.591883077440604,2.98473460662313,0.00000,0.00000,-0.00000,0.00000,-0.00000,-0.04562
6.7903,-1.9347571199340003,-1.1736989759376188,1.2513240027221146,-1.6946597902289438,-1.5918830774406056,2.98471942021333,0.00000,0.00000,0.04580,0.00000,-0.00000,-0.00046
6.8240,-1.9347571199340003,-1.1736989759376188,1.2513391891319148,-1.6946597902289438,-1.5934017184206126,2.984719268349232,0.00000,0.00000,0.00045,0.00000,-0.04511,-0.00000
6.8572,-1.9347571199340003,-1.1736989759376188,1.2513393409960127,-1.6946597902289438,-1.5934169048304128,2.984719266830591,0.00000,0.00000,0.00000,0.00000,-0.00046,-0.00000
6.8905,-1.9347571199340003,-1.1736989759376188,1.2513393425146537,-1.6946597902289438,-1.5934170566945107,2.9847192668154046,0.00000,0.00000,0.00000,0.00000,-0.00000,-0.00000
6.9250,-1.9347571199340003,-1.1736989759376188,1.25133934252984,-1.6946597902289438,-1.5934170582131517,2.9847192668152527,0.00000,0.00000,0.00000,0.00000,-0.00000,-0.00000
6.9570,-1.936275760914007,-1.1736989759376188,1.251339342529992,-1.6946597902289438,-1.593417058228338,2.9847192668152513,-0.04745,0.00000,0.00000,0.00000,-0.00000,-0.00000
6.9905,-1.9362909473238072,-1.1736989759376188,1.2483020605699795,-1.6946597902289438,-1.5964543401885032,2.9847192668152513,-0.00045,0.00000,-0.09071,0.00000,-0.09071,0.00000
7.0240,-1.9362910991879052,-1.1736989759376188,1.2482716877503794,-1.6946597902289438,-1.596484713008105,2.9847192668152513,-0.00000,0.00000,-0.00091,0.00000,-0.00091,0.00000
7.0578,-1.9362911007065462,-1.1736989759376188,1.2482713840221835,-1.6946597902289438,-1.596485016736301,2.9847192668152513,-0.00000,0.00000,-0.00001,0.00000,-0.00001,0.00000
7.0905,-1.9378097417017393,-1.1736989759376188,1.246752740004895,-1.6931411492489368,-1.5980036607535895,2.9847192668152513,-0.04640,0.00000,-0.04640,0.04640,-0.04640,0.00000
7.1239,-1.9393435690916982,-1.1736989759376188,1.245218912584715,-1.6931259628391369,-1.5980188471937624,2.9847192668152513,-0.04585,0.00000,-0.04585,0.00045,-0.00045,0.00000
7.1572,-1.9393589073655977,-1.1736989759376188,1.2452035743105132,-1.693125810975039,-1.5980189990581641,2.9847192668152513,-0.00046,0.00000,-0.00046,0.00000,-0.00000,0.00000
7.1906,-1.9393590607483369,-1.1736989759376188,1.2452034209277711,-1.693125809456398,-1.598019000576808,2.9847192668152513,-0.00000,0.00000,-0.00000,0.00000,-0.00000,0.00000
7.2249,-1.940877703262171,-1.1736989759376188,1.2467220603739508,-1.6931258094412114,-1.5980190005919945,2.9847192668152513,-0.04428,0.00000,0.04428,0.00000,-0.00000,0.00000
7.2574,-1.9408928896873092,-1.1736989759376188,1.2467372467684126,-1.6931258094410595,-1.5980190005921464,2.9847192668152513,-0.00047,0.00000,0.00047,0.00000,-0.00000,0.00000
7.2906,-1.9408930415515606,-1.1736989759376188,1.2482560396123636,-1.693125809441058,-1.5965003596121414,2.9847192668152513,-0.00000,0.00000,0.04566,0.00000,0.04565,0.00000
7.3248,-1.9408930430702032,-1.1736989759376188,1.2497898685208102,-1.693125809441058,-1.5964851732023413,2.9847192668152513,-0.00000,0.00000,0.04495,0.00000,0.00045,0.00000
7.3572,-1.9408930430853897,-1.1736989759376188,1.2513238477899016,-1.693125809441058,-1.5949663803582366,2.9847192668152513,-0.00000,0.00000,0.04736,0.00000,0.04689,0.00000
7.3907,-1.9408930430855416,-1.1736989759376188,1.2543764695426058,-1.693125809441058,-1.5949511924297954,2.9847192668152513,-0.00000,0.00000,0.09115,0.00000,0.00045,0.00000
7.4240,-1.940893043085543,-1.1736989759376188,1.254406995760133,-1.693125809441058,-1.5949510405505112,2.9847192668152513,-0.00000,0.00000,0.00091,0.00000,0.00000,0.00000
7.4571,-1.940893043085543,-1.1752176169176256,1.2559259420023148,-1.693125809441058,-1.5949510390317183,2.9847192668152513,0.00000,-0.04585,0.04586,0.00000,0.00000,0.00000
7.4905,-1.940893043085543,-1.1752328033274257,1.2574597724447436,-1.693125809441058,-1.5934323980365237,2.9847192668152513,0.00000,-0.00046,0.04600,0.00000,0.04554,0.00000
7.5239,-1.940893043085543,-1.1752329551915237,1.2574751107491677,-1.693125809441058,-1.593417211626572,2.9847192668152513,0.00000,-0.00000,0.00046,0.00000,0.00045,0.00000
7.5572,-1.940893043085543,-1.1752329567101647,1.258993905112219,-1.693125809441058,-1.5934170597624724,2.9847192668152513,0.00000,-0.00000,0.04573,0.00000,0.00000,0.00000
7.5905,-1.940893043085543,-1.175232956725351,1.2590090930558495,-1.693125809441058,-1.5934170582438314,2.9847192668152513,0.00000,-0.00000,0.00046,0.00000,0.00000,0.00000
7.6238,-1.940893043085543,-1.1752329567255029,1.2590092449352859,-1.693125809441058,-1.591898417248638,2.9847192668152513,0.00000,-0.00000,0.00000,0.00000,0.04563,0.00000
7.6573,-1.940893043085543,-1.1752329567255044,1.2590092464540803,-1.693125809441058,-1.591883230838686,2.9847192668152513,0.00000,-0.00000,0.00000,0.00000,0.00045,0.00000
7.6906,-1.940893043085543,-1.1752329567255044,1.2590092464692682,-1.693125809441058,-1.5918830789745866,2.9847192668152513,0.00000,0.00000,0.00000,0.00000,0.00000,0.00000
7.7240,-1.940893043085543,-1.1752329567255044,1.25900924646942,-1.693125809441058,-1.5918830774559456,2.9847192668152513,0.00000,0.00000,0.00000,0.00000,0.00000,0.00000
7.7573,-1.940893043085543,-1.1752329567255044,1.2590092464694216,-1.693125809441058,-1.591883077440759,2.9847192668152513,0.00000,0.00000,0.00000,0.00000,0.00000,0.00000
7.7907,-1.940893043085543,-1.1752329567255044,1.2605278874494281,-1.691607168461051,-1.5918830774406072,2.9847192668152513,0.00000,0.00000,0.04544,0.04544,0.00000,0.00000
7.8240,-1.940893043085543,-1.1752329567255044,1.2605430738592283,-1.693110623031258,-1.5918830774406056,2.9847192668152513,0.00000,0.00000,0.00046,-0.04519,0.00000,0.00000
7.8572,-1.940893043085543,-1.1752329567255044,1.2620618667033332,-1.691607016596953,-1.5918830774406056,2.9847192668152513,0.00000,0.00000,0.04575,0.04530,0.00000,0.00000
7.8906,-1.940893043085543,-1.1752329567255044,1.262077054631774,-1.69159198053261,-1.5918830774406056,2.9847192668152513,0.00000,0.00000,0.00046,0.00045,0.00000,0.00000
7.9240,-1.940893043085543,-1.1752329567255044,1.2620772065110586,-1.6915918301719666,-1.5918830774406056,2.9847192668152513,0.00000,0.00000,0.00000,0.00000,0.00000,0.00000
7.9570,-1.940893043085543,-1.1752329567255044,1.2620772080298515,-1.69159182866836,-1.5918830774406056,2.9847192668152513,0.00000,0.00000,0.00000,0.00000,0.00000,0.00000
7.9905,-1.940893043085543,-1.1752329567255044,1.2620772080450393,-1.691591828653324,-1.5918830774406056,2.9847192668152513,0.00000,0.00000,0.00000,0.00000,0.00000,0.00000
8.0241,-1.940893043085543,-1.1752329567255044,1.2620772080451912,-1.6915918286531737,-1.5918830774406056,2.9847192668152513,0.00000,0.00000,0.00000,0.00000,0.00000,0.00000
8.0572,-1.940893043085543,-1.1752329567255044,1.2620772080451927,-1.6915918286531721,-1.5918830774406056,2.9847192668152513,0.00000,0.00000,0.00000,0.00000,0.00000,0.00000
8.0906,-1.940893043085543,-1.1752329567255044,1.2605585670651858,-1.6915918286531721,-1.5903644364605987,2.9847192668152513,0.00000,0.00000,-0.04551,0.00000,0.04551,0.00000
8.1240,-1.940893043085543,-1.1752329567255044,1.2605433806553858,-1.6915918286531721,-1.5918678910308055,2.9847192668152513,0.00000,0.00000,-0.00045,0.00000,-0.04491,0.00000
8.1572,-1.940893043085543,-1.1752329567255044,1.2605432287912877,-1.6915918286531721,-1.5918829255765077,2.9847192668152513,0.00000,0.00000,-0.00000,0.00000,-0.00045,0.00000
8.1906,-1.9424116840655494,-1.1752329567255044,1.2605432272726467,-1.6915918286531721,-1.5918830759219647,2.9847192668152513,-0.04536,0.00000,-0.00000,0.00000,-0.00000,0.00000
8.2240,-1.9424268704753496,-1.1752329567255044,1.2605432272574604,-1.6915918286531721,-1.5918830774254193,2.9847192668152513,-0.00046,0.00000,-0.00000,0.00000,-0.00000,0.00000
8.2572,-1.9424270223394475,-1.1752329567255044,1.2605432272573085,-1.6915918286531721,-1.5903644364604468,2.9847192668152513,-0.00000,0.00000,-0.00000,0.00000,0.04571,0.00000
8.2905,-1.9424270238580885,-1.1752329567255044,1.260543227257307,-1.6900731876731656,-1.5918678910308042,2.9832006258352446,-0.00000,0.00000,-0.00000,0.04560,-0.04514,-0.04560
8.3238,-1.942427023873275,-1.1752329567255044,1.260543227257307,-1.691576642243372,-1.5918829255765077,2.9831854394254442,-0.00000,0.00000,0.00000,-0.04519,-0.00045,-0.00046
8.3571,-1.942427023873427,-1.1752329567255044,1.260543227257307,-1.6915916767890742,-1.5903644349419577,2.9831852875613465,-0.00000,0.00000,0.00000,-0.00045,0.04553,-0.00000
8.3906,-1.9424270238734285,-1.1752329567255044,1.260543227257307,-1.6915918271345312,-1.5903492500356122,2.9816666450626985,-0.00000,0.00000,0.00000,-0.00000,0.00045,-0.04542
8.4238,-1.9424270238734285,-1.1752329567255044,1.260543227257307,-1.6931104696179928,-1.5888304572065421,2.980132817657705,0.00000,0.00000,0.00000,-0.04571,0.04571,-0.04616
8.4571,-1.9424270238734285,-1.1752329567255044,1.260543227257307,-1.6946442970228344,-1.5888152692782516,2.978598838403648,0.00000,0.00000,0.00000,-0.04613,0.00046,-0.04613
8.4905,-1.9424270238734285,-1.1752329567255044,1.2590245862773004,-1.696178276276889,-1.5903337583789752,2.983139421551128,0.00000,0.00000,-0.04540,-0.04586,-0.04540,0.13575
8.5238,-1.9424270238734285,-1.1752329567255044,1.2559721179074863,-1.6977122570494365,-1.5903489432699824,2.9862221093426164,0.00000,0.00000,-0.09170,-0.04608,-0.00046,0.09261
8.5572,-1.9439456648534352,-1.1767515977055114,1.252904311263775,-1.7007648788171756,-1.5903490951188926,2.987771577200538,-0.04547,-0.04547,-0.09186,-0.09141,-0.00000,0.04640
8.5908,-1.9439608512632351,-1.1782854250953183,1.2483177102573173,-1.7114258918949008,-1.5903490966373817,2.9893057128591245,-0.00045,-0.04560,-0.13635,-0.31693,-0.00000,0.04561
8.6239,-1.943961003127333,-1.1783007633692164,1.248271844247253,-1.711532502025678,-1.5903490966525664,2.98932105421571,-0.00000,-0.00046,-0.00139,-0.00322,-0.00000,0.00046
8.6573,-1.943961004645974,-1.179819557731962,1.2467527446071456,-1.7176081320470125,-1.5903490966527183,2.9908398486092826,-0.00000,-0.04547,-0.04548,-0.18191,-0.00000,0.04547
8.6905,-1.9454796456411676,-1.1843906686156098,1.2452189126307376,-1.7267807342272667,-1.5903490966527198,2.9923736775332257,-0.04572,-0.13760,-0.04617,-0.27612,-0.00000,0.04617
8.7240,-1.9454948320511196,-1.1859550207044531,1.2436849333309667,-1.7344656651491033,-1.5903490966527198,2.9923890158224653,-0.00045,-0.04667,-0.04576,-0.22925,0.00000,0.00046
8.7572,-1.9454949839152191,-1.1890079461853549,1.243669593537969,-1.7406170783783488,-1.5903490966527198,2.9939078101853633,-0.00000,-0.09202,-0.00046,-0.18542,0.00000,0.04578
8.7906,-1.9470136264138669,-1.1920757574001775,1.243669440140039,-1.7482717974106752,-1.5903490966527198,2.9939229981289923,-0.04548,-0.09187,-0.00000,-0.22922,0.00000,0.00045
8.8239,-1.9470288128388533,-1.1936250764923326,1.2436694386060598,-1.7544229085210254,-1.5903490966527198,2.9939231500084285,-0.00046,-0.04654,-0.00000,-0.18477,0.00000,0.00000
8.8574,-1.9470289647031032,-1.196677851643268,1.2436694385907199,-1.7605589835521562,-1.5903490966527198,2.993923151527223,-0.00000,-0.09120,-0.00000,-0.18330,0.00000,0.00000
8.8906,-1.9470289662217457,-1.2027829433148045,1.2436694385905664,-1.7666949082224948,-1.5903490966527198,2.995441792522418,-0.00000,-0.18400,-0.00000,-0.18493,0.00000,0.04577
8.9239,-1.947028966236932,-1.2089185581515467,1.2436694385905651,-1.7743494723692321,-1.5903490966527198,3.0076061067724247,-0.00000,-0.18397,-0.00000,-0.22951,0.00000,0.36473
8.9573,-1.9500662481970976,-1.2150544782199415,1.2421507976105584,-1.7835378638907402,-1.5903490966527198,3.024432800694999,-0.09091,-0.18366,-0.04546,-0.27503,0.00000,0.50366
8.9907,-1.9531339029767125,-1.218153119380639,1.2421356112007584,-1.791222952705989,-1.5933863786127338,3.044343400374313,-0.09198,-0.09291,-0.00046,-0.23043,-0.09107,0.59700
9.0239,-1.959239143444536,-1.2212213877522595,1.2421354593366605,-1.7988930084941754,-1.5934167514323339,3.0582102751911675,-0.18373,-0.09234,-0.00000,-0.23082,-0.00091,0.41730
9.0572,-1.9638561187892345,-1.225807993375996,1.243654098798026,-1.8096001959121046,-1.59341705516053,3.068979430799384,-0.13885,-0.13793,0.04567,-0.32200,-0.00001,0.32386
9.0904,-1.9639022885426816,-1.2258538594322332,1.2451879261726464,-1.8157818317063112,-1.593417058197812,3.0706057633354717,-0.00139,-0.00138,0.04608,-0.18572,-0.00000,0.04886
9.1238,-1.9654213912202227,-1.2258543180927957,1.2467219054263996,-1.8219182119842803,-1.5949356992081913,3.070622026660833,-0.04556,-0.00001,0.04601,-0.18405,-0.04555,0.00049
9.1572,-1.9654365822469981,-1.2258543226794012,1.2497745271789507,-1.82653549872708,-1.5964695265983018,3.0706221892940864,-0.00045,-0.00000,0.09128,-0.13807,-0.04587,0.00000
9.1905,-1.9654367341572658,-1.2258543227252674,1.2498050533964762,-1.8281003125745152,-1.596484864872203,3.072140831900426,-0.00000,-0.00000,0.00092,-0.04703,-0.00046,0.04564
9.2240,-1.9654367356763687,-1.227372963705733,1.2513239996386583,-1.831153242673003,-1.596485018254942,3.070637377346482,-0.00000,-0.04533,0.04534,-0.09112,-0.00000,-0.04488
9.2572,-1.9654367356915596,-1.2273881501155377,1.25133918910108,-1.8342210539340018,-1.5964850197887692,3.070622342800943,-0.00000,-0.00046,0.00046,-0.09242,-0.00000,-0.00045
9.2905,-1.9654367356917115,-1.2273883019796357,1.2513393409957043,-1.8342517320466118,-1.5964850198041076,3.0706221924554873,-0.00000,-0.00000,0.00000,-0.00092,-0.00000,-0.00000
9.3240,-1.965436735691713,-1.2273883034982767,1.2528579834946572,-1.8357706798077444,-1.596485019804261,3.070622190952033,-0.00000,-0.00000,0.04534,-0.04535,-0.00000,-0.00000
9.3570,-1.965436735691713,-1.227388303513463,1.2528731699196467,-1.8373045102653625,-1.5980036607842691,3.0721408319170056,0.00000,-0.00000,0.00046,-0.04654,-0.04608,0.04608
9.3906,-1.965436735691713,-1.2273883035136148,1.2543919627639033,-1.8403571305299522,-1.598018847194069,3.0721560183266554,0.00000,-0.00000,0.04524,-0.09093,-0.00045,0.00045
9.4241,-1.965436735691713,-1.2273883035136164,1.254407150692346,-1.841906297712605,-1.598018999058167,3.072156170190752,0.00000,-0.00000,0.00045,-0.04615,-0.00000,0.00000
9.4571,-1.965436735691713,-1.2273883035136164,1.2528886615916235,-1.8419217893844317,-1.598019000576808,3.0721561717093926,0.00000,0.00000,-0.04607,-0.00047,-0.00000,0.00000
9.4904,-1.965436735691713,-1.2273883035136164,1.2528734767006164,-1.8419219443011499,-1.5980190005919945,3.072156171724579,0.00000,0.00000,-0.00046,-0.00000,-0.00000,0.00000
9.5239,-1.965436735691713,-1.2273883035136164,1.2528733248517063,-1.841921945850317,-1.5980190005921464,3.072156171724731,0.00000,0.00000,-0.00000,-0.00000,-0.00000,0.00000
9.5572,-1.965436735691713,-1.2273883035136164,1.2528733233332172,-1.8419219458658087,-1.598019000592148,3.0721561717247323,0.00000,0.00000,-0.00000,-0.00000,-0.00000,0.00000
9.5905,-1.965436735691713,-1.2273883035136164,1.2528733233180323,-1.8419219458659637,-1.599537641572155,3.0721561717247323,0.00000,0.00000,-0.00000,-0.00000,-0.04565,0.00000
9.6241,-1.965436735691713,-1.2273883035136164,1.2513546823378738,-1.8419219458659652,-1.5995528279819549,3.0721561717247323,0.00000,0.00000,-0.04513,-0.00000,-0.00045,0.00000
9.6573,-1.96695537667172,-1.2273883035136164,1.2498208549480654,-1.8419219458659652,-1.599552979846053,3.070637530744725,-0.04584,0.00000,-0.04629,0.00000,-0.00000,-0.04584
9.6920,-1.9669705630815202,-1.2273883035136164,1.2482868756941603,-1.8419219458659652,-1.599552981364694,3.070622344334925,-0.00044,0.00000,-0.04420,0.00000,-0.00000,-0.00044
9.7240,-1.9669707149456181,-1.2289069444936231,1.2482715359016212,-1.8419219458659652,-1.5995529813798803,3.070622192470827,-0.00000,-0.04735,-0.00048,0.00000,-0.00000,-0.00000
9.7571,-1.9669707164642591,-1.2289221309034233,1.2467527415236892,-1.8419219458659652,-1.5995529813800322,3.0706221909521862,-0.00000,-0.00046,-0.04586,0.00000,-0.00000,-0.00000
9.7905,-1.9684893574594522,-1.2334782057075415,1.245218912599903,-1.8419219458659652,-1.5995529813800338,3.0706221909369997,-0.04550,-0.13651,-0.04596,0.00000,-0.00000,-0.00000
9.8239,-1.9715418258294175,-1.2426356123356233,1.2436849333306583,-1.8419219458659652,-1.5995529813800338,3.070622190936848,-0.09152,-0.27456,-0.04599,0.00000,0.00000,-0.00000
9.8573,-1.9746096324731308,-1.2472831093419245,1.2421509525579595,-1.8434405868459718,-1.5995529813800338,3.0706221909368465,-0.09183,-0.13911,-0.04592,-0.04546,0.00000,-0.00000
9.8904,-1.974640310539568,-1.2473295843119876,1.2406169717702253,-1.843455773255772,-1.5995529813800338,3.0706221909368465,-0.00093,-0.00140,-0.04631,-0.00046,0.00000,0.00000
9.9239,-1.9746406173202324,-1.2488486900416953,1.2375643500023346,-1.8449745660998769,-1.6010716223600407,3.0706221909368465,-0.00001,-0.04534,-0.09112,-0.04534,-0.04533,0.00000
9.9571,-1.9761592613680459,-1.2488638810989923,1.234496541824642,-1.8465083950083248,-1.6010868087698409,3.0706221909368465,-0.04572,-0.00046,-0.09236,-0.04618,-0.00046,0.00000
9.9904,-1.976174447808524,-1.2488640330095653,1.2299099408028449,-1.8480423742774157,-1.6026056016139454,3.0706221909368465,-0.00046,-0.00000,-0.13772,-0.04606,-0.04560,0.00000
10.0240,-1.9761745996729287,-1.2503826755086775,1.2237895108725998,-1.8480577140701067,-1.6041394305223933,3.0706221909368465,-0.00000,-0.04530,-0.18256,-0.00046,-0.04575,0.00000
10.0571,-1.9761746011915726,-1.2503978619336686,1.2176537426532703,-1.8480578674680335,-1.604154768811478,3.0706221909368465,-0.00000,-0.00046,-0.18499,-0.00000,-0.00046,0.00000
10.0907,-1.9761746012067591,-1.2519166547779252,1.2099991800710428,-1.8480578690020129,-1.6041549221943687,3.0706221909368465,-0.00000,-0.04522,-0.22791,-0.00000,-0.00000,0.00000
10.1239,-1.976174601206911,-1.2564877656463884,1.2008107885651802,-1.8480578690173526,-1.6056735647082043,3.0706221909368465,-0.00000,-0.13753,-0.27645,-0.00000,-0.04569,0.00000
10.1571,-1.9761746012069126,-1.2595707587150864,1.1931256997500872,-1.848057869017506,-1.6056887511333426,3.0706221909368465,-0.00000,-0.09295,-0.23170,-0.00000,-0.00046,0.00000
10.1905,-1.9761746012069126,-1.2611202296257802,1.1763437980818616,-1.8480578690175076,-1.605688902997594,3.0706221909368465,0.00000,-0.04638,-0.50233,-0.00000,-0.00000,0.00000
10.2240,-1.9761746012069126,-1.2611357243348873,1.1761759790651793,-1.8480578690175076,-1.6056889045162366,3.0706221909368465,0.00000,-0.00046,-0.00502,0.00000,-0.00000,0.00000
10.2574,-1.9761746012069126,-1.2611358792819782,1.1640251730349582,-1.8480578690175076,-1.605688904531423,3.0706221909368465,0.00000,-0.00000,-0.36389,0.00000,-0.00000,0.00000
10.2907,-1.9761746012069126,-1.262654521811456,1.1441613322345678,-1.846539228037501,-1.605688904531575,3.0706221909368465,0.00000,-0.04562,-0.59672,0.04562,-0.00000,0.00000
10.3240,-1.9761746012069126,-1.2626697082367508,1.1318135659865098,-1.846524041627701,-1.6056889045315763,3.0706221909368465,0.00000,-0.00046,-0.37026,0.00046,-0.00000,0.00000
10.3573,-1.9761746012069126,-1.2626698601010036,1.118022319503968,-1.846523889763603,-1.6056889045315765,3.0706221909368465,0.00000,-0.00000,-0.41464,0.00000,-0.00000,0.00000
10.3905,-1.9761746012069126,-1.2626698616196461,1.1057352791990884,-1.8450052472649552,-1.6056889045315765,3.0691035499568406,0.00000,-0.00000,-0.36936,0.04565,0.00000,-0.04565
10.4241,-1.9761746012069126,-1.2641885026148394,1.0934632809559852,-1.8434714198599618,-1.6056889045315765,3.0690883635470407,0.00000,-0.04525,-0.36564,0.04570,0.00000,-0.00045
10.4578,-1.9776932421869193,-1.2642036890247914,1.0811914331335002,-1.8434560815859118,-1.607207545511583,3.0690882116829425,-0.04510,-0.00045,-0.36445,0.00046,-0.04510,-0.00000
10.4906,-1.9777084285967195,-1.264203840888891,1.0704382277952276,-1.8419372872231647,-1.607222731921383,3.0690882101643013,-0.00046,-0.00000,-0.32777,0.04629,-0.00046,-0.00000
10.5240,-1.9777085804608174,-1.264203842407532,1.056662926921784,-1.8404034582995303,-1.607222883785481,3.067569569169108,-0.00000,-0.00000,-0.41215,0.04589,-0.00000,-0.04544
10.5571,-1.9777085819794584,-1.2642038424227182,1.0489319690130159,-1.8403881200102938,-1.607222885304122,3.067554382759156,-0.00000,-0.00000,-0.23384,0.00046,-0.00000,-0.00046
10.5908,-1.9777085819946447,-1.26420384242287,1.0412614545338938,-1.8403879666274017,-1.6072228853193085,3.0675542308950563,-0.00000,-0.00000,-0.22719,0.00000,-0.00000,-0.00000
10.6241,-1.9777085819947966,-1.2657224834028786,1.0366288264490822,-1.8388693241135656,-1.6072228853194603,3.0660355883964088,-0.00000,-0.04563,-0.13919,0.04563,-0.00000,-0.04563
10.6571,-1.9792272229748051,-1.270293592752699,1.0320265772282142,-1.8373354967084208,-1.607222885319462,3.064501760991415,-0.04598,-0.13839,-0.13934,0.04644,-0.00000,-0.04644
10.6906,-1.9792424093846053,-1.2779325087462312,1.0319805547360055,-1.8373201584343692,-1.607222885319462,3.0629677817373584,-0.00045,-0.22852,-0.00138,0.00046,0.00000,-0.04589
10.7238,-1.9777239202686963,-1.2840834618261936,1.0319800945110835,-1.8373200050516287,-1.607222885319462,3.061433800964811,0.04564,-0.18488,-0.00001,0.00000,0.00000,-0.04611
10.7572,-1.977708735377537,-1.2887008942970137,1.0334987308888406,-1.8373200035178014,-1.607222885319462,3.0598998201770793,0.00046,-0.13842,0.04553,0.00000,0.00000,-0.04599
10.7905,-1.9777085835286257,-1.293302991561742,1.0380698401926387,-1.837320003502463,-1.607222885319462,3.059884480369202,0.00000,-0.13814,0.13721,0.00000,0.00000,-0.00046
10.8239,-1.9777085820101366,-1.2979049354744097,1.04115283324569,-1.835801362522303,-1.607222885319462,3.0598843269711233,0.00000,-0.13769,0.09225,0.04544,0.00000,-0.00000
10.8572,-1.9792272229749586,-1.2994695958935432,1.0442209451362343,-1.8357861761125014,-1.607222885319462,3.0583656844571356,-0.04570,-0.04709,0.09233,0.00046,0.00000,-0.04570
10.8918,-1.9792424093846068,-1.304041165437755,1.0472889082151533,-1.834267383268397,-1.607222885319462,3.0583504980319955,-0.00044,-0.13177,0.08843,0.04378,0.00000,-0.00044
10.9239,-1.9792425612487032,-1.3131987270132377,1.050356869805956,-1.8342521953399558,-1.607222885319462,3.058350346167744,-0.00000,-0.28590,0.09578,0.00047,0.00000,-0.00000
10.9571,-1.9792425627673442,-1.32392078948904,1.0549434723618842,-1.8327334024806643,-1.607222885319462,3.0568317036690944,-0.00000,-0.32306,0.13820,0.04576,0.00000,-0.04576
10.9906,-1.9792425627825305,-1.3346584969738455,1.058026620347457,-1.8327182145520715,-1.607222885319462,3.056816517244108,-0.00000,-0.32018,0.09193,0.00045,0.00000,-0.00045
11.0239,-1.9792425627826824,-1.3453963609087412,1.0610947337873269,-1.8327180626727855,-1.6057042443394554,3.0568163653798583,-0.00000,-0.32243,0.09213,0.00000,0.04560,-0.00000
11.0570,-1.979242562782684,-1.3546155854281308,1.0641626968817388,-1.8327180611539926,-1.6056890579296552,3.055297722881209,-0.00000,-0.27862,0.09272,0.00000,0.00046,-0.04590
11.0907,-1.979242562782684,-1.3638196235533653,1.0687492994527035,-1.8327180611388048,-1.6056889060655573,3.0552825364562226,0.00000,-0.27315,0.13612,0.00000,0.00000,-0.00045
11.1240,-1.979242562782684,-1.3745421507946651,1.076388370378447,-1.8327180611386529,-1.6056889045469163,3.0552823845919725,0.00000,-0.32162,0.22913,0.00000,0.00000,-0.00000
11.1574,-1.979242562782684,-1.389835785867146,1.0901325299077655,-1.8311994201586443,-1.6056889045317297,3.05528238307333,0.00000,-0.45841,0.41197,0.04552,0.00000,-0.00000
11.1907,-1.979242562782684,-1.4021378500579251,1.1009004583631061,-1.8281469517888307,-1.6056889045315779,3.055282383058144,0.00000,-0.36942,0.32335,0.09166,0.00000,-0.00000
11.2240,-1.979242562782684,-1.4128913575598803,1.1131572654877138,-1.8250791451451194,-1.6056889045315765,3.055282383057992,0.00000,-0.32334,0.36854,0.09224,0.00000,-0.00000
11.2571,-1.979242562782684,-1.4129988926349,1.1132798335589598,-1.8250484670786822,-1.6056889045315765,3.0552823830579903,0.00000,-0.00324,0.00369,0.00092,0.00000,-0.00000
11.2905,-1.979242562782684,-1.4251490958257045,1.1269488280597333,-1.822010878338004,-1.6056889045315765,3.0552823830579903,0.00000,-0.36428,0.40981,0.09107,0.00000,0.00000
11.3240,-1.977723921802677,-1.4434942896176937,1.1513837736848496,-1.8189432204905835,-1.6056889045315765,3.0552823830579903,0.04525,-0.54661,0.72806,0.09140,0.00000,0.00000
11.3574,-1.977708735392877,-1.457345510375675,1.1698518149011823,-1.8204311848921164,-1.6056889045315765,3.0552823830579903,0.00046,-0.41579,0.55438,-0.04467,0.00000,0.00000
11.3905,-1.9777085835287789,-1.469633150423309,1.1867415460934203,-1.8204460645361318,-1.6056889045315765,3.0552823830579903,0.00000,-0.37030,0.50899,-0.00045,0.00000,0.00000
11.4240,-1.9761899410301311,-1.4803865136838326,1.2020968532054104,-1.8204462133325718,-1.6056889045315765,3.0552823830579903,0.04537,-0.32129,0.45879,-0.00000,0.00000,0.00000
11.4571,-1.9761747546051447,-1.500236380056526,1.2265486619566386,-1.8204462148205363,-1.6056889045315765,3.053763742077983,0.00046,-0.59890,0.73775,-0.00000,0.00000,-0.04582
11.4936,-1.9761746027408948,-1.5125840065603073,1.2419795898442192,-1.820446214835416,-1.6056889045315765,3.053748555668183,0.00000,-0.33846,0.42298,-0.00000,0.00000,-0.00042
11.5239,-1.9761746012222523,-1.527893892625413,1.2603575908831761,-1.8204462148355647,-1.6056889045315765,3.053748403804085,0.00000,-0.50652,0.60803,-0.00000,0.00000,-0.00001
11.5571,-1.976174601207066,-1.5386774783461117,1.27269049873362,-1.8204462148355662,-1.6041702635515698,3.053748402285444,0.00000,-0.32418,0.37075,-0.00000,0.04565,-0.00000
11.5905,-1.9761746012069141,-1.5387853142033185,1.2728138278121244,-1.8204462148355662,-1.6041550771417696,3.0537484022702577,0.00000,-0.00323,0.00370,0.00000,0.00046,-0.00000
11.6239,-1.9761746012069126,-1.5478982384419315,1.2864828299229705,-1.8204462148355662,-1.6041549252776717,3.053748402270106,0.00000,-0.27271,0.40905,0.00000,0.00000,-0.00000
11.6570,-1.9761746012069126,-1.5601384955243718,1.306361852684167,-1.8204462148355662,-1.6056735647390374,3.050711120310092,0.00000,-0.36961,0.60027,0.00000,-0.04586,-0.09171
11.6908,-1.9761746012069126,-1.5663354620152232,1.3232656936918539,-1.8204462148355662,-1.605688751133651,3.0461248245504704,0.00000,-0.18354,0.50064,0.00000,-0.00045,-0.13583
11.7237,-1.9761746012069126,-1.572471995600159,1.349251628762046,-1.8250021377755867,-1.6056889029975971,3.0430416796328617,0.00000,-0.18620,0.78848,-0.13824,-0.00000,-0.09355
11.7573,-1.9761746012069126,-1.5740520019160151,1.3692538208528364,-1.8265663379849932,-1.6056889045162366,3.0430108481836853,0.00000,-0.04711,0.59644,-0.04664,-0.00000,-0.00092
11.7904,-1.9761746012069126,-1.5755864429591806,1.386158893553819,-1.8281006209670942,-1.6072075455114296,3.0430105398691936,0.00000,-0.04630,0.51014,-0.04630,-0.04583,-0.00001
11.8238,-1.9776932421869193,-1.5756017873696122,1.4030329950609035,-1.8296346047769223,-1.6072227319213814,3.0445291777660546,-0.04545,-0.00046,0.50496,-0.04590,-0.00045,0.04545
11.8572,-1.9792270695767264,-1.5756019408137165,1.4244627097960691,-1.8296499446150205,-1.608741524765488,3.044544364145023,-0.04590,-0.00000,0.64123,-0.00046,-0.04545,0.00045
11.8906,-1.9807610488306313,-1.5740833013681508,1.436826134783475,-1.8296500980134016,-1.6133126356339496,3.0445445160088127,-0.04602,0.04556,0.37094,-0.00000,-0.13715,0.00000
11.9241,-1.9838136705831837,-1.574068114973695,1.4475802558933966,-1.831168740527392,-1.6255074745826883,3.043025876547445,-0.09111,0.00045,0.32097,-0.04533,-0.36397,-0.04533
11.9573,-1.9838441968007092,-1.5740679631097505,1.4476877971044957,-1.8311839269525318,-1.6256294229721757,3.043010690152831,-0.00092,0.00000,0.00324,-0.00046,-0.00367,-0.00046
11.9930,-1.992956347942925,-1.572549320611104,1.4568007183966474,-1.8327027197967902,-1.6377797702961248,3.0430105382888852,-0.25519,0.04253,0.25521,-0.04253,-0.34028,-0.00000
12.0240,-2.0082338792544157,-1.5725341341861176,1.4675223344696162,-1.8387924716452595,-1.6530876835694321,3.043010536770246,-0.49321,0.00049,0.34613,-0.19660,-0.49419,-0.00000
12.0572,-2.017498500447571,-1.571015341341861,1.4721854735703666,-1.8449279330837718,-1.6608339676021995,3.0430105367550593,-0.27897,0.04573,0.14041,-0.18474,-0.23325,-0.00000
12.0909,-2.0251843515595365,-1.5710001534134184,1.473750745941381,-1.851063851618184,-1.6624300714225335,3.0414918957749,-0.22842,0.00045,0.04652,-0.18236,-0.04744,-0.04513
12.1239,-2.031335773990683,-1.571000001534134,1.4752850396450978,-1.8571997747235551,-1.6624460324607369,3.0399580683850917,-0.18606,0.00000,0.04641,-0.18559,-0.00048,-0.04639
12.1572,-2.035953211155015,-1.5694813590353347,1.475300382582135,-1.8618170568946293,-1.6624461920711189,3.0399427301111936,-0.13888,0.04568,0.00046,-0.13887,-0.00000,-0.00046
12.1905,-2.043592590426692,-1.566428890650333,1.4737818950314987,-1.8664191526563603,-1.6624461936672228,3.0399425767284547,-0.22885,0.09144,-0.04549,-0.13786,-0.00000,-0.00000
12.2241,-2.048224907159429,-1.564879724986476,1.4722480691759852,-1.869502455573991,-1.6624461936831838,3.0399425751946274,-0.13812,0.04619,-0.04573,-0.09193,-0.00000,-0.00000
12.2572,-2.0528271532667772,-1.5633455923498307,1.4691954489574166,-1.8710519295831745,-1.6624461936833435,3.039942575179289,-0.13883,0.04628,-0.09209,-0.04674,-0.00000,-0.00000
12.2906,-2.052873175727851,-1.5633302510234643,1.469164922755231,-1.8710674243232661,-1.662446193683345,3.039942575179136,-0.00138,0.00046,-0.00091,-0.00046,-0.00000,-0.00000
12.3240,-2.055910917912475,-1.5633300976102007,1.4676459765132022,-1.871067579270667,-1.662446193683345,3.039942575179134,-0.09118,0.00000,-0.04559,-0.00000,0.00000,-0.00000
12.3572,-2.0604972182743415,-1.563330096076068,1.4661121460707753,-1.8741048627801546,-1.662446193683345,3.039942575179134,-0.13813,0.00000,-0.04620,-0.09148,0.00000,0.00000
12.3907,-2.0635803632379734,-1.5633300960607268,1.4645781667863442,-1.8771725175752627,-1.662446193683345,3.039942575179134,-0.09202,0.00000,-0.04578,-0.09156,0.00000,0.00000
12.4239,-2.0681671176276306,-1.5633300960605734,1.4645628269934998,-1.8802404760832279,-1.662446193683345,3.039942575179134,-0.13799,0.00000,-0.00046,-0.09230,0.00000,0.00000
12.4571,-2.0742875490915544,-1.5618114550805648,1.4660813145755782,-1.8833084376283211,-1.662446193683345,3.039942575179134,-0.18446,0.04577,0.04577,-0.09247,0.00000,0.00000
12.4907,-2.0819419583062273,-1.5617962686707647,1.466096499451399,-1.8863763992037854,-1.662446193683345,3.039942575179134,-0.22732,0.00045,0.00045,-0.09111,0.00000,0.00000
12.5239,-2.092648989258422,-1.5587588348466535,1.4660966513001572,-1.8864070788195402,-1.662446193683345,3.038423934199127,-0.32300,0.09163,0.00000,-0.00093,0.00000,-0.04581
12.5571,-2.104905187407997,-1.5526538965883852,1.4660966528186448,-1.8864073856156978,-1.662446193683345,3.033852824849307,-0.36942,0.18401,0.00000,-0.00001,0.00000,-0.13778
12.5905,-2.114139595269534,-1.5495555652457889,1.464578011853823,-1.8864073886836592,-1.662446193683345,3.026213908855775,-0.27608,0.09263,-0.04540,-0.00000,0.00000,-0.22838
12.6239,-2.124862426208197,-1.5449686589923424,1.4645628254441747,-1.8864073887143389,-1.662446193683345,3.0200629557758116,-0.32133,0.13745,-0.00046,-0.00000,0.00000,-0.18432
12.6572,-2.1356001413776315,-1.5403668669897876,1.4630440326000713,-1.8864073887146457,-1.662446193683345,3.0154455233049924,-0.32196,0.13798,-0.04554,-0.00000,0.00000,-0.13845
12.6905,-2.1524125693093996,-1.5312090031897214,1.4630288446716302,-1.889444670674662,-1.662446193683345,3.0108434260402634,-0.50618,0.27572,-0.00046,-0.09145,0.00000,-0.13856
12.7240,-2.164729821428772,-1.5265615016117005,1.4630286927923457,-1.8940309664342827,-1.662446193683345,3.006241482127596,-0.36730,0.13859,-0.00000,-0.13676,0.00000,-0.13723
12.7571,-2.1754834808100134,-1.5234777446359067,1.463028691273553,-1.898632752331899,-1.662446193683345,3.0031581807284558,-0.32482,0.09315,-0.00000,-0.13900,0.00000,-0.09313
12.7909,-2.1831842223038596,-1.5188909841261284,1.463028691258365,-1.9047533341109029,-1.662446193683345,2.998571424774444,-0.22766,0.13560,-0.00000,-0.18095,0.00000,-0.13560
12.8240,-2.193891716578846,-1.5173264755410236,1.463028691258213,-1.9078518218887062,-1.662446193683345,2.99548827525489,-0.32399,0.04734,-0.00000,-0.09375,0.00000,-0.09329
12.8574,-2.203110637401636,-1.5173108304551726,1.4630286912582116,-1.9094014477464911,-1.662446193683345,2.9924201617996817,-0.27568,0.00047,-0.00000,-0.04634,0.00000,-0.09175
12.8906,-2.2153519544499183,-1.517310674004314,1.4630286912582116,-1.9109355849850755,-1.662446193683345,2.9908708396851225,-0.36875,0.00000,0.00000,-0.04621,0.00000,-0.04667
12.9240,-2.226104854480449,-1.5173106724398056,1.461510050278205,-1.9124695673374683,-1.662446193683345,2.98933670548397,-0.32223,0.00000,-0.04551,-0.04597,0.00000,-0.04597
12.9571,-2.2368428703408014,-1.5157920314441538,1.461494863868405,-1.9124849071609922,-1.662446193683345,2.9893213641419587,-0.32400,0.04582,-0.00046,-0.00046,0.00000,-0.00046
12.9905,-2.2475807373594523,-1.5157768450341973,1.4599760710243,-1.9124850605592276,-1.662446193683345,2.9893212107285385,-0.32193,0.00046,-0.04554,-0.00000,0.00000,-0.00000
13.0239,-2.2598372438696934,-1.5157766931700976,1.4584422421158525,-1.91248506209321,-1.662446193683345,2.9893212091944044,-0.36662,0.00000,-0.04588,-0.00000,0.00000,-0.00000
13.0571,-2.270590295794843,-1.5097021277314295,1.4569082628467611,-1.9124850621085496,-1.662446193683345,2.9878025681990557,-0.32419,0.18314,-0.04625,-0.00000,0.00000,-0.04578
13.0904,-2.2813283131741424,-1.5050854591370224,1.4568929230540701,-1.912485062108703,-1.662446193683345,2.987787381789102,-0.32182,0.13836,-0.00046,-0.00000,0.00000,-0.00046
13.1238,-2.2935848211879892,-1.500483369511058,1.4553741286761361,-1.9124850621087046,-1.6609275527033385,2.9877872299250026,-0.36706,0.13782,-0.04549,-0.00000,0.04548,-0.00000
13.1572,-2.3028192321481686,-1.4989187076347916,1.4523216587723435,-1.9109664211286976,-1.6609123662935386,2.987787228406362,-0.27669,0.04688,-0.09146,0.04550,0.00046,-0.00000
13.1906,-2.313542063117818,-1.498903061016029,1.4522911340733056,-1.9109512347188975,-1.6609122144294404,2.9877872283911753,-0.32154,0.00047,-0.00092,0.00046,0.00000,-0.00000
13.2239,-2.324279778287562,-1.4989029045498414,1.4522908288263152,-1.9109510828547995,-1.6609122129107994,2.9877872283910234,-0.32226,0.00000,-0.00001,0.00000,0.00000,-0.00000
13.2572,-2.3334990013192995,-1.4989029029851795,1.4507721847938384,-1.9109510813361585,-1.660912212895613,2.9862685874110153,-0.27631,0.00000,-0.04552,0.00000,0.00000,-0.04552
13.2906,-2.3442216804096647,-1.4989029029695329,1.4507569983535136,-1.9109510813209722,-1.6609122128954612,2.981697478061195,-0.32194,0.00000,-0.00046,0.00000,0.00000,-0.13724
13.3240,-2.3579966760206297,-1.4989029029693763,1.4522754874691173,-1.9109510813208204,-1.6609122128954596,2.972539921087656,-0.41192,0.00000,0.04541,0.00000,0.00000,-0.27384
13.3571,-2.3702835538167935,-1.4989029029693748,1.4522906723602733,-1.9109510813208188,-1.6609122128954596,2.969411063557907,-0.37092,0.00000,0.00046,0.00000,0.00000,-0.09446
13.3906,-2.3825555504348097,-1.4989029029693748,1.4553281061691983,-1.9109510813208188,-1.6609122128954596,2.969379774982609,-0.36697,0.00000,0.09083,0.00000,0.00000,-0.00094
13.4238,-2.394827398241044,-1.4989029029693748,1.4568771214872944,-1.9109510813208188,-1.6609122128954596,2.9693794620968563,-0.36942,0.00000,0.04663,0.00000,0.00000,-0.00001
13.4572,-2.4146924494591944,-1.5004215439493813,1.461448534580496,-1.9109510813208188,-1.6609122128954596,2.9693794589679987,-0.59504,-0.04549,0.13693,0.00000,0.00000,-0.00000
13.4905,-2.42704022781143,-1.5004367303591815,1.461494248711428,-1.9094324403408123,-1.6609122128954596,2.967860817956704,-0.36986,-0.00045,0.00137,0.04549,0.00000,-0.04549
13.5241,-2.439312833435007,-1.4989182412432729,1.4630133468327438,-1.9094172539310121,-1.6609122128954596,2.9678456315465915,-0.36587,0.04527,0.04529,0.00045,0.00000,-0.00045
13.5571,-2.45006604635129,-1.5004216973321203,1.463028537813957,-1.9094171020669142,-1.6609122128954596,2.9678454796824902,-0.32621,-0.04561,0.00046,0.00000,0.00000,-0.00000
13.5905,-2.4623227063205073,-1.500436731893009,1.464547330703776,-1.9094171005482732,-1.6593935719154527,2.967845478163849,-0.36603,-0.00045,0.04536,0.00000,0.04535,-0.00000
13.6240,-2.4730757597802473,-1.5004368822386178,1.4645625186326743,-1.9094171005330869,-1.6593783855056525,2.967845478148663,-0.32129,-0.00000,0.00045,0.00000,0.00045,-0.00000
13.6571,-2.483813777174892,-1.5004368837420738,1.4675999524719765,-1.909417100532935,-1.6593782336415546,2.966326837168504,-0.32434,-0.00000,0.09174,0.00000,0.00000,-0.04587
13.6906,-2.4945516442088858,-1.5004368837571085,1.4676303268103696,-1.9078984595529265,-1.6593782321229136,2.966311650758702,-0.32052,-0.00000,0.00091,0.04533,0.00000,-0.00045
13.7241,-2.4946590228792256,-1.5004368837572588,1.4676306305537534,-1.9078832731431263,-1.6593782321077273,2.966311498894604,-0.00321,-0.00000,0.00001,0.00045,0.00000,-0.00000
13.7573,-2.505290583525977,-1.5004368837572601,1.4676306335911873,-1.9078831212790284,-1.6593782321075754,2.9663114973759632,-0.32045,-0.00000,0.00000,0.00000,0.00000,-0.00000
13.7906,-2.5190646679525046,-1.5004368837572604,1.4676306336215617,-1.9063644787803806,-1.6578595911275669,2.9663114973607767,-0.41344,-0.00000,0.00000,0.04558,0.04558,-0.00000
13.8240,-2.5298328956568175,-1.5004368837572604,1.4676306336218654,-1.9063492923553942,-1.6563257637377602,2.966311497360625,-0.32262,0.00000,0.00000,0.00045,0.04595,-0.00000
13.8572,-2.5405710647939084,-1.5004368837572604,1.4676306336218685,-1.9063491404911443,-1.6547917844838553,2.9663114973606235,-0.32348,0.00000,0.00000,0.00000,0.04621,-0.00000
13.8905,-2.548271651385314,-1.5004368837572604,1.4676306336218685,-1.9063491389725018,-1.6532578037113095,2.9663114973606235,-0.23091,0.00000,0.00000,0.00000,0.04600,0.00000
13.9238,-2.5544232211712545,-1.5019555247372673,1.4676306336218685,-1.9048304979773087,-1.6532424639035839,2.9678301383406307,-0.18471,-0.04560,0.00000,0.04560,0.00046,0.04560
13.9573,-2.566633864709168,-1.5019707111470673,1.4676306336218685,-1.904815311567357,-1.6532423105055067,2.9678453247504306,-0.36435,-0.00045,0.00000,0.00045,0.00000,0.00045
13.9909,-2.5773864580045953,-1.5019708630111652,1.4676306336218685,-1.9032965187232505,-1.6532423089715258,2.967845476614529,-0.32049,-0.00000,0.00000,0.04527,0.00000,0.00000
14.0237,-2.5881244707975966,-1.5019708645298062,1.4691492746018755,-1.9032813307948093,-1.653242308956186,2.9678454781331696,-0.32728,-0.00000,0.04629,0.00046,0.00000,0.00000
14.0573,-2.598862337785574,-1.5034895055249995,1.4691644610116754,-1.9017625379355183,-1.6532423089560326,2.967845478148356,-0.31996,-0.04525,0.00045,0.04526,0.00000,0.00000
14.0906,-2.6096002033155012,-1.5035046919349513,1.473720535815794,-1.9017473500069255,-1.653242308956031,2.967845478148508,-0.32237,-0.00046,0.13678,0.00046,0.00000,0.00000
14.1238,-2.618819427850841,-1.5050234847790576,1.475284737543842,-1.903265839107646,-1.653242308956031,2.9678454781485093,-0.27758,-0.04573,0.04710,-0.04572,0.00000,0.00000
14.1573,-2.6280234659762356,-1.5050386727074987,1.4783376615211359,-1.9032810239986533,-1.653242308956031,2.9678454781485093,-0.27453,-0.00045,0.09106,-0.00045,0.00000,0.00000
14.1906,-2.63722735223753,-1.5050388245867832,1.4798868317409155,-1.9032811758475634,-1.653242308956031,2.9678454781485093,-0.27630,-0.00000,0.04651,-0.00000,0.00000,0.00000
14.2240,-2.6464312369801837,-1.505038826105576,1.4829396054031272,-1.9032811773660525,-1.653242308956031,2.9678454781485093,-0.27601,-0.00000,0.09155,-0.00000,0.00000,0.00000
14.2570,-2.655635121707651,-1.505038826120764,1.4844887741197559,-1.9032811773812373,-1.653242308956031,2.9678454781485093,-0.27826,-0.00000,0.04684,-0.00000,0.00000,0.00000
14.2906,-2.6648390064349665,-1.5050388261209158,1.484504265806922,-1.9032811773813891,-1.653242308956031,2.9678454781485093,-0.27441,-0.00000,0.00046,-0.00000,0.00000,0.00000
14.3240,-2.6725242501822732,-1.5050388261209173,1.4860230617038006,-1.9032811773813907,-1.653242308956031,2.969364119128515,-0.22965,-0.00000,0.04538,-0.00000,0.00000,0.04538
14.3574,-2.6801943075197805,-1.5050388261209173,1.4860382496627693,-1.9032811773813907,-1.653242308956031,2.9693793055383155,-0.23026,0.00000,0.00046,0.00000,0.00000,0.00046
14.3905,-2.689382853973196,-1.5050388261209173,1.486038401542359,-1.9032811773813907,-1.6517236679760245,2.9693794574024133,-0.27693,0.00000,0.00000,0.00000,0.04577,0.00000
14.4240,-2.697067944337764,-1.5050388261209173,1.4860384030611549,-1.9032811773813907,-1.6517084815662246,2.9693794589210545,-0.22969,0.00000,0.00000,0.00000,0.00045,0.00000
14.4573,-2.7077752821014576,-1.5050388261209173,1.486038403076343,-1.9032811773813907,-1.6517083297021264,2.9693794589362406,-0.32117,0.00000,0.00000,0.00000,0.00000,0.00000
14.4907,-2.7169942013591353,-1.5050388261209173,1.4860384030764948,-1.9032811773813907,-1.6517083281834855,2.9678608179563866,-0.27606,0.00000,0.00000,0.00000,0.00000,-0.04548
14.5241,-2.729235518391766,-1.5050388261209173,1.4860384030764964,-1.9032811773813907,-1.6517083281682992,2.969364272526594,-0.36731,0.00000,0.00000,0.00000,0.00000,0.04511
14.5574,-2.7415070594021467,-1.5050388261209173,1.4875570440565034,-1.9032811773813907,-1.6517083281681473,2.969379307072296,-0.36752,0.00000,0.04548,0.00000,0.00000,0.00045
14.5906,-2.7583348255923257,-1.5050388261209173,1.4875722304663033,-1.9032811773813907,-1.6517083281681457,2.969379457417753,-0.50825,0.00000,0.00046,0.00000,0.00000,0.00000
14.6240,-2.7691335901142744,-1.5050388261209173,1.4890910233104078,-1.9017625364013842,-1.6517083281681457,2.9693794589212077,-0.32278,0.00000,0.04540,0.04539,0.00000,0.00000
14.6573,-2.769241577759494,-1.5050388261209173,1.489106211238849,-1.901747349991584,-1.6517083281681457,2.9693794589362423,-0.00325,0.00000,0.00046,0.00046,0.00000,0.00000
14.6905,-2.7844290674360144,-1.5050388261209173,1.4921436450781473,-1.9032658391074926,-1.6532269691481523,2.9693794589363924,-0.45651,0.00000,0.09130,-0.04564,-0.04565,0.00000
14.7239,-2.7982487111528402,-1.5050388261209173,1.4936926603965468,-1.9032810239986517,-1.6517235145779459,2.969379458936394,-0.41427,0.00000,0.04643,-0.00046,0.04507,0.00000
14.7571,-2.8059801124900425,-1.5035201851409106,1.4952267915297375,-1.9032811758475634,-1.6532271210122502,2.969379458936394,-0.23276,0.04572,0.04619,-0.00000,-0.04527,0.00000
14.7906,-2.8121319904234414,-1.5019863577511037,1.4952421328410694,-1.9032811773660525,-1.6532421570765934,2.969379458936394,-0.18352,0.04576,0.00046,-0.00000,-0.00045,0.00000
14.8237,-2.816749432142796,-1.5019710194772056,1.4952422862541828,-1.9032811773812373,-1.6532423074372367,2.969379458936394,-0.13959,0.00046,0.00000,-0.00000,-0.00000,0.00000
14.8570,-2.82135152950001,-1.5019708660944666,1.495242287788314,-1.9032811773813891,-1.6532423089408432,2.969379458936394,-0.13813,0.00000,0.00000,-0.00000,-0.00000,0.00000
14.8905,-2.8259534734136023,-1.5004522235806323,1.4952422878036553,-1.9032811773813907,-1.6532423089558792,2.969379458936394,-0.13766,0.04543,0.00000,-0.00000,-0.00000,0.00000
14.9238,-2.8290367748127516,-1.500437037155494,1.4952422878038087,-1.9047998183613977,-1.6532423089560295,2.969379458936394,-0.09246,0.00046,0.00000,-0.04554,-0.00000,0.00000
14.9571,-2.832104889786757,-1.498918244311236,1.4937236468238033,-1.9048150047711978,-1.653242308956031,2.969379458936394,-0.09214,0.04561,-0.04561,-0.00046,-0.00000,0.00000
14.9904,-2.8336542119165036,-1.4989030563827934,1.4937084604140034,-1.9063337976153023,-1.6517236679760245,2.969379458936394,-0.04648,0.00046,-0.00046,-0.04557,0.04556,0.00000
15.0237,-2.833669705137801,-1.4973842635235024,1.4937083085499054,-1.9063489855437434,-1.6517084815662246,2.969379458936394,-0.00047,0.04562,-0.00000,-0.00046,0.00046,0.00000
15.0571,-2.835188501050021,-1.4897758706948756,1.490671025071251,-1.9063491374230277,-1.6517083297021264,2.969379458936394,-0.04556,0.22821,-0.09110,-0.00000,0.00000,0.00000
15.0907,-2.8352036890091434,-1.4775506589265348,1.4876033702764508,-1.9063491389418206,-1.6517083281834855,2.969379458936394,-0.00045,0.36387,-0.09131,-0.00000,0.00000,0.00000
15.1240,-2.8352038408887346,-1.468316560928811,1.484535411768489,-1.9078677799370154,-1.6517083281682992,2.969379458936394,-0.00000,0.27738,-0.09216,-0.04562,0.00000,0.00000
15.1589,-2.8352038424075308,-1.4606310150487993,1.481467450223396,-1.9078829663469672,-1.6532269691481538,2.9708980999164014,-0.00000,0.21974,-0.08772,-0.00043,-0.04342,0.04342
15.1905,-2.8352038424227186,-1.4544795956699723,1.479918129627938,-1.9078831182110667,-1.6532421555579524,2.9709132863262013,-0.00000,0.19476,-0.04905,-0.00000,-0.00048,0.00048
15.2240,-2.8352038424228705,-1.448343517556157,1.4783839954419769,-1.9078831197297077,-1.6532423074220504,2.9709134381902995,-0.00000,0.18352,-0.04588,-0.00000,-0.00000,0.00000
15.2573,-2.835203842422872,-1.4422075928549916,1.4783686541001173,-1.9078831197448942,-1.6532423089406914,2.9709134397089403,-0.00000,0.18428,-0.00046,-0.00000,-0.00000,0.00000
15.2905,-2.835203842422872,-1.434553028707946,1.4783685006866987,-1.907883119745046,-1.6532423089558776,2.970913439724127,0.00000,0.23025,-0.00000,-0.00000,-0.00000,0.00000
15.3239,-2.835203842422872,-1.4268832781664416,1.4783684991525645,-1.9094017607250546,-1.6547609499360365,2.9709134397242787,0.00000,0.22993,-0.00000,-0.04553,-0.04553,0.00000
15.3574,-2.835203842422872,-1.4085828889009453,1.4783684991372232,-1.9094169471348545,-1.656294777325845,2.97091343972428,0.00000,0.54536,-0.00000,-0.00045,-0.04571,0.00000
15.3908,-2.836722483402878,-1.3977693981482429,1.4738125761970495,-1.9094170989989525,-1.6578287565797496,2.97091343972428,-0.04547,0.32377,-0.13641,-0.00000,-0.04593,0.00000
15.4242,-2.835219028832672,-1.3900680583406817,1.4722483759876408,-1.9094171005175935,-1.6593627373522957,2.97091343972428,0.04506,0.23081,-0.04688,-0.00000,-0.04597,0.00000
15.4571,-2.83520399428697,-1.3808791990625653,1.4676768110455263,-1.90941710053278,-1.659378077160021,2.97091343972428,0.00046,0.27879,-0.13870,-0.00000,-0.00047,0.00000
15.4906,-2.8367224849215193,-1.3716754645897435,1.4630751724560849,-1.909417100532932,-1.6593782305580982,2.9724320807042868,-0.04543,0.27535,-0.13767,-0.00000,-0.00000,0.04543
15.5238,-2.8367376698278646,-1.3624715813649746,1.4569545921501634,-1.9094171005329335,-1.6593782320920791,2.972447267114087,-0.00046,0.27664,-0.18396,-0.00000,-0.00000,0.00046
15.5571,-2.836737821676928,-1.3532676966526862,1.4523374634070838,-1.9094171005329335,-1.6608968730874258,2.9739660599581916,-0.00000,0.27648,-0.13870,0.00000,-0.04562,0.04562
15.5905,-2.836737823195419,-1.3455824529055296,1.4492540101596396,-1.91093574151294,-1.6609120594973794,2.9739812478866328,-0.00000,0.23034,-0.09242,-0.04552,-0.00046,0.00046
15.6240,-2.835219182230597,-1.337912395568024,1.4461858936671512,-1.91095092792274,-1.6624308523414855,2.973981399765917,0.04537,0.22915,-0.09166,-0.00045,-0.04538,0.00000
15.6572,-2.8367226368009555,-1.3302424900946148,1.44463657152222,-1.910951079786838,-1.6624460402699264,2.97398140128471,-0.04524,0.23078,-0.04662,-0.00000,-0.00046,0.00000
15.6905,-2.836737671346659,-1.3240912271198537,1.4446210783007707,-1.910951081305479,-1.6624461921492109,2.973981401299898,-0.00045,0.18456,-0.00046,-0.00000,-0.00000,0.00000
15.7240,-2.836737821692116,-1.317955150570079,1.444620923368556,-1.9109510813206654,-1.6624461936680037,2.97398140130005,-0.00000,0.18353,-0.00000,-0.00000,-0.00000,0.00000
15.7571,-2.8367378231955707,-1.3133378668645608,1.444620921819234,-1.9109510813208173,-1.6624461936831916,2.9739814013000516,-0.00000,0.13924,-0.00000,-0.00000,-0.00000,0.00000
15.7904,-2.8367378232106053,-1.3056984891274719,1.4446209218037407,-1.9109510813208188,-1.6624461936833435,2.9739814013000516,-0.00000,0.22973,-0.00000,-0.00000,-0.00000,0.00000
15.8240,-2.8367378232107554,-1.298028890450067,1.444620921803586,-1.9109510813208188,-1.662446193683345,2.9739814013000516,-0.00000,0.22775,-0.00000,0.00000,-0.00000,0.00000
15.8572,-2.836737823210757,-1.290358989563259,1.4446209218035844,-1.9109510813208188,-1.662446193683345,2.9739814013000516,-0.00000,0.23136,-0.00000,0.00000,0.00000,0.00000
15.8906,-2.836737823210757,-1.2842077266343639,1.4446209218035844,-1.9109510813208188,-1.663964834663352,2.975500042280059,0.00000,0.18413,0.00000,0.00000,-0.04546,0.04546
15.9239,-2.836737823210757,-1.2780716500850478,1.4431022808235774,-1.9109510813208188,-1.6639800210731521,2.9755152286898587,0.00000,0.18434,-0.04562,0.00000,-0.00046,0.00046
15.9570,-2.836737823210757,-1.2734543663795341,1.4415684534337707,-1.9109510813208188,-1.66398017293725,2.9755153805539565,0.00000,0.13956,-0.04636,0.00000,-0.00000,0.00000
15.9905,-2.836737823210757,-1.2642963476624383,1.4369971922198521,-1.9109510813208188,-1.663980174455891,2.9755153820725977,0.00000,0.27332,-0.13643,0.00000,-0.00000,0.00000
16.0240,-2.836737823210757,-1.2581302035552402,1.4339141976476992,-1.9109510813208188,-1.6639801744710776,2.975515382087784,0.00000,0.18393,-0.09196,0.00000,-0.00000,0.00000
16.0571,-2.836737823210757,-1.2580685421141684,1.4338833677019776,-1.9109510813208188,-1.6639801744712293,2.975515382087936,0.00000,0.00186,-0.00093,0.00000,-0.00000,0.00000
16.0905,-2.835219182230751,-1.2504747205997235,1.430845777442507,-1.9109510813208188,-1.6639801744712308,2.9755153820879374,0.04547,0.22737,-0.09095,0.00000,-0.00000,0.00000
16.1237,-2.8367226368009573,-1.2412869365045383,1.4247408376198851,-1.9109510813208188,-1.6639801744712308,2.9770340230679433,-0.04528,0.27669,-0.18385,0.00000,0.00000,0.04573
16.1574,-2.8352190303666527,-1.2275272898435257,1.4216425062616451,-1.9109510813208188,-1.6639801744712308,2.980086491437757,0.04467,0.40877,-0.09204,0.00000,0.00000,0.09068
16.1908,-2.8352039943023097,-1.2197964884768815,1.4216115229480628,-1.9124697223008258,-1.6639801744712308,2.981635657101463,0.00045,0.23129,-0.00093,-0.04543,0.00000,0.04635
16.2242,-2.8352038439416662,-1.212125975563181,1.421611213114927,-1.912484908710626,-1.6639801744712308,2.9816511487581,0.00000,0.22952,-0.00001,-0.00045,0.00000,0.00046
16.2572,-2.8352038424380597,-1.205974706514017,1.420092569036589,-1.9140037015547309,-1.6639801744712308,2.983169944654673,0.00000,0.18672,-0.04610,-0.04610,0.00000,0.04610
16.2907,-2.8352038424230237,-1.201357270883505,1.4200773825958057,-1.9140188894831718,-1.6639801744712308,2.9831851326136385,0.00000,0.13776,-0.00045,-0.00045,0.00000,0.00045
16.3239,-2.8352038424228736,-1.1967551735871795,1.4170399487713838,-1.9140190413624563,-1.6639801744712308,2.984703925473235,0.00000,0.13854,-0.09144,-0.00000,0.00000,0.04572
16.3571,-2.8336852014428646,-1.1936718706542027,1.4124536514931194,-1.9155376838612557,-1.6639801744712308,2.984719113401831,0.04576,0.09292,-0.13821,-0.04576,0.00000,0.00046
16.3907,-2.8336700150330647,-1.193641037624873,1.4108891475403302,-1.9170715112662504,-1.6639801744712308,2.9847192652811168,0.00045,0.00092,-0.04660,-0.04569,0.00000,0.00000
16.4238,-2.8336698631689665,-1.1921220883145727,1.4078362205407888,-1.9231614134603274,-1.6639801744712308,2.98471926679991,0.00000,0.04580,-0.09206,-0.18364,0.00000,0.00000
16.4571,-2.8336698616503257,-1.1921068988214698,1.4078056912707935,-1.932334158362309,-1.6639801744712308,2.986237907795104,0.00000,0.00046,-0.00092,-0.27567,0.00000,0.04564
16.4905,-2.8321512206551325,-1.190588105946532,1.4062867449980865,-1.9430563726713765,-1.6639801744712308,2.986253094205056,0.04551,0.04551,-0.04552,-0.32131,0.00000,0.00046
16.5240,-2.8321360342451807,-1.181461072137742,1.4062715555353595,-1.9537940816745145,-1.6639801744712308,2.9862532460691553,0.00045,0.27248,-0.00045,-0.32056,0.00000,0.00000
16.5573,-2.8306172414010744,-1.1692206739595996,1.4047527626607252,-1.9645319456245935,-1.6624615334912238,2.9877718885678033,0.04563,0.36778,-0.04563,-0.32263,0.04563,0.04563
16.5906,-2.826046130532613,-1.1539118601777503,1.397144369831945,-1.9752698111241418,-1.662446347081424,2.986268434012783,0.13731,0.45985,-0.22854,-0.32255,0.00046,-0.04516
16.6240,-2.8229631374639146,-1.1400910032198708,1.3909937219836304,-1.984489035659178,-1.662446195217326,2.9877720404472394,0.09221,0.41338,-0.18397,-0.27575,0.00000,0.04497
16.6572,-2.8214136665532212,-1.127803666810238,1.3848576515851199,-1.9952117147645756,-1.662446193698685,2.987787076511584,0.04666,0.37005,-0.18480,-0.32293,0.00000,0.00045
16.6904,-2.819879530864107,-1.118568947566101,1.3802403679411144,-2.00443078743567,-1.6624461936834984,2.9877872268722276,0.04625,0.27840,-0.13920,-0.27792,0.00000,0.00000
16.7238,-2.8198641895072156,-1.1108833954736255,1.374119631184647,-2.013634824042422,-1.6624461936833466,2.987787228375834,0.00046,0.22970,-0.18293,-0.27508,0.00000,0.00000
16.7573,-2.819864036093647,-1.1077692579926872,1.3695025008770625,-2.0228387102885304,-1.662446193683345,2.98778722839087,0.00000,0.09306,-0.13797,-0.27504,0.00000,0.00000
16.7906,-2.819864034559511,-1.1047008346578644,1.364900406633966,-2.032042595031032,-1.662446193683345,2.9893058693710275,0.00000,0.09224,-0.13834,-0.27667,0.00000,0.04565
16.8240,-2.8183453935641634,-1.104670150424516,1.3618171037315214,-2.0382091977984844,-1.662446193683345,2.989321055780829,0.04542,0.00092,-0.09221,-0.18442,0.00000,0.00045
16.8573,-2.8183302071542102,-1.1046698435821827,1.3602676297224905,-2.044345427746186,-1.662446193683345,2.9893212076449274,0.00046,0.00001,-0.04654,-0.18429,0.00000,0.00000
16.8906,-2.816811414310104,-1.1046698405137592,1.3587334940023932,-2.051999994945697,-1.662446193683345,2.989321209163568,0.04555,0.00000,-0.04601,-0.22954,0.00000,0.00000
16.9239,-2.8152775854016556,-1.1016325585230613,1.3571995116651852,-2.058151104537719,-1.662446193683345,2.9908398501587614,0.04606,0.09120,-0.04606,-0.18470,0.00000,0.04560
16.9572,-2.8122249651525575,-1.0879344168830936,1.3511096079217864,-2.073399025433707,-1.6609275527033385,2.990855036568713,0.09167,0.41133,-0.18287,-0.45787,0.04560,0.00046
16.9906,-2.8121944389500664,-1.0802042305666597,1.3464927859443319,-2.079626068562694,-1.6593937253135316,2.9908551884328127,0.00091,0.23156,-0.13830,-0.18654,0.04595,0.00000
17.0239,-2.812194133688042,-1.0694964418434476,1.341890694784537,-2.0842442619340042,-1.6593783870396335,2.990855189951454,0.00001,0.32174,-0.13828,-0.13876,0.00046,0.00000
17.0571,-2.8121941306354215,-1.060277518076175,1.3388073919129255,-2.0903650077877445,-1.6593782336568945,2.99085518996664,0.00000,0.27769,-0.09288,-0.18437,0.00000,0.00000
17.0904,-2.812194130604895,-1.0541107649184753,1.334220635944189,-2.098019420146316,-1.659378232123067,2.990855189966792,0.00000,0.18503,-0.13762,-0.22966,0.00000,0.00000
17.1238,-2.81219413060459,-1.0479745334668713,1.3311374864244883,-2.1056891691699353,-1.6593782321077288,2.9908551899667937,0.00000,0.18370,-0.09230,-0.22960,0.00000,0.00000
17.1571,-2.812194130604587,-1.0433572482123348,1.3280693729692772,-2.1148777125402125,-1.6593782321075754,2.9908551899667937,0.00000,0.13897,-0.09234,-0.27655,0.00000,0.00000
17.1905,-2.812194130604587,-1.038755152419769,1.3280386918347251,-2.1210441618939426,-1.6593782321075738,2.9908551899667937,0.00000,0.13754,-0.00092,-0.18429,0.00000,0.00000
17.2240,-2.812194130604587,-1.0341532085218232,1.3265197440433731,-2.127180390307507,-1.6593782321075738,2.9908551899667937,0.00000,0.13757,-0.04541,-0.18344,0.00000,0.00000
17.2571,-2.812194130604587,-1.03106990712283,1.3249859135854525,-2.1348349574916763,-1.6593782321075738,2.9908551899667937,0.00000,0.09319,-0.04636,-0.23136,0.00000,0.00000
17.2905,-2.8106754896245807,-1.03103907410884,1.3249705752808734,-2.1425047080635515,-1.6578595911275669,2.9908551899667937,0.04544,0.00092,-0.00046,-0.22947,0.04544,0.00000
17.3238,-2.8106603032147803,-1.0310387657787001,1.3249704218978275,-2.1516932514493115,-1.6578444047177667,2.9908551899667937,0.00046,0.00001,-0.00000,-0.27541,0.00046,0.00000
17.3573,-2.8106601513506826,-1.0310387626953987,1.3264890613440041,-2.159378341783203,-1.6563256118736622,2.9908551899667937,0.00000,0.00000,0.04541,-0.22982,0.04542,0.00000
17.3906,-2.8076228678720274,-1.0295201216845589,1.3265042477384659,-2.167048397586576,-1.6547917829652143,2.989336548986787,0.09118,0.04559,0.00046,-0.23026,0.04605,-0.04559
17.4240,-2.7999992901372073,-1.0295049352744505,1.3249857586224034,-2.1747183030446435,-1.65477644467613,2.989321362576987,0.22799,0.00045,-0.04541,-0.22937,0.00046,-0.00045
17.4574,-2.793848490439832,-1.0279861424303427,1.324970573731243,-2.1854254889592712,-1.654776291293239,2.989321210712889,0.18463,0.04559,-0.00046,-0.32141,0.00000,-0.00000
17.4906,-2.790749700482844,-1.023415031561881,1.3249704218823313,-2.1961630476784655,-1.6547762897594103,2.9878025682142404,0.09325,0.13756,-0.00000,-0.32313,0.00000,-0.04570
17.5241,-2.7892000716032674,-1.0127388335931493,1.3234517793838354,-2.2069009101257047,-1.6547762897440719,2.987787381789254,0.04627,0.31880,-0.04535,-0.32064,0.00000,-0.00045
17.5572,-2.7891845753144717,-1.002001584753414,1.320399310998837,-2.214601493650211,-1.6547762897439184,2.9877872299250043,0.00047,0.32379,-0.09205,-0.23222,0.00000,-0.00000
17.5907,-2.789184420351584,-0.9912637254049694,1.3142942223949599,-2.223790345365497,-1.6547762897439169,2.986268587426355,0.00000,0.32050,-0.18222,-0.27426,0.00000,-0.04533
17.6241,-2.7876657778219487,-0.9850817828914579,1.3096772485689008,-2.2299567978026773,-1.6562949307239236,2.9862534010013686,0.04555,0.18541,-0.13847,-0.18495,-0.04555,-0.00046
17.6572,-2.7876505913966523,-0.983501322486316,1.3081124378506332,-2.2360930262470755,-1.6563101171337238,2.9862532491371185,0.00046,0.04770,-0.04723,-0.18521,-0.00046,-0.00000
17.6905,-2.7876504395323995,-0.9819668769022577,1.305059507783437,-2.243747593431554,-1.6578289099778283,2.986253247618476,0.00000,0.04606,-0.09164,-0.22977,-0.04559,-0.00000
17.7241,-2.787650438013757,-0.9819515324464172,1.3050289784827651,-2.2438241391033986,-1.6578440979062694,2.98625324760329,0.00000,0.00046,-0.00091,-0.00228,-0.00045,-0.00000
17.7573,-2.7861317970185633,-0.9819513790018588,1.306547314169765,-2.2559740324001716,-1.657844249785554,2.986253247603138,0.04584,0.00000,0.04583,-0.36674,-0.00000,-0.00000
17.7908,-2.7861166106086115,-0.9819513774674131,1.306562497526635,-2.2606514542731597,-1.6578442513043465,2.98473460662313,0.00045,0.00000,0.00045,-0.13969,-0.00000,-0.04535
17.8242,-2.786116458744512,-0.9819513774520687,1.3065626493602036,-2.263735510451903,-1.6593628922995416,2.9832007792333233,0.00000,0.00000,0.00000,-0.09229,-0.04545,-0.04590
17.8572,-2.787635098205878,-0.9819513774519153,1.3065626508785393,-2.266803632973704,-1.6593780787094934,2.980148158999411,-0.04591,0.00000,0.00000,-0.09276,-0.00046,-0.09229
17.8906,-2.7861316436204846,-0.9819513774519137,1.3065626508937227,-2.2683529551789285,-1.659378230573593,2.980117632797072,0.04510,0.00000,0.00000,-0.04648,-0.00000,-0.00092
17.9240,-2.7861166090746305,-0.9819513774519137,1.3065626508938746,-2.268368448400981,-1.6593782320922341,2.978598686555042,0.00045,0.00000,0.00000,-0.00046,-0.00000,-0.04544
17.9575,-2.786116458729172,-0.9819513774519137,1.3065626508938761,-2.2683686033332013,-1.6593782321074204,2.9785834970926217,0.00000,0.00000,0.00000,-0.00000,-0.00000,-0.00045
17.9903,-2.7876350982057247,-0.9819513774519137,1.3065626508938761,-2.268368604882524,-1.6593782321075723,2.9785833451979973,-0.04631,0.00000,0.00000,-0.00000,-0.00000,-0.00000
18.0237,-2.78765028460049,-0.9819513774519137,1.3050440099138696,-2.2683686048980167,-1.6593782321075738,2.9770647026990438,-0.00045,0.00000,-0.04544,-0.00000,-0.00000,-0.04544
18.0570,-2.7861317954844305,-0.9819513774519137,1.3035101825240627,-2.2683686048981717,-1.6593782321075738,2.9770495162740542,0.04570,0.00000,-0.04617,-0.00000,0.00000,-0.00046
18.0905,-2.787635251573277,-0.9819513774519137,1.301976203270158,-2.2683686048981735,-1.6608968730875808,2.978568005389812,-0.04476,0.00000,-0.04567,-0.00000,-0.04522,0.04521
18.1239,-2.7876502861341654,-0.9819513774519137,1.298923581517605,-2.2668499639181667,-1.6624307004773875,2.981620472240983,-0.00045,0.00000,-0.09158,0.04556,-0.04602,0.09157
18.1571,-2.786131795499767,-0.9819513774519137,1.2988930553000795,-2.2668347775083664,-1.6639646797312924,2.983169637889502,0.04567,0.00000,-0.00092,0.00046,-0.04613,0.04659
18.1907,-2.786116610593423,-0.9834700184319206,1.2988927500379044,-2.2668346256442686,-1.6639800195238315,2.984703770525994,0.00045,-0.04526,-0.00001,0.00000,-0.00046,0.04572
18.2238,-2.78611645874436,-0.9834852048417206,1.2988927469852825,-2.2668346241256274,-1.663980172921757,2.9847191118523586,0.00000,-0.00046,-0.00000,0.00000,-0.00000,0.00046
18.2573,-2.7861164572258694,-0.9819667157258117,1.2988927469547564,-2.2668346241104413,-1.663980174455736,2.984719265265622,0.00000,0.04529,-0.00000,0.00000,-0.00000,0.00000
18.2906,-2.7830791752506707,-0.9819515308346527,1.2988927469544511,-2.2668346241102895,-1.663980174471076,2.984719266799755,0.09117,0.00046,-0.00000,0.00000,-0.00000,0.00000
18.3239,-2.7800115204709055,-0.9819513789857411,1.2973741059744415,-2.2668346241102877,-1.6639801744712293,2.9862379077951027,0.09213,0.00000,-0.04561,0.00000,-0.00000,0.04561
18.3573,-2.7799808439231075,-0.981951377467252,1.2973589195646413,-2.2668346241102877,-1.6654988154512373,2.986253094205056,0.00092,0.00000,-0.00045,0.00000,-0.04548,0.00045
18.3906,-2.778461896177623,-0.9819513774520671,1.2973587677005434,-2.2668346241102877,-1.6655140018610375,2.9862532460691553,0.04563,0.00000,-0.00000,0.00000,-0.00046,0.00000
18.4240,-2.778446706700168,-0.9819513774519153,1.2973587661819024,-2.2668346241102877,-1.6655141537251354,2.9862532475877965,0.00046,0.00000,-0.00000,0.00000,-0.00000,0.00000
18.4570,-2.7784465548053934,-0.9819513774519137,1.295840125186709,-2.2668346241102877,-1.6655141552437764,2.98777188858299,0.00000,0.00000,-0.04589,0.00000,-0.00000,0.04589
18.4906,-2.7784465532864457,-0.9819513774519137,1.295824938776757,-2.2668346241102877,-1.665514155258963,2.9877870749929416,0.00000,0.00000,-0.00045,0.00000,-0.00000,0.00045
18.5249,-2.778446553271256,-0.9819513774519137,1.2958247869126576,-2.2668346241102877,-1.6655141552591148,2.987787226857041,0.00000,0.00000,-0.00000,0.00000,-0.00000,0.00000
18.5572,-2.7784465532711042,-0.9819513774519137,1.2958247853940166,-2.2668346241102877,-1.6655141552591162,2.9877872283756823,0.00000,0.00000,-0.00000,0.00000,-0.00000,0.00000
18.5907,-2.778446553271103,-0.9819513774519137,1.2958247853788303,-2.2668346241102877,-1.6655141552591162,2.9877872283908684,0.00000,0.00000,-0.00000,0.00000,0.00000,0.00000
18.6241,-2.778446553271103,-0.9819513774519137,1.2958247853786784,-2.2668346241102877,-1.6655141552591162,2.9877872283910203,0.00000,0.00000,-0.00000,0.00000,0.00000,0.00000
18.6572,-2.778446553271103,-0.9819513774519137,1.2958247853786768,-2.2653159831302805,-1.6655141552591162,2.987787228391022,0.00000,0.00000,-0.00000,0.04591,0.00000,0.00000
18.6906,-2.778446553271103,-0.9834700184319206,1.2958247853786768,-2.2653007967204806,-1.6655141552591162,2.9862685874110153,0.00000,-0.04552,0.00000,0.00046,0.00000,-0.04552
18.7239,-2.778446553271103,-0.9834852048417206,1.2958247853786768,-2.2653006448563824,-1.6655141552591162,2.986253401001215,0.00000,-0.00045,0.00000,0.00000,0.00000,-0.00045
18.7573,-2.778446553271103,-0.9834853567058186,1.2958247853786768,-2.266819284317749,-1.6655141552591162,2.986253249137117,0.00000,-0.00000,0.00000,-0.04558,0.00000,-0.00000
18.7906,-2.778446553271103,-0.9834853582244596,1.2973434263586838,-2.266834470712362,-1.6655141552591162,2.986253247618476,0.00000,-0.00000,0.04557,-0.00046,0.00000,-0.00000
18.8240,-2.778446553271103,-0.983485358239646,1.2973586127684837,-2.2668346225763085,-1.6655141552591162,2.98625324760329,0.00000,-0.00000,0.00045,-0.00000,0.00000,-0.00000
18.8572,-2.778446553271103,-0.9834853582397979,1.297358764632582,-2.266834624094948,-1.6655141552591162,2.986253247603138,0.00000,-0.00000,0.00000,-0.00000,0.00000,-0.00000
18.8905,-2.778446553271103,-0.9834853582397994,1.2973587661512227,-2.2668346241101345,-1.6655141552591162,2.9862532476031363,0.00000,-0.00000,0.00000,-0.00000,0.00000,-0.00000
18.9240,-2.778446553271103,-0.9834853582397994,1.2973587661664092,-2.2668346241102864,-1.6655141552591162,2.987771888583143,0.00000,0.00000,0.00000,-0.00000,0.00000,0.04540
18.9571,-2.778446553271103,-0.9834853582397994,1.297358766166561,-2.2653159831302805,-1.6655141552591162,2.986268434012936,0.00000,0.00000,0.00000,0.04583,0.00000,-0.04538
18.9907,-2.778446553271103,-0.9834853582397994,1.2973587661665626,-2.2668194377004878,-1.6655141552591162,2.9862533994672344,0.00000,0.00000,0.00000,-0.04468,0.00000,-0.00045
19.0240,-2.778446553271103,-0.9834853582397994,1.2973587661665626,-2.2653158312661827,-1.6655141552591162,2.9862532491217775,0.00000,0.00000,0.00000,0.04523,0.00000,-0.00000
19.0575,-2.778446553271103,-0.9834853582397994,1.2973587661665626,-2.2668194361818466,-1.6655141552591162,2.986253247618323,0.00000,0.00000,0.00000,-0.04491,0.00000,-0.00000
19.0905,-2.778446553271103,-0.9834853582397994,1.2973587661665626,-2.2668344722310034,-1.6655141552591162,2.986253247603288,0.00000,0.00000,0.00000,-0.00046,0.00000,-0.00000
19.1239,-2.778446553271103,-0.9834853582397994,1.2973587661665626,-2.265315981611488,-1.6655141552591162,2.986253247603138,0.00000,0.00000,0.00000,0.04542,0.00000,-0.00000
19.1573,-2.778446553271103,-0.9834853582397994,1.2988774071465692,-2.2653007967052927,-1.6655141552591162,2.9862532476031363,0.00000,0.00000,0.04555,0.00046,0.00000,-0.00000
19.1906,-2.778446553271103,-0.9834853582397994,1.2988925935563693,-2.2653006448562305,-1.6655141552591162,2.9862532476031363,0.00000,0.00000,0.00046,0.00000,0.00000,0.00000
19.2240,-2.778446553271103,-0.9834853582397994,1.2988927454204673,-2.26530064333774,-1.6655141552591162,2.98473460662313,0.00000,0.00000,0.00000,0.00000,0.00000,-0.04553
19.2573,-2.778446553271103,-0.9834853582397994,1.2988927469391083,-2.265300643322555,-1.6655141552591162,2.98471942021333,0.00000,0.00000,0.00000,0.00000,0.00000,-0.00045
19.2907,-2.778446553271103,-0.9834853582397994,1.2988927469542946,-2.2668192843024104,-1.6655141552591162,2.984719268349232,0.00000,0.00000,0.00000,-0.04556,0.00000,-0.00000
19.3239,-2.778446553271103,-0.9834853582397994,1.2988927469544465,-2.266834470712209,-1.6655141552591162,2.984719266830591,0.00000,0.00000,0.00000,-0.00046,0.00000,-0.00000
19.3574,-2.778446553271103,-0.9834853582397994,1.298892746954448,-2.266834622576307,-1.6655141552591162,2.9847192668154046,0.00000,0.00000,0.00000,-0.00000,0.00000,-0.00000
19.3908,-2.778446553271103,-0.9834853582397994,1.298892746954448,-2.266834624094948,-1.6655141552591162,2.983200625835246,0.00000,0.00000,0.00000,-0.00000,0.00000,-0.04544
19.4241,-2.7769279122910966,-0.9834853582397994,1.298892746954448,-2.2668346241101345,-1.6655141552591162,2.9816667984454375,0.04570,0.00000,0.00000,-0.00000,0.00000,-0.04615
19.4572,-2.7769127258812967,-0.9834853582397994,1.2973741059744415,-2.2668346241102864,-1.667032796239123,2.980132819191532,0.00046,0.00000,-0.04580,-0.00000,-0.04580,-0.04627
19.4906,-2.7769125740171985,-0.9834853582397994,1.2973589195646413,-2.2683532650902944,-1.667047982648923,2.9801174793989933,0.00000,0.00000,-0.00045,-0.04549,-0.00045,-0.00046
19.5239,-2.7769125724985577,-0.9850039992198062,1.2958401267205364,-2.2698870924801016,-1.6655294935330143,2.981635966981075,0.00000,-0.04560,-0.04560,-0.04605,0.04559,0.04559
19.5571,-2.776912572483371,-0.986537826609613,1.2958249387920953,-2.271421071734006,-1.6655143086418553,2.9801325108768886,0.00000,-0.04613,-0.00046,-0.04613,0.00046,-0.04521
19.5905,-2.7769125724832193,-0.9895904468435247,1.295824786912811,-2.272955052506552,-1.6655141567929437,2.9801174763158467,0.00000,-0.09149,-0.00000,-0.04598,0.00000,-0.00045
19.6239,-2.7769125724832175,-0.9911396140258705,1.2912688624539979,-2.274489033294284,-1.6670327962544613,2.9816359669502437,0.00000,-0.04639,-0.13643,-0.04594,-0.04548,0.04547
19.6571,-2.7769125724832175,-0.9911551056976939,1.2851487392893828,-2.2745043731021615,-1.6655293416690697,2.9816511518565876,0.00000,-0.00047,-0.18435,-0.00046,0.04529,0.00046
19.6905,-2.7769125724832175,-0.992673901594419,1.2790129741377092,-2.27450452650024,-1.665514307123216,2.983169944685658,0.00000,-0.04554,-0.18396,-0.00000,0.00045,0.04554
19.7238,-2.7769125724832175,-0.9926890895533863,1.275914334526179,-2.2729858870542143,-1.6655141567777574,2.9831851326139485,0.00000,-0.00046,-0.09288,0.04552,0.00000,0.00046
19.7571,-2.7769125724832175,-0.9942078824129827,1.27284606617005,-2.272970700659754,-1.6655141552743027,2.9831852844932314,0.00000,-0.04566,-0.09224,0.00046,0.00000,0.00000
19.7906,-2.7769125724832175,-0.9957417113215854,1.2667408195664616,-2.2729705487958096,-1.665514155259268,2.984703926992031,0.00000,-0.04577,-0.18219,0.00000,0.00000,0.04532
19.8239,-2.7769125724832175,-0.9957570496106715,1.2621238441604055,-2.27297054727717,-1.6655141552591177,2.984719113417019,0.00000,-0.00046,-0.13849,0.00000,0.00000,0.00046
19.8571,-2.7769125724832175,-0.997275843973569,1.2575217514663244,-2.2729705472619837,-1.6655141552591164,2.9847192652812686,0.00000,-0.04579,-0.13874,0.00000,0.00000,0.00000
19.8906,-2.7769125724832175,-0.997291031917198,1.2529198075993633,-2.272970547261832,-1.6655141552591162,2.984719266799911,0.00000,-0.00045,-0.13755,0.00000,0.00000,0.00000
19.9240,-2.7753939315032103,-0.9988098247766413,1.2498365062006802,-2.2729705472618305,-1.667032796239123,2.9847192668150977,0.04541,-0.04542,-0.09220,0.00000,-0.04541,0.00000
19.9571,-2.7753787450934104,-1.0003436536852426,1.243731109266666,-2.2714519062818237,-1.6655293416689163,2.9847192668152496,0.00046,-0.04631,-0.18433,0.04585,0.04539,0.00000
19.9905,-2.7753785932293122,-1.001877632954335,1.2406327733373126,-2.2714367198720233,-1.6670329481032211,2.9847192668152513,0.00000,-0.04601,-0.09293,0.00046,-0.04510,0.00000
20.0238,-2.7753785917106715,-1.001892972747026,1.2360458670379986,-2.2714365680079256,-1.667047984167564,2.9847192668152513,0.00000,-0.00046,-0.13776,0.00000,-0.00045,0.00000
20.0570,-2.775378591695485,-1.0034117671249598,1.231444075034985,-2.2714365664892844,-1.6670481345282075,2.9847192668152513,0.00000,-0.04563,-0.13827,0.00000,-0.00000,0.00000
20.0907,-2.775378591695333,-1.0079828780087596,1.225323493194928,-2.269917925494091,-1.6685667770118209,2.9847192668152513,0.00000,-0.13601,-0.18211,0.04518,-0.04518,0.00000
20.1239,-2.7753785916953317,-1.011065871077611,1.2191877234565,-2.266865457124126,-1.6716192453966705,2.9847192668152513,0.00000,-0.09270,-0.18449,0.09178,-0.09178,0.00000
20.1572,-2.7753785916953317,-1.0156526239483201,1.2069772379190615,-2.2637976504804125,-1.6762056930205393,2.9847192668152513,0.00000,-0.13778,-0.36679,0.09215,-0.13777,0.00000
20.1914,-2.7753785916953317,-1.015698491477027,1.2007805691436604,-2.260729690453962,-1.677770198476785,2.9847192668152513,0.00000,-0.00134,-0.18122,0.08972,-0.04575,0.00000
20.2239,-2.7753785916953317,-1.0172175911323211,1.1946440385358787,-2.256143087913677,-1.6777858435313475,2.9847192668152513,0.00000,-0.04677,-0.18891,0.14120,-0.00048,0.00000
20.2574,-2.7753785916953317,-1.0202700640888873,1.1915453912697878,-2.2560972218882744,-1.6777859999818932,2.9847192668152513,0.00000,-0.09114,-0.09252,0.00137,-0.00000,0.00000
20.2905,-2.7753785916953317,-1.0263751527384803,1.18999576381712,-2.2530594812680063,-1.6777860015463986,2.9847192668152513,0.00000,-0.18435,-0.04679,0.09173,-0.00000,0.00000
20.3241,-2.7753785916953317,-1.0325107675450034,1.1884616265625862,-2.2515104628817975,-1.6777860015620436,2.9847192668152513,0.00000,-0.18271,-0.04568,0.04613,-0.00000,0.00000
20.3571,-2.7753785916953317,-1.037128046633089,1.1899649261700478,-2.251494972697935,-1.6777860015622001,2.9847192668152513,0.00000,-0.13973,0.04549,0.00047,-0.00000,0.00000
20.3905,-2.772341309735318,-1.0417301423639902,1.1899799591661224,-2.2514948177960967,-1.6777860015622017,2.9847192668152513,0.09099,-0.13786,0.00045,0.00000,-0.00000,0.00000
20.4240,-2.7677550139756977,-1.0448134452813127,1.1899801094960831,-2.2514948162470785,-1.6777860015622017,2.9847192668152513,0.13681,-0.09197,0.00000,0.00000,0.00000,0.00000
20.4570,-2.7631532280780813,-1.0494002012505061,1.1884614700193759,-2.2484575342715742,-1.6777860015622017,2.9847192668152513,0.13953,-0.13908,-0.04605,0.09210,0.00000,0.00000
20.4906,-2.761588569239098,-1.0540019917502186,1.1869276426446023,-2.2438712385117987,-1.6777860015622017,2.9847192668152513,0.04658,-0.13700,-0.04566,0.13653,0.00000,0.00000
20.5238,-2.7600542816707017,-1.0586039325952359,1.1853936633908475,-2.239269452614181,-1.6777860015622017,2.9847192668152513,0.04615,-0.13842,-0.04614,0.13842,0.00000,0.00000
20.5571,-2.760038938795018,-1.0647245159237135,1.1838596826183034,-2.233148870835177,-1.6777860015622017,2.9847192668152513,0.00046,-0.18384,-0.04608,0.18384,0.00000,0.00000
20.5907,-2.7585201443862544,-1.0693416446970183,1.1838443428105778,-2.2254944601173534,-1.6777860015622017,2.9847192668152513,0.04524,-0.13752,-0.00046,0.22799,0.00000,0.00000
20.6239,-2.7569863154621594,-1.0769810208847854,1.182325548432494,-2.2163060701301345,-1.6777860015622017,2.9832006258352446,0.04623,-0.23023,-0.04577,0.27692,0.00000,-0.04577
20.6573,-2.7569709771729185,-1.0816133375866834,1.182310360488713,-2.2086209813302284,-1.6777860015622017,2.984704080405451,0.00046,-0.13877,-0.00045,0.23022,0.00000,0.04504
20.6907,-2.755452182810019,-1.0892528656537364,1.1823102086092754,-2.2009509255421955,-1.6777860015622017,2.9832004739711464,0.04549,-0.22881,-0.00000,0.22972,0.00000,-0.04503
20.7240,-2.75543699486639,-1.096922465834441,1.180791566110474,-2.193281020084281,-1.6777860015622017,2.98470407888681,0.00046,-0.22994,-0.04553,0.22995,0.00000,0.04508
20.7575,-2.755436842986954,-1.1030737257562748,1.1777390977254725,-2.185611116129668,-1.6777860015622017,2.98320047395596,0.00000,-0.18366,-0.09114,0.22900,0.00000,-0.04489
20.7906,-2.753918200488153,-1.1092098022755204,1.1746712910816088,-2.177941212190088,-1.6777860015622017,2.9847040788866583,0.04583,-0.18519,-0.09259,0.23148,0.00000,0.04538
20.8238,-2.752384373083158,-1.11534572696074,1.1716033310551566,-2.1702713082506584,-1.6777860015622017,2.9832004739559586,0.04624,-0.18496,-0.09248,0.23120,0.00000,-0.04533
20.8571,-2.752369034809108,-1.1199630091476125,1.1685353694948784,-2.1641200452912366,-1.6777860015622017,2.9847040788866583,0.00046,-0.13869,-0.09215,0.18477,0.00000,0.04516
20.8906,-2.7523688814263676,-1.1260837458895085,1.1669860488992692,-2.1564653277616084,-1.6777860015622017,2.9847191149359653,0.00000,-0.18277,-0.04627,0.22858,0.00000,0.00045
20.9240,-2.7523688798925403,-1.1322195171769547,1.165451914713306,-2.1487955756862784,-1.6762673605821947,2.9847192652964583,0.00000,-0.18376,-0.04594,0.22969,0.04548,0.00000
20.9571,-2.752368879877202,-1.1444300027298833,1.1623992914114332,-2.1274579044454303,-1.6762521741723946,2.984719266800063,0.00000,-0.36917,-0.09229,0.64512,0.00046,0.00000
20.9905,-2.7523688798770487,-1.1536639534654531,1.1608501241984075,-2.118132681852981,-1.6762520223082966,2.9847192668150995,0.00000,-0.27569,-0.04625,0.27841,0.00000,0.00000
21.0240,-2.752368879877047,-1.161349497872843,1.160834632526277,-2.1089275837470156,-1.6762520207896556,2.9847192668152496,0.00000,-0.23010,-0.00046,0.27559,0.00000,0.00000
21.0573,-2.752368879877047,-1.1705381991969577,1.1593158366295488,-2.0982050459059085,-1.676252020774469,2.9847192668152513,0.00000,-0.27591,-0.04560,0.32196,0.00000,0.00000
21.0905,-2.752368879877047,-1.1797419320902394,1.1593006486705817,-2.0874673336674503,-1.6762520207743172,2.9847192668152513,0.00000,-0.27711,-0.00046,0.32329,0.00000,0.00000
21.1238,-2.752368879877047,-1.1874271743192064,1.159300496790992,-2.078248110665025,-1.676252020774316,2.9847192668152513,0.00000,-0.23070,-0.00000,0.27675,0.00000,0.00000
21.1579,-2.752368879877047,-1.1966158726215366,1.159300495272196,-2.0690440725549597,-1.676252020774316,2.9847192668152513,0.00000,-0.26950,-0.00000,0.26995,0.00000,0.00000
21.1904,-2.752368879877047,-1.2058196054846007,1.159300495257008,-2.0598401862938185,-1.676252020774316,2.9847192668152513,0.00000,-0.28257,-0.00000,0.28257,0.00000,0.00000
21.2240,-2.752368879877047,-1.2059116428132313,1.1593004952568562,-2.059748147431207,-1.676252020774316,2.9847192668152513,0.00000,-0.00275,-0.00000,0.00275,0.00000,0.00000
21.2571,-2.75085023889704,-1.2150244090665583,1.1593004952568546,-2.0491167401825336,-1.676252020774316,2.9847192668152513,0.04585,-0.27510,-0.00000,0.32094,0.00000,0.00000
21.2906,-2.7417232066071997,-1.2257460235891389,1.1593004952568546,-2.0368612982699927,-1.676252020774316,2.9832006258352446,0.27230,-0.31987,0.00000,0.36563,0.00000,-0.04531
21.3238,-2.7340387313842673,-1.231927803654392,1.157781854276848,-2.0276268979708267,-1.676252020774316,2.9831854394254442,0.23175,-0.18643,-0.04580,0.27849,0.00000,-0.00046
21.3569,-2.7233313997719906,-1.241101467335085,1.1592853088470545,-2.0093108622077533,-1.6777706617543229,2.9816666465813397,0.32282,-0.27658,0.04533,0.55221,-0.04579,-0.04579
21.3907,-2.7217056854758606,-1.2487864088719263,1.1593003433927567,-2.0015344969500886,-1.6777858481641228,2.9816514586528986,0.04820,-0.22785,0.00045,0.23056,-0.00045,-0.00045
21.4239,-2.7201707873528926,-1.2549378222073218,1.1608191347182206,-1.9938635283974782,-1.6777860000282208,2.9816513067736143,0.04615,-0.18496,0.04567,0.23065,-0.00000,-0.00000
21.4571,-2.7186367973916563,-1.2625925412407093,1.1623529636114822,-1.9846749728319113,-1.6777860015468617,2.9816513052548212,0.04621,-0.23058,0.04620,0.27678,-0.00000,-0.00000
21.4904,-2.718621457492044,-1.2626690884310432,1.162368301900415,-1.9845830872762558,-1.6777860015620483,2.9816513052396334,0.00046,-0.00230,0.00046,0.00276,-0.00000,-0.00000
21.5240,-2.717102663113041,-1.2702630588029806,1.1623684552833042,-1.9754703225406582,-1.6793046425422067,2.9816513052394815,0.04517,-0.22584,0.00000,0.27101,-0.04516,-0.00000
21.5573,-2.717087475169251,-1.2794508443867405,1.162368456817133,-1.964748708033255,-1.6793198289520082,2.9816513052394797,0.00046,-0.27634,0.00000,0.32247,-0.00046,-0.00000
21.5906,-2.717087323289813,-1.2886545681226191,1.1623684568324715,-1.9570482869881465,-1.6793199808161063,2.9816513052394797,0.00000,-0.27577,0.00000,0.23073,-0.00000,0.00000
21.6240,-2.715568680791012,-1.294821169280005,1.1623684568326247,-1.9508967188576687,-1.6793199823347473,2.9801326642594725,0.04555,-0.18496,0.00000,0.18451,-0.00000,-0.04555
21.6573,-2.715553494366024,-1.2994387582315992,1.1623684568326262,-1.9447606392563366,-1.6793199823499336,2.98163611882968,0.00046,-0.13868,0.00000,0.18428,-0.00000,0.04515
21.6905,-2.715553342501774,-1.3055594980411422,1.1623684568326262,-1.9386247145402964,-1.677801341370079,2.981651153375382,0.00000,-0.18424,0.00000,0.18469,0.04571,0.00045
21.7241,-2.7140347000031246,-1.3116952693592647,1.1638870978126326,-1.9324887913731086,-1.6777861549602804,2.981651303720839,0.04521,-0.18267,0.04521,0.18268,0.00045,0.00000
21.7571,-2.6957958218180567,-1.3208684729524867,1.1623836432424264,-1.923315586261396,-1.679304644076189,2.9801326642442865,0.55306,-0.27816,-0.04559,0.27816,-0.04605,-0.04605
21.7904,-2.681945664216145,-1.3239974869484326,1.1608499677167174,-1.9186679312702588,-1.679319828967348,2.981636118829528,0.41605,-0.09399,-0.04607,0.13961,-0.00046,0.04516
21.8239,-2.671176675780078,-1.3240287770883918,1.1593159899814534,-1.9140655317803272,-1.6793199808162595,2.9816511533753802,0.32128,-0.00093,-0.04576,0.13731,-0.00000,0.00045
21.8572,-2.664994421975691,-1.3255477309697983,1.1593006502041006,-1.9094635848454073,-1.6793199823347487,2.981651303720839,0.18575,-0.04564,-0.00046,0.13827,-0.00000,0.00000
21.8905,-2.660376676497626,-1.3301188434486326,1.1593004968063272,-1.9033430014560309,-1.6793199823499336,2.9816513052242937,0.13830,-0.13690,-0.00000,0.18331,-0.00000,0.00000
21.9241,-2.6588118580628386,-1.337757759473455,1.1593004952723494,-1.89720723170211,-1.6793199823500855,2.9831699462193346,0.04660,-0.22747,-0.00000,0.18271,-0.00000,0.04522
21.9573,-2.6587962098784907,-1.345427353533737,1.1608191362370166,-1.8925899510645505,-1.679319982350087,2.984703773609292,0.00047,-0.23100,0.04574,0.13907,-0.00000,0.04620
21.9905,-2.654240130456627,-1.3500599724143603,1.1623529636266703,-1.8879878553181546,-1.679319982350087,2.9847191118831917,0.13756,-0.13987,0.04631,0.13895,0.00000,0.00046
22.0238,-2.6466013647623745,-1.35314358056318,1.1638869428805731,-1.8879418343606906,-1.679319982350087,2.9847192652659307,0.22896,-0.09243,0.04598,0.00138,0.00000,0.00000
22.0571,-2.637413131225391,-1.3531744166446682,1.163902282673112,-1.8849040921911027,-1.679319982350087,2.984719266799758,0.27601,-0.00093,0.00046,0.09125,0.00000,0.00000
22.0906,-2.6312466849699945,-1.3562120069654968,1.1654210770510445,-1.8818364328093928,-1.679319982350087,2.9847192668150964,0.18396,-0.09062,0.04531,0.09152,0.00000,0.00000
22.1239,-2.625110456587414,-1.3623169467887322,1.1654362649948238,-1.8787684742555621,-1.679319982350087,2.986237907795256,0.18422,-0.18328,0.00046,0.09211,0.00000,0.04559
22.1572,-2.6204931713635666,-1.3699712010869984,1.1669550578542687,-1.8757005127100106,-1.679319982350087,2.9862530942050576,0.13872,-0.22997,0.04563,0.09218,0.00000,0.00046
22.1905,-2.6158910755713083,-1.3746036665700014,1.1684888867628695,-1.8756698330945552,-1.679319982350087,2.9862532460691558,0.13810,-0.13901,0.04603,0.00092,0.00000,0.00000
22.2240,-2.6097704906933585,-1.377687273184845,1.1700228660319625,-1.8741508853183935,-1.6778013413700805,2.9862532475877965,0.18290,-0.09215,0.04584,0.04539,0.04538,0.00000
22.2572,-2.6005974389645385,-1.3792367502310003,1.1700382058246535,-1.8741356958406319,-1.679304795940287,2.986253247602983,0.27641,-0.04669,0.00046,0.00046,-0.04530,0.00000
22.2906,-2.5913938625672097,-1.3807708859814685,1.171557000202587,-1.8741355439458542,-1.6778011895059826,2.9877718885831417,0.27575,-0.04596,0.04550,0.00000,0.04505,0.04550
22.3240,-2.5821899809231956,-1.38230486831898,1.1715721881463663,-1.8741355424269066,-1.6777861534416394,2.987787074992943,0.27491,-0.04582,0.00045,0.00000,0.00045,0.00045
22.3573,-2.572986096226715,-1.3823202081423551,1.171572340025804,-1.8710982604517035,-1.6793046440610027,2.987787226857041,0.27695,-0.00046,0.00000,0.09139,-0.04569,0.00000
22.3907,-2.5653008524797163,-1.3823203615405888,1.1715723415445984,-1.868030605671938,-1.6778011879871897,2.9893058693556895,0.23014,-0.00000,0.00000,0.09186,0.04502,0.04548
22.4240,-2.557630795142212,-1.3838390040545783,1.1715723415597863,-1.8679999291241403,-1.679304794406458,2.989321055780676,0.23044,-0.04563,0.00000,0.00092,-0.04518,0.00046
22.4572,-2.55147953064881,-1.3838541904797181,1.1700537005799316,-1.8679996223586623,-1.6793198304706507,2.9893212076449256,0.18511,-0.00046,-0.04570,0.00001,-0.00045,0.00000
22.4907,-2.5468620950638554,-1.386891624303983,1.1715571551501398,-1.8679996192910076,-1.6793199808312926,2.989321209163568,0.13790,-0.09071,0.04490,0.00000,-0.00000,0.00000
22.5241,-2.5422599977679856,-1.391477921582246,1.1715721896958418,-1.867999619260331,-1.6778013413548925,2.9893212091787547,0.13777,-0.13730,0.00045,0.00000,0.04546,0.00000
22.5573,-2.5315834899349796,-1.396079707495049,1.1715723400412987,-1.8664809782800174,-1.679304795940135,2.9908398501589133,0.32174,-0.13868,0.00000,0.04576,-0.04531,0.04576
22.5907,-2.525402160936622,-1.396125725354177,1.1715723415447534,-1.8619098689301938,-1.6793198304859875,2.990855036568715,0.18463,-0.00137,0.00000,0.13654,-0.00045,0.00045
22.6243,-2.5207844247066182,-1.3961261855327682,1.1700537005797813,-1.8588268758766822,-1.679319980831446,2.9908551884328127,0.13776,-0.00001,-0.04530,0.09197,-0.00000,0.00000
22.6572,-2.5177009653843045,-1.3961261901345543,1.1700385141701317,-1.8557587639861333,-1.6793199823349005,2.990855189951454,0.09366,-0.00000,-0.00046,0.09320,-0.00000,0.00000
22.6905,-2.5146328488310683,-1.3961261901805722,1.1715570032860416,-1.8557280828672278,-1.6793199823499352,2.99085518996664,0.09220,-0.00000,0.04563,0.00092,-0.00000,0.00000
22.7240,-2.513083526685529,-1.3961261901810322,1.1715721881772008,-1.8557277760560387,-1.6793199823500855,2.990855189966792,0.04615,-0.00000,0.00045,0.00001,-0.00000,0.00000
22.7574,-2.51003075150406,-1.3976448311610437,1.1715723400261124,-1.855727772987927,-1.679319982350087,2.9908551899667937,0.09153,-0.04553,0.00000,0.00000,-0.00000,0.00000
22.7904,-2.5100002237522454,-1.3976600175708438,1.1715723415446015,-1.8557277729572457,-1.679319982350087,2.9908551899667937,0.00092,-0.00046,0.00000,0.00000,0.00000,0.00000
22.8239,-2.5069626365147135,-1.3976601694349418,1.17005370057978,-1.8557277729569388,-1.679319982350087,2.9908551899667937,0.09076,-0.00000,-0.04538,0.00000,0.00000,0.00000
22.8573,-2.5023763377023176,-1.3976601709535827,1.1700385141701317,-1.855727772956936,-1.679319982350087,2.9908551899667937,0.13740,-0.00000,-0.00045,0.00000,0.00000,0.00000
22.8906,-2.4992931927541804,-1.3991788119487758,1.1715570032860416,-1.8557277729569357,-1.679319982350087,2.9908551899667937,0.09246,-0.04554,0.04554,0.00000,0.00000,0.00000
22.9238,-2.4977437203246926,-1.3991939983587278,1.1715721881772008,-1.8557277729569357,-1.679319982350087,2.9908551899667937,0.04666,-0.00046,0.00046,0.00000,0.00000,0.00000
22.9572,-2.4931723026603767,-1.3991941502228273,1.1715723400261124,-1.8557277729569357,-1.679319982350087,2.9908551899667937,0.13703,-0.00000,0.00000,0.00000,0.00000,0.00000
22.9904,-2.4900893065237204,-1.3991941517414683,1.1715723415446015,-1.8557277729569357,-1.679319982350087,2.9908551899667937,0.09267,-0.00000,0.00000,0.00000,0.00000,0.00000
23.0237,-2.4885398355823467,-1.3991941517566548,1.1715723415597865,-1.8557277729569357,-1.679319982350087,2.9908551899667937,0.04662,-0.00000,0.00000,0.00000,0.00000,0.00000
23.0572,-2.483968417932913,-1.3991941517568067,1.1715723415599382,-1.8557277729569357,-1.679319982350087,2.9908551899667937,0.13640,-0.00000,0.00000,0.00000,0.00000,0.00000
23.0905,-2.4824040627764115,-1.399194151756808,1.1715723415599397,-1.8557277729569357,-1.679319982350087,2.9908551899667937,0.04699,-0.00000,0.00000,0.00000,0.00000,0.00000
23.1238,-2.482388419224846,-1.399194151756808,1.1715723415599397,-1.8557277729569357,-1.679319982350087,2.9908551899667937,0.00047,0.00000,0.00000,0.00000,0.00000,0.00000
23.1571,-2.4808696218093242,-1.399194151756808,1.1730909825399467,-1.8557277729569357,-1.679319982350087,2.9908551899667937,0.04565,0.00000,0.04564,0.00000,0.00000,0.00000
23.1905,-2.480854433835169,-1.399194151756808,1.1731061689497468,-1.8557277729569357,-1.679319982350087,2.9908551899667937,0.00045,0.00000,0.00045,0.00000,0.00000,0.00000
23.2239,-2.477816999995414,-1.399194151756808,1.1731063208138448,-1.8557277729569357,-1.679319982350087,2.9908551899667937,0.09089,0.00000,0.00000,0.00000,0.00000,0.00000
23.2572,-2.471712061736989,-1.399194151756808,1.1746249633124926,-1.8557277729569357,-1.679319982350087,2.9908551899667937,0.18358,0.00000,0.04567,0.00000,0.00000,0.00000
23.2907,-2.4670950894143844,-1.399194151756808,1.1761587907174855,-1.8542091319769292,-1.679319982350087,2.9908551899667937,0.13768,0.00000,0.04574,0.04529,0.00000,0.00000
23.3241,-2.460974355771131,-1.399194151756808,1.1776927699715425,-1.8541939455671292,-1.679319982350087,2.9908551899667937,0.18365,0.00000,0.04603,0.00046,0.00000,0.00000
23.3572,-2.4563572254946786,-1.4007127927368148,1.1822640327041036,-1.8541937937030313,-1.679319982350087,2.9908551899667937,0.13946,-0.04587,0.13808,0.00000,0.00000,0.00000
23.3906,-2.4517551312518933,-1.4037652611066285,1.1883843092514559,-1.8541937921843903,-1.679319982350087,2.992373830946801,0.13781,-0.09141,0.18327,0.00000,0.00000,0.04548
23.4240,-2.448671828349452,-1.4053144267703337,1.1914827939769435,-1.8557124331492103,-1.679319982350087,2.992389017356601,0.09222,-0.04633,0.09267,-0.04542,0.00000,0.00045
23.4572,-2.4425664314004005,-1.4083672003869843,1.1960697017642186,-1.8557276195588586,-1.679319982350087,2.992389169220699,0.18377,-0.09189,0.13807,-0.00046,0.00000,0.00000
23.4906,-2.43794945449089,-1.4099163691031573,1.197634211822098,-1.855727771422955,-1.679319982350087,2.9923891707393397,0.13842,-0.04645,0.04691,-0.00000,0.00000,0.00000
23.5241,-2.4303100798217607,-1.4099318607903188,1.2006871388826907,-1.855727772941596,-1.680838623330094,2.9923891707545263,0.22810,-0.00046,0.09116,-0.00000,-0.04534,0.00000
23.5572,-2.424159122155042,-1.4114506566871974,1.202236309133303,-1.8557277729567825,-1.6808538097398942,2.992389170754678,0.18536,-0.04577,0.04669,-0.00000,-0.00046,0.00000
23.5906,-2.4195416896383546,-1.411465844646166,1.203770441815816,-1.8557277729569344,-1.6808539616039921,2.9923891707546795,0.13839,-0.00046,0.04598,-0.00000,-0.00000,0.00000
23.6240,-2.4134209513931606,-1.4129846375057629,1.2053044241226476,-1.8557277729569357,-1.6808539631226331,2.9923891707546795,0.18333,-0.04549,0.04595,-0.00000,-0.00000,0.00000
23.6572,-2.410322462050695,-1.4175557483743793,1.2098756868857365,-1.8557277729569357,-1.6808539631378194,2.9923891707546795,0.09334,-0.13770,0.13770,0.00000,-0.00000,0.00000
23.6906,-2.407254195197257,-1.4206387414430788,1.2129586814733813,-1.8542091319769292,-1.6808539631379713,2.998463734674706,0.09195,-0.09239,0.09239,0.04551,-0.00000,0.18204
23.7239,-2.4072235125287227,-1.4237068533337793,1.216026793379271,-1.8557125865471358,-1.6808539631379729,3.0076363261939476,0.00092,-0.09202,0.09202,-0.04509,-0.00000,0.27511
23.7572,-2.404185923742024,-1.4252561754326931,1.223650679398364,-1.8542089801128312,-1.6808539631379729,3.0153212570091736,0.09127,-0.04655,0.22908,0.04518,0.00000,0.23091
23.7906,-2.396562342954123,-1.4252716686536824,1.2282828411985751,-1.8557125850284948,-1.6808539631379729,3.015398106317326,0.22804,-0.00046,0.13856,-0.04498,0.00000,0.00230
23.8239,-2.3873742612662032,-1.4252718235858923,1.2313664447765909,-1.854208980097645,-1.6808539631379729,3.0153988748104075,0.27599,-0.00000,0.09263,0.04517,0.00000,0.00002
23.8574,-2.3812078165292965,-1.426790466115221,1.232915921792378,-1.8541939440483364,-1.6808539631379729,3.0153988824953384,0.18410,-0.04534,0.04626,0.00045,0.00000,0.00000
23.8905,-2.376590229141907,-1.4298429345005281,1.2344500575425426,-1.8541937936878432,-1.6808539631379729,3.0153988825721876,0.13947,-0.09220,0.04634,0.00000,0.00000,0.00000
23.9240,-2.370469489348006,-1.4329107411443944,1.2359840398800508,-1.8541937921842384,-1.6808539631379729,3.0153988825729563,0.18290,-0.09167,0.04584,0.00000,0.00000,0.00000
23.9572,-2.370408281950067,-1.4329414192108332,1.2359993797034259,-1.8541937921692022,-1.6808539631379729,3.015398882572964,0.00184,-0.00092,0.00046,0.00000,0.00000,0.00000
23.9903,-2.367370387916074,-1.4359790079515113,1.2375181740816665,-1.854193792169052,-1.6808539631379729,3.0169175235529706,0.09170,-0.09169,0.04585,0.00000,0.00000,0.04584
24.0238,-2.3597468040757,-1.4375280248189248,1.243607925945476,-1.8541937921690503,-1.6808539631379729,3.0184513509427777,0.22814,-0.04636,0.18224,0.00000,0.00000,0.04590
24.0574,-2.355114645297276,-1.439062155967606,1.2482247464041343,-1.8541937921690503,-1.6808539631379729,3.018466689216676,0.13773,-0.04561,0.13727,0.00000,0.00000,0.00046
24.0910,-2.3505124007694715,-1.4390774972790927,1.2528268375487415,-1.8541937921690503,-1.6808539631379729,3.018466842599415,0.13708,-0.00046,0.13708,0.00000,0.00000,0.00000
24.1239,-2.3443918144041667,-1.4405962916722141,1.2559101404202009,-1.8541937921690503,-1.6808539631379729,3.0184668441332425,0.18557,-0.04605,0.09348,0.00000,0.00000,0.00000
24.1571,-2.3291441987404458,-1.449723325496186,1.2620155373689428,-1.8541937921690503,-1.6808539631379729,3.0184668441485805,0.45977,-0.27521,0.18410,0.00000,0.00000,0.00000
24.1908,-2.3213985176837744,-1.4528518777944393,1.2651138732984437,-1.8541937921690503,-1.6808539631379729,3.018466844148734,0.23012,-0.09295,0.09205,0.00000,0.00000,0.00000
24.2242,-2.3137278559731738,-1.4544018042974287,1.2681821386177525,-1.8541937921690503,-1.6808539631379729,3.0184668441487355,0.22954,-0.04638,0.09182,0.00000,0.00000,0.00000
24.2572,-2.3090952264160474,-1.4544173035624586,1.271250103230959,-1.8541937921690503,-1.6808539631379729,3.0184668441487355,0.14041,-0.00047,0.09299,0.00000,0.00000,0.00000
24.2905,-2.3029743362004496,-1.4544174585551088,1.2743180648371046,-1.8541937921690503,-1.6808539631379729,3.0184668441487355,0.18382,-0.00000,0.09214,0.00000,0.00000,0.00000
24.3239,-2.296838563378266,-1.457454742065049,1.2773860264131796,-1.8541937921690503,-1.6808539631379729,3.0184668441487355,0.18350,-0.09083,0.09175,0.00000,0.00000,0.00000
24.3572,-2.2891840007500104,-1.4635596788201755,1.2804539879889543,-1.8541937921690503,-1.6808539631379729,3.0199854851287413,0.23006,-0.18349,0.09221,0.00000,0.00000,0.04564
24.3905,-2.2784769682636803,-1.4666580101477402,1.2820033085847184,-1.8541937921690503,-1.6808539631379729,3.021519312518549,0.32142,-0.09301,0.04651,0.00000,0.00000,0.04604
24.4239,-2.2677394110787694,-1.4666889934610159,1.2835374427706832,-1.8541937921690503,-1.6808539631379729,3.0291278556924808,0.32105,-0.00093,0.04587,0.00000,0.00000,0.22749
24.4571,-2.2615574715868934,-1.4666893032941486,1.2835527841125427,-1.8541937921690503,-1.6808539631379729,3.0383157870042603,0.18649,-0.00001,0.00046,0.00000,0.00000,0.27717
24.4904,-2.2554210882719476,-1.46668930639248,1.2835529375259613,-1.8541937921690503,-1.6808539631379729,3.044482230237405,0.18398,-0.00000,0.00000,0.00000,0.00000,0.18488
24.5239,-2.2508038014987775,-1.4682079474034704,1.2850715800401022,-1.8541937921690503,-1.6808539631379729,3.0460625356497433,0.13823,-0.04546,0.04546,0.00000,0.00000,0.04731
24.5571,-2.2462017056910253,-1.4682231338135803,1.2850867664652437,-1.8541937921690503,-1.6808539631379729,3.046078338703867,0.13843,-0.00046,0.00046,0.00000,0.00000,0.00048
24.5906,-2.2415997617929273,-1.4682232856776813,1.2866055593095016,-1.8541937921690503,-1.6808539631379729,3.047597137714415,0.13725,-0.00000,0.04530,0.00000,0.00000,0.04530
24.6239,-2.2339605374539127,-1.4682232871963223,1.2896580291979578,-1.8541937921690503,-1.6808539631379729,3.0476123257045207,0.22963,-0.00000,0.09175,0.00000,0.00000,0.00046
24.6572,-2.2262909403104887,-1.4697419281915154,1.2927258358568563,-1.8541937921690503,-1.6808539631379729,3.0476124775844218,0.23040,-0.04562,0.09216,0.00000,0.00000,0.00000
24.6905,-2.220139680419027,-1.472794396561481,1.2957937958834587,-1.8541937921690503,-1.6808539631379729,3.0476124791032206,0.18454,-0.09158,0.09204,0.00000,0.00000,0.00000
24.7239,-2.2140036039000854,-1.4743435622251873,1.298861757443738,-1.8541937921690503,-1.6808539631379729,3.047612479118409,0.18379,-0.04640,0.09189,0.00000,0.00000,0.00000
24.7572,-2.206349038234862,-1.4743590538818243,1.3034483599993614,-1.8541937921690503,-1.6823726041179794,3.047612479118561,0.22988,-0.00047,0.13774,0.00000,-0.04561,0.00000
24.7905,-2.2001979286581825,-1.4743592087983908,1.3080501489649379,-1.8526751511890434,-1.6823877905277795,3.047612479118562,0.18492,-0.00000,0.13834,0.04565,-0.00046,0.00000
24.8240,-2.1910245716823753,-1.4743592103475565,1.3111334488146071,-1.851141323799237,-1.6854252243518915,3.047612479118562,0.27378,-0.00000,0.09202,0.04578,-0.09065,0.00000
24.8573,-2.1833396332125834,-1.474359210363048,1.3172388457331312,-1.8496073445453318,-1.6930488035901663,3.049131120098569,0.23065,-0.00000,0.18325,0.04604,-0.22881,0.04558
24.8909,-2.1756695789278515,-1.474359210363203,1.3248931046023502,-1.8495920047527927,-1.7037555262425963,3.0491463065083693,0.22844,-0.00000,0.22796,0.00046,-0.31888,0.00045
24.9239,-2.1664810325049633,-1.4743592103632046,1.3310442111110699,-1.8495918513548673,-1.7144930803291685,3.050665099352474,0.27827,-0.00000,0.18628,0.00000,-0.32518,0.04600
24.9570,-2.151202737240667,-1.4743592103632046,1.3447734909962177,-1.849591849820888,-1.7328241476301152,3.0643480561009757,0.46080,0.00000,0.41408,0.00000,-0.55288,0.41269
24.9907,-2.1449753903679962,-1.4743592103632046,1.3509853477150966,-1.8495918498055484,-1.737563381243145,3.072078090568495,0.18501,0.00000,0.18455,0.00000,-0.14080,0.22965
25.0240,-2.137319911999236,-1.4743592103632046,1.3540847482422989,-1.849591849805395,-1.7436853374993029,3.078229954833197,0.22992,0.00000,0.09308,0.00000,-0.18386,0.18476
25.0571,-2.131168793295521,-1.4743592103632046,1.3571530242075842,-1.8495918498053934,-1.7483024800018847,3.0813287554358575,0.18609,0.00000,0.09282,0.00000,-0.13968,0.09375
25.0904,-2.12351407720845,-1.4743592103632046,1.360220988927251,-1.8495918498053934,-1.752904574366931,3.0828783844218917,0.22927,0.00000,0.09189,0.00000,-0.13784,0.04641
25.1236,-2.1143256841675386,-1.4773964923232181,1.3617703095544542,-1.8495918498053934,-1.754469236290588,3.082893880711752,0.27676,-0.09148,0.04667,0.00000,-0.04713,0.00047
25.1571,-2.103603313377082,-1.4789455061228252,1.3633044437407333,-1.8495918498053934,-1.7560035238898313,3.084412676654657,0.32005,-0.04624,0.04579,0.00000,-0.04580,0.04533
25.1905,-2.0943842437891367,-1.4789609962608212,1.3648384260626027,-1.8480732088253864,-1.7605747897058441,3.0844278646140864,0.27640,-0.00046,0.04599,0.04553,-0.13705,0.00046
25.2239,-2.0866988481932234,-1.4789611511622012,1.369409688825842,-1.8480580224155863,-1.7621391433440112,3.0844280164936806,0.23029,-0.00000,0.13697,0.00046,-0.04687,0.00000
25.2573,-2.082066071297244,-1.478961152711215,1.3740113243934944,-1.8480578705514883,-1.7636734278603996,3.0844280180124763,0.13898,-0.00000,0.13805,0.00000,-0.04603,0.00000
25.2906,-2.0789824615682706,-1.4789611527267053,1.3770946227091847,-1.8480578690328473,-1.7682446936455836,3.0844280180276646,0.09240,-0.00000,0.09239,0.00000,-0.13698,0.00000
25.3245,-2.078951625470981,-1.47896115272686,1.3771254556923416,-1.848057869017661,-1.7682904063034355,3.0844280180278165,0.00091,-0.00000,0.00091,0.00000,-0.00135,0.00000
25.3573,-2.0759140351499945,-1.4789611527268616,1.3816816869621937,-1.8480578690175091,-1.768290863430014,3.084428018027818,0.09249,-0.00000,0.13873,0.00000,-0.00001,0.00000
25.3904,-2.068290454346751,-1.4789611527268616,1.3923577361349395,-1.8480578690175076,-1.7698095089812869,3.084428018027818,0.23058,0.00000,0.32291,0.00000,-0.04593,0.00000
25.4240,-2.062139654618691,-1.4774425117468546,1.4015763425067076,-1.8480578690175076,-1.771343336416806,3.084428018027818,0.18314,0.04522,0.27449,0.00000,-0.04567,0.00000
25.4571,-2.05752222368139,-1.4774273253370547,1.4077430924904526,-1.8480578690175076,-1.774395956651175,3.084428018027818,0.13945,0.00046,0.18623,0.00000,-0.09219,0.00000
25.4906,-2.054438767412003,-1.4774271734729567,1.4153979648903239,-1.8480578690175076,-1.7759451238335255,3.084428018027818,0.09190,0.00000,0.22815,0.00000,-0.04617,0.00000
25.5240,-2.051370650889296,-1.4774271719543157,1.4215490775343496,-1.8480578690175076,-1.775960615505349,3.084428018027818,0.09193,0.00000,0.18430,0.00000,-0.00046,0.00000
25.5572,-2.048302687764055,-1.4774271719391292,1.4276851525808172,-1.8480578690175076,-1.7759607704220672,3.084428018027818,0.09252,0.00000,0.18504,0.00000,-0.00000,0.00000
25.5906,-2.0437160851927825,-1.4774271719389773,1.4323024362713024,-1.8480578690175076,-1.7759607719712343,3.084428018027818,0.13716,0.00000,0.13808,0.00000,-0.00000,0.00000
25.6239,-2.0391142962270496,-1.4774271719389758,1.438423173028234,-1.8480578690175076,-1.775960771986726,3.084428018027818,0.13806,0.00000,0.18363,0.00000,-0.00000,0.00000
25.6572,-2.0360309963773786,-1.475908530958969,1.4430403033358237,-1.8480578690175076,-1.7759607719868808,3.084428018027818,0.09268,0.04565,0.13878,0.00000,-0.00000,0.00000
25.6905,-2.0314442404388617,-1.475893344549169,1.4476423975789199,-1.8495765099975146,-1.7759607719868824,3.084428018027818,0.13778,0.00046,0.13824,-0.04562,-0.00000,0.00000
25.7241,-2.0283610909194625,-1.475893192685071,1.4507257004813645,-1.8495916964073145,-1.7759607719868824,3.084428018027818,0.09177,0.00000,0.09178,-0.00045,0.00000,0.00000
25.7572,-2.019218413544228,-1.4743745501864232,1.4583497384104231,-1.8495918482714127,-1.7759607719868824,3.084428018027818,0.27576,0.04581,0.22995,-0.00000,0.00000,0.00000
25.7906,-2.0160897048104625,-1.4743593637614367,1.461463260749727,-1.8495918497900534,-1.7759607719868824,3.084428018027818,0.09366,0.00045,0.09321,-0.00000,0.00000,0.00000
25.8239,-2.0130211357631107,-1.4743592118971869,1.4630130369531267,-1.84959184980524,-1.7759607719868824,3.084428018027818,0.09220,0.00000,0.04657,-0.00000,0.00000,0.00000
25.8571,-2.0099531681126237,-1.4713219284185306,1.4660658166751745,-1.8511104907853988,-1.7759607719868824,3.084428018027818,0.09257,0.09164,0.09211,-0.04582,0.00000,0.00000
25.8906,-2.009922488436119,-1.471291555583744,1.4691336264324084,-1.8511256771952003,-1.7759607719868824,3.084428018027818,0.00092,0.00091,0.09162,-0.00045,0.00000,0.00000
25.9239,-2.0099221816393538,-1.4697726108753897,1.4722015864899944,-1.8511258290592985,-1.7759607719868824,3.084428018027818,0.00001,0.04562,0.09213,-0.00000,0.00000,0.00000
25.9570,-2.009922178571386,-1.4697574214283062,1.4722322660905702,-1.8511258305779394,-1.7759607719868824,3.084428018027818,0.00000,0.00046,0.00092,-0.00000,0.00000,0.00000
25.9905,-2.0084035375607,-1.4682386285538285,1.473751213866583,-1.8511258305931257,-1.7759607719868824,3.084428018027818,0.04544,0.04544,0.04545,-0.00000,0.00000,0.00000
26.0239,-2.008388351150593,-1.4682234406250838,1.4737664033443432,-1.8511258305932776,-1.7759607719868824,3.084428018027818,0.00045,0.00045,0.00045,-0.00000,0.00000,0.00000
26.0572,-2.0053509173264783,-1.4682232887457964,1.4737665552391206,-1.8526444715732857,-1.7759607719868824,3.084428018027818,0.09129,0.00000,0.00000,-0.04564,0.00000,0.00000
26.0905,-1.99924597906821,-1.4682232872270036,1.4737665567580684,-1.8541782989630928,-1.7759607719868824,3.084428018027818,0.18298,0.00000,0.00000,-0.04597,0.00000,0.00000
26.1239,-1.9931103657656002,-1.4667046462318085,1.4737665567732579,-1.854193637236991,-1.7744421310068759,3.084428018027818,0.18385,0.04550,0.00000,-0.00046,0.04550,0.00000
26.1571,-1.9884930866925536,-1.4636521778618432,1.4752851977534165,-1.8557124315997364,-1.774426944597076,3.084428018027818,0.13918,0.09201,0.04578,-0.04578,0.00046,0.00000
26.1905,-1.9854096319418097,-1.4605843712181297,1.4768190251432247,-1.8572462605233706,-1.774426792732978,3.084428018027818,0.09219,0.09172,0.04586,-0.04586,0.00000,0.00000
26.2240,-1.9823415154342885,-1.4559977702116724,1.4783530043971298,-1.8572615988126069,-1.774426791214337,3.084428018027818,0.09159,0.13692,0.04579,-0.00046,0.00000,0.00000
26.2571,-1.9823108342692133,-1.4468400583215673,1.4814056261496824,-1.8572617521954993,-1.7744267911991505,3.084428018027818,0.00093,0.27709,0.09236,-0.00000,0.00000,0.00000
26.2905,-1.980791886477556,-1.4391552763026323,1.482954793347215,-1.8572617537293281,-1.7744267911989986,3.084428018027818,0.04548,0.23011,0.04639,-0.00000,0.00000,0.00000
26.3240,-1.9792580560196327,-1.4345225055424224,1.4844889259991967,-1.8587803947246735,-1.77290815021899,3.084428018027818,0.04566,0.13792,0.04567,-0.04521,0.04521,0.00000
26.3573,-1.9762054357550398,-1.4314388958748068,1.4845042673257165,-1.8587955811346268,-1.7728929638091901,3.084428018027818,0.09187,0.09280,0.00046,-0.00046,0.00046,0.00000
26.3907,-1.976174909552394,-1.4253334958581034,1.4845044207389817,-1.8587957329987264,-1.7728928119450922,3.084428018027818,0.00091,0.18269,0.00000,-0.00000,0.00000,0.00000
26.4240,-1.9761746042903674,-1.4176792369579025,1.4829857812931078,-1.8587957345173673,-1.7713741694464442,3.084428018027818,0.00001,0.22968,-0.04557,-0.00000,0.04557,0.00000
26.4572,-1.9746559602577403,-1.4100094894688664,1.4829705948986491,-1.8603143755125604,-1.7713589830214576,3.084428018027818,0.04583,0.23148,-0.00046,-0.04583,0.00046,0.00000
26.4906,-1.974640773817414,-1.4023395870939424,1.4814518020546976,-1.8633668438825264,-1.7713588311572077,3.084428018027818,0.00045,0.22962,-0.04547,-0.09138,0.00000,0.00000
26.5242,-1.9746406219530108,-1.396188324150166,1.4783993321662445,-1.8664346505262392,-1.7698401886585586,3.084428018027818,0.00000,0.18305,-0.09084,-0.09129,0.04519,0.00000
26.5572,-1.9746406204343667,-1.3885336066206944,1.4753315255073465,-1.871021251532697,-1.7683063612535652,3.0859466590078246,0.00000,0.23193,-0.09295,-0.13897,0.04647,0.04601
26.5906,-1.9746406204191804,-1.3808638545453655,1.4737822064607506,-1.8741043995027749,-1.7682910229795152,3.0859618454176245,0.00000,0.22967,-0.04640,-0.09233,0.00046,0.00045
26.6242,-1.9746406204190285,-1.3731939521245784,1.4737667132702847,-1.878691153922496,-1.7652535876367614,3.0859619972817227,0.00000,0.22833,-0.00046,-0.13655,0.09042,0.00000
26.6575,-1.974640620419027,-1.3670426891803436,1.4722479173583731,-1.8848115853867207,-1.765223213283334,3.0859619988003635,0.00000,0.18457,-0.04557,-0.18364,0.00091,0.00000
26.6906,-1.974640620419027,-1.3609066126308738,1.4707140884192476,-1.8909473536213897,-1.7637042685597928,3.08596199881555,0.00000,0.18533,-0.04633,-0.18532,0.04588,0.00000
26.7238,-1.974640620419027,-1.3547706879453523,1.4706987501298563,-1.8970832752237636,-1.7636890791125572,3.085961998815702,0.00000,0.18461,-0.00046,-0.18461,0.00046,0.00000
26.7571,-1.9731219794390202,-1.35319068771849,1.4691799557669554,-1.9032191983598143,-1.763688927218085,3.0859619988157037,0.04558,0.04742,-0.04558,-0.18416,0.00000,0.00000
26.7904,-1.97310679302922,-1.3471003237961943,1.4691647678233264,-1.9078364805311951,-1.7621702847191336,3.084443357835697,0.00046,0.18290,-0.00046,-0.13866,0.04561,-0.04561
26.8240,-1.9731066411651221,-1.340964856236944,1.46916461594389,-1.9124385762929295,-1.7621550982941443,3.0844281714258965,0.00000,0.18267,-0.00000,-0.13701,0.00045,-0.00045
26.8575,-1.9731066396464811,-1.3333102966613177,1.4691646144250956,-1.9185591611705741,-1.7621549464298942,3.0859466605418056,0.00000,0.22842,-0.00000,-0.18265,0.00000,0.04531
26.8917,-1.9700693576712813,-1.3241219051855209,1.4676459734299008,-1.9246949309393777,-1.762154944911252,3.0859618454329647,0.08904,0.26936,-0.04452,-0.17987,0.00000,0.00045
26.9240,-1.9624457799514952,-1.316436816370729,1.4645935050599355,-1.9323494935370995,-1.7621549448960654,3.084443356301869,0.23570,0.23760,-0.09437,-0.23666,0.00000,-0.04695
26.9573,-1.9502204163342434,-1.3102854015625536,1.4600070574362154,-1.9415378850431175,-1.7621549448959135,3.0859468123905653,0.36684,0.18458,-0.13762,-0.27571,0.00000,0.04511
26.9906,-1.9364303938780094,-1.302630682514438,1.4569239109999645,-1.9492229738582114,-1.760636303915905,3.0844432059714455,0.41475,0.23023,-0.09273,-0.23114,0.04568,-0.04522
27.0241,-1.9286992887534133,-1.2934422894439161,1.4508185156155748,-1.95537438866639,-1.7621397584861118,3.0859468108872607,0.23053,0.27398,-0.18205,-0.18342,-0.04483,0.04483
27.0571,-1.9255846957421536,-1.2842385596331705,1.4462015387217104,-1.959991825754492,-1.762154793031814,3.085961846936419,0.09433,0.27876,-0.13984,-0.13985,-0.00046,0.00046
27.0906,-1.9225162678520276,-1.2735160354750155,1.4355248820927244,-1.9645939230653935,-1.762154943377271,3.0859619972969106,0.09154,0.31987,-0.31850,-0.13729,-0.00000,0.00000
27.1239,-1.9224855835731263,-1.2734088102334338,1.4354181155264347,-1.9646399440385025,-1.7621549448807257,3.0859619988005154,0.00092,0.00322,-0.00321,-0.00138,-0.00000,0.00000
27.1570,-1.917929353790317,-1.267333174060991,1.427823842960738,-1.9676776862082468,-1.760636303915753,3.0859619988155518,0.13796,0.18397,-0.22995,-0.09198,0.04598,0.00000
27.1906,-1.9148465095324751,-1.2596792127992325,1.4171174133750333,-1.9737826275499712,-1.7606211175061035,3.085961998815702,0.09155,0.22730,-0.31794,-0.18130,0.00045,0.00000
27.2239,-1.9102597581498766,-1.2504908273065742,1.4078985031991358,-1.9753623179433955,-1.759102324662,3.0859619988157037,0.13792,0.27629,-0.27720,-0.04750,0.04567,0.00000
27.2571,-1.9056579676960301,-1.2397684565916,1.4002131091973427,-1.97993403778735,-1.7560498547735455,3.0859619988157037,0.13837,0.32240,-0.23108,-0.13746,0.09178,0.00000
27.2906,-1.8995373858714648,-1.2305493870044095,1.3925430503572909,-1.9830170369458031,-1.7529820481146476,3.0859619988157037,0.18298,0.27561,-0.22930,-0.09217,0.09171,0.00000
27.3240,-1.8949202571131987,-1.2243826323885107,1.3863917858488635,-1.987603789877408,-1.7514327290680516,3.0859619988157037,0.13831,0.18473,-0.18427,-0.13740,0.04641,0.00000
27.3571,-1.8918368038656022,-1.2182464009223246,1.380255709283752,-1.989168298386731,-1.7514172358775857,3.0859619988157037,0.09295,0.18498,-0.18498,-0.04716,0.00047,0.00000
27.3906,-1.8918059693331262,-1.2136291156676422,1.3771570665580872,-1.9922212254318377,-1.751417080945681,3.0859619988157037,0.00092,0.13820,-0.09274,-0.09137,0.00000,0.00000
27.4241,-1.890287020007795,-1.2014338149750412,1.369532875230797,-1.9952890366623022,-1.751417079396362,3.0859619988157037,0.04531,0.36379,-0.22743,-0.09151,0.00000,0.00000
27.4571,-1.8887531895345349,-1.1937186570680813,1.3649007103775035,-1.9968383557546139,-1.7514170793808688,3.084443357835697,0.04645,0.23365,-0.14028,-0.04692,0.00000,-0.04599
27.4905,-1.8872192102497953,-1.1875669415689847,1.3602984657889503,-1.9983724899255437,-1.7514170793807138,3.0844281714258965,0.04593,0.18419,-0.13780,-0.04593,0.00000,-0.00045
27.5240,-1.8872038704569478,-1.1829495014739733,1.3572151613830508,-2.0014251132272665,-1.7514170793807122,3.084428019561799,0.00046,0.13770,-0.09195,-0.09103,0.00000,-0.00000
27.5573,-1.8872037170590195,-1.1798660451130094,1.3556656873589852,-2.001455639460284,-1.7514170793807122,3.0844280180431576,0.00000,0.09282,-0.04664,-0.00092,0.00000,-0.00000
27.5905,-1.88720371552504,-1.1737606466293729,1.3526129106587312,-2.001455944722614,-1.7514170793807122,3.084428018027971,0.00000,0.18353,-0.09177,-0.00001,0.00000,-0.00000
27.6239,-1.8887223564897073,-1.1661063877445026,1.3510637419117217,-2.0014559477752374,-1.7514170793807122,3.084428018027819,-0.04555,0.22959,-0.04647,-0.00000,0.00000,-0.00000
27.6574,-1.888737542899354,-1.1584366402556199,1.3495296092442446,-2.0014559478057636,-1.7514170793807122,3.084428018027818,-0.00045,0.22898,-0.04580,-0.00000,0.00000,-0.00000
27.6904,-1.8887376947634504,-1.1538040198407105,1.3495142679175698,-2.002974588786076,-1.7514170793807122,3.084428018027818,-0.00000,0.14002,-0.00046,-0.04590,0.00000,0.00000
27.7244,-1.8887376962820914,-1.1522390526565547,1.3479954735242965,-2.002989775195879,-1.7514170793807122,3.084428018027818,-0.00000,0.04614,-0.04478,-0.00045,0.00000,0.00000
27.7571,-1.8887376962972777,-1.1507047620047064,1.3494989265603703,-2.00147128607997,-1.7529357203607192,3.084428018027818,-0.00000,0.04683,0.04589,0.04635,-0.04635,0.00000
27.7905,-1.8887376962974296,-1.150689419098188,1.3479953201107246,-2.001456101188811,-1.7529509067705193,3.082909377047811,-0.00000,0.00046,-0.04510,0.00046,-0.00046,-0.04555
27.8237,-1.890256337277438,-1.149170624689116,1.347980284046228,-2.001455949339899,-1.7529510586346173,3.082894190638011,-0.04566,0.04566,-0.00045,0.00000,-0.00000,-0.00046
27.8572,-1.890271523687238,-1.1491554367450252,1.3479801336855832,-2.0014559478214102,-1.7529510601532583,3.082894038773913,-0.00045,0.00045,-0.00000,0.00000,-0.00000,-0.00000
27.8908,-1.890271675551336,-1.1476366438855778,1.3479801321819767,-2.001455947806225,-1.7529510601684446,3.081375396275265,-0.00000,0.04521,-0.00000,0.00000,-0.00000,-0.04520
27.9239,-1.890271677069977,-1.1445841739969695,1.3479801321669407,-2.001455947806073,-1.7529510601685965,3.079841568870272,-0.00000,0.09216,-0.00000,0.00000,-0.00000,-0.04631
27.9570,-1.8902716770851635,-1.1430350083180767,1.3479801321667904,-2.001455947806072,-1.752951060168598,3.079826230596222,-0.00000,0.04671,-0.00000,0.00000,-0.00000,-0.00046
27.9905,-1.8902716770853154,-1.1430195166612878,1.3479801321667888,-2.001455947806072,-1.751432419188591,3.079826077213481,-0.00000,0.00046,-0.00000,0.00000,0.04543,-0.00000
28.0238,-1.8902716770853167,-1.14301936174472,1.3479801321667888,-1.9999373068260649,-1.7514172327787911,3.0767887937196408,-0.00000,0.00000,0.00000,0.04560,0.00046,-0.09120
28.0571,-1.8902716770853167,-1.144538001175561,1.3494987731467953,-1.9999221204162647,-1.751417080914693,3.0752397799046953,0.00000,-0.04555,0.04555,0.00046,0.00000,-0.04646
28.0906,-1.8902716770853167,-1.1430345465898626,1.3495139595565955,-1.9999219685521668,-1.751417079396052,3.075224289766546,0.00000,0.04488,0.00045,0.00000,0.00000,-0.00046
28.1240,-1.8902716770853167,-1.1445381530240124,1.3510327524007004,-1.9999219670335258,-1.7514170793808657,3.0737054938851576,0.00000,-0.04498,0.04543,0.00000,0.00000,-0.04543
28.1571,-1.8902716770853167,-1.144553189088354,1.3525665813091483,-1.9999219670183395,-1.7514170793807138,3.0721716649463366,0.00000,-0.00045,0.04635,0.00000,0.00000,-0.04635
28.1907,-1.8902716770853167,-1.1445533394489973,1.3541005605782395,-1.9999219670181876,-1.7514170793807122,3.0721563266569487,0.00000,-0.00000,0.04569,0.00000,0.00000,-0.00046
28.2240,-1.8902716770853167,-1.1445533409526039,1.355634541350937,-1.999921967018186,-1.7514170793807122,3.0691188913140417,0.00000,-0.00000,0.04612,0.00000,0.00000,-0.09132
28.2570,-1.8902716770853167,-1.1445533409676398,1.3556498811586641,-2.001440607998193,-1.7514170793807122,3.0690885169606124,0.00000,-0.00000,0.00046,-0.04592,0.00000,-0.00092
28.2905,-1.8902716770853167,-1.1445533409677902,1.3571686755367478,-2.001455794407993,-1.7498984384007052,3.067569572237071,0.00000,-0.00000,0.04533,-0.00045,0.04532,-0.04533
28.3239,-1.8902716770853167,-1.1445533409677917,1.3571838634805287,-2.001455946272091,-1.7483646110108986,3.066035741809829,0.00000,-0.00000,0.00046,-0.00000,0.04600,-0.04600
28.3571,-1.8902716770853167,-1.1445533409677917,1.3571840153599666,-2.002974588770739,-1.7437933497969804,3.0660204035055565,0.00000,0.00000,0.00000,-0.04579,0.13783,-0.00046
28.3905,-1.8902716770853167,-1.1445533409677917,1.3571840168787608,-2.0029897751957253,-1.7391917142448206,3.066020250122514,0.00000,0.00000,0.00000,-0.00045,0.13743,-0.00000
28.4239,-1.8917903180653233,-1.1460719819477985,1.3571840168939489,-2.0029899270599754,-1.7361084159292854,3.0660202485886834,-0.04558,-0.04558,0.00000,-0.00000,0.09253,-0.00000
28.4573,-1.8918055044751234,-1.1445685273775918,1.3571840168941007,-2.004508569558624,-1.7360775829461301,3.066020248573345,-0.00045,0.04501,0.00000,-0.04547,0.00092,-0.00000
28.4904,-1.8918056563392214,-1.1445534928318897,1.3587026578741093,-2.0045237559836107,-1.7360772746162987,3.0660202485731918,-0.00000,0.00045,0.04580,-0.00046,0.00001,-0.00000
28.5239,-1.8902870168778558,-1.1460719834664395,1.3587178442839092,-2.0045239078478607,-1.7360772715330004,3.06602024857319,0.04541,-0.04540,0.00045,-0.00000,0.00000,-0.00000
28.5572,-1.8902718304832422,-1.146087168372785,1.3602366371280143,-2.0090798323065235,-1.7360772715021673,3.0675388895531968,0.00046,-0.00046,0.04557,-0.13669,0.00000,0.04556
28.5906,-1.8902716786192961,-1.1445686792418417,1.3617704660364618,-2.0121626735111238,-1.736077271501859,3.06603543498299,0.00000,0.04551,0.04597,-0.09239,0.00000,-0.04506
28.6238,-1.8902716771006567,-1.146072135330539,1.3633044453055534,-2.0121935019231696,-1.736077271501856,3.067539041417295,0.00000,-0.04520,0.04612,-0.00093,0.00000,0.04521
28.6571,-1.8902716770854702,-1.146087169891426,1.3633197850982441,-2.01219381020729,-1.736077271501856,3.067554077481638,0.00000,-0.00045,0.00046,-0.00001,0.00000,0.00045
28.6905,-1.8902716770853183,-1.144568679257028,1.364838579476178,-2.012193813290131,-1.736077271501856,3.0675542278422814,0.00000,0.04557,0.04557,-0.00000,0.00000,0.00000
28.7240,-1.8917903180653233,-1.1460721353306909,1.3663724083999638,-2.01219381332096,-1.7345586305218492,3.0675542293458875,-0.04532,-0.04487,0.04578,-0.00000,0.04532,0.00000
28.7572,-1.8918055044751234,-1.1460871698914274,1.3694250286492156,-2.0137124543012748,-1.734543444112049,3.067554229360924,-0.00046,-0.00045,0.09185,-0.04569,0.00046,0.00000
28.7906,-1.8918056563392214,-1.1460873202370347,1.369455554851708,-2.0182835636510985,-1.7345432922479511,3.0690728703410812,-0.00000,-0.00000,0.00092,-0.13703,0.00000,0.04552
28.8237,-1.8918056578578624,-1.146087321740491,1.3709745010937395,-2.0259224796446302,-1.7345432907293101,3.069088056750883,-0.00000,-0.00000,0.04580,-0.23034,0.00000,0.00046
28.8572,-1.8918056578730489,-1.1460873217555254,1.3709896905561598,-2.029036150764579,-1.7345432907141236,3.069088208614981,-0.00000,-0.00000,0.00045,-0.09304,0.00000,0.00000
28.8904,-1.8918056578732008,-1.1460873217556757,1.370989842450784,-2.0321045694357927,-1.7345432907139717,3.0675695691536147,-0.00000,-0.00000,0.00000,-0.09230,0.00000,-0.04568
28.9239,-1.8918056578732023,-1.1460873217556773,1.3709898439697303,-2.032135253622505,-1.7345432907139702,3.0675543827590013,-0.00000,-0.00000,0.00000,-0.00092,0.00000,-0.00045
28.9571,-1.8918056578732023,-1.1460873217556773,1.3709898439849197,-2.032135560464372,-1.7345432907139702,3.067554230895055,0.00000,0.00000,0.00000,-0.00001,0.00000,-0.00000
28.9906,-1.8918056578732023,-1.1460873217556773,1.369471203005065,-2.0336542045127968,-1.7345432907139702,3.0675542293764155,0.00000,0.00000,-0.04531,-0.04531,0.00000,-0.00000
29.0241,-1.8918056578732023,-1.1460873217556773,1.3694560165952665,-2.033669390953281,-1.7345432907139702,3.067554229361229,0.00000,0.00000,-0.00045,-0.00045,0.00000,-0.00000
29.0571,-1.8918056578732023,-1.1460873217556773,1.3679372237511616,-2.033669542817686,-1.7345432907139702,3.067554229361077,0.00000,0.00000,-0.04598,-0.00000,0.00000,-0.00000
29.0905,-1.8918056578732023,-1.1460873217556773,1.3679220358227206,-2.03366954433633,-1.7345432907139702,3.067554229361076,0.00000,0.00000,-0.00046,-0.00000,0.00000,-0.00000
29.1240,-1.893324298853209,-1.1460873217556773,1.3664032429634292,-2.0336695443515165,-1.7345432907139702,3.067554229361076,-0.04536,0.00000,-0.04537,-0.00000,0.00000,0.00000
29.1573,-1.893339485263009,-1.1460873217556773,1.3663880550348362,-2.0336695443516684,-1.7345432907139702,3.067554229361076,-0.00046,0.00000,-0.00046,-0.00000,0.00000,0.00000
29.1905,-1.894858278107114,-1.1460873217556773,1.3648692621755438,-2.03366954435167,-1.7345432907139702,3.067554229361076,-0.04579,0.00000,-0.04579,-0.00000,0.00000,0.00000
29.2240,-1.894873466035555,-1.1460873217556773,1.3648540742469508,-2.03366954435167,-1.7345432907139702,3.067554229361076,-0.00045,0.00000,-0.00045,0.00000,0.00000,0.00000
29.2573,-1.8948736179148395,-1.1460873217556773,1.364853922367665,-2.03366954435167,-1.7345432907139702,3.067554229361076,-0.00000,0.00000,-0.00000,0.00000,0.00000,0.00000
29.2905,-1.8963922604136392,-1.1476059627356843,1.3648539208488721,-2.03366954435167,-1.7345432907139702,3.067554229361076,-0.04578,-0.04578,-0.00000,0.00000,0.00000,0.00000
29.3239,-1.8964074468386272,-1.1476211491454844,1.3633352798536773,-2.03366954435167,-1.7345432907139702,3.067554229361076,-0.00045,-0.00045,-0.04535,0.00000,0.00000,0.00000
29.3572,-1.8979262396828838,-1.1552145059096162,1.360282811483712,-2.0351881853316773,-1.7345432907139702,3.066035588381069,-0.04562,-0.22807,-0.09168,-0.04561,0.00000,-0.04561
29.3908,-1.8994600685913332,-1.1598463624172777,1.3587336458200052,-2.0352033717414773,-1.7345432907139702,3.0660204019712687,-0.04566,-0.13787,-0.04611,-0.00045,0.00000,-0.00045
29.4239,-1.8994754068804178,-1.1614113219623612,1.3587181541633682,-2.036722164585582,-1.7345432907139702,3.066020250107171,-0.00046,-0.04729,-0.00047,-0.04590,0.00000,-0.00000
29.4573,-1.9009942012433154,-1.1659828944978325,1.357199358266795,-2.035218711534016,-1.7345432907139702,3.0660202485885297,-0.04553,-0.13705,-0.04553,0.04507,0.00000,-0.00000
29.4904,-1.9010093891869444,-1.1660286102231872,1.3571841703078291,-2.0352036770035005,-1.7345432907139702,3.0660202485733437,-0.00046,-0.00138,-0.00046,0.00045,0.00000,-0.00000
29.5240,-1.902528182046387,-1.1736222722804746,1.355665377448233,-2.0352035266581954,-1.736061931693977,3.0645016075931846,-0.04530,-0.22650,-0.04530,0.00000,-0.04530,-0.04530
29.5570,-1.9025433699749816,-1.1858473367411018,1.3541315485396304,-2.0352035251547425,-1.736077118103777,3.064486421183383,-0.00046,-0.36991,-0.04641,0.00000,-0.00046,-0.00046
29.5905,-1.9040621628342742,-1.1981187152257624,1.3525975692705376,-2.0367221661197146,-1.736077269967875,3.0644862693192847,-0.04534,-0.36635,-0.04580,-0.04534,-0.00000,-0.00000
29.6240,-1.9040773507628672,-1.2073532748906497,1.3525822294778467,-2.0352187115493576,-1.736077271486516,3.064486267800644,-0.00045,-0.27544,-0.00046,0.04484,-0.00000,-0.00000
29.6573,-1.9040775026421533,-1.2074456204872985,1.3525820760799199,-2.035203677003654,-1.7360772715017025,3.0644862677854574,-0.00000,-0.00277,-0.00000,0.00045,-0.00000,-0.00000
29.6905,-1.9040775041609461,-1.215039748843299,1.3495447925859265,-2.035203526658197,-1.7360772715018544,3.0644862677853055,-0.00000,-0.22916,-0.09165,0.00000,-0.00000,-0.00000
29.7240,-1.904077504176134,-1.2272648179669132,1.3479957787709802,-2.0352035251547425,-1.7360772715018558,3.064486267785304,-0.00000,-0.36421,-0.04615,0.00000,-0.00000,-0.00000
29.7572,-1.9055961451562928,-1.244092119438224,1.3449430066728167,-2.035203525139708,-1.736077271501856,3.064486267785304,-0.04576,-0.50702,-0.09198,0.00000,-0.00000,0.00000
29.7906,-1.907129972546101,-1.253372238332978,1.3433938379718289,-2.0352035251395577,-1.736077271501856,3.064486267785304,-0.04601,-0.27837,-0.04647,0.00000,0.00000,0.00000
29.8239,-1.908663951800006,-1.2610582444219591,1.341859705304812,-2.035203525139556,-1.736077271501856,3.064486267785304,-0.04607,-0.23086,-0.04608,0.00000,0.00000,0.00000
29.8572,-1.908679291592545,-1.261135104482849,1.3418443639781417,-2.035203525139556,-1.736077271501856,3.064486267785304,-0.00046,-0.00230,-0.00046,0.00000,0.00000,0.00000
29.8905,-1.911716726950484,-1.2687290779834919,1.3403255695848681,-2.035203525139556,-1.736077271501856,3.064486267785304,-0.09132,-0.22831,-0.04566,0.00000,0.00000,0.00000
29.9238,-1.9178216652240907,-1.2794355045785457,1.3387917406609289,-2.035203525139556,-1.736077271501856,3.064486267785304,-0.18318,-0.32125,-0.04602,0.00000,0.00000,0.00000
29.9572,-1.922438637546847,-1.2901730557045437,1.335739120411676,-2.035203525139556,-1.736077271501856,3.064486267785304,-0.13833,-0.32172,-0.09146,0.00000,0.00000,0.00000
29.9905,-1.925522089230088,-1.2978736361158376,1.3341899532291766,-2.0336848841595487,-1.736077271501856,3.064486267785304,-0.09263,-0.23133,-0.04654,0.04562,0.00000,0.00000
30.0238,-1.930108846686941,-1.3055438468199847,1.3341744615573516,-2.033669697749749,-1.736077271501856,3.064486267785304,-0.13772,-0.23030,-0.00047,0.00046,0.00000,0.00000
30.0572,-1.933191996221523,-1.3132137538270598,1.3326556656606263,-2.0336695458856506,-1.736077271501856,3.064486267785304,-0.09231,-0.22964,-0.04547,0.00000,0.00000,0.00000
30.0903,-1.9362601096768823,-1.3224022987771715,1.3311218367216526,-2.03366954436701,-1.736077271501856,3.064486267785304,-0.09260,-0.27732,-0.04629,0.00000,0.00000,0.00000
30.1241,-1.9408467137514565,-1.3316060301067132,1.328069216472249,-2.0336695443518233,-1.736077271501856,3.0629676268052974,-0.13597,-0.27285,-0.09050,0.00000,0.00000,-0.04502
30.1571,-1.9439298617522154,-1.337772631340036,1.3250014083097414,-2.0336695443516715,-1.736077271501856,3.062952440395497,-0.09332,-0.18666,-0.09286,0.00000,0.00000,-0.00046
30.1905,-1.94547933421223,-1.3469461432324097,1.3219334482681029,-2.03366954435167,-1.736077271501856,3.0629522885313993,-0.04637,-0.27455,-0.09182,0.00000,0.00000,-0.00000
30.2241,-1.9454948289368301,-1.3546310832513675,1.3203841276876795,-2.032150903371664,-1.736077271501856,3.062952287012758,-0.00046,-0.22886,-0.04614,0.04523,0.00000,-0.00000
30.2572,-1.945494983884076,-1.3638197785315977,1.318849993501869,-2.0321357169618635,-1.736077271501856,3.0629522869975716,-0.00000,-0.27784,-0.04639,0.00046,0.00000,-0.00000
30.2907,-1.9470136264135554,-1.3760607933244542,1.3157973701999968,-2.030616924117759,-1.736077271501856,3.0629522869974197,-0.04532,-0.36530,-0.09110,0.04532,0.00000,-0.00000
30.3239,-1.9470288128388502,-1.3837764083724169,1.3142482029869715,-2.030601736189318,-1.736077271501856,3.0629522869974184,-0.00046,-0.23228,-0.04664,0.00046,0.00000,-0.00000
30.3572,-1.950066246663117,-1.3914467694229302,1.3142327113148413,-2.0306015843100336,-1.736077271501856,3.0629522869974184,-0.09112,-0.23011,-0.00046,0.00000,0.00000,0.00000
30.3907,-1.9546525439413795,-1.4006353189134761,1.3142325563981199,-2.0306015827912405,-1.736077271501856,3.0629522869974184,-0.13718,-0.27483,-0.00000,0.00000,0.00000,0.00000
30.4239,-1.9562170478941692,-1.4083204093084156,1.312713913868946,-2.0290829417960454,-1.736077271501856,3.0629522869974184,-0.04709,-0.23130,-0.04571,0.04571,0.00000,0.00000
30.4572,-1.9592699748937106,-1.415990465112399,1.3126987274436543,-2.0290677553860936,-1.736077271501856,3.0629522869974184,-0.09168,-0.23034,-0.00046,0.00046,0.00000,0.00000
30.4906,-1.9608191451437127,-1.422141729590466,1.3126985755794014,-2.029067603521994,-1.736077271501856,3.0629522869974184,-0.04639,-0.18418,-0.00000,0.00000,0.00000,0.00000
30.5238,-1.9608346368462128,-1.4282778061552739,1.3111799330807519,-2.029067602003353,-1.736077271501856,3.0629522869974184,-0.00047,-0.18475,-0.04573,0.00000,0.00000,0.00000
30.5572,-1.9608347917632378,-1.4344137308409488,1.3111647466557654,-2.0290676019881664,-1.736077271501856,3.0629522869974184,-0.00000,-0.18353,-0.00045,0.00000,0.00000,0.00000
30.5905,-1.9653907162524282,-1.4405496540078326,1.3111645947915154,-2.027548961008008,-1.736077271501856,3.0629522869974184,-0.13704,-0.18457,-0.00000,0.04568,0.00000,0.00000
30.6240,-1.9699921984373407,-1.451241500099549,1.31268323425288,-2.0260151336181997,-1.736077271501856,3.0629522869974184,-0.13739,-0.31924,0.04534,0.04580,0.00000,0.00000
30.6572,-1.9700382132591898,-1.4574229824804934,1.3142170616275004,-2.024481154364295,-1.736077271501856,3.0629522869974184,-0.00139,-0.18618,0.04620,0.04620,0.00000,0.00000
30.6906,-1.9715573143874148,-1.4605220792643163,1.3172696818612601,-2.0244658145717556,-1.736077271501856,3.0629522869974184,-0.04550,-0.09282,0.09143,0.00046,0.00000,0.00000
30.7239,-1.9700538644186905,-1.4605530702321545,1.321856131003618,-2.02446566117383,-1.736077271501856,3.0614336460174116,0.04507,-0.00093,0.13750,0.00000,0.00000,-0.04553
30.7572,-1.9700388299190033,-1.4620720211218399,1.324939277455055,-2.024465659639851,-1.736077271501856,3.0629371005876185,0.00045,-0.04562,0.09260,0.00000,0.00000,0.04516
30.7905,-1.9700386795740064,-1.4651244925907503,1.3280073908795829,-2.024465659624511,-1.736077271501856,3.06295213513332,0.00000,-0.09173,0.09220,0.00000,0.00000,0.00045
30.8237,-1.9700386780705565,-1.4651550173054393,1.3280380720138283,-2.024465659624358,-1.736077271501856,3.062952285478777,0.00000,-0.00092,0.00092,0.00000,0.00000,0.00000
30.8570,-1.970038678055522,-1.4697112454926067,1.3280383788251706,-2.025984300604363,-1.736077271501856,3.062952286982232,0.00000,-0.13689,0.00001,-0.04563,0.00000,0.00000
30.8905,-1.9685200370753648,-1.4758313716945053,1.3280383818932842,-2.025999487014163,-1.736077271501856,3.0629522869972665,0.04535,-0.18276,0.00000,-0.00045,0.00000,0.00000
30.9241,-1.9685048506655634,-1.4789298549165382,1.3265197409439586,-2.025999638878261,-1.736077271501856,3.062952286997417,0.00045,-0.09219,-0.04519,-0.00000,0.00000,0.00000
30.9571,-1.9669860578214586,-1.4789608397487584,1.3249859135544584,-2.0259996403969023,-1.736077271501856,3.0629522869974184,0.04596,-0.00094,-0.04642,-0.00000,0.00000,0.00000
30.9905,-1.9654522289130105,-1.4804797905770872,1.3234519343005566,-2.0259996404120884,-1.736077271501856,3.0629522869974184,0.04597,-0.04552,-0.04597,-0.00000,0.00000,0.00000
31.0239,-1.9654368906239261,-1.4804949800853704,1.3203993125480042,-2.0259996404122402,-1.736077271501856,3.064470927977425,0.00046,-0.00045,-0.09134,-0.00000,0.00000,0.04544
31.0576,-1.965436737241035,-1.4804951319804533,1.3203687863304787,-2.025999640412242,-1.736077271501856,3.064486114387225,0.00000,-0.00000,-0.00091,-0.00000,0.00000,0.00045
31.0905,-1.9654367357072062,-1.4820137744794109,1.3188498400882969,-2.025999640412242,-1.736077271501856,3.0644862662513233,0.00000,-0.04622,-0.04623,0.00000,0.00000,0.00000
31.1239,-1.9639180947118613,-1.4835476018844072,1.318834650625875,-2.025999640412242,-1.736077271501856,3.064486267769964,0.04546,-0.04591,-0.00045,0.00000,0.00000,0.00000
31.1571,-1.9639029083019077,-1.4866002221184709,1.3188344987312508,-2.025999640412242,-1.736077271501856,3.0644862677851505,0.00046,-0.09184,-0.00000,0.00000,0.00000,0.00000
31.1906,-1.9623841154578014,-1.4866307483208114,1.3188344972123045,-2.025999640412242,-1.736077271501856,3.0644862677853024,0.04535,-0.00091,-0.00000,0.00000,0.00000,0.00000
31.2239,-1.9608502865493536,-1.4866310535828349,1.318834497197115,-2.025999640412242,-1.736077271501856,3.064486267785304,0.04608,-0.00001,-0.00000,0.00000,0.00000,0.00000
31.2571,-1.954760384340242,-1.4866310566354553,1.3188344971969632,-2.025999640412242,-1.736077271501856,3.064486267785304,0.18323,-0.00000,-0.00000,0.00000,0.00000,0.00000
31.2906,-1.9455876394381102,-1.4866310566659813,1.3188344971969617,-2.027518281392249,-1.736077271501856,3.064486267785304,0.27395,-0.00000,-0.00000,-0.04536,0.00000,0.00000
31.3241,-1.9333467841490346,-1.4866310566662866,1.3188344971969617,-2.027533467802049,-1.736077271501856,3.064486267785304,0.36598,-0.00000,0.00000,-0.00045,0.00000,0.00000
31.3573,-1.9225938887360963,-1.4866310566662897,1.3188344971969617,-2.0275336196661473,-1.736077271501856,3.064486267785304,0.32328,-0.00000,0.00000,-0.00000,0.00000,0.00000
31.3905,-1.9133745139019263,-1.4866310566662897,1.3188344971969617,-2.0290522621647944,-1.736077271501856,3.0660049087653114,0.27780,0.00000,0.00000,-0.04576,0.00000,0.04576
31.4242,-1.8980959103535167,-1.4866310566662897,1.3188344971969617,-2.029067448589781,-1.736077271501856,3.0660200951751113,0.45353,0.00000,0.00000,-0.00045,0.00000,0.00045
31.4572,-1.890349919417999,-1.4866310566662897,1.3188344971969617,-2.030586241434038,-1.736077271501856,3.067538888019216,0.23463,0.00000,0.00000,-0.04601,0.00000,0.04601
31.4905,-1.8811606136286028,-1.4866310566662897,1.3188344971969617,-2.0306014293624806,-1.736077271501856,3.067554075947657,0.27593,0.00000,0.00000,-0.00046,0.00000,0.00046
31.5239,-1.871956874690668,-1.4866310566662897,1.3188344971969617,-2.030601581241765,-1.736077271501856,3.0675542278269416,0.27539,0.00000,0.00000,-0.00000,0.00000,0.00000
31.5572,-1.862752991421248,-1.4866310566662897,1.3203531381769682,-2.0321202237405647,-1.736077271501856,3.0690728703257415,0.27642,0.00000,0.04561,-0.04561,0.00000,0.04561
31.5906,-1.8520304657285063,-1.4866310566662897,1.3218869655667753,-2.0321354101655524,-1.736077271501856,3.0675694157707225,0.32177,0.00000,0.04603,-0.00046,0.00000,-0.04512
31.6239,-1.8412927536115313,-1.4866310566662897,1.32342094482068,-2.0321355620298025,-1.736077271501856,3.067554381225172,0.32167,0.00000,0.04595,-0.00000,0.00000,-0.00045
31.6572,-1.8320735306103209,-1.4866310566662897,1.3249549255932256,-2.032135563548445,-1.736077271501856,3.0675542308797166,0.27689,0.00000,0.04607,-0.00000,0.00000,-0.00000
31.6905,-1.8198322105402547,-1.4866310566662897,1.3249702654009512,-2.0321355635636316,-1.736077271501856,3.067554229376262,0.36774,0.00000,0.00046,-0.00000,0.00000,-0.00000
31.7239,-1.81211659243952,-1.4866310566662897,1.3249704187990283,-2.0321355635637834,-1.736077271501856,3.069072870341235,0.23123,0.00000,0.00000,-0.00000,0.00000,0.04551
31.7570,-1.8044462313584788,-1.4866310566662897,1.326489061313016,-2.0321355635637848,-1.736077271501856,3.07060669773089,0.23145,0.00000,0.04583,-0.00000,0.00000,0.04628
31.7905,-1.798294963827641,-1.4866310566662897,1.326504247738156,-2.0321355635637848,-1.736077271501856,3.072140676984794,0.18370,0.00000,0.00045,0.00000,0.00000,0.04581
31.8239,-1.7845656823322718,-1.4866310566662897,1.3265043996024073,-2.0321355635637848,-1.736077271501856,3.072156016777333,0.41108,0.00000,0.00000,0.00000,0.00000,0.00046
31.8572,-1.7753165436372773,-1.4866310566662897,1.3265044011210498,-2.0321355635637848,-1.736077271501856,3.0721561701752584,0.27832,0.00000,0.00000,0.00000,0.00000,0.00000
31.8905,-1.7752240522503273,-1.4866310566662897,1.3265044011362364,-2.0321355635637848,-1.736077271501856,3.0721561717092376,0.00277,0.00000,0.00000,0.00000,0.00000,0.00000
31.9238,-1.767629922436424,-1.4866310566662897,1.3280230421163948,-2.0321355635637848,-1.736077271501856,3.0721561717245778,0.22770,0.00000,0.04553,0.00000,0.00000,0.00000
31.9570,-1.7554048532982307,-1.4866310566662897,1.3295568695062032,-2.0321355635637848,-1.736077271501856,3.072156171724731,0.36913,0.00000,0.04631,0.00000,0.00000,0.00000
31.9903,-1.746170756726808,-1.4866310566662897,1.3326094897401148,-2.0321355635637848,-1.736077271501856,3.0721561717247323,0.27716,0.00000,0.09162,0.00000,0.00000,0.00000
32.0240,-1.7339292879210395,-1.4866310566662897,1.3356772979024678,-2.033654204543791,-1.736077271501856,3.0721561717247323,0.36353,0.00000,0.09110,-0.04510,0.00000,0.00000
32.0578,-1.7246950273529411,-1.4866310566662897,1.3372266169640978,-2.0321507499735847,-1.736077271501856,3.0721561717247323,0.27308,0.00000,0.04582,0.04446,0.00000,0.00000
32.0906,-1.7154908388672196,-1.4866310566662897,1.338760751134721,-2.032135715427883,-1.736077271501856,3.0721561717247323,0.28065,0.00000,0.04678,0.00046,0.00000,0.00000
32.1240,-1.7062869511023215,-1.4866310566662897,1.340294733456434,-2.0321355650824255,-1.736077271501856,3.073674812704739,0.27568,0.00000,0.04595,0.00000,0.00000,0.04549
32.1572,-1.6925271434046116,-1.4866310566662897,1.3433473552396649,-2.0336542045589776,-1.736077271501856,3.0736899991145394,0.41439,0.00000,0.09193,-0.04574,0.00000,0.00046
32.1906,-1.6878336223876143,-1.4866310566662897,1.3464151634175106,-2.033669390953743,-1.7375959124818625,3.073690150978637,0.14043,0.00000,0.09179,-0.00045,-0.04544,0.00000
32.2237,-1.681712123257417,-1.4866310566662897,1.3525204054193165,-2.0336695428176905,-1.7376110988916624,3.0736901524972784,0.18467,0.00000,0.18418,-0.00000,-0.00046,0.00000
32.2570,-1.6770949853260948,-1.4866310566662897,1.3571373807793543,-2.03366954433633,-1.7391298917357674,3.073690152512465,0.13888,0.00000,0.13887,-0.00000,-0.04568,0.00000
32.2905,-1.6770488139467814,-1.4866310566662897,1.3571835505329548,-2.0336695443515165,-1.7391450796642085,3.073690152512617,0.00138,0.00000,0.00138,-0.00000,-0.00045,0.00000
32.3244,-1.6709737883129612,-1.4866310566662897,1.3602212941905047,-2.0336695443516684,-1.7406638725235,3.073690152512618,0.17906,0.00000,0.08954,-0.00000,-0.04477,0.00000
32.3571,-1.6602825511965753,-1.4866310566662897,1.3617703126070868,-2.0351881853316773,-1.7421977014320993,3.073690152512618,0.32730,0.00000,0.04742,-0.04649,-0.04696,0.00000
32.3905,-1.6525824339253774,-1.4866310566662897,1.3617858027912526,-2.0352033717414773,-1.7422130397211852,3.073690152512618,0.23073,0.00000,0.00046,-0.00046,-0.00046,0.00000
32.4238,-1.6449122278526318,-1.4866310566662897,1.3617859576930942,-2.0352035236055754,-1.7422131931040763,3.075208793492625,0.23022,0.00000,0.00000,-0.00000,-0.00000,0.04558
32.4572,-1.6357236799118635,-1.4866310566662897,1.3617859592421127,-2.033684884144209,-1.7422131946379051,3.076742620882432,0.27490,0.00000,0.00000,0.04543,-0.00000,0.04589
32.4904,-1.628038589532422,-1.4866310566662897,1.361785959257603,-2.033669697749595,-1.7422131946532433,3.07675795915633,0.23137,0.00000,0.00000,0.00046,-0.00000,0.00046
32.5237,-1.6218871747086003,-1.4866310566662897,1.3617859592577577,-2.0336695458856493,-1.7422131946533967,3.078276753519075,0.18462,0.00000,0.00000,0.00000,-0.00000,0.04558
32.5572,-1.6142324556603282,-1.4866310566662897,1.3617859592577592,-2.03366954436701,-1.7406945536733918,3.0782919414627026,0.22846,0.00000,0.00000,0.00000,0.04533,0.00045
32.5905,-1.6065627035698116,-1.4866310566662897,1.3617859592577592,-2.0336695443518233,-1.7391607262835846,3.0782920933421387,0.23042,0.00000,0.00000,0.00000,0.04608,0.00000
32.6238,-1.5988928011488726,-1.4866310566662897,1.3617859592577592,-2.0336695443516715,-1.7391453880096868,3.078292094860933,0.23049,0.00000,0.00000,0.00000,0.00046,0.00000
32.6571,-1.585148333304602,-1.4866310566662897,1.3617859592577592,-2.03366954435167,-1.7376265936469406,3.079810735856128,0.41287,0.00000,0.00000,0.00000,0.04562,0.04562
32.6903,-1.5850108886261594,-1.4866310566662897,1.3617859592577592,-2.03366954435167,-1.7376114057033132,3.0798259222660804,0.00413,0.00000,0.00000,0.00000,0.00046,0.00046
32.7241,-1.5743790273193277,-1.4866310566662897,1.3617859592577592,-2.03366954435167,-1.737611253823877,3.0813447151101867,0.31468,0.00000,0.00000,0.00000,0.00000,0.04495
32.7572,-1.554530375966171,-1.4866310566662897,1.3617859592577592,-2.03366954435167,-1.7376112523050826,3.0813599030386274,0.59972,0.00000,0.00000,0.00000,0.00000,0.00046
32.7906,-1.5421827616125852,-1.4866310566662897,1.3617859592577592,-2.03366954435167,-1.7376112522898948,3.0828786958979193,0.37043,0.00000,0.00000,0.00000,0.00000,0.04556
32.8241,-1.5223169527289608,-1.485112415686283,1.3602673182777527,-2.03366954435167,-1.737611252289743,3.0828938838265123,0.59230,0.04528,-0.04528,0.00000,0.00000,0.00045
32.8572,-1.5099691668000703,-1.4850972292764828,1.3617707728479593,-2.0351881853316773,-1.7376112522897413,3.082894035705798,0.37324,0.00046,0.04545,-0.04590,0.00000,0.00000
32.8905,-1.499215202080734,-1.4850970774123848,1.3617858073936613,-2.0352033717414773,-1.7376112522897413,3.082894037224591,0.32257,0.00000,0.00045,-0.00046,0.00000,0.00000
32.9238,-1.4899958165535,-1.4850970758937438,1.3617859577391183,-2.0352035236055754,-1.7360926113097348,3.082894037239779,0.27685,0.00000,0.00000,-0.00000,0.04560,0.00000
32.9572,-1.4777544948581733,-1.4850970758785575,1.361785959242573,-2.035203525124216,-1.7375960658799412,3.0844126782199375,0.36685,0.00000,0.00000,-0.00000,-0.04506,0.04551
32.9907,-1.4700388767411863,-1.4850970758784057,1.3617859592576074,-2.0352035251394027,-1.7360924594456368,3.085946505609746,0.23023,0.00000,0.00000,-0.00000,0.04487,0.04577
33.0240,-1.459331233699969,-1.4850970758784041,1.3617859592577577,-2.0352035251395546,-1.7360774233812937,3.085961843883644,0.32130,0.00000,0.00000,-0.00000,0.00045,0.00046
33.0572,-1.4485936704095093,-1.4850970758784041,1.3617859592577592,-2.035203525139556,-1.7360772730206502,3.088999279226396,0.32357,0.00000,0.00000,-0.00000,0.00000,0.09153
33.0904,-1.437855807916557,-1.4850970758784041,1.3617859592577592,-2.0367221661195627,-1.7360772715170438,3.0920669355398376,0.32342,0.00000,0.00000,-0.04574,0.00000,0.09240
33.1239,-1.4301552243915936,-1.4835784348983971,1.3617859592577592,-2.0382559935093694,-1.7360772715020079,3.0920976121029717,0.23035,0.04543,0.00000,-0.04588,0.00000,0.00092
33.1574,-1.4255222956163238,-1.4820446075085902,1.3602673182777527,-2.0382713317832675,-1.7360772715018573,3.0920979188686033,0.13814,0.04573,-0.04528,-0.00046,0.00000,0.00001
33.1904,-1.4178827614285372,-1.4805106282546854,1.3602521318679528,-2.0382714851660064,-1.736077271501856,3.0920979219362597,0.23124,0.04643,-0.00046,-0.00000,0.00000,0.00000
33.2239,-1.411731802166632,-1.47897664748214,1.3617706209838611,-2.038271486699834,-1.736077271501856,3.092097921966936,0.18377,0.04583,0.04537,-0.00000,0.00000,0.00000
33.2571,-1.4055957286539857,-1.4774426666944074,1.3617858058750203,-2.038271486715172,-1.736077271501856,3.092097921967243,0.18488,0.04622,0.00046,-0.00000,0.00000,0.00000
33.2904,-1.3994598039988322,-1.4759086859065234,1.361785957723932,-2.0382714867153258,-1.7345586305218492,3.090579280987239,0.18422,0.04606,0.00000,-0.00000,0.04560,-0.04560
33.3238,-1.3933238808322534,-1.4758933460986445,1.363304600222428,-2.038271486715327,-1.734543444112049,3.0905640945774393,0.18348,0.00046,0.04541,-0.00000,0.00045,-0.00045
33.3575,-1.3887065986605676,-1.474374551720559,1.3648384276274197,-2.038271486715327,-1.7345432922479511,3.089045301733334,0.13710,0.04510,0.04554,0.00000,0.00000,-0.04510
33.3907,-1.3841045028988304,-1.4743593637767782,1.3694096888414902,-2.038271486715327,-1.7345432907293101,3.089030113804893,0.13882,0.00046,0.13789,0.00000,0.00000,-0.00046
33.4239,-1.377983918021186,-1.4743592118973403,1.3755299653736577,-2.038271486715327,-1.7345432907141236,3.0890299619256085,0.18434,0.00000,0.18433,0.00000,0.00000,-0.00000
33.4573,-1.3748854302123958,-1.474359210378546,1.380147091079,-2.038271486715327,-1.7345432907139717,3.0905486013868226,0.09256,0.00000,0.13792,0.00000,0.00000,0.04537
33.4905,-1.3702985223942874,-1.4728405693833513,1.3847491852760736,-2.038271486715327,-1.7345432907139702,3.089045146801428,0.13835,0.04581,0.13881,0.00000,0.00000,-0.04535
33.5240,-1.367215371356093,-1.4713067419933923,1.3893511291580647,-2.039790127695334,-1.7345432907139702,3.089030112255574,0.09207,0.04580,0.13742,-0.04535,0.00000,-0.00045
33.5573,-1.3641472578856972,-1.4712914037194926,1.392434430556898,-2.039805314105134,-1.7345432907139702,3.089029961910115,0.09204,0.00046,0.09250,-0.00046,0.00000,-0.00000
33.5905,-1.3625979357709865,-1.4697726093567471,1.3970211865109068,-2.0443613889092522,-1.7345432907139702,3.089029960406661,0.04670,0.04578,0.13826,-0.13733,0.00000,-0.00000
33.6248,-1.3610638015698326,-1.468238780433113,1.4016229770104673,-2.0504815135773207,-1.7345432907139702,3.0875113194116195,0.04468,0.04467,0.13402,-0.17824,0.00000,-0.04423
33.6572,-1.3595298192478142,-1.4606302372438424,1.4047062768754763,-2.058135919724035,-1.7345432907139702,3.087496133001669,0.04734,0.23481,0.09516,-0.23623,0.00000,-0.00047
33.6905,-1.3579958384445874,-1.4484050239718957,1.4047371098741264,-2.0658056686855364,-1.7345432907139702,3.0874959811375695,0.04614,0.36770,0.00093,-0.23068,0.00000,-0.00000
33.7241,-1.3534245756965346,-1.4376522849791287,1.4047374182041128,-2.073475571075185,-1.7330246497339632,3.085977338638922,0.13600,0.31991,0.00001,-0.22819,0.04518,-0.04518
33.7573,-1.348822940129034,-1.4299515526891673,1.4047374212874126,-2.081145474999116,-1.7330094633241633,3.084443511233929,0.13861,0.23196,0.00000,-0.23103,0.00046,-0.04620
33.7907,-1.3427023598533316,-1.4268372634062538,1.4047374213182457,-2.087296737958382,-1.7345279524400723,3.082909531979872,0.18318,0.09321,0.00000,-0.18410,-0.04545,-0.04591
33.8239,-1.3380852311105544,-1.4252874795334178,1.404737421318554,-2.0995073784280294,-1.7330244963512242,3.0813755512073246,0.13894,0.04664,0.00000,-0.36745,0.04524,-0.04616
33.8572,-1.3350017778631131,-1.4237533407146827,1.404737421318557,-2.108741330712766,-1.7330094617903358,3.081360211399599,0.09274,0.04614,0.00000,-0.27772,0.00045,-0.00046
33.8904,-1.3349709433306387,-1.419182076386475,1.4047374213185573,-2.1164268751356476,-1.733009311444727,3.079841417021515,0.00093,0.13768,0.00000,-0.23147,0.00000,-0.04574
33.9238,-1.3334519940053071,-1.4085058768831455,1.4047374213185573,-2.121059653519897,-1.733009309941271,3.0798262290777343,0.04549,0.31974,0.00000,-0.13875,0.00000,-0.00045
33.9572,-1.3303995225520402,-1.3932127050880443,1.4047374213185573,-2.1256619042437594,-1.7330093099262363,3.0798260771982964,0.09135,0.45769,0.00000,-0.13773,0.00000,-0.00000
33.9906,-1.3303689978375075,-1.3854665684700596,1.4047374213185573,-2.1272265677310047,-1.733009309926086,3.079826075679502,0.00091,0.23206,0.00000,-0.04687,0.00000,-0.00000
34.0239,-1.3303686925903622,-1.3777959022038455,1.4062560622985643,-2.131798137305898,-1.7330093099260844,3.078307434684307,0.00001,0.23017,0.04557,-0.13718,0.00000,-0.04557
34.0572,-1.3258127665978703,-1.3746819135811699,1.4062712487083642,-2.1363997759416673,-1.7330093099260844,3.079810889254362,0.13676,0.09348,0.00046,-0.13814,0.00000,0.04513
34.0906,-1.3181740024379116,-1.3700948507549227,1.4047527595924552,-2.1425203562480517,-1.7330093099260844,3.0798259238000627,0.22869,0.13733,-0.04546,-0.18324,0.00000,0.00045
34.1238,-1.312023050876285,-1.3639744162066332,1.40321893372129,-2.15017476695115,-1.7345279509060914,3.0798260741455197,0.18550,0.18458,-0.04626,-0.23084,-0.04580,0.00000
34.1571,-1.3104429003806617,-1.3548013659811098,1.4001663135025642,-2.1563258749782075,-1.7345431373158915,3.0798260756489744,0.04741,0.27525,-0.09160,-0.18457,-0.00046,0.00000
34.1906,-1.3104270988757056,-1.3486350715588273,1.3970985053403635,-2.1624619499785056,-1.7345432891799895,3.0798260756640086,0.00047,0.18411,-0.09160,-0.18321,-0.00000,0.00000
34.2238,-1.310426940860656,-1.3394615627345638,1.394030545298728,-2.1685978746485355,-1.7345432906986304,3.079826075664159,0.00000,0.27618,-0.09237,-0.18473,-0.00000,0.00000
34.2572,-1.3104269392805055,-1.333295263726294,1.3939998656983117,-2.174733797815263,-1.734543290713817,3.0783074346841532,0.00000,0.18454,-0.00092,-0.18363,-0.00000,-0.04545
34.2906,-1.3104269392647039,-1.327159036816184,1.3939995589023075,-2.183907002926971,-1.7345432907139686,3.0767736072943475,0.00000,0.18400,-0.00001,-0.27506,-0.00000,-0.04599
34.3237,-1.310426939264546,-1.321023110627056,1.395518196814354,-2.193110580858129,-1.7345432907139702,3.075239628040442,0.00000,0.18501,0.04579,-0.27751,-0.00000,-0.04625
34.3572,-1.3104269392645445,-1.3164058284251443,1.3955333831934744,-2.202314462517481,-1.7345432907139702,3.0737056472678965,0.00000,0.13788,0.00045,-0.27485,0.00000,-0.04581
34.3906,-1.3119455802445512,-1.3133223736431114,1.3955335350572655,-2.2115183472141156,-1.7345432907139702,3.0721716664801644,-0.04547,0.09232,0.00000,-0.27557,0.00000,-0.04593
34.4240,-1.3119607666543511,-1.3072169751752643,1.3955335365759034,-2.219203590961116,-1.7345432907139702,3.0721563266722867,-0.00046,0.18306,0.00000,-0.23043,0.00000,-0.00046
34.4572,-1.3119609185184493,-1.3025999982505652,1.39553353659109,-2.2283922892786263,-1.736061931693977,3.0706375322942008,-0.00000,0.13884,0.00000,-0.27632,-0.04567,-0.04567
34.4905,-1.3134795610170968,-1.2949606235812845,1.3940148956112355,-2.234558740181829,-1.736077118103777,3.07062234435042,-0.04569,0.22983,-0.04569,-0.18552,-0.00046,-0.00046
34.5240,-1.3134947474420835,-1.2888096659145645,1.393999709201437,-2.239176327630881,-1.736077269967875,3.070622192470982,-0.00045,0.18358,-0.00045,-0.13782,-0.00000,-0.00000
34.5572,-1.316532181266347,-1.28267359241787,1.392480916357332,-2.2437784264453917,-1.736077271486516,3.070622190952188,-0.09152,0.18488,-0.04576,-0.13866,-0.00000,-0.00000
34.5907,-1.3180811965845964,-1.2795749497228894,1.3924657284288908,-2.2468617293935504,-1.7360772715017025,3.0706221909369997,-0.04616,0.09233,-0.00045,-0.09187,-0.00000,-0.00000
34.6239,-1.3196153277177856,-1.278025322315933,1.3924655765496063,-2.246892562423032,-1.7360772715018544,3.070622190936848,-0.04625,0.04671,-0.00000,-0.00093,-0.00000,-0.00000
34.6571,-1.3196306690291173,-1.2764911850618565,1.3909469340508072,-2.248411511733334,-1.7360772715018558,3.0691035499568406,-0.00046,0.04622,-0.04575,-0.04576,-0.00000,-0.04575
34.6917,-1.3211494634222374,-1.274957202709309,1.3894131066458122,-2.2514639831864507,-1.736077271501856,3.0690883635470407,-0.04390,0.04434,-0.04433,-0.08822,-0.00000,-0.00044
34.7239,-1.3226832923461755,-1.2688672989657566,1.3893977683717622,-2.254531789860995,-1.736077271501856,3.0690882116829425,-0.04757,0.18886,-0.00048,-0.09514,0.00000,-0.00000
34.7572,-1.322698630635415,-1.261213195028287,1.3893976149890217,-2.2591183908677612,-1.736077271501856,3.0690882101643013,-0.00046,0.23011,-0.00000,-0.13789,0.00000,-0.00000
34.7906,-1.324217424998314,-1.2520248081088716,1.3909162544352012,-2.262201538837842,-1.736077271501856,3.0690882101491153,-0.04549,0.27523,0.04549,-0.09235,0.00000,-0.00000
34.8238,-1.324232612941943,-1.2458583603196502,1.3939687227896764,-2.262232370317543,-1.736077271501856,3.0660509281889494,-0.00046,0.18566,0.09190,-0.00093,0.00000,-0.09145
34.8572,-1.3242327648213794,-1.2397221319217309,1.3970365294332345,-2.2607140376523334,-1.7345586305218492,3.056908709489307,-0.00000,0.18358,0.09178,0.04542,0.04543,-0.27351
34.8904,-1.3242327663401738,-1.2335862057177247,1.4001044894596837,-2.2591802133456746,-1.734543444112049,3.0431495184822497,-0.00000,0.18476,0.09238,0.04618,0.00046,-0.41430
34.9239,-1.3242327663553617,-1.2320062054756777,1.4031724510199621,-2.259164875102608,-1.7330246512679441,3.035418721672145,-0.00000,0.04723,0.09170,0.00046,0.04540,-0.23107
34.9570,-1.3257514073355203,-1.2304717644932504,1.403203130635565,-2.2561274397601636,-1.733009463339503,3.0292668497840167,-0.04580,0.04628,0.00093,0.09161,0.00046,-0.18555
34.9906,-1.325766593745322,-1.230456420083426,1.4077593603717413,-2.254578424426732,-1.7330093114602185,3.0276866900851283,-0.00045,0.00046,0.13583,0.04618,0.00000,-0.04711
35.0238,-1.327285386589427,-1.230456266639328,1.4108422046291165,-2.253044293293391,-1.7330093099414257,3.027670888488139,-0.04575,0.00000,0.09286,0.04621,0.00000,-0.00048
35.0572,-1.327300574517868,-1.230456265104887,1.4139103150317038,-2.2515103110020513,-1.7330093099262378,3.0291893714521763,-0.00045,0.00000,0.09177,0.04588,0.00000,0.04542
35.0906,-1.3273007263971524,-1.2304562650895425,1.4154596371157364,-2.2514949711791377,-1.733009309926086,3.0276859153018094,-0.00000,0.00000,0.04641,0.00046,0.00000,-0.04503
35.1248,-1.3273007279159452,-1.2289376241093826,1.4185124122965902,-2.251494817780909,-1.7330093099260844,3.027670880740306,-0.00000,0.04435,0.08915,0.00000,0.00000,-0.00044
35.1573,-1.3288193689111396,-1.2243665147595604,1.4230988629884194,-2.2514948162469266,-1.7330093099260844,3.027670730394691,-0.04674,0.14069,0.14116,0.00000,0.00000,-0.00000
35.1906,-1.3288345553210916,-1.2182462397460352,1.4246633684753442,-2.2514948162315864,-1.7330093099260844,3.027670728891235,-0.00046,0.18373,0.04697,0.00000,0.00000,-0.00000
35.2240,-1.3273160662051846,-1.2136291140558795,1.4261976545102202,-2.251494816231433,-1.7330093099260844,3.0276707288762004,0.04559,0.13862,0.04606,0.00000,0.00000,-0.00000
35.2572,-1.3273008813140255,-1.212064301818971,1.4277316383505758,-2.2469388932914107,-1.7330093099260844,3.02767072887605,0.00046,0.04704,0.04612,0.13696,0.00000,-0.00000
35.2907,-1.327300729465114,-1.2105300127165952,1.4292656191689859,-2.2453746930820038,-1.7314906689460778,3.0276707288760485,0.00000,0.04587,0.04586,0.04676,0.04540,-0.00000
35.3239,-1.327300727946625,-1.2105146698255715,1.4353555228971973,-2.2453590510799097,-1.729956841556271,3.0276707288760485,0.00000,0.00046,0.18347,0.00047,0.04621,0.00000
35.3572,-1.32730072793144,-1.2105145163966613,1.4430096268345134,-2.245358894659889,-1.7284228623023663,3.0276707288760485,0.00000,0.00000,0.22987,0.00000,0.04607,0.00000
35.3906,-1.327300727931288,-1.2105145148623722,1.449160731793914,-2.245358893095689,-1.7284075225098272,3.0276707288760485,0.00000,0.00000,0.18415,0.00000,0.00046,0.00000
35.4240,-1.3257820869512795,-1.2105145148470293,1.4628900116635686,-2.2453588930800468,-1.7284073691119017,3.0276707288760485,0.04544,0.00000,0.41081,0.00000,0.00000,0.00000
35.4572,-1.3272855415214866,-1.2105145148468759,1.473657791322313,-2.2453588930798904,-1.7284073675779226,3.0276707288760485,-0.04520,0.00000,0.32372,0.00000,0.00000,0.00000
35.4905,-1.3273005760671885,-1.2105145148468743,1.4828773149989412,-2.2453588930798887,-1.7284073675625828,3.0276707288760485,-0.00045,0.00000,0.27707,0.00000,0.00000,0.00000
35.5237,-1.3273007264126455,-1.2105145148468743,1.4920813561157482,-2.2453588930798887,-1.7284073675624294,3.0276707288760485,-0.00000,0.00000,0.27694,0.00000,0.00000,0.00000
35.5572,-1.3273007279161002,-1.2105145148468743,1.507359806326984,-2.2468775340598954,-1.7284073675624279,3.0276707288760485,-0.00000,0.00000,0.45726,-0.04545,0.00000,0.00000
35.5907,-1.3273007279311346,-1.2105145148468743,1.5075125908290963,-2.2468927204696953,-1.7284073675624279,3.0276707288760485,-0.00000,0.00000,0.00455,-0.00045,0.00000,0.00000
35.6238,-1.3273007279312852,-1.2105145148468743,1.5181446055341647,-2.2484115133138003,-1.7284073675624279,3.0276707288760485,-0.00000,0.00000,0.32162,-0.04594,0.00000,0.00000
35.6571,-1.3273007279312865,-1.2105145148468743,1.5334373354812836,-2.2514639832022554,-1.7299260085424344,3.0276707288760485,-0.00000,0.00000,0.45861,-0.09154,-0.04554,0.00000
35.6919,-1.328819368911293,-1.2105145148468743,1.5427021086607955,-2.2530131488811462,-1.7299411949522343,3.0276707288760485,-0.04372,0.00000,0.26671,-0.04460,-0.00044,0.00000
35.7239,-1.3288345553210932,-1.2105145148468743,1.5519066022726309,-2.253028640537935,-1.728422705836326,3.0276707288760485,-0.00047,0.00000,0.28721,-0.00048,0.04738,0.00000
35.7571,-1.330353348165198,-1.2105145148468743,1.5595918521087835,-2.253028795454503,-1.7284075209451668,3.0276707288760485,-0.04573,0.00000,0.23140,-0.00000,0.00046,0.00000
35.7905,-1.3334058180536528,-1.2105145148468743,1.5702991914671924,-2.2545474379836756,-1.7284073690962551,3.0276707288760485,-0.09136,0.00000,0.32046,-0.04545,0.00000,0.00000
35.8241,-1.3379922656925576,-1.2105145148468743,1.5764808287808036,-2.254562624408967,-1.728407367577766,3.0276707288760485,-0.13669,0.00000,0.18423,-0.00045,0.00000,0.00000
35.8570,-1.34107541212896,-1.2105145148468743,1.582617209073967,-2.256081417253227,-1.7284073675625813,3.0261520878960426,-0.09367,0.00000,0.18643,-0.04614,0.00000,-0.04614
35.8906,-1.3426248845733308,-1.2105145148468743,1.5872344958169189,-2.25609660518167,-1.7284073675624294,3.0261369014862423,-0.04614,0.00000,0.13748,-0.00045,0.00000,-0.00045
35.9240,-1.3426403792977746,-1.2105145148468743,1.5918365916243689,-2.2560967570609542,-1.7284073675624279,3.0261367496221445,-0.00046,0.00000,0.13781,-0.00000,0.00000,-0.00000
35.9572,-1.344159175225026,-1.2105145148468743,1.59795717650247,-2.2560967585797473,-1.7284073675624279,3.0261367481035033,-0.04575,0.00000,0.18437,-0.00000,0.00000,-0.00000
35.9903,-1.3441743631842986,-1.2105145148468743,1.6025743052912715,-2.256096758594935,-1.7284073675624279,3.0261367480883172,-0.00046,0.00000,0.13946,-0.00000,0.00000,-0.00000
36.0239,-1.3472117970239048,-1.2105145148468743,1.6056577585391734,-2.256096758595087,-1.7284073675624279,3.024618107108158,-0.09028,0.00000,0.09165,-0.00000,0.00000,-0.04514
36.0577,-1.3502794533223144,-1.2105145148468743,1.608725875031666,-2.2560967585950884,-1.7284073675624279,3.0230842797183497,-0.09095,0.00000,0.09097,-0.00000,0.00000,-0.04548
36.0905,-1.353347411845312,-1.2105145148468743,1.6133124791366114,-2.2560967585950884,-1.7268887265824209,3.0185130185044318,-0.09334,0.00000,0.13954,0.00000,0.04620,-0.13907
36.1238,-1.3564153733905557,-1.2105145148468743,1.617914268117681,-2.2560967585950884,-1.7268735401726207,3.0139113829522715,-0.09213,0.00000,0.13819,0.00000,0.00046,-0.13818
36.1572,-1.356446053006008,-1.2105145148468743,1.6209975679675053,-2.259134040555102,-1.7268733883085228,3.0108280846367363,-0.00092,0.00000,0.09241,-0.09103,0.00000,-0.09241
36.1905,-1.3564463598021625,-1.2105145148468743,1.624065682926017,-2.259164413374702,-1.7268733867898818,3.0092786106735745,-0.00001,0.00000,0.09204,-0.00091,0.00000,-0.04648
36.2240,-1.357965003850131,-1.2105145148468743,1.6256150050556089,-2.259164717102898,-1.7268733867746953,3.009263115933943,-0.04541,0.00000,0.04632,-0.00001,0.00000,-0.00046
36.2573,-1.3579801902906106,-1.2105145148468743,1.6286677802369183,-2.25916472014018,-1.7268733867745436,3.0092629609865464,-0.00046,0.00000,0.09175,-0.00000,0.00000,-0.00000
36.2904,-1.3579803421550154,-1.2105145148468743,1.6302169489687384,-2.2591647201705527,-1.726873386774542,3.0092629594370726,-0.00000,0.00000,0.04671,-0.00000,0.00000,-0.00000
36.3239,-1.359498984653666,-1.2105145148468743,1.6332697226160702,-2.2591647201708565,-1.726873386774542,3.007744318441571,-0.04537,0.00000,0.09120,-0.00000,0.00000,-0.04537
36.3572,-1.3595141710786525,-1.2105145148468743,1.6348188913325505,-2.2591647201708596,-1.726873386774542,3.006210491051609,-0.00046,0.00000,0.04654,-0.00000,0.00000,-0.04608
36.3910,-1.3595143229429023,-1.2105145148468743,1.6378716649797285,-2.2591647201708596,-1.728392027754549,3.0061951527777095,-0.00000,0.00000,0.09026,0.00000,-0.04490,-0.00045
36.4239,-1.3610329654415518,-1.2105145148468743,1.6379021927162003,-2.2606833611508663,-1.728407214164349,3.00619499939497,-0.04622,0.00000,0.00093,-0.04622,-0.00046,-0.00000
36.4569,-1.362566792846545,-1.2105145148468743,1.637902497993565,-2.2606985475606667,-1.728407366028447,3.006194997861143,-0.04636,0.00000,0.00001,-0.00046,-0.00000,-0.00000
36.4905,-1.3641007721006018,-1.2105145148468743,1.6363838600663316,-2.2606986994247644,-1.728407367547088,3.004676356865798,-0.04570,0.00000,-0.04524,-0.00000,-0.00000,-0.04524
36.5236,-1.3656347528731492,-1.2105145148468743,1.6363686736870593,-2.2606987009434056,-1.7284073675622744,3.0046611704558446,-0.04637,0.00000,-0.00046,-0.00000,-0.00000,-0.00046
36.5573,-1.3656500926808746,-1.2105145148468743,1.6348498808432603,-2.2606987009585917,-1.7284073675624263,3.004661018591745,-0.00046,0.00000,-0.04507,-0.00000,-0.00000,-0.00000
36.5907,-1.365650246078952,-1.2105145148468743,1.6348346929148223,-2.2606987009587436,-1.7284073675624279,3.004661017073104,-0.00000,0.00000,-0.00045,-0.00000,-0.00000,-0.00000
36.6240,-1.3656502476129326,-1.2105145148468743,1.634834541035538,-2.262217341938752,-1.7284073675624279,3.0046610170579173,-0.00000,0.00000,-0.00000,-0.04563,0.00000,-0.00000
36.6573,-1.3656502476282724,-1.212033155826881,1.6348345395167452,-2.262232528348552,-1.7284073675624279,3.004661017057766,-0.00000,-0.04562,-0.00000,-0.00046,0.00000,-0.00000
36.6905,-1.3656502476284258,-1.212048342236681,1.634834539501557,-2.2622326802126502,-1.7284073675624279,3.006179658037771,-0.00000,-0.00046,-0.00000,-0.00000,0.00000,0.04565
36.7237,-1.3656502476284273,-1.212048494100779,1.6348345395014052,-2.262232681731291,-1.7284073675624279,3.006194844447571,-0.00000,-0.00000,-0.00000,-0.00000,0.00000,0.00046
36.7571,-1.3656502476284273,-1.21204849561942,1.634834539501404,-2.2622326817464775,-1.7284073675624279,3.006194996311669,0.00000,-0.00000,-0.00000,-0.00000,0.00000,0.00000
36.7906,-1.3656502476284273,-1.2120484956346065,1.6333158985213967,-2.2622326817466294,-1.7284073675624279,3.0061949978303097,0.00000,-0.00000,-0.04529,-0.00000,0.00000,0.00000
36.8240,-1.3656502476284273,-1.2120484956347584,1.6333007121115968,-2.260714040766624,-1.7284073675624279,3.0046763568654895,0.00000,-0.00000,-0.00046,0.04558,0.00000,-0.04558
36.8572,-1.3656502476284273,-1.21204849563476,1.6333005602474988,-2.260698854356824,-1.7284073675624279,3.0046611704558415,0.00000,-0.00000,-0.00000,0.00046,0.00000,-0.00046
36.8904,-1.3656502476284273,-1.21204849563476,1.6333005587288578,-2.262217343472733,-1.7284073675624279,3.004661018591745,0.00000,0.00000,-0.00000,-0.04562,0.00000,-0.00000
36.9240,-1.3656502476284273,-1.21204849563476,1.6333005587136713,-2.260713887383885,-1.7284073675624279,3.004661017073104,0.00000,0.00000,-0.00000,0.04482,0.00000,-0.00000
36.9573,-1.3671688886084343,-1.21204849563476,1.6317819177335124,-2.2606988528229968,-1.7284073675624279,3.0046610170579173,-0.04562,0.00000,-0.04562,0.00045,0.00000,-0.00000
36.9904,-1.3671840750182345,-1.21204849563476,1.631766731323711,-2.260698702477388,-1.7299260085424344,3.004661017057766,-0.00046,0.00000,-0.00046,0.00000,-0.04585,-0.00000
37.0240,-1.3732587908023595,-1.21204849563476,1.6302479384796063,-2.260698700973932,-1.7284225539722278,3.004661017057764,-0.18091,0.00000,-0.04523,0.00000,0.04477,-0.00000
37.0572,-1.3748381789402075,-1.21204849563476,1.6302327505511653,-2.2606987009588972,-1.7284075194265258,3.004661017057764,-0.04757,0.00000,-0.00046,0.00000,0.00045,0.00000
37.0907,-1.3763726138015928,-1.2135671366147667,1.6302325986718809,-2.2606987009587467,-1.7284073690810688,3.004661017057764,-0.04580,-0.04533,-0.00000,0.00000,0.00000,0.00000
37.1237,-1.3763879581502065,-1.2135823230245666,1.630232597153088,-2.2606987009587454,-1.7299260085576207,3.004661017057764,-0.00046,-0.00046,-0.00000,0.00000,-0.04599,0.00000
37.1572,-1.3763881115936927,-1.2151011158686718,1.6287139561578932,-2.2606987009587454,-1.7299411949523862,3.004661017057764,-0.00000,-0.04534,-0.04533,0.00000,-0.00045,0.00000
37.1905,-1.3763881131281275,-1.2151163037971127,1.6286987697479411,-2.2606987009587454,-1.7299413468163338,3.006179658037771,-0.00000,-0.00046,-0.00046,0.00000,-0.00000,0.04557
37.2239,-1.3763881131434719,-1.2181537376364107,1.6286986178838416,-2.2606987009587454,-1.732978630294987,3.007713485427578,-0.00000,-0.09109,-0.00000,0.00000,-0.09108,0.04600
37.2571,-1.3763881131436253,-1.2181841119748036,1.6286986163652006,-2.2606987009587454,-1.7345276441097803,3.009247464681483,-0.00000,-0.00091,-0.00000,0.00000,-0.04664,0.04619
37.2906,-1.3763881131436269,-1.2181844157181876,1.6286986163500143,-2.2606987009587454,-1.736061775227935,3.009262804474022,-0.00000,-0.00001,-0.00000,0.00000,-0.04572,0.00046
37.3237,-1.3763881131436269,-1.2197030597356282,1.6286986163498625,-2.2606987009587454,-1.73455847555911,3.0092629578719476,0.00000,-0.04593,-0.00000,0.00000,0.04546,0.00000
37.3572,-1.3763881131436269,-1.2197182461758025,1.6271799753698544,-2.2606987009587454,-1.7345434425624218,3.009262959405927,0.00000,-0.00045,-0.04533,0.00000,0.00045,0.00000
37.3905,-1.3763881131436269,-1.221237039020211,1.6271647889600542,-2.2606987009587454,-1.7345432922324548,3.0092629594212665,0.00000,-0.04558,-0.00046,0.00000,0.00000,0.00000
37.4240,-1.37486947216362,-1.2212522269486552,1.6271646370959563,-2.2606987009587454,-1.736061931709162,3.0092629594214197,0.04538,-0.00045,-0.00000,0.00000,-0.04538,0.00000
37.4573,-1.3748542857538202,-1.2227710198079464,1.6271646355773153,-2.2606987009587454,-1.7345584771239222,3.0092629594214215,0.00046,-0.04552,-0.00000,0.00000,0.04506,0.00000
37.4905,-1.374854133889722,-1.2227862077365392,1.625645994582122,-2.2606987009587454,-1.7345434425780697,3.0092629594214215,0.00000,-0.00046,-0.04575,0.00000,0.00045,0.00000
37.5241,-1.3763727733510878,-1.224305000595832,1.62563080817217,-2.2606987009587454,-1.7345432922326112,3.0092629594214215,-0.04529,-0.04529,-0.00045,0.00000,0.00000,0.00000
37.5572,-1.3763879597457016,-1.2243201885244248,1.6256306563080705,-2.2606987009587454,-1.7345432907291567,3.0092629594214215,-0.00046,-0.00046,-0.00000,0.00000,0.00000,0.00000
37.5908,-1.3763881116096477,-1.2258389813837176,1.6256306547894295,-2.2606987009587454,-1.7360619316941288,3.0092629594214215,-0.00000,-0.04532,-0.00000,0.00000,-0.04531,0.00000
37.6239,-1.3763881131282871,-1.2258541693123104,1.625630654774243,-2.2606987009587454,-1.7360771181037786,3.0077443184414148,-0.00000,-0.00046,-0.00000,0.00000,-0.00046,-0.04577
37.6573,-1.3763881131434734,-1.2258543211915964,1.625630654774091,-2.2606987009587454,-1.736077269967875,3.0077291320316144,-0.00000,-0.00000,-0.00000,0.00000,-0.00000,-0.00046
37.6905,-1.3763881131436253,-1.228891604670403,1.6256306547740897,-2.2606987009587454,-1.736077271486516,3.0077289801675167,-0.00000,-0.09124,-0.00000,0.00000,-0.00000,-0.00000
37.7241,-1.3779067541236338,-1.2304406184851977,1.6256306547740897,-2.2606987009587454,-1.737595912481709,3.0077289786488755,-0.04530,-0.04621,0.00000,0.00000,-0.04530,-0.00000
37.7573,-1.3794405815134405,-1.2304561086233456,1.624112013794083,-2.2606987009587454,-1.7376110988916609,3.0077289786336894,-0.04620,-0.00047,-0.04574,0.00000,-0.00046,-0.00000
37.7908,-1.3824932017473521,-1.2319749045047341,1.6240968273842828,-2.2606987009587454,-1.7391298917357674,3.0077289786335375,-0.09098,-0.04527,-0.00045,0.00000,-0.04527,-0.00000
37.8239,-1.3840423689296981,-1.2319900924635478,1.6240966755201849,-2.2591800599787386,-1.7391450796642085,3.0077289786335357,-0.04689,-0.00046,-0.00000,0.04596,-0.00046,-0.00000
37.8573,-1.3855765015815285,-1.2335088853231428,1.624096674001544,-2.2591648735689387,-1.739145231543493,3.0077289786335357,-0.04590,-0.04544,-0.00000,0.00045,-0.00000,0.00000
37.8905,-1.3855918429080467,-1.2350427142317455,1.6240966739863574,-2.256127439744827,-1.7391452330622859,3.0077289786335357,-0.00046,-0.04614,-0.00000,0.09138,-0.00000,0.00000
37.9241,-1.385591996321312,-1.2411326164408585,1.6240966739862055,-2.256097065406586,-1.7376265920974667,3.0077289786335357,-0.00000,-0.18154,-0.00000,0.00091,0.04527,0.00000
37.9571,-1.3855919978554445,-1.2487867203629839,1.6256153149662107,-2.2560967616632035,-1.7376114056878185,3.0077289786335357,-0.00000,-0.23166,0.04596,0.00001,0.00046,0.00000
37.9905,-1.3871106388507926,-1.2519005433622186,1.6256305013760108,-2.2560967586257696,-1.737611253823722,3.0062103376535285,-0.04544,-0.09317,0.00045,0.00000,0.00000,-0.04544
38.0240,-1.3886444662407529,-1.2534503225722178,1.6256306532401088,-2.2560967585953953,-1.737611252305081,3.0061951512437286,-0.04582,-0.04630,0.00000,0.00000,0.00000,-0.00045
38.0572,-1.391697086474666,-1.2534658203643179,1.6256306547587498,-2.2560967585950915,-1.7376112522898948,3.0061949993796304,-0.09206,-0.00047,0.00000,0.00000,0.00000,-0.00000
38.0905,-1.3932462536570118,-1.2549846163222456,1.6241120137939296,-2.2560967585950884,-1.737611252289743,3.0061949978609896,-0.04648,-0.04557,-0.04556,0.00000,0.00000,-0.00000
38.1238,-1.3947803863088424,-1.254999804281825,1.6225781864042748,-2.2560967585950884,-1.7376112522897413,3.0077136388258103,-0.04600,-0.00046,-0.04599,0.00000,0.00000,0.04553
38.1572,-1.3947957276353606,-1.2565185971414274,1.6225628481303782,-2.2560967585950884,-1.7376112522897413,3.006210184255451,-0.00046,-0.04555,-0.00046,0.00000,0.00000,-0.04509
38.1906,-1.3963145220286326,-1.2610897080100436,1.6195254127876253,-2.2560967585950884,-1.7376112522897413,3.0061951497097477,-0.04542,-0.13669,-0.09083,0.00000,0.00000,-0.00045
38.2239,-1.3993669919325786,-1.2656913420587503,1.6164577564741842,-2.254578117615081,-1.7391298932697483,3.0061949993642907,-0.09163,-0.13813,-0.09208,0.04558,-0.04558,-0.00000
38.2572,-1.400916157611625,-1.2702932813392578,1.614908438931043,-2.2545629312052813,-1.7406637206595552,3.007713638840843,-0.04653,-0.13824,-0.04654,0.00046,-0.04607,0.04562
38.2905,-1.403968931228429,-1.2718579417120695,1.6103370228155915,-2.254562779341183,-1.7421976999134599,3.007728825235609,-0.09174,-0.04702,-0.13738,0.00000,-0.04610,0.00046
38.3239,-1.4070367409246107,-1.2749108702758112,1.6042167447344098,-2.250006854882522,-1.743731680686006,3.0077289770995566,-0.09180,-0.09136,-0.18315,0.13634,-0.04590,0.00000
38.3574,-1.4070674190215726,-1.2749413995614485,1.596562337053564,-2.246924013677922,-1.7437470204937313,3.007728978618196,-0.00092,-0.00091,-0.22861,0.09207,-0.00046,0.00000
38.3904,-1.4070677258025421,-1.274941704854305,1.5919298700367353,-2.2453745442858692,-1.7437471738918087,3.0077289786333825,-0.00001,-0.00001,-0.14027,0.04692,-0.00000,0.00000
38.4241,-1.407067728870352,-1.2779789898672473,1.5873276224265465,-2.2438404086119417,-1.7437471754257894,3.0077289786335344,-0.00000,-0.09015,-0.13660,0.04554,-0.00000,0.00000
38.4572,-1.40706772890103,-1.2780093627173768,1.5812070360304173,-2.2423064262751957,-1.7437471754411291,3.0077289786335357,-0.00000,-0.00092,-0.18505,0.04638,-0.00000,0.00000
38.4907,-1.4070677289013367,-1.2856028713459118,1.5735526252664223,-2.242291086451828,-1.7422285344612756,3.0062103376535285,-0.00000,-0.22692,-0.22874,0.00046,0.04538,-0.04538
38.5241,-1.4085863698813466,-1.293272011332231,1.5674015172387552,-2.239253651093581,-1.7422133480514772,3.007713792223736,-0.04538,-0.22917,-0.18381,0.09076,0.00045,0.04493
38.5573,-1.4086015562911467,-1.2963859846921078,1.5582281602784378,-2.2377046357599917,-1.742213196187379,3.0062101857894308,-0.00046,-0.09376,-0.27622,0.04664,0.00000,-0.04527
38.5905,-1.4086017081552447,-1.2964171244257066,1.5581364267088347,-2.237689145606656,-1.742213194668738,3.0061951497250874,-0.00000,-0.00094,-0.00277,0.00047,0.00000,-0.00045
38.6241,-1.4086017096738856,-1.2979360768030492,1.5535795864331183,-2.2361703497251155,-1.7422131946535517,3.0061949993644443,-0.00000,-0.04518,-0.13553,0.04517,0.00000,-0.00000
38.6572,-1.4086017096890722,-1.3009885482868362,1.5489780950903407,-2.2361551617663,-1.7422131946533999,3.0061949978608378,-0.00000,-0.09223,-0.13904,0.00046,0.00000,-0.00000
38.6904,-1.408601709689224,-1.3070936369217014,1.5443761572368926,-2.236155009886712,-1.7422131946533983,3.006194997845802,-0.00000,-0.18368,-0.13846,0.00000,0.00000,-0.00000
38.7239,-1.4086017096892254,-1.313229251728077,1.5443301378583583,-2.2346363673879095,-1.7422131946533983,3.0061949978456513,-0.00000,-0.18314,-0.00137,0.04533,0.00000,-0.00000
38.7572,-1.411638991649239,-1.3163278898361546,1.5428110366845662,-2.2315838990029078,-1.7422131946533983,3.00619499784565,-0.09141,-0.09326,-0.04572,0.09187,0.00000,-0.00000
38.7905,-1.4162252874088594,-1.317877517197242,1.5412772046928214,-2.2285160923590444,-1.7422131946533983,3.00619499784565,-0.13756,-0.04648,-0.04600,0.09201,0.00000,0.00000
38.8238,-1.4208270733064758,-1.317893013470853,1.5367059434328834,-2.2239294913525853,-1.7422131946533983,3.00619499784565,-0.13802,-0.00046,-0.13711,0.13757,0.00000,0.00000
38.8571,-1.4223917321454589,-1.3194118094135958,1.5336229488602708,-2.2193277024025004,-1.7422131946533983,3.00619499784565,-0.04710,-0.04572,-0.09280,0.13852,0.00000,0.00000
38.8905,-1.4224073787338487,-1.32094563835303,1.5290361959745242,-2.214725761572979,-1.7422131946533983,3.00619499784565,-0.00047,-0.04593,-0.13734,0.13780,0.00000,0.00000
38.9240,-1.4239261761797395,-1.3270355405624514,1.5274716874656598,-2.208605178244657,-1.7422131946533983,3.00619499784565,-0.04529,-0.18160,-0.04665,0.18251,0.00000,0.00000
38.9571,-1.426978646114212,-1.3346896444845797,1.5213814784605442,-2.2024694084913463,-1.7422131946533983,3.00619499784565,-0.09210,-0.23095,-0.18376,0.18514,0.00000,0.00000
38.9905,-1.4315650937535769,-1.3393221084638214,1.5122087304904523,-2.1932962049137728,-1.7437318356334053,3.00619499784565,-0.13737,-0.13875,-0.27474,0.27475,-0.04549,0.00000
39.0238,-1.436166881169991,-1.3439243560436338,1.49844923419069,-2.1749807811179154,-1.7422283810631984,3.00619499784565,-0.13834,-0.13835,-0.41364,0.55060,0.04520,0.00000
39.0573,-1.4392501810041687,-1.3454890194994389,1.4846438704076315,-2.1626484990399026,-1.7422133465174963,3.00619499784565,-0.09207,-0.04672,-0.41225,0.36826,0.00045,0.00000
39.0905,-1.442318295962524,-1.345504666133997,1.4647634840297128,-2.1397455615190206,-1.7422131961720393,3.00619499784565,-0.09233,-0.00047,-0.59827,0.68923,0.00000,0.00000
39.1240,-1.4438676180921144,-1.3455048226003425,1.4493782703658658,-2.124330122343744,-1.7422131946685848,3.00619499784565,-0.04625,-0.00000,-0.45929,0.46019,0.00000,0.00000
39.1573,-1.4438831113134103,-1.345504824165006,1.4492244182292273,-2.124175967951991,-1.7422131946535502,3.00619499784565,-0.00047,-0.00000,-0.00463,0.00463,0.00000,0.00000
39.1904,-1.4454019072256301,-1.3470234651606594,1.434036469907793,-2.1120252985680197,-1.7406945536733933,3.00619499784565,-0.04578,-0.04578,-0.45782,0.36627,0.04578,0.00000
39.2242,-1.4530103000847863,-1.347038651570616,1.4156608986644972,-2.096717382074112,-1.7406793672635918,3.00619499784565,-0.22548,-0.00045,-0.54457,0.45366,0.00045,0.00000
39.2573,-1.4606795889134114,-1.3470388034347156,1.4063652970720235,-2.088971098009139,-1.7391605744194867,3.00619499784565,-0.23141,-0.00000,-0.28049,0.23374,0.04583,0.00000
39.2907,-1.466830845721725,-1.3470388049533566,1.3971604951760581,-2.0813004302684557,-1.7391453864910458,3.00619499784565,-0.18428,-0.00000,-0.27576,0.22980,0.00046,0.00000
39.3241,-1.4729669222098352,-1.35311336888857,1.3803633963770239,-2.0599627498709534,-1.7391452346117613,3.00619499784565,-0.18345,-0.18161,-0.50218,0.63792,0.00000,0.00000
39.3577,-1.4745469239547233,-1.3562113964879359,1.3710835795089926,-2.0460816042469174,-1.7391452330929684,3.00619499784565,-0.04703,-0.09221,-0.27620,0.41315,0.00000,0.00000
39.3906,-1.4791186469121926,-1.3577610177439363,1.3618789354602716,-2.0307563829906092,-1.7376265920977736,3.00619499784565,-0.13899,-0.04711,-0.27984,0.46592,0.04617,0.00000
39.4240,-1.4791643641417673,-1.3577765139564963,1.3617868890197844,-2.0306031307780463,-1.7376114056878216,3.00619499784565,-0.00137,-0.00046,-0.00276,0.00459,0.00046,0.00000
39.4570,-1.486758026214097,-1.357776668918622,1.3526741226753392,-2.0154151884558527,-1.7360926128437155,3.007713638825657,-0.23002,-0.00000,-0.27604,0.46006,0.04601,0.04600
39.4905,-1.495945808714861,-1.3577766704682432,1.341952508151847,-1.9924836943325288,-1.7360774249152744,3.00621018425545,-0.27455,-0.00000,-0.32038,0.68523,0.00045,-0.04493
39.5239,-1.5005936094798886,-1.3577766704837393,1.3342520871065784,-1.9785866105712344,-1.7360772730359901,3.007713790689755,-0.13918,-0.00000,-0.23059,0.41615,0.00000,0.04503
39.5570,-1.5036773694475527,-1.3577766704838943,1.3265818779960916,-1.9647798709135609,-1.7360772715171973,3.007728826754098,-0.09299,-0.00000,-0.23130,0.41634,0.00000,0.00045
39.5906,-1.5067454890072431,-1.3577766704838958,1.3204306119849596,-1.9540113166569364,-1.7360772715020092,3.0077289771147413,-0.09133,-0.00000,-0.18311,0.32056,0.00000,0.00000
39.6243,-1.5098134521628532,-1.3592953114639026,1.3142945354048212,-1.9432731442543227,-1.7360772715018573,3.0062103376383407,-0.09124,-0.04517,-0.18249,0.31936,0.00000,-0.04517
39.6573,-1.5144000547344298,-1.3593104978737027,1.3081586107189924,-1.932535275670249,-1.736077271501856,3.007713792223584,-0.13887,-0.00046,-0.18578,0.32512,0.00000,0.04552
39.6905,-1.5159645617401523,-1.3593106497378007,1.303541328532114,-1.9233160511043674,-1.736077271501856,3.007728826769436,-0.04706,-0.00000,-0.13889,0.27732,0.00000,0.00045
39.7237,-1.5190174887702232,-1.3608292922364482,1.2974205917902182,-1.9156306539586747,-1.736077271501856,3.007728977114895,-0.09197,-0.04575,-0.18438,0.23152,0.00000,0.00000
39.7572,-1.5220853000005374,-1.3623631196414416,1.2928034614827788,-1.906441954107177,-1.736077271501856,3.007728978618349,-0.09164,-0.04582,-0.13793,0.27449,0.00000,0.00000
39.7906,-1.5236346190928474,-1.3684530218355189,1.2851640852796704,-1.8972382212286216,-1.736077271501856,3.007728978633384,-0.04645,-0.18258,-0.22903,0.27593,0.00000,0.00000
39.8239,-1.526687394243784,-1.3745884847774867,1.2759758456375987,-1.8865156970397885,-1.736077271501856,3.009247619613541,-0.09162,-0.18414,-0.27576,0.32181,0.00000,0.04558
39.8572,-1.5282365629753,-1.379205762346927,1.2713280403011575,-1.8788152668978662,-1.736077271501856,3.009262806023343,-0.04643,-0.13838,-0.13929,0.23078,0.00000,0.00046
39.8905,-1.529770695642622,-1.3822892170826346,1.2652069983277658,-1.8741823396564266,-1.736077271501856,3.0092629578874406,-0.04610,-0.09265,-0.18392,0.13921,0.00000,0.00000
39.9238,-1.5297860369692953,-1.3838386926099986,1.2605898649680116,-1.8680614464639853,-1.736077271501856,3.010781600386088,-0.00046,-0.04662,-0.13891,0.18415,0.00000,0.04569
39.9571,-1.529786190382562,-1.385372828345279,1.2559877706943936,-1.8619256736120335,-1.736077271501856,3.0107967868110745,-0.00000,-0.04600,-0.13800,0.18399,0.00000,0.00046
39.9904,-1.5313048328967014,-1.3884254516626455,1.2513858268116376,-1.8527524700034732,-1.736077271501856,3.010796938675324,-0.04559,-0.09163,-0.13814,0.27536,0.00000,0.00000
40.0238,-1.53739458324187,-1.3975678237758598,1.248302525412796,-1.8465861740473606,-1.736077271501856,3.0107969401939667,-0.18252,-0.27401,-0.09241,0.18482,0.00000,0.00000
40.0573,-1.5435300446653488,-1.405252452397026,1.246753051418801,-1.8404499471677722,-1.736077271501856,3.0107969402091532,-0.18320,-0.22946,-0.04627,0.18323,0.00000,0.00000
40.0906,-1.5496659631996106,-1.4114038626032643,1.2437002747188473,-1.835832661958956,-1.736077271501856,3.010796940209305,-0.18435,-0.18481,-0.09172,0.13872,0.00000,0.00000
40.1238,-1.5542832453249738,-1.4160212996453472,1.2421511059718413,-1.8312305661668473,-1.736077271501856,3.012315581189313,-0.13900,-0.13900,-0.04664,0.13854,0.00000,0.04572
40.1571,-1.5573667001062412,-1.4175861149957751,1.2390983323243572,-1.8251099812888996,-1.736077271501856,3.0123307675991136,-0.09259,-0.04699,-0.09167,0.18380,0.00000,0.00046
40.1906,-1.5604348166140671,-1.4191204041292862,1.237549163607876,-1.8204928525000996,-1.736077271501856,3.0123309194632113,-0.09154,-0.04578,-0.04622,0.13776,0.00000,0.00000
40.2240,-1.565021420719166,-1.4252103109406482,1.236015030940704,-1.8113348353321708,-1.736077271501856,3.0123309209818525,-0.13746,-0.18252,-0.04598,0.27447,0.00000,0.00000
40.2572,-1.5696232097002374,-1.4343830558888027,1.2359996896140324,-1.8097246141804846,-1.7375959124818625,3.012330920997039,-0.13861,-0.27629,-0.00046,0.04850,-0.04574,0.00000
40.2918,-1.577262432490082,-1.4451052701983318,1.2359995362007656,-1.8051525890289475,-1.7376110988916624,3.012330920997191,-0.22032,-0.30923,-0.00000,0.13186,-0.00044,0.00000
40.3240,-1.584932029618014,-1.4512870562614542,1.235999534666633,-1.8020695868174186,-1.7376112507557604,3.0123309209971922,-0.23849,-0.19222,-0.00000,0.09587,-0.00000,0.00000
40.3572,-1.5926019304893275,-1.4543861560820988,1.2359995346512918,-1.7974828338552826,-1.7376112522744014,3.0123309209971922,-0.23094,-0.09332,-0.00000,0.13811,-0.00000,0.00000
40.3905,-1.5987531934180679,-1.4559357880603123,1.2344808936711318,-1.792881043385641,-1.737611252289588,3.0123309209971922,-0.18458,-0.04650,-0.04557,0.13809,-0.00000,0.00000
40.4239,-1.6048892699673822,-1.4589885663401079,1.23446570726133,-1.7897977435209311,-1.7376112522897398,3.0123309209971922,-0.18402,-0.09155,-0.00046,0.09247,-0.00000,0.00000
40.4574,-1.6095065536728959,-1.4605377351029123,1.2344655553972321,-1.7867296285622705,-1.7376112522897413,3.0123309209971922,-0.13776,-0.04622,-0.00000,0.09154,-0.00000,0.00000
40.4905,-1.6125900084699643,-1.4620718677705473,1.2359841948585977,-1.7836616654526707,-1.7391298932697483,3.0123309209971922,-0.09306,-0.04630,0.04583,0.09259,-0.04583,0.00000
40.5239,-1.6171767659579555,-1.4636058500772304,1.2359993812532113,-1.7805937038615607,-1.7391450796795482,3.0123309209971922,-0.13755,-0.04600,0.00046,0.09201,-0.00046,0.00000
40.5571,-1.620259915492849,-1.4681771128403178,1.2344808921371508,-1.7760071013056293,-1.7391452315436464,3.0123309209971922,-0.09278,-0.13755,-0.04569,0.13802,-0.00000,0.00000
40.5906,-1.6263653109082252,-1.4758160303679826,1.2344657072459904,-1.7729239533200565,-1.7391452330622872,3.0123309209971922,-0.18214,-0.22789,-0.00045,0.09198,-0.00000,0.00000
40.6239,-1.6355382107424195,-1.4865229064033068,1.2344655553970787,-1.7668185579201736,-1.7406638740574807,3.0123309209971922,-0.27595,-0.32210,-0.00000,0.18367,-0.04569,0.00000
40.6575,-1.6432231446407954,-1.4896672571236735,1.2359841948585961,-1.7652388629861682,-1.7406790604674327,3.0123309209971922,-0.22872,-0.09358,0.04520,0.04701,-0.00045,0.00000
40.6905,-1.6463372759397927,-1.4927359825908906,1.2359993812532113,-1.7621857840768145,-1.7406792123315322,3.0123309209971922,-0.09434,-0.09296,0.00046,0.09249,-0.00000,0.00000
40.7238,-1.6478870582327896,-1.4942853108255696,1.2359995331171574,-1.759117971327707,-1.7406792138501732,3.0123309209971922,-0.04655,-0.04654,0.00000,0.09215,-0.00000,0.00000
40.7571,-1.6494211970357264,-1.4958194450879232,1.2359995346357968,-1.7545313702601957,-1.7406792138653595,3.0123309209971922,-0.04601,-0.04601,0.00000,0.13756,-0.00000,0.00000
40.7907,-1.6494365384237557,-1.4958347864305468,1.2375181756309903,-1.7514482222895071,-1.7406792138655114,3.0123309209971922,-0.00046,-0.00046,0.04517,0.09171,-0.00000,0.00000
40.8240,-1.649436691837636,-1.4973535808239797,1.237533362040942,-1.7483801088497866,-1.740679213865513,3.0123309209971922,-0.00000,-0.04564,0.00046,0.09219,-0.00000,0.00000
40.8573,-1.6494366933717748,-1.5019246917079345,1.2375335139050416,-1.7468307867353825,-1.740679213865513,3.0123309209971922,-0.00000,-0.13712,0.00000,0.04647,0.00000,0.00000
40.8905,-1.6524739753471296,-1.5065263257567945,1.2390521564036894,-1.7468152935142385,-1.740679213865513,3.0123309209971922,-0.09173,-0.13897,0.04586,0.00047,0.00000,0.00000
40.9240,-1.6555416301268968,-1.5080909830772897,1.2405859838086828,-1.746815138582027,-1.740679213865513,3.0123309209971922,-0.09147,-0.04666,0.04574,0.00000,0.00000,0.00000
40.9570,-1.658609588634708,-1.5081066296504948,1.2421199630627395,-1.746815137032705,-1.740679213865513,3.0123309209971922,-0.09304,-0.00047,0.04652,0.00000,0.00000,0.00000
40.9908,-1.6631961911598063,-1.5081067861162267,1.2421353028552802,-1.7468151370172116,-1.7421978548455195,3.0123309209971922,-0.13570,-0.00000,0.00045,0.00000,-0.04493,0.00000
41.0237,-1.6677979801250777,-1.5081067876808842,1.2421354562532056,-1.7468151370170568,-1.740694400275313,3.0123309209971922,-0.13979,-0.00000,0.00000,0.00000,0.04567,0.00000
41.0572,-1.6754372029147646,-1.5081067876965308,1.2421354577871848,-1.7468151370170553,-1.7421980067096174,3.0123309209971922,-0.22825,-0.00000,0.00000,0.00000,-0.04493,0.00000
41.0903,-1.6831068000426952,-1.5081067876966872,1.2421354578025248,-1.743777855057042,-1.7422130427739606,3.0123309209971922,-0.23145,-0.00000,0.00000,0.09166,-0.00045,0.00000
41.1239,-1.6831834960139744,-1.5081067876966887,1.242135457802678,-1.7437474822374417,-1.7422131931346039,3.0123309209971922,-0.00228,-0.00000,0.00000,0.00090,-0.00000,0.00000
41.1571,-1.690777467873721,-1.5081067876966887,1.2406168168226726,-1.7422285375292388,-1.7422131946382104,3.0123309209971922,-0.22819,0.00000,-0.04563,0.04564,-0.00000,0.00000
41.1905,-1.703002535432373,-1.5081067876966887,1.2390829894328657,-1.7422133480821567,-1.7422131946532464,3.0123309209971922,-0.36622,0.00000,-0.04595,0.00046,-0.00000,0.00000
41.2239,-1.7107179910079935,-1.5081067876966887,1.2390676511589676,-1.7422131961876859,-1.7422131946533967,3.0123309209971922,-0.23140,0.00000,-0.00046,0.00000,-0.00000,0.00000
41.2570,-1.7183883504637836,-1.5081067876966887,1.237548856796222,-1.7422131946687411,-1.7422131946533983,3.0108122800171855,-0.23141,0.00000,-0.04582,0.00000,-0.00000,-0.04582
41.2905,-1.7260582589583755,-1.5081067876966887,1.2360150278725877,-1.7422131946535517,-1.7422131946533983,3.0107970936073856,-0.22890,0.00000,-0.04577,0.00000,0.00000,-0.00045
41.3240,-1.7382840858833757,-1.5081067876966887,1.2359996895833512,-1.7422131946533999,-1.7437318356334053,3.0107969417432874,-0.36548,0.00000,-0.00046,0.00000,-0.04540,-0.00000
41.3572,-1.7490368310126732,-1.506588146716682,1.2359995362004588,-1.7422131946533983,-1.7437470220432054,3.0092782992446403,-0.32352,0.04569,-0.00000,0.00000,-0.00046,-0.04569
41.3904,-1.7582562043440069,-1.506572960306882,1.23599953466663,-1.7422131946533983,-1.7437471739073034,3.0092631128196534,-0.27792,0.00046,-0.00000,0.00000,-0.00000,-0.00046
41.4240,-1.765941602977354,-1.5065728084427839,1.2359995346512915,-1.7422131946533983,-1.7437471754259444,3.009262960955404,-0.22887,0.00000,-0.00000,0.00000,-0.00000,-0.00000
41.4572,-1.7751303028437282,-1.5065728069241429,1.2359995346511383,-1.7422131946533983,-1.7437471754411307,3.0092629594367613,-0.27671,0.00000,-0.00000,0.00000,-0.00000,-0.00000
41.4906,-1.782815394742426,-1.5065728069089566,1.2344808936711302,-1.7422131946533983,-1.7437471754412825,3.0092629594215747,-0.23025,0.00000,-0.04550,0.00000,-0.00000,-0.00000
41.5239,-1.790485450561447,-1.5065728069088047,1.23446570726133,-1.7422131946533983,-1.743747175441284,3.009262959421423,-0.22992,0.00000,-0.00046,0.00000,-0.00000,-0.00000
41.5575,-1.7996739969996778,-1.5065728069088031,1.2344655553972321,-1.7406945536733918,-1.743747175441284,3.0092629594214215,-0.27360,0.00000,-0.00000,0.04522,0.00000,-0.00000
41.5906,-1.807359087364094,-1.5065728069088031,1.2329469128985844,-1.7406793672635916,-1.743747175441284,3.0092629594214215,-0.23199,0.00000,-0.04584,0.00046,0.00000,0.00000
41.6238,-1.8165477841477788,-1.5065728069088031,1.232931726473598,-1.7406792153994937,-1.743747175441284,3.0092629594214215,-0.27721,0.00000,-0.00046,0.00000,0.00000,0.00000
41.6571,-1.8257515169956562,-1.5065728069088031,1.232931574609348,-1.7421978548608592,-1.743747175441284,3.0092629594214215,-0.27604,0.00000,-0.00000,-0.04555,0.00000,0.00000
41.6906,-1.834955400204176,-1.5065728069088031,1.2329315730907056,-1.7406944002754665,-1.743747175441284,3.0092629594214215,-0.27516,0.00000,-0.00000,0.04495,0.00000,0.00000
41.7238,-1.8532711307963423,-1.5065728069088031,1.232931573075519,-1.7406793657296125,-1.743747175441284,3.0092629594214215,-0.55067,0.00000,-0.00000,0.00045,0.00000,0.00000
41.7571,-1.8640847749623115,-1.5065728069088031,1.2329315730753672,-1.740679215384154,-1.7422285344612771,3.0092629594214215,-0.32473,0.00000,-0.00000,0.00000,0.04560,0.00000
41.7904,-1.873304757284012,-1.5065728069088031,1.2329315730753656,-1.7406792138806995,-1.7422133480514772,3.0092629594214215,-0.27698,0.00000,-0.00000,0.00000,0.00046,0.00000
41.8240,-1.8840274439672766,-1.5050541659287962,1.2329315730753656,-1.7391605728856578,-1.743731837167386,3.0092629594214215,-0.31892,0.04517,0.00000,0.04517,-0.04516,0.00000
41.8571,-1.8962837986741634,-1.505038979518996,1.2329315730753656,-1.7376267454957004,-1.7422283810785382,3.0092629594214215,-0.37013,0.00046,0.00000,0.04632,0.04540,0.00000
41.8904,-1.90703684908128,-1.505038827654898,1.2344502140553724,-1.7330554842817807,-1.7422133465176497,3.0092629594214215,-0.32304,0.00000,0.04562,0.13733,0.00045,0.00000
41.9238,-1.9177748664453986,-1.505038826136257,1.2344654004651725,-1.7269352077496143,-1.7422131961720408,3.0092629594214215,-0.32180,0.00000,0.00046,0.18341,0.00000,0.00000
41.9572,-1.9269940924990803,-1.5050388261210708,1.2344655523292705,-1.7238367230242795,-1.7422131946685848,3.0092629594214215,-0.27642,0.00000,0.00000,0.09290,0.00000,0.00000
41.9905,-1.927086284759617,-1.5050388261209189,1.2344655538479115,-1.723805738177026,-1.7422131946535502,3.0092629594214215,-0.00276,0.00000,0.00000,0.00093,0.00000,0.00000
42.0238,-1.9346804115822565,-1.5050388261209173,1.234465553863098,-1.7207681463685396,-1.7422131946533999,3.0092629594214215,-0.22814,0.00000,0.00000,0.09125,0.00000,0.00000
42.0573,-1.948424121670544,-1.5050388261209173,1.2344655538632499,-1.7177004884904412,-1.7422131946533983,3.0092629594214215,-0.41061,0.00000,0.00000,0.09165,0.00000,0.00000
42.0905,-1.9591920456314744,-1.5050388261209173,1.2344655538632514,-1.7176698119116602,-1.7422131946533983,3.0092629594214215,-0.32392,0.00000,0.00000,0.00092,0.00000,0.00000
42.1239,-1.9744861346711515,-1.5050388261209173,1.235984194843258,-1.7176695051458724,-1.7422131946533983,3.0092629594214215,-0.45804,0.00000,0.04548,0.00001,0.00000,0.00000
42.1573,-1.9807136394815754,-1.5050388261209173,1.2359993812530579,-1.7176695020782144,-1.7406945536733918,3.0092629594214215,-0.18653,0.00000,0.00045,0.00000,0.04549,0.00000
42.1906,-1.9853318374697,-1.5050388261209173,1.2359995331171558,-1.7176695020475379,-1.7406793672635916,3.0092629594214215,-0.13864,0.00000,0.00000,0.00000,0.00046,0.00000
42.2237,-1.9884153014095947,-1.5050388261209173,1.2359995346357968,-1.7176695020472312,-1.7406792153994937,3.0092629594214215,-0.09306,0.00000,0.00000,0.00000,0.00000,0.00000
42.2571,-1.9914834180090073,-1.5050388261209173,1.2344808936709768,-1.7176695020472281,-1.7406792138808527,3.0092629594214215,-0.09206,0.00000,-0.04557,0.00000,0.00000,0.00000
42.2906,-1.993032740155008,-1.5050388261209173,1.2344657072613285,-1.7176695020472281,-1.7406792138656664,3.0092629594214215,-0.04619,0.00000,-0.00045,0.00000,0.00000,0.00000
42.3242,-1.993048233376468,-1.5050388261209173,1.2344655553972321,-1.7176695020472281,-1.7406792138655145,3.0092629594214215,-0.00046,0.00000,-0.00000,0.00000,0.00000,0.00000
42.3573,-1.9930483883086827,-1.5050388261209173,1.2344655538785911,-1.7176695020472281,-1.7421978548455195,3.0092629594214215,-0.00000,0.00000,-0.00000,0.00000,-0.04582,0.00000
42.3906,-1.9945670308380117,-1.5050388261209173,1.2329469128833979,-1.7176695020472281,-1.7422130412553196,3.0092629594214215,-0.04567,0.00000,-0.04567,0.00000,-0.00046,0.00000
42.4241,-1.9991381402033255,-1.5050388261209173,1.232931726473446,-1.7176695020472281,-1.7422131931194176,3.0092629594214215,-0.13646,0.00000,-0.00045,0.00000,-0.00000,0.00000
42.4574,-1.9991838512969786,-1.5050388261209173,1.2344502155893533,-1.7176695020472281,-1.740694553658052,3.0092629594214215,-0.00137,0.00000,0.04558,0.00000,0.04558,0.00000
42.4906,-1.999184308407915,-1.5050388261209173,1.2344654004805122,-1.719188143027235,-1.742198008243445,3.0092629594214215,-0.00001,0.00000,0.00046,-0.04573,-0.04527,0.00000
42.5239,-1.9991843129790243,-1.5050388261209173,1.234465552329424,-1.717684688457028,-1.7406944018092922,3.0092629594214215,-0.00000,0.00000,0.00000,0.04517,0.04517,0.00000
42.5571,-1.9991843130247355,-1.5050388261209173,1.234465553847913,-1.719188294891333,-1.7406793657449506,3.0092629594214215,-0.00000,0.00000,0.00000,-0.04524,0.00045,0.00000
42.5906,-1.9991843130251925,-1.5050388261209173,1.2359841948431045,-1.719203330955676,-1.7406792153843074,3.0092629594214215,-0.00000,0.00000,0.04543,-0.00045,0.00000,0.00000
42.6238,-2.0007029540052046,-1.5050388261209173,1.2344807402730498,-1.7192034813163195,-1.7406792138807008,3.0092629594214215,-0.04566,0.00000,-0.04520,-0.00000,0.00000,0.00000
42.6572,-2.0007181404150045,-1.5050388261209173,1.2344657057273494,-1.7192034828199259,-1.7406792138656648,3.0092629594214215,-0.00046,0.00000,-0.00045,-0.00000,0.00000,0.00000
42.6904,-2.0007182922791027,-1.5035201851409106,1.2344655553818924,-1.719203482834962,-1.7391605728855075,3.0092629594214215,-0.00000,0.04563,-0.00000,-0.00000,0.04563,0.00000
42.7240,-2.0007182937977435,-1.5050236397111172,1.2344655538784377,-1.7192034828351124,-1.7391453864757058,3.0092629594214215,-0.00000,-0.04478,-0.00000,-0.00000,0.00045,0.00000
42.7572,-1.9991996528329228,-1.5050386742568194,1.2359841948434096,-1.719203482835114,-1.7391452346116079,3.0092629594214215,0.04575,-0.00045,0.04575,-0.00000,0.00000,0.00000
42.7904,-1.9991844664232745,-1.5035201836222696,1.2359993812530594,-1.719203482835114,-1.73762659211296,3.0092629594214215,0.00046,0.04576,0.00046,0.00000,0.04576,0.00000
42.8238,-1.999184314559178,-1.5035049987159241,1.2375181740971628,-1.719203482835114,-1.7376114056879735,3.0092629594214215,0.00000,0.00045,0.04547,0.00000,0.00045,0.00000
42.8571,-1.9991843130405371,-1.5035048468668606,1.2405706439856174,-1.719203482835114,-1.736092612843717,3.0092629594214215,0.00000,0.00000,0.09152,0.00000,0.04554,0.00000
42.8906,-1.9991843130253506,-1.50350484534837,1.242119809664509,-1.7207221238151205,-1.7360774249152744,3.0092629594214215,0.00000,0.00000,0.04628,-0.04537,0.00045,0.00000
42.9240,-1.9991843130251987,-1.505023486313192,1.242135301321298,-1.7207373102249206,-1.7360772730359901,3.0092629594214215,0.00000,-0.04549,0.00046,-0.00045,0.00000,0.00000
42.9573,-1.9991843130251972,-1.50503867272284,1.2421354562378657,-1.7207374620890186,-1.7360772715171973,3.0092629594214215,0.00000,-0.00046,0.00000,-0.00000,0.00000,0.00000
42.9905,-1.9991843130251972,-1.5050388245869366,1.2406168168070244,-1.719218822627653,-1.7360772715020092,3.0092629594214215,0.00000,-0.00000,-0.04570,0.04570,0.00000,0.00000
