t_rel_s,x,y,z,qx,qy,qz,qw
0.6791,0.151884,0.409347,0.752360,0.188470,0.964095,0.177651,0.058648
0.6890,0.152119,0.409620,0.751177,0.188527,0.964334,0.176487,0.058047
0.6989,0.152316,0.409863,0.750041,0.188571,0.964558,0.175394,0.057499
0.7090,0.152457,0.410085,0.748976,0.188587,0.964772,0.174376,0.056941
0.7191,0.152598,0.410304,0.747904,0.188601,0.964983,0.173367,0.056396
0.7292,0.152675,0.410443,0.746953,0.188615,0.965176,0.172432,0.055915
0.7394,0.152714,0.410558,0.746092,0.188615,0.965341,0.171647,0.055476
0.7493,0.152704,0.410618,0.745311,0.188591,0.965501,0.170894,0.055099
0.7593,0.152646,0.410626,0.744546,0.188564,0.965655,0.170184,0.054698
0.7689,0.152560,0.410597,0.743861,0.188537,0.965791,0.169551,0.054355
0.7791,0.152442,0.410497,0.743263,0.188524,0.965905,0.169006,0.054066
0.7891,0.152314,0.410379,0.742659,0.188519,0.966017,0.168461,0.053781
0.7992,0.152201,0.410272,0.741997,0.188534,0.966138,0.167858,0.053450
0.8093,0.152072,0.410170,0.741333,0.188526,0.966262,0.167250,0.053133
0.8190,0.151975,0.410078,0.740621,0.188539,0.966389,0.166612,0.052776
0.8289,0.151940,0.410023,0.739804,0.188596,0.966531,0.165851,0.052379
0.8391,0.151889,0.410002,0.738937,0.188624,0.966684,0.165052,0.051965
0.8492,0.151907,0.410021,0.737990,0.188676,0.966847,0.164184,0.051498
0.8593,0.151967,0.410094,0.736952,0.188740,0.967028,0.163202,0.050981
0.8694,0.152021,0.410191,0.735905,0.188786,0.967211,0.162223,0.050469
0.8790,0.152103,0.410292,0.734859,0.188848,0.967388,0.161242,0.049976
0.8889,0.152229,0.410434,0.733758,0.188912,0.967576,0.160198,0.049461
0.8992,0.152376,0.410627,0.732602,0.188979,0.967772,0.159101,0.048906
0.9092,0.152521,0.410810,0.731476,0.189045,0.967961,0.158040,0.048349
0.9192,0.152722,0.411041,0.730251,0.189132,0.968163,0.156870,0.047764
0.9293,0.152916,0.411295,0.729004,0.189193,0.968374,0.155671,0.047166
0.9393,0.153111,0.411547,0.727768,0.189255,0.968578,0.154506,0.046553
0.9491,0.153349,0.411816,0.726505,0.189364,0.968776,0.153304,0.045953
0.9598,0.153587,0.412101,0.725133,0.189467,0.968994,0.151986,0.045318
0.9692,0.153775,0.412338,0.723822,0.189515,0.969210,0.150728,0.044679
0.9791,0.153975,0.412580,0.722549,0.189610,0.969407,0.149517,0.044067
0.9893,0.154190,0.412842,0.721257,0.189687,0.969608,0.148292,0.043459
0.9994,0.154371,0.413062,0.719963,0.189787,0.969804,0.147056,0.042841
1.0092,0.154551,0.413294,0.718692,0.189837,0.970002,0.145856,0.042232
1.0191,0.154774,0.413567,0.717320,0.189927,0.970203,0.144586,0.041590
1.0294,0.154987,0.413838,0.715761,0.190022,0.970441,0.143075,0.040808
1.0392,0.155230,0.414150,0.714052,0.190110,0.970692,0.141477,0.039982
1.0492,0.155489,0.414476,0.712199,0.190227,0.970967,0.139674,0.039079
1.0593,0.155783,0.414850,0.710215,0.190344,0.971249,0.137819,0.038095
1.0693,0.156069,0.415209,0.708227,0.190451,0.971541,0.135871,0.037100
1.0792,0.156380,0.415597,0.706325,0.190583,0.971799,0.134078,0.036174
1.0893,0.156683,0.415965,0.704441,0.190662,0.972062,0.132288,0.035255
1.0992,0.156960,0.416316,0.702599,0.190783,0.972313,0.130505,0.034325
1.1093,0.157193,0.416628,0.700918,0.190867,0.972537,0.128920,0.033492
1.1194,0.157452,0.416942,0.699259,0.190996,0.972745,0.127356,0.032679
1.1296,0.157667,0.417216,0.697671,0.191105,0.972951,0.125813,0.031890
1.1392,0.157879,0.417483,0.696220,0.191211,0.973127,0.124459,0.031172
1.1490,0.158083,0.417740,0.694849,0.191329,0.973293,0.123152,0.030473
1.1591,0.158281,0.417976,0.693509,0.191438,0.973454,0.121862,0.029821
1.1693,0.158465,0.418189,0.692268,0.191555,0.973598,0.120673,0.029189
1.1792,0.158619,0.418384,0.691177,0.191629,0.973725,0.119649,0.028670
1.1893,0.158766,0.418558,0.690114,0.191723,0.973842,0.118665,0.028159
1.1989,0.158885,0.418701,0.689066,0.191806,0.973964,0.117649,0.027628
1.2096,0.158999,0.418859,0.688070,0.191859,0.974081,0.116704,0.027139
1.2194,0.159140,0.419034,0.687028,0.191951,0.974191,0.115751,0.026630
1.2291,0.159292,0.419203,0.685931,0.192071,0.974309,0.114672,0.026078
1.2393,0.159441,0.419399,0.684826,0.192138,0.974430,0.113654,0.025537
1.2492,0.159606,0.419601,0.683666,0.192253,0.974550,0.112555,0.024952
1.2593,0.159784,0.419821,0.682423,0.192335,0.974683,0.111386,0.024349
1.2693,0.159953,0.420027,0.681170,0.192446,0.974811,0.110206,0.023715
1.2798,0.160130,0.420250,0.679924,0.192529,0.974940,0.109039,0.023118
1.2893,0.160297,0.420450,0.678719,0.192605,0.975064,0.107912,0.022538
1.2992,0.160472,0.420668,0.677456,0.192713,0.975187,0.106732,0.021912
1.3093,0.160635,0.420867,0.676250,0.192794,0.975306,0.105612,0.021313
1.3193,0.160802,0.421075,0.675035,0.192868,0.975424,0.104502,0.020736
1.3293,0.160937,0.421236,0.673867,0.192943,0.975538,0.103402,0.020166
1.3392,0.161075,0.421423,0.672721,0.193006,0.975644,0.102383,0.019615
1.3496,0.161215,0.421571,0.671663,0.193090,0.975740,0.101401,0.019102
1.3590,0.161343,0.421733,0.670677,0.193140,0.975832,0.100503,0.018653
1.3694,0.161445,0.421873,0.669822,0.193186,0.975909,0.099740,0.018235
1.3793,0.161539,0.421978,0.669102,0.193254,0.975970,0.099075,0.017893
1.3894,0.161625,0.422082,0.668456,0.193298,0.976024,0.098512,0.017590
1.3993,0.161701,0.422167,0.667862,0.193312,0.976078,0.097987,0.017343
1.4094,0.161752,0.422239,0.667311,0.193341,0.976126,0.097485,0.017119
1.4193,0.161847,0.422349,0.666681,0.193354,0.976181,0.096954,0.016879
1.4291,0.161947,0.422486,0.665892,0.193407,0.976247,0.096248,0.016510
1.4394,0.162056,0.422641,0.665023,0.193422,0.976323,0.095508,0.016147
1.4493,0.162155,0.422810,0.664085,0.193422,0.976408,0.094699,0.015740
1.4591,0.162314,0.423055,0.663002,0.193428,0.976501,0.093794,0.015290
1.4691,0.162448,0.423282,0.661911,0.193419,0.976600,0.092860,0.014818
1.4791,0.162595,0.423534,0.660830,0.193404,0.976694,0.091967,0.014360
1.4892,0.162735,0.423771,0.659763,0.193375,0.976789,0.091077,0.013935
1.4993,0.162878,0.424004,0.658673,0.193373,0.976881,0.090155,0.013488
1.5092,0.163014,0.424250,0.657650,0.193335,0.976972,0.089307,0.013073
1.5191,0.163175,0.424490,0.656615,0.193320,0.977055,0.088487,0.012670
1.5289,0.163338,0.424713,0.655565,0.193330,0.977138,0.087603,0.012267
1.5391,0.163509,0.424976,0.654528,0.193317,0.977215,0.086827,0.011849
1.5491,0.163688,0.425201,0.653523,0.193331,0.977287,0.086025,0.011497
1.5590,0.163861,0.425442,0.652435,0.193311,0.977371,0.085167,0.011105
1.5690,0.164064,0.425665,0.651402,0.193355,0.977437,0.084350,0.010744
1.5793,0.164235,0.425870,0.650435,0.193354,0.977505,0.083603,0.010412
1.5892,0.164426,0.426071,0.649474,0.193390,0.977568,0.082818,0.010116
1.5994,0.164621,0.426270,0.648516,0.193403,0.977635,0.082020,0.009880
1.6092,0.164797,0.426442,0.647637,0.193399,0.977702,0.081246,0.009735
1.6193,0.165010,0.426609,0.646809,0.193435,0.977757,0.080502,0.009691
1.6292,0.165241,0.426753,0.645999,0.193470,0.977818,0.079655,0.009781
1.6390,0.165496,0.426899,0.645195,0.193526,0.977877,0.078771,0.009991
1.6493,0.165768,0.427005,0.644458,0.193574,0.977937,0.077856,0.010356
1.6589,0.166089,0.427091,0.643673,0.193659,0.977999,0.076788,0.010878
1.6694,0.166422,0.427178,0.642882,0.193737,0.978065,0.075646,0.011499
1.6793,0.166798,0.427243,0.642077,0.193829,0.978135,0.074372,0.012320
1.6890,0.167205,0.427277,0.641267,0.193970,0.978194,0.073050,0.013226
1.6992,0.167649,0.427321,0.640314,0.194093,0.978271,0.071486,0.014247
1.7092,0.168093,0.427347,0.639365,0.194207,0.978349,0.069866,0.015359
1.7192,0.168567,0.427370,0.638436,0.194348,0.978413,0.068297,0.016498
1.7295,0.168994,0.427392,0.637511,0.194474,0.978478,0.066733,0.017545
1.7392,0.169425,0.427427,0.636651,0.194588,0.978534,0.065296,0.018513
1.7492,0.169806,0.427468,0.635847,0.194682,0.978585,0.063984,0.019394
1.7595,0.170160,0.427491,0.635043,0.194778,0.978634,0.062660,0.020269
1.7692,0.170445,0.427520,0.634220,0.194841,0.978690,0.061336,0.020998
1.7791,0.170707,0.427554,0.633475,0.194849,0.978745,0.060169,0.021732
1.7896,0.170956,0.427552,0.632682,0.194872,0.978801,0.058905,0.022458
1.7991,0.171220,0.427554,0.631764,0.194915,0.978859,0.057484,0.023212
1.8093,0.171473,0.427527,0.630832,0.194940,0.978921,0.056028,0.023938
1.8193,0.171732,0.427515,0.629786,0.194964,0.978984,0.054511,0.024642
1.8294,0.171977,0.427500,0.628599,0.194984,0.979060,0.052803,0.025195
1.8390,0.172207,0.427465,0.627312,0.195009,0.979134,0.051065,0.025697
1.8492,0.172419,0.427435,0.626020,0.195036,0.979206,0.049365,0.026082
1.8592,0.172638,0.427424,0.624722,0.195089,0.979269,0.047723,0.026361
1.8694,0.172813,0.427441,0.623502,0.195101,0.979335,0.046227,0.026504
1.8791,0.172955,0.427447,0.622412,0.195097,0.979393,0.044931,0.026610
1.8892,0.173093,0.427444,0.621436,0.195135,0.979436,0.043797,0.026637
1.8991,0.173198,0.427461,0.620508,0.195137,0.979483,0.042758,0.026565
1.9092,0.173298,0.427509,0.619632,0.195169,0.979522,0.041824,0.026403
1.9193,0.173403,0.427596,0.618683,0.195149,0.979573,0.040879,0.026122
1.9295,0.173494,0.427669,0.617690,0.195147,0.979624,0.039901,0.025753
1.9391,0.173614,0.427795,0.616580,0.195157,0.979676,0.038850,0.025281
1.9492,0.173712,0.427938,0.615396,0.195138,0.979737,0.037754,0.024713
1.9590,0.173834,0.428083,0.614104,0.195162,0.979793,0.036562,0.024101
1.9693,0.173924,0.428215,0.612763,0.195155,0.979857,0.035318,0.023412
1.9791,0.174038,0.428347,0.611461,0.195178,0.979909,0.034140,0.022791
1.9893,0.174115,0.428475,0.610188,0.195146,0.979970,0.032954,0.022174
1.9994,0.174220,0.428573,0.608934,0.195179,0.980014,0.031802,0.021586
2.0090,0.174285,0.428680,0.607761,0.195140,0.980069,0.030705,0.021038
2.0193,0.174393,0.428786,0.606628,0.195146,0.980110,0.029653,0.020562
2.0290,0.174412,0.428859,0.605637,0.195133,0.980150,0.028708,0.020140
2.0394,0.174475,0.428946,0.604661,0.195098,0.980192,0.027777,0.019729
2.0495,0.174490,0.429019,0.603756,0.195057,0.980232,0.026917,0.019343
2.0591,0.174490,0.429092,0.602920,0.194987,0.980273,0.026124,0.019018
2.0691,0.174458,0.429137,0.602154,0.194932,0.980310,0.025370,0.018692
2.0793,0.174453,0.429211,0.601435,0.194858,0.980347,0.024709,0.018419
2.0889,0.174433,0.429256,0.600701,0.194788,0.980385,0.024004,0.018096
2.0991,0.174407,0.429293,0.600005,0.194731,0.980417,0.023350,0.017797
2.1091,0.174387,0.429354,0.599299,0.194679,0.980449,0.022684,0.017467
2.1194,0.174391,0.429439,0.598528,0.194626,0.980481,0.022002,0.017113
2.1292,0.174369,0.429519,0.597661,0.194544,0.980523,0.021170,0.016720
2.1393,0.174360,0.429594,0.596808,0.194482,0.980558,0.020388,0.016335
2.1495,0.174375,0.429697,0.595861,0.194420,0.980596,0.019508,0.015878
2.1590,0.174352,0.429783,0.594877,0.194331,0.980638,0.018602,0.015426
2.1695,0.174319,0.429876,0.593857,0.194231,0.980684,0.017639,0.014921
2.1793,0.174296,0.429990,0.592833,0.194144,0.980725,0.016698,0.014447
2.1891,0.174240,0.430149,0.591819,0.193995,0.980777,0.015743,0.013968
2.1991,0.174139,0.430384,0.590792,0.193713,0.980854,0.014765,0.013514
2.2097,0.173958,0.430687,0.589831,0.193338,0.980947,0.013848,0.013092
2.2190,0.173697,0.431166,0.588786,0.192745,0.981083,0.012825,0.012704
2.2290,0.173263,0.431859,0.587682,0.191893,0.981270,0.011735,0.012222
2.2393,0.172688,0.432814,0.586427,0.190703,0.981521,0.010456,0.011804
2.2491,0.171980,0.433954,0.585129,0.189244,0.981822,0.009087,0.011403
2.2590,0.171184,0.435337,0.583664,0.187507,0.982172,0.007521,0.011093
2.2690,0.170266,0.436836,0.582149,0.185612,0.982547,0.005857,0.010723
2.2794,0.169340,0.438474,0.580535,0.183580,0.982940,0.004053,0.010570
2.2894,0.168390,0.440130,0.578869,0.181501,0.983334,0.002118,0.010354
2.2994,0.167531,0.441752,0.577221,0.179461,0.983710,0.000135,0.010397
2.3094,0.166710,0.443261,0.575686,0.177552,0.984054,-0.001745,0.010484
2.3191,0.166002,0.444683,0.574181,0.175764,0.984366,-0.003677,0.010840
2.3294,0.165349,0.445924,0.572852,0.174116,0.984645,-0.005476,0.011277
2.3391,0.164813,0.447035,0.571688,0.172651,0.984885,-0.007131,0.011900
2.3492,0.164390,0.447995,0.570616,0.171392,0.985084,-0.008711,0.012558
2.3591,0.164032,0.448817,0.569678,0.170255,0.985258,-0.010151,0.013269
2.3693,0.163742,0.449537,0.568853,0.169306,0.985399,-0.011427,0.013887
2.3791,0.163539,0.450111,0.568192,0.168522,0.985512,-0.012503,0.014516
2.3892,0.163364,0.450622,0.567568,0.167813,0.985610,-0.013509,0.015122
2.3991,0.163144,0.451078,0.566999,0.167123,0.985706,-0.014447,0.015657
2.4090,0.162914,0.451506,0.566495,0.166449,0.985799,-0.015276,0.016161
2.4194,0.162673,0.451985,0.565942,0.165714,0.985901,-0.016138,0.016637
2.4293,0.162365,0.452519,0.565364,0.164926,0.986012,-0.017014,0.017056
2.4391,0.162028,0.453174,0.564669,0.164007,0.986141,-0.017987,0.017437
2.4495,0.161646,0.453880,0.563916,0.163080,0.986271,-0.019000,0.017719
2.4593,0.161229,0.454717,0.563053,0.162039,0.986418,-0.020059,0.017919
2.4693,0.160777,0.455570,0.562177,0.160999,0.986565,-0.021101,0.017993
2.4790,0.160319,0.456429,0.561311,0.159925,0.986716,-0.022095,0.018111
2.4894,0.159814,0.457272,0.560468,0.158872,0.986866,-0.022994,0.018086
2.4994,0.159334,0.458076,0.559683,0.157876,0.987006,-0.023810,0.018096
2.5092,0.158819,0.458783,0.558996,0.156935,0.987141,-0.024461,0.018060
2.5191,0.158350,0.459461,0.558346,0.156059,0.987266,-0.024990,0.018064
2.5292,0.157879,0.460053,0.557766,0.155266,0.987382,-0.025378,0.018026
2.5392,0.157460,0.460577,0.557245,0.154559,0.987486,-0.025638,0.018044
2.5495,0.157113,0.461050,0.556735,0.153967,0.987574,-0.025799,0.018038
2.5594,0.156792,0.461489,0.556249,0.153428,0.987658,-0.025804,0.018071
2.5696,0.156509,0.461884,0.555808,0.152943,0.987734,-0.025712,0.018123
2.5790,0.156317,0.462250,0.555364,0.152577,0.987794,-0.025556,0.018190
2.5893,0.156193,0.462629,0.554898,0.152266,0.987845,-0.025358,0.018300
2.5993,0.156107,0.463019,0.554421,0.151982,0.987892,-0.025112,0.018434
2.6094,0.156093,0.463432,0.553926,0.151730,0.987936,-0.024818,0.018561
2.6192,0.156143,0.463996,0.553355,0.151470,0.987981,-0.024463,0.018754
2.6293,0.156262,0.464692,0.552638,0.151172,0.988031,-0.024180,0.018880
2.6391,0.156408,0.465560,0.551805,0.150814,0.988091,-0.023858,0.019017
2.6490,0.156580,0.466488,0.550942,0.150451,0.988152,-0.023565,0.019111
2.6592,0.156767,0.467510,0.549973,0.150043,0.988217,-0.023359,0.019179
2.6691,0.156990,0.468533,0.549004,0.149686,0.988275,-0.023207,0.019169
2.6793,0.157196,0.469536,0.548000,0.149284,0.988337,-0.023198,0.019149
2.6894,0.157370,0.470509,0.546986,0.148893,0.988395,-0.023298,0.019047
2.6994,0.157517,0.471441,0.546055,0.148511,0.988452,-0.023398,0.018959
2.7093,0.157595,0.472303,0.545217,0.148084,0.988515,-0.023501,0.018880
2.7193,0.157670,0.473179,0.544381,0.147667,0.988575,-0.023626,0.018856
2.7294,0.157682,0.474067,0.543615,0.147177,0.988648,-0.023687,0.018811
2.7391,0.157733,0.474997,0.542830,0.146727,0.988713,-0.023755,0.018794
2.7495,0.157780,0.475926,0.542048,0.146263,0.988781,-0.023832,0.018749
2.7590,0.157831,0.476880,0.541266,0.145820,0.988845,-0.023888,0.018736
2.7691,0.157882,0.477805,0.540542,0.145359,0.988913,-0.023887,0.018756
2.7791,0.157974,0.478674,0.539839,0.144973,0.988968,-0.023905,0.018787
2.7893,0.158037,0.479449,0.539265,0.144617,0.989021,-0.023837,0.018866
2.7991,0.158111,0.480185,0.538729,0.144303,0.989068,-0.023690,0.018959
2.8090,0.158161,0.480800,0.538303,0.144041,0.989108,-0.023519,0.019067
2.8190,0.158209,0.481387,0.537949,0.143802,0.989146,-0.023264,0.019217
2.8292,0.158258,0.481856,0.537716,0.143641,0.989173,-0.022955,0.019397
2.8392,0.158300,0.482284,0.537523,0.143469,0.989202,-0.022631,0.019574
2.8491,0.158338,0.482642,0.537380,0.143358,0.989223,-0.022301,0.019748
2.8592,0.158349,0.482972,0.537312,0.143219,0.989247,-0.021887,0.019969
2.8694,0.158373,0.483252,0.537263,0.143129,0.989265,-0.021500,0.020152
2.8794,0.158383,0.483522,0.537231,0.143041,0.989282,-0.021090,0.020360
2.8892,0.158388,0.483753,0.537273,0.142942,0.989302,-0.020615,0.020599
2.8990,0.158401,0.483972,0.537281,0.142887,0.989315,-0.020181,0.020803
2.9090,0.158414,0.484160,0.537356,0.142827,0.989328,-0.019676,0.021049
2.9192,0.158428,0.484365,0.537381,0.142756,0.989343,-0.019217,0.021281
2.9291,0.158451,0.484556,0.537442,0.142697,0.989356,-0.018688,0.021519
2.9393,0.158468,0.484724,0.537524,0.142646,0.989367,-0.018166,0.021794
2.9495,0.158498,0.484909,0.537593,0.142597,0.989379,-0.017643,0.022016
2.9591,0.158514,0.485071,0.537674,0.142561,0.989387,-0.017115,0.022274
2.9693,0.158540,0.485234,0.537736,0.142524,0.989396,-0.016628,0.022513
2.9791,0.158549,0.485383,0.537789,0.142467,0.989407,-0.016191,0.022712
2.9890,0.158575,0.485565,0.537785,0.142415,0.989416,-0.015832,0.022889
2.9990,0.158613,0.485775,0.537753,0.142360,0.989425,-0.015490,0.023049
3.0091,0.158673,0.486011,0.537665,0.142290,0.989436,-0.015200,0.023200
3.0192,0.158819,0.486406,0.537358,0.142208,0.989449,-0.015063,0.023240
3.0294,0.159090,0.486971,0.536832,0.142143,0.989458,-0.015069,0.023255
3.0393,0.159439,0.487773,0.536001,0.141998,0.989477,-0.015308,0.023164
3.0491,0.159836,0.488703,0.534985,0.141818,0.989501,-0.015693,0.022986
3.0592,0.160395,0.489910,0.533598,0.141666,0.989520,-0.016293,0.022711
3.0693,0.160926,0.491184,0.532050,0.141416,0.989550,-0.017074,0.022379
3.0793,0.161525,0.492618,0.530308,0.141180,0.989577,-0.017971,0.021965
3.0891,0.162104,0.494062,0.528473,0.140901,0.989608,-0.018998,0.021500
3.0992,0.162620,0.495513,0.526618,0.140574,0.989644,-0.020043,0.021032
3.1096,0.163003,0.496852,0.524923,0.140207,0.989685,-0.020978,0.020614
3.1194,0.163260,0.498149,0.523379,0.139750,0.989741,-0.021730,0.020271
3.1291,0.163373,0.499284,0.522098,0.139282,0.989798,-0.022319,0.020045
3.1393,0.163361,0.500300,0.521016,0.138795,0.989862,-0.022684,0.019859
3.1493,0.163210,0.501148,0.520187,0.138247,0.989936,-0.022893,0.019773
3.1590,0.162944,0.501940,0.519460,0.137664,0.990015,-0.022985,0.019780
3.1695,0.162568,0.502612,0.518945,0.137039,0.990103,-0.022914,0.019791
3.1792,0.162091,0.503183,0.518537,0.136391,0.990194,-0.022789,0.019860
3.1894,0.161580,0.503737,0.518181,0.135707,0.990289,-0.022638,0.019952
3.1992,0.160993,0.504262,0.517860,0.134995,0.990389,-0.022472,0.020022
3.2093,0.160410,0.504753,0.517600,0.134305,0.990485,-0.022277,0.020121
3.2192,0.159853,0.505268,0.517278,0.133594,0.990583,-0.022117,0.020206
3.2293,0.159312,0.505778,0.516922,0.132923,0.990674,-0.022071,0.020242
3.2391,0.158796,0.506323,0.516515,0.132251,0.990764,-0.022062,0.020261
3.2493,0.158327,0.506901,0.516049,0.131585,0.990852,-0.022097,0.020252
3.2594,0.157913,0.507498,0.515525,0.130955,0.990933,-0.022186,0.020251
3.2693,0.157532,0.508136,0.514976,0.130328,0.991015,-0.022282,0.020189
3.2791,0.157223,0.508802,0.514384,0.129763,0.991087,-0.022409,0.020154
3.2894,0.156996,0.509507,0.513730,0.129240,0.991153,-0.022593,0.020067
3.2991,0.156775,0.510235,0.513025,0.128706,0.991218,-0.022820,0.019994
3.3092,0.156610,0.510991,0.512261,0.128196,0.991281,-0.023091,0.019866
3.3191,0.156532,0.511833,0.511368,0.127707,0.991338,-0.023455,0.019723
3.3294,0.156469,0.512687,0.510425,0.127271,0.991388,-0.023875,0.019537
3.3391,0.156499,0.513598,0.509372,0.126824,0.991437,-0.024354,0.019344
3.3488,0.156588,0.514512,0.508251,0.126446,0.991477,-0.024911,0.019102
3.3594,0.156734,0.515466,0.507110,0.126104,0.991511,-0.025429,0.018884
3.3696,0.156907,0.516376,0.505965,0.125825,0.991536,-0.025988,0.018657
3.3793,0.157101,0.517231,0.504873,0.125590,0.991557,-0.026486,0.018429
3.3889,0.157293,0.517993,0.503909,0.125426,0.991571,-0.026883,0.018261
3.3991,0.157487,0.518680,0.503079,0.125285,0.991583,-0.027170,0.018140
3.4091,0.157650,0.519262,0.502380,0.125165,0.991593,-0.027410,0.018059
3.4191,0.157793,0.519839,0.501718,0.125056,0.991603,-0.027575,0.017984
3.4293,0.157930,0.520426,0.501063,0.124959,0.991613,-0.027672,0.017963
3.4393,0.158041,0.521083,0.500453,0.124823,0.991632,-0.027597,0.017993
3.4490,0.158148,0.521801,0.499711,0.124691,0.991649,-0.027580,0.017982
3.4592,0.158238,0.522656,0.498893,0.124520,0.991673,-0.027507,0.017988
3.4692,0.158327,0.523541,0.498025,0.124373,0.991693,-0.027457,0.017980
3.4790,0.158390,0.524525,0.497051,0.124192,0.991716,-0.027440,0.017965
3.4894,0.158402,0.525563,0.496017,0.123956,0.991746,-0.027444,0.017924
3.4991,0.158354,0.526666,0.494968,0.123671,0.991783,-0.027412,0.017907
3.5092,0.158250,0.527733,0.493945,0.123395,0.991818,-0.027431,0.017864
3.5193,0.158083,0.528922,0.492790,0.122994,0.991866,-0.027504,0.017828
3.5294,0.157846,0.530068,0.491712,0.122565,0.991918,-0.027589,0.017769
3.5391,0.157546,0.531254,0.490534,0.122061,0.991977,-0.027773,0.017675
3.5491,0.157211,0.532421,0.489380,0.121527,0.992037,-0.027999,0.017573
3.5591,0.156809,0.533659,0.488126,0.120852,0.992113,-0.028323,0.017427
3.5692,0.156395,0.534819,0.486986,0.120201,0.992186,-0.028625,0.017287
3.5791,0.155985,0.535967,0.485831,0.119542,0.992258,-0.028957,0.017158
3.5895,0.155568,0.537057,0.484743,0.118856,0.992334,-0.029283,0.017002
3.5993,0.155164,0.538124,0.483713,0.118185,0.992407,-0.029580,0.016903
3.6092,0.154749,0.539111,0.482729,0.117525,0.992479,-0.029903,0.016735
3.6193,0.154439,0.540099,0.481721,0.116912,0.992543,-0.030247,0.016603
3.6292,0.154146,0.541025,0.480789,0.116341,0.992602,-0.030581,0.016461
3.6394,0.153897,0.541967,0.479794,0.115762,0.992660,-0.030985,0.016298
3.6494,0.153661,0.542864,0.478832,0.115259,0.992709,-0.031378,0.016123
3.6591,0.153484,0.543772,0.477862,0.114732,0.992759,-0.031791,0.015994
3.6693,0.153294,0.544626,0.476944,0.114274,0.992802,-0.032193,0.015808
3.6794,0.153131,0.545453,0.476071,0.113848,0.992841,-0.032540,0.015682
3.6892,0.152980,0.546275,0.475182,0.113437,0.992878,-0.032928,0.015521
3.6990,0.152805,0.547080,0.474374,0.113019,0.992917,-0.033254,0.015393
3.7094,0.152631,0.547853,0.473603,0.112606,0.992955,-0.033573,0.015241
3.7192,0.152535,0.548661,0.472761,0.112253,0.992984,-0.033962,0.015106
3.7293,0.152411,0.549434,0.471947,0.111888,0.993014,-0.034354,0.014946
3.7391,0.152306,0.550227,0.471163,0.111521,0.993045,-0.034710,0.014800
3.7494,0.152236,0.550960,0.470398,0.111210,0.993068,-0.035109,0.014659
3.7593,0.152192,0.551684,0.469684,0.110897,0.993093,-0.035474,0.014507
3.7693,0.152162,0.552357,0.469051,0.110644,0.993111,-0.035790,0.014374
3.7792,0.152185,0.552965,0.468487,0.110414,0.993128,-0.036070,0.014277
3.7915,0.152181,0.553509,0.468067,0.110205,0.993145,-0.036274,0.014198
3.8015,0.152178,0.554033,0.467741,0.110041,0.993162,-0.036335,0.014153
3.8134,0.152177,0.554455,0.467565,0.109926,0.993176,-0.036314,0.014118
3.8236,0.152182,0.554846,0.467501,0.109845,0.993189,-0.036196,0.014129
3.8362,0.152146,0.555180,0.467602,0.109763,0.993207,-0.035931,0.014176
3.8426,0.152160,0.555490,0.467811,0.109714,0.993224,-0.035564,0.014275
3.8527,0.152142,0.555759,0.468133,0.109682,0.993242,-0.035102,0.014393
3.8671,0.152141,0.556013,0.468518,0.109688,0.993259,-0.034557,0.014539
3.8770,0.152128,0.556207,0.468873,0.109703,0.993272,-0.034062,0.014670
3.8859,0.152099,0.556529,0.469484,0.109732,0.993297,-0.033149,0.014895
3.8955,0.152080,0.556788,0.470021,0.109806,0.993312,-0.032339,0.015087
3.9020,0.152018,0.557056,0.470573,0.109867,0.993331,-0.031458,0.015290
3.9140,0.151950,0.557314,0.471143,0.109939,0.993349,-0.030510,0.015490
3.9241,0.151908,0.557528,0.471568,0.110038,0.993358,-0.029763,0.015649
3.9323,0.151793,0.557828,0.472204,0.110150,0.993376,-0.028618,0.015863
3.9423,0.151687,0.558058,0.472665,0.110223,0.993391,-0.027742,0.016014
3.9539,0.151589,0.558270,0.473082,0.110312,0.993401,-0.026945,0.016147
3.9616,0.151450,0.558478,0.473426,0.110357,0.993413,-0.026221,0.016257
3.9712,0.151297,0.558685,0.473790,0.110356,0.993430,-0.025484,0.016386
3.9806,0.151102,0.558917,0.474131,0.110313,0.993452,-0.024737,0.016486
3.9911,0.150850,0.559193,0.474463,0.110165,0.993484,-0.023994,0.016651
4.0005,0.150491,0.559561,0.474773,0.109911,0.993529,-0.023202,0.016773
4.0104,0.150089,0.559975,0.475042,0.109565,0.993582,-0.022423,0.016929
4.0202,0.149625,0.560439,0.475296,0.109125,0.993645,-0.021657,0.017097
4.0298,0.149125,0.560916,0.475555,0.108657,0.993710,-0.020877,0.017263
4.0401,0.148632,0.561436,0.475709,0.108163,0.993775,-0.020204,0.017412
4.0497,0.148140,0.561999,0.475735,0.107619,0.993843,-0.019688,0.017532
4.0599,0.147514,0.562755,0.475604,0.106872,0.993931,-0.019256,0.017585
4.0701,0.146908,0.563622,0.475281,0.106117,0.994017,-0.018987,0.017553
4.0796,0.146284,0.564661,0.474740,0.105245,0.994112,-0.018899,0.017519
4.0896,0.145618,0.565918,0.473875,0.104266,0.994215,-0.019109,0.017348
4.0996,0.144948,0.567450,0.472641,0.103176,0.994324,-0.019585,0.017076
4.1096,0.144258,0.569143,0.471135,0.102037,0.994433,-0.020337,0.016685
4.1196,0.143555,0.571114,0.469300,0.100784,0.994547,-0.021313,0.016245
4.1299,0.142827,0.573202,0.467229,0.099471,0.994662,-0.022534,0.015672
4.1394,0.142127,0.575368,0.464974,0.098129,0.994772,-0.023917,0.015093
4.1496,0.141453,0.577438,0.462742,0.096852,0.994870,-0.025357,0.014504
4.1598,0.140817,0.579443,0.460553,0.095632,0.994960,-0.026740,0.013943
4.1695,0.140175,0.581206,0.458654,0.094520,0.995039,-0.027973,0.013417
4.1794,0.139636,0.582766,0.457027,0.093566,0.995107,-0.028947,0.013007
4.1893,0.139147,0.584035,0.455824,0.092759,0.995166,-0.029631,0.012742
4.1993,0.138741,0.585073,0.454851,0.092092,0.995215,-0.030161,0.012535
4.2094,0.138457,0.585868,0.454153,0.091632,0.995248,-0.030527,0.012382
4.2194,0.138254,0.586452,0.453661,0.091285,0.995273,-0.030776,0.012322
4.2294,0.138107,0.586896,0.453357,0.091078,0.995290,-0.030866,0.012263
4.2393,0.138007,0.587234,0.453122,0.090927,0.995301,-0.030959,0.012234
4.2493,0.137949,0.587497,0.453000,0.090860,0.995308,-0.030935,0.012220
4.2591,0.137911,0.587714,0.452910,0.090830,0.995314,-0.030851,0.012194
4.2693,0.137901,0.587922,0.452913,0.090852,0.995318,-0.030625,0.012231
4.2793,0.137879,0.588130,0.452922,0.090884,0.995323,-0.030356,0.012280
4.2892,0.137854,0.588349,0.452990,0.090947,0.995330,-0.029907,0.012380
4.2994,0.137847,0.588607,0.453110,0.091043,0.995338,-0.029270,0.012552
4.3092,0.137836,0.588901,0.453280,0.091179,0.995346,-0.028459,0.012785
4.3195,0.137791,0.589247,0.453453,0.091361,0.995353,-0.027498,0.013044
4.3294,0.137719,0.589615,0.453672,0.091621,0.995355,-0.026381,0.013357
4.3392,0.137644,0.590011,0.453917,0.091976,0.995349,-0.025157,0.013711
4.3493,0.137512,0.590425,0.454125,0.092452,0.995330,-0.023925,0.014084
4.3593,0.137324,0.590916,0.454427,0.093169,0.995292,-0.022393,0.014569
4.3691,0.137076,0.591435,0.454759,0.094049,0.995237,-0.020766,0.015091
4.3793,0.136758,0.591963,0.455142,0.095062,0.995166,-0.019061,0.015645
4.3895,0.136403,0.592544,0.455545,0.096247,0.995075,-0.017304,0.016199
4.3992,0.135986,0.593150,0.455925,0.097550,0.994968,-0.015554,0.016766
4.4091,0.135638,0.593754,0.456251,0.098924,0.994848,-0.013893,0.017300
4.4191,0.135258,0.594419,0.456486,0.100232,0.994728,-0.012333,0.017831
4.4291,0.134914,0.595108,0.456682,0.101412,0.994617,-0.010873,0.018283
4.4391,0.134579,0.595842,0.456716,0.102407,0.994520,-0.009638,0.018691
4.4492,0.134298,0.596631,0.456554,0.103252,0.994436,-0.008643,0.019006
4.4591,0.134144,0.597544,0.456142,0.103919,0.994368,-0.007856,0.019248
4.4692,0.134062,0.598511,0.455552,0.104431,0.994316,-0.007306,0.019420
4.4793,0.134054,0.599568,0.454678,0.104761,0.994282,-0.007052,0.019484
4.4895,0.134168,0.600715,0.453508,0.104951,0.994262,-0.007113,0.019437
4.4991,0.134366,0.601993,0.452031,0.104986,0.994258,-0.007478,0.019309
4.5094,0.134645,0.603291,0.450431,0.105004,0.994256,-0.008022,0.019079
4.5192,0.135061,0.604690,0.448538,0.104950,0.994260,-0.008838,0.018806
4.5289,0.135502,0.606047,0.446636,0.104886,0.994264,-0.009756,0.018499
4.5390,0.135934,0.607395,0.444687,0.104776,0.994273,-0.010749,0.018129
4.5494,0.136393,0.608621,0.442900,0.104717,0.994274,-0.011700,0.017809
4.5591,0.136832,0.609805,0.441295,0.104661,0.994275,-0.012516,0.017515
4.5692,0.137220,0.610870,0.439884,0.104594,0.994277,-0.013266,0.017251
4.5793,0.137535,0.611844,0.438689,0.104527,0.994279,-0.013865,0.017036
4.5893,0.137852,0.612685,0.437732,0.104521,0.994276,-0.014332,0.016874
4.5990,0.138122,0.613465,0.436918,0.104494,0.994276,-0.014653,0.016762
4.6092,0.138353,0.614136,0.436318,0.104468,0.994278,-0.014816,0.016700
4.6191,0.138571,0.614727,0.435845,0.104480,0.994276,-0.014845,0.016696
4.6295,0.138734,0.615251,0.435519,0.104487,0.994277,-0.014717,0.016725
4.6393,0.138870,0.615719,0.435320,0.104531,0.994275,-0.014460,0.016783
4.6492,0.139016,0.616102,0.435242,0.104589,0.994272,-0.014104,0.016913
4.6593,0.139079,0.616493,0.435237,0.104584,0.994276,-0.013582,0.017100
4.6692,0.139100,0.616841,0.435356,0.104594,0.994281,-0.012920,0.017297
4.6791,0.139095,0.617170,0.435514,0.104564,0.994288,-0.012215,0.017537
4.6890,0.139030,0.617508,0.435712,0.104513,0.994298,-0.011456,0.017799
4.6991,0.138906,0.617871,0.435981,0.104410,0.994314,-0.010583,0.018076
4.7093,0.138715,0.618253,0.436202,0.104270,0.994332,-0.009773,0.018333
4.7193,0.138479,0.618674,0.436469,0.104086,0.994354,-0.008875,0.018651
4.7290,0.138154,0.619155,0.436731,0.103841,0.994382,-0.007961,0.018950
4.7391,0.137782,0.619656,0.437007,0.103576,0.994410,-0.007040,0.019248
4.7495,0.137390,0.620205,0.437227,0.103247,0.994445,-0.006163,0.019530
4.7593,0.136924,0.620839,0.437367,0.102878,0.994482,-0.005309,0.019831
4.7695,0.136440,0.621489,0.437466,0.102546,0.994515,-0.004502,0.020079
4.7791,0.135973,0.622161,0.437435,0.102224,0.994547,-0.003826,0.020284
4.7894,0.135552,0.622878,0.437259,0.101938,0.994575,-0.003274,0.020458
4.7993,0.135114,0.623653,0.436985,0.101664,0.994601,-0.002782,0.020611
4.8093,0.134759,0.624426,0.436628,0.101476,0.994619,-0.002385,0.020725
4.8192,0.134488,0.625256,0.436181,0.101372,0.994628,-0.002042,0.020838
4.8295,0.134287,0.626074,0.435728,0.101361,0.994628,-0.001712,0.020945
4.8393,0.134129,0.626945,0.435193,0.101410,0.994622,-0.001401,0.021015
4.8491,0.134056,0.627786,0.434667,0.101594,0.994601,-0.001118,0.021119
4.8590,0.134056,0.628635,0.434127,0.101948,0.994563,-0.000804,0.021201
4.8692,0.134096,0.629416,0.433625,0.102421,0.994513,-0.000492,0.021293
4.8790,0.134181,0.630175,0.433135,0.103035,0.994448,-0.000179,0.021383
4.8893,0.134272,0.630840,0.432744,0.103737,0.994372,0.000172,0.021512
4.8991,0.134335,0.631465,0.432412,0.104499,0.994290,0.000578,0.021595
4.9090,0.134390,0.631985,0.432213,0.105293,0.994203,0.001019,0.021740
4.9191,0.134449,0.632459,0.432069,0.106179,0.994106,0.001533,0.021840
4.9293,0.134462,0.632855,0.432013,0.107045,0.994010,0.002064,0.021955
4.9391,0.134458,0.633212,0.432046,0.107959,0.993906,0.002670,0.022092
4.9494,0.134455,0.633519,0.432079,0.108820,0.993808,0.003261,0.022218
4.9592,0.134404,0.633818,0.432188,0.109657,0.993711,0.003934,0.022346
4.9693,0.134372,0.634096,0.432306,0.110443,0.993617,0.004624,0.022492
4.9790,0.134321,0.634334,0.432413,0.111122,0.993536,0.005260,0.022614
4.9891,0.134203,0.634570,0.432590,0.111676,0.993467,0.005955,0.022739
4.9992,0.134092,0.634792,0.432774,0.112153,0.993405,0.006654,0.022871
5.0092,0.133898,0.635028,0.432968,0.112480,0.993361,0.007356,0.022968
5.0191,0.133680,0.635239,0.433247,0.112725,0.993324,0.008109,0.023123
5.0292,0.133422,0.635458,0.433494,0.112840,0.993302,0.008823,0.023247
5.0392,0.133099,0.635678,0.433780,0.112849,0.993292,0.009528,0.023366
5.0494,0.132727,0.635916,0.434101,0.112741,0.993293,0.010267,0.023512
5.0592,0.132228,0.636187,0.434473,0.112481,0.993310,0.011059,0.023682
5.0694,0.131697,0.636480,0.434874,0.112135,0.993336,0.011856,0.023857
5.0794,0.131021,0.636809,0.435306,0.111676,0.993373,0.012656,0.024036
5.0895,0.130276,0.637169,0.435807,0.111108,0.993421,0.013522,0.024223
5.0992,0.129368,0.637577,0.436332,0.110390,0.993485,0.014373,0.024410
5.1092,0.128361,0.638009,0.436878,0.109576,0.993559,0.015194,0.024563
5.1196,0.127233,0.638483,0.437428,0.108647,0.993644,0.016009,0.024718
5.1294,0.126055,0.638995,0.437997,0.107671,0.993734,0.016860,0.024805
5.1390,0.124792,0.639503,0.438561,0.106652,0.993829,0.017628,0.024874
5.1492,0.123468,0.640046,0.439078,0.105607,0.993927,0.018360,0.024875
5.1592,0.122082,0.640663,0.439593,0.104550,0.994026,0.019091,0.024860
5.1693,0.120749,0.641291,0.440023,0.103538,0.994123,0.019749,0.024690
5.1793,0.119471,0.641936,0.440356,0.102583,0.994214,0.020335,0.024534
5.1894,0.118244,0.642643,0.440621,0.101693,0.994301,0.020890,0.024252
5.1992,0.117019,0.643429,0.440721,0.100902,0.994382,0.021329,0.023828
5.2090,0.115919,0.644249,0.440687,0.100226,0.994455,0.021666,0.023353
5.2190,0.114914,0.645172,0.440461,0.099671,0.994518,0.021889,0.022793
5.2294,0.113956,0.646195,0.440073,0.099240,0.994574,0.022031,0.022119
5.2390,0.113071,0.647313,0.439491,0.098888,0.994625,0.022052,0.021364
5.2493,0.112323,0.648482,0.438719,0.098684,0.994665,0.021912,0.020576
5.2591,0.111648,0.649765,0.437776,0.098600,0.994694,0.021685,0.019774
5.2691,0.111094,0.651058,0.436691,0.098592,0.994719,0.021332,0.018949
5.2796,0.110620,0.652370,0.435482,0.098734,0.994729,0.020888,0.018146
5.2891,0.110276,0.653635,0.434288,0.098973,0.994729,0.020405,0.017367
5.2992,0.110020,0.654866,0.433124,0.099295,0.994718,0.019936,0.016701
5.3092,0.109901,0.655993,0.432060,0.099705,0.994695,0.019517,0.016113
5.3192,0.109811,0.657049,0.431117,0.100156,0.994664,0.019162,0.015666
5.3294,0.109801,0.657977,0.430339,0.100658,0.994625,0.018898,0.015257
5.3391,0.109851,0.658803,0.429717,0.101196,0.994578,0.018708,0.014971
5.3492,0.109882,0.659508,0.429293,0.101643,0.994536,0.018657,0.014760
5.3591,0.109967,0.660130,0.429001,0.102160,0.994485,0.018690,0.014636
5.3691,0.110054,0.660648,0.428904,0.102586,0.994439,0.018825,0.014559
5.3791,0.110094,0.661092,0.428913,0.102922,0.994401,0.019028,0.014536
5.3893,0.110146,0.661459,0.428976,0.103237,0.994365,0.019230,0.014544
5.3991,0.110194,0.661798,0.429137,0.103452,0.994336,0.019508,0.014589
5.4094,0.110205,0.662074,0.429371,0.103591,0.994314,0.019821,0.014674
5.4193,0.110229,0.662308,0.429680,0.103726,0.994292,0.020192,0.014740
5.4293,0.110229,0.662521,0.430047,0.103779,0.994276,0.020592,0.014835
5.4395,0.110253,0.662720,0.430460,0.103864,0.994257,0.021036,0.014919
5.4495,0.110241,0.662903,0.430885,0.103857,0.994247,0.021485,0.015024
5.4591,0.110250,0.663064,0.431350,0.103854,0.994235,0.021968,0.015145
5.4693,0.110273,0.663217,0.431789,0.103831,0.994226,0.022416,0.015229
5.4793,0.110275,0.663335,0.432233,0.103824,0.994215,0.022855,0.015355
5.4893,0.110291,0.663441,0.432598,0.103819,0.994206,0.023220,0.015420
5.4992,0.110305,0.663533,0.432941,0.103813,0.994197,0.023567,0.015490
5.5094,0.110308,0.663597,0.433269,0.103815,0.994188,0.023882,0.015562
5.5193,0.110346,0.663652,0.433518,0.103842,0.994179,0.024130,0.015603
5.5292,0.110368,0.663701,0.433695,0.103857,0.994172,0.024312,0.015654
5.5391,0.110377,0.663732,0.433863,0.103862,0.994167,0.024461,0.015706
5.5493,0.110391,0.663766,0.433961,0.103876,0.994163,0.024565,0.015716
5.5592,0.110396,0.663791,0.434009,0.103877,0.994161,0.024614,0.015730
5.5694,0.110404,0.663808,0.434060,0.103897,0.994157,0.024664,0.015751
5.5793,0.110402,0.663811,0.434119,0.103900,0.994156,0.024730,0.015740
5.5891,0.110405,0.663822,0.434143,0.103917,0.994153,0.024749,0.015750
5.5993,0.110416,0.663830,0.434167,0.103921,0.994152,0.024775,0.015743
5.6093,0.110417,0.663846,0.434196,0.103931,0.994150,0.024811,0.015768
5.6191,0.110427,0.663855,0.434280,0.103940,0.994147,0.024886,0.015780
5.6290,0.110433,0.663879,0.434329,0.103955,0.994144,0.024942,0.015778
5.6391,0.110446,0.663900,0.434394,0.103958,0.994142,0.025004,0.015804
5.6492,0.110477,0.663905,0.434497,0.103977,0.994137,0.025101,0.015822
5.6591,0.110515,0.663917,0.434565,0.104012,0.994132,0.025169,0.015826
5.6694,0.110545,0.663930,0.434599,0.104019,0.994129,0.025212,0.015849
5.6790,0.110576,0.663937,0.434679,0.104049,0.994124,0.025295,0.015855
5.6895,0.110630,0.663933,0.434716,0.104090,0.994119,0.025305,0.015860
5.6995,0.110674,0.663946,0.434726,0.104121,0.994115,0.025328,0.015881
5.7093,0.110704,0.663949,0.434792,0.104149,0.994111,0.025390,0.015893
5.7192,0.110743,0.663946,0.434763,0.104157,0.994110,0.025368,0.015878
5.7296,0.110786,0.663936,0.434783,0.104211,0.994104,0.025375,0.015902
5.7390,0.110802,0.663940,0.434780,0.104207,0.994105,0.025368,0.015919
5.7491,0.110823,0.663940,0.434772,0.104184,0.994107,0.025365,0.015924
5.7593,0.110844,0.663936,0.434771,0.104171,0.994108,0.025368,0.015940
5.7693,0.110853,0.663941,0.434729,0.104148,0.994112,0.025325,0.015939
5.7793,0.110864,0.663939,0.434714,0.104110,0.994116,0.025307,0.015963
5.7894,0.110864,0.663932,0.434665,0.104060,0.994122,0.025262,0.015953
5.7993,0.110873,0.663909,0.434585,0.104053,0.994125,0.025171,0.015933
5.8092,0.110868,0.663900,0.434504,0.104015,0.994132,0.025090,0.015918
5.8194,0.110877,0.663894,0.434415,0.104002,0.994135,0.025014,0.015900
5.8294,0.110891,0.663888,0.434316,0.103993,0.994139,0.024929,0.015863
5.8395,0.110898,0.663894,0.434209,0.103970,0.994144,0.024846,0.015848
5.8491,0.110910,0.663902,0.434064,0.103958,0.994149,0.024722,0.015808
5.8592,0.110924,0.663912,0.433939,0.103938,0.994154,0.024611,0.015782
5.8692,0.110947,0.663925,0.433805,0.103931,0.994158,0.024497,0.015743
5.8790,0.110991,0.663931,0.433645,0.103936,0.994161,0.024364,0.015727
5.8893,0.111026,0.663931,0.433462,0.103935,0.994166,0.024199,0.015675
5.8991,0.111053,0.663943,0.433263,0.103933,0.994171,0.024029,0.015633
5.9091,0.111072,0.663938,0.433059,0.103926,0.994177,0.023851,0.015579
5.9194,0.111096,0.663928,0.432919,0.103923,0.994181,0.023723,0.015556
5.9293,0.111111,0.663914,0.432740,0.103915,0.994186,0.023559,0.015517
5.9390,0.111121,0.663888,0.432581,0.103902,0.994192,0.023420,0.015456
5.9491,0.111132,0.663867,0.432440,0.103906,0.994195,0.023283,0.015430
5.9592,0.111150,0.663834,0.432313,0.103917,0.994197,0.023149,0.015404
5.9691,0.111146,0.663808,0.432195,0.103917,0.994200,0.023039,0.015377
5.9791,0.111182,0.663771,0.432101,0.103950,0.994199,0.022952,0.015357
5.9891,0.111169,0.663744,0.431986,0.103953,0.994202,0.022831,0.015336
5.9991,0.111172,0.663723,0.431896,0.103965,0.994203,0.022750,0.015312
6.0090,0.111182,0.663704,0.431766,0.103980,0.994204,0.022629,0.015307
6.0192,0.111162,0.663676,0.431704,0.103958,0.994208,0.022548,0.015296
6.0291,0.111181,0.663648,0.431622,0.103993,0.994207,0.022484,0.015272
6.0390,0.111166,0.663644,0.431501,0.103966,0.994212,0.022360,0.015255
6.0493,0.111156,0.663611,0.431414,0.103987,0.994213,0.022274,0.015220
6.0591,0.111151,0.663597,0.431310,0.103970,0.994217,0.022171,0.015195
6.0691,0.111154,0.663571,0.431239,0.103981,0.994218,0.022098,0.015182
6.0792,0.111154,0.663545,0.431124,0.103984,0.994220,0.021976,0.015187
6.0894,0.111144,0.663535,0.431010,0.103954,0.994226,0.021862,0.015194
6.0991,0.111134,0.663510,0.430927,0.103939,0.994229,0.021782,0.015182
6.1091,0.111134,0.663485,0.430812,0.103926,0.994233,0.021669,0.015195
6.1192,0.111139,0.663458,0.430683,0.103920,0.994237,0.021532,0.015185
6.1292,0.111137,0.663431,0.430591,0.103921,0.994239,0.021431,0.015185
6.1393,0.111131,0.663412,0.430457,0.103905,0.994243,0.021297,0.015181
6.1495,0.111134,0.663381,0.430377,0.103897,0.994246,0.021221,0.015180
6.1592,0.111127,0.663364,0.430262,0.103887,0.994249,0.021097,0.015184
6.1690,0.111129,0.663343,0.430162,0.103869,0.994253,0.020998,0.015177
6.1792,0.111128,0.663320,0.430094,0.103877,0.994254,0.020929,0.015187
6.1891,0.111132,0.663322,0.429968,0.103869,0.994257,0.020807,0.015182
6.1991,0.111145,0.663301,0.429906,0.103857,0.994260,0.020741,0.015186
6.2095,0.111146,0.663282,0.429831,0.103872,0.994260,0.020666,0.015169
6.2191,0.111149,0.663283,0.429777,0.103866,0.994262,0.020620,0.015181
6.2289,0.111130,0.663278,0.429758,0.103847,0.994264,0.020588,0.015205
6.2391,0.111169,0.663274,0.429765,0.103856,0.994263,0.020588,0.015231
6.2490,0.111150,0.663289,0.429764,0.103847,0.994263,0.020592,0.015232
6.2590,0.111164,0.663291,0.429769,0.103853,0.994262,0.020597,0.015248
6.2690,0.111172,0.663302,0.429783,0.103856,0.994262,0.020607,0.015266
6.2790,0.111188,0.663319,0.429820,0.103853,0.994261,0.020652,0.015299
6.2892,0.111194,0.663316,0.429822,0.103843,0.994262,0.020633,0.015311
6.2991,0.111195,0.663330,0.429890,0.103821,0.994262,0.020700,0.015337
6.3092,0.111214,0.663360,0.429933,0.103838,0.994259,0.020760,0.015347
6.3191,0.111222,0.663372,0.429980,0.103845,0.994257,0.020800,0.015374
6.3291,0.111240,0.663381,0.430024,0.103872,0.994253,0.020834,0.015385
6.3393,0.111247,0.663388,0.430105,0.103852,0.994253,0.020901,0.015430
6.3490,0.111236,0.663397,0.430164,0.103833,0.994254,0.020943,0.015437
6.3590,0.111256,0.663395,0.430221,0.103850,0.994251,0.020972,0.015475
6.3692,0.111258,0.663401,0.430226,0.103858,0.994251,0.020950,0.015459
6.3791,0.111245,0.663405,0.430276,0.103831,0.994254,0.020976,0.015460
6.3890,0.111264,0.663408,0.430278,0.103826,0.994255,0.020940,0.015468
6.3996,0.111257,0.663402,0.430285,0.103839,0.994254,0.020914,0.015468
6.4094,0.111261,0.663398,0.430292,0.103832,0.994255,0.020889,0.015476
6.4191,0.111282,0.663400,0.430330,0.103847,0.994254,0.020888,0.015468
6.4294,0.111274,0.663408,0.430348,0.103832,0.994255,0.020881,0.015474
6.4391,0.111274,0.663409,0.430415,0.103849,0.994253,0.020924,0.015473
6.4488,0.111268,0.663433,0.430444,0.103832,0.994254,0.020947,0.015473
6.4593,0.111285,0.663438,0.430510,0.103828,0.994253,0.020983,0.015499
6.4692,0.111286,0.663439,0.430569,0.103803,0.994255,0.021017,0.015513
6.4791,0.111291,0.663458,0.430598,0.103765,0.994259,0.021009,0.015502
6.4893,0.111286,0.663471,0.430709,0.103726,0.994260,0.021105,0.015546
6.4993,0.111311,0.663475,0.430747,0.103718,0.994261,0.021119,0.015543
6.5093,0.111302,0.663500,0.430801,0.103670,0.994265,0.021167,0.015560
6.5192,0.111305,0.663503,0.430860,0.103615,0.994269,0.021205,0.015582
6.5293,0.111311,0.663498,0.430931,0.103576,0.994272,0.021246,0.015594
6.5391,0.111309,0.663520,0.430969,0.103534,0.994276,0.021290,0.015598
6.5494,0.111312,0.663522,0.430991,0.103507,0.994278,0.021293,0.015622
6.5596,0.111313,0.663535,0.430986,0.103461,0.994284,0.021277,0.015599
6.5694,0.111315,0.663545,0.430977,0.103444,0.994286,0.021271,0.015591
6.5792,0.111336,0.663563,0.430891,0.103441,0.994288,0.021197,0.015574
6.5891,0.111332,0.663578,0.430853,0.103384,0.994294,0.021153,0.015584
6.5991,0.111350,0.663593,0.430778,0.103376,0.994297,0.021083,0.015568
6.6094,0.111352,0.663628,0.430673,0.103353,0.994302,0.021005,0.015533
6.6191,0.111367,0.663659,0.430616,0.103335,0.994304,0.020965,0.015539
6.6292,0.111390,0.663686,0.430520,0.103305,0.994309,0.020871,0.015538
6.6392,0.111394,0.663709,0.430466,0.103287,0.994312,0.020825,0.015556
6.6494,0.111407,0.663741,0.430410,0.103268,0.994315,0.020781,0.015564
6.6591,0.111438,0.663756,0.430385,0.103261,0.994315,0.020749,0.015613
6.6694,0.111456,0.663772,0.430364,0.103253,0.994316,0.020732,0.015654
6.6791,0.111452,0.663788,0.430342,0.103231,0.994318,0.020706,0.015676
6.6893,0.111478,0.663801,0.430344,0.103227,0.994318,0.020689,0.015724
6.6994,0.111474,0.663812,0.430380,0.103203,0.994320,0.020720,0.015757
6.7093,0.111510,0.663810,0.430377,0.103205,0.994319,0.020699,0.015798
6.7197,0.111504,0.663817,0.430428,0.103191,0.994319,0.020754,0.015823
6.7293,0.111517,0.663818,0.430419,0.103188,0.994319,0.020729,0.015866
6.7389,0.111522,0.663818,0.430463,0.103172,0.994320,0.020750,0.015911
6.7491,0.111526,0.663823,0.430461,0.103168,0.994320,0.020747,0.015928
6.7593,0.111538,0.663823,0.430488,0.103161,0.994320,0.020754,0.015966
6.7694,0.111533,0.663832,0.430473,0.103142,0.994322,0.020744,0.015985
6.7793,0.111546,0.663835,0.430508,0.103168,0.994318,0.020775,0.016002
6.7891,0.111542,0.663845,0.430475,0.103108,0.994325,0.020734,0.016015
6.7992,0.111560,0.663844,0.430511,0.103120,0.994322,0.020771,0.016054
6.8091,0.111565,0.663848,0.430511,0.103088,0.994326,0.020762,0.016067
6.8194,0.111570,0.663855,0.430501,0.103050,0.994330,0.020752,0.016080
6.8292,0.111573,0.663854,0.430482,0.102987,0.994337,0.020721,0.016087
6.8393,0.111575,0.663851,0.430493,0.102944,0.994341,0.020728,0.016102
6.8493,0.111572,0.663855,0.430482,0.102904,0.994345,0.020712,0.016122
6.8592,0.111575,0.663844,0.430472,0.102869,0.994348,0.020699,0.016152
6.8692,0.111594,0.663848,0.430427,0.102825,0.994354,0.020644,0.016182
6.8795,0.111610,0.663831,0.430397,0.102794,0.994357,0.020598,0.016227
6.8894,0.111592,0.663824,0.430363,0.102741,0.994363,0.020551,0.016250
6.8993,0.111618,0.663823,0.430329,0.102709,0.994366,0.020515,0.016314
6.9093,0.111609,0.663813,0.430311,0.102678,0.994370,0.020484,0.016335
6.9193,0.111628,0.663801,0.430276,0.102658,0.994372,0.020422,0.016381
6.9291,0.111628,0.663806,0.430229,0.102624,0.994376,0.020370,0.016421
6.9393,0.111636,0.663799,0.430209,0.102612,0.994377,0.020352,0.016458
6.9497,0.111654,0.663800,0.430183,0.102601,0.994378,0.020322,0.016484
6.9593,0.111654,0.663804,0.430149,0.102556,0.994383,0.020273,0.016520
6.9692,0.111669,0.663791,0.430134,0.102558,0.994383,0.020247,0.016544
6.9791,0.111688,0.663785,0.430116,0.102549,0.994384,0.020222,0.016587
6.9892,0.111704,0.663791,0.430076,0.102535,0.994386,0.020179,0.016599
6.9991,0.111706,0.663784,0.430085,0.102510,0.994388,0.020190,0.016609
7.0092,0.111755,0.663775,0.430033,0.102548,0.994385,0.020127,0.016630
7.0191,0.111814,0.663762,0.430062,0.102577,0.994381,0.020144,0.016697
7.0294,0.111893,0.663763,0.430019,0.102604,0.994378,0.020091,0.016741
7.0392,0.111977,0.663740,0.430051,0.102624,0.994375,0.020087,0.016832
7.0493,0.112062,0.663730,0.430077,0.102693,0.994366,0.020103,0.016900
7.0593,0.112163,0.663725,0.430121,0.102747,0.994358,0.020118,0.017020
7.0693,0.112257,0.663711,0.430147,0.102774,0.994354,0.020116,0.017135
7.0792,0.112335,0.663707,0.430177,0.102803,0.994349,0.020111,0.017247
7.0894,0.112416,0.663695,0.430244,0.102850,0.994341,0.020130,0.017379
7.0990,0.112481,0.663704,0.430300,0.102883,0.994335,0.020174,0.017498
7.1091,0.112547,0.663699,0.430336,0.102903,0.994331,0.020180,0.017609
7.1191,0.112604,0.663702,0.430418,0.102925,0.994325,0.020219,0.017741
7.1291,0.112682,0.663705,0.430498,0.102972,0.994317,0.020273,0.017880
7.1394,0.112769,0.663702,0.430548,0.103017,0.994310,0.020267,0.017981
7.1490,0.112879,0.663684,0.430683,0.103088,0.994300,0.020322,0.018114
7.1591,0.113006,0.663675,0.430770,0.103153,0.994290,0.020351,0.018222
7.1693,0.113130,0.663681,0.430879,0.103218,0.994280,0.020419,0.018348
7.1793,0.113286,0.663676,0.430969,0.103318,0.994267,0.020446,0.018466
7.1893,0.113433,0.663667,0.431128,0.103400,0.994254,0.020550,0.018595
7.1994,0.113594,0.663670,0.431240,0.103510,0.994239,0.020604,0.018705
7.2090,0.113772,0.663662,0.431340,0.103611,0.994226,0.020642,0.018819
7.2191,0.113905,0.663660,0.431493,0.103695,0.994213,0.020750,0.018928
7.2294,0.114038,0.663653,0.431623,0.103798,0.994199,0.020825,0.018992
7.2394,0.114192,0.663652,0.431725,0.103898,0.994186,0.020890,0.019077
7.2494,0.114329,0.663652,0.431831,0.103971,0.994175,0.020957,0.019173
7.2592,0.114433,0.663653,0.431904,0.104041,0.994166,0.021003,0.019216
7.2689,0.114579,0.663645,0.431951,0.104151,0.994153,0.021025,0.019249
7.2792,0.114730,0.663618,0.432014,0.104255,0.994141,0.021053,0.019288
7.2895,0.114853,0.663591,0.432002,0.104351,0.994131,0.021023,0.019313
7.2992,0.114979,0.663558,0.432022,0.104430,0.994122,0.021009,0.019335
7.3093,0.115095,0.663547,0.431972,0.104521,0.994114,0.020954,0.019345
7.3193,0.115230,0.663510,0.431942,0.104625,0.994104,0.020909,0.019334
7.3293,0.115347,0.663479,0.431908,0.104693,0.994098,0.020858,0.019329
7.3393,0.115453,0.663448,0.431861,0.104795,0.994089,0.020804,0.019300
7.3493,0.115535,0.663413,0.431805,0.104851,0.994084,0.020739,0.019303
7.3595,0.115634,0.663383,0.431751,0.104940,0.994077,0.020689,0.019252
7.3693,0.115693,0.663351,0.431665,0.104989,0.994074,0.020596,0.019214
7.3793,0.115762,0.663327,0.431607,0.105045,0.994071,0.020543,0.019158
7.3894,0.115809,0.663297,0.431509,0.105089,0.994069,0.020437,0.019098
7.3992,0.115848,0.663269,0.431411,0.105127,0.994068,0.020360,0.019029
7.4093,0.115858,0.663246,0.431331,0.105140,0.994069,0.020281,0.018977
7.4192,0.115851,0.663218,0.431213,0.105144,0.994073,0.020171,0.018897
7.4294,0.115845,0.663186,0.431097,0.105161,0.994075,0.020068,0.018809
7.4391,0.115833,0.663149,0.430906,0.105167,0.994080,0.019893,0.018691
7.4490,0.115805,0.663117,0.430728,0.105157,0.994086,0.019732,0.018610
7.4590,0.115769,0.663073,0.430502,0.105141,0.994094,0.019524,0.018498
7.4692,0.115730,0.663023,0.430299,0.105157,0.994098,0.019329,0.018382
7.4792,0.115708,0.662973,0.430082,0.105134,0.994106,0.019131,0.018285
7.4892,0.115680,0.662916,0.429846,0.105145,0.994111,0.018911,0.018158
7.4991,0.115667,0.662858,0.429624,0.105158,0.994116,0.018708,0.018042
7.5092,0.115645,0.662799,0.429416,0.105153,0.994122,0.018507,0.017951
7.5192,0.115603,0.662738,0.429196,0.105151,0.994128,0.018291,0.017839
7.5292,0.115607,0.662671,0.428998,0.105179,0.994130,0.018114,0.017739
7.5390,0.115583,0.662590,0.428802,0.105184,0.994135,0.017913,0.017623
7.5491,0.115541,0.662533,0.428584,0.105179,0.994142,0.017712,0.017495
7.5594,0.115532,0.662464,0.428425,0.105201,0.994144,0.017563,0.017383
7.5693,0.115491,0.662396,0.428251,0.105198,0.994149,0.017405,0.017254
7.5791,0.115467,0.662326,0.428124,0.105197,0.994153,0.017276,0.017147
7.5892,0.115457,0.662265,0.427948,0.105218,0.994156,0.017115,0.017034
7.5992,0.115429,0.662216,0.427811,0.105210,0.994161,0.016998,0.016933
7.6093,0.115420,0.662147,0.427682,0.105238,0.994162,0.016869,0.016806
7.6192,0.115403,0.662097,0.427538,0.105255,0.994164,0.016742,0.016714
7.6292,0.115406,0.662046,0.427432,0.105271,0.994165,0.016639,0.016649
7.6389,0.115375,0.662000,0.427292,0.105257,0.994171,0.016505,0.016532
7.6492,0.115370,0.661952,0.427188,0.105283,0.994171,0.016409,0.016451
7.6591,0.115374,0.661913,0.427076,0.105312,0.994170,0.016314,0.016382
7.6691,0.115372,0.661887,0.426967,0.105309,0.994174,0.016219,0.016297
7.6793,0.115365,0.661859,0.426905,0.105321,0.994175,0.016167,0.016219
7.6893,0.115353,0.661832,0.426818,0.105324,0.994177,0.016093,0.016125
7.6992,0.115318,0.661824,0.426774,0.105313,0.994180,0.016076,0.016032
7.7093,0.115320,0.661806,0.426738,0.105339,0.994179,0.016049,0.015961
7.7191,0.115268,0.661791,0.426718,0.105312,0.994183,0.016045,0.015883
7.7290,0.115250,0.661790,0.426676,0.105302,0.994186,0.016028,0.015794
7.7391,0.115253,0.661771,0.426670,0.105314,0.994185,0.016016,0.015737
7.7493,0.115225,0.661773,0.426679,0.105313,0.994186,0.016056,0.015667
7.7591,0.115212,0.661765,0.426705,0.105313,0.994186,0.016075,0.015627
7.7692,0.115204,0.661767,0.426721,0.105310,0.994187,0.016110,0.015595
7.7792,0.115202,0.661750,0.426750,0.105330,0.994185,0.016133,0.015558
7.7893,0.115188,0.661746,0.426745,0.105326,0.994186,0.016135,0.015523
7.7991,0.115184,0.661739,0.426757,0.105315,0.994187,0.016141,0.015504
7.8096,0.115173,0.661735,0.426796,0.105318,0.994186,0.016181,0.015484
7.8191,0.115166,0.661723,0.426785,0.105314,0.994187,0.016167,0.015456
7.8294,0.115142,0.661715,0.426770,0.105282,0.994192,0.016149,0.015416
7.8394,0.115150,0.661684,0.426737,0.105328,0.994188,0.016101,0.015388
7.8492,0.115127,0.661662,0.426694,0.105304,0.994192,0.016041,0.015346
7.8591,0.115106,0.661643,0.426622,0.105286,0.994196,0.015958,0.015321
7.8694,0.115091,0.661613,0.426537,0.105317,0.994195,0.015858,0.015264
7.8793,0.115089,0.661600,0.426461,0.105306,0.994198,0.015783,0.015223
7.8893,0.115091,0.661580,0.426339,0.105320,0.994199,0.015673,0.015168
7.8994,0.115081,0.661557,0.426250,0.105298,0.994203,0.015566,0.015150
7.9092,0.115069,0.661534,0.426187,0.105308,0.994204,0.015491,0.015127
7.9195,0.115048,0.661506,0.426104,0.105298,0.994207,0.015393,0.015082
7.9293,0.115050,0.661489,0.426021,0.105305,0.994209,0.015295,0.015041
7.9395,0.115024,0.661459,0.425910,0.105305,0.994211,0.015155,0.015001
7.9493,0.115005,0.661433,0.425836,0.105306,0.994214,0.015062,0.014943
7.9590,0.115006,0.661401,0.425722,0.105305,0.994216,0.014915,0.014914
7.9694,0.114982,0.661387,0.425637,0.105286,0.994220,0.014818,0.014869
7.9791,0.114976,0.661357,0.425577,0.105289,0.994222,0.014735,0.014849
7.9894,0.114978,0.661339,0.425494,0.105302,0.994222,0.014644,0.014810
7.9993,0.114975,0.661317,0.425450,0.105297,0.994224,0.014573,0.014817
8.0092,0.114967,0.661298,0.425420,0.105310,0.994223,0.014544,0.014767
8.0193,0.114975,0.661286,0.425345,0.105337,0.994222,0.014446,0.014744
8.0288,0.114974,0.661273,0.425335,0.105313,0.994225,0.014424,0.014747
8.0391,0.114973,0.661270,0.425291,0.105317,0.994226,0.014357,0.014734
8.0495,0.114963,0.661264,0.425289,0.105313,0.994227,0.014352,0.014705
8.0591,0.114961,0.661255,0.425273,0.105314,0.994227,0.014328,0.014705
8.0691,0.114958,0.661251,0.425269,0.105303,0.994229,0.014303,0.014690
8.0792,0.114958,0.661251,0.425263,0.105299,0.994229,0.014298,0.014689
8.0895,0.114953,0.661243,0.425259,0.105306,0.994229,0.014276,0.014687
8.0994,0.114929,0.661242,0.425260,0.105288,0.994231,0.014267,0.014677
8.1095,0.114963,0.661238,0.425237,0.105323,0.994228,0.014243,0.014671
8.1191,0.114948,0.661235,0.425264,0.105306,0.994230,0.014254,0.014662
8.1294,0.114955,0.661236,0.425228,0.105324,0.994228,0.014222,0.014645
8.1393,0.114930,0.661225,0.425274,0.105310,0.994230,0.014259,0.014606
8.1493,0.114915,0.661232,0.425286,0.105299,0.994231,0.014267,0.014589
8.1592,0.114917,0.661236,0.425290,0.105304,0.994231,0.014284,0.014569
8.1696,0.114932,0.661237,0.425306,0.105311,0.994230,0.014290,0.014546
8.1791,0.114925,0.661238,0.425335,0.105312,0.994230,0.014307,0.014558
8.1892,0.114908,0.661250,0.425344,0.105307,0.994230,0.014327,0.014537
8.1991,0.114933,0.661243,0.425366,0.105312,0.994229,0.014331,0.014555
8.2090,0.114922,0.661243,0.425386,0.105299,0.994231,0.014343,0.014556
8.2190,0.114943,0.661247,0.425378,0.105316,0.994229,0.014342,0.014556
8.2293,0.114952,0.661250,0.425448,0.105316,0.994228,0.014400,0.014572
8.2393,0.114986,0.661237,0.425458,0.105364,0.994223,0.014393,0.014578
8.2491,0.115016,0.661236,0.425471,0.105378,0.994221,0.014417,0.014585
8.2592,0.115077,0.661231,0.425463,0.105408,0.994218,0.014402,0.014578
8.2692,0.115181,0.661212,0.425465,0.105506,0.994208,0.014399,0.014578
8.2792,0.115232,0.661207,0.425458,0.105539,0.994204,0.014392,0.014581
8.2895,0.115311,0.661181,0.425470,0.105593,0.994198,0.014388,0.014594
8.2992,0.115375,0.661178,0.425474,0.105621,0.994195,0.014395,0.014597
8.3093,0.115468,0.661169,0.425502,0.105715,0.994185,0.014422,0.014583
8.3196,0.115506,0.661155,0.425480,0.105738,0.994183,0.014392,0.014575
8.3292,0.115532,0.661150,0.425504,0.105751,0.994181,0.014409,0.014578
8.3391,0.115586,0.661145,0.425492,0.105777,0.994179,0.014379,0.014554
8.3489,0.115601,0.661128,0.425530,0.105763,0.994181,0.014376,0.014550
8.3591,0.115607,0.661130,0.425523,0.105723,0.994186,0.014354,0.014531
8.3694,0.115637,0.661128,0.425540,0.105719,0.994186,0.014372,0.014535
8.3793,0.115643,0.661132,0.425537,0.105678,0.994190,0.014362,0.014553
8.3893,0.115657,0.661135,0.425556,0.105638,0.994194,0.014386,0.014558
8.3988,0.115665,0.661133,0.425562,0.105624,0.994196,0.014380,0.014543
8.4091,0.115668,0.661131,0.425580,0.105581,0.994200,0.014405,0.014532
8.4192,0.115663,0.661147,0.425587,0.105538,0.994205,0.014416,0.014507
8.4295,0.115662,0.661155,0.425597,0.105490,0.994210,0.014445,0.014481
8.4391,0.115671,0.661159,0.425614,0.105437,0.994216,0.014465,0.014442
8.4493,0.115658,0.661158,0.425646,0.105370,0.994223,0.014507,0.014397
8.4591,0.115671,0.661171,0.425646,0.105311,0.994229,0.014525,0.014376
8.4691,0.115654,0.661182,0.425679,0.105220,0.994239,0.014586,0.014326
8.4793,0.115646,0.661189,0.425699,0.105098,0.994251,0.014649,0.014282
8.4894,0.115664,0.661197,0.425737,0.105018,0.994259,0.014734,0.014242
8.4992,0.115667,0.661218,0.425747,0.104894,0.994272,0.014803,0.014198
8.5090,0.115661,0.661230,0.425769,0.104749,0.994286,0.014884,0.014183
8.5195,0.115647,0.661253,0.425769,0.104617,0.994300,0.014953,0.014117
8.5293,0.115671,0.661268,0.425807,0.104531,0.994308,0.015061,0.014086
8.5392,0.115665,0.661304,0.425873,0.104448,0.994314,0.015217,0.014104
8.5492,0.115709,0.661340,0.425920,0.104438,0.994312,0.015374,0.014131
8.5592,0.115714,0.661393,0.426047,0.104459,0.994306,0.015613,0.014181
8.5694,0.115762,0.661440,0.426192,0.104547,0.994291,0.015871,0.014251
8.5792,0.115784,0.661492,0.426353,0.104622,0.994278,0.016143,0.014345
8.5893,0.115827,0.661561,0.426560,0.104712,0.994261,0.016503,0.014406
8.5992,0.115892,0.661611,0.426816,0.104807,0.994243,0.016908,0.014531
8.6093,0.115999,0.661681,0.427115,0.104987,0.994213,0.017396,0.014669
8.6192,0.116106,0.661761,0.427488,0.105219,0.994176,0.017989,0.014827
8.6293,0.116226,0.661866,0.427977,0.105472,0.994131,0.018779,0.015048
8.6396,0.116392,0.661981,0.428572,0.105780,0.994076,0.019746,0.015306
8.6492,0.116535,0.662130,0.429204,0.106081,0.994017,0.020837,0.015612
8.6590,0.116676,0.662294,0.429876,0.106384,0.993954,0.022009,0.015899
8.6692,0.116833,0.662444,0.430598,0.106676,0.993890,0.023225,0.016232
8.6793,0.116975,0.662608,0.431323,0.106944,0.993826,0.024442,0.016575
8.6894,0.117109,0.662774,0.431977,0.107242,0.993759,0.025623,0.016886
8.6993,0.117214,0.662940,0.432637,0.107476,0.993697,0.026820,0.017202
8.7092,0.117337,0.663090,0.433289,0.107759,0.993628,0.028003,0.017532
8.7195,0.117430,0.663241,0.434000,0.108016,0.993557,0.029293,0.017839
8.7291,0.117547,0.663377,0.434694,0.108279,0.993482,0.030602,0.018237
8.7393,0.117669,0.663515,0.435425,0.108543,0.993403,0.031992,0.018582
8.7494,0.117771,0.663640,0.436238,0.108806,0.993317,0.033514,0.018985
8.7594,0.117900,0.663744,0.437121,0.109101,0.993220,0.035139,0.019422
8.7697,0.118006,0.663869,0.437985,0.109338,0.993125,0.036794,0.019857
8.7794,0.118132,0.663952,0.438899,0.109602,0.993023,0.038475,0.020316
8.7891,0.118233,0.664032,0.439806,0.109849,0.992920,0.040153,0.020757
8.7994,0.118320,0.664089,0.440769,0.110080,0.992812,0.041907,0.021224
8.8092,0.118404,0.664113,0.441746,0.110295,0.992704,0.043614,0.021700
8.8193,0.118502,0.664126,0.442724,0.110543,0.992590,0.045333,0.022142
8.8292,0.118565,0.664126,0.443712,0.110746,0.992477,0.047054,0.022604
8.8393,0.118643,0.664072,0.444746,0.110985,0.992357,0.048760,0.023053
8.8490,0.118723,0.664033,0.445680,0.111177,0.992245,0.050373,0.023489
8.8593,0.118809,0.663978,0.446600,0.111367,0.992131,0.051977,0.023914
8.8696,0.118877,0.663931,0.447542,0.111555,0.992014,0.053589,0.024341
8.8792,0.118976,0.663856,0.448412,0.111739,0.991902,0.055081,0.024725
8.8895,0.119066,0.663797,0.449239,0.111902,0.991792,0.056530,0.025113
8.8994,0.119143,0.663722,0.450063,0.112050,0.991683,0.057952,0.025519
8.9095,0.119234,0.663631,0.450837,0.112206,0.991577,0.059292,0.025887
8.9191,0.119261,0.663532,0.451682,0.112311,0.991470,0.060696,0.026245
8.9293,0.119323,0.663432,0.452491,0.112445,0.991359,0.062081,0.026625
8.9391,0.119327,0.663297,0.453378,0.112536,0.991251,0.063465,0.026992
8.9493,0.119318,0.663124,0.454358,0.112706,0.991126,0.064942,0.027385
8.9595,0.119299,0.662910,0.455439,0.112979,0.990978,0.066528,0.027795
8.9694,0.119228,0.662694,0.456593,0.113326,0.990815,0.068170,0.028212
8.9793,0.119169,0.662421,0.457798,0.113829,0.990629,0.069832,0.028635
8.9895,0.119089,0.662129,0.459122,0.114547,0.990406,0.071629,0.029058
8.9993,0.119055,0.661802,0.460553,0.115608,0.990127,0.073579,0.029495
9.0095,0.119070,0.661484,0.461978,0.116937,0.989810,0.075548,0.029914
9.0191,0.119102,0.661134,0.463529,0.118562,0.989439,0.077658,0.030373
9.0290,0.119157,0.660820,0.465030,0.120534,0.989017,0.079802,0.030804
9.0390,0.119308,0.660475,0.466558,0.122954,0.988528,0.081972,0.031238
9.0491,0.119506,0.660151,0.467976,0.125684,0.987994,0.084081,0.031637
9.0591,0.119810,0.659820,0.469404,0.128759,0.987404,0.086207,0.031988
9.0692,0.120223,0.659523,0.470694,0.132046,0.986778,0.088242,0.032342
9.0792,0.120732,0.659214,0.471916,0.135362,0.986144,0.090176,0.032646
9.0890,0.121293,0.658929,0.473062,0.138609,0.985504,0.092107,0.032952
9.0991,0.121976,0.658630,0.474177,0.141847,0.984852,0.094007,0.033296
9.1093,0.122722,0.658343,0.475192,0.144986,0.984209,0.095813,0.033631
9.1194,0.123501,0.658060,0.476209,0.147888,0.983584,0.097664,0.033953
9.1291,0.124314,0.657788,0.477123,0.150484,0.983005,0.099395,0.034309
9.1391,0.125083,0.657541,0.477988,0.152717,0.982476,0.101075,0.034660
9.1493,0.125816,0.657332,0.478694,0.154521,0.982029,0.102555,0.035009
9.1592,0.126544,0.657142,0.479354,0.156017,0.981626,0.104005,0.035371
9.1692,0.127211,0.657009,0.479909,0.157184,0.981286,0.105314,0.035765
9.1793,0.127834,0.656888,0.480401,0.158093,0.981000,0.106493,0.036127
9.1894,0.128369,0.656817,0.480703,0.158741,0.980779,0.107454,0.036437
9.1990,0.128842,0.656763,0.480990,0.159209,0.980588,0.108381,0.036777
9.2090,0.129223,0.656726,0.481189,0.159524,0.980439,0.109154,0.037111
9.2192,0.129565,0.656710,0.481302,0.159733,0.980321,0.109804,0.037407
9.2294,0.129843,0.656694,0.481376,0.159874,0.980226,0.110340,0.037723
9.2393,0.130101,0.656696,0.481367,0.160021,0.980141,0.110795,0.037957
9.2494,0.130283,0.656683,0.481317,0.160133,0.980081,0.111090,0.038189
9.2590,0.130410,0.656686,0.481253,0.160205,0.980031,0.111362,0.038372
9.2690,0.130514,0.656667,0.481170,0.160243,0.979994,0.111571,0.038555
9.2795,0.130599,0.656642,0.481093,0.160273,0.979960,0.111771,0.038718
9.2892,0.130643,0.656608,0.481036,0.160302,0.979929,0.111948,0.038862
9.2992,0.130644,0.656580,0.481016,0.160277,0.979901,0.112179,0.039001
9.3094,0.130639,0.656551,0.481005,0.160258,0.979871,0.112420,0.039132
9.3190,0.130640,0.656512,0.481014,0.160233,0.979845,0.112647,0.039248
9.3292,0.130644,0.656478,0.481038,0.160225,0.979815,0.112882,0.039351
9.3392,0.130638,0.656458,0.481037,0.160202,0.979792,0.113063,0.039494
9.3492,0.130634,0.656414,0.481083,0.160230,0.979764,0.113254,0.039527
9.3590,0.130626,0.656404,0.481071,0.160172,0.979752,0.113417,0.039591
9.3693,0.130631,0.656401,0.481012,0.160179,0.979736,0.113526,0.039650
9.3791,0.130637,0.656381,0.480977,0.160173,0.979725,0.113606,0.039707
9.3892,0.130643,0.656388,0.480911,0.160170,0.979714,0.113696,0.039742
9.3993,0.130666,0.656386,0.480845,0.160190,0.979701,0.113748,0.039819
9.4093,0.130667,0.656389,0.480766,0.160200,0.979692,0.113797,0.039868
9.4192,0.130688,0.656404,0.480679,0.160216,0.979680,0.113848,0.039959
9.4291,0.130709,0.656407,0.480600,0.160282,0.979659,0.113916,0.040011
9.4394,0.130724,0.656414,0.480556,0.160336,0.979633,0.114038,0.040090
9.4493,0.130744,0.656430,0.480511,0.160373,0.979606,0.114179,0.040202
9.4593,0.130783,0.656445,0.480454,0.160451,0.979572,0.114330,0.040287
9.4691,0.130808,0.656453,0.480409,0.160516,0.979541,0.114473,0.040376
9.4790,0.130825,0.656463,0.480378,0.160554,0.979513,0.114623,0.040467
9.4891,0.130860,0.656482,0.480344,0.160617,0.979482,0.114776,0.040546
9.4990,0.130894,0.656496,0.480337,0.160680,0.979448,0.114949,0.040623
9.5093,0.130914,0.656524,0.480306,0.160702,0.979425,0.115082,0.040706
9.5193,0.130955,0.656531,0.480352,0.160755,0.979394,0.115255,0.040769
9.5294,0.130974,0.656557,0.480399,0.160782,0.979365,0.115436,0.040830
9.5391,0.130991,0.656574,0.480452,0.160796,0.979343,0.115589,0.040884
9.5492,0.131010,0.656583,0.480502,0.160830,0.979321,0.115706,0.040941
9.5590,0.131032,0.656589,0.480542,0.160873,0.979301,0.115807,0.040963
9.5691,0.131058,0.656604,0.480577,0.160890,0.979286,0.115896,0.041011
9.5792,0.131078,0.656604,0.480603,0.160909,0.979276,0.115942,0.041046
9.5891,0.131101,0.656603,0.480629,0.160942,0.979262,0.115998,0.041079
9.5993,0.131108,0.656602,0.480634,0.160959,0.979258,0.116002,0.041098
9.6091,0.131122,0.656601,0.480656,0.160988,0.979249,0.116035,0.041106
9.6190,0.131133,0.656602,0.480655,0.160994,0.979246,0.116038,0.041143
9.6292,0.131155,0.656583,0.480686,0.161034,0.979236,0.116052,0.041188
9.6390,0.131136,0.656573,0.480707,0.161029,0.979233,0.116072,0.041228
9.6494,0.131158,0.656565,0.480750,0.161049,0.979223,0.116109,0.041281
9.6593,0.131180,0.656560,0.480777,0.161064,0.979215,0.116133,0.041350
9.6695,0.131153,0.656557,0.480792,0.161049,0.979216,0.116133,0.041392
9.6794,0.131185,0.656548,0.480850,0.161091,0.979198,0.116195,0.041461
9.6894,0.131209,0.656552,0.480928,0.161092,0.979187,0.116267,0.041533
9.6992,0.131237,0.656555,0.480974,0.161095,0.979179,0.116303,0.041597
9.7093,0.131295,0.656547,0.481096,0.161145,0.979155,0.116413,0.041654
9.7192,0.131361,0.656543,0.481184,0.161154,0.979142,0.116485,0.041732
9.7292,0.131416,0.656541,0.481288,0.161161,0.979128,0.116575,0.041784
9.7391,0.131514,0.656541,0.481403,0.161202,0.979107,0.116674,0.041848
9.7495,0.131620,0.656540,0.481489,0.161238,0.979088,0.116754,0.041918
9.7595,0.131704,0.656524,0.481649,0.161282,0.979061,0.116888,0.041998
9.7691,0.131801,0.656520,0.481787,0.161304,0.979041,0.117006,0.042058
9.7790,0.131854,0.656499,0.481960,0.161304,0.979020,0.117160,0.042127
9.7892,0.131908,0.656479,0.482157,0.161320,0.978994,0.117332,0.042187
9.7993,0.131952,0.656450,0.482366,0.161323,0.978970,0.117494,0.042269
9.8091,0.131983,0.656426,0.482580,0.161332,0.978944,0.117679,0.042329
9.8189,0.131994,0.656372,0.482870,0.161339,0.978913,0.117904,0.042405
9.8295,0.132012,0.656338,0.483170,0.161317,0.978881,0.118170,0.042478
9.8391,0.132067,0.656271,0.483514,0.161368,0.978835,0.118460,0.042547
9.8493,0.132102,0.656178,0.483952,0.161396,0.978780,0.118823,0.042679
9.8591,0.132163,0.656018,0.484519,0.161448,0.978712,0.119271,0.042803
9.8693,0.132212,0.655818,0.485165,0.161513,0.978633,0.119784,0.042936
9.8790,0.132264,0.655539,0.485997,0.161606,0.978529,0.120430,0.043140
9.8892,0.132360,0.655198,0.486902,0.161759,0.978408,0.121130,0.043341
9.8992,0.132473,0.654777,0.488020,0.161940,0.978259,0.122002,0.043581
9.9091,0.132574,0.654332,0.489197,0.162097,0.978106,0.122931,0.043840
9.9196,0.132727,0.653826,0.490507,0.162303,0.977926,0.123966,0.044156
9.9293,0.132890,0.653317,0.491792,0.162567,0.977741,0.124984,0.044429
9.9392,0.133067,0.652820,0.493070,0.162809,0.977557,0.125995,0.044721
9.9493,0.133238,0.652361,0.494243,0.163030,0.977386,0.126938,0.044986
9.9590,0.133432,0.651923,0.495409,0.163294,0.977208,0.127873,0.045263
9.9693,0.133622,0.651547,0.496486,0.163497,0.977042,0.128768,0.045563
9.9793,0.133833,0.651210,0.497459,0.163717,0.976889,0.129553,0.045822
9.9896,0.133982,0.650955,0.498339,0.163888,0.976744,0.130339,0.046073
9.9993,0.134172,0.650731,0.499173,0.164063,0.976607,0.131063,0.046311
10.0093,0.134397,0.650544,0.499953,0.164271,0.976464,0.131771,0.046575
10.0193,0.134550,0.650411,0.500712,0.164401,0.976336,0.132480,0.046800
10.0293,0.134749,0.650313,0.501470,0.164571,0.976192,0.133230,0.047063
10.0391,0.134936,0.650252,0.502190,0.164696,0.976059,0.133956,0.047322
10.0492,0.135099,0.650213,0.502921,0.164797,0.975925,0.134714,0.047592
10.0590,0.135273,0.650190,0.503696,0.164917,0.975785,0.135476,0.047887
10.0692,0.135452,0.650191,0.504511,0.165014,0.975635,0.136314,0.048216
10.0793,0.135629,0.650191,0.505352,0.165138,0.975482,0.137140,0.048549
10.0894,0.135790,0.650220,0.506255,0.165223,0.975320,0.138058,0.048915
10.0991,0.135921,0.650230,0.507225,0.165294,0.975157,0.139000,0.049260
10.1095,0.136044,0.650257,0.508213,0.165355,0.974991,0.139948,0.049655
10.1193,0.136154,0.650275,0.509340,0.165425,0.974804,0.141023,0.050040
10.1293,0.136264,0.650313,0.510489,0.165468,0.974615,0.142132,0.050434
10.1390,0.136329,0.650339,0.511666,0.165500,0.974433,0.143215,0.050792
10.1493,0.136355,0.650358,0.512979,0.165473,0.974237,0.144429,0.051190
10.1591,0.136411,0.650336,0.514478,0.165512,0.974004,0.145797,0.051623
10.1694,0.136433,0.650329,0.515975,0.165516,0.973774,0.147166,0.052060
10.1794,0.136448,0.650291,0.517522,0.165515,0.973544,0.148536,0.052488
10.1893,0.136403,0.650218,0.519181,0.165498,0.973298,0.150000,0.052922
10.1992,0.136401,0.650101,0.521015,0.165516,0.973018,0.151611,0.053431
10.2093,0.136373,0.649986,0.522743,0.165497,0.972758,0.153121,0.053903
10.2195,0.136326,0.649836,0.524715,0.165502,0.972460,0.154833,0.054390
10.2293,0.136297,0.649701,0.526804,0.165501,0.972133,0.156686,0.054920
10.2393,0.136284,0.649541,0.529102,0.165517,0.971772,0.158691,0.055504
10.2494,0.136234,0.649421,0.531334,0.165480,0.971419,0.160680,0.056060
10.2590,0.136169,0.649266,0.533556,0.165475,0.971068,0.162619,0.056576
10.2695,0.136131,0.649110,0.535632,0.165456,0.970728,0.164464,0.057114
10.2791,0.136077,0.648953,0.537490,0.165440,0.970431,0.166084,0.057528
10.2894,0.136042,0.648813,0.539251,0.165446,0.970139,0.167626,0.057961
10.2992,0.136005,0.648721,0.540883,0.165422,0.969873,0.169063,0.058310
10.3092,0.136025,0.648656,0.542417,0.165444,0.969605,0.170438,0.058698
10.3191,0.136023,0.648610,0.544085,0.165438,0.969323,0.171913,0.059059
10.3292,0.136006,0.648604,0.545909,0.165405,0.969007,0.173589,0.059451
10.3393,0.136039,0.648580,0.547923,0.165402,0.968655,0.175382,0.059927
10.3493,0.136034,0.648578,0.550118,0.165380,0.968264,0.177384,0.060413
10.3591,0.136030,0.648563,0.552580,0.165336,0.967831,0.179585,0.060961
10.3695,0.136062,0.648538,0.555091,0.165336,0.967367,0.181876,0.061531
10.3792,0.136043,0.648506,0.557539,0.165300,0.966928,0.184054,0.062051
10.3892,0.136027,0.648458,0.560033,0.165266,0.966472,0.186278,0.062600
10.3997,0.136037,0.648406,0.562571,0.165243,0.965995,0.188569,0.063170
10.4096,0.136072,0.648364,0.564931,0.165252,0.965543,0.190675,0.063729
10.4190,0.136081,0.648323,0.567292,0.165235,0.965096,0.192776,0.064217
10.4293,0.136051,0.648294,0.569626,0.165157,0.964651,0.194894,0.064720
10.4392,0.136078,0.648231,0.571878,0.165159,0.964214,0.196869,0.065239
10.4495,0.136038,0.648167,0.574070,0.165072,0.963795,0.198823,0.065730
10.4594,0.135979,0.648077,0.576312,0.165004,0.963363,0.200807,0.066190
10.4693,0.135967,0.647987,0.578409,0.164949,0.962951,0.202665,0.066660
10.4792,0.135937,0.647894,0.580415,0.164874,0.962570,0.204392,0.067081
10.4891,0.135902,0.647770,0.582450,0.164804,0.962172,0.206163,0.067545
10.4992,0.135860,0.647659,0.584430,0.164738,0.961787,0.207871,0.067952
10.5092,0.135858,0.647551,0.586339,0.164728,0.961397,0.209524,0.068410
10.5191,0.135857,0.647409,0.588274,0.164691,0.961013,0.211160,0.068862
10.5296,0.135899,0.647270,0.590168,0.164703,0.960617,0.212800,0.069315
10.5394,0.135909,0.647137,0.591969,0.164682,0.960255,0.214304,0.069748
10.5494,0.135932,0.646974,0.593825,0.164695,0.959869,0.215873,0.070183
10.5593,0.135941,0.646804,0.595779,0.164658,0.959468,0.217530,0.070636
10.5690,0.135981,0.646656,0.597670,0.164669,0.959068,0.219128,0.071097
10.5791,0.136012,0.646503,0.599513,0.164649,0.958689,0.220655,0.071534
10.5894,0.136002,0.646352,0.601309,0.164593,0.958319,0.222166,0.071948
10.5992,0.135997,0.646202,0.603106,0.164552,0.957950,0.223651,0.072349
10.6095,0.135996,0.646049,0.604736,0.164497,0.957610,0.225013,0.072756
10.6192,0.135939,0.645910,0.606299,0.164406,0.957301,0.226282,0.073088
10.6293,0.135896,0.645798,0.607787,0.164337,0.956985,0.227557,0.073426
10.6392,0.135880,0.645690,0.609117,0.164268,0.956714,0.228648,0.073720
10.6493,0.135857,0.645581,0.610398,0.164203,0.956443,0.229729,0.074018
10.6591,0.135794,0.645474,0.611569,0.164099,0.956208,0.230698,0.074273
10.6693,0.135790,0.645357,0.612643,0.164046,0.955983,0.231577,0.074550
10.6790,0.135727,0.645212,0.613721,0.163962,0.955767,0.232451,0.074788
10.6893,0.135662,0.645066,0.614696,0.163849,0.955580,0.233227,0.075006
10.6992,0.135620,0.644865,0.615693,0.163772,0.955385,0.234008,0.075224
10.7095,0.135583,0.644657,0.616601,0.163694,0.955212,0.234689,0.075465
10.7193,0.135554,0.644339,0.617590,0.163612,0.955032,0.235401,0.075703
10.7290,0.135495,0.644019,0.618524,0.163527,0.954863,0.236076,0.075918
10.7391,0.135404,0.643594,0.619523,0.163428,0.954693,0.236760,0.076146
10.7494,0.135282,0.643124,0.620506,0.163304,0.954528,0.237430,0.076381
10.7590,0.135104,0.642519,0.621631,0.163185,0.954338,0.238197,0.076629
10.7695,0.134885,0.641881,0.622763,0.163014,0.954151,0.238978,0.076882
10.7790,0.134614,0.641185,0.623889,0.162844,0.953975,0.239718,0.077128
10.7895,0.134289,0.640447,0.625077,0.162612,0.953786,0.240543,0.077382
10.7991,0.133949,0.639636,0.626275,0.162361,0.953609,0.241323,0.077665
10.8093,0.133602,0.638875,0.627378,0.162137,0.953438,0.242078,0.077890
10.8192,0.133236,0.638058,0.628475,0.161886,0.953277,0.242805,0.078112
10.8293,0.132861,0.637273,0.629511,0.161652,0.953122,0.243491,0.078346
10.8391,0.132530,0.636512,0.630439,0.161446,0.952989,0.244088,0.078541
10.8493,0.132187,0.635779,0.631293,0.161237,0.952869,0.244638,0.078711
10.8591,0.131847,0.635015,0.632161,0.161060,0.952748,0.245166,0.078901
10.8694,0.131564,0.634333,0.632866,0.160912,0.952651,0.245588,0.079054
10.8794,0.131260,0.633637,0.633570,0.160756,0.952566,0.245975,0.079190
10.8895,0.130989,0.632996,0.634198,0.160632,0.952484,0.246330,0.079331
10.8990,0.130743,0.632407,0.634768,0.160510,0.952415,0.246643,0.079433
10.9093,0.130512,0.631870,0.635280,0.160393,0.952354,0.246929,0.079508
10.9192,0.130310,0.631344,0.635776,0.160309,0.952290,0.247193,0.079624
10.9294,0.130158,0.630876,0.636169,0.160215,0.952254,0.247361,0.079725
10.9393,0.129996,0.630407,0.636560,0.160136,0.952223,0.247503,0.079810
10.9493,0.129827,0.629949,0.636919,0.160056,0.952196,0.247643,0.079864
10.9591,0.129653,0.629374,0.637411,0.160026,0.952135,0.247867,0.079954
10.9692,0.129457,0.628798,0.637912,0.159977,0.952069,0.248120,0.080054
10.9791,0.129255,0.628161,0.638417,0.159954,0.952010,0.248331,0.080147
10.9893,0.128938,0.627402,0.639117,0.159889,0.951908,0.248728,0.080251
10.9992,0.128627,0.626524,0.639869,0.159847,0.951804,0.249107,0.080402
11.0093,0.128263,0.625605,0.640667,0.159773,0.951696,0.249526,0.080529
11.0194,0.127841,0.624549,0.641630,0.159709,0.951550,0.250066,0.080699
11.0291,0.127355,0.623418,0.642660,0.159610,0.951394,0.250667,0.080869
11.0393,0.126866,0.622167,0.643790,0.159548,0.951222,0.251299,0.081051
11.0493,0.126317,0.620875,0.645008,0.159444,0.951027,0.252037,0.081253
11.0591,0.125701,0.619439,0.646383,0.159363,0.950797,0.252875,0.081498
11.0692,0.125131,0.618038,0.647739,0.159275,0.950559,0.253743,0.081748
11.0794,0.124508,0.616558,0.649188,0.159191,0.950307,0.254663,0.081988
11.0891,0.123848,0.615094,0.650655,0.159079,0.950041,0.255659,0.082186
11.0992,0.123247,0.613623,0.652115,0.159013,0.949772,0.256612,0.082451
11.1094,0.122629,0.612232,0.653522,0.158899,0.949509,0.257583,0.082673
11.1191,0.121991,0.610817,0.654934,0.158767,0.949253,0.258543,0.082862
11.1294,0.121449,0.609488,0.656226,0.158676,0.949003,0.259441,0.083098
11.1393,0.120897,0.608201,0.657413,0.158573,0.948791,0.260218,0.083285
11.1492,0.120352,0.606953,0.658567,0.158477,0.948572,0.261017,0.083467
11.1591,0.119794,0.605624,0.659724,0.158379,0.948362,0.261782,0.083635
11.1693,0.119269,0.604372,0.660762,0.158311,0.948165,0.262475,0.083827
11.1792,0.118720,0.603128,0.661727,0.158227,0.947996,0.263097,0.083949
11.1894,0.118149,0.601787,0.662758,0.158142,0.947807,0.263777,0.084114
11.1992,0.117558,0.600366,0.663680,0.158099,0.947655,0.264305,0.084249
11.2093,0.116984,0.599004,0.664426,0.158068,0.947542,0.264693,0.084353
11.2191,0.116312,0.597513,0.665187,0.157984,0.947450,0.265059,0.084403
11.2293,0.115705,0.596007,0.665833,0.158003,0.947373,0.265305,0.084457
11.2392,0.115053,0.594447,0.666420,0.157976,0.947326,0.265467,0.084527
11.2492,0.114402,0.592910,0.666925,0.157972,0.947299,0.265566,0.084529
11.2591,0.113707,0.591279,0.667372,0.157954,0.947308,0.265545,0.084525
11.2692,0.113079,0.589754,0.667669,0.157962,0.947347,0.265411,0.084489
11.2794,0.112437,0.588285,0.667860,0.157939,0.947427,0.265162,0.084423
11.2890,0.111875,0.586988,0.667958,0.157938,0.947513,0.264886,0.084323
11.2992,0.111401,0.585861,0.667948,0.157940,0.947634,0.264476,0.084248
11.3095,0.110986,0.584923,0.667934,0.157938,0.947732,0.264150,0.084163
11.3191,0.110592,0.584014,0.667930,0.157919,0.947838,0.263810,0.084072
11.3293,0.110268,0.583254,0.667773,0.157929,0.947975,0.263352,0.083947
11.3391,0.109960,0.582489,0.667561,0.157949,0.948136,0.262806,0.083807
11.3491,0.109592,0.581696,0.667398,0.157931,0.948281,0.262337,0.083669
11.3594,0.109118,0.580623,0.667285,0.157918,0.948434,0.261833,0.083538
11.3692,0.108641,0.579507,0.666992,0.157932,0.948638,0.261135,0.083377
11.3794,0.108050,0.578268,0.666624,0.157909,0.948862,0.260397,0.083179
11.3892,0.107405,0.576822,0.666316,0.157905,0.949080,0.259668,0.082980
11.3992,0.106742,0.575285,0.665872,0.157938,0.949318,0.258833,0.082801
11.4092,0.106083,0.573793,0.665286,0.157936,0.949589,0.257912,0.082577
11.4191,0.105318,0.572171,0.664730,0.157915,0.949856,0.257016,0.082334
11.4295,0.104632,0.570628,0.664011,0.157913,0.950150,0.256015,0.082060
11.4391,0.103953,0.569030,0.663225,0.157953,0.950448,0.254954,0.081838
11.4491,0.103244,0.567499,0.662414,0.157947,0.950754,0.253908,0.081545
11.4590,0.102505,0.565950,0.661712,0.157909,0.951012,0.253036,0.081321
11.4692,0.101850,0.564511,0.660949,0.157911,0.951277,0.252113,0.081085
11.4793,0.101164,0.563106,0.660315,0.157856,0.951496,0.251376,0.080909
11.4892,0.100427,0.561693,0.659817,0.157768,0.951681,0.250796,0.080702
11.4990,0.099701,0.560146,0.659436,0.157715,0.951840,0.250261,0.080602
11.5092,0.098971,0.558642,0.658936,0.157630,0.952033,0.249634,0.080425
11.5194,0.098197,0.557050,0.658476,0.157554,0.952209,0.249061,0.080273
11.5293,0.097396,0.555399,0.658029,0.157446,0.952388,0.248494,0.080116
11.5391,0.096605,0.553719,0.657569,0.157359,0.952560,0.247936,0.079972
11.5492,0.095809,0.552057,0.657073,0.157280,0.952739,0.247346,0.079826
11.5593,0.094948,0.550265,0.656696,0.157179,0.952888,0.246875,0.079697
11.5693,0.094189,0.548614,0.656121,0.157114,0.953077,0.246241,0.079527
11.5791,0.093442,0.546966,0.655591,0.157056,0.953254,0.245631,0.079406
11.5891,0.092688,0.545325,0.655113,0.157004,0.953410,0.245111,0.079250
11.5991,0.091958,0.543664,0.654657,0.156975,0.953562,0.244573,0.079131
11.6094,0.091305,0.542183,0.654181,0.156934,0.953715,0.244051,0.078978
11.6193,0.090681,0.540808,0.653843,0.156885,0.953825,0.243693,0.078851
11.6293,0.090166,0.539660,0.653589,0.156857,0.953909,0.243417,0.078744
11.6391,0.089720,0.538659,0.653448,0.156825,0.953960,0.243255,0.078698
11.6492,0.089321,0.537819,0.653331,0.156768,0.954006,0.243138,0.078617
11.6590,0.088971,0.537053,0.653204,0.156734,0.954050,0.243010,0.078548
11.6691,0.088672,0.536385,0.652968,0.156718,0.954119,0.242781,0.078446
11.6792,0.088371,0.535753,0.652714,0.156688,0.954200,0.242514,0.078349
11.6892,0.088065,0.535118,0.652313,0.156618,0.954318,0.242128,0.078239
11.6989,0.087750,0.534397,0.651767,0.156575,0.954469,0.241602,0.078114
11.7090,0.087417,0.533625,0.651078,0.156509,0.954665,0.240914,0.077973
11.7191,0.087014,0.532765,0.650312,0.156407,0.954871,0.240217,0.077813
11.7290,0.086650,0.531901,0.649298,0.156297,0.955146,0.239254,0.077624
11.7391,0.086269,0.531046,0.648138,0.156123,0.955465,0.238164,0.077400
11.7491,0.085901,0.530209,0.646896,0.155926,0.955804,0.237002,0.077181
11.7591,0.085538,0.529395,0.645435,0.155670,0.956195,0.235661,0.076957
11.7693,0.085231,0.528664,0.643755,0.155402,0.956642,0.234117,0.076649
11.7792,0.084934,0.528032,0.641828,0.155066,0.957143,0.232392,0.076325
11.7890,0.084698,0.527496,0.639721,0.154718,0.957699,0.230447,0.075955
11.7993,0.084487,0.527018,0.637485,0.154367,0.958256,0.228476,0.075597
11.8092,0.084322,0.526632,0.635083,0.154045,0.958849,0.226338,0.075159
11.8191,0.084182,0.526346,0.632568,0.153728,0.959446,0.224160,0.074725
11.8294,0.084082,0.526123,0.629927,0.153443,0.960065,0.221853,0.074240
11.8393,0.084007,0.525980,0.627129,0.153191,0.960700,0.219426,0.073762
11.8492,0.083954,0.525890,0.624292,0.152986,0.961332,0.216967,0.073217
11.8590,0.083958,0.525864,0.621406,0.152837,0.961940,0.214535,0.072707
11.8690,0.083974,0.525859,0.618478,0.152779,0.962558,0.211986,0.072129
11.8791,0.084010,0.525886,0.615623,0.152724,0.963132,0.209577,0.071628
11.8892,0.084080,0.525946,0.612770,0.152747,0.963704,0.207112,0.071050
11.8991,0.084191,0.526031,0.609904,0.152827,0.964249,0.204676,0.070537
11.9092,0.084274,0.526096,0.607091,0.152922,0.964782,0.202263,0.070001
11.9191,0.084418,0.526186,0.604131,0.153046,0.965331,0.199723,0.069455
11.9294,0.084571,0.526282,0.601128,0.153206,0.965888,0.197070,0.068926
11.9391,0.084744,0.526389,0.598264,0.153358,0.966414,0.194521,0.068459
11.9493,0.085005,0.526491,0.595546,0.153580,0.966892,0.192070,0.068137
11.9592,0.085261,0.526562,0.592964,0.153806,0.967328,0.189742,0.067958
11.9693,0.085562,0.526579,0.590572,0.154079,0.967726,0.187478,0.067963
11.9792,0.085919,0.526590,0.588485,0.154390,0.968040,0.185516,0.068163
11.9892,0.086285,0.526554,0.586715,0.154703,0.968298,0.183763,0.068542
11.9993,0.086675,0.526493,0.585303,0.155021,0.968476,0.182352,0.069063
12.0091,0.087061,0.526411,0.584245,0.155310,0.968595,0.181247,0.069657
12.0191,0.087508,0.526323,0.583385,0.155695,0.968657,0.180304,0.070374
12.0294,0.088037,0.526226,0.582621,0.156114,0.968697,0.179410,0.071176
12.0392,0.088664,0.526079,0.581914,0.156671,0.968701,0.178506,0.072163
12.0493,0.089446,0.525913,0.581181,0.157370,0.968680,0.177570,0.073230
12.0591,0.090547,0.525692,0.580319,0.158352,0.968610,0.176500,0.074609
12.0694,0.091870,0.525407,0.579367,0.159563,0.968518,0.175251,0.076158
12.0792,0.093457,0.525097,0.578343,0.161008,0.968375,0.173991,0.077806
12.0892,0.095290,0.524745,0.577227,0.162664,0.968198,0.172616,0.079602
12.0990,0.097347,0.524346,0.576134,0.164530,0.967957,0.171307,0.081508
12.1091,0.099489,0.523942,0.575103,0.166470,0.967675,0.170105,0.083405
12.1190,0.101750,0.523532,0.574139,0.168507,0.967348,0.169047,0.085242
12.1293,0.104004,0.523101,0.573352,0.170538,0.966969,0.168230,0.087096
12.1393,0.106154,0.522723,0.572613,0.172430,0.966606,0.167566,0.088669
12.1490,0.108228,0.522366,0.572074,0.174249,0.966207,0.167163,0.090214
12.1592,0.110195,0.522046,0.571636,0.175962,0.965810,0.167007,0.091420
12.1692,0.111994,0.521745,0.571348,0.177515,0.965405,0.167062,0.092586
12.1791,0.113651,0.521494,0.571141,0.178916,0.965027,0.167269,0.093452
12.1891,0.115147,0.521302,0.570985,0.180159,0.964671,0.167569,0.094196
12.1991,0.116554,0.521136,0.570920,0.181304,0.964318,0.168011,0.094827
12.2094,0.117781,0.521003,0.570929,0.182293,0.963983,0.168549,0.095379
12.2191,0.118932,0.520907,0.570970,0.183211,0.963664,0.169141,0.095797
12.2294,0.119981,0.520853,0.571031,0.184019,0.963368,0.169731,0.096177
12.2391,0.121041,0.520828,0.571113,0.184818,0.963078,0.170335,0.096479
12.2494,0.122023,0.520791,0.571289,0.185597,0.962773,0.171017,0.096828
12.2593,0.123022,0.520794,0.571406,0.186344,0.962497,0.171590,0.097118
12.2691,0.123999,0.520787,0.571523,0.187081,0.962222,0.172132,0.097471
12.2791,0.124938,0.520813,0.571604,0.187812,0.961970,0.172605,0.097714
12.2893,0.125874,0.520843,0.571687,0.188518,0.961725,0.173031,0.098014
12.2994,0.126811,0.520893,0.571750,0.189233,0.961489,0.173410,0.098273
12.3091,0.127685,0.520937,0.571821,0.189901,0.961274,0.173726,0.098530
12.3194,0.128512,0.521003,0.571866,0.190517,0.961077,0.174021,0.098748
12.3291,0.129285,0.521065,0.571883,0.191093,0.960907,0.174219,0.098942
12.3391,0.129962,0.521141,0.571876,0.191618,0.960759,0.174368,0.099101
12.3494,0.130572,0.521221,0.571888,0.192074,0.960628,0.174511,0.099234
12.3592,0.131125,0.521279,0.571869,0.192468,0.960527,0.174564,0.099356
12.3694,0.131630,0.521338,0.571890,0.192827,0.960427,0.174651,0.099468
12.3791,0.132084,0.521383,0.571858,0.193168,0.960347,0.174662,0.099566
12.3895,0.132515,0.521421,0.571847,0.193491,0.960271,0.174689,0.099622
12.3991,0.132975,0.521421,0.571879,0.193858,0.960175,0.174750,0.099732
12.4090,0.133436,0.521416,0.571925,0.194233,0.960068,0.174863,0.099833
12.4192,0.133929,0.521404,0.571979,0.194602,0.959960,0.174979,0.099947
12.4292,0.134428,0.521351,0.572080,0.195035,0.959824,0.175156,0.100096
12.4391,0.134948,0.521293,0.572230,0.195474,0.959671,0.175410,0.100268
12.4491,0.135486,0.521230,0.572409,0.195922,0.959503,0.175713,0.100465
12.4593,0.136054,0.521139,0.572594,0.196411,0.959321,0.176036,0.100684
12.4691,0.136629,0.521059,0.572827,0.196916,0.959118,0.176443,0.100915
12.4793,0.137214,0.520946,0.573102,0.197433,0.958903,0.176899,0.101150
12.4891,0.137845,0.520843,0.573325,0.197983,0.958685,0.177322,0.101405
12.4993,0.138542,0.520738,0.573550,0.198582,0.958457,0.177739,0.101661
12.5090,0.139221,0.520624,0.573786,0.199173,0.958221,0.178186,0.101939
12.5193,0.140048,0.520509,0.573928,0.199880,0.957978,0.178560,0.102190
12.5292,0.140918,0.520385,0.574028,0.200640,0.957731,0.178882,0.102451
12.5391,0.141858,0.520240,0.574148,0.201451,0.957469,0.179205,0.102741
12.5492,0.142881,0.520094,0.574178,0.202341,0.957209,0.179444,0.102999
12.5590,0.144083,0.519894,0.574191,0.203362,0.956925,0.179632,0.103298
12.5692,0.145342,0.519670,0.574215,0.204444,0.956626,0.179809,0.103626
12.5793,0.146651,0.519467,0.574145,0.205538,0.956353,0.179873,0.103869
12.5891,0.148136,0.519220,0.574017,0.206763,0.956071,0.179794,0.104165
12.5993,0.149815,0.518970,0.573826,0.208099,0.955780,0.179637,0.104453
12.6094,0.151544,0.518725,0.573616,0.209475,0.955478,0.179458,0.104773
12.6191,0.153437,0.518500,0.573283,0.210870,0.955214,0.179085,0.105011
12.6292,0.155376,0.518279,0.572888,0.212252,0.954964,0.178598,0.105333
12.6393,0.157355,0.518102,0.572446,0.213530,0.954752,0.178070,0.105571
12.6491,0.159311,0.517948,0.571975,0.214696,0.954568,0.177475,0.105867
12.6590,0.161378,0.517813,0.571404,0.215794,0.954429,0.176754,0.106094
12.6691,0.163388,0.517686,0.570916,0.216771,0.954290,0.176100,0.106437
12.6790,0.165363,0.517606,0.570291,0.217579,0.954226,0.175329,0.106638
12.6891,0.167388,0.517521,0.569666,0.218391,0.954160,0.174511,0.106912
12.6993,0.169446,0.517448,0.568976,0.219115,0.954126,0.173626,0.107175
12.7091,0.171480,0.517383,0.568321,0.219813,0.954085,0.172793,0.107456
12.7193,0.173704,0.517339,0.567520,0.220605,0.954054,0.171829,0.107656
12.7291,0.175991,0.517260,0.566750,0.221458,0.953989,0.170883,0.107982
12.7391,0.178321,0.517238,0.565926,0.222297,0.953934,0.169952,0.108215
12.7493,0.180752,0.517196,0.565026,0.223294,0.953854,0.168931,0.108468
12.7590,0.183387,0.517133,0.564060,0.224408,0.953751,0.167888,0.108690
12.7693,0.185983,0.517038,0.563203,0.225575,0.953597,0.166968,0.109046
12.7791,0.188535,0.516969,0.562280,0.226698,0.953461,0.166070,0.109272
12.7894,0.191136,0.516821,0.561400,0.227936,0.953289,0.165181,0.109550
12.7992,0.193696,0.516676,0.560606,0.229176,0.953074,0.164481,0.109883
12.8093,0.196066,0.516523,0.559883,0.230341,0.952855,0.163883,0.110238
12.8191,0.198347,0.516404,0.559149,0.231447,0.952651,0.163339,0.110494
12.8291,0.200475,0.516268,0.558519,0.232453,0.952432,0.162936,0.110863
12.8391,0.202505,0.516168,0.557931,0.233386,0.952210,0.162676,0.111194
12.8490,0.204430,0.516059,0.557370,0.234255,0.952000,0.162407,0.111554
12.8594,0.206338,0.515919,0.556855,0.235116,0.951775,0.162246,0.111897
12.8691,0.208168,0.515756,0.556438,0.235994,0.951520,0.162187,0.112305
12.8792,0.209948,0.515594,0.556017,0.236813,0.951279,0.162148,0.112673
12.8892,0.211647,0.515362,0.555688,0.237637,0.951031,0.162125,0.113064
12.8991,0.213336,0.515092,0.555406,0.238469,0.950771,0.162153,0.113459
12.9092,0.214908,0.514762,0.555247,0.239269,0.950500,0.162239,0.113919
12.9191,0.216541,0.514372,0.555106,0.240147,0.950223,0.162309,0.114288
12.9291,0.218167,0.513889,0.555041,0.241108,0.949911,0.162374,0.114761
12.9391,0.219778,0.513380,0.555059,0.242091,0.949583,0.162517,0.115205
12.9493,0.221398,0.512811,0.555033,0.243145,0.949262,0.162536,0.115601
12.9592,0.223137,0.512154,0.555078,0.244354,0.948891,0.162592,0.116020
12.9692,0.224885,0.511464,0.555167,0.245628,0.948493,0.162647,0.116508
12.9791,0.226549,0.510777,0.555307,0.246842,0.948105,0.162759,0.116945
12.9894,0.228279,0.510066,0.555378,0.248152,0.947712,0.162757,0.117355
12.9994,0.230067,0.509299,0.555531,0.249570,0.947277,0.162803,0.117794
13.0091,0.231726,0.508593,0.555671,0.250893,0.946862,0.162862,0.118240
13.0193,0.233440,0.507883,0.555709,0.252300,0.946465,0.162792,0.118522
13.0293,0.235155,0.507168,0.555721,0.253737,0.946057,0.162644,0.118914
13.0394,0.236834,0.506466,0.555792,0.255166,0.945640,0.162600,0.119230
13.0492,0.238528,0.505759,0.555798,0.256627,0.945229,0.162465,0.119536
13.0591,0.240313,0.504997,0.555807,0.258182,0.944800,0.162301,0.119809
13.0692,0.242060,0.504225,0.555882,0.259744,0.944345,0.162189,0.120167
13.0792,0.243802,0.503450,0.555959,0.261324,0.943891,0.162086,0.120451
13.0895,0.245609,0.502676,0.555980,0.262935,0.943434,0.161908,0.120764
13.0990,0.247441,0.501909,0.555977,0.264509,0.942992,0.161695,0.121062
13.1091,0.249181,0.501211,0.555959,0.266026,0.942560,0.161495,0.121371
13.1192,0.251027,0.500513,0.555849,0.267563,0.942147,0.161209,0.121574
13.1290,0.252870,0.499853,0.555700,0.269099,0.941729,0.160873,0.121870
13.1390,0.254679,0.499269,0.555467,0.270551,0.941354,0.160502,0.122039
13.1492,0.256559,0.498712,0.555142,0.272046,0.940980,0.160043,0.122207
13.1591,0.258608,0.498107,0.554736,0.273649,0.940592,0.159506,0.122314
13.1690,0.260642,0.497530,0.554328,0.275257,0.940189,0.158957,0.122521
13.1792,0.262610,0.497041,0.553838,0.276768,0.939835,0.158401,0.122549
13.1892,0.264601,0.496553,0.553283,0.278290,0.939492,0.157742,0.122584
13.1993,0.266600,0.496038,0.552800,0.279823,0.939122,0.157165,0.122668
13.2091,0.268446,0.495573,0.552346,0.281262,0.938777,0.156593,0.122755
13.2195,0.270299,0.495076,0.551959,0.282726,0.938414,0.156127,0.122756
13.2291,0.272085,0.494536,0.551629,0.284146,0.938049,0.155642,0.122884
13.2392,0.273856,0.493948,0.551387,0.285602,0.937654,0.155282,0.122982
13.2493,0.275581,0.493341,0.551200,0.287023,0.937258,0.154936,0.123122
13.2593,0.277356,0.492642,0.551014,0.288522,0.936843,0.154586,0.123223
13.2691,0.279076,0.491889,0.550957,0.290022,0.936391,0.154316,0.123472
13.2791,0.280719,0.491160,0.550869,0.291448,0.935971,0.154070,0.123606
13.2892,0.282326,0.490391,0.550837,0.292889,0.935533,0.153832,0.123816
13.2992,0.283905,0.489618,0.550813,0.294268,0.935107,0.153611,0.124034
13.3090,0.285373,0.488847,0.550892,0.295575,0.934678,0.153479,0.124322
13.3193,0.286884,0.488054,0.550939,0.296892,0.934263,0.153342,0.124478
13.3294,0.288373,0.487214,0.551032,0.298190,0.933831,0.153196,0.124796
13.3393,0.289821,0.486382,0.551137,0.299440,0.933415,0.153098,0.125035
13.3490,0.291301,0.485499,0.551231,0.300667,0.933007,0.152943,0.125324
13.3593,0.292966,0.484501,0.551311,0.301969,0.932576,0.152779,0.125601
13.3693,0.294609,0.483491,0.551409,0.303179,0.932163,0.152572,0.126003
13.3791,0.296258,0.482507,0.551431,0.304269,0.931807,0.152335,0.126295
13.3894,0.297962,0.481458,0.551405,0.305348,0.931466,0.151986,0.126620
13.3991,0.299772,0.480333,0.551383,0.306457,0.931108,0.151626,0.127007
13.4090,0.301491,0.479266,0.551384,0.307418,0.930787,0.151317,0.127412
13.4194,0.303267,0.478150,0.551308,0.308447,0.930469,0.150928,0.127707
13.4294,0.305058,0.476997,0.551272,0.309528,0.930113,0.150551,0.128126
13.4394,0.306852,0.475829,0.551204,0.310668,0.929749,0.150178,0.128445
13.4494,0.308689,0.474652,0.551053,0.311904,0.929366,0.149708,0.128773
13.4592,0.310592,0.473399,0.550941,0.313269,0.928932,0.149297,0.129063
13.4694,0.312420,0.472206,0.550814,0.314647,0.928487,0.148857,0.129422
13.4792,0.314178,0.471040,0.550695,0.316037,0.928042,0.148492,0.129645
13.4892,0.315956,0.469835,0.550532,0.317515,0.927570,0.148062,0.129909
13.4991,0.317905,0.468490,0.550387,0.319234,0.927012,0.147650,0.130145
13.5092,0.319874,0.467110,0.550245,0.321052,0.926406,0.147215,0.130483
13.5191,0.321986,0.465604,0.550034,0.323043,0.925765,0.146748,0.130643
13.5290,0.324179,0.464014,0.549844,0.325184,0.925053,0.146224,0.130964
13.5391,0.326379,0.462427,0.549580,0.327303,0.924360,0.145665,0.131197
13.5491,0.328488,0.460882,0.549274,0.329364,0.923693,0.145056,0.131413
13.5591,0.330645,0.459298,0.548958,0.331480,0.923008,0.144444,0.131581
13.5691,0.332649,0.457821,0.548619,0.333429,0.922371,0.143813,0.131811
13.5791,0.334484,0.456445,0.548303,0.335253,0.921778,0.143276,0.131920
13.5891,0.336299,0.455087,0.547974,0.337025,0.921206,0.142698,0.132025
13.5991,0.338089,0.453722,0.547691,0.338822,0.920605,0.142176,0.132178
13.6092,0.339770,0.452442,0.547410,0.340484,0.920049,0.141647,0.132350
13.6191,0.341386,0.451199,0.547150,0.342083,0.919515,0.141202,0.132414
13.6289,0.342935,0.449977,0.546901,0.343648,0.918984,0.140717,0.132569
13.6392,0.344453,0.448795,0.546659,0.345208,0.918453,0.140301,0.132629
13.6490,0.345904,0.447638,0.546459,0.346701,0.917933,0.139907,0.132755
13.6593,0.347392,0.446437,0.546288,0.348248,0.917389,0.139564,0.132826
13.6693,0.348837,0.445254,0.546126,0.349734,0.916856,0.139186,0.132997
13.6790,0.350240,0.444130,0.545974,0.351178,0.916342,0.138870,0.133070
13.6891,0.351696,0.442936,0.545821,0.352688,0.915794,0.138529,0.133199
13.6991,0.353149,0.441749,0.545646,0.354170,0.915260,0.138157,0.133324
13.7091,0.354518,0.440595,0.545478,0.355575,0.914753,0.137782,0.133456
13.7191,0.355933,0.439419,0.545292,0.357018,0.914237,0.137420,0.133511
13.7294,0.357313,0.438254,0.545107,0.358436,0.913719,0.137021,0.133669
13.7390,0.358652,0.437114,0.544887,0.359829,0.913223,0.136614,0.133731
13.7492,0.359859,0.436066,0.544750,0.361076,0.912763,0.136301,0.133825
13.7591,0.361001,0.435103,0.544519,0.362247,0.912356,0.135901,0.133847
13.7694,0.361966,0.434248,0.544384,0.363228,0.912000,0.135590,0.133926
13.7790,0.362788,0.433532,0.544235,0.364071,0.911701,0.135332,0.133937
13.7889,0.363627,0.432820,0.544095,0.364930,0.911394,0.135055,0.133971
13.7991,0.364415,0.432088,0.544023,0.365773,0.911079,0.134826,0.134042
13.8093,0.365223,0.431412,0.543894,0.366594,0.910778,0.134589,0.134084
13.8192,0.366109,0.430623,0.543808,0.367533,0.910428,0.134366,0.134109
13.8293,0.367121,0.429742,0.543742,0.368607,0.910018,0.134119,0.134197
13.8391,0.368219,0.428777,0.543682,0.369773,0.909569,0.133882,0.134270
13.8491,0.369395,0.427756,0.543626,0.371015,0.909083,0.133639,0.134372
13.8590,0.370708,0.426591,0.543583,0.372421,0.908538,0.133390,0.134421
13.8690,0.372030,0.425390,0.543614,0.373857,0.907950,0.133154,0.134640
13.8790,0.373371,0.424198,0.543595,0.375268,0.907390,0.132927,0.134712
13.8895,0.374761,0.422939,0.543600,0.376781,0.906774,0.132709,0.134851
13.8990,0.376233,0.421645,0.543580,0.378328,0.906148,0.132492,0.134944
13.9090,0.377674,0.420335,0.543589,0.379905,0.905500,0.132254,0.135093
13.9193,0.379132,0.419035,0.543526,0.381436,0.904889,0.132027,0.135097
13.9292,0.380528,0.417772,0.543516,0.382945,0.904265,0.131807,0.135223
13.9391,0.381812,0.416606,0.543481,0.384328,0.903703,0.131649,0.135213
13.9494,0.382985,0.415527,0.543489,0.385609,0.903168,0.131542,0.135241
13.9590,0.384109,0.414486,0.543455,0.386826,0.902671,0.131409,0.135213
13.9690,0.385121,0.413517,0.543455,0.387957,0.902200,0.131269,0.135251
13.9789,0.386018,0.412638,0.543502,0.388971,0.901772,0.131222,0.135238
13.9891,0.386935,0.411734,0.543497,0.390028,0.901337,0.131119,0.135196
13.9991,0.387914,0.410744,0.543523,0.391169,0.900854,0.131002,0.135227
14.0090,0.388871,0.409778,0.543576,0.392300,0.900365,0.130899,0.135314
14.0192,0.389924,0.408713,0.543607,0.393534,0.899845,0.130788,0.135298
14.0293,0.391036,0.407580,0.543624,0.394832,0.899288,0.130596,0.135402
14.0390,0.392191,0.406388,0.543660,0.396187,0.898704,0.130434,0.135480
14.0491,0.393380,0.405171,0.543697,0.397572,0.898100,0.130209,0.135643
14.0591,0.394635,0.403884,0.543681,0.399057,0.897465,0.129977,0.135704
14.0692,0.395876,0.402603,0.543652,0.400498,0.896841,0.129677,0.135874
14.0792,0.397108,0.401335,0.543600,0.401936,0.896229,0.129405,0.135924
14.0891,0.398368,0.400036,0.543529,0.403405,0.895597,0.129079,0.136046
14.0990,0.399646,0.398697,0.543470,0.404890,0.894956,0.128742,0.136172
14.1092,0.400876,0.397397,0.543404,0.406355,0.894321,0.128432,0.136275
14.1191,0.402199,0.395989,0.543310,0.407917,0.893648,0.128077,0.136356
14.1290,0.403490,0.394588,0.543220,0.409449,0.892982,0.127695,0.136490
14.1391,0.404742,0.393214,0.543108,0.410962,0.892327,0.127339,0.136560
14.1490,0.405969,0.391855,0.543008,0.412440,0.891679,0.126977,0.136672
14.1589,0.407219,0.390468,0.542842,0.413965,0.891020,0.126579,0.136728
14.1691,0.408368,0.389134,0.542682,0.415391,0.890397,0.126190,0.136818
14.1791,0.409421,0.387909,0.542519,0.416688,0.889831,0.125871,0.136856
14.1890,0.410467,0.386685,0.542338,0.417995,0.889256,0.125531,0.136915
14.1991,0.411513,0.385423,0.542139,0.419331,0.888665,0.125183,0.136986
14.2094,0.412482,0.384225,0.541938,0.420577,0.888115,0.124809,0.137074
14.2192,0.413478,0.383000,0.541696,0.421865,0.887556,0.124475,0.137040
14.2294,0.414468,0.381779,0.541437,0.423133,0.886999,0.124070,0.137103
14.2395,0.415455,0.380552,0.541191,0.424420,0.886436,0.123690,0.137112
14.2491,0.416419,0.379372,0.540908,0.425648,0.885900,0.123293,0.137126
14.2590,0.417445,0.378133,0.540562,0.426930,0.885351,0.122827,0.137106
14.2692,0.418402,0.376973,0.540230,0.428132,0.884830,0.122377,0.137126
14.2791,0.419337,0.375823,0.539883,0.429348,0.884311,0.121932,0.137069
14.2892,0.420276,0.374655,0.539525,0.430556,0.883791,0.121478,0.137031
14.2991,0.421225,0.373503,0.539157,0.431749,0.883278,0.121009,0.137006
14.3093,0.422144,0.372380,0.538813,0.432908,0.882777,0.120565,0.136969
14.3191,0.423132,0.371196,0.538455,0.434129,0.882245,0.120127,0.136910
14.3290,0.424122,0.370001,0.538108,0.435384,0.881691,0.119643,0.136918
14.3393,0.425116,0.368804,0.537826,0.436627,0.881130,0.119252,0.136914
14.3494,0.426105,0.367614,0.537527,0.437865,0.880572,0.118841,0.136911
14.3590,0.427132,0.366387,0.537270,0.439139,0.879984,0.118463,0.136934
14.3696,0.428096,0.365214,0.537043,0.440360,0.879415,0.118074,0.137004
14.3793,0.428983,0.364130,0.536829,0.441491,0.878889,0.117766,0.137005
14.3891,0.429843,0.363072,0.536630,0.442618,0.878361,0.117455,0.137025
14.3993,0.430740,0.361978,0.536461,0.443755,0.877821,0.117152,0.137070
14.4092,0.431553,0.360979,0.536322,0.444816,0.877304,0.116898,0.137154
14.4191,0.432375,0.359964,0.536207,0.445877,0.876791,0.116680,0.137175
14.4292,0.433199,0.358933,0.536075,0.446946,0.876272,0.116411,0.137240
14.4393,0.434062,0.357882,0.536015,0.448036,0.875726,0.116244,0.137310
14.4490,0.434910,0.356818,0.535949,0.449154,0.875166,0.116045,0.137400
14.4591,0.435794,0.355718,0.535886,0.450269,0.874611,0.115872,0.137430
14.4692,0.436674,0.354614,0.535831,0.451402,0.874036,0.115653,0.137554
14.4794,0.437538,0.353537,0.535813,0.452506,0.873472,0.115519,0.137623
14.4893,0.438420,0.352439,0.535772,0.453622,0.872902,0.115337,0.137718
14.4993,0.439348,0.351274,0.535763,0.454808,0.872289,0.115165,0.137836
14.5093,0.440239,0.350137,0.535784,0.455944,0.871690,0.115023,0.137993
14.5192,0.441192,0.348922,0.535787,0.457152,0.871064,0.114876,0.138073
14.5293,0.442129,0.347699,0.535841,0.458350,0.870419,0.114722,0.138293
14.5390,0.443085,0.346474,0.535848,0.459547,0.869789,0.114574,0.138406
14.5492,0.444037,0.345219,0.535845,0.460761,0.869148,0.114387,0.138550
14.5593,0.445128,0.343820,0.535876,0.462144,0.868411,0.114239,0.138692
14.5694,0.446206,0.342387,0.535907,0.463531,0.867662,0.114002,0.138946
14.5790,0.447285,0.340991,0.535891,0.464891,0.866941,0.113810,0.139058
14.5894,0.448419,0.339505,0.535847,0.466326,0.866179,0.113562,0.139202
14.5992,0.449615,0.337904,0.535841,0.467865,0.865353,0.113291,0.139395
14.6090,0.450771,0.336345,0.535797,0.469380,0.864537,0.113027,0.139586
14.6191,0.451987,0.334708,0.535720,0.470949,0.863699,0.112775,0.139686
14.6292,0.453264,0.332959,0.535625,0.472645,0.862792,0.112408,0.139863
14.6394,0.454628,0.331081,0.535551,0.474437,0.861824,0.112081,0.140025
14.6490,0.455988,0.329197,0.535474,0.476231,0.860845,0.111748,0.140220
14.6591,0.457417,0.327174,0.535381,0.478137,0.859813,0.111396,0.140346
14.6690,0.458840,0.325169,0.535289,0.480036,0.858768,0.110976,0.140594
14.6793,0.460162,0.323274,0.535178,0.481834,0.857788,0.110632,0.140697
14.6892,0.461327,0.321594,0.535088,0.483407,0.856922,0.110274,0.140859
14.6994,0.462314,0.320151,0.534980,0.484752,0.856190,0.109981,0.140917
14.7093,0.463157,0.318901,0.534886,0.485913,0.855555,0.109706,0.140995
14.7193,0.463964,0.317697,0.534761,0.487042,0.854942,0.109426,0.141032
14.7292,0.464732,0.316542,0.534648,0.488115,0.854353,0.109136,0.141117
14.7391,0.465481,0.315415,0.534507,0.489150,0.853793,0.108856,0.141138
14.7492,0.466277,0.314198,0.534374,0.490264,0.853178,0.108580,0.141202
14.7593,0.467216,0.312771,0.534195,0.491578,0.852460,0.108246,0.141230
14.7703,0.468182,0.311280,0.533977,0.492955,0.851705,0.107804,0.141325
14.7791,0.469149,0.309782,0.533804,0.494322,0.850946,0.107497,0.141357
14.7893,0.470131,0.308250,0.533582,0.495720,0.850176,0.107100,0.141395
14.7994,0.471137,0.306676,0.533347,0.497138,0.849391,0.106686,0.141448
14.8094,0.472086,0.305167,0.533114,0.498515,0.848624,0.106254,0.141530
14.8190,0.472999,0.303752,0.532848,0.499791,0.847923,0.105880,0.141508
14.8291,0.473868,0.302372,0.532581,0.501041,0.847233,0.105445,0.141546
14.8392,0.474729,0.301069,0.532302,0.502229,0.846581,0.105047,0.141533
14.8494,0.475530,0.299839,0.532014,0.503340,0.845969,0.104594,0.141583
14.8593,0.476287,0.298715,0.531740,0.504382,0.845402,0.104259,0.141511
14.8693,0.476958,0.297694,0.531497,0.505304,0.844892,0.103896,0.141535
14.8793,0.477596,0.296775,0.531234,0.506153,0.844430,0.103569,0.141496
14.8891,0.478147,0.295957,0.531025,0.506880,0.844031,0.103279,0.141486
14.8993,0.478673,0.295206,0.530831,0.507571,0.843648,0.103041,0.141464
14.9093,0.479126,0.294540,0.530681,0.508193,0.843298,0.102824,0.141477
14.9192,0.479592,0.293895,0.530513,0.508780,0.842975,0.102614,0.141446
14.9291,0.480015,0.293273,0.530373,0.509335,0.842664,0.102410,0.141447
14.9391,0.480447,0.292685,0.530211,0.509887,0.842358,0.102194,0.141441
14.9493,0.480851,0.292137,0.530092,0.510395,0.842072,0.102023,0.141436
14.9590,0.481269,0.291574,0.529987,0.510900,0.841781,0.101876,0.141449
14.9693,0.481672,0.291053,0.529842,0.511370,0.841514,0.101684,0.141478
14.9791,0.482043,0.290568,0.529760,0.511828,0.841246,0.101572,0.141494
14.9892,0.482415,0.290082,0.529669,0.512282,0.840979,0.101443,0.141528
14.9991,0.482803,0.289596,0.529583,0.512729,0.840714,0.101320,0.141574
15.0092,0.483159,0.289162,0.529499,0.513128,0.840477,0.101208,0.141618
15.0191,0.483510,0.288760,0.529385,0.513501,0.840261,0.101110,0.141614
15.0292,0.483852,0.288382,0.529330,0.513865,0.840041,0.101047,0.141647
15.0396,0.484170,0.288015,0.529252,0.514201,0.839839,0.100970,0.141679
15.0490,0.484484,0.287686,0.529170,0.514514,0.839652,0.100904,0.141693
15.0590,0.484766,0.287411,0.529074,0.514788,0.839491,0.100852,0.141693
15.0692,0.485025,0.287188,0.528993,0.515009,0.839357,0.100813,0.141709
15.0792,0.485277,0.286999,0.528873,0.515210,0.839245,0.100785,0.141665
15.0890,0.485525,0.286834,0.528735,0.515407,0.839141,0.100717,0.141609
15.0993,0.485806,0.286716,0.528540,0.515562,0.839067,0.100630,0.141548
15.1092,0.486126,0.286646,0.528289,0.515705,0.839014,0.100492,0.141441
15.1190,0.486535,0.286622,0.527900,0.515827,0.838997,0.100286,0.141239
15.1289,0.487015,0.286633,0.527385,0.515941,0.839010,0.099955,0.140979
15.1391,0.487635,0.286711,0.526692,0.516076,0.839039,0.099539,0.140610
15.1492,0.488355,0.286837,0.525853,0.516183,0.839117,0.099009,0.140126
15.1592,0.489269,0.287037,0.524755,0.516303,0.839223,0.098324,0.139532
15.1693,0.490239,0.287264,0.523596,0.516413,0.839350,0.097575,0.138882
15.1792,0.491315,0.287544,0.522297,0.516510,0.839499,0.096785,0.138174
15.1890,0.492431,0.287861,0.520918,0.516591,0.839679,0.095910,0.137383
15.1993,0.493595,0.288177,0.519545,0.516699,0.839828,0.095035,0.136670
15.2091,0.494725,0.288521,0.518267,0.516782,0.839977,0.094253,0.135984
15.2191,0.495840,0.288859,0.516981,0.516882,0.840111,0.093475,0.135306
15.2290,0.496887,0.289179,0.515826,0.516958,0.840242,0.092750,0.134703
15.2391,0.497923,0.289499,0.514735,0.517048,0.840347,0.092096,0.134153
15.2491,0.498892,0.289822,0.513698,0.517114,0.840460,0.091493,0.133602
15.2594,0.499843,0.290111,0.512690,0.517194,0.840559,0.090870,0.133091
15.2692,0.500721,0.290394,0.511755,0.517234,0.840672,0.090285,0.132621
15.2792,0.501576,0.290650,0.510852,0.517306,0.840759,0.089747,0.132151
15.2890,0.502358,0.290900,0.509955,0.517373,0.840855,0.089163,0.131677
15.2993,0.503102,0.291115,0.509143,0.517450,0.840926,0.088658,0.131261
15.3093,0.503793,0.291341,0.508320,0.517494,0.841020,0.088131,0.130840
15.3191,0.504483,0.291556,0.507483,0.517550,0.841107,0.087613,0.130402
15.3291,0.505131,0.291768,0.506653,0.517595,0.841203,0.087077,0.129961
15.3391,0.505797,0.291961,0.505787,0.517653,0.841288,0.086538,0.129539
15.3492,0.506438,0.292170,0.504888,0.517700,0.841394,0.085965,0.129048
15.3591,0.507145,0.292386,0.503795,0.517745,0.841525,0.085251,0.128484
15.3692,0.507820,0.292584,0.502770,0.517818,0.841626,0.084587,0.127965
15.3792,0.508538,0.292792,0.501681,0.517877,0.841737,0.083903,0.127443
15.3893,0.509342,0.293025,0.500320,0.517944,0.841895,0.082996,0.126721
15.3991,0.510279,0.293316,0.498743,0.518023,0.842068,0.081978,0.125910
15.4091,0.511285,0.293609,0.497059,0.518114,0.842242,0.080874,0.125082
15.4190,0.512478,0.293957,0.495025,0.518192,0.842472,0.079562,0.124050
15.4294,0.513739,0.294314,0.492841,0.518299,0.842713,0.078065,0.122908
15.4391,0.515117,0.294650,0.490563,0.518460,0.842916,0.076542,0.121790
15.4494,0.516429,0.295028,0.488326,0.518546,0.843164,0.075063,0.120624
15.4591,0.517748,0.295350,0.486197,0.518679,0.843356,0.073619,0.119591
15.4691,0.518940,0.295659,0.484273,0.518768,0.843542,0.072302,0.118699
15.4790,0.520069,0.295954,0.482586,0.518852,0.843690,0.071176,0.117954
15.4893,0.521145,0.296261,0.480969,0.518913,0.843844,0.070071,0.117246
15.4991,0.522189,0.296526,0.479516,0.518995,0.843961,0.069073,0.116630
15.5095,0.523147,0.296810,0.478187,0.519037,0.844087,0.068145,0.116078
15.5193,0.524159,0.297090,0.476793,0.519097,0.844208,0.067198,0.115475
15.5295,0.525118,0.297356,0.475558,0.519162,0.844310,0.066351,0.114931
15.5393,0.526059,0.297611,0.474460,0.519227,0.844387,0.065616,0.114493
15.5491,0.526968,0.297867,0.473435,0.519293,0.844457,0.064946,0.114062
15.5594,0.527923,0.298106,0.472483,0.519390,0.844492,0.064354,0.113690
15.5695,0.528837,0.298347,0.471720,0.519466,0.844518,0.063891,0.113416
15.5791,0.529769,0.298575,0.470958,0.519568,0.844524,0.063451,0.113148
15.5894,0.530695,0.298811,0.470180,0.519662,0.844543,0.063006,0.112821
15.5992,0.531700,0.299043,0.469424,0.519779,0.844536,0.062579,0.112574
15.6094,0.532649,0.299276,0.468714,0.519880,0.844538,0.062161,0.112323
15.6191,0.533661,0.299526,0.467863,0.519999,0.844542,0.061674,0.112006
15.6296,0.534640,0.299773,0.467017,0.520117,0.844548,0.061175,0.111684
15.6391,0.535612,0.300028,0.466219,0.520224,0.844548,0.060748,0.111423
15.6494,0.536521,0.300284,0.465443,0.520316,0.844559,0.060323,0.111143
15.6595,0.537423,0.300552,0.464618,0.520406,0.844571,0.059871,0.110870
15.6691,0.538273,0.300800,0.463813,0.520500,0.844582,0.059409,0.110595
15.6793,0.539101,0.301045,0.463063,0.520560,0.844602,0.058987,0.110383
15.6892,0.539866,0.301298,0.462265,0.520630,0.844632,0.058542,0.110065
15.6993,0.540650,0.301514,0.461414,0.520693,0.844664,0.058015,0.109799
15.7093,0.541378,0.301738,0.460578,0.520750,0.844704,0.057528,0.109481
15.7191,0.542127,0.301973,0.459647,0.520800,0.844755,0.056983,0.109130
15.7294,0.542842,0.302164,0.458656,0.520866,0.844812,0.056350,0.108699
15.7391,0.543537,0.302362,0.457662,0.520918,0.844871,0.055739,0.108304
15.7495,0.544194,0.302555,0.456608,0.520971,0.844944,0.055103,0.107808
15.7592,0.544844,0.302729,0.455481,0.521005,0.845034,0.054384,0.107300
15.7692,0.545444,0.302904,0.454422,0.521055,0.845110,0.053737,0.106784
15.7791,0.546016,0.303047,0.453406,0.521110,0.845174,0.053108,0.106322
15.7892,0.546558,0.303202,0.452348,0.521156,0.845254,0.052465,0.105780
15.7991,0.547066,0.303342,0.451358,0.521196,0.845324,0.051861,0.105324
15.8093,0.547541,0.303467,0.450400,0.521246,0.845387,0.051282,0.104851
15.8192,0.548000,0.303618,0.449409,0.521263,0.845474,0.050694,0.104350
15.8291,0.548456,0.303729,0.448424,0.521303,0.845550,0.050062,0.103839
15.8395,0.548937,0.303885,0.447381,0.521332,0.845631,0.049450,0.103323
15.8495,0.549415,0.304025,0.446291,0.521367,0.845718,0.048782,0.102756
15.8595,0.549932,0.304178,0.445142,0.521384,0.845819,0.048058,0.102170
15.8691,0.550447,0.304333,0.443959,0.521413,0.845916,0.047353,0.101550
15.8791,0.550998,0.304483,0.442740,0.521457,0.846004,0.046600,0.100936
15.8893,0.551558,0.304649,0.441438,0.521475,0.846117,0.045799,0.100265
15.8991,0.552144,0.304829,0.440092,0.521508,0.846220,0.044975,0.099588
15.9095,0.552726,0.305000,0.438751,0.521539,0.846328,0.044160,0.098878
15.9190,0.553329,0.305192,0.437359,0.521557,0.846443,0.043304,0.098167
15.9292,0.553932,0.305351,0.435910,0.521619,0.846537,0.042408,0.097418
15.9392,0.554527,0.305533,0.434571,0.521649,0.846634,0.041583,0.096767
15.9493,0.555081,0.305693,0.433207,0.521695,0.846727,0.040719,0.096070
15.9593,0.555668,0.305849,0.431860,0.521768,0.846795,0.039882,0.095421
15.9694,0.556199,0.306011,0.430667,0.521810,0.846869,0.039141,0.094845
15.9790,0.556716,0.306164,0.429506,0.521868,0.846929,0.038435,0.094280
15.9893,0.557211,0.306289,0.428449,0.521925,0.846980,0.037764,0.093772
15.9995,0.557710,0.306412,0.427446,0.521990,0.847018,0.037156,0.093306
16.0092,0.558158,0.306548,0.426535,0.522024,0.847067,0.036612,0.092888
16.0191,0.558628,0.306693,0.425580,0.522059,0.847121,0.036032,0.092423
16.0292,0.559124,0.306826,0.424646,0.522109,0.847163,0.035483,0.091973
16.0391,0.559645,0.306975,0.423708,0.522131,0.847218,0.034919,0.091556
16.0493,0.560205,0.307141,0.422756,0.522179,0.847260,0.034392,0.091093
16.0590,0.560819,0.307312,0.421720,0.522209,0.847315,0.033794,0.090629
16.0690,0.561438,0.307507,0.420695,0.522229,0.847378,0.033200,0.090140
16.0793,0.562067,0.307706,0.419746,0.522258,0.847425,0.032689,0.089721
16.0892,0.562655,0.307876,0.418888,0.522284,0.847467,0.032214,0.089343
16.0992,0.563182,0.308035,0.418152,0.522304,0.847504,0.031816,0.089011
16.1093,0.563653,0.308182,0.417563,0.522312,0.847535,0.031513,0.088779
16.1191,0.564095,0.308316,0.417029,0.522339,0.847552,0.031247,0.088556
16.1293,0.564505,0.308458,0.416600,0.522346,0.847572,0.031049,0.088389
16.1391,0.564905,0.308586,0.416168,0.522349,0.847593,0.030839,0.088239
16.1492,0.565344,0.308730,0.415653,0.522365,0.847616,0.030586,0.088019
16.1591,0.565833,0.308910,0.415075,0.522353,0.847655,0.030311,0.087802
16.1692,0.566347,0.309093,0.414464,0.522386,0.847673,0.030013,0.087532
16.1790,0.566927,0.309262,0.413792,0.522441,0.847679,0.029678,0.087266
16.1892,0.567574,0.309464,0.412965,0.522500,0.847695,0.029260,0.086892
16.1991,0.568315,0.309724,0.412000,0.522548,0.847721,0.028805,0.086500
16.2091,0.569092,0.310000,0.410961,0.522621,0.847738,0.028288,0.086060
16.2190,0.569979,0.310291,0.409649,0.522716,0.847759,0.027619,0.085496
16.2292,0.570844,0.310624,0.408156,0.522804,0.847803,0.026837,0.084768
16.2391,0.571754,0.310946,0.406545,0.522937,0.847820,0.025976,0.084043
16.2492,0.572642,0.311260,0.404871,0.523079,0.847836,0.025102,0.083257
16.2591,0.573481,0.311568,0.403137,0.523222,0.847857,0.024168,0.082424
16.2691,0.574262,0.311863,0.401513,0.523364,0.847867,0.023316,0.081662
16.2789,0.574988,0.312141,0.399973,0.523508,0.847866,0.022522,0.080963
16.2893,0.575644,0.312392,0.398462,0.523655,0.847865,0.021722,0.080242
16.2993,0.576249,0.312640,0.397113,0.523761,0.847874,0.021037,0.079634
16.3091,0.576821,0.312823,0.395827,0.523916,0.847849,0.020356,0.079059
16.3193,0.577376,0.313042,0.394552,0.524049,0.847836,0.019733,0.078474
16.3292,0.577874,0.313210,0.393369,0.524192,0.847812,0.019097,0.077925
16.3391,0.578339,0.313386,0.392243,0.524312,0.847797,0.018530,0.077417
16.3491,0.578766,0.313555,0.391208,0.524412,0.847790,0.017987,0.076949
16.3593,0.579191,0.313704,0.390203,0.524530,0.847768,0.017474,0.076499
16.3694,0.579573,0.313848,0.389350,0.524640,0.847742,0.017053,0.076133
16.3792,0.579945,0.313987,0.388574,0.524753,0.847708,0.016683,0.075814
16.3895,0.580282,0.314145,0.387910,0.524837,0.847687,0.016395,0.075521
16.3993,0.580636,0.314304,0.387362,0.524920,0.847656,0.016180,0.075342
16.4093,0.580957,0.314469,0.386961,0.524996,0.847621,0.016066,0.075232
16.4192,0.581256,0.314655,0.386666,0.525049,0.847593,0.016029,0.075179
16.4294,0.581536,0.314854,0.386489,0.525053,0.847588,0.016073,0.075201
16.4391,0.581822,0.315024,0.386401,0.525094,0.847553,0.016185,0.075282
16.4495,0.582063,0.315196,0.386374,0.525103,0.847536,0.016324,0.075391
16.4592,0.582326,0.315350,0.386466,0.525129,0.847495,0.016586,0.075615
16.4693,0.582560,0.315516,0.386656,0.525125,0.847462,0.016946,0.075917
16.4794,0.582808,0.315670,0.386849,0.525136,0.847420,0.017345,0.076229
16.4892,0.583041,0.315809,0.387134,0.525150,0.847363,0.017840,0.076648
16.4989,0.583300,0.315945,0.387402,0.525170,0.847294,0.018408,0.077136
16.5089,0.583541,0.316075,0.387685,0.525216,0.847204,0.019055,0.077655
16.5192,0.583795,0.316214,0.388009,0.525221,0.847122,0.019825,0.078318
16.5293,0.584072,0.316350,0.388391,0.525257,0.847007,0.020720,0.079083
16.5395,0.584340,0.316521,0.388754,0.525277,0.846893,0.021702,0.079907
16.5493,0.584660,0.316686,0.389081,0.525297,0.846771,0.022733,0.080779
16.5591,0.585025,0.316875,0.389307,0.525314,0.846640,0.023830,0.081714
16.5691,0.585429,0.317080,0.389480,0.525327,0.846506,0.024983,0.082677
16.5791,0.585895,0.317314,0.389462,0.525326,0.846384,0.026050,0.083596
16.5893,0.586405,0.317582,0.389193,0.525325,0.846278,0.026985,0.084378
16.5990,0.587042,0.317889,0.388735,0.525300,0.846183,0.027920,0.085174
16.6091,0.587704,0.318233,0.388093,0.525291,0.846096,0.028738,0.085822
16.6191,0.588526,0.318649,0.387069,0.525271,0.846032,0.029394,0.086348
16.6291,0.589370,0.319146,0.385850,0.525167,0.846043,0.029902,0.086703
16.6394,0.590390,0.319718,0.384341,0.525071,0.846058,0.030302,0.086999
16.6494,0.591433,0.320406,0.382613,0.524892,0.846150,0.030567,0.087091
16.6592,0.592625,0.321147,0.380658,0.524701,0.846254,0.030711,0.087175
16.6695,0.593778,0.321986,0.378684,0.524458,0.846403,0.030836,0.087151
16.6791,0.594994,0.322834,0.376698,0.524218,0.846547,0.030926,0.087163
16.6892,0.596174,0.323755,0.374724,0.523960,0.846707,0.031029,0.087121
16.6993,0.597382,0.324679,0.372827,0.523667,0.846873,0.031184,0.087215
16.7095,0.598553,0.325639,0.371149,0.523365,0.847034,0.031484,0.087357
16.7191,0.599744,0.326626,0.369432,0.523045,0.847204,0.031781,0.087516
16.7291,0.600857,0.327564,0.367831,0.522750,0.847363,0.032059,0.087636
16.7393,0.601940,0.328469,0.366381,0.522449,0.847510,0.032408,0.087887
16.7492,0.602951,0.329341,0.365057,0.522153,0.847656,0.032805,0.088090
16.7590,0.603970,0.330162,0.363931,0.521894,0.847749,0.033373,0.088519
16.7693,0.604922,0.330909,0.363078,0.521666,0.847810,0.034042,0.089019
16.7790,0.605808,0.331625,0.362413,0.521437,0.847856,0.034833,0.089610
16.7891,0.606634,0.332258,0.361962,0.521233,0.847878,0.035662,0.090265
16.7993,0.607454,0.332854,0.361705,0.521063,0.847854,0.036666,0.091068
16.8091,0.608209,0.333376,0.361562,0.520910,0.847819,0.037665,0.091856
16.8191,0.608922,0.333843,0.361499,0.520792,0.847755,0.038695,0.092675
16.8290,0.609617,0.334219,0.361581,0.520727,0.847650,0.039770,0.093549
16.8391,0.610266,0.334588,0.361745,0.520679,0.847523,0.040905,0.094473
16.8493,0.610866,0.334912,0.362056,0.520637,0.847383,0.042086,0.095432
16.8594,0.611419,0.335224,0.362491,0.520595,0.847230,0.043354,0.096447
16.8692,0.611928,0.335489,0.362991,0.520567,0.847068,0.044584,0.097459
16.8793,0.612373,0.335752,0.363550,0.520522,0.846915,0.045809,0.098453
16.8892,0.612748,0.335995,0.364149,0.520488,0.846758,0.046997,0.099417
16.8995,0.613111,0.336225,0.364736,0.520439,0.846610,0.048166,0.100372
16.9090,0.613412,0.336440,0.365293,0.520402,0.846469,0.049223,0.101235
16.9194,0.613671,0.336651,0.365878,0.520352,0.846332,0.050298,0.102108
16.9292,0.613910,0.336857,0.366443,0.520289,0.846205,0.051357,0.102951
16.9392,0.614094,0.337056,0.367002,0.520220,0.846083,0.052369,0.103785
16.9492,0.614280,0.337261,0.367510,0.520139,0.845974,0.053335,0.104591
16.9591,0.614434,0.337530,0.368004,0.520033,0.845876,0.054366,0.105375
16.9691,0.614605,0.337758,0.368411,0.519971,0.845761,0.055277,0.106130
16.9791,0.614768,0.338016,0.368757,0.519869,0.845679,0.056141,0.106825
16.9892,0.614991,0.338326,0.368913,0.519762,0.845610,0.056959,0.107457
16.9992,0.615328,0.338690,0.368939,0.519658,0.845522,0.057860,0.108168
17.0092,0.615724,0.339127,0.368828,0.519512,0.845464,0.058778,0.108826
17.0193,0.616223,0.339636,0.368481,0.519353,0.845420,0.059654,0.109448
17.0291,0.616793,0.340173,0.368024,0.519189,0.845385,0.060507,0.110026
17.0391,0.617460,0.340745,0.367387,0.519020,0.845360,0.061304,0.110573
17.0493,0.618166,0.341320,0.366648,0.518865,0.845346,0.062005,0.111012
17.0592,0.618967,0.341904,0.365727,0.518725,0.845339,0.062611,0.111386
17.0691,0.619785,0.342495,0.364707,0.518551,0.845376,0.063102,0.111631
17.0792,0.620639,0.343042,0.363605,0.518423,0.845399,0.063489,0.111836
17.0894,0.621488,0.343613,0.362287,0.518299,0.845466,0.063669,0.111797
17.0990,0.622389,0.344114,0.360939,0.518217,0.845508,0.063800,0.111787
17.1093,0.623251,0.344595,0.359549,0.518118,0.845583,0.063816,0.111673
17.1192,0.624136,0.345048,0.358088,0.518066,0.845632,0.063811,0.111543
17.1291,0.624973,0.345477,0.356759,0.518006,0.845678,0.063867,0.111444
17.1391,0.625806,0.345848,0.355563,0.517978,0.845681,0.063977,0.111484
17.1490,0.626589,0.346205,0.354518,0.517944,0.845678,0.064174,0.111559
17.1592,0.627383,0.346543,0.353576,0.517909,0.845650,0.064516,0.111733
17.1690,0.628134,0.346816,0.352842,0.517902,0.845582,0.064927,0.112041
17.1791,0.628859,0.347093,0.352166,0.517884,0.845514,0.065371,0.112379
17.1894,0.629539,0.347338,0.351533,0.517884,0.845433,0.065825,0.112725
17.1994,0.630232,0.347588,0.350967,0.517872,0.845338,0.066405,0.113152
17.2094,0.630879,0.347818,0.350493,0.517848,0.845245,0.067002,0.113598
17.2193,0.631520,0.348051,0.349984,0.517837,0.845138,0.067619,0.114082
17.2291,0.632102,0.348256,0.349576,0.517820,0.845029,0.068274,0.114575
17.2392,0.632657,0.348457,0.349147,0.517792,0.844928,0.068885,0.115078
17.2493,0.633170,0.348637,0.348763,0.517766,0.844831,0.069476,0.115547
17.2592,0.633684,0.348830,0.348304,0.517762,0.844727,0.070056,0.115980
17.2692,0.634131,0.348994,0.347934,0.517729,0.844642,0.070605,0.116410
17.2794,0.634595,0.349143,0.347477,0.517734,0.844545,0.071090,0.116800
17.2893,0.635008,0.349318,0.347043,0.517705,0.844472,0.071573,0.117156
17.2994,0.635446,0.349465,0.346620,0.517670,0.844395,0.072071,0.117561
17.3094,0.635825,0.349619,0.346234,0.517663,0.844308,0.072540,0.117926
17.3194,0.636204,0.349770,0.345944,0.517622,0.844221,0.073118,0.118372
17.3292,0.636529,0.349960,0.345724,0.517562,0.844137,0.073743,0.118847
17.3394,0.636835,0.350122,0.345561,0.517513,0.844041,0.074399,0.119332
17.3494,0.637086,0.350318,0.345492,0.517411,0.843967,0.075106,0.119851
17.3589,0.637330,0.350527,0.345539,0.517318,0.843853,0.075993,0.120495
17.3693,0.637530,0.350712,0.345593,0.517222,0.843750,0.076820,0.121103
17.3791,0.637712,0.350912,0.345735,0.517116,0.843640,0.077715,0.121749
17.3895,0.637868,0.351083,0.345919,0.517014,0.843524,0.078613,0.122411
17.3992,0.638026,0.351245,0.346145,0.516912,0.843389,0.079582,0.123140
17.4094,0.638141,0.351409,0.346346,0.516811,0.843273,0.080503,0.123756
17.4193,0.638255,0.351560,0.346574,0.516686,0.843156,0.081445,0.124456
17.4292,0.638349,0.351738,0.346780,0.516573,0.843037,0.082415,0.125099
17.4393,0.638429,0.351942,0.346937,0.516436,0.842939,0.083326,0.125715
17.4495,0.638502,0.352163,0.347139,0.516270,0.842854,0.084289,0.126327
17.4593,0.638533,0.352508,0.347298,0.516015,0.842820,0.085265,0.126937
17.4693,0.638510,0.352921,0.347486,0.515719,0.842816,0.086239,0.127506
17.4791,0.638448,0.353432,0.347667,0.515356,0.842852,0.087198,0.128084
17.4891,0.638322,0.354050,0.347868,0.514922,0.842925,0.088189,0.128668
17.4992,0.638139,0.354821,0.348098,0.514374,0.843045,0.089267,0.129325
17.5093,0.637897,0.355665,0.348343,0.513793,0.843191,0.090356,0.129927
17.5191,0.637623,0.356645,0.348506,0.513091,0.843399,0.091436,0.130591
17.5291,0.637337,0.357661,0.348682,0.512391,0.843594,0.092568,0.131283
17.5392,0.637043,0.358735,0.348805,0.511659,0.843806,0.093701,0.131975
17.5495,0.636786,0.359819,0.348766,0.510926,0.844032,0.094766,0.132606
17.5591,0.636584,0.360952,0.348634,0.510160,0.844259,0.095887,0.133298
17.5692,0.636465,0.362017,0.348334,0.509434,0.844488,0.096900,0.133895
17.5793,0.636405,0.363059,0.347869,0.508720,0.844725,0.097802,0.134453
17.5892,0.636454,0.364012,0.347158,0.508104,0.844945,0.098503,0.134890
17.5995,0.636658,0.364909,0.346167,0.507569,0.845139,0.099088,0.135260
17.6091,0.636904,0.365752,0.345027,0.507059,0.845362,0.099517,0.135464
17.6190,0.637320,0.366516,0.343593,0.506649,0.845556,0.099790,0.135587
17.6294,0.637818,0.367197,0.341966,0.506323,0.845739,0.099886,0.135593
17.6391,0.638431,0.367851,0.340334,0.506004,0.845905,0.100020,0.135651
17.6491,0.639097,0.368441,0.338642,0.505738,0.846058,0.100088,0.135638
17.6592,0.639832,0.368978,0.336934,0.505526,0.846176,0.100124,0.135667
17.6694,0.640583,0.369450,0.335421,0.505342,0.846259,0.100244,0.135745
17.6793,0.641340,0.369906,0.334094,0.505150,0.846317,0.100449,0.135944
17.6892,0.642041,0.370334,0.332920,0.504988,0.846361,0.100663,0.136114
17.6993,0.642731,0.370715,0.331985,0.504839,0.846358,0.101007,0.136431
17.7092,0.643348,0.371064,0.331296,0.504668,0.846355,0.101404,0.136789
17.7192,0.643943,0.371355,0.330807,0.504540,0.846294,0.101927,0.137246
17.7293,0.644463,0.371638,0.330466,0.504416,0.846220,0.102466,0.137756
17.7392,0.644938,0.371883,0.330361,0.504282,0.846119,0.103149,0.138356
17.7491,0.645338,0.372100,0.330354,0.504160,0.846017,0.103786,0.138945
17.7593,0.645700,0.372297,0.330504,0.504049,0.845890,0.104502,0.139585
17.7693,0.645988,0.372475,0.330729,0.503949,0.845766,0.105192,0.140175
17.7791,0.646243,0.372595,0.330991,0.503858,0.845654,0.105788,0.140734
17.7893,0.646405,0.372745,0.331337,0.503749,0.845537,0.106449,0.141324
17.7993,0.646567,0.372876,0.331674,0.503651,0.845405,0.107133,0.141948
17.8092,0.646673,0.373018,0.332006,0.503518,0.845289,0.107830,0.142582
17.8192,0.646770,0.373162,0.332330,0.503390,0.845159,0.108582,0.143228
17.8292,0.646856,0.373266,0.332680,0.503258,0.845023,0.109329,0.143926
17.8393,0.646933,0.373383,0.332993,0.503125,0.844885,0.110121,0.144598
17.8494,0.646994,0.373483,0.333293,0.502963,0.844770,0.110851,0.145272
17.8591,0.647037,0.373592,0.333510,0.502811,0.844667,0.111513,0.145888
17.8692,0.647095,0.373681,0.333753,0.502649,0.844570,0.112187,0.146490
17.8793,0.647140,0.373781,0.333931,0.502492,0.844498,0.112736,0.147023
17.8895,0.647211,0.373823,0.334100,0.502346,0.844424,0.113246,0.147555
17.8990,0.647277,0.373843,0.334222,0.502211,0.844367,0.113672,0.148012
17.9094,0.647356,0.373848,0.334379,0.502030,0.844343,0.114063,0.148461
17.9193,0.647426,0.373850,0.334509,0.501854,0.844325,0.114419,0.148882
17.9294,0.647480,0.373855,0.334670,0.501648,0.844333,0.114742,0.149283
17.9391,0.647541,0.373849,0.334778,0.501469,0.844345,0.114988,0.149627
17.9493,0.647581,0.373856,0.334902,0.501289,0.844362,0.115230,0.149949
17.9590,0.647616,0.373868,0.334958,0.501090,0.844415,0.115391,0.150190
17.9692,0.647647,0.373857,0.334974,0.500911,0.844478,0.115471,0.150373
17.9793,0.647676,0.373849,0.335074,0.500729,0.844529,0.115593,0.150596
17.9892,0.647680,0.373874,0.335111,0.500536,0.844608,0.115663,0.150740
17.9990,0.647683,0.373908,0.335145,0.500353,0.844688,0.115711,0.150862
18.0092,0.647687,0.373905,0.335182,0.500201,0.844755,0.115749,0.150965
18.0192,0.647699,0.373899,0.335183,0.500062,0.844823,0.115753,0.151038
18.0291,0.647699,0.373907,0.335187,0.499931,0.844894,0.115731,0.151095
18.0392,0.647710,0.373895,0.335178,0.499859,0.844932,0.115714,0.151134
18.0492,0.647704,0.373888,0.335212,0.499737,0.844995,0.115696,0.151198
18.0592,0.647725,0.373882,0.335182,0.499668,0.845038,0.115668,0.151206
18.0693,0.647754,0.373841,0.335233,0.499603,0.845066,0.115680,0.151256
18.0797,0.647766,0.373833,0.335260,0.499506,0.845117,0.115663,0.151307
18.0895,0.647786,0.373835,0.335294,0.499439,0.845146,0.115671,0.151360
18.0992,0.647823,0.373822,0.335362,0.499372,0.845169,0.115702,0.151427
18.1090,0.647848,0.373838,0.335486,0.499275,0.845197,0.115770,0.151537
18.1190,0.647892,0.373837,0.335555,0.499204,0.845221,0.115814,0.151606
18.1290,0.647928,0.373856,0.335664,0.499133,0.845235,0.115868,0.151721
18.1394,0.647975,0.373855,0.335782,0.499098,0.845227,0.115924,0.151834
18.1493,0.648035,0.373867,0.335929,0.499106,0.845187,0.116022,0.151958
18.1591,0.648097,0.373861,0.336103,0.499121,0.845140,0.116083,0.152124
18.1692,0.648160,0.373876,0.336279,0.499153,0.845078,0.116197,0.152272
18.1793,0.648242,0.373878,0.336478,0.499231,0.844990,0.116286,0.152439
18.1892,0.648340,0.373861,0.336626,0.499283,0.844923,0.116364,0.152583
18.1992,0.648422,0.373876,0.336890,0.499380,0.844812,0.116465,0.152798
18.2092,0.648501,0.373900,0.337123,0.499437,0.844727,0.116550,0.153022
18.2191,0.648577,0.373894,0.337370,0.499566,0.844603,0.116621,0.153231
18.2292,0.648646,0.373899,0.337592,0.499677,0.844490,0.116678,0.153446
18.2392,0.648712,0.373907,0.337800,0.499817,0.844362,0.116765,0.153630
18.2492,0.648751,0.373918,0.337965,0.499954,0.844248,0.116808,0.153773
18.2590,0.648794,0.373918,0.338140,0.500090,0.844133,0.116840,0.153945
18.2694,0.648828,0.373908,0.338298,0.500242,0.844007,0.116901,0.154091
18.2790,0.648847,0.373921,0.338497,0.500378,0.843890,0.116973,0.154238
18.2892,0.648864,0.373935,0.338591,0.500502,0.843794,0.116990,0.154345
18.2991,0.648881,0.373929,0.338701,0.500643,0.843688,0.117041,0.154432
18.3094,0.648883,0.373957,0.338762,0.500760,0.843605,0.117042,0.154503
18.3190,0.648882,0.373994,0.338835,0.500838,0.843543,0.117064,0.154574
18.3293,0.648853,0.374076,0.338816,0.500886,0.843516,0.117048,0.154574
18.3391,0.648816,0.374155,0.338820,0.500952,0.843477,0.117038,0.154584
18.3491,0.648754,0.374280,0.338820,0.500980,0.843458,0.117056,0.154581
18.3589,0.648682,0.374448,0.338819,0.500963,0.843467,0.117066,0.154581
18.3694,0.648604,0.374615,0.338846,0.500938,0.843476,0.117104,0.154584
18.3790,0.648499,0.374852,0.338879,0.500876,0.843502,0.117165,0.154595
18.3893,0.648372,0.375099,0.338945,0.500815,0.843525,0.117227,0.154622
18.3995,0.648251,0.375359,0.339029,0.500740,0.843552,0.117298,0.154661
18.4093,0.648113,0.375641,0.339100,0.500641,0.843592,0.117369,0.154710
18.4193,0.647971,0.375933,0.339158,0.500545,0.843637,0.117408,0.154751
18.4293,0.647812,0.376246,0.339235,0.500437,0.843681,0.117488,0.154796
18.4393,0.647665,0.376548,0.339314,0.500296,0.843743,0.117568,0.154854
18.4494,0.647508,0.376831,0.339354,0.500178,0.843806,0.117576,0.154882
18.4591,0.647362,0.377127,0.339401,0.500045,0.843870,0.117627,0.154927
18.4692,0.647224,0.377368,0.339441,0.499933,0.843924,0.117652,0.154976
18.4793,0.647093,0.377625,0.339487,0.499825,0.843977,0.117689,0.155005
18.4893,0.646970,0.377848,0.339525,0.499723,0.844028,0.117718,0.155033
18.4992,0.646883,0.378040,0.339548,0.499657,0.844060,0.117750,0.155048
18.5093,0.646806,0.378211,0.339591,0.499590,0.844088,0.117786,0.155088
18.5194,0.646736,0.378367,0.339649,0.499553,0.844097,0.117830,0.155123
18.5293,0.646694,0.378488,0.339727,0.499545,0.844084,0.117908,0.155161
18.5391,0.646641,0.378609,0.339800,0.499526,0.844078,0.117967,0.155210
18.5491,0.646623,0.378688,0.339871,0.499543,0.844053,0.118026,0.155246
18.5593,0.646603,0.378762,0.339946,0.499541,0.844040,0.118079,0.155286
18.5694,0.646593,0.378842,0.340003,0.499546,0.844021,0.118134,0.155328
18.5793,0.646589,0.378874,0.340063,0.499590,0.843981,0.118199,0.155352
18.5895,0.646584,0.378909,0.340105,0.499613,0.843960,0.118218,0.155376
18.5991,0.646599,0.378920,0.340158,0.499651,0.843924,0.118248,0.155429
18.6094,0.646599,0.378940,0.340187,0.499661,0.843912,0.118270,0.155449
18.6194,0.646598,0.378956,0.340210,0.499690,0.843888,0.118294,0.155467
18.6293,0.646607,0.378959,0.340236,0.499733,0.843857,0.118296,0.155490
18.6390,0.646607,0.378966,0.340252,0.499731,0.843854,0.118312,0.155504
18.6493,0.646620,0.378957,0.340258,0.499764,0.843835,0.118310,0.155505
18.6590,0.646622,0.378967,0.340256,0.499781,0.843823,0.118317,0.155508
18.6692,0.646619,0.378963,0.340246,0.499797,0.843816,0.118299,0.155507
18.6793,0.646622,0.378964,0.340259,0.499813,0.843804,0.118313,0.155512
18.6892,0.646612,0.378979,0.340264,0.499819,0.843801,0.118307,0.155516
18.6991,0.646624,0.378979,0.340249,0.499825,0.843802,0.118294,0.155502
18.7093,0.646609,0.378983,0.340268,0.499839,0.843793,0.118289,0.155506
18.7194,0.646598,0.379002,0.340242,0.499827,0.843813,0.118249,0.155464
18.7293,0.646588,0.379010,0.340253,0.499825,0.843818,0.118234,0.155458
18.7391,0.646583,0.379007,0.340252,0.499824,0.843824,0.118210,0.155447
18.7492,0.646562,0.379039,0.340256,0.499795,0.843850,0.118176,0.155425
18.7592,0.646550,0.379042,0.340303,0.499760,0.843867,0.118180,0.155442
18.7691,0.646531,0.379065,0.340336,0.499741,0.843879,0.118177,0.155443
18.7792,0.646508,0.379078,0.340395,0.499703,0.843898,0.118184,0.155454
18.7894,0.646498,0.379089,0.340420,0.499656,0.843925,0.118187,0.155455
18.7992,0.646473,0.379087,0.340504,0.499614,0.843937,0.118215,0.155501
18.8093,0.646461,0.379109,0.340565,0.499590,0.843943,0.118242,0.155528
18.8192,0.646437,0.379109,0.340627,0.499555,0.843953,0.118274,0.155564
18.8293,0.646420,0.379131,0.340671,0.499530,0.843963,0.118291,0.155576
18.8393,0.646400,0.379140,0.340708,0.499496,0.843974,0.118307,0.155610
18.8493,0.646379,0.379159,0.340725,0.499462,0.843993,0.118330,0.155600
18.8595,0.646367,0.379169,0.340758,0.499440,0.843999,0.118354,0.155623
18.8691,0.646361,0.379163,0.340766,0.499417,0.844011,0.118349,0.155633
18.8793,0.646346,0.379182,0.340761,0.499405,0.844016,0.118357,0.155637
18.8891,0.646330,0.379171,0.340756,0.499398,0.844020,0.118340,0.155653
18.8990,0.646326,0.379169,0.340751,0.499391,0.844025,0.118342,0.155645
18.9093,0.646309,0.379162,0.340771,0.499368,0.844034,0.118353,0.155663
18.9194,0.646306,0.379161,0.340778,0.499358,0.844039,0.118354,0.155664
18.9293,0.646295,0.379156,0.340771,0.499364,0.844032,0.118368,0.155678
18.9392,0.646300,0.379153,0.340774,0.499351,0.844038,0.118371,0.155679
18.9494,0.646290,0.379141,0.340760,0.499339,0.844047,0.118355,0.155684
18.9593,0.646286,0.379130,0.340778,0.499332,0.844047,0.118368,0.155699
18.9694,0.646280,0.379140,0.340788,0.499326,0.844049,0.118383,0.155694
18.9794,0.646262,0.379155,0.340814,0.499309,0.844049,0.118410,0.155728
18.9895,0.646253,0.379140,0.340819,0.499325,0.844040,0.118401,0.155729
18.9991,0.646246,0.379144,0.340810,0.499310,0.844052,0.118385,0.155724
19.0095,0.646228,0.379142,0.340836,0.499306,0.844053,0.118398,0.155720
19.0194,0.646223,0.379139,0.340821,0.499311,0.844055,0.118392,0.155704
19.0293,0.646214,0.379133,0.340819,0.499320,0.844052,0.118371,0.155703
19.0394,0.646189,0.379127,0.340834,0.499311,0.844058,0.118376,0.155699
19.0495,0.646192,0.379114,0.340854,0.499320,0.844051,0.118379,0.155704
19.0592,0.646178,0.379107,0.340835,0.499314,0.844059,0.118358,0.155695
19.0693,0.646167,0.379114,0.340845,0.499302,0.844068,0.118350,0.155692
19.0793,0.646152,0.379108,0.340825,0.499253,0.844106,0.118305,0.155676
19.0892,0.646133,0.379103,0.340834,0.499271,0.844100,0.118303,0.155655
19.0991,0.646126,0.379103,0.340836,0.499283,0.844094,0.118302,0.155647
19.1092,0.646126,0.379092,0.340806,0.499295,0.844093,0.118284,0.155632
19.1191,0.646117,0.379088,0.340787,0.499303,0.844093,0.118263,0.155618
19.1293,0.646104,0.379089,0.340778,0.499233,0.844136,0.118233,0.155631
19.1395,0.646102,0.379085,0.340743,0.499286,0.844114,0.118221,0.155591
19.1495,0.646089,0.379097,0.340744,0.499264,0.844126,0.118232,0.155591
19.1591,0.646086,0.379086,0.340727,0.499253,0.844137,0.118200,0.155591
19.1694,0.646084,0.379084,0.340695,0.499266,0.844136,0.118187,0.155566
19.1792,0.646081,0.379079,0.340685,0.499264,0.844142,0.118150,0.155564
19.1892,0.646063,0.379086,0.340673,0.499259,0.844152,0.118142,0.155530
19.1993,0.646055,0.379079,0.340669,0.499253,0.844160,0.118110,0.155534
19.2092,0.646047,0.379082,0.340605,0.499248,0.844178,0.118065,0.155482
19.2194,0.646031,0.379071,0.340565,0.499250,0.844191,0.118013,0.155448
19.2294,0.646010,0.379065,0.340533,0.499241,0.844207,0.117977,0.155416
19.2393,0.645983,0.379056,0.340449,0.499243,0.844229,0.117879,0.155366
19.2496,0.645968,0.379038,0.340382,0.499225,0.844260,0.117822,0.155294
19.2593,0.645951,0.379028,0.340317,0.499241,0.844268,0.117753,0.155255
19.2695,0.645913,0.379029,0.340246,0.499198,0.844313,0.117678,0.155206
19.2792,0.645900,0.379022,0.340160,0.499171,0.844348,0.117609,0.155152
19.2891,0.645883,0.379007,0.340151,0.499149,0.844372,0.117571,0.155125
19.2992,0.645875,0.379012,0.340085,0.499116,0.844404,0.117515,0.155100
19.3090,0.645864,0.378997,0.340094,0.499092,0.844419,0.117510,0.155097
19.3189,0.645857,0.378998,0.340074,0.499054,0.844449,0.117480,0.155076
19.3292,0.645853,0.378992,0.340037,0.499025,0.844473,0.117445,0.155071
19.3395,0.645856,0.378981,0.340046,0.498984,0.844496,0.117430,0.155087
19.3491,0.645862,0.378987,0.340047,0.498956,0.844511,0.117442,0.155085
19.3594,0.645850,0.378990,0.340063,0.498923,0.844524,0.117457,0.155111
19.3694,0.645835,0.379013,0.340051,0.498886,0.844550,0.117452,0.155090
19.3790,0.645850,0.378996,0.340057,0.498870,0.844553,0.117468,0.155116
19.3891,0.645849,0.378988,0.340092,0.498842,0.844560,0.117479,0.155157
19.3992,0.645847,0.379000,0.340050,0.498825,0.844573,0.117474,0.155143
19.4094,0.645835,0.379002,0.340076,0.498799,0.844583,0.117506,0.155153
19.4191,0.645836,0.379015,0.340094,0.498767,0.844594,0.117523,0.155182
19.4295,0.645830,0.379012,0.340070,0.498733,0.844615,0.117507,0.155187
19.4391,0.645845,0.379002,0.340085,0.498686,0.844633,0.117527,0.155222
19.4494,0.645834,0.379012,0.340114,0.498616,0.844666,0.117557,0.155250
19.4592,0.645827,0.379023,0.340110,0.498555,0.844701,0.117535,0.155272
19.4696,0.645827,0.379037,0.340091,0.498495,0.844737,0.117533,0.155269
19.4794,0.645785,0.379095,0.340094,0.498386,0.844798,0.117547,0.155279
19.4892,0.645773,0.379135,0.340078,0.498275,0.844862,0.117525,0.155298
19.4991,0.645733,0.379192,0.340109,0.498125,0.844939,0.117541,0.155348
19.5097,0.645709,0.379256,0.340137,0.497969,0.845021,0.117552,0.155396
19.5194,0.645662,0.379338,0.340125,0.497778,0.845130,0.117506,0.155452
19.5292,0.645639,0.379381,0.340148,0.497634,0.845203,0.117509,0.155513
19.5389,0.645613,0.379443,0.340164,0.497487,0.845277,0.117516,0.155578
19.5489,0.645574,0.379513,0.340225,0.497302,0.845363,0.117550,0.155670
19.5590,0.645558,0.379564,0.340290,0.497167,0.845421,0.117591,0.155756
19.5690,0.645556,0.379585,0.340391,0.497062,0.845454,0.117686,0.155842
19.5792,0.645551,0.379632,0.340513,0.496967,0.845473,0.117788,0.155964
19.5894,0.645534,0.379669,0.340671,0.496868,0.845488,0.117941,0.156084
19.5992,0.645536,0.379676,0.340904,0.496779,0.845480,0.118140,0.156261
19.6095,0.645526,0.379686,0.341168,0.496735,0.845437,0.118356,0.156468
19.6193,0.645518,0.379688,0.341456,0.496678,0.845399,0.118617,0.156656
19.6292,0.645514,0.379687,0.341762,0.496604,0.845364,0.118885,0.156878
19.6393,0.645501,0.379688,0.342075,0.496546,0.845315,0.119165,0.157112
19.6493,0.645489,0.379685,0.342437,0.496454,0.845274,0.119477,0.157386
19.6591,0.645468,0.379688,0.342887,0.496439,0.845172,0.119870,0.157682
19.6692,0.645459,0.379689,0.343331,0.496380,0.845096,0.120252,0.157984
19.6794,0.645457,0.379681,0.343890,0.496346,0.844980,0.120710,0.158364
19.6893,0.645460,0.379713,0.344455,0.496300,0.844866,0.121193,0.158744
19.6992,0.645490,0.379733,0.345137,0.496252,0.844731,0.121737,0.159198
19.7092,0.645544,0.379759,0.345876,0.496220,0.844574,0.122343,0.159663
19.7190,0.645638,0.379803,0.346680,0.496177,0.844405,0.123000,0.160187
19.7295,0.645749,0.379866,0.347580,0.496123,0.844227,0.123701,0.160749
19.7394,0.645896,0.379921,0.348527,0.496121,0.844014,0.124446,0.161300
19.7492,0.646065,0.380016,0.349590,0.496065,0.843801,0.125259,0.161958
19.7592,0.646264,0.380078,0.350692,0.496042,0.843567,0.126075,0.162611
19.7691,0.646461,0.380169,0.351749,0.496026,0.843336,0.126892,0.163220
19.7792,0.646633,0.380257,0.352771,0.495973,0.843143,0.127621,0.163807
19.7892,0.646818,0.380322,0.353809,0.495931,0.842947,0.128355,0.164373
19.7991,0.647001,0.380399,0.354851,0.495906,0.842737,0.129083,0.164952
19.8093,0.647162,0.380477,0.355809,0.495876,0.842549,0.129782,0.165452
19.8191,0.647308,0.380567,0.356791,0.495843,0.842358,0.130477,0.165974
19.8292,0.647473,0.380644,0.357779,0.495836,0.842147,0.131177,0.166517
19.8394,0.647626,0.380721,0.358793,0.495836,0.841930,0.131906,0.167039
19.8492,0.647763,0.380792,0.359813,0.495817,0.841722,0.132614,0.167581
19.8591,0.647924,0.380867,0.360854,0.495795,0.841506,0.133359,0.168137
19.8692,0.648078,0.380954,0.361897,0.495800,0.841274,0.134096,0.168696
19.8793,0.648241,0.381027,0.362934,0.495787,0.841053,0.134832,0.169250
19.8893,0.648394,0.381106,0.363916,0.495783,0.840835,0.135528,0.169788
19.8992,0.648553,0.381180,0.364882,0.495779,0.840622,0.136223,0.170295
19.9093,0.648720,0.381228,0.365866,0.495787,0.840402,0.136900,0.170818
19.9191,0.648875,0.381311,0.366840,0.495782,0.840181,0.137610,0.171346
19.9290,0.649039,0.381366,0.367843,0.495764,0.839964,0.138313,0.171897
19.9392,0.649199,0.381418,0.368755,0.495769,0.839753,0.138981,0.172373
19.9492,0.649335,0.381501,0.369697,0.495729,0.839560,0.139634,0.172899
19.9591,0.649489,0.381575,0.370601,0.495706,0.839365,0.140276,0.173392
19.9693,0.649611,0.381662,0.371479,0.495658,0.839191,0.140893,0.173873
19.9793,0.649709,0.381752,0.372309,0.495593,0.839040,0.141464,0.174320
19.9893,0.649766,0.381799,0.372815,0.495573,0.838935,0.141818,0.174593
19.9993,0.649878,0.381972,0.374017,0.495471,0.838721,0.142662,0.175226
20.0092,0.649955,0.382088,0.374887,0.495389,0.838573,0.143256,0.175676
20.0194,0.650017,0.382189,0.375821,0.495319,0.838408,0.143872,0.176156
20.0294,0.650077,0.382330,0.376749,0.495222,0.838252,0.144502,0.176656
20.0394,0.650141,0.382414,0.377711,0.495139,0.838087,0.145134,0.177155
20.0494,0.650187,0.382509,0.378649,0.495060,0.837924,0.145715,0.177671
20.0594,0.650247,0.382608,0.379585,0.494985,0.837762,0.146325,0.178140
20.0694,0.650322,0.382685,0.380525,0.494903,0.837593,0.146935,0.178661
20.0789,0.650410,0.382725,0.381405,0.494870,0.837416,0.147495,0.179120
20.0892,0.650500,0.382780,0.382277,0.494823,0.837241,0.148045,0.179611
20.0995,0.650587,0.382841,0.383165,0.494761,0.837073,0.148628,0.180085
20.1093,0.650683,0.382864,0.384048,0.494729,0.836885,0.149185,0.180583
20.1192,0.650795,0.382887,0.384989,0.494683,0.836694,0.149772,0.181108
20.1294,0.650894,0.382924,0.385992,0.494626,0.836496,0.150410,0.181648
20.1392,0.650980,0.382950,0.387025,0.494586,0.836288,0.151037,0.182198
20.1495,0.651043,0.382972,0.388244,0.494515,0.836056,0.151751,0.182859
20.1594,0.651112,0.382961,0.389557,0.494471,0.835787,0.152517,0.183568
20.1694,0.651158,0.382966,0.390893,0.494413,0.835529,0.153249,0.184287
20.1792,0.651180,0.382973,0.392341,0.494330,0.835265,0.154041,0.185046
20.1894,0.651223,0.382939,0.393970,0.494291,0.834929,0.154904,0.185941
20.1993,0.651279,0.382915,0.395708,0.494231,0.834584,0.155772,0.186920
20.2092,0.651313,0.382904,0.397552,0.494158,0.834235,0.156680,0.187914
20.2192,0.651372,0.382853,0.399534,0.494098,0.833846,0.157584,0.189037
20.2294,0.651434,0.382804,0.401612,0.494043,0.833416,0.158561,0.190257
20.2393,0.651487,0.382770,0.403605,0.494008,0.833021,0.159407,0.191366
20.2495,0.651550,0.382733,0.405581,0.493952,0.832630,0.160238,0.192517
20.2594,0.651621,0.382688,0.407487,0.493908,0.832263,0.161005,0.193574
20.2693,0.651709,0.382630,0.409218,0.493895,0.831926,0.161623,0.194537
20.2792,0.651772,0.382601,0.410840,0.493879,0.831629,0.162188,0.195374
20.2893,0.651827,0.382560,0.412347,0.493857,0.831357,0.162685,0.196175
20.2990,0.651867,0.382515,0.413686,0.493849,0.831127,0.163093,0.196829
20.3092,0.651874,0.382472,0.414969,0.493843,0.830902,0.163499,0.197458
20.3195,0.651843,0.382444,0.416190,0.493824,0.830714,0.163889,0.197972
20.3290,0.651774,0.382372,0.417382,0.493793,0.830531,0.164269,0.198501
20.3392,0.651648,0.382315,0.418530,0.493760,0.830376,0.164625,0.198938
20.3493,0.651471,0.382246,0.419694,0.493727,0.830210,0.165015,0.199387
20.3592,0.651221,0.382161,0.420938,0.493676,0.830055,0.165430,0.199815
20.3693,0.650967,0.382043,0.422178,0.493643,0.829877,0.165876,0.200265
20.3791,0.650651,0.381914,0.423385,0.493609,0.829726,0.166271,0.200646
20.3892,0.650301,0.381788,0.424736,0.493550,0.829534,0.166819,0.201131
20.3993,0.649926,0.381646,0.426020,0.493488,0.829372,0.167312,0.201541
20.4092,0.649522,0.381504,0.427289,0.493427,0.829206,0.167802,0.201962
20.4192,0.649096,0.381359,0.428530,0.493368,0.829038,0.168315,0.202372
20.4292,0.648672,0.381254,0.429677,0.493287,0.828891,0.168790,0.202774
20.4390,0.648192,0.381167,0.430822,0.493191,0.828765,0.169266,0.203127
20.4493,0.647721,0.381135,0.431913,0.493044,0.828659,0.169731,0.203526
20.4591,0.647219,0.381165,0.432960,0.492886,0.828564,0.170246,0.203868
20.4692,0.646716,0.381229,0.433963,0.492700,0.828489,0.170733,0.204211
20.4794,0.646184,0.381370,0.434940,0.492480,0.828443,0.171205,0.204537
20.4895,0.645639,0.381577,0.435908,0.492200,0.828425,0.171694,0.204871
20.4992,0.645050,0.381849,0.436888,0.491881,0.828429,0.172221,0.205179
20.5091,0.644438,0.382211,0.437826,0.491524,0.828474,0.172712,0.205440
20.5192,0.643798,0.382612,0.438792,0.491137,0.828535,0.173198,0.205712
20.5291,0.643126,0.383038,0.439790,0.490740,0.828604,0.173694,0.205961
20.5391,0.642440,0.383508,0.440795,0.490309,0.828702,0.174167,0.206193
20.5493,0.641728,0.383963,0.441807,0.489899,0.828801,0.174610,0.206395
20.5591,0.640992,0.384457,0.442873,0.489447,0.828932,0.175052,0.206569
20.5692,0.640271,0.384924,0.443885,0.489011,0.829075,0.175423,0.206713
20.5793,0.639573,0.385352,0.444901,0.488621,0.829202,0.175752,0.206846
20.5895,0.638877,0.385746,0.445942,0.488239,0.829326,0.176095,0.206956
20.5990,0.638187,0.386095,0.447019,0.487892,0.829447,0.176383,0.207045
20.6090,0.637532,0.386373,0.448052,0.487595,0.829557,0.176611,0.207110
20.6192,0.636868,0.386586,0.449175,0.487317,0.829660,0.176817,0.207178
20.6288,0.636229,0.386775,0.450255,0.487085,0.829749,0.176981,0.207225
20.6393,0.635571,0.386917,0.451323,0.486858,0.829874,0.177055,0.207198
20.6492,0.634952,0.387022,0.452408,0.486684,0.829971,0.177111,0.207171
20.6592,0.634268,0.387114,0.453507,0.486493,0.830111,0.177088,0.207075
20.6692,0.633594,0.387168,0.454599,0.486334,0.830257,0.176993,0.206944
20.6792,0.632907,0.387190,0.455728,0.486168,0.830414,0.176879,0.206803
20.6891,0.632226,0.387209,0.456805,0.486035,0.830575,0.176710,0.206613
20.6992,0.631523,0.387188,0.457953,0.485899,0.830727,0.176561,0.206449
20.7092,0.630849,0.387170,0.459061,0.485775,0.830879,0.176390,0.206274
20.7191,0.630129,0.387129,0.460227,0.485655,0.831035,0.176202,0.206091
20.7292,0.629409,0.387117,0.461348,0.485521,0.831198,0.176026,0.205899
20.7391,0.628692,0.387055,0.462452,0.485406,0.831358,0.175836,0.205685
20.7495,0.627963,0.386992,0.463623,0.485274,0.831502,0.175700,0.205530
20.7592,0.627181,0.386916,0.464890,0.485166,0.831615,0.175600,0.205417
20.7694,0.626433,0.386803,0.466151,0.485052,0.831716,0.175518,0.205345
20.7791,0.625691,0.386675,0.467427,0.484963,0.831801,0.175454,0.205266
20.7892,0.624933,0.386537,0.468800,0.484869,0.831846,0.175513,0.205253
20.7991,0.624194,0.386383,0.470160,0.484782,0.831908,0.175484,0.205234
20.8094,0.623499,0.386235,0.471446,0.484697,0.831967,0.175481,0.205200
20.8192,0.622781,0.386062,0.472810,0.484629,0.832008,0.175497,0.205178
20.8290,0.622098,0.385903,0.474181,0.484541,0.832032,0.175578,0.205218
20.8395,0.621406,0.385735,0.475579,0.484489,0.832047,0.175618,0.205248
20.8495,0.620772,0.385558,0.476987,0.484419,0.832042,0.175740,0.205331
20.8591,0.620034,0.385448,0.478501,0.484290,0.832068,0.175904,0.205387
20.8695,0.619372,0.385324,0.479953,0.484190,0.832071,0.176054,0.205483
20.8791,0.618699,0.385209,0.481430,0.484080,0.832073,0.176220,0.205590
20.8895,0.618023,0.385118,0.482926,0.483950,0.832066,0.176426,0.205748
20.8993,0.617371,0.385033,0.484389,0.483826,0.832067,0.176635,0.205858
20.9092,0.616743,0.384992,0.485785,0.483683,0.832072,0.176855,0.205981
20.9192,0.616119,0.384910,0.487217,0.483562,0.832072,0.177064,0.206089
20.9294,0.615501,0.384849,0.488603,0.483451,0.832064,0.177265,0.206207
20.9393,0.614896,0.384767,0.489903,0.483353,0.832089,0.177374,0.206240
20.9495,0.614321,0.384653,0.491235,0.483277,0.832067,0.177543,0.206367
20.9592,0.613696,0.384537,0.492575,0.483181,0.832092,0.177646,0.206401
20.9695,0.613115,0.384382,0.493866,0.483137,0.832076,0.177764,0.206467
20.9792,0.612518,0.384253,0.495116,0.483076,0.832088,0.177850,0.206485
20.9893,0.611868,0.384054,0.496496,0.483033,0.832089,0.177933,0.206510
20.9990,0.611133,0.383812,0.497927,0.483040,0.832140,0.177838,0.206370
21.0091,0.610374,0.383530,0.499295,0.483061,0.832242,0.177595,0.206119
21.0193,0.609513,0.383177,0.500901,0.483108,0.832322,0.177362,0.205890
21.0291,0.608589,0.382789,0.502629,0.483139,0.832394,0.177156,0.205699
21.0391,0.607563,0.382384,0.504419,0.483162,0.832510,0.176868,0.205426
21.0491,0.606506,0.381962,0.506292,0.483188,0.832581,0.176671,0.205245
21.0591,0.605386,0.381538,0.508279,0.483197,0.832647,0.176551,0.205061
21.0691,0.604338,0.381093,0.510113,0.483228,0.832695,0.176389,0.204931
21.0793,0.603282,0.380691,0.511892,0.483240,0.832748,0.176272,0.204786
21.0893,0.602260,0.380267,0.513680,0.483260,0.832758,0.176229,0.204736
21.0991,0.601265,0.379882,0.515344,0.483255,0.832804,0.176159,0.204624
21.1093,0.600299,0.379518,0.516925,0.483256,0.832842,0.176084,0.204528
21.1195,0.599306,0.379103,0.518578,0.483282,0.832857,0.176023,0.204459
21.1291,0.598327,0.378706,0.520181,0.483286,0.832886,0.175966,0.204379
21.1393,0.597322,0.378302,0.521774,0.483290,0.832926,0.175874,0.204287
21.1493,0.596331,0.377898,0.523376,0.483296,0.832930,0.175874,0.204257
21.1594,0.595274,0.377495,0.525057,0.483284,0.832946,0.175862,0.204233
21.1695,0.594283,0.377091,0.526595,0.483303,0.832962,0.175821,0.204156
21.1792,0.593294,0.376706,0.528111,0.483287,0.832990,0.175783,0.204114
21.1895,0.592325,0.376300,0.529647,0.483294,0.832976,0.175802,0.204134
21.1991,0.591351,0.375933,0.531082,0.483283,0.833019,0.175734,0.204045
21.2093,0.590445,0.375558,0.532403,0.483307,0.833049,0.175627,0.203958
21.2193,0.589464,0.375189,0.533802,0.483294,0.833085,0.175582,0.203880
21.2295,0.588484,0.374807,0.535215,0.483293,0.833110,0.175530,0.203825
21.2393,0.587497,0.374408,0.536601,0.483287,0.833156,0.175426,0.203739
21.2493,0.586539,0.374029,0.537986,0.483298,0.833153,0.175417,0.203736
21.2592,0.585626,0.373667,0.539336,0.483275,0.833149,0.175479,0.203752
21.2693,0.584827,0.373360,0.540473,0.483270,0.833142,0.175497,0.203780
21.2796,0.584085,0.373098,0.541558,0.483238,0.833133,0.175581,0.203817
21.2892,0.583420,0.372846,0.542482,0.483220,0.833139,0.175599,0.203818
21.2991,0.582778,0.372621,0.543347,0.483209,0.833162,0.175571,0.203776
21.3094,0.582148,0.372428,0.544168,0.483184,0.833198,0.175535,0.203720
21.3190,0.581372,0.372273,0.545109,0.483097,0.833273,0.175478,0.203669
21.3293,0.580509,0.372151,0.546117,0.482972,0.833385,0.175436,0.203543
21.3391,0.579501,0.372078,0.547225,0.482779,0.833542,0.175370,0.203417
21.3492,0.578375,0.372062,0.548491,0.482535,0.833699,0.175371,0.203348
21.3593,0.577062,0.372197,0.549763,0.482132,0.833998,0.175301,0.203139
21.3694,0.575694,0.372439,0.551007,0.481657,0.834363,0.175194,0.202862
21.3794,0.574235,0.372813,0.552241,0.481098,0.834780,0.175077,0.202571
21.3893,0.572659,0.373349,0.553501,0.480416,0.835273,0.174959,0.202259
21.3992,0.570853,0.374143,0.554651,0.479527,0.835986,0.174653,0.201688
21.4095,0.569046,0.374957,0.555752,0.478665,0.836702,0.174321,0.201050
21.4195,0.567108,0.375841,0.556901,0.477703,0.837473,0.173938,0.200461
21.4291,0.565188,0.376738,0.558021,0.476732,0.838249,0.173584,0.199833
21.4392,0.563178,0.377660,0.559216,0.475693,0.839046,0.173263,0.199242
21.4492,0.561270,0.378489,0.560389,0.474710,0.839784,0.173001,0.198706
21.4592,0.559391,0.379236,0.561579,0.473786,0.840475,0.172697,0.198252
21.4696,0.557676,0.379911,0.562650,0.472917,0.841129,0.172448,0.197769
21.4794,0.556081,0.380470,0.563677,0.472157,0.841690,0.172223,0.197394
21.4890,0.554596,0.380902,0.564703,0.471516,0.842160,0.172051,0.197071
21.4993,0.553216,0.381252,0.565648,0.470912,0.842622,0.171808,0.196754
21.5094,0.551996,0.381464,0.566523,0.470467,0.842978,0.171612,0.196466
21.5193,0.550855,0.381613,0.567381,0.470050,0.843298,0.171411,0.196265
21.5294,0.549901,0.381682,0.568151,0.469735,0.843532,0.171301,0.196109
21.5394,0.549075,0.381657,0.568870,0.469517,0.843699,0.171192,0.196008
21.5495,0.548323,0.381617,0.569558,0.469328,0.843826,0.171137,0.195964
21.5591,0.547611,0.381541,0.570194,0.469170,0.843958,0.171009,0.195884
21.5694,0.546977,0.381455,0.570744,0.469043,0.844085,0.170855,0.195773
21.5793,0.546365,0.381316,0.571316,0.468965,0.844181,0.170679,0.195700
21.5892,0.545685,0.381131,0.572014,0.468878,0.844260,0.170564,0.195668
21.5992,0.544940,0.380911,0.572742,0.468817,0.844365,0.170354,0.195545
21.6092,0.544172,0.380673,0.573507,0.468754,0.844467,0.170161,0.195421
21.6192,0.543287,0.380316,0.574486,0.468742,0.844523,0.169970,0.195376
21.6292,0.542342,0.379957,0.575579,0.468695,0.844575,0.169879,0.195345
21.6392,0.541316,0.379572,0.576687,0.468645,0.844658,0.169709,0.195251
21.6493,0.540282,0.379155,0.577879,0.468609,0.844700,0.169607,0.195246
21.6590,0.539166,0.378754,0.579161,0.468533,0.844753,0.169550,0.195249
21.6693,0.538102,0.378368,0.580376,0.468448,0.844808,0.169507,0.195253
21.6790,0.537027,0.378002,0.581605,0.468338,0.844868,0.169499,0.195261
21.6891,0.536011,0.377663,0.582772,0.468239,0.844914,0.169496,0.195303
21.6991,0.535033,0.377333,0.583861,0.468140,0.844977,0.169473,0.195290
21.7089,0.534113,0.377019,0.584892,0.468073,0.845012,0.169471,0.195301
21.7192,0.533206,0.376741,0.585893,0.467981,0.845067,0.169465,0.195286
21.7292,0.532372,0.376446,0.586813,0.467929,0.845113,0.169424,0.195247
21.7392,0.531530,0.376182,0.587705,0.467869,0.845169,0.169385,0.195184
21.7491,0.530740,0.375896,0.588612,0.467837,0.845181,0.169406,0.195188
21.7592,0.529927,0.375593,0.589490,0.467794,0.845222,0.169366,0.195152
21.7693,0.529146,0.375339,0.590262,0.467738,0.845294,0.169273,0.195054
21.7791,0.528371,0.375078,0.591071,0.467695,0.845339,0.169244,0.194987
21.7893,0.527451,0.374979,0.591893,0.467514,0.845455,0.169247,0.194914
21.7989,0.526312,0.375076,0.592773,0.467119,0.845705,0.169260,0.194767
21.8089,0.525095,0.375315,0.593601,0.466647,0.846013,0.169248,0.194571
21.8190,0.523611,0.375835,0.594544,0.465908,0.846435,0.169333,0.194431
21.8289,0.521925,0.376645,0.595502,0.464944,0.846981,0.169532,0.194188
21.8390,0.520024,0.377738,0.596451,0.463716,0.847666,0.169760,0.193938
21.8490,0.518047,0.379050,0.597329,0.462357,0.848429,0.170020,0.193617
21.8593,0.515927,0.380638,0.598155,0.460804,0.849292,0.170273,0.193311
21.8690,0.513811,0.382402,0.598840,0.459107,0.850256,0.170571,0.192848
21.8790,0.511689,0.384307,0.599375,0.457347,0.851275,0.170741,0.192383
21.8889,0.509686,0.386243,0.599755,0.455581,0.852316,0.170905,0.191821
21.8990,0.507727,0.388148,0.600096,0.453862,0.853332,0.170985,0.191304
21.9094,0.505981,0.389929,0.600333,0.452277,0.854279,0.171075,0.190754
21.9190,0.504314,0.391553,0.600598,0.450795,0.855162,0.171091,0.190287
21.9292,0.502822,0.392995,0.600808,0.449492,0.855958,0.171098,0.189787
21.9394,0.501440,0.394211,0.601096,0.448362,0.856643,0.171074,0.189385
21.9494,0.500170,0.395232,0.601430,0.447371,0.857245,0.171060,0.189019
21.9594,0.498890,0.396071,0.601901,0.446480,0.857775,0.171056,0.188724
21.9692,0.497721,0.396727,0.602399,0.445757,0.858213,0.171075,0.188425
21.9791,0.496600,0.397174,0.602991,0.445166,0.858567,0.171061,0.188223
21.9894,0.495545,0.397419,0.603731,0.444715,0.858800,0.171173,0.188125
21.9994,0.494522,0.397460,0.604520,0.444412,0.858963,0.171225,0.188049
22.0092,0.493577,0.397392,0.605346,0.444173,0.859079,0.171302,0.188013
22.0193,0.492561,0.397213,0.606319,0.443979,0.859134,0.171472,0.188068
22.0293,0.491582,0.397017,0.607294,0.443847,0.859142,0.171687,0.188143
22.0392,0.490550,0.396838,0.608230,0.443690,0.859189,0.171841,0.188161
22.0494,0.489538,0.396670,0.609188,0.443532,0.859209,0.172073,0.188230
22.0592,0.488471,0.396661,0.610021,0.443272,0.859300,0.172283,0.188233
22.0691,0.487414,0.396737,0.610799,0.442954,0.859417,0.172523,0.188230
22.0792,0.486335,0.396914,0.611548,0.442560,0.859565,0.172795,0.188232
22.0892,0.485259,0.397264,0.612160,0.442054,0.859783,0.173035,0.188205
22.0992,0.484114,0.397783,0.612694,0.441414,0.860084,0.173269,0.188114
22.1092,0.483041,0.398377,0.613091,0.440760,0.860408,0.173478,0.187972
22.1192,0.481862,0.399131,0.613491,0.439959,0.860804,0.173696,0.187835
22.1293,0.480687,0.399970,0.613775,0.439103,0.861257,0.173872,0.187601
22.1391,0.479514,0.400834,0.614051,0.438217,0.861719,0.174051,0.187384
22.1495,0.478337,0.401753,0.614272,0.437302,0.862212,0.174210,0.187105
22.1593,0.477077,0.402683,0.614533,0.436359,0.862719,0.174346,0.186841
22.1695,0.475868,0.403563,0.614769,0.435442,0.863221,0.174471,0.186545
22.1793,0.474634,0.404361,0.615082,0.434607,0.863664,0.174599,0.186324
22.1891,0.473338,0.405105,0.615543,0.433746,0.864072,0.174874,0.186178
22.1992,0.471961,0.405773,0.616128,0.432906,0.864455,0.175194,0.186057
22.2095,0.470646,0.406343,0.616679,0.432159,0.864805,0.175453,0.185923
22.2191,0.469232,0.406851,0.617401,0.431404,0.865109,0.175835,0.185899
22.2294,0.467861,0.407289,0.618175,0.430695,0.865367,0.176296,0.185908
22.2392,0.466456,0.407680,0.618979,0.429980,0.865627,0.176742,0.185930
22.2493,0.465113,0.408027,0.619759,0.429315,0.865851,0.177209,0.185980
22.2591,0.463753,0.408397,0.620563,0.428627,0.866069,0.177712,0.186071
22.2694,0.462467,0.408742,0.621261,0.427981,0.866293,0.178154,0.186090
22.2794,0.461231,0.409102,0.621908,0.427323,0.866531,0.178549,0.186114
22.2893,0.459981,0.409550,0.622527,0.426600,0.866798,0.178984,0.186112
22.2992,0.458759,0.410070,0.623032,0.425850,0.867092,0.179369,0.186090
22.3093,0.457595,0.410633,0.623454,0.425077,0.867419,0.179701,0.186017
22.3193,0.456344,0.411350,0.623836,0.424185,0.867798,0.180050,0.185944
22.3294,0.455135,0.412114,0.624134,0.423316,0.868186,0.180381,0.185791
22.3393,0.453873,0.413008,0.624380,0.422325,0.868637,0.180696,0.185633
22.3492,0.452615,0.413962,0.624592,0.421327,0.869093,0.181059,0.185413
22.3592,0.451242,0.415057,0.624776,0.420161,0.869630,0.181385,0.185222
22.3694,0.449924,0.416184,0.624884,0.419024,0.870174,0.181717,0.184919
22.3792,0.448592,0.417316,0.625032,0.417870,0.870703,0.182059,0.184706
22.3895,0.447260,0.418486,0.625142,0.416673,0.871264,0.182382,0.184443
22.3993,0.445861,0.419729,0.625212,0.415427,0.871871,0.182646,0.184126
22.4094,0.444554,0.420923,0.625266,0.414239,0.872450,0.182910,0.183797
22.4190,0.443239,0.422114,0.625321,0.413058,0.873026,0.183113,0.183516
22.4293,0.441971,0.423282,0.625336,0.411915,0.873601,0.183314,0.183150
22.4394,0.440718,0.424447,0.625321,0.410765,0.874193,0.183416,0.182802
22.4496,0.439523,0.425552,0.625311,0.409708,0.874747,0.183536,0.182406
22.4591,0.438305,0.426663,0.625320,0.408610,0.875304,0.183640,0.182091
22.4694,0.437141,0.427737,0.625314,0.407571,0.875849,0.183727,0.181711
22.4791,0.435993,0.428769,0.625346,0.406560,0.876363,0.183835,0.181387
22.4893,0.434852,0.429770,0.625405,0.405575,0.876854,0.183954,0.181099
22.4995,0.433777,0.430733,0.625453,0.404606,0.877332,0.184090,0.180812
22.5094,0.432749,0.431629,0.625518,0.403718,0.877770,0.184215,0.180547
22.5194,0.431721,0.432490,0.625617,0.402817,0.878192,0.184367,0.180350
22.5295,0.430769,0.433268,0.625771,0.402017,0.878548,0.184596,0.180169
22.5394,0.429862,0.433979,0.625888,0.401264,0.878889,0.184751,0.180022
22.5494,0.429018,0.434622,0.626047,0.400539,0.879198,0.184952,0.179921
22.5595,0.428129,0.435206,0.626287,0.399841,0.879480,0.185218,0.179823
22.5695,0.427444,0.435636,0.626472,0.399302,0.879695,0.185439,0.179740
22.5793,0.426465,0.436163,0.626848,0.398598,0.879941,0.185793,0.179734
22.5896,0.425496,0.436636,0.627288,0.397925,0.880146,0.186238,0.179763
22.5991,0.424396,0.437168,0.627741,0.397175,0.880396,0.186670,0.179748
22.6092,0.423284,0.437658,0.628249,0.396445,0.880622,0.187140,0.179764
22.6191,0.422033,0.438221,0.628813,0.395616,0.880879,0.187650,0.179800
22.6291,0.420741,0.438818,0.629379,0.394730,0.881170,0.188177,0.179770
22.6393,0.419393,0.439479,0.629909,0.393803,0.881497,0.188646,0.179708
22.6494,0.418104,0.440134,0.630351,0.392914,0.881838,0.189009,0.179601
22.6592,0.416782,0.440827,0.630778,0.391957,0.882223,0.189337,0.179457
22.6694,0.415579,0.441516,0.631087,0.391089,0.882603,0.189560,0.179242
22.6791,0.414407,0.442170,0.631390,0.390241,0.882979,0.189735,0.179058
22.6891,0.413376,0.442795,0.631581,0.389468,0.883354,0.189806,0.178813
22.6990,0.412428,0.443377,0.631731,0.388761,0.883718,0.189801,0.178560
22.7091,0.411618,0.443905,0.631788,0.388130,0.884075,0.189690,0.178281
22.7194,0.410847,0.444385,0.631859,0.387544,0.884406,0.189590,0.178018
22.7292,0.410181,0.444836,0.631866,0.387020,0.884727,0.189431,0.177736
22.7392,0.409609,0.445230,0.631866,0.386573,0.885005,0.189275,0.177488
22.7494,0.409112,0.445584,0.631820,0.386188,0.885260,0.189107,0.177235
22.7594,0.408682,0.445941,0.631721,0.385824,0.885510,0.188895,0.177003
22.7693,0.408289,0.446250,0.631666,0.385491,0.885731,0.188743,0.176787
22.7792,0.407968,0.446518,0.631570,0.385214,0.885927,0.188560,0.176604
22.7892,0.407657,0.446789,0.631515,0.384927,0.886104,0.188459,0.176449
22.7991,0.407327,0.447046,0.631481,0.384672,0.886258,0.188393,0.176304
22.8093,0.407024,0.447285,0.631455,0.384399,0.886411,0.188341,0.176180
22.8192,0.406702,0.447488,0.631492,0.384171,0.886524,0.188357,0.176095
22.8295,0.406382,0.447682,0.631554,0.383912,0.886635,0.188399,0.176053
22.8391,0.406069,0.447853,0.631633,0.383675,0.886732,0.188468,0.176008
22.8494,0.405773,0.448003,0.631724,0.383457,0.886814,0.188543,0.175990
22.8593,0.405475,0.448166,0.631834,0.383238,0.886887,0.188657,0.175979
22.8696,0.405179,0.448326,0.631927,0.383013,0.886962,0.188768,0.175974
22.8795,0.404873,0.448509,0.632009,0.382771,0.887055,0.188851,0.175942
22.8893,0.404566,0.448711,0.632100,0.382512,0.887147,0.188969,0.175912
22.8992,0.404237,0.448946,0.632161,0.382235,0.887256,0.189043,0.175887
22.9092,0.403890,0.449201,0.632226,0.381937,0.887373,0.189151,0.175825
22.9193,0.403509,0.449485,0.632306,0.381590,0.887501,0.189272,0.175802
22.9291,0.403066,0.449820,0.632361,0.381195,0.887665,0.189375,0.175725
22.9391,0.402644,0.450147,0.632408,0.380817,0.887817,0.189475,0.175666
22.9492,0.402194,0.450492,0.632451,0.380404,0.887989,0.189568,0.175587
22.9590,0.401732,0.450841,0.632489,0.379978,0.888166,0.189667,0.175510
22.9696,0.401264,0.451203,0.632547,0.379555,0.888335,0.189798,0.175432
22.9791,0.400838,0.451513,0.632604,0.379175,0.888486,0.189897,0.175380
22.9892,0.400382,0.451844,0.632649,0.378761,0.888657,0.189998,0.175297
22.9993,0.399908,0.452175,0.632721,0.378351,0.888815,0.190123,0.175248
23.0093,0.399469,0.452502,0.632766,0.377968,0.888971,0.190230,0.175166
23.0193,0.398995,0.452846,0.632826,0.377554,0.889133,0.190352,0.175104
23.0293,0.398529,0.453206,0.632870,0.377123,0.889306,0.190461,0.175038
23.0393,0.398059,0.453566,0.632916,0.376691,0.889477,0.190574,0.174976
23.0493,0.397609,0.453933,0.632932,0.376275,0.889652,0.190672,0.174872
23.0594,0.397151,0.454287,0.632973,0.375853,0.889823,0.190770,0.174801
23.0693,0.396741,0.454636,0.632993,0.375453,0.889986,0.190874,0.174719
23.0792,0.396353,0.454978,0.632979,0.375075,0.890150,0.190925,0.174642
23.0892,0.395953,0.455311,0.633001,0.374683,0.890311,0.191014,0.174565
23.0992,0.395547,0.455660,0.632977,0.374299,0.890480,0.191064,0.174471
23.1093,0.395155,0.456000,0.632973,0.373916,0.890645,0.191143,0.174365
23.1191,0.394761,0.456353,0.632941,0.373526,0.890815,0.191183,0.174289
23.1291,0.394359,0.456682,0.632980,0.373163,0.890959,0.191297,0.174202
23.1391,0.393952,0.457022,0.632982,0.372766,0.891121,0.191370,0.174144
23.1489,0.393580,0.457350,0.632975,0.372389,0.891282,0.191451,0.174040
23.1593,0.393238,0.457623,0.632985,0.372063,0.891418,0.191497,0.173985
23.1694,0.392930,0.457894,0.632987,0.371769,0.891539,0.191569,0.173919
23.1792,0.392639,0.458130,0.632969,0.371480,0.891666,0.191595,0.173856
23.1895,0.392402,0.458328,0.632965,0.371270,0.891752,0.191643,0.173811
23.1994,0.392171,0.458504,0.632970,0.371066,0.891835,0.191691,0.173765
23.2094,0.391950,0.458670,0.632943,0.370859,0.891932,0.191703,0.173696
23.2192,0.391772,0.458817,0.632900,0.370683,0.892015,0.191697,0.173653
23.2294,0.391630,0.458927,0.632841,0.370563,0.892084,0.191658,0.173598
23.2391,0.391470,0.459063,0.632793,0.370421,0.892154,0.191666,0.173534
23.2493,0.391327,0.459175,0.632733,0.370287,0.892230,0.191626,0.173471
23.2593,0.391190,0.459304,0.632666,0.370148,0.892302,0.191606,0.173421
23.2694,0.391030,0.459424,0.632618,0.369998,0.892379,0.191587,0.173367
23.2791,0.390856,0.459565,0.632586,0.369818,0.892463,0.191599,0.173305
23.2895,0.390651,0.459734,0.632535,0.369632,0.892553,0.191588,0.173249
23.2994,0.390394,0.459952,0.632477,0.369392,0.892669,0.191586,0.173163
23.3094,0.390079,0.460213,0.632411,0.369088,0.892814,0.191576,0.173076
23.3194,0.389667,0.460542,0.632385,0.368730,0.892970,0.191634,0.172972
23.3295,0.389209,0.460932,0.632299,0.368275,0.893182,0.191651,0.172831
23.3394,0.388702,0.461365,0.632207,0.367782,0.893414,0.191652,0.172679
23.3493,0.388153,0.461826,0.632097,0.367275,0.893662,0.191636,0.172492
23.3594,0.387497,0.462400,0.631953,0.366609,0.893978,0.191620,0.172286
23.3694,0.386823,0.462988,0.631789,0.365960,0.894297,0.191591,0.172044
23.3794,0.386110,0.463577,0.631644,0.365276,0.894622,0.191572,0.171829
23.3893,0.385364,0.464207,0.631481,0.364556,0.894963,0.191571,0.171585
23.3992,0.384568,0.464882,0.631256,0.363799,0.895343,0.191502,0.171283
23.4093,0.383796,0.465509,0.631013,0.363072,0.895709,0.191423,0.171000
23.4191,0.382972,0.466140,0.630780,0.362317,0.896079,0.191363,0.170730
23.4292,0.382147,0.466752,0.630473,0.361580,0.896469,0.191225,0.170403
23.4394,0.381331,0.467337,0.630119,0.360895,0.896848,0.191044,0.170062
23.4492,0.380539,0.467891,0.629704,0.360238,0.897230,0.190814,0.169698
23.4590,0.379768,0.468397,0.629267,0.359613,0.897597,0.190566,0.169361
23.4691,0.379005,0.468889,0.628797,0.359012,0.897971,0.190295,0.168959
23.4790,0.378286,0.469322,0.628346,0.358475,0.898306,0.190017,0.168628
23.4894,0.377570,0.469742,0.627850,0.357926,0.898661,0.189715,0.168245
23.4992,0.376797,0.470162,0.627415,0.357377,0.898994,0.189473,0.167905
23.5092,0.376046,0.470525,0.626998,0.356832,0.899328,0.189207,0.167573
23.5193,0.375220,0.470937,0.626594,0.356234,0.899671,0.188969,0.167272
23.5290,0.374388,0.471349,0.626209,0.355628,0.900019,0.188767,0.166920
23.5391,0.373542,0.471717,0.625928,0.355042,0.900326,0.188638,0.166655
23.5491,0.372652,0.472130,0.625679,0.354388,0.900653,0.188538,0.166394
23.5591,0.371691,0.472618,0.625386,0.353671,0.901018,0.188415,0.166085
23.5689,0.370718,0.473109,0.625154,0.352935,0.901373,0.188347,0.165798
23.5794,0.369771,0.473622,0.624938,0.352209,0.901713,0.188279,0.165570
23.5893,0.368761,0.474180,0.624763,0.351397,0.902074,0.188266,0.165342
23.5990,0.367691,0.474786,0.624569,0.350534,0.902467,0.188233,0.165066
23.6091,0.366666,0.475362,0.624432,0.349715,0.902823,0.188234,0.164860
23.6194,0.365620,0.475942,0.624329,0.348861,0.903179,0.188275,0.164672
23.6291,0.364612,0.476521,0.624212,0.348034,0.903532,0.188305,0.164449
23.6391,0.363621,0.477099,0.624106,0.347227,0.903871,0.188344,0.164248
23.6491,0.362655,0.477640,0.624056,0.346442,0.904184,0.188432,0.164083
23.6593,0.361692,0.478208,0.623937,0.345634,0.904526,0.188443,0.163889
23.6691,0.360798,0.478774,0.623827,0.344875,0.904846,0.188490,0.163664
23.6795,0.359908,0.479287,0.623758,0.344149,0.905139,0.188527,0.163532
23.6894,0.359049,0.479761,0.623689,0.343447,0.905429,0.188577,0.163345
23.6990,0.358177,0.480208,0.623621,0.342759,0.905709,0.188618,0.163189
23.7096,0.357354,0.480596,0.623578,0.342118,0.905967,0.188688,0.163020
23.7195,0.356492,0.480951,0.623495,0.341530,0.906219,0.188680,0.162863
23.7292,0.355659,0.481235,0.623488,0.341006,0.906428,0.188770,0.162693
23.7388,0.354852,0.481453,0.623504,0.340565,0.906600,0.188838,0.162579
23.7492,0.354074,0.481626,0.623492,0.340198,0.906754,0.188895,0.162423
23.7594,0.353329,0.481715,0.623544,0.340029,0.906818,0.188999,0.162299
23.7691,0.352613,0.481759,0.623600,0.339984,0.906839,0.189128,0.162121
23.7792,0.351973,0.481766,0.623628,0.340078,0.906810,0.189218,0.161983
23.7895,0.351375,0.481737,0.623635,0.340367,0.906713,0.189329,0.161793
23.7994,0.350761,0.481705,0.623561,0.340806,0.906589,0.189374,0.161509
23.8095,0.350218,0.481651,0.623423,0.341361,0.906431,0.189383,0.161211
23.8192,0.349649,0.481639,0.623225,0.341941,0.906276,0.189361,0.160884
23.8292,0.349073,0.481720,0.622879,0.342471,0.906177,0.189234,0.160459
23.8394,0.348424,0.481876,0.622444,0.342923,0.906127,0.189048,0.159996
23.8493,0.347750,0.482134,0.621926,0.343239,0.906146,0.188809,0.159495
23.8593,0.346928,0.482512,0.621384,0.343339,0.906251,0.188561,0.158975
23.8692,0.346080,0.482984,0.620765,0.343282,0.906435,0.188262,0.158399
23.8792,0.345139,0.483543,0.620167,0.343009,0.906693,0.187953,0.157880
23.8892,0.344140,0.484182,0.619597,0.342590,0.906997,0.187700,0.157348
23.8990,0.343105,0.484829,0.619073,0.342027,0.907346,0.187442,0.156861
23.9093,0.342051,0.485507,0.618602,0.341360,0.907724,0.187236,0.156374
23.9195,0.340940,0.486188,0.618237,0.340589,0.908108,0.187097,0.155992
23.9293,0.339837,0.486850,0.617931,0.339765,0.908499,0.187014,0.155612
23.9393,0.338748,0.487454,0.617684,0.338946,0.908879,0.186927,0.155286
23.9493,0.337651,0.488033,0.617560,0.338091,0.909234,0.186969,0.155020
23.9592,0.336492,0.488571,0.617526,0.337189,0.909590,0.187050,0.154795
23.9693,0.335366,0.489078,0.617513,0.336303,0.909936,0.187150,0.154570
23.9791,0.334266,0.489497,0.617642,0.335450,0.910228,0.187348,0.154463
23.9891,0.333235,0.489891,0.617740,0.334668,0.910510,0.187516,0.154297
23.9992,0.332302,0.490205,0.617891,0.333984,0.910731,0.187727,0.154212
24.0091,0.331475,0.490467,0.618048,0.333396,0.910920,0.187926,0.154128
24.0190,0.330711,0.490665,0.618232,0.332870,0.911079,0.188119,0.154092
24.0292,0.330049,0.490811,0.618425,0.332475,0.911188,0.188325,0.154044
24.0394,0.329425,0.490940,0.618587,0.332110,0.911293,0.188495,0.154004
24.0494,0.328814,0.491041,0.618770,0.331782,0.911378,0.188699,0.153958
24.0592,0.328161,0.491171,0.618884,0.331420,0.911494,0.188828,0.153892
24.0695,0.327487,0.491337,0.618951,0.331029,0.911628,0.188949,0.153796
24.0791,0.326790,0.491524,0.618930,0.330644,0.911785,0.188984,0.153645
24.0892,0.326042,0.491752,0.618856,0.330204,0.911969,0.189008,0.153472
24.0991,0.325247,0.492020,0.618715,0.329728,0.912185,0.188971,0.153259
24.1091,0.324455,0.492298,0.618501,0.329243,0.912420,0.188880,0.153012
24.1192,0.323596,0.492636,0.618200,0.328696,0.912701,0.188718,0.152714
24.1292,0.322755,0.492986,0.617838,0.328115,0.913005,0.188515,0.152395
24.1390,0.321912,0.493357,0.617412,0.327532,0.913322,0.188261,0.152063
24.1492,0.321072,0.493741,0.616950,0.326938,0.913652,0.187977,0.151713
24.1596,0.320200,0.494173,0.616436,0.326278,0.914015,0.187660,0.151334
24.1692,0.319311,0.494601,0.615933,0.325607,0.914385,0.187331,0.150953
24.1792,0.318455,0.495037,0.615422,0.324944,0.914746,0.187025,0.150575
24.1891,0.317371,0.495528,0.615010,0.324081,0.915153,0.186787,0.150259
24.1992,0.316041,0.496075,0.614660,0.323058,0.915611,0.186634,0.149859
24.2092,0.314627,0.496642,0.614336,0.321958,0.916086,0.186503,0.149490
24.2193,0.312984,0.497233,0.614107,0.320737,0.916583,0.186459,0.149122
24.2291,0.311211,0.497829,0.614012,0.319396,0.917083,0.186564,0.148788
24.2392,0.309289,0.498432,0.613983,0.317989,0.917594,0.186732,0.148444
24.2493,0.307414,0.499003,0.613993,0.316594,0.918090,0.186906,0.148139
24.2593,0.305444,0.499553,0.614084,0.315165,0.918578,0.187143,0.147861
24.2696,0.303621,0.500087,0.614137,0.313805,0.919047,0.187378,0.147544
24.2793,0.301811,0.500569,0.614228,0.312503,0.919486,0.187598,0.147293
24.2895,0.300157,0.501064,0.614224,0.311263,0.919923,0.187756,0.146987
24.2992,0.298584,0.501503,0.614251,0.310114,0.920313,0.187922,0.146758
24.3094,0.297178,0.501933,0.614219,0.309053,0.920691,0.188025,0.146492
24.3191,0.295826,0.502380,0.614126,0.308004,0.921071,0.188073,0.146255
24.3291,0.294573,0.502817,0.613994,0.307054,0.921428,0.188108,0.145960
24.3392,0.293456,0.503253,0.613780,0.306149,0.921789,0.188023,0.145692
24.3491,0.292451,0.503684,0.613516,0.305307,0.922131,0.187921,0.145420
24.3592,0.291399,0.504119,0.613247,0.304462,0.922478,0.187803,0.145149
24.3693,0.290443,0.504544,0.612947,0.303682,0.922810,0.187671,0.144842
24.3794,0.289525,0.504925,0.612649,0.302921,0.923135,0.187500,0.144582
24.3894,0.288535,0.505294,0.612478,0.302140,0.923434,0.187475,0.144341
24.3989,0.287479,0.505640,0.612306,0.301351,0.923739,0.187427,0.144103
24.4092,0.286414,0.505945,0.612202,0.300554,0.924030,0.187440,0.143880
24.4194,0.285177,0.506252,0.612229,0.299691,0.924314,0.187564,0.143699
24.4292,0.283887,0.506568,0.612286,0.298793,0.924600,0.187748,0.143489
24.4391,0.282413,0.506915,0.612399,0.297786,0.924911,0.187972,0.143282
24.4492,0.280875,0.507261,0.612623,0.296732,0.925206,0.188328,0.143098
24.4591,0.279221,0.507702,0.612808,0.295630,0.925522,0.188658,0.142898
24.4692,0.277488,0.508203,0.612968,0.294483,0.925865,0.188998,0.142596
24.4791,0.275722,0.508745,0.613140,0.293364,0.926187,0.189365,0.142322
24.4893,0.273972,0.509304,0.613300,0.292356,0.926479,0.189734,0.142008
24.4991,0.272260,0.509902,0.613410,0.291488,0.926737,0.190084,0.141639
24.5093,0.270664,0.510485,0.613522,0.290803,0.926932,0.190480,0.141236
24.5192,0.269147,0.511055,0.613584,0.290318,0.927071,0.190821,0.140863
24.5293,0.267740,0.511621,0.613651,0.290021,0.927155,0.191190,0.140418
24.5392,0.266472,0.512157,0.613665,0.289904,0.927193,0.191489,0.140004
24.5493,0.265305,0.512634,0.613708,0.289897,0.927189,0.191809,0.139604
24.5593,0.264165,0.513112,0.613755,0.289945,0.927160,0.192148,0.139231
24.5691,0.263160,0.513558,0.613735,0.290025,0.927146,0.192391,0.138821
24.5793,0.262219,0.513953,0.613759,0.290114,0.927112,0.192664,0.138486
24.5893,0.261334,0.514335,0.613760,0.290149,0.927102,0.192893,0.138161
24.5992,0.260489,0.514707,0.613746,0.290114,0.927117,0.193090,0.137860
24.6096,0.259701,0.515043,0.613740,0.290038,0.927145,0.193268,0.137575
24.6194,0.258951,0.515370,0.613711,0.289877,0.927201,0.193404,0.137347
24.6295,0.258205,0.515691,0.613683,0.289655,0.927279,0.193535,0.137107
24.6391,0.257463,0.516004,0.613648,0.289337,0.927390,0.193624,0.136903
24.6493,0.256753,0.516305,0.613593,0.288986,0.927511,0.193710,0.136699
24.6593,0.255958,0.516672,0.613513,0.288502,0.927680,0.193767,0.136498
24.6694,0.255157,0.517057,0.613360,0.287974,0.927883,0.193762,0.136235
24.6793,0.254351,0.517450,0.613183,0.287389,0.928106,0.193733,0.135995
24.6892,0.253466,0.517859,0.613018,0.286703,0.928354,0.193715,0.135772
24.6991,0.252479,0.518316,0.612805,0.285906,0.928653,0.193661,0.135490
24.7094,0.251512,0.518737,0.612581,0.285121,0.928949,0.193595,0.135209
24.7194,0.250456,0.519189,0.612352,0.284254,0.929264,0.193527,0.134962
24.7295,0.249347,0.519629,0.612118,0.283333,0.929606,0.193452,0.134655
24.7392,0.248207,0.520061,0.611881,0.282385,0.929948,0.193381,0.134387
24.7494,0.247084,0.520458,0.611668,0.281489,0.930274,0.193312,0.134104
24.7591,0.245861,0.520866,0.611453,0.280491,0.930631,0.193249,0.133815
24.7693,0.244719,0.521256,0.611193,0.279560,0.930974,0.193154,0.133512
24.7793,0.243552,0.521606,0.611004,0.278631,0.931298,0.193108,0.133261
24.7893,0.242386,0.521962,0.610783,0.277689,0.931632,0.193047,0.132978
24.7995,0.241174,0.522327,0.610500,0.276728,0.931987,0.192905,0.132703
24.8095,0.240016,0.522692,0.610187,0.275802,0.932338,0.192760,0.132372
24.8192,0.238846,0.523061,0.609855,0.274862,0.932689,0.192589,0.132102
24.8294,0.237671,0.523430,0.609473,0.273904,0.933063,0.192351,0.131799
24.8392,0.236541,0.523831,0.608955,0.272964,0.933464,0.191968,0.131468
24.8492,0.235414,0.524221,0.608476,0.272043,0.933843,0.191657,0.131141
24.8593,0.234233,0.524667,0.607918,0.271039,0.934269,0.191226,0.130813
24.8693,0.233076,0.525123,0.607312,0.270063,0.934700,0.190761,0.130428
24.8795,0.231912,0.525577,0.606715,0.269067,0.935128,0.190276,0.130128
24.8893,0.230723,0.526037,0.606146,0.268067,0.935548,0.189831,0.129823
24.8992,0.229515,0.526521,0.605460,0.267057,0.935993,0.189218,0.129591
24.9094,0.228351,0.526994,0.604749,0.266077,0.936439,0.188553,0.129358
24.9190,0.227112,0.527485,0.603991,0.265070,0.936884,0.187797,0.129297
24.9292,0.225905,0.527978,0.603122,0.264086,0.937348,0.186899,0.129249
24.9390,0.224755,0.528440,0.602202,0.263159,0.937791,0.185875,0.129409
24.9493,0.223605,0.528892,0.601239,0.262242,0.938234,0.184768,0.129642
24.9594,0.222394,0.529342,0.600221,0.261273,0.938678,0.183529,0.130141
24.9691,0.221253,0.529767,0.599142,0.260397,0.939113,0.182170,0.130673
24.9791,0.220178,0.530162,0.598108,0.259569,0.939493,0.180853,0.131414
24.9891,0.219010,0.530564,0.597017,0.258778,0.939862,0.179433,0.132276
24.9993,0.217695,0.530990,0.595747,0.257977,0.940259,0.177768,0.133263
25.0093,0.216397,0.531416,0.594392,0.257313,0.940621,0.176004,0.134330
25.0192,0.215054,0.531840,0.593022,0.256757,0.940919,0.174256,0.135583
25.0290,0.213681,0.532267,0.591550,0.256352,0.941207,0.172410,0.136705
25.0391,0.212291,0.532721,0.590053,0.256080,0.941446,0.170588,0.137851
25.0493,0.210910,0.533167,0.588609,0.255916,0.941660,0.168923,0.138736
25.0592,0.209491,0.533621,0.587277,0.255841,0.941819,0.167429,0.139606
25.0691,0.208158,0.534049,0.586035,0.255884,0.941954,0.166102,0.140202
25.0793,0.206893,0.534422,0.584962,0.256022,0.942022,0.164988,0.140803
25.0893,0.205729,0.534795,0.583983,0.256194,0.942078,0.164014,0.141254
25.0991,0.204634,0.535122,0.583160,0.256387,0.942106,0.163194,0.141670
25.1091,0.203647,0.535426,0.582440,0.256569,0.942130,0.162501,0.141973
25.1194,0.202611,0.535747,0.581810,0.256660,0.942157,0.161895,0.142327
25.1292,0.201621,0.536057,0.581252,0.256660,0.942212,0.161383,0.142544
25.1392,0.200663,0.536361,0.580751,0.256591,0.942272,0.160909,0.142805
25.1494,0.199646,0.536676,0.580325,0.256358,0.942367,0.160545,0.143003
25.1592,0.198516,0.537001,0.579956,0.255907,0.942515,0.160199,0.143227
25.1693,0.197359,0.537343,0.579617,0.255348,0.942699,0.159934,0.143309
25.1793,0.196184,0.537649,0.579398,0.254688,0.942879,0.159772,0.143477
25.1894,0.194878,0.537989,0.579236,0.253850,0.943106,0.159689,0.143563
25.1993,0.193454,0.538372,0.579091,0.252844,0.943381,0.159642,0.143588
25.2095,0.192034,0.538747,0.578952,0.251822,0.943663,0.159588,0.143591
25.2193,0.190521,0.539119,0.578875,0.250716,0.943941,0.159618,0.143661
25.2290,0.188968,0.539503,0.578826,0.249524,0.944250,0.159673,0.143644
25.2392,0.187428,0.539885,0.578741,0.248329,0.944559,0.159636,0.143725
25.2493,0.185881,0.540275,0.578639,0.247102,0.944883,0.159596,0.143759
25.2591,0.184294,0.540660,0.578510,0.245850,0.945203,0.159532,0.143868
25.2693,0.182776,0.541049,0.578327,0.244625,0.945543,0.159405,0.143863
25.2794,0.181312,0.541407,0.578108,0.243451,0.945860,0.159240,0.143954
25.2894,0.179915,0.541760,0.577845,0.242299,0.946188,0.159050,0.143954
25.2993,0.178615,0.542087,0.577488,0.241223,0.946506,0.158763,0.143987
25.3094,0.177420,0.542373,0.577105,0.240223,0.946815,0.158434,0.143991
25.3191,0.176322,0.542638,0.576640,0.239288,0.947114,0.158013,0.144040
25.3291,0.175353,0.542875,0.576150,0.238468,0.947393,0.157570,0.144052
25.3390,0.174544,0.543052,0.575655,0.237782,0.947632,0.157097,0.144134
25.3493,0.173864,0.543213,0.575154,0.237211,0.947841,0.156612,0.144228
25.3592,0.173279,0.543337,0.574674,0.236698,0.948026,0.156122,0.144382
25.3692,0.172850,0.543440,0.574170,0.236331,0.948191,0.155590,0.144476
25.3790,0.172518,0.543517,0.573766,0.236036,0.948311,0.155156,0.144639
25.3894,0.172219,0.543574,0.573375,0.235788,0.948423,0.154751,0.144743
25.3993,0.171938,0.543622,0.572983,0.235557,0.948537,0.154348,0.144803
25.4092,0.171700,0.543666,0.572585,0.235334,0.948651,0.153927,0.144865
25.4193,0.171400,0.543730,0.572108,0.235078,0.948787,0.153472,0.144875
25.4292,0.171007,0.543814,0.571529,0.234726,0.948970,0.152934,0.144815
25.4394,0.170516,0.543919,0.570830,0.234284,0.949196,0.152301,0.144712
25.4495,0.169969,0.544063,0.569982,0.233768,0.949468,0.151545,0.144560
25.4593,0.169298,0.544224,0.568979,0.233167,0.949783,0.150680,0.144362
25.4694,0.168543,0.544425,0.567814,0.232441,0.950166,0.149664,0.144068
25.4791,0.167735,0.544635,0.566595,0.231711,0.950548,0.148607,0.143820
25.4894,0.166868,0.544851,0.565285,0.230896,0.950970,0.147479,0.143499
25.4992,0.165961,0.545085,0.563972,0.230040,0.951390,0.146336,0.143266
25.5094,0.165076,0.545308,0.562617,0.229226,0.951811,0.145148,0.142983
25.5194,0.164181,0.545517,0.561257,0.228385,0.952223,0.143955,0.142791
25.5291,0.163287,0.545714,0.559927,0.227551,0.952632,0.142778,0.142574
25.5391,0.162476,0.545896,0.558616,0.226797,0.953009,0.141599,0.142428
25.5492,0.161719,0.546054,0.557321,0.226089,0.953375,0.140443,0.142254
25.5590,0.160954,0.546196,0.556049,0.225374,0.953733,0.139291,0.142117
25.5695,0.160269,0.546321,0.554784,0.224728,0.954080,0.138150,0.141930
25.5792,0.159641,0.546417,0.553667,0.224139,0.954384,0.137136,0.141797
25.5894,0.159073,0.546515,0.552535,0.223583,0.954683,0.136111,0.141649
25.5996,0.158483,0.546593,0.551461,0.223049,0.954967,0.135145,0.141502
25.6095,0.157971,0.546673,0.550431,0.222557,0.955240,0.134220,0.141311
25.6191,0.157446,0.546753,0.549448,0.222077,0.955498,0.133351,0.141152
25.6295,0.156928,0.546834,0.548477,0.221588,0.955760,0.132487,0.140954
25.6391,0.156381,0.546918,0.547580,0.221081,0.956013,0.131702,0.140770
25.6492,0.155816,0.547014,0.546713,0.220557,0.956271,0.130960,0.140537
25.6593,0.155207,0.547123,0.545822,0.219999,0.956532,0.130217,0.140322
25.6693,0.154570,0.547236,0.544947,0.219419,0.956809,0.129476,0.140030
25.6793,0.153924,0.547352,0.544105,0.218812,0.957076,0.128774,0.139797
25.6892,0.153266,0.547483,0.543241,0.218197,0.957353,0.128060,0.139520
25.6991,0.152608,0.547619,0.542375,0.217598,0.957622,0.127338,0.139268
25.7095,0.151941,0.547755,0.541535,0.216972,0.957899,0.126645,0.138975
25.7193,0.151297,0.547904,0.540695,0.216368,0.958159,0.125945,0.138762
25.7294,0.150620,0.548070,0.539825,0.215732,0.958439,0.125225,0.138467
25.7394,0.149956,0.548239,0.538980,0.215096,0.958702,0.124558,0.138236
25.7492,0.149300,0.548396,0.538193,0.214475,0.958962,0.123904,0.137986
25.7591,0.148640,0.548566,0.537388,0.213856,0.959213,0.123275,0.137763
25.7691,0.147967,0.548736,0.536634,0.213220,0.959467,0.122686,0.137507
25.7793,0.147345,0.548885,0.535924,0.212645,0.959695,0.122125,0.137306
25.7892,0.146641,0.549052,0.535240,0.211989,0.959933,0.121626,0.137098
25.7993,0.145825,0.549254,0.534470,0.211238,0.960209,0.121038,0.136848
25.8093,0.145006,0.549443,0.533696,0.210485,0.960484,0.120454,0.136589
25.8194,0.144114,0.549650,0.532931,0.209650,0.960773,0.119885,0.136347
25.8295,0.143206,0.549846,0.532133,0.208824,0.961067,0.119277,0.136074
25.8391,0.142274,0.550073,0.531286,0.207962,0.961371,0.118639,0.135802
25.8492,0.141377,0.550279,0.530512,0.207151,0.961657,0.118054,0.135529
25.8594,0.140500,0.550504,0.529740,0.206320,0.961938,0.117487,0.135289
25.8693,0.139663,0.550692,0.529040,0.205560,0.962203,0.116959,0.135022
25.8794,0.138909,0.550875,0.528398,0.204868,0.962436,0.116494,0.134817
25.8895,0.138189,0.551040,0.527814,0.204215,0.962656,0.116061,0.134610
25.8991,0.137534,0.551214,0.527284,0.203590,0.962856,0.115693,0.134440
25.9095,0.136954,0.551396,0.526713,0.203033,0.963046,0.115277,0.134280
25.9197,0.136423,0.551567,0.526182,0.202514,0.963223,0.114907,0.134113
25.9290,0.135966,0.551728,0.525618,0.202077,0.963388,0.114490,0.133945
25.9394,0.135589,0.551877,0.525077,0.201686,0.963537,0.114081,0.133810
25.9492,0.135258,0.552031,0.524511,0.201332,0.963684,0.113656,0.133646
25.9590,0.135002,0.552167,0.523913,0.201045,0.963817,0.113190,0.133512
25.9691,0.134806,0.552282,0.523313,0.200812,0.963944,0.112703,0.133358
25.9791,0.134639,0.552386,0.522747,0.200614,0.964056,0.112257,0.133224
25.9891,0.134513,0.552487,0.522198,0.200434,0.964162,0.111810,0.133103
25.9994,0.134449,0.552584,0.521626,0.200310,0.964257,0.111339,0.132995
26.0093,0.134386,0.552663,0.521139,0.200200,0.964343,0.110927,0.132879
26.0191,0.134339,0.552744,0.520660,0.200104,0.964424,0.110537,0.132767
26.0291,0.134331,0.552811,0.520235,0.200050,0.964491,0.110156,0.132678
26.0391,0.134285,0.552903,0.519819,0.199946,0.964562,0.109816,0.132596
26.0494,0.134236,0.552986,0.519455,0.199854,0.964627,0.109518,0.132513
26.0592,0.134184,0.553077,0.519121,0.199740,0.964692,0.109247,0.132436
26.0693,0.134136,0.553169,0.518811,0.199665,0.964747,0.108996,0.132354
26.0795,0.134086,0.553247,0.518538,0.199582,0.964796,0.108772,0.132302
26.0891,0.134013,0.553337,0.518305,0.199468,0.964846,0.108617,0.132240
26.0993,0.133929,0.553441,0.518083,0.199354,0.964892,0.108467,0.132197
26.1092,0.133808,0.553526,0.517906,0.199224,0.964935,0.108357,0.132167
26.1193,0.133617,0.553624,0.517769,0.199031,0.964986,0.108302,0.132135
26.1292,0.133388,0.553744,0.517646,0.198814,0.965040,0.108278,0.132085
26.1393,0.133062,0.553871,0.517548,0.198501,0.965110,0.108282,0.132041
26.1493,0.132670,0.554037,0.517460,0.198125,0.965190,0.108316,0.131998
26.1592,0.132141,0.554220,0.517420,0.197661,0.965277,0.108427,0.131964
26.1691,0.131535,0.554424,0.517377,0.197107,0.965386,0.108536,0.131901
26.1794,0.130870,0.554649,0.517321,0.196507,0.965507,0.108655,0.131817
26.1892,0.130137,0.554894,0.517256,0.195849,0.965638,0.108791,0.131723
26.1991,0.129303,0.555190,0.517105,0.195086,0.965802,0.108861,0.131596
26.2091,0.128488,0.555487,0.516932,0.194325,0.965969,0.108910,0.131451
26.2192,0.127653,0.555804,0.516702,0.193562,0.966139,0.108912,0.131330
26.2291,0.126832,0.556142,0.516406,0.192773,0.966328,0.108865,0.131140
26.2396,0.126012,0.556505,0.516074,0.191995,0.966510,0.108809,0.130985
26.2494,0.125255,0.556897,0.515633,0.191236,0.966703,0.108626,0.130819
26.2591,0.124571,0.557313,0.515155,0.190526,0.966886,0.108458,0.130644
26.2695,0.123900,0.557719,0.514639,0.189843,0.967077,0.108208,0.130434
26.2792,0.123343,0.558153,0.514004,0.189215,0.967262,0.107850,0.130271
26.2891,0.122871,0.558631,0.513263,0.188626,0.967459,0.107384,0.130047
26.2991,0.122492,0.559150,0.512390,0.188098,0.967655,0.106806,0.129828
26.3091,0.122219,0.559689,0.511367,0.187631,0.967865,0.106042,0.129568
26.3190,0.122049,0.560313,0.510170,0.187199,0.968084,0.105133,0.129295
26.3293,0.121944,0.560977,0.508837,0.186810,0.968314,0.104077,0.128992
26.3394,0.121928,0.561705,0.507365,0.186451,0.968550,0.102909,0.128674
26.3491,0.121951,0.562414,0.505874,0.186126,0.968784,0.101695,0.128343
26.3592,0.121994,0.563203,0.504220,0.185771,0.969043,0.100355,0.127963
26.3690,0.122056,0.563941,0.502627,0.185472,0.969281,0.099064,0.127595
26.3791,0.122115,0.564675,0.501054,0.185167,0.969511,0.097817,0.127256
26.3893,0.122129,0.565344,0.499622,0.184862,0.969728,0.096661,0.126925
26.3993,0.122109,0.566003,0.498241,0.184524,0.969942,0.095609,0.126576
26.4091,0.122067,0.566587,0.496978,0.184224,0.970138,0.094601,0.126271
26.4191,0.122019,0.567156,0.495827,0.183901,0.970319,0.093725,0.126008
26.4294,0.121938,0.567707,0.494711,0.183600,0.970497,0.092866,0.125705
26.4393,0.121872,0.568241,0.493671,0.183289,0.970664,0.092069,0.125461
26.4490,0.121814,0.568765,0.492643,0.182994,0.970826,0.091268,0.125218
26.4592,0.121793,0.569336,0.491558,0.182731,0.970991,0.090419,0.124943
26.4693,0.121787,0.569897,0.490525,0.182464,0.971151,0.089612,0.124667
26.4793,0.121816,0.570485,0.489466,0.182231,0.971305,0.088780,0.124402
26.4892,0.121903,0.571112,0.488369,0.182005,0.971461,0.087919,0.124126
26.4994,0.121982,0.571761,0.487266,0.181805,0.971611,0.087083,0.123841
26.5090,0.122081,0.572416,0.486148,0.181592,0.971764,0.086230,0.123548
26.5191,0.122233,0.573115,0.484951,0.181399,0.971916,0.085321,0.123266
26.5291,0.122369,0.573826,0.483760,0.181199,0.972067,0.084437,0.122979
26.5391,0.122543,0.574555,0.482569,0.181024,0.972207,0.083589,0.122702
26.5489,0.122709,0.575276,0.481365,0.180844,0.972349,0.082736,0.122423
26.5593,0.122894,0.576046,0.480128,0.180665,0.972488,0.081896,0.122145
26.5691,0.123112,0.576764,0.479007,0.180550,0.972599,0.081178,0.121913
26.5791,0.123302,0.577484,0.477902,0.180408,0.972714,0.080516,0.121649
26.5892,0.123532,0.578194,0.476830,0.180294,0.972812,0.079890,0.121446
26.5991,0.123762,0.578940,0.475781,0.180187,0.972906,0.079369,0.121192
26.6094,0.124004,0.579657,0.474816,0.180120,0.972977,0.078939,0.121000
26.6194,0.124295,0.580419,0.473753,0.180093,0.973051,0.078451,0.120764
26.6292,0.124563,0.581175,0.472802,0.180065,0.973112,0.078110,0.120536
26.6390,0.124859,0.581967,0.471835,0.180065,0.973163,0.077783,0.120330
26.6493,0.125164,0.582741,0.470875,0.180056,0.973217,0.077461,0.120116
26.6593,0.125474,0.583558,0.469875,0.180057,0.973268,0.077171,0.119891
26.6691,0.125780,0.584346,0.468969,0.180067,0.973307,0.076964,0.119691
26.6793,0.126051,0.585134,0.468090,0.180038,0.973353,0.076833,0.119447
26.6894,0.126351,0.585915,0.467200,0.180062,0.973383,0.076701,0.119249
26.6992,0.126655,0.586695,0.466349,0.180063,0.973413,0.076629,0.119050
26.7094,0.126920,0.587438,0.465561,0.180068,0.973436,0.076641,0.118843
26.7193,0.127180,0.588212,0.464748,0.180054,0.973457,0.076688,0.118661
26.7290,0.127459,0.588957,0.464017,0.180066,0.973467,0.076821,0.118476
26.7391,0.127741,0.589727,0.463242,0.180087,0.973472,0.076977,0.118304
26.7493,0.128003,0.590450,0.462522,0.180086,0.973477,0.077127,0.118164
26.7592,0.128305,0.591209,0.461758,0.180111,0.973471,0.077330,0.118040
26.7692,0.128540,0.591943,0.461065,0.180111,0.973465,0.077608,0.117909
26.7791,0.128811,0.592656,0.460353,0.180123,0.973458,0.077839,0.117796
26.7892,0.129050,0.593313,0.459720,0.180134,0.973440,0.078116,0.117748
26.7989,0.129262,0.593946,0.459143,0.180155,0.973415,0.078480,0.117677
26.8093,0.129425,0.594515,0.458704,0.180141,0.973385,0.078916,0.117661
26.8193,0.129538,0.595090,0.458281,0.180102,0.973355,0.079392,0.117647
26.8293,0.129650,0.595605,0.457901,0.180058,0.973322,0.079864,0.117662
26.8390,0.129749,0.596133,0.457553,0.180003,0.973291,0.080366,0.117662
26.8496,0.129846,0.596651,0.457156,0.179953,0.973266,0.080794,0.117650
26.8589,0.129973,0.597183,0.456671,0.179893,0.973253,0.081133,0.117623
26.8689,0.130087,0.597708,0.456160,0.179820,0.973252,0.081399,0.117558
26.8795,0.130219,0.598251,0.455567,0.179751,0.973256,0.081582,0.117500
26.8894,0.130397,0.598802,0.454931,0.179689,0.973261,0.081722,0.117454
26.8992,0.130598,0.599383,0.454162,0.179647,0.973279,0.081736,0.117360
26.9092,0.130764,0.599970,0.453408,0.179580,0.973297,0.081746,0.117306
26.9192,0.131012,0.600622,0.452483,0.179548,0.973317,0.081679,0.117236
26.9293,0.131179,0.601319,0.451514,0.179470,0.973352,0.081590,0.117129
26.9393,0.131397,0.602078,0.450441,0.179375,0.973395,0.081441,0.117020
26.9492,0.131570,0.602871,0.449299,0.179228,0.973451,0.081219,0.116937
26.9590,0.131680,0.603756,0.448026,0.179022,0.973523,0.080968,0.116828
26.9696,0.131758,0.604662,0.446812,0.178763,0.973596,0.080800,0.116731
26.9792,0.131742,0.605596,0.445631,0.178451,0.973670,0.080687,0.116667
26.9897,0.131510,0.606544,0.444466,0.177973,0.973775,0.080600,0.116584
26.9992,0.131048,0.607603,0.443472,0.177311,0.973883,0.080830,0.116529
27.0095,0.130396,0.608634,0.442645,0.176530,0.973998,0.081206,0.116490
27.0192,0.129445,0.609748,0.441869,0.175521,0.974136,0.081721,0.116502
27.0292,0.128169,0.610933,0.441257,0.174291,0.974302,0.082443,0.116453
27.0396,0.126622,0.612179,0.440649,0.172804,0.974508,0.083210,0.116402
27.0495,0.124911,0.613444,0.440112,0.171198,0.974725,0.084050,0.116351
27.0593,0.123041,0.614794,0.439593,0.169490,0.974945,0.084962,0.116346
27.0695,0.121135,0.616156,0.439044,0.167754,0.975184,0.085808,0.116238
27.0794,0.119226,0.617541,0.438467,0.165993,0.975423,0.086566,0.116197
27.0892,0.117427,0.618914,0.437846,0.164317,0.975653,0.087259,0.116133
27.0991,0.115733,0.620314,0.437201,0.162713,0.975872,0.087911,0.116059
27.1092,0.114231,0.621632,0.436538,0.161268,0.976078,0.088415,0.115966
27.1191,0.112909,0.622997,0.435853,0.159965,0.976254,0.088896,0.115915
27.1290,0.111829,0.624335,0.435262,0.158831,0.976397,0.089423,0.115868
27.1392,0.110979,0.625647,0.434701,0.157897,0.976505,0.089909,0.115856
27.1491,0.110349,0.626872,0.434251,0.157152,0.976578,0.090424,0.115857
27.1591,0.109875,0.628042,0.433855,0.156532,0.976631,0.090897,0.115880
27.1691,0.109569,0.629057,0.433568,0.156091,0.976657,0.091342,0.115899
27.1792,0.109398,0.629935,0.433343,0.155756,0.976666,0.091749,0.115952
27.1890,0.109251,0.630743,0.433193,0.155486,0.976668,0.092134,0.115991
27.1995,0.109119,0.631530,0.433107,0.155221,0.976663,0.092575,0.116039
27.2093,0.109016,0.632218,0.433123,0.155025,0.976644,0.093041,0.116088
27.2193,0.108932,0.632952,0.433178,0.154813,0.976620,0.093567,0.116157
27.2294,0.108789,0.633716,0.433300,0.154576,0.976587,0.094215,0.116220
27.2392,0.108631,0.634553,0.433442,0.154298,0.976555,0.094920,0.116283
27.2493,0.108477,0.635422,0.433624,0.154021,0.976516,0.095680,0.116358
27.2591,0.108218,0.636414,0.433803,0.153678,0.976483,0.096536,0.116381
27.2694,0.107973,0.637437,0.433951,0.153299,0.976455,0.097376,0.116416
27.2791,0.107679,0.638484,0.434078,0.152873,0.976440,0.098182,0.116429
27.2892,0.107349,0.639601,0.434139,0.152406,0.976428,0.098975,0.116464
27.2992,0.106952,0.640799,0.434147,0.151895,0.976433,0.099802,0.116388
27.3095,0.106527,0.641999,0.434029,0.151333,0.976462,0.100468,0.116302
27.3191,0.106048,0.643278,0.433795,0.150716,0.976507,0.101103,0.116172
27.3292,0.105506,0.644590,0.433481,0.150050,0.976570,0.101718,0.115973
27.3391,0.104918,0.645914,0.433039,0.149341,0.976655,0.102214,0.115731
27.3492,0.104293,0.647220,0.432539,0.148606,0.976755,0.102638,0.115461
27.3591,0.103587,0.648586,0.431983,0.147796,0.976869,0.103125,0.115106
27.3693,0.102863,0.649876,0.431437,0.146995,0.976984,0.103555,0.114768
27.3791,0.102156,0.651105,0.430907,0.146243,0.977091,0.103992,0.114415
27.3897,0.101447,0.652234,0.430458,0.145495,0.977193,0.104457,0.114080
27.3993,0.100737,0.653358,0.430023,0.144751,0.977291,0.104927,0.113756
27.4095,0.100044,0.654365,0.429737,0.144054,0.977375,0.105449,0.113429
27.4194,0.099488,0.655317,0.429447,0.143466,0.977437,0.105935,0.113189
27.4293,0.098972,0.656185,0.429241,0.142954,0.977480,0.106451,0.112986
27.4392,0.098526,0.657007,0.429027,0.142488,0.977517,0.106935,0.112794
27.4492,0.098189,0.657788,0.428756,0.142090,0.977552,0.107306,0.112643
27.4591,0.097963,0.658598,0.428421,0.141767,0.977576,0.107642,0.112523
27.4696,0.097795,0.659417,0.428009,0.141454,0.977606,0.107900,0.112404
27.4791,0.097703,0.660293,0.427486,0.141216,0.977634,0.108082,0.112284
27.4893,0.097720,0.661168,0.426841,0.141030,0.977665,0.108117,0.112213
27.4991,0.097699,0.662099,0.426132,0.140793,0.977710,0.108139,0.112099
27.5093,0.097724,0.663016,0.425337,0.140585,0.977762,0.108031,0.112009
27.5191,0.097762,0.663973,0.424442,0.140361,0.977824,0.107862,0.111918
27.5294,0.097795,0.664879,0.423637,0.140132,0.977881,0.107725,0.111836
27.5393,0.097843,0.665770,0.422806,0.139899,0.977940,0.107556,0.111770
27.5496,0.097871,0.666605,0.422062,0.139688,0.977991,0.107439,0.111704
27.5591,0.097888,0.667448,0.421352,0.139460,0.978036,0.107372,0.111656
27.5693,0.097894,0.668187,0.420797,0.139257,0.978068,0.107381,0.111624
27.5792,0.097879,0.668881,0.420276,0.139080,0.978091,0.107435,0.111593
27.5894,0.097906,0.669509,0.419803,0.138914,0.978114,0.107456,0.111572
27.5992,0.097918,0.670091,0.419361,0.138762,0.978135,0.107507,0.111536
27.6093,0.097943,0.670597,0.419003,0.138646,0.978148,0.107545,0.111528
27.6192,0.097992,0.671094,0.418578,0.138534,0.978166,0.107545,0.111503
27.6293,0.098058,0.671551,0.418151,0.138440,0.978189,0.107472,0.111493
27.6393,0.098106,0.672012,0.417734,0.138347,0.978213,0.107419,0.111446
27.6493,0.098219,0.672457,0.417209,0.138281,0.978248,0.107223,0.111410
27.6592,0.098362,0.672932,0.416583,0.138230,0.978293,0.106939,0.111350
27.6692,0.098528,0.673405,0.415898,0.138200,0.978345,0.106589,0.111268
27.6795,0.098736,0.673898,0.415125,0.138178,0.978401,0.106166,0.111205
27.6893,0.098971,0.674415,0.414215,0.138159,0.978475,0.105611,0.111111
27.6991,0.099214,0.674956,0.413207,0.138140,0.978558,0.104974,0.111002
27.7094,0.099439,0.675480,0.412171,0.138110,0.978653,0.104277,0.110862
27.7192,0.099693,0.676030,0.411016,0.138070,0.978754,0.103516,0.110730
27.7294,0.099915,0.676565,0.409890,0.138047,0.978849,0.102790,0.110602
27.7392,0.100137,0.677091,0.408745,0.137995,0.978946,0.102069,0.110473
27.7490,0.100331,0.677582,0.407674,0.137958,0.979033,0.101392,0.110367
27.7592,0.100498,0.678041,0.406683,0.137923,0.979116,0.100772,0.110243
27.7691,0.100657,0.678454,0.405767,0.137874,0.979195,0.100193,0.110134
27.7793,0.100790,0.678821,0.404982,0.137838,0.979258,0.099719,0.110047
27.7895,0.100911,0.679122,0.404373,0.137826,0.979302,0.099359,0.109999
27.7992,0.100980,0.679385,0.403794,0.137788,0.979352,0.099001,0.109923
27.8094,0.101041,0.679597,0.403297,0.137751,0.979398,0.098648,0.109873
27.8194,0.101129,0.679782,0.402866,0.137725,0.979435,0.098355,0.109843
27.8294,0.101175,0.679912,0.402557,0.137695,0.979461,0.098135,0.109846
27.8392,0.101207,0.680034,0.402265,0.137637,0.979493,0.097914,0.109827
27.8494,0.101257,0.680129,0.402054,0.137615,0.979510,0.097763,0.109843
27.8590,0.101328,0.680200,0.401853,0.137563,0.979532,0.097589,0.109864
27.8691,0.101366,0.680260,0.401688,0.137534,0.979548,0.097452,0.109876
27.8793,0.101440,0.680328,0.401567,0.137532,0.979556,0.097357,0.109898
27.8891,0.101525,0.680369,0.401451,0.137522,0.979567,0.097238,0.109914
27.8991,0.101612,0.680410,0.401374,0.137508,0.979573,0.097168,0.109941
27.9094,0.101709,0.680451,0.401248,0.137541,0.979577,0.097054,0.109960
27.9192,0.101835,0.680482,0.401121,0.137549,0.979585,0.096937,0.109986
27.9293,0.101918,0.680522,0.401003,0.137544,0.979593,0.096829,0.110020
27.9395,0.102020,0.680568,0.400891,0.137544,0.979601,0.096729,0.110033
27.9490,0.102097,0.680607,0.400713,0.137509,0.979622,0.096567,0.110035
27.9590,0.102194,0.680678,0.400494,0.137470,0.979645,0.096386,0.110035
27.9694,0.102280,0.680741,0.400303,0.137406,0.979668,0.096229,0.110047
27.9792,0.102353,0.680816,0.400034,0.137323,0.979702,0.096009,0.110041
27.9891,0.102423,0.680911,0.399729,0.137221,0.979740,0.095763,0.110045
27.9992,0.102493,0.681009,0.399411,0.137111,0.979780,0.095527,0.110025
28.0091,0.102544,0.681121,0.399110,0.136978,0.979825,0.095289,0.109999
28.0190,0.102606,0.681234,0.398759,0.136869,0.979869,0.095023,0.109974
28.0292,0.102650,0.681328,0.398458,0.136754,0.979911,0.094782,0.109954
28.0391,0.102702,0.681424,0.398174,0.136623,0.979955,0.094563,0.109908
28.0493,0.102747,0.681514,0.397927,0.136528,0.979986,0.094368,0.109919
28.0591,0.102782,0.681599,0.397646,0.136415,0.980028,0.094147,0.109871
28.0694,0.102796,0.681670,0.397451,0.136281,0.980068,0.093984,0.109825
28.0793,0.102819,0.681720,0.397282,0.136144,0.980108,0.093815,0.109784
28.0893,0.102838,0.681751,0.397156,0.136009,0.980140,0.093709,0.109755
28.0993,0.102861,0.681774,0.397055,0.135819,0.980182,0.093569,0.109729
28.1091,0.102852,0.681777,0.397004,0.135607,0.980222,0.093486,0.109705
28.1192,0.102876,0.681760,0.396991,0.135428,0.980255,0.093423,0.109686
28.1295,0.102875,0.681748,0.396988,0.135235,0.980290,0.093363,0.109668
28.1391,0.102887,0.681740,0.396992,0.135033,0.980318,0.093339,0.109681
28.1494,0.102871,0.681715,0.396988,0.134828,0.980353,0.093284,0.109668
28.1595,0.102888,0.681687,0.396977,0.134679,0.980380,0.093221,0.109666
28.1692,0.102885,0.681667,0.396926,0.134468,0.980420,0.093123,0.109647
28.1793,0.102878,0.681633,0.396890,0.134293,0.980453,0.093041,0.109642
28.1890,0.102871,0.681610,0.396817,0.134120,0.980489,0.092935,0.109615
28.1991,0.102876,0.681568,0.396767,0.133947,0.980523,0.092834,0.109613
28.2094,0.102885,0.681530,0.396731,0.133780,0.980554,0.092765,0.109593
28.2191,0.102877,0.681485,0.396653,0.133594,0.980593,0.092638,0.109581
28.2296,0.102864,0.681438,0.396536,0.133406,0.980634,0.092489,0.109569
28.2391,0.102874,0.681384,0.396466,0.133253,0.980667,0.092381,0.109554
28.2493,0.102891,0.681339,0.396313,0.133098,0.980707,0.092211,0.109525
28.2591,0.102871,0.681276,0.396147,0.132901,0.980756,0.092012,0.109497
28.2695,0.102869,0.681220,0.395943,0.132723,0.980804,0.091780,0.109471
28.2791,0.102866,0.681158,0.395741,0.132523,0.980856,0.091555,0.109439
28.2892,0.102859,0.681097,0.395529,0.132329,0.980906,0.091329,0.109412
28.2991,0.102847,0.681035,0.395345,0.132115,0.980957,0.091124,0.109386
28.3095,0.102821,0.680975,0.395152,0.131899,0.981011,0.090908,0.109341
28.3194,0.102799,0.680917,0.394975,0.131702,0.981055,0.090738,0.109323
28.3294,0.102779,0.680868,0.394767,0.131488,0.981108,0.090528,0.109280
28.3392,0.102734,0.680826,0.394601,0.131289,0.981155,0.090367,0.109233
28.3495,0.102717,0.680768,0.394415,0.131092,0.981204,0.090184,0.109178
28.3591,0.102700,0.680730,0.394248,0.130883,0.981252,0.090056,0.109102
28.3695,0.102671,0.680683,0.394061,0.130685,0.981303,0.089884,0.109025
28.3792,0.102639,0.680652,0.393947,0.130485,0.981345,0.089796,0.108960
28.3891,0.102616,0.680619,0.393806,0.130276,0.981394,0.089680,0.108864
28.3993,0.102592,0.680599,0.393683,0.130103,0.981437,0.089617,0.108731
28.4096,0.102545,0.680585,0.393552,0.129923,0.981486,0.089560,0.108554
28.4193,0.102494,0.680568,0.393461,0.129734,0.981536,0.089548,0.108335
28.4292,0.102419,0.680567,0.393404,0.129566,0.981587,0.089585,0.108046
28.4392,0.102362,0.680586,0.393328,0.129427,0.981637,0.089639,0.107710
28.4491,0.102284,0.680598,0.393300,0.129292,0.981691,0.089740,0.107296
28.4590,0.102206,0.680613,0.393228,0.129173,0.981749,0.089820,0.106847
28.4695,0.102142,0.680628,0.393239,0.129084,0.981799,0.089963,0.106369
28.4792,0.102079,0.680642,0.393252,0.129017,0.981849,0.090125,0.105855
28.4890,0.102032,0.680659,0.393314,0.128949,0.981890,0.090341,0.105372
28.4992,0.102022,0.680667,0.393334,0.128957,0.981925,0.090516,0.104881
28.5091,0.102008,0.680692,0.393379,0.128930,0.981956,0.090714,0.104455
28.5191,0.101993,0.680699,0.393391,0.128937,0.981986,0.090871,0.104029
28.5291,0.102012,0.680733,0.393375,0.128922,0.982013,0.091003,0.103677
28.5392,0.102017,0.680734,0.393336,0.128947,0.982035,0.091093,0.103355
28.5492,0.102014,0.680738,0.393269,0.128921,0.982060,0.091136,0.103114
28.5593,0.102007,0.680739,0.393212,0.128920,0.982079,0.091199,0.102871
28.5691,0.101969,0.680737,0.393134,0.128896,0.982098,0.091218,0.102705
28.5791,0.101941,0.680728,0.393091,0.128880,0.982112,0.091252,0.102567
28.5890,0.101873,0.680720,0.393053,0.128826,0.982125,0.091319,0.102450
28.5990,0.101829,0.680700,0.393055,0.128808,0.982125,0.091402,0.102390
28.6092,0.101775,0.680694,0.393008,0.128792,0.982129,0.091481,0.102303
28.6194,0.101735,0.680684,0.393023,0.128785,0.982117,0.091634,0.102297
28.6295,0.101685,0.680683,0.393008,0.128764,0.982105,0.091789,0.102299
28.6392,0.101648,0.680679,0.392964,0.128747,0.982092,0.091939,0.102308
28.6492,0.101621,0.680700,0.392928,0.128752,0.982067,0.092161,0.102336
28.6588,0.101593,0.680688,0.392853,0.128760,0.982053,0.092307,0.102338
28.6691,0.101581,0.680690,0.392752,0.128777,0.982034,0.092453,0.102368
28.6791,0.101547,0.680688,0.392663,0.128785,0.982016,0.092615,0.102375
28.6893,0.101530,0.680674,0.392597,0.128817,0.981997,0.092769,0.102381
28.6991,0.101520,0.680661,0.392516,0.128839,0.981979,0.092909,0.102395
28.7095,0.101493,0.680634,0.392430,0.128862,0.981968,0.093013,0.102379
28.7191,0.101466,0.680613,0.392342,0.128877,0.981958,0.093094,0.102385
28.7293,0.101450,0.680600,0.392237,0.128925,0.981948,0.093143,0.102373
28.7394,0.101423,0.680577,0.392126,0.128920,0.981950,0.093149,0.102360
28.7493,0.101382,0.680551,0.391987,0.128921,0.981956,0.093113,0.102330
28.7591,0.101372,0.680515,0.391824,0.128926,0.981968,0.093035,0.102283
28.7695,0.101361,0.680473,0.391658,0.128948,0.981980,0.092944,0.102221
28.7789,0.101333,0.680444,0.391503,0.128941,0.981997,0.092859,0.102140
28.7892,0.101332,0.680385,0.391357,0.128964,0.982009,0.092782,0.102065
28.7992,0.101321,0.680317,0.391185,0.128986,0.982023,0.092665,0.102013
28.8095,0.101315,0.680254,0.390987,0.129017,0.982039,0.092550,0.101925
28.8191,0.101301,0.680179,0.390823,0.129041,0.982052,0.092460,0.101847
28.8291,0.101324,0.680116,0.390644,0.129092,0.982056,0.092399,0.101802
28.8391,0.101328,0.680049,0.390470,0.129152,0.982057,0.092367,0.101750
28.8493,0.101336,0.680002,0.390331,0.129220,0.982047,0.092423,0.101708
28.8592,0.101365,0.679967,0.390194,0.129308,0.982022,0.092551,0.101718
28.8690,0.101371,0.679942,0.390110,0.129394,0.981987,0.092792,0.101723
28.8791,0.101387,0.679939,0.389992,0.129470,0.981949,0.093061,0.101753
28.8889,0.101413,0.679957,0.389980,0.129560,0.981891,0.093498,0.101794
28.8993,0.101423,0.679978,0.389945,0.129633,0.981831,0.093953,0.101862
28.9095,0.101440,0.680014,0.389940,0.129714,0.981767,0.094436,0.101932
28.9191,0.101460,0.680057,0.389939,0.129788,0.981698,0.094972,0.102005
28.9294,0.101489,0.680111,0.389978,0.129851,0.981626,0.095528,0.102092
28.9391,0.101526,0.680174,0.390029,0.129936,0.981548,0.096117,0.102186
28.9493,0.101561,0.680228,0.390110,0.129991,0.981474,0.096689,0.102282
28.9594,0.101588,0.680286,0.390152,0.130013,0.981412,0.097187,0.102376
28.9693,0.101625,0.680332,0.390220,0.130068,0.981350,0.097662,0.102449
28.9791,0.101653,0.680379,0.390280,0.130106,0.981297,0.098075,0.102515
28.9892,0.101677,0.680418,0.390339,0.130127,0.981253,0.098424,0.102581
28.9991,0.101721,0.680456,0.390380,0.130147,0.981215,0.098715,0.102642
29.0092,0.101738,0.680481,0.390439,0.130179,0.981181,0.098981,0.102665
29.0193,0.101754,0.680510,0.390503,0.130177,0.981155,0.099196,0.102711
29.0294,0.101792,0.680534,0.390543,0.130200,0.981131,0.099388,0.102718
29.0392,0.101828,0.680553,0.390612,0.130229,0.981101,0.099554,0.102813
29.0492,0.101840,0.680576,0.390679,0.130257,0.981083,0.099711,0.102796
29.0593,0.101885,0.680594,0.390753,0.130257,0.981064,0.099863,0.102827
29.0692,0.101897,0.680620,0.390800,0.130247,0.981051,0.099976,0.102853
29.0791,0.101941,0.680638,0.390870,0.130274,0.981031,0.100113,0.102878
29.0890,0.101972,0.680659,0.390954,0.130310,0.981010,0.100257,0.102896
29.0989,0.101999,0.680677,0.391028,0.130318,0.980995,0.100361,0.102921
29.1090,0.102015,0.680706,0.391102,0.130338,0.980977,0.100505,0.102927
29.1195,0.102049,0.680732,0.391193,0.130330,0.980963,0.100630,0.102953
29.1295,0.102066,0.680752,0.391264,0.130363,0.980946,0.100726,0.102980
29.1391,0.102072,0.680769,0.391352,0.130350,0.980935,0.100840,0.102994
29.1494,0.102096,0.680792,0.391362,0.130355,0.980929,0.100869,0.103010
29.1592,0.102105,0.680799,0.391457,0.130367,0.980917,0.100955,0.103030
29.1694,0.102154,0.680814,0.391539,0.130392,0.980901,0.101061,0.103038
29.1792,0.102204,0.680833,0.391591,0.130406,0.980892,0.101111,0.103057
29.1892,0.102264,0.680845,0.391675,0.130455,0.980875,0.101208,0.103070
29.1993,0.102374,0.680849,0.391781,0.130533,0.980852,0.101298,0.103102
29.2090,0.102454,0.680871,0.391862,0.130591,0.980833,0.101379,0.103128
29.2192,0.102553,0.680884,0.391960,0.130651,0.980812,0.101477,0.103156
29.2294,0.102676,0.680890,0.392075,0.130750,0.980784,0.101594,0.103178
29.2392,0.102800,0.680907,0.392159,0.130832,0.980763,0.101676,0.103198
29.2491,0.102934,0.680923,0.392273,0.130934,0.980735,0.101778,0.103230
29.2592,0.103071,0.680932,0.392390,0.131027,0.980708,0.101884,0.103260
29.2690,0.103192,0.680946,0.392506,0.131108,0.980681,0.102002,0.103303
29.2795,0.103314,0.680968,0.392614,0.131182,0.980658,0.102095,0.103330
29.2894,0.103430,0.680982,0.392749,0.131265,0.980630,0.102221,0.103371
29.2991,0.103515,0.680998,0.392851,0.131320,0.980612,0.102321,0.103373
29.3096,0.103622,0.681017,0.392957,0.131405,0.980585,0.102424,0.103417
29.3192,0.103718,0.681020,0.393028,0.131469,0.980571,0.102475,0.103422
29.3294,0.103806,0.681029,0.393157,0.131552,0.980543,0.102592,0.103459
29.3393,0.103889,0.681032,0.393281,0.131609,0.980522,0.102700,0.103480
29.3492,0.103983,0.681019,0.393414,0.131668,0.980500,0.102802,0.103518
29.3591,0.104056,0.681001,0.393546,0.131723,0.980478,0.102913,0.103539
29.3692,0.104164,0.680984,0.393670,0.131825,0.980454,0.103008,0.103547
29.3792,0.104257,0.680967,0.393870,0.131896,0.980420,0.103174,0.103608
29.3891,0.104363,0.680926,0.394119,0.131981,0.980384,0.103376,0.103645
29.3991,0.104509,0.680884,0.394464,0.132106,0.980327,0.103661,0.103737
29.4095,0.104633,0.680833,0.394877,0.132188,0.980270,0.104019,0.103812
29.4194,0.104780,0.680741,0.395407,0.132324,0.980197,0.104452,0.103898
29.4289,0.104916,0.680633,0.396066,0.132446,0.980110,0.104998,0.104007
29.4393,0.105082,0.680493,0.396842,0.132599,0.980006,0.105608,0.104179
29.4491,0.105226,0.680321,0.397757,0.132741,0.979889,0.106362,0.104325
29.4590,0.105356,0.680134,0.398681,0.132888,0.979772,0.107089,0.104502
29.4692,0.105519,0.679925,0.399674,0.133061,0.979643,0.107879,0.104675
29.4791,0.105645,0.679719,0.400662,0.133223,0.979512,0.108682,0.104862
29.4892,0.105779,0.679486,0.401700,0.133394,0.979376,0.109510,0.105055
29.4991,0.105905,0.679248,0.402705,0.133552,0.979248,0.110298,0.105218
29.5095,0.106039,0.679008,0.403702,0.133726,0.979118,0.111064,0.105401
29.5191,0.106169,0.678765,0.404730,0.133903,0.978984,0.111876,0.105565
29.5294,0.106286,0.678524,0.405677,0.134058,0.978861,0.112606,0.105735
29.5393,0.106398,0.678296,0.406575,0.134209,0.978748,0.113276,0.105871
29.5495,0.106489,0.678062,0.407481,0.134342,0.978633,0.113953,0.106041
29.5591,0.106585,0.677813,0.408425,0.134471,0.978516,0.114658,0.106199
29.5695,0.106716,0.677562,0.409359,0.134627,0.978394,0.115352,0.106372
29.5794,0.106793,0.677297,0.410262,0.134729,0.978285,0.115995,0.106541
29.5893,0.106860,0.676971,0.411406,0.134841,0.978146,0.116853,0.106737
29.5993,0.106922,0.676569,0.412749,0.135006,0.977979,0.117826,0.106989
29.6095,0.106939,0.676132,0.414211,0.135139,0.977801,0.118899,0.107262
29.6194,0.106910,0.675569,0.416014,0.135283,0.977587,0.120204,0.107576
29.6295,0.106881,0.674946,0.418039,0.135439,0.977340,0.121711,0.107927
29.6392,0.106835,0.674204,0.420336,0.135641,0.977057,0.123383,0.108341
29.6494,0.106745,0.673444,0.422712,0.135826,0.976762,0.125171,0.108718
29.6593,0.106622,0.672583,0.425314,0.136016,0.976440,0.127075,0.109162
29.6693,0.106533,0.671734,0.427850,0.136238,0.976114,0.128953,0.109597
29.6791,0.106413,0.670852,0.430389,0.136448,0.975793,0.130791,0.110017
29.6891,0.106306,0.670053,0.432712,0.136646,0.975489,0.132519,0.110397
29.6992,0.106192,0.669293,0.434830,0.136823,0.975218,0.134036,0.110743
29.7092,0.106105,0.668653,0.436643,0.136974,0.974976,0.135375,0.111053
29.7192,0.105998,0.668057,0.438352,0.137087,0.974760,0.136595,0.111323
29.7293,0.105923,0.667548,0.439847,0.137218,0.974556,0.137716,0.111565
29.7392,0.105839,0.667083,0.441173,0.137313,0.974383,0.138660,0.111786
29.7492,0.105724,0.666647,0.442510,0.137369,0.974207,0.139669,0.112000
29.7593,0.105588,0.666154,0.443974,0.137440,0.974018,0.140734,0.112222
29.7691,0.105466,0.665647,0.445501,0.137533,0.973809,0.141873,0.112484
29.7791,0.105296,0.665098,0.447136,0.137604,0.973590,0.143096,0.112741
29.7893,0.105067,0.664450,0.449112,0.137689,0.973324,0.144587,0.113037
29.7994,0.104879,0.663653,0.451400,0.137846,0.973005,0.146289,0.113397
29.8091,0.104704,0.662792,0.453844,0.138018,0.972659,0.148116,0.113782
29.8193,0.104461,0.661819,0.456582,0.138212,0.972268,0.150157,0.114216
29.8293,0.104240,0.660800,0.459385,0.138416,0.971861,0.152270,0.114637
29.8392,0.104038,0.659710,0.462315,0.138672,0.971425,0.154448,0.115103
29.8490,0.103827,0.658636,0.465215,0.138904,0.970988,0.156628,0.115569
29.8594,0.103618,0.657547,0.468123,0.139151,0.970543,0.158823,0.116012
29.8693,0.103473,0.656542,0.470771,0.139409,0.970130,0.160804,0.116424
29.8792,0.103372,0.655598,0.473246,0.139664,0.969737,0.162649,0.116828
29.8895,0.103293,0.654777,0.475411,0.139904,0.969384,0.164287,0.117185
29.8991,0.103259,0.654071,0.477215,0.140126,0.969088,0.165624,0.117482
29.9096,0.103264,0.653498,0.478756,0.140340,0.968824,0.166796,0.117744
29.9197,0.103287,0.652969,0.480137,0.140533,0.968594,0.167816,0.117958
29.9293,0.103382,0.652518,0.481309,0.140771,0.968380,0.168694,0.118178
29.9392,0.103496,0.652119,0.482304,0.140988,0.968203,0.169413,0.118338
29.9495,0.103611,0.651685,0.483404,0.141224,0.967998,0.170248,0.118541
29.9593,0.103804,0.651149,0.484648,0.141531,0.967765,0.171151,0.118777
29.9692,0.104073,0.650594,0.485934,0.141929,0.967503,0.172119,0.119033
29.9792,0.104345,0.649952,0.487362,0.142327,0.967227,0.173146,0.119312
29.9892,0.104655,0.649212,0.489042,0.142795,0.966895,0.174393,0.119631
29.9993,0.105070,0.648364,0.490916,0.143400,0.966509,0.175777,0.120000
30.0156,0.105543,0.647479,0.492851,0.144036,0.966099,0.177209,0.120429
30.0194,0.105991,0.646511,0.494942,0.144662,0.965675,0.178721,0.120841
30.0295,0.106483,0.645573,0.496987,0.145339,0.965243,0.180230,0.121241
30.0391,0.107054,0.644564,0.499088,0.146080,0.964792,0.181722,0.121711
30.0491,0.107617,0.643589,0.501121,0.146819,0.964345,0.183199,0.122152
30.0591,0.108224,0.642549,0.503260,0.147605,0.963881,0.184726,0.122564
30.0691,0.108837,0.641572,0.505176,0.148375,0.963446,0.186078,0.123008
30.0792,0.109456,0.640578,0.507122,0.149139,0.963010,0.187442,0.123432
30.0892,0.110053,0.639612,0.508973,0.149896,0.962583,0.188752,0.123850
30.0992,0.110620,0.638632,0.510829,0.150622,0.962162,0.190057,0.124240
30.1095,0.111175,0.637718,0.512560,0.151314,0.961758,0.191274,0.124662
30.1191,0.111717,0.636758,0.514375,0.152030,0.961340,0.192551,0.125047
30.1293,0.112227,0.635826,0.516133,0.152701,0.960926,0.193814,0.125457
30.1393,0.112690,0.634912,0.517826,0.153338,0.960538,0.194999,0.125813
30.1491,0.113121,0.633980,0.519601,0.153955,0.960125,0.196286,0.126216
30.1590,0.113540,0.632981,0.521500,0.154581,0.959693,0.197643,0.126615
30.1692,0.113957,0.632020,0.523347,0.155195,0.959257,0.198995,0.127049
30.1789,0.114345,0.631055,0.525183,0.155774,0.958838,0.200306,0.127445
30.1891,0.114730,0.630108,0.527014,0.156322,0.958416,0.201645,0.127833
30.1991,0.115122,0.629131,0.528931,0.156931,0.957963,0.203050,0.128260
30.2091,0.115502,0.628223,0.530753,0.157458,0.957534,0.204385,0.128693
30.2190,0.115817,0.627290,0.532665,0.157974,0.957091,0.205802,0.129099
30.2292,0.116113,0.626382,0.534555,0.158475,0.956647,0.207226,0.129499
30.2393,0.116382,0.625461,0.536469,0.158957,0.956204,0.208630,0.129922
30.2495,0.116606,0.624571,0.538375,0.159417,0.955751,0.210092,0.130338
30.2590,0.116750,0.623642,0.540366,0.159810,0.955300,0.211584,0.130749
30.2690,0.116861,0.622748,0.542280,0.160181,0.954861,0.213037,0.131141
30.2791,0.116877,0.621854,0.544176,0.160480,0.954439,0.214461,0.131525
30.2892,0.116831,0.620959,0.546082,0.160752,0.954019,0.215909,0.131868
30.2990,0.116728,0.620040,0.548008,0.160980,0.953604,0.217349,0.132227
30.3093,0.116600,0.619151,0.549828,0.161170,0.953212,0.218711,0.132572
30.3191,0.116380,0.618160,0.551875,0.161358,0.952777,0.220261,0.132911
30.3292,0.116143,0.617154,0.553884,0.161524,0.952341,0.221798,0.133275
30.3394,0.115859,0.616079,0.555981,0.161663,0.951904,0.223354,0.133633
30.3491,0.115524,0.614973,0.558138,0.161810,0.951438,0.225015,0.133985
30.3591,0.115166,0.613775,0.560458,0.161950,0.950942,0.226770,0.134378
30.3692,0.114861,0.612630,0.562642,0.162102,0.950466,0.228418,0.134767
30.3791,0.114534,0.611516,0.564773,0.162247,0.950004,0.230017,0.135130
30.3896,0.114191,0.610426,0.566843,0.162376,0.949546,0.231609,0.135478
30.3996,0.113914,0.609350,0.568788,0.162528,0.949119,0.233055,0.135804
30.4091,0.113717,0.608349,0.570608,0.162739,0.948695,0.234434,0.136142
30.4190,0.113538,0.607308,0.572396,0.162934,0.948289,0.235753,0.136460
30.4293,0.113424,0.606290,0.574111,0.163212,0.947874,0.237038,0.136784
30.4391,0.113384,0.605244,0.575797,0.163503,0.947462,0.238275,0.137140
30.4491,0.113362,0.604193,0.577442,0.163853,0.947047,0.239495,0.137465
30.4592,0.113370,0.603082,0.579170,0.164221,0.946609,0.240770,0.137813
30.4695,0.113432,0.602032,0.580762,0.164627,0.946186,0.241938,0.138187
30.4791,0.113508,0.600966,0.582371,0.165041,0.945765,0.243101,0.138538
30.4890,0.113606,0.599914,0.583935,0.165460,0.945349,0.244230,0.138886
30.4993,0.113733,0.598876,0.585455,0.165900,0.944938,0.245321,0.139233
30.5092,0.113877,0.597908,0.586864,0.166326,0.944552,0.246328,0.139571
30.5192,0.114008,0.596889,0.588299,0.166758,0.944167,0.247334,0.139882
30.5295,0.114172,0.595935,0.589645,0.167211,0.943783,0.248300,0.140217
30.5394,0.114324,0.594979,0.590954,0.167638,0.943423,0.249201,0.140533
30.5494,0.114395,0.594074,0.592258,0.167997,0.943061,0.250163,0.140825
30.5594,0.114473,0.593137,0.593566,0.168381,0.942696,0.251107,0.141128
30.5691,0.114529,0.592254,0.594844,0.168714,0.942338,0.252053,0.141438
30.5794,0.114529,0.591418,0.596016,0.168998,0.942021,0.252909,0.141681
30.5896,0.114471,0.590586,0.597254,0.169222,0.941683,0.253857,0.141964
30.5992,0.114403,0.589761,0.598472,0.169466,0.941353,0.254775,0.142215
30.6089,0.114317,0.589008,0.599591,0.169668,0.941049,0.255634,0.142445
30.6191,0.114197,0.588221,0.600729,0.169842,0.940751,0.256497,0.142657
30.6295,0.114103,0.587454,0.601854,0.170047,0.940442,0.257358,0.142894
30.6391,0.114044,0.586675,0.602942,0.170260,0.940156,0.258131,0.143130
30.6491,0.113995,0.585861,0.604065,0.170509,0.939846,0.258965,0.143361
30.6594,0.113975,0.584958,0.605291,0.170791,0.939506,0.259870,0.143624
30.6695,0.114040,0.584036,0.606464,0.171163,0.939165,0.260689,0.143921
30.6793,0.114096,0.583043,0.607700,0.171545,0.938811,0.261550,0.144215
30.6892,0.114190,0.582009,0.608957,0.171955,0.938448,0.262415,0.144515
30.6993,0.114253,0.580941,0.610236,0.172362,0.938080,0.263288,0.144830
30.7092,0.114327,0.579908,0.611444,0.172759,0.937732,0.264098,0.145137
30.7192,0.114377,0.578867,0.612637,0.173155,0.937398,0.264870,0.145419
30.7290,0.114435,0.577890,0.613718,0.173520,0.937092,0.265568,0.145679
30.7391,0.114472,0.576965,0.614734,0.173882,0.936801,0.266217,0.145938
30.7493,0.114504,0.576181,0.615566,0.174153,0.936566,0.266763,0.146125
30.7591,0.114522,0.575485,0.616236,0.174398,0.936388,0.267136,0.146290
30.7695,0.114524,0.574902,0.616751,0.174576,0.936252,0.267439,0.146398
30.7790,0.114517,0.574441,0.617088,0.174701,0.936170,0.267582,0.146511
30.7891,0.114515,0.574103,0.617202,0.174764,0.936161,0.267555,0.146542
30.7993,0.114504,0.573823,0.617205,0.174827,0.936177,0.267454,0.146552
30.8092,0.114479,0.573633,0.617070,0.174865,0.936237,0.267243,0.146508
30.8191,0.114396,0.573469,0.616847,0.174833,0.936319,0.266998,0.146463
30.8294,0.114346,0.573322,0.616564,0.174832,0.936414,0.266702,0.146402
30.8390,0.114263,0.573182,0.616235,0.174801,0.936532,0.266356,0.146312
30.8492,0.114199,0.573067,0.615886,0.174771,0.936646,0.266018,0.146233
30.8590,0.114125,0.572920,0.615574,0.174764,0.936743,0.265721,0.146161
30.8693,0.114055,0.572796,0.615265,0.174742,0.936842,0.265421,0.146099
30.8796,0.114003,0.572658,0.615008,0.174725,0.936930,0.265155,0.146038
30.8893,0.113914,0.572502,0.614813,0.174712,0.936993,0.264964,0.145991
30.8993,0.113868,0.572322,0.614684,0.174727,0.937032,0.264829,0.145972
30.9093,0.113768,0.572113,0.614693,0.174724,0.937037,0.264818,0.145961
30.9193,0.113672,0.571835,0.614791,0.174743,0.937013,0.264877,0.145985
30.9296,0.113516,0.571509,0.615017,0.174739,0.936960,0.265055,0.146009
30.9391,0.113324,0.571107,0.615398,0.174732,0.936862,0.265367,0.146078
30.9493,0.113094,0.570681,0.615870,0.174722,0.936736,0.265776,0.146152
30.9592,0.112839,0.570197,0.616463,0.174715,0.936578,0.266276,0.146262
30.9693,0.112594,0.569721,0.617078,0.174698,0.936415,0.266816,0.146344
30.9792,0.112326,0.569218,0.617776,0.174674,0.936237,0.267389,0.146464
30.9895,0.112068,0.568746,0.618470,0.174661,0.936053,0.267988,0.146561
30.9991,0.111798,0.568299,0.619177,0.174625,0.935864,0.268604,0.146686
31.0097,0.111557,0.567913,0.619802,0.174571,0.935704,0.269140,0.146790
31.0193,0.111314,0.567532,0.620446,0.174535,0.935531,0.269709,0.146886
31.0290,0.111119,0.567219,0.620980,0.174499,0.935389,0.270175,0.146976
31.0392,0.110901,0.566939,0.621487,0.174450,0.935259,0.270616,0.147050
31.0491,0.110717,0.566709,0.621929,0.174396,0.935143,0.271015,0.147119
31.0591,0.110548,0.566529,0.622316,0.174357,0.935045,0.271361,0.147153
31.0693,0.110349,0.566364,0.622701,0.174273,0.934950,0.271715,0.147200
31.0792,0.110173,0.566227,0.623054,0.174247,0.934858,0.272037,0.147225
31.0894,0.110028,0.566138,0.623340,0.174180,0.934782,0.272324,0.147253
31.0991,0.109871,0.566068,0.623591,0.174106,0.934726,0.272554,0.147271
31.1091,0.109727,0.566000,0.623841,0.174082,0.934660,0.272796,0.147272
31.1190,0.109606,0.565950,0.624081,0.174052,0.934596,0.273024,0.147287
31.1290,0.109485,0.565898,0.624320,0.173997,0.934538,0.273243,0.147315
31.1394,0.109374,0.565843,0.624563,0.173987,0.934469,0.273485,0.147312
31.1490,0.109234,0.565787,0.624836,0.173921,0.934400,0.273754,0.147333
31.1590,0.109080,0.565709,0.625151,0.173852,0.934322,0.274051,0.147354
31.1694,0.108965,0.565611,0.625471,0.173834,0.934234,0.274341,0.147397
31.1792,0.108798,0.565508,0.625802,0.173806,0.934148,0.274647,0.147402
31.1893,0.108642,0.565387,0.626129,0.173762,0.934065,0.274940,0.147438
31.1993,0.108469,0.565237,0.626511,0.173716,0.933961,0.275298,0.147481
31.2092,0.108306,0.565073,0.626856,0.173672,0.933876,0.275592,0.147520
31.2193,0.108114,0.564894,0.627254,0.173624,0.933770,0.275959,0.147566
31.2292,0.107920,0.564722,0.627607,0.173562,0.933685,0.276276,0.147581
31.2392,0.107726,0.564539,0.627978,0.173503,0.933592,0.276602,0.147629
31.2491,0.107508,0.564374,0.628325,0.173430,0.933506,0.276929,0.147643
31.2593,0.107289,0.564213,0.628646,0.173340,0.933438,0.277212,0.147651
31.2693,0.107081,0.564092,0.628886,0.173218,0.933389,0.277446,0.147663
31.2793,0.106856,0.563982,0.629149,0.173121,0.933335,0.277685,0.147669
31.2894,0.106596,0.563903,0.629333,0.172960,0.933316,0.277863,0.147641
31.2991,0.106271,0.563849,0.629511,0.172753,0.933301,0.278062,0.147605
31.3091,0.105899,0.563817,0.629675,0.172474,0.933304,0.278245,0.147564
31.3193,0.105398,0.563834,0.629804,0.172119,0.933333,0.278426,0.147456
31.3290,0.104811,0.563883,0.629902,0.171651,0.933383,0.278611,0.147338
31.3392,0.104104,0.563981,0.629951,0.171093,0.933467,0.278749,0.147192
31.3492,0.103210,0.564111,0.630028,0.170372,0.933568,0.278961,0.146985
31.3594,0.102050,0.564307,0.630046,0.169425,0.933726,0.279151,0.146717
31.3692,0.100763,0.564536,0.630070,0.168365,0.933905,0.279369,0.146380
31.3792,0.099356,0.564791,0.630082,0.167209,0.934098,0.279588,0.146059
31.3894,0.097745,0.565070,0.630111,0.165893,0.934315,0.279852,0.145660
31.3991,0.095909,0.565387,0.630124,0.164374,0.934572,0.280131,0.145200
31.4091,0.094038,0.565700,0.630131,0.162825,0.934839,0.280386,0.144736
31.4191,0.092003,0.566037,0.630151,0.161156,0.935108,0.280699,0.144258
31.4293,0.089913,0.566379,0.630171,0.159444,0.935382,0.281039,0.143718
31.4393,0.087773,0.566710,0.630236,0.157713,0.935644,0.281403,0.143213
31.4491,0.085633,0.567028,0.630248,0.155990,0.935918,0.281733,0.142656
31.4591,0.083355,0.567343,0.630329,0.154174,0.936176,0.282144,0.142128
31.4693,0.081157,0.567663,0.630355,0.152364,0.936455,0.282495,0.141538
31.4791,0.078984,0.567969,0.630390,0.150653,0.936704,0.282831,0.141054
31.4894,0.076779,0.568268,0.630445,0.148881,0.936956,0.283225,0.140472
31.4994,0.074609,0.568562,0.630479,0.147149,0.937200,0.283589,0.139932
31.5095,0.072543,0.568819,0.630514,0.145499,0.937434,0.283922,0.139414
31.5193,0.070467,0.569071,0.630581,0.143881,0.937636,0.284325,0.138908
31.5292,0.068530,0.569317,0.630635,0.142348,0.937835,0.284686,0.138406
31.5394,0.066734,0.569516,0.630689,0.140955,0.938005,0.285029,0.137975
31.5493,0.065057,0.569690,0.630745,0.139655,0.938164,0.285367,0.137515
31.5595,0.063367,0.569876,0.630826,0.138343,0.938305,0.285718,0.137153
31.5694,0.061799,0.570045,0.630851,0.137111,0.938461,0.286001,0.136732
31.5792,0.060282,0.570206,0.630872,0.135944,0.938609,0.286256,0.136345
31.5893,0.058750,0.570365,0.630892,0.134772,0.938753,0.286520,0.135959
31.5992,0.057195,0.570529,0.630920,0.133546,0.938897,0.286806,0.135575
31.6094,0.055686,0.570673,0.630943,0.132402,0.939037,0.287069,0.135167
31.6192,0.054092,0.570815,0.630975,0.131172,0.939173,0.287369,0.134788
31.6291,0.052463,0.570971,0.630985,0.129899,0.939324,0.287658,0.134345
31.6392,0.050815,0.571123,0.630940,0.128594,0.939500,0.287864,0.133929
31.6493,0.049162,0.571273,0.630918,0.127294,0.939665,0.288105,0.133496
31.6592,0.047396,0.571405,0.630908,0.125883,0.939835,0.288377,0.133054
31.6695,0.045708,0.571580,0.630771,0.124497,0.940046,0.288510,0.132572
31.6794,0.044004,0.571691,0.630732,0.123114,0.940224,0.288702,0.132184
31.6892,0.042255,0.571854,0.630596,0.121666,0.940439,0.288838,0.131696
31.6993,0.040494,0.571995,0.630478,0.120237,0.940637,0.288990,0.131259
31.7093,0.038784,0.572121,0.630325,0.118818,0.940860,0.289063,0.130797
31.7193,0.036937,0.572252,0.630189,0.117289,0.941073,0.289193,0.130357
31.7292,0.035095,0.572386,0.630011,0.115770,0.941313,0.289265,0.129822
31.7393,0.033273,0.572523,0.629818,0.114276,0.941548,0.289307,0.129347
31.7494,0.031440,0.572621,0.629700,0.112779,0.941755,0.289440,0.128852
31.7591,0.029584,0.572743,0.629536,0.111262,0.941971,0.289530,0.128391
31.7694,0.027856,0.572852,0.629365,0.109850,0.942192,0.289576,0.127877
31.7792,0.026221,0.572925,0.629251,0.108551,0.942366,0.289686,0.127455
31.7890,0.024624,0.573001,0.629137,0.107262,0.942545,0.289772,0.127025
31.7991,0.023043,0.573087,0.628991,0.106036,0.942715,0.289859,0.126596
31.8091,0.021600,0.573152,0.628858,0.104904,0.942886,0.289894,0.126185
31.8190,0.020164,0.573220,0.628730,0.103775,0.943036,0.289975,0.125809
31.8291,0.018785,0.573282,0.628587,0.102734,0.943193,0.290015,0.125396
31.8391,0.017479,0.573334,0.628438,0.101759,0.943340,0.290044,0.125015
31.8493,0.016175,0.573382,0.628334,0.100801,0.943468,0.290124,0.124639
31.8593,0.014717,0.573428,0.628231,0.099738,0.943603,0.290219,0.124253
31.8695,0.013245,0.573468,0.628138,0.098643,0.943749,0.290315,0.123795
31.8793,0.011747,0.573504,0.628020,0.097536,0.943895,0.290393,0.123375
31.8890,0.010147,0.573538,0.627943,0.096340,0.944044,0.290504,0.122913
31.8989,0.008517,0.573585,0.627862,0.095104,0.944185,0.290639,0.122473
31.9094,0.006893,0.573604,0.627815,0.093864,0.944325,0.290782,0.122005
31.9190,0.005314,0.573630,0.627744,0.092654,0.944460,0.290910,0.121586
31.9292,0.003846,0.573642,0.627712,0.091522,0.944580,0.291051,0.121167
31.9391,0.002559,0.573640,0.627699,0.090556,0.944678,0.291183,0.120811
31.9491,0.001370,0.573648,0.627680,0.089627,0.944773,0.291299,0.120484
31.9593,0.000240,0.573647,0.627665,0.088755,0.944850,0.291434,0.120194
31.9693,-0.000772,0.573658,0.627598,0.087961,0.944948,0.291484,0.119891
31.9793,-0.001696,0.573652,0.627546,0.087243,0.945029,0.291536,0.119645
31.9894,-0.002715,0.573648,0.627487,0.086424,0.945118,0.291590,0.119409
31.9995,-0.003864,0.573653,0.627383,0.085498,0.945235,0.291616,0.119084
32.0094,-0.004998,0.573662,0.627258,0.084575,0.945354,0.291625,0.118775
32.0191,-0.006306,0.573661,0.627129,0.083534,0.945477,0.291654,0.118464
32.0292,-0.007737,0.573657,0.627003,0.082353,0.945616,0.291710,0.118040
32.0392,-0.009234,0.573645,0.626796,0.081129,0.945788,0.291652,0.117656
32.0492,-0.010860,0.573617,0.626619,0.079791,0.945948,0.291676,0.117220
32.0593,-0.012664,0.573615,0.626372,0.078302,0.946129,0.291686,0.116742
32.0693,-0.014488,0.573597,0.626064,0.076785,0.946348,0.291588,0.116215
32.0793,-0.016368,0.573577,0.625730,0.075238,0.946560,0.291502,0.115718
32.0891,-0.018333,0.573523,0.625439,0.073601,0.946768,0.291458,0.115180
32.0993,-0.020271,0.573492,0.625080,0.072002,0.946984,0.291353,0.114675
32.1094,-0.022121,0.573455,0.624697,0.070448,0.947215,0.291198,0.114125
32.1195,-0.024012,0.573396,0.624340,0.068871,0.947426,0.291076,0.113644
32.1294,-0.025832,0.573351,0.623958,0.067344,0.947649,0.290920,0.113105
32.1392,-0.027551,0.573303,0.623576,0.065915,0.947857,0.290740,0.112660
32.1493,-0.029262,0.573234,0.623240,0.064475,0.948054,0.290607,0.112183
32.1593,-0.031031,0.573166,0.622900,0.063028,0.948243,0.290488,0.111709
32.1694,-0.032695,0.573092,0.622557,0.061642,0.948438,0.290329,0.111244
32.1791,-0.034267,0.573030,0.622226,0.060362,0.948615,0.290182,0.110819
32.1893,-0.036008,0.572929,0.621951,0.058928,0.948777,0.290124,0.110357
32.1991,-0.037827,0.572846,0.621608,0.057461,0.948965,0.289990,0.109858
32.2093,-0.039566,0.572750,0.621271,0.056029,0.949147,0.289863,0.109365
32.2191,-0.041342,0.572643,0.620940,0.054611,0.949317,0.289749,0.108905
32.2293,-0.043041,0.572551,0.620594,0.053190,0.949486,0.289646,0.108410
32.2394,-0.044654,0.572436,0.620225,0.051865,0.949658,0.289464,0.108027
32.2491,-0.046171,0.572338,0.619814,0.050627,0.949834,0.289267,0.107595
32.2591,-0.047636,0.572257,0.619327,0.049419,0.950017,0.289013,0.107220
32.2696,-0.048959,0.572175,0.618794,0.048305,0.950224,0.288655,0.106863
32.2791,-0.050188,0.572100,0.618226,0.047275,0.950420,0.288283,0.106579
32.2892,-0.051337,0.572037,0.617595,0.046308,0.950635,0.287846,0.106268
32.2992,-0.052392,0.571976,0.616931,0.045431,0.950853,0.287360,0.106017
32.3093,-0.053333,0.571926,0.616246,0.044620,0.951070,0.286850,0.105788
32.3194,-0.054192,0.571877,0.615543,0.043883,0.951286,0.286322,0.105592
32.3292,-0.054905,0.571855,0.614830,0.043257,0.951510,0.285734,0.105417
32.3391,-0.055507,0.571834,0.614203,0.042748,0.951697,0.285236,0.105290
32.3492,-0.056036,0.571807,0.613646,0.042293,0.951865,0.284778,0.105194
32.3592,-0.056575,0.571786,0.613107,0.041817,0.952018,0.284367,0.105112
32.3696,-0.057053,0.571757,0.612613,0.041399,0.952169,0.283950,0.105036
32.3793,-0.057550,0.571716,0.612181,0.040996,0.952291,0.283614,0.104998
32.3894,-0.058134,0.571662,0.611793,0.040504,0.952406,0.283321,0.104935
32.3991,-0.058924,0.571603,0.611391,0.039856,0.952526,0.283053,0.104816
32.4095,-0.059727,0.571546,0.611016,0.039177,0.952642,0.282790,0.104725
32.4194,-0.060724,0.571437,0.610736,0.038360,0.952725,0.282657,0.104630
32.4292,-0.061850,0.571326,0.610481,0.037413,0.952814,0.282562,0.104421
32.4393,-0.063078,0.571202,0.610224,0.036419,0.952904,0.282452,0.104251
32.4493,-0.064388,0.571047,0.610025,0.035347,0.952983,0.282405,0.104023
32.4593,-0.065795,0.570896,0.609878,0.034196,0.953037,0.282443,0.103809
32.4694,-0.067209,0.570739,0.609731,0.033059,0.953104,0.282460,0.103516
32.4795,-0.068640,0.570571,0.609616,0.031907,0.953159,0.282497,0.103270
32.4894,-0.070132,0.570373,0.609538,0.030705,0.953209,0.282571,0.102970
32.4991,-0.071644,0.570186,0.609477,0.029520,0.953246,0.282686,0.102658
32.5094,-0.073122,0.570002,0.609409,0.028342,0.953301,0.282741,0.102328
32.5190,-0.074630,0.569796,0.609388,0.027164,0.953332,0.282864,0.102017
32.5292,-0.076108,0.569598,0.609371,0.026007,0.953371,0.282982,0.101633
32.5392,-0.077542,0.569402,0.609344,0.024887,0.953408,0.283069,0.101325
32.5494,-0.078943,0.569202,0.609375,0.023821,0.953424,0.283235,0.100957
32.5591,-0.080358,0.569003,0.609375,0.022746,0.953447,0.283366,0.100627
32.5696,-0.081665,0.568815,0.609362,0.021762,0.953476,0.283471,0.100271
32.5795,-0.082925,0.568636,0.609331,0.020812,0.953508,0.283543,0.099967
32.5894,-0.084189,0.568449,0.609340,0.019867,0.953529,0.283660,0.099617
32.5991,-0.085477,0.568261,0.609344,0.018898,0.953546,0.283793,0.099271
32.6095,-0.086658,0.568079,0.609330,0.018022,0.953575,0.283871,0.098933
32.6192,-0.087903,0.567896,0.609316,0.017068,0.953597,0.283972,0.098597
32.6294,-0.089152,0.567692,0.609315,0.016100,0.953620,0.284089,0.098198
32.6394,-0.090419,0.567502,0.609284,0.015137,0.953651,0.284159,0.097845
32.6492,-0.091694,0.567291,0.609301,0.014142,0.953665,0.284308,0.097427
32.6589,-0.093013,0.567078,0.609309,0.013090,0.953681,0.284435,0.097044
32.6692,-0.094288,0.566873,0.609286,0.012071,0.953714,0.284519,0.096611
32.6793,-0.095579,0.566672,0.609252,0.011028,0.953740,0.284594,0.096252
32.6891,-0.096975,0.566427,0.609254,0.009913,0.953757,0.284729,0.095806
32.6992,-0.098483,0.566173,0.609261,0.008692,0.953773,0.284867,0.095351
32.7091,-0.100016,0.565915,0.609217,0.007452,0.953806,0.284956,0.094867
32.7193,-0.101540,0.565645,0.609222,0.006237,0.953816,0.285096,0.094428
32.7291,-0.103063,0.565380,0.609210,0.005003,0.953836,0.285231,0.093894
32.7394,-0.104435,0.565114,0.609201,0.003909,0.953848,0.285345,0.093474
32.7492,-0.105787,0.564865,0.609195,0.002820,0.953865,0.285454,0.093006
32.7592,-0.107178,0.564608,0.609187,0.001737,0.953875,0.285579,0.092540
32.7696,-0.108457,0.564382,0.609159,0.000712,0.953893,0.285668,0.092098
32.7792,-0.109713,0.564132,0.609168,-0.000263,0.953894,0.285788,0.091708
32.7893,-0.111165,0.563840,0.609157,-0.001392,0.953901,0.285904,0.091267
32.7992,-0.112929,0.563516,0.609119,-0.002796,0.953915,0.286027,0.090704
32.8093,-0.114733,0.563159,0.609096,-0.004230,0.953923,0.286163,0.090137
32.8192,-0.116819,0.562730,0.609068,-0.005900,0.953921,0.286305,0.089612
32.8293,-0.119114,0.562266,0.609102,-0.007767,0.953906,0.286550,0.088837
32.8394,-0.121506,0.561756,0.609036,-0.009687,0.953914,0.286659,0.088213
32.8495,-0.124023,0.561211,0.609047,-0.011718,0.953891,0.286885,0.087477
32.8591,-0.126779,0.560602,0.609066,-0.013957,0.953852,0.287144,0.086715
32.8693,-0.129591,0.559960,0.609040,-0.016267,0.953832,0.287338,0.085887
32.8793,-0.132459,0.559308,0.609039,-0.018605,0.953793,0.287555,0.085123
32.8891,-0.135389,0.558634,0.609009,-0.021004,0.953753,0.287773,0.084271
32.8991,-0.138274,0.557949,0.609017,-0.023377,0.953686,0.288033,0.083512
32.9091,-0.141072,0.557291,0.608965,-0.025703,0.953645,0.288201,0.082713
32.9192,-0.143857,0.556606,0.608928,-0.028016,0.953585,0.288386,0.082008
32.9291,-0.146492,0.555977,0.608853,-0.030221,0.953542,0.288527,0.081219
32.9394,-0.148888,0.555384,0.608810,-0.032221,0.953474,0.288706,0.080611
32.9493,-0.151082,0.554823,0.608784,-0.034056,0.953414,0.288868,0.079980
32.9593,-0.153252,0.554235,0.608805,-0.035876,0.953325,0.289102,0.079398
32.9693,-0.155197,0.553720,0.608793,-0.037535,0.953265,0.289252,0.078810
32.9793,-0.156926,0.553274,0.608748,-0.038995,0.953213,0.289358,0.078338
32.9894,-0.158695,0.552773,0.608740,-0.040507,0.953150,0.289491,0.077844
32.9993,-0.160466,0.552291,0.608709,-0.041977,0.953087,0.289631,0.077313
33.0095,-0.162096,0.551833,0.608699,-0.043337,0.953027,0.289755,0.076838
33.0193,-0.163757,0.551354,0.608704,-0.044713,0.952952,0.289902,0.076420
33.0294,-0.165378,0.550887,0.608717,-0.046024,0.952881,0.290073,0.075876
33.0391,-0.166928,0.550436,0.608691,-0.047294,0.952821,0.290174,0.075461
33.0493,-0.168480,0.549970,0.608679,-0.048535,0.952764,0.290286,0.074967
33.0594,-0.170083,0.549498,0.608681,-0.049821,0.952690,0.290433,0.074485
33.0692,-0.171612,0.549044,0.608647,-0.051050,0.952639,0.290512,0.073999
33.0791,-0.173162,0.548587,0.608628,-0.052281,0.952571,0.290631,0.073548
33.0894,-0.174789,0.548081,0.608621,-0.053597,0.952503,0.290746,0.073022
33.0990,-0.176438,0.547585,0.608590,-0.054877,0.952431,0.290868,0.072529
33.1091,-0.178036,0.547066,0.608598,-0.056142,0.952359,0.290988,0.072021
33.1195,-0.179784,0.546500,0.608604,-0.057460,0.952269,0.291154,0.071499
33.1295,-0.181525,0.545962,0.608576,-0.058779,0.952197,0.291275,0.070887
33.1394,-0.183200,0.545421,0.608548,-0.059999,0.952119,0.291405,0.070373
33.1493,-0.184889,0.544860,0.608570,-0.061234,0.952027,0.291588,0.069801
33.1591,-0.186597,0.544306,0.608577,-0.062425,0.951924,0.291802,0.069248
33.1691,-0.188212,0.543796,0.608529,-0.063580,0.951853,0.291916,0.068685
33.1792,-0.189708,0.543338,0.608483,-0.064623,0.951778,0.292040,0.068228
33.1892,-0.191147,0.542895,0.608429,-0.065631,0.951707,0.292158,0.067750
33.1991,-0.192508,0.542506,0.608375,-0.066604,0.951629,0.292295,0.067309
33.2089,-0.193718,0.542159,0.608295,-0.067445,0.951573,0.292376,0.066903
33.2189,-0.194901,0.541816,0.608245,-0.068314,0.951501,0.292488,0.066563
33.2294,-0.196046,0.541505,0.608180,-0.069158,0.951439,0.292584,0.066151
33.2395,-0.197115,0.541237,0.608105,-0.069938,0.951380,0.292663,0.065820
33.2493,-0.198138,0.540990,0.608004,-0.070719,0.951334,0.292695,0.065506
33.2592,-0.199196,0.540740,0.607885,-0.071550,0.951279,0.292739,0.065208
33.2693,-0.200208,0.540514,0.607743,-0.072372,0.951245,0.292715,0.064905
33.2795,-0.201172,0.540326,0.607567,-0.073163,0.951213,0.292678,0.064656
33.2891,-0.202171,0.540134,0.607340,-0.073972,0.951203,0.292571,0.064359
33.2992,-0.203178,0.539954,0.607118,-0.074835,0.951181,0.292482,0.064097
33.3093,-0.204141,0.539782,0.606893,-0.075667,0.951168,0.292370,0.063833
33.3190,-0.205158,0.539597,0.606637,-0.076546,0.951158,0.292225,0.063592
33.3291,-0.206185,0.539407,0.606416,-0.077444,0.951139,0.292114,0.063291
33.3394,-0.207199,0.539226,0.606154,-0.078335,0.951129,0.291968,0.063023
33.3495,-0.208197,0.539057,0.605902,-0.079238,0.951113,0.291833,0.062760
33.3591,-0.209293,0.538833,0.605647,-0.080212,0.951094,0.291703,0.062419
33.3694,-0.210328,0.538622,0.605394,-0.081158,0.951078,0.291552,0.062135
33.3796,-0.211316,0.538441,0.605115,-0.082058,0.951072,0.291373,0.061888
33.3891,-0.212329,0.538229,0.604853,-0.083006,0.951057,0.291215,0.061592
33.3989,-0.213324,0.538002,0.604593,-0.083933,0.951042,0.291056,0.061318
33.4093,-0.214235,0.537812,0.604320,-0.084778,0.951036,0.290886,0.061063
33.4192,-0.215129,0.537630,0.604026,-0.085622,0.951032,0.290694,0.060869
33.4289,-0.215996,0.537435,0.603720,-0.086445,0.951038,0.290482,0.060607
33.4394,-0.216810,0.537239,0.603369,-0.087213,0.951059,0.290220,0.060441
33.4493,-0.217630,0.537062,0.602972,-0.088020,0.951091,0.289914,0.060237
33.4591,-0.218465,0.536838,0.602528,-0.088828,0.951126,0.289589,0.060061
33.4692,-0.219276,0.536627,0.602029,-0.089662,0.951186,0.289175,0.059869
33.4790,-0.220094,0.536399,0.601428,-0.090490,0.951263,0.288696,0.059702
33.4894,-0.220891,0.536174,0.600779,-0.091270,0.951364,0.288158,0.059514
33.4992,-0.221699,0.535937,0.600042,-0.092074,0.951480,0.287550,0.059366
33.5090,-0.222433,0.535725,0.599249,-0.092825,0.951621,0.286872,0.059212
33.5191,-0.223174,0.535483,0.598416,-0.093574,0.951761,0.286183,0.059104
33.5294,-0.223917,0.535257,0.597526,-0.094332,0.951927,0.285415,0.058954
33.5392,-0.224623,0.535040,0.596593,-0.095068,0.952096,0.284624,0.058859
33.5491,-0.225300,0.534841,0.595671,-0.095774,0.952268,0.283836,0.058737
33.5591,-0.226005,0.534630,0.594662,-0.096534,0.952447,0.282991,0.058669
33.5693,-0.226671,0.534469,0.593646,-0.097251,0.952640,0.282120,0.058556
33.5792,-0.227282,0.534315,0.592652,-0.097888,0.952822,0.281296,0.058487
33.5891,-0.227913,0.534166,0.591680,-0.098561,0.952995,0.280491,0.058404
33.5993,-0.228511,0.534044,0.590675,-0.099205,0.953179,0.279650,0.058343
33.6093,-0.229069,0.533912,0.589797,-0.099808,0.953336,0.278917,0.058262
33.6192,-0.229604,0.533819,0.588930,-0.100363,0.953481,0.278230,0.058213
33.6294,-0.230104,0.533724,0.588090,-0.100906,0.953623,0.277560,0.058152
33.6391,-0.230566,0.533658,0.587237,-0.101392,0.953762,0.276911,0.058113
33.6492,-0.230989,0.533593,0.586484,-0.101835,0.953881,0.276349,0.058070
33.6593,-0.231396,0.533564,0.585714,-0.102261,0.953977,0.275869,0.058025
33.6693,-0.231756,0.533554,0.584952,-0.102665,0.954074,0.275388,0.057994
33.6791,-0.232108,0.533558,0.584196,-0.103049,0.954148,0.274994,0.057963
33.6891,-0.232432,0.533618,0.583456,-0.103388,0.954206,0.274672,0.057945
33.6991,-0.232762,0.533754,0.582656,-0.103724,0.954249,0.274401,0.057911
33.7094,-0.233074,0.533948,0.581839,-0.104040,0.954279,0.274180,0.057892
33.7194,-0.233407,0.534313,0.580882,-0.104327,0.954310,0.273970,0.057872
33.7293,-0.233775,0.534741,0.579921,-0.104627,0.954328,0.273799,0.057844
33.7391,-0.234163,0.535378,0.578751,-0.104909,0.954370,0.273550,0.057812
33.7493,-0.234622,0.536136,0.577506,-0.105232,0.954412,0.273290,0.057754
33.7592,-0.235147,0.537122,0.576017,-0.105594,0.954471,0.272949,0.057744
33.7691,-0.235756,0.538153,0.574498,-0.105994,0.954532,0.272593,0.057673
33.7793,-0.236421,0.539306,0.572852,-0.106476,0.954605,0.272166,0.057602
33.7891,-0.237114,0.540522,0.571167,-0.106948,0.954673,0.271755,0.057544
33.7991,-0.237914,0.541752,0.569408,-0.107554,0.954745,0.271287,0.057429
33.8091,-0.238732,0.542916,0.567732,-0.108161,0.954799,0.270873,0.057341
33.8190,-0.239591,0.544028,0.566141,-0.108812,0.954820,0.270558,0.057249
33.8290,-0.240495,0.544974,0.564797,-0.109516,0.954774,0.270465,0.057117
33.8391,-0.241463,0.545812,0.563530,-0.110283,0.954719,0.270374,0.056990
33.8493,-0.242442,0.546491,0.562472,-0.111103,0.954612,0.270449,0.056829
33.8592,-0.243429,0.547047,0.561611,-0.111949,0.954436,0.270753,0.056679
33.8694,-0.244436,0.547455,0.560934,-0.112801,0.954218,0.271216,0.056448
33.8793,-0.245431,0.547754,0.560406,-0.113662,0.953962,0.271802,0.056223
33.8894,-0.246396,0.547947,0.560040,-0.114507,0.953663,0.272551,0.055957
33.8991,-0.247338,0.548073,0.559824,-0.115292,0.953319,0.273476,0.055686
33.9092,-0.248212,0.548129,0.559752,-0.116047,0.952947,0.274510,0.055412
33.9190,-0.249033,0.548178,0.559722,-0.116706,0.952564,0.275610,0.055149
33.9294,-0.249796,0.548237,0.559709,-0.117333,0.952182,0.276715,0.054867
33.9391,-0.250466,0.548303,0.559731,-0.117888,0.951810,0.277806,0.054629
33.9492,-0.251074,0.548448,0.559669,-0.118377,0.951473,0.278792,0.054408
33.9592,-0.251609,0.548726,0.559450,-0.118814,0.951191,0.279594,0.054281
33.9692,-0.252154,0.549055,0.559055,-0.119249,0.950982,0.280153,0.054105
33.9793,-0.252655,0.549505,0.558509,-0.119639,0.950837,0.280503,0.053976
33.9892,-0.253139,0.550175,0.557624,-0.120028,0.950782,0.280530,0.053940
33.9992,-0.253670,0.551031,0.556429,-0.120424,0.950816,0.280247,0.053925
34.0091,-0.254237,0.551970,0.555005,-0.120849,0.950924,0.279700,0.053921
34.0193,-0.254823,0.553061,0.553373,-0.121276,0.951086,0.278963,0.053920
34.0292,-0.255372,0.554185,0.551662,-0.121663,0.951278,0.278122,0.053995
34.0394,-0.255976,0.555406,0.549709,-0.122111,0.951554,0.276976,0.054026
34.0493,-0.256539,0.556638,0.547732,-0.122517,0.951839,0.275798,0.054114
34.0590,-0.257074,0.557933,0.545645,-0.122904,0.952159,0.274500,0.054209
34.0693,-0.257549,0.559124,0.543747,-0.123236,0.952431,0.273384,0.054315
34.0794,-0.258012,0.560250,0.541884,-0.123594,0.952704,0.272251,0.054399
34.0891,-0.258438,0.561247,0.540232,-0.123910,0.952931,0.271294,0.054481
34.0993,-0.258856,0.562129,0.538754,-0.124228,0.953112,0.270500,0.054535
34.1092,-0.259286,0.562838,0.537484,-0.124536,0.953250,0.269869,0.054558
34.1192,-0.259783,0.563437,0.536387,-0.124862,0.953323,0.269462,0.054536
34.1290,-0.260354,0.563912,0.535496,-0.125244,0.953344,0.269230,0.054440
34.1393,-0.260976,0.564269,0.534751,-0.125674,0.953308,0.269174,0.054357
34.1491,-0.261688,0.564551,0.534141,-0.126152,0.953223,0.269280,0.054226
34.1593,-0.262565,0.564778,0.533503,-0.126755,0.953109,0.269433,0.054055
34.1691,-0.263503,0.564957,0.532945,-0.127400,0.952972,0.269663,0.053810
34.1794,-0.264496,0.565097,0.532412,-0.128099,0.952811,0.269943,0.053604
34.1893,-0.265526,0.565292,0.531821,-0.128806,0.952645,0.270240,0.053360
34.1990,-0.266597,0.565567,0.531108,-0.129537,0.952492,0.270467,0.053172
34.2094,-0.267631,0.565856,0.530422,-0.130227,0.952348,0.270687,0.052946
34.2192,-0.268642,0.566247,0.529591,-0.130895,0.952226,0.270830,0.052767
34.2294,-0.269551,0.566707,0.528786,-0.131473,0.952101,0.271019,0.052600
34.2392,-0.270447,0.567260,0.527889,-0.132010,0.952004,0.271127,0.052461
34.2493,-0.271231,0.567846,0.527025,-0.132463,0.951918,0.271232,0.052341
34.2591,-0.271937,0.568536,0.526140,-0.132835,0.951829,0.271382,0.052237
34.2694,-0.272536,0.569249,0.525319,-0.133121,0.951751,0.271527,0.052176
34.2793,-0.273092,0.570000,0.524527,-0.133359,0.951669,0.271716,0.052077
34.2892,-0.273527,0.570817,0.523706,-0.133491,0.951609,0.271868,0.052045
34.2991,-0.273927,0.571632,0.522968,-0.133611,0.951532,0.272081,0.052026
34.3090,-0.274256,0.572421,0.522289,-0.133681,0.951455,0.272321,0.052008
34.3190,-0.274551,0.573272,0.521510,-0.133745,0.951391,0.272516,0.051987
34.3293,-0.274802,0.574102,0.520812,-0.133797,0.951299,0.272809,0.052000
34.3392,-0.275023,0.574936,0.520066,-0.133832,0.951226,0.273044,0.052010
34.3490,-0.275197,0.575765,0.519353,-0.133828,0.951139,0.273345,0.052023
34.3591,-0.275425,0.576596,0.518557,-0.133878,0.951042,0.273660,0.052027
34.3691,-0.275626,0.577411,0.517758,-0.133924,0.950944,0.273976,0.052025
34.3793,-0.275822,0.578170,0.516974,-0.133999,0.950840,0.274299,0.052035
34.3891,-0.276018,0.578901,0.516211,-0.134079,0.950720,0.274680,0.052021
34.3992,-0.276182,0.579627,0.515483,-0.134152,0.950577,0.275134,0.052043
34.4094,-0.276361,0.580278,0.514814,-0.134250,0.950414,0.275648,0.052042
34.4191,-0.276495,0.580916,0.514193,-0.134316,0.950237,0.276227,0.052032
34.4291,-0.276627,0.581498,0.513655,-0.134398,0.950036,0.276884,0.052012
34.4393,-0.276752,0.582058,0.513206,-0.134463,0.949814,0.277615,0.051992
34.4493,-0.276831,0.582609,0.512748,-0.134518,0.949600,0.278318,0.051996
34.4592,-0.276926,0.583175,0.512273,-0.134581,0.949389,0.279015,0.051965
34.4693,-0.277012,0.583695,0.511866,-0.134639,0.949173,0.279721,0.051956
34.4790,-0.277065,0.584234,0.511431,-0.134676,0.948979,0.280359,0.051962
34.4891,-0.277146,0.584778,0.510964,-0.134719,0.948784,0.280997,0.051955
34.4992,-0.277237,0.585315,0.510509,-0.134758,0.948590,0.281632,0.051962
34.5093,-0.277323,0.585867,0.509992,-0.134808,0.948416,0.282189,0.051990
34.5193,-0.277422,0.586473,0.509416,-0.134864,0.948251,0.282710,0.052026
34.5295,-0.277527,0.587094,0.508785,-0.134899,0.948099,0.283197,0.052064
34.5393,-0.277638,0.587736,0.508081,-0.134929,0.947984,0.283560,0.052102
34.5492,-0.277741,0.588412,0.507309,-0.134965,0.947895,0.283824,0.052183
34.5595,-0.277874,0.589141,0.506442,-0.135004,0.947832,0.284007,0.052244
34.5692,-0.277980,0.589897,0.505545,-0.135020,0.947793,0.284112,0.052321
34.5793,-0.278122,0.590620,0.504610,-0.135075,0.947779,0.284121,0.052386
34.5894,-0.278198,0.591357,0.503682,-0.135050,0.947793,0.284070,0.052478
34.5991,-0.278308,0.592111,0.502673,-0.135099,0.947826,0.283922,0.052566
34.6092,-0.278379,0.592836,0.501721,-0.135076,0.947866,0.283782,0.052650
34.6194,-0.278424,0.593549,0.500827,-0.135038,0.947901,0.283669,0.052717
34.6294,-0.278430,0.594243,0.499979,-0.134952,0.947945,0.283544,0.052823
34.6391,-0.278413,0.594914,0.499145,-0.134869,0.947996,0.283402,0.052894
34.6495,-0.278342,0.595522,0.498439,-0.134737,0.948042,0.283291,0.052991
34.6592,-0.278242,0.596122,0.497762,-0.134577,0.948100,0.283157,0.053078
34.6691,-0.278092,0.596659,0.497183,-0.134402,0.948147,0.283064,0.053175
34.6792,-0.277917,0.597157,0.496672,-0.134211,0.948202,0.282955,0.053262
34.6894,-0.277730,0.597605,0.496238,-0.134046,0.948248,0.282856,0.053385
34.6991,-0.277537,0.597999,0.495868,-0.133889,0.948291,0.282769,0.053476
34.7090,-0.277334,0.598359,0.495609,-0.133718,0.948317,0.282746,0.053565
34.7194,-0.277137,0.598705,0.495347,-0.133594,0.948340,0.282709,0.053654
34.7290,-0.276906,0.599041,0.495162,-0.133394,0.948355,0.282737,0.053748
34.7390,-0.276715,0.599350,0.495010,-0.133248,0.948350,0.282806,0.053833
34.7492,-0.276504,0.599669,0.494837,-0.133085,0.948354,0.282855,0.053911
34.7591,-0.276291,0.600048,0.494645,-0.132903,0.948347,0.282948,0.053992
34.7690,-0.276134,0.600389,0.494440,-0.132780,0.948333,0.283038,0.054068
34.7791,-0.275971,0.600788,0.494134,-0.132644,0.948343,0.283057,0.054122
34.7895,-0.275806,0.601252,0.493754,-0.132471,0.948357,0.283077,0.054199
34.7991,-0.275687,0.601783,0.493209,-0.132328,0.948396,0.283000,0.054265
34.8090,-0.275619,0.602331,0.492568,-0.132220,0.948447,0.282864,0.054346
34.8191,-0.275530,0.602989,0.491728,-0.132120,0.948531,0.282614,0.054435
34.8291,-0.275478,0.603712,0.490728,-0.132015,0.948649,0.282243,0.054547
34.8391,-0.275462,0.604489,0.489558,-0.131930,0.948793,0.281783,0.054636
34.8493,-0.275462,0.605280,0.488303,-0.131899,0.948948,0.281249,0.054769
34.8592,-0.275441,0.606138,0.486862,-0.131873,0.949153,0.280541,0.054909
34.8693,-0.275482,0.606952,0.485399,-0.131927,0.949354,0.279805,0.055057
34.8794,-0.275536,0.607769,0.483827,-0.132022,0.949598,0.278903,0.055190
34.8893,-0.275559,0.608577,0.482224,-0.132147,0.949849,0.277949,0.055385
34.8991,-0.275615,0.609332,0.480683,-0.132390,0.950085,0.276986,0.055590
34.9090,-0.275662,0.610048,0.479149,-0.132755,0.950322,0.275952,0.055812
34.9190,-0.275726,0.610745,0.477543,-0.133318,0.950560,0.274806,0.056074
34.9291,-0.275798,0.611395,0.475998,-0.134042,0.950770,0.273663,0.056378
34.9391,-0.275862,0.612017,0.474395,-0.135004,0.950976,0.272391,0.056751
34.9496,-0.275919,0.612585,0.472849,-0.136151,0.951150,0.271121,0.057182
34.9591,-0.276018,0.613094,0.471280,-0.137590,0.951294,0.269790,0.057635
34.9691,-0.276102,0.613538,0.469760,-0.139162,0.951410,0.268471,0.058106
34.9794,-0.276204,0.613904,0.468338,-0.140828,0.951493,0.267201,0.058584
34.9894,-0.276260,0.614213,0.467055,-0.142450,0.951550,0.266029,0.059072
34.9993,-0.276319,0.614466,0.465866,-0.144121,0.951583,0.264909,0.059520
35.0093,-0.276337,0.614674,0.464799,-0.145673,0.951610,0.263859,0.059962
35.0192,-0.276296,0.614830,0.463896,-0.147104,0.951617,0.262947,0.060368
35.0290,-0.276255,0.614945,0.463013,-0.148379,0.951649,0.262028,0.060743
35.0393,-0.276194,0.615028,0.462226,-0.149530,0.951680,0.261185,0.061055
35.0494,-0.276101,0.615070,0.461475,-0.150484,0.951739,0.260358,0.061337
35.0591,-0.276007,0.615088,0.460771,-0.151272,0.951807,0.259596,0.061560
35.0692,-0.275881,0.615080,0.460087,-0.151862,0.951912,0.258820,0.061761
35.0790,-0.275752,0.615070,0.459404,-0.152359,0.952025,0.258072,0.061921
35.0892,-0.275625,0.615020,0.458827,-0.152697,0.952143,0.257401,0.062061
35.0991,-0.275484,0.614959,0.458213,-0.152892,0.952298,0.256690,0.062152
35.1094,-0.275364,0.614886,0.457614,-0.153004,0.952462,0.255999,0.062214
35.1191,-0.275241,0.614810,0.457055,-0.153054,0.952624,0.255354,0.062262
35.1293,-0.275097,0.614741,0.456494,-0.153035,0.952799,0.254696,0.062330
35.1389,-0.274979,0.614676,0.455941,-0.153020,0.952967,0.254061,0.062379
35.1494,-0.274878,0.614615,0.455417,-0.153038,0.953130,0.253434,0.062397
35.1590,-0.274776,0.614543,0.454859,-0.153053,0.953298,0.252782,0.062449
35.1693,-0.274678,0.614481,0.454348,-0.153079,0.953449,0.252177,0.062512
35.1791,-0.274603,0.614445,0.453822,-0.153095,0.953594,0.251610,0.062553
35.1890,-0.274525,0.614446,0.453209,-0.153160,0.953752,0.250959,0.062596
35.1992,-0.274446,0.614457,0.452513,-0.153187,0.953927,0.250263,0.062658
35.2094,-0.274384,0.614476,0.451770,-0.153245,0.954108,0.249520,0.062725
35.2192,-0.274328,0.614557,0.450883,-0.153319,0.954305,0.248706,0.062782
35.2290,-0.274262,0.614657,0.449943,-0.153381,0.954512,0.247846,0.062880
35.2392,-0.274217,0.614815,0.448891,-0.153461,0.954731,0.246933,0.062954
35.2492,-0.274176,0.615006,0.447757,-0.153547,0.954964,0.245951,0.063056
35.2591,-0.274170,0.615242,0.446543,-0.153642,0.955203,0.244936,0.063145
35.2689,-0.274206,0.615495,0.445301,-0.153767,0.955440,0.243907,0.063240
35.2792,-0.274269,0.615757,0.444008,-0.153918,0.955680,0.242849,0.063320
35.2889,-0.274327,0.616035,0.442742,-0.154057,0.955916,0.241801,0.063427
35.2991,-0.274415,0.616312,0.441461,-0.154208,0.956157,0.240726,0.063517
35.3093,-0.274501,0.616569,0.440268,-0.154356,0.956389,0.239697,0.063564
35.3192,-0.274591,0.616817,0.439099,-0.154523,0.956615,0.238664,0.063646
35.3291,-0.274681,0.617018,0.438005,-0.154670,0.956837,0.237661,0.063694
35.3391,-0.274746,0.617211,0.437020,-0.154812,0.957041,0.236737,0.063735
35.3493,-0.274805,0.617356,0.436073,-0.154936,0.957251,0.235792,0.063782
35.3595,-0.274837,0.617488,0.435124,-0.155074,0.957458,0.234852,0.063797
35.3695,-0.274884,0.617549,0.434249,-0.155224,0.957655,0.233946,0.063805
35.3789,-0.274913,0.617589,0.433401,-0.155348,0.957850,0.233068,0.063799
35.3889,-0.274946,0.617574,0.432521,-0.155502,0.958044,0.232160,0.063809
35.3991,-0.274929,0.617499,0.431610,-0.155638,0.958256,0.231198,0.063790
35.4089,-0.274934,0.617391,0.430682,-0.155803,0.958463,0.230241,0.063747
35.4189,-0.274922,0.617245,0.429720,-0.155947,0.958676,0.229266,0.063709
35.4293,-0.274897,0.617045,0.428707,-0.156083,0.958898,0.228249,0.063671
35.4391,-0.274893,0.616820,0.427656,-0.156279,0.959123,0.227189,0.063598
35.4492,-0.274859,0.616576,0.426525,-0.156430,0.959366,0.226067,0.063570
35.4591,-0.274818,0.616253,0.425280,-0.156617,0.959622,0.224853,0.063550
35.4690,-0.274773,0.615906,0.423899,-0.156818,0.959906,0.223495,0.063545
35.4791,-0.274724,0.615508,0.422438,-0.157036,0.960195,0.222095,0.063555
35.4893,-0.274684,0.615067,0.420874,-0.157268,0.960505,0.220584,0.063551
35.4990,-0.274613,0.614615,0.419182,-0.157514,0.960825,0.218988,0.063629
35.5091,-0.274531,0.614150,0.417448,-0.157727,0.961166,0.217323,0.063665
35.5195,-0.274445,0.613649,0.415634,-0.157965,0.961511,0.215600,0.063718
35.5292,-0.274334,0.613135,0.413795,-0.158183,0.961867,0.213821,0.063803
35.5390,-0.274229,0.612646,0.412027,-0.158408,0.962193,0.212149,0.063912
35.5495,-0.274094,0.612160,0.410271,-0.158583,0.962528,0.210459,0.064012
35.5591,-0.273977,0.611649,0.408505,-0.158784,0.962850,0.208788,0.064142
35.5692,-0.273845,0.611144,0.406761,-0.158998,0.963177,0.207081,0.064241
35.5791,-0.273734,0.610676,0.405150,-0.159171,0.963470,0.205549,0.064347
35.5893,-0.273603,0.610201,0.403530,-0.159337,0.963762,0.204015,0.064442
35.5992,-0.273508,0.609653,0.401785,-0.159551,0.964073,0.202328,0.064571
35.6094,-0.273362,0.609135,0.400012,-0.159762,0.964387,0.200623,0.064685
35.6193,-0.273224,0.608620,0.398361,-0.159926,0.964677,0.199061,0.064782
35.6295,-0.273098,0.608140,0.396761,-0.160106,0.964957,0.197509,0.064913
35.6392,-0.273012,0.607711,0.395324,-0.160266,0.965196,0.196179,0.065005
35.6491,-0.272902,0.607309,0.394051,-0.160415,0.965414,0.194955,0.065074
35.6592,-0.272803,0.606914,0.392867,-0.160516,0.965610,0.193870,0.065160
35.6693,-0.272712,0.606535,0.391727,-0.160654,0.965796,0.192805,0.065221
35.6794,-0.272648,0.606162,0.390601,-0.160797,0.965976,0.191758,0.065300
35.6892,-0.272531,0.605768,0.389426,-0.160910,0.966169,0.190660,0.065380
35.6993,-0.272416,0.605322,0.388130,-0.161023,0.966375,0.189475,0.065497
35.7094,-0.272292,0.604853,0.386667,-0.161181,0.966607,0.188121,0.065595
35.7192,-0.272159,0.604322,0.385091,-0.161339,0.966849,0.186693,0.065718
35.7293,-0.272004,0.603774,0.383421,-0.161490,0.967107,0.185161,0.065878
35.7391,-0.271859,0.603209,0.381745,-0.161660,0.967354,0.183671,0.066011
35.7495,-0.271665,0.602678,0.380105,-0.161769,0.967600,0.182220,0.066161
35.7591,-0.271465,0.602120,0.378455,-0.161892,0.967839,0.180777,0.066319
35.7694,-0.271273,0.601551,0.376803,-0.162008,0.968085,0.179302,0.066447
35.7794,-0.271087,0.601039,0.375257,-0.162130,0.968307,0.177950,0.066553
35.7891,-0.270902,0.600537,0.373780,-0.162224,0.968526,0.176630,0.066657
35.7990,-0.270691,0.600057,0.372367,-0.162280,0.968733,0.175391,0.066779
35.8096,-0.270475,0.599611,0.371024,-0.162342,0.968933,0.174181,0.066889
35.8192,-0.270247,0.599179,0.369729,-0.162397,0.969121,0.173039,0.066999
35.8292,-0.269999,0.598757,0.368437,-0.162409,0.969320,0.171874,0.067093
35.8392,-0.269736,0.598334,0.367141,-0.162420,0.969517,0.170712,0.067192
35.8491,-0.269428,0.597929,0.365849,-0.162398,0.969720,0.169526,0.067313
35.8593,-0.269029,0.597561,0.364578,-0.162293,0.969933,0.168358,0.067435
35.8692,-0.268615,0.597221,0.363316,-0.162191,0.970147,0.167174,0.067547
35.8792,-0.268128,0.596953,0.362137,-0.161990,0.970358,0.166095,0.067652
35.8890,-0.267602,0.596697,0.360998,-0.161771,0.970571,0.165007,0.067787
35.8991,-0.267013,0.596489,0.359923,-0.161487,0.970777,0.164017,0.067921
35.9094,-0.266387,0.596336,0.358936,-0.161174,0.970974,0.163089,0.068072
35.9192,-0.265714,0.596224,0.358016,-0.160818,0.971166,0.162242,0.068198
35.9293,-0.265075,0.596120,0.357125,-0.160499,0.971347,0.161407,0.068352
35.9394,-0.264416,0.596040,0.356277,-0.160134,0.971530,0.160621,0.068467
35.9493,-0.263783,0.595973,0.355502,-0.159794,0.971698,0.159883,0.068599
35.9591,-0.263183,0.595898,0.354734,-0.159486,0.971857,0.159174,0.068710
35.9694,-0.262645,0.595822,0.354009,-0.159198,0.972009,0.158488,0.068822
35.9792,-0.262135,0.595744,0.353317,-0.158960,0.972147,0.157834,0.068925
35.9894,-0.261677,0.595633,0.352668,-0.158721,0.972280,0.157207,0.069024
35.9992,-0.261261,0.595513,0.352005,-0.158519,0.972411,0.156569,0.069097
36.0091,-0.260888,0.595365,0.351312,-0.158356,0.972540,0.155888,0.069197
36.0193,-0.260532,0.595206,0.350621,-0.158226,0.972664,0.155217,0.069268
36.0291,-0.260236,0.595005,0.349898,-0.158143,0.972788,0.154490,0.069340
36.0393,-0.259930,0.594805,0.349188,-0.158047,0.972911,0.153780,0.069401
36.0493,-0.259643,0.594601,0.348481,-0.157986,0.973028,0.153064,0.069492
36.0594,-0.259382,0.594398,0.347780,-0.157912,0.973142,0.152379,0.069558
36.0693,-0.259086,0.594200,0.347114,-0.157837,0.973258,0.151683,0.069634
36.0792,-0.258797,0.594045,0.346469,-0.157778,0.973358,0.151056,0.069724
36.0891,-0.258488,0.593889,0.345889,-0.157695,0.973461,0.150444,0.069798
36.0991,-0.258149,0.593780,0.345311,-0.157597,0.973561,0.149862,0.069880
36.1092,-0.257798,0.593676,0.344818,-0.157509,0.973650,0.149336,0.069963
36.1189,-0.257385,0.593613,0.344298,-0.157363,0.973750,0.148804,0.070042
36.1294,-0.256941,0.593561,0.343779,-0.157231,0.973848,0.148252,0.070136
36.1392,-0.256483,0.593523,0.343277,-0.157134,0.973939,0.147717,0.070228
36.1493,-0.255988,0.593499,0.342749,-0.157045,0.974033,0.147149,0.070311
36.1593,-0.255423,0.593475,0.342221,-0.156985,0.974122,0.146569,0.070428
36.1693,-0.254881,0.593430,0.341664,-0.157007,0.974203,0.145945,0.070549
36.1792,-0.254339,0.593409,0.341063,-0.157073,0.974284,0.145287,0.070639
36.1891,-0.253788,0.593368,0.340527,-0.157167,0.974345,0.144700,0.070792
36.1992,-0.253280,0.593320,0.339944,-0.157349,0.974399,0.144091,0.070897
36.2093,-0.252790,0.593270,0.339423,-0.157573,0.974432,0.143552,0.071033
36.2191,-0.252366,0.593199,0.338896,-0.157862,0.974455,0.143018,0.071150
36.2294,-0.251965,0.593122,0.338414,-0.158156,0.974474,0.142510,0.071253
36.2392,-0.251618,0.593035,0.337909,-0.158472,0.974489,0.142008,0.071355
36.2491,-0.251330,0.592921,0.337412,-0.158830,0.974493,0.141519,0.071474
36.2592,-0.251034,0.592837,0.336993,-0.159136,0.974493,0.141123,0.071571
36.2690,-0.250814,0.592725,0.336578,-0.159396,0.974502,0.140737,0.071635
36.2791,-0.250597,0.592637,0.336174,-0.159666,0.974509,0.140345,0.071709
36.2893,-0.250405,0.592540,0.335824,-0.159870,0.974519,0.140018,0.071762
36.2995,-0.250241,0.592441,0.335483,-0.160050,0.974528,0.139711,0.071829
36.3091,-0.250075,0.592362,0.335169,-0.160171,0.974548,0.139419,0.071857
36.3194,-0.249914,0.592259,0.334854,-0.160247,0.974576,0.139123,0.071889
36.3292,-0.249781,0.592149,0.334518,-0.160333,0.974606,0.138789,0.071931
36.3392,-0.249668,0.592056,0.334222,-0.160392,0.974636,0.138515,0.071927
36.3491,-0.249553,0.591941,0.333896,-0.160435,0.974670,0.138195,0.071973
36.3591,-0.249437,0.591830,0.333565,-0.160454,0.974711,0.137875,0.072001
36.3694,-0.249341,0.591711,0.333249,-0.160516,0.974743,0.137559,0.072023
36.3794,-0.249196,0.591622,0.332932,-0.160518,0.974787,0.137244,0.072037
36.3892,-0.249079,0.591505,0.332611,-0.160577,0.974820,0.136911,0.072081
36.3991,-0.248947,0.591397,0.332284,-0.160636,0.974855,0.136579,0.072113
36.4093,-0.248834,0.591282,0.331961,-0.160716,0.974888,0.136231,0.072146
36.4193,-0.248705,0.591180,0.331669,-0.160765,0.974917,0.135945,0.072178
36.4294,-0.248586,0.591071,0.331354,-0.160871,0.974942,0.135616,0.072232
36.4391,-0.248490,0.590938,0.331044,-0.160959,0.974968,0.135304,0.072262
36.4495,-0.248372,0.590832,0.330723,-0.161041,0.974996,0.134966,0.072340
36.4591,-0.248265,0.590728,0.330413,-0.161107,0.975023,0.134660,0.072395
36.4692,-0.248165,0.590635,0.330129,-0.161167,0.975046,0.134395,0.072441
36.4797,-0.248049,0.590559,0.329886,-0.161209,0.975065,0.134177,0.072500
36.4891,-0.247919,0.590504,0.329671,-0.161216,0.975084,0.133992,0.072566
36.4988,-0.247770,0.590467,0.329503,-0.161179,0.975106,0.133840,0.072632
36.5090,-0.247620,0.590456,0.329372,-0.161145,0.975125,0.133721,0.072682
36.5191,-0.247458,0.590478,0.329267,-0.161083,0.975139,0.133648,0.072756
36.5294,-0.247274,0.590514,0.329204,-0.160988,0.975160,0.133589,0.072804
36.5393,-0.247117,0.590562,0.329171,-0.160928,0.975167,0.133587,0.072844
36.5495,-0.246920,0.590651,0.329154,-0.160820,0.975182,0.133567,0.072910
36.5593,-0.246684,0.590770,0.329199,-0.160691,0.975188,0.133655,0.072954
36.5692,-0.246462,0.590881,0.329249,-0.160566,0.975198,0.133703,0.073018
36.5793,-0.246245,0.590992,0.329312,-0.160439,0.975207,0.133756,0.073079
36.5892,-0.246011,0.591121,0.329364,-0.160294,0.975219,0.133813,0.073131
36.5992,-0.245797,0.591254,0.329439,-0.160187,0.975224,0.133890,0.073157
36.6094,-0.245582,0.591379,0.329529,-0.160045,0.975233,0.133968,0.073208
36.6193,-0.245387,0.591499,0.329601,-0.159920,0.975237,0.134057,0.073267
36.6292,-0.245213,0.591606,0.329637,-0.159822,0.975244,0.134095,0.073309
36.6394,-0.245055,0.591707,0.329725,-0.159704,0.975250,0.134180,0.073337
36.6496,-0.244935,0.591789,0.329793,-0.159613,0.975251,0.134262,0.073366
36.6590,-0.244817,0.591857,0.329846,-0.159542,0.975252,0.134324,0.073398
36.6691,-0.244711,0.591928,0.329917,-0.159439,0.975254,0.134424,0.073408
36.6792,-0.244643,0.591992,0.329951,-0.159410,0.975248,0.134497,0.073424
36.6892,-0.244556,0.592050,0.330011,-0.159326,0.975244,0.134609,0.073443
36.6990,-0.244508,0.592083,0.330048,-0.159296,0.975240,0.134670,0.073451
36.7093,-0.244464,0.592116,0.330098,-0.159259,0.975233,0.134757,0.073474
36.7191,-0.244449,0.592116,0.330148,-0.159247,0.975222,0.134838,0.073492
36.7292,-0.244433,0.592121,0.330215,-0.159231,0.975213,0.134925,0.073491
36.7391,-0.244438,0.592121,0.330262,-0.159226,0.975203,0.135004,0.073483
36.7492,-0.244434,0.592112,0.330340,-0.159199,0.975193,0.135108,0.073487
36.7594,-0.244431,0.592107,0.330396,-0.159181,0.975185,0.135184,0.073492
36.7694,-0.244405,0.592101,0.330438,-0.159127,0.975185,0.135239,0.073501
36.7790,-0.244422,0.592097,0.330519,-0.159108,0.975176,0.135340,0.073475
36.7892,-0.244406,0.592091,0.330550,-0.159060,0.975179,0.135374,0.073480
36.7992,-0.244401,0.592096,0.330617,-0.159025,0.975173,0.135460,0.073478
36.8091,-0.244388,0.592101,0.330643,-0.158970,0.975176,0.135495,0.073489
36.8191,-0.244389,0.592095,0.330713,-0.158938,0.975172,0.135575,0.073473
36.8290,-0.244385,0.592107,0.330751,-0.158907,0.975172,0.135611,0.073472
36.8393,-0.244386,0.592120,0.330804,-0.158877,0.975167,0.135681,0.073474
36.8492,-0.244384,0.592149,0.330881,-0.158849,0.975157,0.135777,0.073484
36.8594,-0.244372,0.592177,0.330971,-0.158823,0.975153,0.135847,0.073472
36.8695,-0.244382,0.592214,0.331040,-0.158803,0.975147,0.135922,0.073452
36.8790,-0.244367,0.592254,0.331126,-0.158793,0.975134,0.136022,0.073465
36.8892,-0.244356,0.592280,0.331186,-0.158770,0.975130,0.136068,0.073472
36.8992,-0.244337,0.592308,0.331261,-0.158747,0.975126,0.136131,0.073470
36.9095,-0.244339,0.592333,0.331334,-0.158745,0.975118,0.136195,0.073459
36.9191,-0.244325,0.592355,0.331377,-0.158728,0.975116,0.136222,0.073473
36.9293,-0.244295,0.592385,0.331425,-0.158731,0.975111,0.136245,0.073484
36.9392,-0.244295,0.592387,0.331478,-0.158741,0.975104,0.136293,0.073473
36.9494,-0.244290,0.592400,0.331542,-0.158749,0.975094,0.136349,0.073481
36.9592,-0.244248,0.592426,0.331564,-0.158741,0.975091,0.136362,0.073514
36.9694,-0.244246,0.592426,0.331601,-0.158769,0.975087,0.136372,0.073490
36.9791,-0.244232,0.592426,0.331644,-0.158758,0.975086,0.136385,0.073504
36.9892,-0.244196,0.592447,0.331644,-0.158746,0.975089,0.136375,0.073508
36.9993,-0.244167,0.592473,0.331714,-0.158738,0.975081,0.136433,0.073518
37.0092,-0.244120,0.592498,0.331767,-0.158715,0.975083,0.136440,0.073536
37.0193,-0.244094,0.592527,0.331850,-0.158701,0.975077,0.136499,0.073537
37.0292,-0.244021,0.592586,0.331915,-0.158649,0.975077,0.136549,0.073555
37.0389,-0.243955,0.592639,0.332027,-0.158601,0.975070,0.136639,0.073584
37.0494,-0.243854,0.592702,0.332095,-0.158505,0.975076,0.136678,0.073632
37.0594,-0.243694,0.592799,0.332193,-0.158378,0.975084,0.136742,0.073677
37.0693,-0.243513,0.592917,0.332270,-0.158224,0.975098,0.136805,0.073716
37.0796,-0.243300,0.593041,0.332351,-0.158060,0.975115,0.136859,0.073738
37.0895,-0.243044,0.593191,0.332429,-0.157853,0.975139,0.136915,0.073764
37.0994,-0.242763,0.593349,0.332527,-0.157627,0.975163,0.136985,0.073796
37.1093,-0.242443,0.593525,0.332650,-0.157361,0.975191,0.137072,0.073830
37.1194,-0.242082,0.593715,0.332705,-0.157050,0.975235,0.137097,0.073866
37.1293,-0.241690,0.593903,0.332853,-0.156704,0.975271,0.137209,0.073924
37.1391,-0.241304,0.594089,0.332926,-0.156384,0.975313,0.137253,0.073956
37.1493,-0.240907,0.594272,0.333073,-0.156040,0.975351,0.137356,0.074001
37.1589,-0.240521,0.594441,0.333185,-0.155719,0.975388,0.137428,0.074044
37.1695,-0.240152,0.594597,0.333312,-0.155391,0.975425,0.137510,0.074102
37.1792,-0.239842,0.594713,0.333453,-0.155156,0.975447,0.137597,0.074134
37.1894,-0.239542,0.594826,0.333579,-0.154894,0.975472,0.137684,0.074192
37.1991,-0.239282,0.594929,0.333711,-0.154681,0.975489,0.137775,0.074247
37.2094,-0.239026,0.595022,0.333880,-0.154457,0.975501,0.137905,0.074323
37.2193,-0.238817,0.595110,0.334054,-0.154251,0.975513,0.138038,0.074340
37.2295,-0.238661,0.595181,0.334228,-0.154125,0.975509,0.138183,0.074382
37.2394,-0.238513,0.595249,0.334392,-0.153999,0.975504,0.138313,0.074466
37.2493,-0.238387,0.595304,0.334553,-0.153862,0.975506,0.138436,0.074502
37.2591,-0.238290,0.595328,0.334761,-0.153723,0.975497,0.138616,0.074566
37.2693,-0.238204,0.595347,0.334979,-0.153579,0.975489,0.138802,0.074623
37.2793,-0.238117,0.595358,0.335195,-0.153443,0.975478,0.138985,0.074711
37.2892,-0.238053,0.595362,0.335436,-0.153309,0.975466,0.139180,0.074780
37.2992,-0.238006,0.595344,0.335672,-0.153202,0.975447,0.139374,0.074878
37.3094,-0.237951,0.595326,0.335931,-0.153045,0.975429,0.139595,0.075021
37.3194,-0.237914,0.595289,0.336160,-0.152897,0.975414,0.139788,0.075165
37.3295,-0.237864,0.595269,0.336365,-0.152720,0.975406,0.139956,0.075319
37.3391,-0.237819,0.595239,0.336550,-0.152555,0.975394,0.140119,0.075497
37.3493,-0.237771,0.595200,0.336727,-0.152392,0.975386,0.140257,0.075674
37.3592,-0.237722,0.595159,0.336894,-0.152211,0.975382,0.140388,0.075850
37.3691,-0.237672,0.595130,0.337053,-0.152056,0.975373,0.140530,0.076019
37.3792,-0.237633,0.595090,0.337244,-0.151884,0.975368,0.140679,0.076147
37.3891,-0.237601,0.595058,0.337432,-0.151777,0.975354,0.140844,0.076230
37.3992,-0.237552,0.595044,0.337627,-0.151608,0.975349,0.141006,0.076337
37.4093,-0.237532,0.595029,0.337805,-0.151490,0.975339,0.141169,0.076398
37.4192,-0.237505,0.595022,0.338008,-0.151362,0.975329,0.141342,0.076456
37.4292,-0.237480,0.595008,0.338239,-0.151268,0.975313,0.141540,0.076478
37.4392,-0.237473,0.595013,0.338472,-0.151190,0.975293,0.141741,0.076511
37.4495,-0.237442,0.594993,0.338713,-0.151103,0.975274,0.141950,0.076543
37.4591,-0.237452,0.594984,0.338917,-0.151043,0.975255,0.142134,0.076556
37.4690,-0.237438,0.594964,0.339143,-0.150987,0.975231,0.142326,0.076617
37.4792,-0.237437,0.594955,0.339344,-0.150950,0.975210,0.142485,0.076664
37.4892,-0.237431,0.594941,0.339558,-0.150911,0.975186,0.142684,0.076679
37.4994,-0.237441,0.594903,0.339723,-0.150879,0.975168,0.142822,0.076717
37.5095,-0.237442,0.594886,0.339921,-0.150838,0.975148,0.142990,0.076734
37.5192,-0.237471,0.594831,0.340098,-0.150831,0.975128,0.143135,0.076736
37.5292,-0.237478,0.594810,0.340266,-0.150798,0.975113,0.143274,0.076722
37.5392,-0.237519,0.594780,0.340484,-0.150826,0.975081,0.143462,0.076732
37.5492,-0.237529,0.594752,0.340674,-0.150791,0.975065,0.143621,0.076705
37.5590,-0.237528,0.594749,0.340892,-0.150754,0.975044,0.143808,0.076693
37.5693,-0.237524,0.594733,0.341101,-0.150718,0.975024,0.143992,0.076676
37.5792,-0.237512,0.594723,0.341335,-0.150676,0.974999,0.144197,0.076689
37.5894,-0.237506,0.594718,0.341530,-0.150644,0.974981,0.144361,0.076666
37.5993,-0.237493,0.594700,0.341732,-0.150616,0.974959,0.144532,0.076677
37.6092,-0.237457,0.594695,0.341926,-0.150538,0.974949,0.144694,0.076657
37.6192,-0.237440,0.594680,0.342107,-0.150521,0.974927,0.144854,0.076670
37.6291,-0.237429,0.594665,0.342319,-0.150482,0.974906,0.145028,0.076682
37.6392,-0.237382,0.594650,0.342508,-0.150442,0.974890,0.145173,0.076687
37.6493,-0.237364,0.594635,0.342684,-0.150384,0.974874,0.145332,0.076712
37.6594,-0.237316,0.594615,0.342845,-0.150346,0.974859,0.145448,0.076754
37.6690,-0.237315,0.594587,0.343008,-0.150349,0.974834,0.145588,0.076798
37.6791,-0.237281,0.594561,0.343170,-0.150323,0.974818,0.145703,0.076838
37.6892,-0.237257,0.594534,0.343312,-0.150303,0.974798,0.145830,0.076891
37.6993,-0.237247,0.594506,0.343445,-0.150335,0.974776,0.145933,0.076914
37.7095,-0.237228,0.594481,0.343546,-0.150353,0.974759,0.146006,0.076949
37.7192,-0.237214,0.594444,0.343681,-0.150351,0.974743,0.146097,0.076988
37.7293,-0.237211,0.594407,0.343792,-0.150386,0.974723,0.146180,0.077003
37.7393,-0.237191,0.594370,0.343974,-0.150369,0.974701,0.146326,0.077038
37.7491,-0.237172,0.594340,0.344139,-0.150382,0.974677,0.146459,0.077065
37.7593,-0.237120,0.594305,0.344352,-0.150344,0.974653,0.146633,0.077121
37.7691,-0.237044,0.594263,0.344566,-0.150334,0.974624,0.146793,0.077200
37.7793,-0.236996,0.594210,0.344809,-0.150291,0.974604,0.146960,0.077222
37.7893,-0.236868,0.594190,0.345080,-0.150194,0.974581,0.147176,0.077288
37.7993,-0.236756,0.594189,0.345382,-0.150111,0.974549,0.147426,0.077373
37.8090,-0.236616,0.594187,0.345636,-0.150012,0.974530,0.147620,0.077430
37.8190,-0.236459,0.594200,0.345959,-0.149885,0.974504,0.147876,0.077519
37.8293,-0.236281,0.594225,0.346262,-0.149729,0.974486,0.148120,0.077582
37.8393,-0.236086,0.594281,0.346572,-0.149568,0.974465,0.148374,0.077671
37.8491,-0.235844,0.594333,0.346867,-0.149353,0.974454,0.148599,0.077793
37.8591,-0.235596,0.594385,0.347172,-0.149139,0.974445,0.148828,0.077882
37.8692,-0.235306,0.594470,0.347379,-0.148924,0.974446,0.148971,0.078005
37.8794,-0.234989,0.594554,0.347615,-0.148669,0.974452,0.149118,0.078130
37.8892,-0.234669,0.594643,0.347810,-0.148404,0.974465,0.149237,0.078249
37.8991,-0.234343,0.594728,0.348009,-0.148144,0.974481,0.149336,0.078354
37.9093,-0.234022,0.594803,0.348162,-0.147889,0.974499,0.149405,0.078479
37.9194,-0.233677,0.594887,0.348360,-0.147617,0.974516,0.149504,0.078587
37.9294,-0.233350,0.594946,0.348554,-0.147379,0.974531,0.149585,0.078700
37.9392,-0.233040,0.594989,0.348744,-0.147138,0.974551,0.149642,0.078791
37.9492,-0.232764,0.595027,0.348962,-0.146908,0.974566,0.149739,0.078855
37.9592,-0.232511,0.595014,0.349243,-0.146700,0.974577,0.149855,0.078888
37.9693,-0.232247,0.594996,0.349546,-0.146495,0.974586,0.149982,0.078915
37.9793,-0.232027,0.594934,0.349926,-0.146325,0.974581,0.150167,0.078935
37.9891,-0.231822,0.594831,0.350436,-0.146168,0.974559,0.150453,0.078952
37.9995,-0.231625,0.594673,0.351040,-0.145990,0.974532,0.150809,0.078941
38.0091,-0.231476,0.594465,0.351774,-0.145869,0.974478,0.151274,0.078940
38.0191,-0.231296,0.594243,0.352623,-0.145706,0.974414,0.151855,0.078910
38.0291,-0.231145,0.593982,0.353511,-0.145582,0.974343,0.152447,0.078871
38.0390,-0.230978,0.593692,0.354502,-0.145442,0.974257,0.153139,0.078854
38.0493,-0.230794,0.593436,0.355426,-0.145299,0.974179,0.153783,0.078829
38.0590,-0.230626,0.593151,0.356354,-0.145185,0.974094,0.154438,0.078817
38.0691,-0.230438,0.592910,0.357234,-0.145051,0.974020,0.155036,0.078799
38.0791,-0.230242,0.592683,0.358067,-0.144900,0.973945,0.155640,0.078813
38.0894,-0.230029,0.592510,0.358784,-0.144748,0.973887,0.156155,0.078789
38.0990,-0.229801,0.592371,0.359404,-0.144581,0.973841,0.156594,0.078790
38.1093,-0.229551,0.592287,0.359910,-0.144407,0.973811,0.156939,0.078794
38.1192,-0.229267,0.592239,0.360360,-0.144195,0.973789,0.157268,0.078802
38.1292,-0.228960,0.592231,0.360748,-0.143967,0.973777,0.157532,0.078840
38.1391,-0.228664,0.592221,0.361090,-0.143737,0.973774,0.157753,0.078851
38.1493,-0.228315,0.592271,0.361350,-0.143470,0.973782,0.157927,0.078889
38.1591,-0.227977,0.592333,0.361597,-0.143182,0.973798,0.158082,0.078909
38.1691,-0.227642,0.592418,0.361812,-0.142899,0.973815,0.158219,0.078938
38.1792,-0.227279,0.592516,0.362016,-0.142597,0.973833,0.158356,0.078988
38.1892,-0.226968,0.592610,0.362206,-0.142321,0.973851,0.158482,0.079012
38.1992,-0.226636,0.592720,0.362430,-0.142039,0.973861,0.158650,0.079053
38.2095,-0.226337,0.592804,0.362632,-0.141803,0.973871,0.158781,0.079089
38.2193,-0.226081,0.592870,0.362856,-0.141580,0.973876,0.158937,0.079112
38.2292,-0.225837,0.592941,0.363168,-0.141341,0.973869,0.159193,0.079122
38.2393,-0.225576,0.592989,0.363545,-0.141103,0.973855,0.159474,0.079143
38.2491,-0.225350,0.593016,0.364016,-0.140914,0.973821,0.159855,0.079138
38.2592,-0.225075,0.593039,0.364589,-0.140679,0.973778,0.160297,0.079188
38.2694,-0.224801,0.593056,0.365260,-0.140432,0.973726,0.160821,0.079202
38.2790,-0.224519,0.593058,0.366040,-0.140129,0.973669,0.161423,0.079220
38.2890,-0.224191,0.593076,0.366899,-0.139855,0.973593,0.162082,0.079283
38.2992,-0.223881,0.593061,0.367880,-0.139511,0.973509,0.162858,0.079341
38.3093,-0.223524,0.593064,0.368867,-0.139143,0.973424,0.163641,0.079414
38.3193,-0.223161,0.593063,0.369969,-0.138777,0.973322,0.164512,0.079508
38.3294,-0.222754,0.593111,0.371089,-0.138333,0.973223,0.165422,0.079603
38.3392,-0.222336,0.593156,0.372245,-0.137910,0.973114,0.166352,0.079731
38.3492,-0.221943,0.593234,0.373371,-0.137462,0.973009,0.167266,0.079870
38.3594,-0.221470,0.593343,0.374574,-0.136952,0.972905,0.168208,0.080043
38.3692,-0.220981,0.593511,0.375795,-0.136418,0.972792,0.169190,0.080247
38.3791,-0.220513,0.593692,0.377004,-0.135874,0.972692,0.170133,0.080388
38.3890,-0.220055,0.593906,0.378240,-0.135365,0.972580,0.171077,0.080603
38.3993,-0.219605,0.594175,0.379479,-0.134855,0.972474,0.171989,0.080801
38.4090,-0.219197,0.594469,0.380700,-0.134359,0.972362,0.172913,0.081002
38.4188,-0.218823,0.594786,0.381949,-0.133922,0.972246,0.173808,0.081201
38.4292,-0.218514,0.595126,0.383155,-0.133518,0.972132,0.174686,0.081345
38.4390,-0.218241,0.595468,0.384320,-0.133146,0.972021,0.175514,0.081499
38.4491,-0.218029,0.595800,0.385435,-0.132824,0.971911,0.176299,0.081643
38.4593,-0.217885,0.596106,0.386542,-0.132559,0.971804,0.177042,0.081740
38.4694,-0.217741,0.596415,0.387601,-0.132330,0.971690,0.177797,0.081828
38.4792,-0.217634,0.596677,0.388637,-0.132122,0.971583,0.178500,0.081900
38.4894,-0.217549,0.596919,0.389672,-0.131915,0.971473,0.179219,0.081976
38.4992,-0.217488,0.597153,0.390685,-0.131736,0.971366,0.179911,0.082007
38.5095,-0.217474,0.597360,0.391688,-0.131600,0.971250,0.180622,0.082036
38.5191,-0.217477,0.597550,0.392797,-0.131486,0.971116,0.181418,0.082054
38.5295,-0.217471,0.597749,0.393974,-0.131350,0.970966,0.182330,0.082029
38.5392,-0.217499,0.597896,0.395271,-0.131238,0.970798,0.183316,0.081999
38.5489,-0.217496,0.598019,0.396702,-0.131095,0.970603,0.184453,0.081975
38.5591,-0.217503,0.598091,0.398361,-0.130938,0.970381,0.185768,0.081895
38.5692,-0.217459,0.598141,0.400088,-0.130760,0.970144,0.187141,0.081858
38.5791,-0.217394,0.598135,0.401924,-0.130551,0.969900,0.188569,0.081808
38.5890,-0.217298,0.598119,0.403867,-0.130297,0.969642,0.190088,0.081758
38.5992,-0.217199,0.598102,0.405928,-0.130046,0.969365,0.191684,0.081708
38.6095,-0.217092,0.598072,0.407993,-0.129778,0.969080,0.193323,0.081655
38.6192,-0.217001,0.598034,0.410047,-0.129564,0.968793,0.194927,0.081591
38.6293,-0.216931,0.597982,0.411924,-0.129355,0.968528,0.196391,0.081555
38.6393,-0.216831,0.597941,0.413644,-0.129153,0.968290,0.197712,0.081514
38.6491,-0.216744,0.597910,0.415163,-0.128989,0.968075,0.198879,0.081486
38.6593,-0.216701,0.597867,0.416525,-0.128847,0.967881,0.199925,0.081450
38.6692,-0.216656,0.597854,0.417719,-0.128725,0.967711,0.200840,0.081419
38.6792,-0.216616,0.597836,0.418762,-0.128632,0.967566,0.201606,0.081395
38.6893,-0.216618,0.597847,0.419738,-0.128575,0.967422,0.202345,0.081366
38.6989,-0.216617,0.597846,0.420652,-0.128533,0.967288,0.203034,0.081308
38.7090,-0.216608,0.597856,0.421525,-0.128461,0.967153,0.203720,0.081315
38.7195,-0.216602,0.597858,0.422479,-0.128402,0.967011,0.204448,0.081268
38.7289,-0.216600,0.597831,0.423532,-0.128334,0.966835,0.205328,0.081244
38.7390,-0.216574,0.597789,0.424650,-0.128231,0.966659,0.206226,0.081228
38.7490,-0.216562,0.597698,0.425823,-0.128142,0.966471,0.207170,0.081200
38.7592,-0.216537,0.597540,0.427074,-0.128046,0.966275,0.208156,0.081161
38.7693,-0.216491,0.597357,0.428361,-0.127947,0.966066,0.209196,0.081138
38.7793,-0.216445,0.597105,0.429669,-0.127820,0.965865,0.210213,0.081099
38.7895,-0.216381,0.596836,0.430945,-0.127716,0.965669,0.211195,0.081051
38.7992,-0.216248,0.596561,0.432203,-0.127538,0.965489,0.212127,0.081037
38.8094,-0.216072,0.596271,0.433385,-0.127358,0.965325,0.212977,0.081043
38.8192,-0.215867,0.596004,0.434515,-0.127156,0.965182,0.213744,0.081044
38.8293,-0.215624,0.595767,0.435506,-0.126932,0.965074,0.214364,0.081049
38.8390,-0.215340,0.595556,0.436434,-0.126682,0.964987,0.214889,0.081083
38.8491,-0.215006,0.595418,0.437261,-0.126400,0.964921,0.215339,0.081116
38.8591,-0.214582,0.595326,0.438044,-0.126052,0.964885,0.215683,0.081176
38.8692,-0.214121,0.595303,0.438722,-0.125681,0.964874,0.215916,0.081257
38.8794,-0.213601,0.595339,0.439346,-0.125250,0.964884,0.216098,0.081317
38.8892,-0.213058,0.595434,0.439937,-0.124816,0.964907,0.216211,0.081407
38.8989,-0.212468,0.595556,0.440475,-0.124346,0.964953,0.216236,0.081518
38.9093,-0.211894,0.595718,0.440971,-0.123885,0.965009,0.216218,0.081612
38.9190,-0.211298,0.595868,0.441522,-0.123414,0.965067,0.216187,0.081724
38.9294,-0.210734,0.596059,0.442020,-0.122949,0.965127,0.216142,0.081827
38.9390,-0.210220,0.596214,0.442595,-0.122549,0.965178,0.216111,0.081913
38.9495,-0.209749,0.596337,0.443169,-0.122178,0.965225,0.216070,0.082017
38.9589,-0.209274,0.596417,0.443828,-0.121815,0.965268,0.216054,0.082095
38.9689,-0.208874,0.596453,0.444513,-0.121492,0.965303,0.216053,0.082160
38.9794,-0.208486,0.596438,0.445237,-0.121203,0.965337,0.216044,0.082213
38.9894,-0.208130,0.596349,0.446079,-0.120933,0.965348,0.216125,0.082272
38.9993,-0.207733,0.596223,0.447107,-0.120615,0.965336,0.216338,0.082318
39.0092,-0.207339,0.596058,0.448216,-0.120296,0.965312,0.216599,0.082385
39.0189,-0.206890,0.595848,0.449479,-0.119946,0.965279,0.216914,0.082446
39.0292,-0.206433,0.595632,0.450940,-0.119546,0.965212,0.217407,0.082509
39.0393,-0.205913,0.595401,0.452608,-0.119096,0.965125,0.218008,0.082597
39.0493,-0.205349,0.595198,0.454357,-0.118618,0.965044,0.218593,0.082682
39.0594,-0.204725,0.594992,0.456299,-0.118088,0.964983,0.219114,0.082782
39.0694,-0.204062,0.594858,0.458292,-0.117543,0.964927,0.219610,0.082886
39.0791,-0.203353,0.594724,0.460433,-0.116946,0.964882,0.220083,0.083008
39.0893,-0.202613,0.594684,0.462540,-0.116331,0.964857,0.220465,0.083147
39.0992,-0.201890,0.594673,0.464799,-0.115709,0.964836,0.220843,0.083255
39.1094,-0.201172,0.594744,0.467042,-0.115103,0.964799,0.221270,0.083391
39.1191,-0.200437,0.594854,0.469341,-0.114483,0.964783,0.221619,0.083507
39.1294,-0.199739,0.595055,0.471661,-0.113847,0.964767,0.221974,0.083612
39.1394,-0.199041,0.595309,0.474027,-0.113255,0.964779,0.222175,0.083746
39.1491,-0.198385,0.595617,0.476384,-0.112693,0.964791,0.222360,0.083875
39.1591,-0.197783,0.595943,0.478785,-0.112194,0.964835,0.222381,0.083974
39.1693,-0.197234,0.596322,0.481162,-0.111720,0.964868,0.222435,0.084092
39.1792,-0.196712,0.596653,0.483441,-0.111277,0.964917,0.222412,0.084179
39.1890,-0.196273,0.596969,0.485465,-0.110910,0.964958,0.222379,0.084275
39.1995,-0.195878,0.597223,0.487245,-0.110590,0.965025,0.222228,0.084331
39.2095,-0.195544,0.597467,0.488706,-0.110298,0.965069,0.222150,0.084408
39.2192,-0.195264,0.597655,0.490006,-0.110097,0.965118,0.222026,0.084446
39.2292,-0.194993,0.597871,0.491253,-0.109842,0.965130,0.222082,0.084485
39.2392,-0.194737,0.598060,0.492449,-0.109628,0.965142,0.222129,0.084511
39.2488,-0.194497,0.598269,0.493668,-0.109372,0.965124,0.222328,0.084518
39.2588,-0.194198,0.598459,0.495114,-0.109113,0.965100,0.222560,0.084524
39.2695,-0.193850,0.598706,0.496705,-0.108774,0.965035,0.222991,0.084559
39.2789,-0.193395,0.598978,0.498446,-0.108342,0.964977,0.223443,0.084589
39.2892,-0.192819,0.599288,0.500224,-0.107816,0.964926,0.223893,0.084653
39.2990,-0.192105,0.599631,0.502049,-0.107169,0.964889,0.224345,0.084696
39.3090,-0.191322,0.600000,0.503779,-0.106471,0.964860,0.224761,0.084808
39.3190,-0.190362,0.600391,0.505515,-0.105661,0.964860,0.225107,0.084898
39.3292,-0.189364,0.600823,0.507128,-0.104797,0.964865,0.225441,0.085032
39.3390,-0.188255,0.601286,0.508663,-0.103859,0.964883,0.225761,0.085129
39.3489,-0.187074,0.601718,0.510176,-0.102873,0.964906,0.226046,0.085300
39.3591,-0.185773,0.602168,0.511729,-0.101809,0.964978,0.226161,0.085465
39.3694,-0.184483,0.602584,0.513409,-0.100742,0.965032,0.226342,0.085640
39.3792,-0.183225,0.602907,0.515029,-0.099762,0.965124,0.226316,0.085817
39.3890,-0.182051,0.603150,0.516669,-0.098825,0.965236,0.226187,0.085976
39.3990,-0.180915,0.603314,0.518377,-0.097946,0.965365,0.225976,0.086092
39.4091,-0.179883,0.603402,0.520036,-0.097162,0.965479,0.225754,0.086284
39.4192,-0.178921,0.603405,0.521715,-0.096441,0.965618,0.225439,0.086366
39.4291,-0.178040,0.603381,0.523293,-0.095802,0.965762,0.225050,0.086482
39.4392,-0.177216,0.603283,0.524865,-0.095228,0.965907,0.224642,0.086548
39.4491,-0.176457,0.603168,0.526285,-0.094695,0.966046,0.224229,0.086659
39.4591,-0.175821,0.603024,0.527532,-0.094259,0.966200,0.223744,0.086669
39.4690,-0.175255,0.602857,0.528643,-0.093874,0.966323,0.223361,0.086703
39.4792,-0.174776,0.602703,0.529575,-0.093535,0.966427,0.223054,0.086697
39.4891,-0.174259,0.602600,0.530412,-0.093192,0.966530,0.222747,0.086712
39.4991,-0.173721,0.602505,0.531189,-0.092810,0.966644,0.222407,0.086718
39.5091,-0.173147,0.602478,0.531873,-0.092405,0.966766,0.222033,0.086749
39.5191,-0.172438,0.602521,0.532575,-0.091889,0.966932,0.221537,0.086720
39.5292,-0.171638,0.602584,0.533277,-0.091303,0.967117,0.220942,0.086798
39.5387,-0.170712,0.602678,0.534033,-0.090647,0.967354,0.220160,0.086830
39.5490,-0.169667,0.602815,0.534707,-0.089916,0.967651,0.219110,0.086933
39.5589,-0.168505,0.602959,0.535423,-0.089126,0.968007,0.217810,0.087045
39.5692,-0.167333,0.603108,0.536139,-0.088311,0.968369,0.216478,0.087174
39.5792,-0.166133,0.603273,0.536819,-0.087477,0.968738,0.215122,0.087276
39.5894,-0.164962,0.603434,0.537473,-0.086653,0.969107,0.213734,0.087414
39.5994,-0.163834,0.603607,0.538086,-0.085887,0.969473,0.212337,0.087517
39.6093,-0.162758,0.603762,0.538793,-0.085122,0.969786,0.211152,0.087664
39.6193,-0.161767,0.603892,0.539396,-0.084454,0.970120,0.209847,0.087748
39.6295,-0.160877,0.604005,0.540009,-0.083819,0.970415,0.208689,0.087858
39.6392,-0.160067,0.604106,0.540630,-0.083255,0.970686,0.207633,0.087901
39.6493,-0.159312,0.604180,0.541294,-0.082696,0.970908,0.206766,0.088018
39.6591,-0.158583,0.604256,0.541911,-0.082214,0.971133,0.205871,0.088089
39.6694,-0.157993,0.604302,0.542532,-0.081791,0.971316,0.205152,0.088135
39.6795,-0.157392,0.604304,0.543207,-0.081388,0.971480,0.204511,0.088196
39.6892,-0.156816,0.604311,0.543870,-0.080991,0.971631,0.203913,0.088283
39.6992,-0.156241,0.604313,0.544490,-0.080602,0.971797,0.203254,0.088330
39.7097,-0.155655,0.604297,0.545172,-0.080174,0.971933,0.202743,0.088396
39.7192,-0.155061,0.604289,0.545787,-0.079739,0.972091,0.202127,0.088462
39.7289,-0.154485,0.604285,0.546408,-0.079333,0.972234,0.201566,0.088534
39.7392,-0.153940,0.604283,0.546970,-0.078959,0.972381,0.200971,0.088610
39.7494,-0.153406,0.604272,0.547499,-0.078554,0.972531,0.200382,0.088659
39.7591,-0.152843,0.604257,0.548060,-0.078151,0.972677,0.199801,0.088716
39.7693,-0.152332,0.604265,0.548671,-0.077772,0.972790,0.199370,0.088781
39.7794,-0.151817,0.604259,0.549237,-0.077391,0.972909,0.198913,0.088840
39.7890,-0.151299,0.604259,0.549806,-0.076999,0.973018,0.198495,0.088921
39.7992,-0.150785,0.604223,0.550431,-0.076598,0.973128,0.198093,0.088958
39.8094,-0.150280,0.604190,0.551027,-0.076235,0.973227,0.197705,0.089049
39.8192,-0.149769,0.604118,0.551664,-0.075867,0.973333,0.197295,0.089115
39.8293,-0.149276,0.604022,0.552393,-0.075481,0.973422,0.196983,0.089162
39.8393,-0.148792,0.603851,0.553249,-0.075119,0.973492,0.196740,0.089242
39.8491,-0.148324,0.603651,0.554192,-0.074749,0.973545,0.196592,0.089298
39.8591,-0.147826,0.603338,0.555379,-0.074354,0.973578,0.196545,0.089368
39.8691,-0.147348,0.603004,0.556690,-0.073941,0.973582,0.196656,0.089428
39.8793,-0.146898,0.602555,0.558174,-0.073506,0.973561,0.196898,0.089486
39.8893,-0.146437,0.602058,0.559741,-0.073087,0.973521,0.197219,0.089552
39.8992,-0.145992,0.601476,0.561424,-0.072655,0.973465,0.197625,0.089621
39.9093,-0.145563,0.600878,0.563073,-0.072246,0.973401,0.198056,0.089695
39.9193,-0.145148,0.600227,0.564810,-0.071825,0.973328,0.198536,0.089759
39.9293,-0.144749,0.599590,0.566463,-0.071445,0.973251,0.199031,0.089806
39.9390,-0.144357,0.598931,0.568150,-0.071045,0.973156,0.199598,0.089895
39.9493,-0.144033,0.598318,0.569743,-0.070713,0.973055,0.200183,0.089947
39.9591,-0.143698,0.597721,0.571289,-0.070345,0.972961,0.200746,0.089995
39.9693,-0.143405,0.597172,0.572767,-0.069984,0.972859,0.201348,0.090040
39.9794,-0.143162,0.596648,0.574111,-0.069717,0.972775,0.201830,0.090073
39.9894,-0.142971,0.596173,0.575348,-0.069462,0.972695,0.202291,0.090103
39.9992,-0.142785,0.595731,0.576516,-0.069216,0.972631,0.202675,0.090119
40.0094,-0.142617,0.595360,0.577562,-0.068979,0.972575,0.203014,0.090138
40.0194,-0.142475,0.594966,0.578536,-0.068792,0.972549,0.203203,0.090137
40.0292,-0.142356,0.594612,0.579456,-0.068629,0.972527,0.203364,0.090138
40.0392,-0.142212,0.594246,0.580365,-0.068443,0.972523,0.203437,0.090154
40.0493,-0.142070,0.593860,0.581273,-0.068274,0.972520,0.203509,0.090157
40.0592,-0.141836,0.593410,0.582234,-0.068055,0.972528,0.203530,0.090185
40.0693,-0.141578,0.592930,0.583218,-0.067798,0.972526,0.203606,0.090229
40.0792,-0.141221,0.592380,0.584293,-0.067462,0.972525,0.203710,0.090258
40.0891,-0.140772,0.591749,0.585476,-0.067068,0.972504,0.203905,0.090333
40.0994,-0.140202,0.591033,0.586736,-0.066569,0.972483,0.204128,0.090423
40.1095,-0.139580,0.590308,0.588019,-0.066025,0.972445,0.204442,0.090531
40.1191,-0.138797,0.589491,0.589460,-0.065319,0.972392,0.204865,0.090654
40.1292,-0.137939,0.588672,0.590881,-0.064568,0.972335,0.205303,0.090807
40.1391,-0.137027,0.587827,0.592339,-0.063785,0.972267,0.205789,0.090986
40.1493,-0.136050,0.587014,0.593785,-0.062897,0.972197,0.206310,0.091176
40.1591,-0.134975,0.586205,0.595252,-0.061933,0.972129,0.206834,0.091373
40.1691,-0.133937,0.585444,0.596664,-0.060984,0.972050,0.207393,0.091590
40.1792,-0.132872,0.584740,0.597960,-0.060020,0.971992,0.207862,0.091769
40.1894,-0.131855,0.584091,0.599155,-0.059094,0.971946,0.208262,0.091958
40.1992,-0.130831,0.583514,0.600264,-0.058152,0.971923,0.208563,0.092123
40.2093,-0.129855,0.583021,0.601249,-0.057273,0.971902,0.208818,0.092314
40.2192,-0.128957,0.582578,0.602112,-0.056460,0.971910,0.208937,0.092457
40.2295,-0.128105,0.582220,0.602886,-0.055684,0.971925,0.209008,0.092613
40.2393,-0.127293,0.581896,0.603562,-0.054965,0.971960,0.208974,0.092748
40.2493,-0.126552,0.581620,0.604168,-0.054318,0.972003,0.208891,0.092862
40.2593,-0.125803,0.581281,0.604758,-0.053650,0.972074,0.208684,0.092973
40.2692,-0.125126,0.580964,0.605314,-0.053088,0.972144,0.208461,0.093064
40.2792,-0.124442,0.580613,0.605894,-0.052497,0.972220,0.208215,0.093166
40.2895,-0.123756,0.580169,0.606532,-0.051923,0.972282,0.208014,0.093281
40.2993,-0.123055,0.579648,0.607274,-0.051321,0.972323,0.207919,0.093402
40.3093,-0.122355,0.579054,0.608125,-0.050688,0.972326,0.207998,0.093541
40.3197,-0.121594,0.578284,0.609182,-0.050021,0.972297,0.208224,0.093696
40.3291,-0.120754,0.577478,0.610304,-0.049259,0.972243,0.208568,0.093898
40.3392,-0.119888,0.576515,0.611616,-0.048439,0.972151,0.209091,0.094107
40.3493,-0.118957,0.575544,0.612932,-0.047588,0.972057,0.209628,0.094324
40.3591,-0.117897,0.574468,0.614414,-0.046596,0.971924,0.210343,0.094596
40.3691,-0.116785,0.573413,0.615872,-0.045560,0.971794,0.211041,0.094886
40.3793,-0.115659,0.572405,0.617288,-0.044519,0.971657,0.211766,0.095163
40.3895,-0.114488,0.571465,0.618556,-0.043428,0.971561,0.212321,0.095413
40.3992,-0.113191,0.570591,0.619778,-0.042254,0.971469,0.212839,0.095723
40.4092,-0.111927,0.569811,0.620867,-0.041094,0.971394,0.213271,0.096028
40.4193,-0.110613,0.569147,0.621816,-0.039929,0.971349,0.213569,0.096312
40.4292,-0.109281,0.568603,0.622589,-0.038745,0.971343,0.213677,0.096613
40.4392,-0.107971,0.568131,0.623332,-0.037595,0.971339,0.213775,0.096887
40.4494,-0.106691,0.567772,0.623911,-0.036465,0.971363,0.213735,0.097170
40.4593,-0.105408,0.567456,0.624428,-0.035367,0.971408,0.213602,0.097419
40.4693,-0.104222,0.567208,0.624853,-0.034332,0.971454,0.213435,0.097688
40.4793,-0.103082,0.566984,0.625224,-0.033348,0.971517,0.213219,0.097880
40.4893,-0.101969,0.566813,0.625538,-0.032384,0.971576,0.212987,0.098120
40.4991,-0.100928,0.566652,0.625792,-0.031501,0.971653,0.212686,0.098300
40.5092,-0.099971,0.566495,0.626048,-0.030695,0.971713,0.212431,0.098512
40.5193,-0.099027,0.566364,0.626255,-0.029880,0.971787,0.212146,0.098650
40.5293,-0.098123,0.566233,0.626411,-0.029123,0.971856,0.211823,0.098892
40.5393,-0.097315,0.566102,0.626558,-0.028449,0.971928,0.211507,0.099053
40.5492,-0.096537,0.565998,0.626659,-0.027787,0.972004,0.211162,0.099233
40.5593,-0.095782,0.565846,0.626785,-0.027135,0.972078,0.210839,0.099377
40.5694,-0.095073,0.565733,0.626890,-0.026531,0.972145,0.210524,0.099552
40.5793,-0.094380,0.565576,0.627021,-0.025968,0.972206,0.210231,0.099715
40.5894,-0.093742,0.565388,0.627148,-0.025431,0.972268,0.209934,0.099877
40.5993,-0.093102,0.565178,0.627368,-0.024867,0.972319,0.209710,0.099995
40.6092,-0.092504,0.564941,0.627606,-0.024334,0.972361,0.209504,0.100150
40.6192,-0.091871,0.564620,0.627923,-0.023799,0.972397,0.209334,0.100288
40.6294,-0.091232,0.564209,0.628363,-0.023209,0.972408,0.209260,0.100469
40.6392,-0.090534,0.563720,0.628913,-0.022571,0.972401,0.209291,0.100622
40.6494,-0.089838,0.563186,0.629497,-0.021947,0.972390,0.209319,0.100809
40.6593,-0.088970,0.562462,0.630332,-0.021116,0.972343,0.209505,0.101048
40.6694,-0.088065,0.561715,0.631178,-0.020264,0.972293,0.209701,0.101300
40.6795,-0.087090,0.560838,0.632196,-0.019329,0.972215,0.210016,0.101575
40.6893,-0.086032,0.559939,0.633222,-0.018323,0.972137,0.210318,0.101881
40.6990,-0.084892,0.559005,0.634284,-0.017229,0.972048,0.210666,0.102207
40.7092,-0.083761,0.558094,0.635387,-0.016128,0.971936,0.211112,0.102529
40.7193,-0.082581,0.557200,0.636409,-0.014998,0.971846,0.211451,0.102850
40.7292,-0.081437,0.556383,0.637345,-0.013902,0.971761,0.211747,0.103196
40.7393,-0.080382,0.555603,0.638243,-0.012874,0.971674,0.212072,0.103484
40.7493,-0.079419,0.554896,0.639034,-0.011970,0.971604,0.212307,0.103770
40.7590,-0.078499,0.554256,0.639721,-0.011077,0.971557,0.212451,0.104016
40.7695,-0.077686,0.553734,0.640283,-0.010295,0.971524,0.212530,0.104243
40.7792,-0.076999,0.553270,0.640759,-0.009668,0.971506,0.212548,0.104429
40.7892,-0.076393,0.552877,0.641122,-0.009097,0.971511,0.212482,0.104567
40.7993,-0.075872,0.552539,0.641403,-0.008627,0.971541,0.212307,0.104689
40.8094,-0.075455,0.552251,0.641612,-0.008246,0.971581,0.212092,0.104781
40.8195,-0.075096,0.551990,0.641767,-0.007926,0.971634,0.211820,0.104863
40.8292,-0.074823,0.551793,0.641818,-0.007696,0.971713,0.211452,0.104897
40.8391,-0.074603,0.551600,0.641859,-0.007515,0.971792,0.211082,0.104924
40.8493,-0.074425,0.551436,0.641843,-0.007398,0.971879,0.210662,0.104965
40.8592,-0.074283,0.551284,0.641769,-0.007293,0.971985,0.210175,0.104966
40.8693,-0.074185,0.551136,0.641706,-0.007235,0.972083,0.209718,0.104981
40.8792,-0.074111,0.550990,0.641656,-0.007182,0.972175,0.209304,0.104960
40.8893,-0.074077,0.550824,0.641619,-0.007183,0.972265,0.208887,0.104954
40.8995,-0.074088,0.550592,0.641642,-0.007199,0.972336,0.208565,0.104936
40.9093,-0.074096,0.550344,0.641713,-0.007218,0.972391,0.208307,0.104939
40.9191,-0.074082,0.549992,0.641941,-0.007189,0.972410,0.208218,0.104937
40.9292,-0.074038,0.549634,0.642168,-0.007136,0.972421,0.208152,0.104967
40.9392,-0.073975,0.549236,0.642468,-0.007039,0.972408,0.208205,0.104998
40.9495,-0.073890,0.548795,0.642835,-0.006908,0.972378,0.208334,0.105027
40.9592,-0.073717,0.548338,0.643232,-0.006712,0.972330,0.208524,0.105103
40.9692,-0.073543,0.547891,0.643626,-0.006513,0.972280,0.208726,0.105176
40.9791,-0.073319,0.547470,0.644000,-0.006249,0.972225,0.208952,0.105251
40.9893,-0.073083,0.547086,0.644315,-0.005990,0.972183,0.209120,0.105328
40.9991,-0.072778,0.546743,0.644607,-0.005682,0.972137,0.209293,0.105423
41.0093,-0.072439,0.546463,0.644817,-0.005329,0.972108,0.209401,0.105493
41.0190,-0.072046,0.546221,0.645032,-0.004937,0.972068,0.209548,0.105589
41.0293,-0.071585,0.546061,0.645135,-0.004501,0.972051,0.209567,0.105722
41.0391,-0.071088,0.545950,0.645180,-0.004059,0.972046,0.209534,0.105857
41.0491,-0.070576,0.545874,0.645205,-0.003584,0.972043,0.209492,0.105980
41.0592,-0.069999,0.545851,0.645174,-0.003065,0.972055,0.209380,0.106113
41.0692,-0.069392,0.545828,0.645174,-0.002516,0.972057,0.209308,0.106251
41.0791,-0.068740,0.545857,0.645109,-0.001943,0.972077,0.209160,0.106368
41.0893,-0.068025,0.545925,0.645040,-0.001307,0.972092,0.209019,0.106518
41.0994,-0.067224,0.546013,0.644937,-0.000598,0.972119,0.208824,0.106663
41.1094,-0.066389,0.546123,0.644852,0.000114,0.972136,0.208647,0.106858
41.1195,-0.065406,0.546263,0.644753,0.000997,0.972157,0.208439,0.107065
41.1292,-0.064402,0.546373,0.644660,0.001890,0.972184,0.208193,0.107289
41.1393,-0.063315,0.546510,0.644568,0.002825,0.972216,0.207928,0.107485
41.1494,-0.062228,0.546616,0.644527,0.003808,0.972232,0.207720,0.107716
41.1593,-0.061145,0.546746,0.644448,0.004733,0.972258,0.207466,0.107932
41.1693,-0.060136,0.546843,0.644416,0.005621,0.972269,0.207268,0.108173
41.1794,-0.059189,0.546930,0.644371,0.006468,0.972293,0.207036,0.108357
41.1893,-0.058273,0.547024,0.644328,0.007282,0.972309,0.206822,0.108568
41.1990,-0.057357,0.547080,0.644327,0.008085,0.972324,0.206624,0.108753
41.2092,-0.056505,0.547150,0.644320,0.008833,0.972337,0.206446,0.108917
41.2195,-0.055545,0.547234,0.644304,0.009680,0.972354,0.206235,0.109093
41.2293,-0.054487,0.547321,0.644302,0.010606,0.972366,0.206016,0.109309
41.2391,-0.053316,0.547414,0.644341,0.011651,0.972366,0.205847,0.109525
41.2492,-0.052064,0.547503,0.644396,0.012759,0.972357,0.205692,0.109772
41.2592,-0.050698,0.547609,0.644428,0.013967,0.972354,0.205493,0.110025
41.2695,-0.049286,0.547711,0.644480,0.015227,0.972335,0.205323,0.110344
41.2794,-0.047834,0.547809,0.644546,0.016523,0.972314,0.205180,0.110609
41.2893,-0.046335,0.547933,0.644561,0.017851,0.972299,0.204982,0.110902
41.2993,-0.044833,0.548023,0.644635,0.019192,0.972267,0.204843,0.111208
41.3094,-0.043386,0.548115,0.644725,0.020472,0.972229,0.204747,0.111492
41.3192,-0.041843,0.548208,0.644788,0.021816,0.972195,0.204601,0.111797
41.3290,-0.040371,0.548300,0.644886,0.023100,0.972150,0.204501,0.112118
41.3391,-0.038952,0.548375,0.645002,0.024346,0.972098,0.204461,0.112377
41.3496,-0.037491,0.548467,0.645115,0.025616,0.972043,0.204398,0.112683
41.3592,-0.035926,0.548542,0.645224,0.026970,0.971991,0.204291,0.113012
41.3692,-0.034407,0.548611,0.645367,0.028287,0.971918,0.204257,0.113379
41.3791,-0.032904,0.548669,0.645524,0.029615,0.971847,0.204225,0.113701
41.3893,-0.031282,0.548756,0.645627,0.031028,0.971781,0.204130,0.114066
41.3991,-0.029573,0.548826,0.645755,0.032493,0.971705,0.204048,0.114448
41.4092,-0.027902,0.548909,0.645864,0.033930,0.971629,0.203960,0.114834
41.4192,-0.026149,0.548999,0.645940,0.035437,0.971561,0.203825,0.115190
41.4292,-0.024362,0.549071,0.646038,0.036980,0.971480,0.203687,0.115631
41.4393,-0.022566,0.549167,0.646110,0.038503,0.971403,0.203565,0.115995
41.4491,-0.020825,0.549250,0.646165,0.039971,0.971329,0.203404,0.116397
41.4589,-0.019086,0.549335,0.646176,0.041423,0.971269,0.203202,0.116747
41.4693,-0.017444,0.549402,0.646228,0.042811,0.971192,0.203059,0.117137
41.4791,-0.015920,0.549474,0.646241,0.044089,0.971135,0.202897,0.117413
41.4894,-0.014399,0.549543,0.646239,0.045375,0.971070,0.202721,0.117767
41.4991,-0.012948,0.549597,0.646246,0.046588,0.971015,0.202550,0.118039
41.5094,-0.011541,0.549645,0.646258,0.047779,0.970948,0.202414,0.118345
41.5191,-0.010107,0.549693,0.646259,0.049007,0.970892,0.202233,0.118615
41.5294,-0.008718,0.549721,0.646288,0.050179,0.970822,0.202104,0.118914
41.5392,-0.007329,0.549758,0.646333,0.051372,0.970748,0.201998,0.119188
41.5495,-0.005961,0.549775,0.646356,0.052553,0.970681,0.201847,0.119473
41.5591,-0.004547,0.549784,0.646429,0.053793,0.970601,0.201746,0.119747
41.5693,-0.003189,0.549807,0.646503,0.054967,0.970512,0.201673,0.120054
41.5792,-0.001929,0.549815,0.646564,0.056046,0.970437,0.201589,0.120307
41.5894,-0.000623,0.549817,0.646611,0.057192,0.970362,0.201474,0.120559
41.5992,0.000727,0.549818,0.646649,0.058378,0.970285,0.201338,0.120836
41.6091,0.001987,0.549801,0.646722,0.059471,0.970209,0.201245,0.121075
41.6192,0.003318,0.549810,0.646761,0.060618,0.970134,0.201114,0.121323
41.6292,0.004631,0.549827,0.646751,0.061744,0.970075,0.200904,0.121575
41.6391,0.005974,0.549817,0.646811,0.062933,0.969988,0.200793,0.121839
41.6496,0.007333,0.549802,0.646839,0.064120,0.969913,0.200619,0.122105
41.6589,0.008765,0.549782,0.646887,0.065386,0.969827,0.200479,0.122348
41.6693,0.010203,0.549769,0.646933,0.066642,0.969731,0.200338,0.122659
41.6791,0.011606,0.549740,0.646978,0.067859,0.969650,0.200183,0.122884
41.6892,0.013068,0.549734,0.647031,0.069143,0.969544,0.200073,0.123187
41.6992,0.014539,0.549695,0.647079,0.070437,0.969447,0.199942,0.123429
41.7093,0.015986,0.549663,0.647138,0.071705,0.969338,0.199819,0.123752
41.7191,0.017484,0.549626,0.647178,0.073039,0.969230,0.199700,0.124007
41.7290,0.018948,0.549578,0.647221,0.074305,0.969123,0.199565,0.124308
41.7393,0.020426,0.549504,0.647304,0.075640,0.969004,0.199472,0.124580
41.7494,0.021994,0.549456,0.647309,0.077000,0.968897,0.199295,0.124865
41.7591,0.023868,0.549388,0.647309,0.078644,0.968769,0.199069,0.125194
41.7692,0.025807,0.549288,0.647340,0.080354,0.968622,0.198856,0.125583
41.7794,0.027834,0.549172,0.647391,0.082149,0.968460,0.198673,0.125956
41.7894,0.029999,0.549065,0.647362,0.084045,0.968313,0.198359,0.126329
41.7992,0.032293,0.548930,0.647359,0.086062,0.968142,0.198069,0.126739
41.8094,0.034463,0.548804,0.647397,0.087963,0.967959,0.197859,0.127162
41.8192,0.036661,0.548667,0.647347,0.089901,0.967803,0.197533,0.127496
41.8294,0.038759,0.548545,0.647310,0.091736,0.967641,0.197247,0.127861
41.8390,0.040783,0.548393,0.647345,0.093517,0.967469,0.197061,0.128162
41.8494,0.042732,0.548232,0.647367,0.095244,0.967297,0.196838,0.128528
41.8591,0.044685,0.548086,0.647346,0.096951,0.967146,0.196567,0.128805
41.8692,0.046541,0.547947,0.647319,0.098587,0.966990,0.196297,0.129142
41.8791,0.048350,0.547814,0.647287,0.100163,0.966845,0.196024,0.129434
41.8893,0.050159,0.547705,0.647201,0.101730,0.966709,0.195692,0.129731
41.8990,0.051928,0.547583,0.647114,0.103289,0.966577,0.195356,0.129984
41.9091,0.053641,0.547467,0.647060,0.104759,0.966437,0.195059,0.130297
41.9194,0.055467,0.547340,0.646946,0.106345,0.966315,0.194661,0.130508
41.9292,0.057246,0.547173,0.646879,0.107885,0.966178,0.194290,0.130814
41.9392,0.059031,0.547038,0.646742,0.109451,0.966061,0.193849,0.131031
41.9491,0.060837,0.546860,0.646621,0.111015,0.965953,0.193345,0.131254
41.9590,0.062758,0.546665,0.646474,0.112671,0.965849,0.192756,0.131480
41.9690,0.064621,0.546421,0.646367,0.114303,0.965734,0.192179,0.131756
41.9790,0.066358,0.546205,0.646194,0.115795,0.965671,0.191509,0.131893
41.9893,0.068144,0.545969,0.645998,0.117355,0.965609,0.190732,0.132095
41.9990,0.069848,0.545698,0.645821,0.118834,0.965563,0.189946,0.132242
42.0092,0.071440,0.545454,0.645643,0.120222,0.965521,0.189171,0.132399
42.0191,0.072877,0.545216,0.645432,0.121469,0.965515,0.188366,0.132454
42.0290,0.074149,0.544990,0.645248,0.122566,0.965512,0.187599,0.132552
42.0391,0.075249,0.544801,0.645080,0.123518,0.965517,0.186926,0.132585
42.0492,0.076220,0.544619,0.644930,0.124368,0.965526,0.186289,0.132623
42.0589,0.077141,0.544455,0.644747,0.125157,0.965549,0.185640,0.132620
42.0689,0.077976,0.544289,0.644643,0.125881,0.965546,0.185124,0.132679
42.0793,0.078778,0.544134,0.644518,0.126576,0.965553,0.184610,0.132682
42.0893,0.079710,0.543968,0.644378,0.127385,0.965547,0.184051,0.132729
42.0991,0.080788,0.543774,0.644248,0.128319,0.965517,0.183506,0.132802
42.1093,0.081925,0.543586,0.644124,0.129320,0.965470,0.182975,0.132903
42.1194,0.083326,0.543343,0.643983,0.130547,0.965402,0.182400,0.132988
42.1292,0.084839,0.543068,0.643875,0.131881,0.965297,0.181839,0.133202
42.1392,0.086427,0.542802,0.643774,0.133263,0.965177,0.181342,0.133377
42.1492,0.088163,0.542512,0.643654,0.134810,0.965036,0.180803,0.133575
42.1590,0.090152,0.542168,0.643530,0.136559,0.964861,0.180241,0.133821
42.1695,0.092155,0.541802,0.643470,0.138344,0.964643,0.179801,0.134148
42.1793,0.094247,0.541435,0.643376,0.140188,0.964427,0.179338,0.134407
42.1894,0.096335,0.541079,0.643225,0.142028,0.964213,0.178821,0.134702
42.1992,0.098411,0.540708,0.643083,0.143878,0.963991,0.178342,0.134961
42.2091,0.100278,0.540385,0.642969,0.145519,0.963780,0.177951,0.135225
42.2190,0.102036,0.540074,0.642853,0.147065,0.963587,0.177586,0.135410
42.2291,0.103581,0.539793,0.642765,0.148440,0.963401,0.177282,0.135627
42.2394,0.104968,0.539533,0.642704,0.149666,0.963236,0.177055,0.135751
42.2493,0.106182,0.539314,0.642644,0.150733,0.963080,0.176844,0.135952
42.2591,0.107197,0.539138,0.642545,0.151617,0.962973,0.176640,0.135988
42.2693,0.108076,0.538955,0.642539,0.152412,0.962852,0.176524,0.136110
42.2790,0.108860,0.538826,0.642467,0.153087,0.962767,0.176365,0.136157
42.2893,0.109525,0.538691,0.642469,0.153682,0.962675,0.176289,0.136241
42.2992,0.110102,0.538569,0.642464,0.154202,0.962600,0.176204,0.136288
42.3093,0.110604,0.538480,0.642462,0.154641,0.962532,0.176141,0.136353
42.3191,0.111056,0.538378,0.642478,0.155046,0.962469,0.176099,0.136397
42.3296,0.111456,0.538295,0.642487,0.155404,0.962411,0.176064,0.136443
42.3392,0.111849,0.538220,0.642498,0.155760,0.962356,0.176015,0.136484
42.3492,0.112144,0.538130,0.642542,0.156043,0.962303,0.176024,0.136525
42.3593,0.112452,0.538082,0.642537,0.156314,0.962264,0.175966,0.136562
42.3694,0.112681,0.538016,0.642581,0.156510,0.962228,0.175978,0.136581
42.3790,0.112883,0.537964,0.642610,0.156678,0.962197,0.175962,0.136625
42.3893,0.113050,0.537952,0.642598,0.156845,0.962169,0.175947,0.136649
42.3994,0.113190,0.537910,0.642617,0.156987,0.962147,0.175937,0.136657
42.4095,0.113291,0.537890,0.642614,0.157070,0.962133,0.175924,0.136674
42.4192,0.113394,0.537869,0.642623,0.157166,0.962116,0.175903,0.136709
42.4293,0.113468,0.537856,0.642637,0.157207,0.962108,0.175908,0.136714
42.4392,0.113541,0.537822,0.642698,0.157295,0.962081,0.175941,0.136763
42.4494,0.113664,0.537806,0.642715,0.157389,0.962058,0.175941,0.136816
42.4592,0.113815,0.537776,0.642738,0.157549,0.962027,0.175935,0.136853
42.4695,0.114008,0.537731,0.642809,0.157726,0.961981,0.175973,0.136927
42.4791,0.114248,0.537667,0.642869,0.157933,0.961932,0.175984,0.137016
42.4891,0.114497,0.537602,0.642946,0.158172,0.961878,0.176012,0.137086
42.4992,0.114762,0.537536,0.642977,0.158416,0.961829,0.176017,0.137140
42.5090,0.115028,0.537485,0.642980,0.158644,0.961792,0.175965,0.137200
42.5190,0.115293,0.537421,0.642998,0.158892,0.961748,0.175956,0.137235
42.5295,0.115564,0.537375,0.642988,0.159136,0.961709,0.175915,0.137278
42.5391,0.115786,0.537312,0.642986,0.159334,0.961674,0.175888,0.137326
42.5494,0.115972,0.537292,0.642973,0.159502,0.961647,0.175856,0.137364
42.5594,0.116142,0.537262,0.642939,0.159632,0.961632,0.175806,0.137380
42.5692,0.116275,0.537228,0.642972,0.159771,0.961598,0.175835,0.137419
42.5790,0.116382,0.537209,0.642954,0.159860,0.961586,0.175816,0.137424
42.5891,0.116463,0.537189,0.642970,0.159924,0.961570,0.175829,0.137449
42.5995,0.116534,0.537184,0.642954,0.159985,0.961564,0.175813,0.137438
42.6095,0.116573,0.537175,0.642976,0.160021,0.961547,0.175853,0.137466
42.6193,0.116598,0.537184,0.642947,0.160045,0.961545,0.175849,0.137457
42.6293,0.116613,0.537191,0.642925,0.160047,0.961548,0.175844,0.137442
42.6392,0.116593,0.537198,0.642929,0.160029,0.961544,0.175892,0.137426
42.6495,0.116592,0.537199,0.642906,0.160036,0.961545,0.175890,0.137415
42.6592,0.116611,0.537190,0.642921,0.160057,0.961536,0.175938,0.137392
42.6691,0.116641,0.537199,0.642908,0.160077,0.961531,0.175950,0.137389
42.6790,0.116695,0.537193,0.642900,0.160134,0.961521,0.175963,0.137377
42.6894,0.116775,0.537186,0.642902,0.160192,0.961508,0.175977,0.137382
42.6991,0.116851,0.537171,0.642912,0.160255,0.961490,0.176006,0.137397
42.7092,0.116938,0.537165,0.642907,0.160324,0.961475,0.176012,0.137408
42.7194,0.117016,0.537142,0.642913,0.160415,0.961459,0.176023,0.137400
42.7295,0.117099,0.537154,0.642888,0.160462,0.961455,0.176017,0.137380
42.7393,0.117152,0.537154,0.642914,0.160509,0.961442,0.176069,0.137352
42.7491,0.117215,0.537170,0.642876,0.160558,0.961440,0.176057,0.137324
42.7593,0.117256,0.537199,0.642826,0.160581,0.961449,0.176043,0.137251
42.7692,0.117319,0.537209,0.642821,0.160625,0.961444,0.176043,0.137235
42.7793,0.117325,0.537227,0.642814,0.160614,0.961448,0.176066,0.137190
42.7893,0.117320,0.537245,0.642789,0.160612,0.961454,0.176073,0.137142
42.7991,0.117306,0.537254,0.642782,0.160595,0.961462,0.176087,0.137093
42.8092,0.117274,0.537252,0.642790,0.160570,0.961465,0.176122,0.137049
42.8194,0.117232,0.537272,0.642760,0.160525,0.961481,0.176132,0.136979
42.8293,0.117181,0.537287,0.642716,0.160460,0.961507,0.176094,0.136925
42.8391,0.117140,0.537322,0.642649,0.160437,0.961526,0.176081,0.136832
42.8493,0.117111,0.537350,0.642588,0.160374,0.961551,0.176045,0.136780
42.8592,0.117053,0.537400,0.642491,0.160316,0.961584,0.175995,0.136680
42.8691,0.117033,0.537455,0.642361,0.160276,0.961620,0.175910,0.136578
42.8792,0.117007,0.537498,0.642272,0.160231,0.961649,0.175864,0.136487
42.8892,0.117003,0.537577,0.642106,0.160190,0.961695,0.175746,0.136366
42.8992,0.116998,0.537638,0.641950,0.160164,0.961734,0.175644,0.136253
42.9095,0.116985,0.537682,0.641803,0.160119,0.961779,0.175538,0.136125
42.9191,0.116995,0.537745,0.641571,0.160099,0.961834,0.175368,0.135974
42.9293,0.116999,0.537813,0.641338,0.160042,0.961897,0.175202,0.135816
42.9391,0.117002,0.537878,0.641116,0.160026,0.961944,0.175059,0.135683
42.9495,0.117007,0.537933,0.640869,0.159986,0.962003,0.174887,0.135533
42.9589,0.117008,0.537981,0.640631,0.159961,0.962056,0.174729,0.135393
42.9692,0.116991,0.538005,0.640439,0.159929,0.962100,0.174606,0.135277
42.9791,0.116981,0.538025,0.640246,0.159913,0.962139,0.174493,0.135158
42.9891,0.116976,0.538031,0.640089,0.159891,0.962174,0.174389,0.135071
42.9991,0.116954,0.538046,0.639936,0.159869,0.962208,0.174310,0.134961
