t_rel_s,q1,q2,q3,q4,q5,q6,qd1,qd2,qd3,qd4,qd5,qd6,eff1,eff2,eff3,eff4,eff5,eff6
0.6788,-2.252273,-1.661794,1.059197,-1.339342,-1.509028,2.859826,-0.000050,-0.015441,0.272680,0.002082,-0.000000,-0.008887,0.3348,-2.2586,-0.7671,-0.1873,-0.0369,-0.1447
0.6888,-2.252295,-1.661942,1.061917,-1.339243,-1.509035,2.859735,0.001227,-0.017841,0.272586,0.003936,-0.000000,-0.007285,0.4606,-2.4651,-0.9983,-0.1506,-0.0344,-0.1539
0.6988,-2.252284,-1.662164,1.064625,-1.339239,-1.509078,2.859658,0.001917,-0.023450,0.259349,0.002278,-0.000000,-0.006877,0.6658,-2.7183,-1.2414,-0.2056,-0.0256,-0.1508
0.7088,-2.252217,-1.662410,1.067185,-1.339191,-1.509047,2.859602,0.005960,-0.028735,0.256805,0.007852,-0.000000,-0.006046,0.5223,-2.3694,-0.8393,-0.1965,-0.0239,-0.1664
0.7189,-2.252153,-1.662675,1.069788,-1.339198,-1.509028,2.859539,0.008580,-0.035039,0.245573,0.001931,-0.000000,-0.005526,0.6821,-2.6323,-1.0779,-0.1884,-0.0121,-0.1478
0.7290,-2.252075,-1.663037,1.072182,-1.339092,-1.509059,2.859494,0.010669,-0.039911,0.235078,0.006769,-0.000000,-0.005692,0.5763,-2.7554,-1.1304,-0.2709,-0.0240,-0.1517
0.7392,-2.251980,-1.663451,1.074468,-1.339138,-1.509032,2.859471,0.010746,-0.044676,0.221578,0.001421,-0.000000,-0.005462,0.5624,-2.8610,-1.0922,-0.2254,-0.0255,-0.1558
0.7490,-2.251857,-1.663933,1.076610,-1.339087,-1.509082,2.859418,0.012016,-0.058146,0.222081,0.004828,-0.000000,-0.004594,0.6558,-2.7439,-0.6293,-0.1456,-0.0104,-0.1492
0.7591,-2.251745,-1.664567,1.078858,-1.339048,-1.509047,2.859366,0.010832,-0.069114,0.218539,0.002058,-0.000000,-0.004182,0.5714,-2.8145,-1.1014,-0.1950,-0.0105,-0.1585
0.7692,-2.251624,-1.665240,1.080969,-1.339023,-1.509047,2.859333,0.008774,-0.076072,0.210130,0.002177,-0.000000,-0.003692,0.5687,-2.7190,-1.1644,-0.2138,-0.0166,-0.1640
0.7789,-2.251553,-1.666033,1.083000,-1.339008,-1.509051,2.859290,0.008049,-0.077198,0.206568,0.001424,-0.000000,-0.003854,0.4655,-2.2264,-0.6206,-0.1187,-0.0068,-0.1567
0.7890,-2.251488,-1.666881,1.085096,-1.339008,-1.509063,2.859258,0.006624,-0.076516,0.222476,0.002985,-0.000000,-0.003367,0.5529,-2.4215,-0.3822,-0.0957,-0.0083,-0.1739
0.7995,-2.251440,-1.667730,1.087313,-1.338979,-1.509047,2.859246,0.005748,-0.084308,0.222622,0.001638,-0.000000,-0.001607,0.4848,-2.2469,-0.7388,-0.1844,-0.0267,-0.1565
0.8091,-2.251349,-1.668580,1.089535,-1.338959,-1.509066,2.859222,0.005882,-0.079407,0.232274,0.002293,-0.000000,-0.002673,0.4383,-1.7244,-0.2530,-0.1444,-0.0311,-0.1492
0.8191,-2.251313,-1.669424,1.091863,-1.338960,-1.509032,2.859191,0.004619,-0.079543,0.238739,0.001380,-0.000000,-0.001840,0.4371,-1.7774,-0.4288,-0.1598,-0.0366,-0.1495
0.8293,-2.251327,-1.670198,1.094343,-1.338923,-1.509036,2.859178,0.003266,-0.073461,0.255518,0.003127,-0.000000,-0.001633,0.4577,-1.7745,-0.5023,-0.1614,-0.0294,-0.1507
0.8392,-2.251256,-1.670951,1.096923,-1.338923,-1.509063,2.859178,0.002756,-0.069357,0.260102,0.000819,-0.000000,-0.001983,0.3574,-1.6810,-0.5551,-0.1833,-0.0349,-0.1576
0.8490,-2.251263,-1.671617,1.099599,-1.338931,-1.509044,2.859150,0.001929,-0.058509,0.273298,0.000353,-0.000000,-0.001562,0.3515,-1.4464,-0.2761,-0.1214,-0.0660,-0.1541
0.8591,-2.251263,-1.672175,1.102360,-1.338880,-1.509044,2.859134,0.002071,-0.058430,0.273568,0.001352,-0.000000,-0.001623,0.4273,-1.7599,-0.8169,-0.2333,-0.1219,-0.1617
0.8693,-2.251212,-1.672694,1.105115,-1.338875,-1.509063,2.859129,0.002224,-0.049877,0.273557,0.000606,-0.002885,-0.001607,0.4105,-1.6669,-0.6038,-0.2053,-0.1868,-0.1595
0.8792,-2.251200,-1.673176,1.107834,-1.338883,-1.509107,2.859114,0.002012,-0.038491,0.278025,0.000387,-0.006033,-0.001585,0.4506,-1.6220,-0.6066,-0.1974,-0.1696,-0.1633
0.8888,-2.251204,-1.673558,1.110581,-1.338887,-1.509167,2.859078,0.001028,-0.032417,0.280856,0.000330,-0.006486,-0.001374,0.4521,-1.7521,-0.4724,-0.1616,-0.1452,-0.1585
0.8991,-2.251176,-1.673842,1.113356,-1.338883,-1.509216,2.859074,0.001113,-0.031638,0.273948,0.000301,-0.003608,-0.001272,0.5008,-2.0587,-1.0670,-0.2502,-0.1506,-0.1590
0.9089,-2.251168,-1.674124,1.116060,-1.338875,-1.509223,2.859062,0.002146,-0.016658,0.282942,0.000285,-0.002912,-0.001223,0.3054,-1.7223,-0.2260,-0.1705,-0.1625,-0.1392
0.9190,-2.251179,-1.674308,1.118886,-1.338864,-1.509279,2.859050,0.000741,-0.018549,0.281031,0.000448,-0.002809,-0.000991,0.5037,-2.0134,-0.5206,-0.2089,-0.1839,-0.1580
0.9290,-2.251140,-1.674452,1.121721,-1.338839,-1.509346,2.859031,0.001696,-0.015413,0.285165,0.000330,-0.003709,-0.001097,0.4437,-2.0074,-0.9327,-0.2395,-0.1798,-0.1444
0.9391,-2.251121,-1.674592,1.124531,-1.338840,-1.509351,2.859007,0.000953,-0.013444,0.278880,0.000153,-0.004599,-0.000851,0.5014,-2.0977,-0.8356,-0.2534,-0.1805,-0.1599
0.9490,-2.251143,-1.674668,1.127343,-1.338856,-1.509414,2.859026,0.001174,-0.004857,0.298994,0.000427,-0.007378,-0.000695,0.3931,-1.7329,-0.1286,-0.1126,-0.1824,-0.1417
0.9594,-2.251128,-1.674767,1.130405,-1.338856,-1.509531,2.859049,0.000753,-0.016838,0.296426,0.000452,-0.006689,-0.000693,0.5459,-2.2541,-0.8352,-0.2478,-0.1741,-0.1484
0.9689,-2.251111,-1.674957,1.133402,-1.338803,-1.509568,2.858980,0.001991,-0.016830,0.296422,0.000402,-0.005260,-0.000696,0.4683,-2.1937,-1.2414,-0.2743,-0.1896,-0.1396
0.9788,-2.251104,-1.675101,1.136285,-1.338796,-1.509624,2.859002,0.001273,-0.014963,0.285159,0.000195,-0.006124,-0.000599,0.4971,-2.0954,-0.5720,-0.2466,-0.1780,-0.1409
0.9890,-2.251092,-1.675198,1.139171,-1.338817,-1.509694,2.858990,0.000774,-0.009938,0.299782,0.000178,-0.006154,-0.000506,0.4912,-2.0561,-0.3586,-0.1890,-0.1831,-0.1446
0.9990,-2.251080,-1.675400,1.142143,-1.338789,-1.509763,2.859025,0.000867,-0.020426,0.291984,0.000040,-0.006227,-0.000516,0.6284,-2.2730,-1.0390,-0.2891,-0.1591,-0.1507
1.0089,-2.251056,-1.675560,1.145033,-1.338796,-1.509803,2.858978,0.001674,-0.008892,0.307465,0.000357,-0.004698,-0.000493,0.3393,-1.4834,0.1321,-0.1159,-0.1813,-0.1558
1.0189,-2.251044,-1.675668,1.148116,-1.338892,-1.509859,2.858990,0.000892,-0.012055,0.322126,0.000744,-0.004807,-0.000445,0.4785,-1.5717,0.4244,-0.0844,-0.2016,-0.1469
1.0290,-2.251024,-1.675847,1.151600,-1.338757,-1.509892,2.858994,0.001639,-0.004859,0.377542,0.012114,-0.005256,-0.000417,0.4120,-1.0526,0.4812,-0.0613,-0.1836,-0.1443
1.0391,-2.250996,-1.676030,1.155455,-1.338792,-1.509924,2.858978,0.003846,-0.019831,0.399623,0.001869,-0.003243,-0.000394,0.3905,-1.8104,-0.0680,-0.1002,-0.2048,-0.1359
1.0491,-2.250964,-1.676194,1.159548,-1.338644,-1.510019,2.858994,0.002526,-0.011216,0.426303,0.011432,-0.005108,-0.000393,0.3865,-1.5383,-0.1123,-0.1269,-0.1846,-0.1509
1.0591,-2.250948,-1.676329,1.163937,-1.338656,-1.510012,2.858998,0.001365,-0.015508,0.430445,0.002052,-0.003420,-0.000432,0.6271,-2.3033,-1.0739,-0.1533,-0.1866,-0.1353
1.0691,-2.250924,-1.676425,1.168231,-1.338433,-1.510072,2.858973,0.002690,-0.012158,0.420181,0.009338,-0.003897,-0.000402,0.4256,-1.8090,-0.6519,-0.2098,-0.1910,-0.1292
1.0790,-2.250908,-1.676417,1.172304,-1.338441,-1.510116,2.859017,0.001859,-0.003893,0.410170,0.003553,-0.003150,-0.000350,0.5334,-1.8875,-0.6898,-0.1402,-0.1846,-0.1167
1.0890,-2.250907,-1.676421,1.176330,-1.338397,-1.510151,2.858939,0.001712,-0.000179,0.400425,0.008621,-0.003005,-0.000250,0.5031,-2.2002,-0.9547,-0.1646,-0.1961,-0.0875
1.0991,-2.250888,-1.676417,1.180226,-1.338239,-1.510176,2.858970,0.001068,-0.001460,0.378806,0.008254,-0.003742,-0.000068,0.6713,-2.7641,-1.7329,-0.2633,-0.1772,-0.0434
1.1089,-2.250849,-1.676460,1.183848,-1.338205,-1.510187,2.858974,0.002250,0.001897,0.365220,0.012113,-0.001800,0.002787,0.4250,-1.8698,-0.7068,-0.1918,-0.2096,0.0203
1.1191,-2.250849,-1.676453,1.187381,-1.338189,-1.510216,2.859033,0.001079,-0.005943,0.344919,0.002956,-0.003156,0.004252,0.5178,-1.9677,-1.1880,-0.1737,-0.1917,0.0809
1.1295,-2.250825,-1.676489,1.190764,-1.338042,-1.510267,2.859078,0.001696,-0.001801,0.322655,0.009506,-0.002317,0.006878,0.5716,-2.1857,-1.5266,-0.2394,-0.1919,0.0740
1.1389,-2.250816,-1.676496,1.193867,-1.338050,-1.510267,2.859130,0.000832,-0.000566,0.298018,0.003562,-0.002124,0.008571,0.4567,-2.2872,-1.5478,-0.1894,-0.1958,0.0897
1.1488,-2.250809,-1.676457,1.196731,-1.337966,-1.510261,2.859214,0.000527,0.006842,0.289393,0.011553,-0.004013,0.009294,0.3853,-1.8805,-0.8200,-0.1798,-0.1939,0.0888
1.1589,-2.250809,-1.676441,1.199550,-1.337888,-1.510316,2.859270,0.000000,-0.004296,0.268935,0.003696,-0.002144,0.010032,0.4093,-2.2564,-1.4256,-0.2032,-0.1879,0.0756
1.1690,-2.250828,-1.676429,1.202154,-1.337791,-1.510313,2.859342,0.001210,-0.000000,0.249892,0.006435,-0.001640,0.010012,0.3553,-2.3356,-1.5775,-0.2494,-0.1987,0.1091
1.1790,-2.250812,-1.676422,1.204474,-1.337807,-1.510356,2.859378,0.000424,-0.000343,0.231366,0.003697,-0.002006,0.008898,0.4163,-2.0088,-1.0129,-0.1792,-0.1786,0.0979
1.1891,-2.250819,-1.676453,1.206769,-1.337838,-1.510375,2.859438,0.000267,0.000589,0.232379,0.005548,-0.001912,0.009109,0.3469,-1.7171,-0.7477,-0.1094,-0.1952,0.1143
1.1987,-2.250819,-1.676529,1.209031,-1.337716,-1.510388,2.859483,0.000060,-0.006210,0.219234,0.004105,-0.001421,0.009406,0.4356,-1.8258,-1.0817,-0.1865,-0.1882,0.0996
1.2092,-2.250789,-1.676565,1.211172,-1.337679,-1.510408,2.859503,0.000899,0.000549,0.223702,0.006252,-0.001259,0.009439,0.2886,-1.3488,-0.6554,-0.1439,-0.1969,0.1274
1.2192,-2.250789,-1.676577,1.213405,-1.337726,-1.510404,2.859575,0.000120,-0.002301,0.220389,0.001449,-0.001343,0.009449,0.4261,-1.6280,-0.5537,-0.1154,-0.1979,0.0969
1.2288,-2.250807,-1.676565,1.215685,-1.337579,-1.510440,2.859666,0.000141,0.005853,0.234775,0.007219,-0.001925,0.008092,0.3011,-1.3777,-0.4898,-0.1759,-0.1941,0.1109
1.2390,-2.250789,-1.676537,1.218011,-1.337612,-1.510436,2.859698,0.000197,-0.000069,0.235585,0.000774,-0.001225,0.007601,0.3711,-1.1567,-0.7784,-0.1616,-0.1880,0.1223
1.2491,-2.250792,-1.676485,1.220411,-1.337560,-1.510436,2.859798,0.000338,0.006349,0.249868,0.004572,-0.000621,0.008229,0.3068,-0.7510,-0.4955,-0.1033,-0.1842,0.1013
1.2590,-2.250785,-1.676417,1.222981,-1.337552,-1.510460,2.859831,0.000171,0.004568,0.253460,0.001632,-0.002016,0.007818,0.3904,-1.5117,-0.9874,-0.1749,-0.1720,0.1062
1.2691,-2.250792,-1.676382,1.225589,-1.337499,-1.510444,2.859910,0.001109,0.007264,0.256895,0.003144,-0.000840,0.007120,0.3144,-1.0895,-0.8312,-0.1882,-0.1830,0.1061
1.2796,-2.250777,-1.676298,1.228153,-1.337511,-1.510480,2.859954,0.000116,0.005366,0.257604,0.001642,-0.000931,0.006603,0.3838,-1.0566,-0.6955,-0.1995,-0.1753,0.1144
1.2890,-2.250780,-1.676250,1.230658,-1.337515,-1.510504,2.859971,0.000141,0.008192,0.258484,0.000812,-0.000638,0.005498,0.3145,-1.2401,-0.9485,-0.2122,-0.1759,0.1180
1.2990,-2.250777,-1.676171,1.233255,-1.337504,-1.510504,2.860057,0.000051,0.004851,0.251428,0.000028,-0.000512,0.004570,0.4122,-1.7233,-1.3359,-0.3463,-0.1715,0.1216
1.3092,-2.250783,-1.676115,1.235752,-1.337503,-1.510488,2.860086,0.000263,0.011883,0.257646,0.000000,-0.000434,0.003317,0.2528,-1.3442,-0.6762,-0.3241,-0.1948,0.1222
1.3191,-2.250777,-1.676047,1.238275,-1.337579,-1.510504,2.860114,-0.000017,0.002660,0.250699,-0.008414,-0.000506,0.004376,0.3514,-1.4870,-0.8433,-0.3308,-0.1863,0.1249
1.3292,-2.250780,-1.676058,1.240746,-1.337547,-1.510519,2.860135,-0.000000,0.000540,0.251087,-0.001461,-0.000506,0.003546,0.3613,-1.3256,-1.0609,-0.4666,-0.1858,0.1292
1.3391,-2.250761,-1.676035,1.243173,-1.337671,-1.510496,2.860167,-0.000000,0.002236,0.234035,-0.009302,-0.000777,0.003018,0.3880,-1.7092,-1.5021,-0.4810,-0.1904,0.1245
1.3495,-2.250795,-1.676023,1.245394,-1.337675,-1.510500,2.860191,-0.000000,-0.000001,0.216315,-0.005325,-0.000499,0.002920,0.4188,-1.2314,-1.1479,-0.5126,-0.1722,0.1151
1.3588,-2.250780,-1.675971,1.247447,-1.337762,-1.510543,2.860203,0.000093,0.001391,0.190966,-0.011136,-0.000545,0.002138,0.3586,-1.6730,-1.6292,-0.5002,-0.1678,0.1127
1.3691,-2.250765,-1.675935,1.249236,-1.337838,-1.510516,2.860227,0.000223,0.005218,0.166893,-0.007071,-0.000386,0.001706,0.3388,-1.8437,-1.7401,-0.5551,-0.1872,0.1191
1.3792,-2.250777,-1.675912,1.250738,-1.337863,-1.510532,2.860278,0.000069,0.002714,0.144753,-0.005129,-0.000488,0.001205,0.3615,-1.4414,-1.4540,-0.5209,-0.1805,0.1176
1.3892,-2.250783,-1.675887,1.252102,-1.337966,-1.510520,2.860298,0.000050,0.004381,0.133893,-0.008784,-0.001433,0.001600,0.3179,-1.2552,-1.0906,-0.4722,-0.2184,0.1062
1.3991,-2.250783,-1.675887,1.253379,-1.338077,-1.510568,2.860263,0.000039,0.001197,0.122827,-0.011251,-0.004425,0.001552,0.3390,-1.3884,-1.3926,-0.5137,-0.2177,0.1069
1.4091,-2.250753,-1.675912,1.254579,-1.338152,-1.510644,2.860291,0.000040,0.009537,0.129920,-0.008168,-0.007922,0.001123,0.4159,-0.8709,-0.5046,-0.4705,-0.1846,0.1062
1.4191,-2.250749,-1.675871,1.255919,-1.338361,-1.510711,2.860256,0.000440,0.004937,0.139940,-0.017784,-0.004547,0.000680,0.4793,-0.8422,-0.3596,-0.3827,-0.2032,0.0636
1.4290,-2.250725,-1.675800,1.257538,-1.338453,-1.510721,2.860310,0.002345,0.011908,0.174791,-0.011465,-0.003811,0.000408,0.5519,-0.5806,-0.3336,-0.4821,-0.1907,0.0209
1.4391,-2.250684,-1.675741,1.259370,-1.338687,-1.510768,2.860294,0.006157,0.007163,0.188998,-0.025839,-0.002474,0.000000,0.5523,-0.6504,-0.5033,-0.4622,-0.1943,-0.0408
1.4492,-2.250609,-1.675676,1.261334,-1.338899,-1.510804,2.860279,0.008275,0.015853,0.208962,-0.024586,-0.002206,-0.001877,0.5052,-0.5421,-0.3508,-0.5081,-0.2054,-0.0645
1.4590,-2.250525,-1.675466,1.263506,-1.339253,-1.510855,2.860270,0.009106,0.014419,0.215604,-0.034321,-0.003456,-0.002606,0.6557,-1.0076,-0.8952,-0.4918,-0.2080,-0.0645
1.4689,-2.250425,-1.675298,1.265711,-1.339525,-1.510895,2.860246,0.011288,0.018477,0.219139,-0.032463,-0.004781,-0.001299,0.5827,-0.7622,-0.6460,-0.5453,-0.2299,-0.0774
1.4789,-2.250317,-1.675076,1.267868,-1.339891,-1.510920,2.860223,0.011224,0.020420,0.218518,-0.037015,-0.005759,-0.001823,0.6645,-0.8881,-0.9941,-0.5100,-0.2065,-0.0744
1.4891,-2.250204,-1.674880,1.270020,-1.340262,-1.510999,2.860176,0.010603,0.022274,0.218016,-0.035310,-0.005853,-0.003067,0.5607,-1.0770,-1.0281,-0.5270,-0.2168,-0.1054
1.4991,-2.250108,-1.674684,1.272208,-1.340590,-1.511072,2.860162,0.010251,0.018799,0.209717,-0.035085,-0.007761,-0.004568,0.5981,-1.3501,-1.3074,-0.6208,-0.1839,-0.0853
1.5089,-2.249981,-1.674442,1.274221,-1.340952,-1.511131,2.860116,0.009191,0.026784,0.211934,-0.036515,-0.006237,-0.005054,0.4384,-0.8241,-0.7865,-0.5682,-0.2110,-0.1047
1.5189,-2.249909,-1.674218,1.276302,-1.341422,-1.511180,2.860067,0.008680,0.022299,0.209950,-0.044305,-0.007140,-0.005431,0.4489,-1.0863,-0.8177,-0.5306,-0.2027,-0.1122
1.5289,-2.249853,-1.673998,1.278385,-1.341778,-1.511291,2.860042,0.006267,0.024634,0.210320,-0.042160,-0.007424,-0.006106,0.4635,-1.0362,-1.1707,-0.6431,-0.1895,-0.1121
1.5390,-2.249781,-1.673728,1.280449,-1.342344,-1.511273,2.860006,0.005539,0.023007,0.204390,-0.054636,-0.006020,-0.006316,0.4383,-1.1378,-1.1069,-0.5418,-0.2110,-0.1180
1.5489,-2.249749,-1.673493,1.282455,-1.342830,-1.511395,2.859973,0.003338,0.029987,0.215383,-0.049398,-0.009923,-0.007111,0.4636,-0.9429,-0.8795,-0.5437,-0.2062,-0.1254
1.5587,-2.249686,-1.673261,1.284649,-1.343365,-1.511496,2.859900,0.002986,0.021988,0.209511,-0.055017,-0.010689,-0.009002,0.5006,-1.2257,-1.0929,-0.5263,-0.2048,-0.1182
1.5689,-2.249700,-1.673015,1.286708,-1.343879,-1.511611,2.859882,0.002496,0.021585,0.204832,-0.048597,-0.012180,-0.008654,0.5252,-1.1336,-1.4688,-0.6233,-0.2000,-0.1137
1.5788,-2.249688,-1.672815,1.288675,-1.344405,-1.511712,2.859808,0.001555,0.021731,0.190585,-0.050450,-0.013353,-0.009055,0.4746,-1.1094,-1.1165,-0.5879,-0.2103,-0.1138
1.5890,-2.249691,-1.672579,1.290578,-1.344872,-1.511915,2.859786,0.000594,0.026148,0.191334,-0.046035,-0.025530,-0.009051,0.3807,-0.9004,-0.8612,-0.5708,-0.2418,-0.1304
1.5992,-2.249679,-1.672336,1.292472,-1.345367,-1.512235,2.859723,0.000563,0.020625,0.177046,-0.052027,-0.037044,-0.008148,0.5262,-1.1338,-1.1980,-0.5419,-0.2285,-0.1301
1.6089,-2.249640,-1.672121,1.294214,-1.345809,-1.512694,2.859647,0.001808,0.025388,0.170620,-0.045488,-0.051718,-0.007343,0.3429,-0.8999,-1.0255,-0.5593,-0.3129,-0.1341
1.6191,-2.249640,-1.671867,1.295821,-1.346304,-1.513306,2.859610,0.000744,0.024931,0.158773,-0.046398,-0.072370,-0.007145,0.5314,-0.9968,-1.3182,-0.5133,-0.3561,-0.1427
1.6291,-2.249628,-1.671585,1.297331,-1.346667,-1.514252,2.859555,0.001114,0.030859,0.151829,-0.036390,-0.105281,-0.006178,0.3417,-0.7951,-1.2179,-0.5555,-0.3530,-0.1383
1.6389,-2.249601,-1.671265,1.298800,-1.347074,-1.515449,2.859542,0.000883,0.030856,0.142879,-0.037159,-0.135952,-0.005691,0.4317,-0.8679,-1.2285,-0.5161,-0.3381,-0.1439
1.6492,-2.249592,-1.670958,1.300120,-1.347404,-1.516945,2.859474,0.000898,0.037599,0.140381,-0.027931,-0.168609,-0.006270,0.3561,-0.6767,-0.9291,-0.5394,-0.4290,-0.1518
1.6591,-2.249604,-1.670627,1.301506,-1.347700,-1.518863,2.859426,0.000366,0.035049,0.134940,-0.029350,-0.202971,-0.005521,0.5879,-1.0071,-1.2150,-0.5358,-0.4242,-0.1221
1.6693,-2.249577,-1.670252,1.302852,-1.347958,-1.521028,2.859387,0.000923,0.038647,0.138274,-0.021594,-0.236074,-0.004794,0.3878,-0.7007,-0.8633,-0.5533,-0.4673,-0.1389
1.6791,-2.249552,-1.669851,1.304195,-1.348191,-1.523669,2.859338,0.000675,0.042291,0.140961,-0.020816,-0.275903,-0.004246,0.4087,-0.7070,-0.8051,-0.5435,-0.4220,-0.1485
1.6893,-2.249584,-1.669476,1.305567,-1.348418,-1.526506,2.859325,0.000941,0.044376,0.153640,-0.017790,-0.312794,-0.003665,0.4286,-0.6749,-0.6823,-0.5312,-0.4299,-0.1324
1.6990,-2.249565,-1.669041,1.307176,-1.348617,-1.529773,2.859286,0.000687,0.040108,0.154967,-0.022271,-0.337769,-0.003587,0.5185,-0.9326,-1.0023,-0.5622,-0.3188,-0.1530
1.7089,-2.249525,-1.668619,1.308782,-1.348788,-1.533255,2.859242,0.001513,0.042185,0.163176,-0.018829,-0.348912,-0.003513,0.4148,-0.6288,-0.8018,-0.5708,-0.3441,-0.1548
1.7191,-2.249544,-1.668189,1.310361,-1.349055,-1.536733,2.859206,0.001819,0.038783,0.155710,-0.025506,-0.341143,-0.003371,0.6116,-1.0477,-1.1503,-0.5392,-0.2741,-0.1341
1.7292,-2.249517,-1.667786,1.311936,-1.349216,-1.540047,2.859202,0.001306,0.040017,0.150856,-0.017599,-0.322152,-0.002969,0.5963,-1.1577,-1.5092,-0.6189,-0.2279,-0.1475
1.7391,-2.249539,-1.667355,1.313360,-1.349407,-1.543097,2.859154,0.001573,0.037626,0.138439,-0.019823,-0.294150,-0.002529,0.6471,-1.2849,-1.4596,-0.5884,-0.2181,-0.1511
1.7491,-2.249523,-1.666966,1.314715,-1.349631,-1.545879,2.859130,0.002117,0.040795,0.142903,-0.015612,-0.281664,-0.001382,0.6246,-0.9525,-0.8889,-0.5090,-0.3024,-0.1360
1.7591,-2.249488,-1.666630,1.316110,-1.349814,-1.548665,2.859138,0.005965,0.030014,0.139598,-0.017083,-0.269853,-0.001396,0.7096,-1.2518,-1.2426,-0.5175,-0.2497,-0.1435
1.7689,-2.249376,-1.666332,1.317553,-1.349875,-1.551198,2.859169,0.008569,0.026894,0.139506,-0.010927,-0.254847,-0.001520,0.7123,-1.1112,-1.2052,-0.5942,-0.2115,-0.1653
1.7790,-2.249249,-1.666069,1.318904,-1.350093,-1.553590,2.859126,0.012289,0.024578,0.140043,-0.014563,-0.243651,-0.001273,0.6587,-0.9270,-0.6080,-0.4993,-0.3283,-0.1431
1.7891,-2.249133,-1.665877,1.320394,-1.350198,-1.556057,2.859098,0.013106,0.027975,0.165188,-0.008532,-0.258438,-0.001044,0.5144,-0.8693,-0.5141,-0.4615,-0.3501,-0.1536
1.7989,-2.248994,-1.665673,1.322135,-1.350313,-1.558724,2.859121,0.013790,0.016213,0.174631,-0.009563,-0.262180,-0.001526,0.6344,-1.1278,-0.8371,-0.5333,-0.2864,-0.1532
1.8091,-2.248881,-1.665530,1.323945,-1.350349,-1.561367,2.859086,0.013476,0.020001,0.198208,-0.003643,-0.262936,-0.001126,0.5357,-0.7032,-0.0883,-0.4962,-0.2909,-0.1702
1.8190,-2.248752,-1.665397,1.326035,-1.350523,-1.564030,2.859069,0.013599,0.013242,0.215135,-0.011107,-0.259258,-0.001043,0.6087,-1.0183,-0.1911,-0.4020,-0.2625,-0.1445
1.8290,-2.248625,-1.665260,1.328357,-1.350457,-1.566600,2.859046,0.012223,0.014259,0.255525,-0.001152,-0.252328,-0.000990,0.5937,-0.6913,-0.1205,-0.4608,-0.2639,-0.1402
1.8388,-2.248513,-1.665226,1.331013,-1.350521,-1.569106,2.859031,0.011842,0.002213,0.264154,-0.010970,-0.233205,-0.000958,0.6070,-1.0224,-0.7503,-0.4878,-0.2627,-0.1624
1.8491,-2.248420,-1.665202,1.333683,-1.350549,-1.571366,2.859019,0.009220,0.004558,0.267880,-0.003756,-0.214503,-0.000903,0.5828,-1.2109,-1.0359,-0.5700,-0.1866,-0.1389
1.8589,-2.248363,-1.665143,1.336336,-1.350600,-1.573386,2.859045,0.007172,0.000652,0.259030,-0.005792,-0.185997,-0.000812,0.5290,-1.4892,-1.6945,-0.6222,-0.1568,-0.1491
1.8691,-2.248276,-1.665056,1.338795,-1.350620,-1.575028,2.859045,0.006240,0.000000,0.232158,-0.003698,-0.156128,-0.000751,0.4874,-1.2625,-1.3624,-0.6312,-0.1813,-0.1554
1.8789,-2.248205,-1.665028,1.341049,-1.350696,-1.576417,2.859018,0.003974,0.003159,0.215595,-0.005593,-0.124400,-0.000675,0.5590,-1.2343,-1.2937,-0.5956,-0.2175,-0.1530
1.8890,-2.248204,-1.665011,1.343073,-1.350747,-1.577513,2.859025,0.003209,0.007035,0.199772,-0.002719,-0.101796,-0.000578,0.5407,-1.1738,-1.3678,-0.5704,-0.1526,-0.1350
1.8989,-2.248176,-1.664979,1.344975,-1.350767,-1.578347,2.859002,0.001798,0.007604,0.180861,-0.004008,-0.074617,-0.000564,0.5662,-1.2475,-1.6950,-0.5801,-0.1416,-0.1554
1.9089,-2.248153,-1.664888,1.346715,-1.350790,-1.578926,2.859052,0.001449,0.021436,0.186615,-0.000863,-0.050457,-0.000574,0.3448,-0.6132,-0.5940,-0.4673,-0.1644,-0.1479
1.9192,-2.248129,-1.664732,1.348557,-1.350849,-1.579299,2.859006,0.000874,0.018285,0.188753,-0.005319,-0.032860,-0.000571,0.4385,-0.7985,-0.6693,-0.4226,-0.1915,-0.1367
1.9292,-2.248129,-1.664616,1.350507,-1.350836,-1.579547,2.858978,0.001020,0.020003,0.204830,-0.001023,-0.020416,-0.000548,0.4026,-0.5393,-0.7681,-0.4439,-0.1792,-0.1392
1.9389,-2.248132,-1.664382,1.352600,-1.350860,-1.579679,2.858978,0.001146,0.019677,0.208742,-0.000478,-0.009938,-0.000503,0.5471,-0.7696,-0.6383,-0.4796,-0.1793,-0.1517
1.9490,-2.248101,-1.664139,1.354832,-1.350863,-1.579684,2.858959,0.000983,0.030405,0.241282,-0.000346,-0.000843,-0.000439,0.4180,-0.4930,-0.0996,-0.3928,-0.1002,-0.1469
1.9589,-2.248104,-1.663880,1.357279,-1.350887,-1.579700,2.858990,0.000624,0.020055,0.247214,-0.000704,0.000516,-0.000357,0.5618,-0.9906,-0.7848,-0.5266,-0.0273,-0.1479
1.9690,-2.248092,-1.663664,1.359846,-1.350824,-1.579625,2.858978,0.001964,0.022512,0.253904,-0.000386,0.003227,-0.000358,0.4115,-1.0459,-1.1594,-0.5751,0.0039,-0.1385
1.9789,-2.248108,-1.663438,1.362351,-1.350890,-1.579612,2.858998,0.000648,0.020934,0.247978,-0.003912,0.003742,-0.000348,0.4944,-1.1975,-1.1203,-0.5753,-0.0020,-0.1384
1.9890,-2.248061,-1.663222,1.364785,-1.350865,-1.579612,2.858970,0.000920,0.021684,0.248424,-0.001828,0.000563,-0.000350,0.5341,-0.9635,-0.8303,-0.5279,-0.0772,-0.1408
1.9989,-2.248102,-1.663050,1.367230,-1.350892,-1.579632,2.858985,0.000653,0.015687,0.232587,-0.004530,-0.001755,-0.000329,0.5566,-1.2075,-1.3232,-0.5913,-0.1818,-0.1432
2.0089,-2.248056,-1.662867,1.369492,-1.350883,-1.579672,2.858942,0.002021,0.017988,0.224021,-0.001174,-0.007774,-0.000331,0.5197,-1.1228,-1.2584,-0.5662,-0.2501,-0.1361
2.0190,-2.248067,-1.662648,1.371653,-1.350955,-1.579799,2.858932,0.002748,0.015917,0.209349,-0.003524,-0.014719,-0.000294,0.6755,-1.4235,-1.4782,-0.5708,-0.2260,-0.1434
2.0292,-2.247965,-1.662548,1.373612,-1.350947,-1.579928,2.858998,0.006227,0.014907,0.194784,-0.001203,-0.013505,-0.000256,0.7108,-1.2050,-1.0908,-0.5170,-0.2302,-0.1438
2.0391,-2.247924,-1.662373,1.375474,-1.350952,-1.580059,2.858958,0.009232,0.012525,0.180644,-0.000589,-0.013696,-0.000239,0.7560,-1.3523,-1.4045,-0.5346,-0.2353,-0.1317
2.0491,-2.247820,-1.662264,1.377249,-1.350952,-1.580172,2.858970,0.011385,0.013805,0.169987,-0.000444,-0.013996,-0.000257,0.7390,-1.2451,-1.3795,-0.5134,-0.2423,-0.1527
2.0590,-2.247680,-1.662165,1.378896,-1.350988,-1.580332,2.858958,0.012931,0.009014,0.158256,-0.000377,-0.014282,-0.000271,0.7704,-1.5389,-1.4833,-0.5560,-0.2121,-0.1392
2.0688,-2.247533,-1.662129,1.380435,-1.350924,-1.580455,2.858985,0.013616,0.005937,0.149398,-0.000269,-0.011622,-0.000250,0.6396,-1.3217,-1.4806,-0.5258,-0.2211,-0.1404
2.0792,-2.247390,-1.662030,1.381854,-1.351014,-1.580584,2.858973,0.013712,0.007242,0.143911,-0.000222,-0.010848,-0.000237,0.6708,-1.1371,-1.1966,-0.4966,-0.1995,-0.1382
2.0891,-2.247272,-1.661986,1.383327,-1.350983,-1.580664,2.858942,0.013026,0.008570,0.144633,-0.000216,-0.009193,-0.000224,0.6794,-1.0092,-1.1507,-0.4939,-0.1832,-0.1442
2.0990,-2.247156,-1.661969,1.384754,-1.350988,-1.580740,2.858939,0.011901,0.006573,0.139287,-0.000187,-0.006561,-0.000197,0.6547,-1.0410,-1.1947,-0.5224,-0.1827,-0.1375
2.1090,-2.247028,-1.661886,1.386132,-1.350960,-1.580773,2.858958,0.012708,0.015407,0.150340,-0.000147,-0.003963,-0.000168,0.5730,-0.6356,-0.5442,-0.4483,-0.1998,-0.1421
2.1192,-2.246912,-1.661755,1.387627,-1.351051,-1.580777,2.858965,0.012156,0.011813,0.157923,-0.000179,-0.003631,-0.000142,0.6312,-0.8690,-0.7520,-0.4721,-0.1961,-0.1436
2.1291,-2.246744,-1.661628,1.389295,-1.351003,-1.580852,2.858961,0.012841,0.012936,0.168842,-0.000142,-0.003353,-0.000147,0.6289,-0.7753,-0.8310,-0.4670,-0.1916,-0.1506
2.1390,-2.246613,-1.661516,1.390966,-1.351043,-1.580892,2.858965,0.013827,0.013118,0.171309,-0.000135,-0.002189,-0.000148,0.6451,-0.9108,-0.8215,-0.4851,-0.1979,-0.1402
2.1491,-2.246494,-1.661310,1.392735,-1.351034,-1.580896,2.858958,0.015118,0.020717,0.190329,-0.000120,-0.001950,-0.000135,0.7542,-0.6742,-0.5975,-0.4177,-0.1937,-0.1229
2.1589,-2.246322,-1.661181,1.394658,-1.351058,-1.580932,2.858946,0.016552,0.015449,0.194471,-0.000108,-0.002794,-0.000122,0.7473,-0.9655,-1.0218,-0.4882,-0.1915,-0.1310
2.1689,-2.246134,-1.661026,1.396612,-1.350991,-1.580928,2.858930,0.019416,0.017455,0.197808,-0.000098,-0.001314,-0.000127,0.6814,-0.9533,-1.1412,-0.5125,-0.2007,-0.1462
2.1790,-2.245925,-1.660827,1.398557,-1.351027,-1.580959,2.858961,0.023709,0.021805,0.189919,-0.000152,-0.002658,-0.000117,1.1222,-0.7045,-1.2863,-0.5244,-0.1917,-0.1324
2.1889,-2.245595,-1.660537,1.400383,-1.351003,-1.580995,2.858989,0.047423,0.040700,0.183343,-0.000824,-0.005443,-0.000105,1.2253,-0.4497,-1.1445,-0.4746,-0.1639,-0.1277
2.1990,-2.245063,-1.660111,1.402118,-1.351008,-1.581100,2.858946,0.061547,0.045304,0.160865,-0.000577,-0.008740,-0.000093,1.2506,-0.7389,-1.3159,-0.5211,-0.1840,-0.1453
2.2090,-2.244297,-1.659600,1.403637,-1.351015,-1.581210,2.858949,0.098615,0.079003,0.152714,-0.000341,-0.012073,-0.000097,2.2738,0.2636,-1.1601,-0.4768,-0.2273,-0.1329
2.2188,-2.243107,-1.658756,1.405036,-1.351078,-1.581483,2.858930,0.135790,0.100722,0.130747,-0.000531,-0.023842,-0.000093,2.7842,0.4128,-1.3228,-0.5092,-0.1400,-0.1308
2.2289,-2.241338,-1.657566,1.406219,-1.351062,-1.581659,2.858965,0.215901,0.160898,0.119694,-0.001216,-0.024283,-0.000096,2.9583,1.0069,-1.0973,-0.4864,-0.2287,-0.1253
2.2390,-2.238900,-1.655897,1.407290,-1.351131,-1.582127,2.858980,0.270668,0.185072,0.096074,-0.008914,-0.048341,-0.000092,2.4620,0.4465,-1.2918,-0.4750,-0.2174,-0.1357
2.2488,-2.235952,-1.653895,1.408130,-1.351154,-1.582707,2.858961,0.330871,0.231982,0.087252,-0.004234,-0.065052,-0.000086,3.0919,1.2567,-1.2244,-0.5459,-0.3063,-0.1324
2.2589,-2.232449,-1.651404,1.408885,-1.351306,-1.583627,2.858930,0.371118,0.251493,0.068803,-0.015722,-0.095087,-0.000092,2.1905,0.0583,-1.4484,-0.4680,-0.2626,-0.1352
2.2688,-2.228595,-1.648703,1.409510,-1.351302,-1.584523,2.858938,0.410612,0.278772,0.059752,-0.003825,-0.115612,-0.000087,2.3286,0.6947,-1.0903,-0.5656,-0.3037,-0.1310
2.2790,-2.224441,-1.645680,1.410076,-1.351504,-1.585923,2.858968,0.416875,0.295726,0.051231,-0.012551,-0.147895,-0.000082,1.6165,0.0056,-1.2090,-0.4657,-0.2462,-0.1226
2.2893,-2.220242,-1.642555,1.410600,-1.351470,-1.587313,2.858958,0.413462,0.308031,0.048978,-0.004226,-0.161765,-0.000000,1.1846,-0.4801,-1.3925,-0.5770,-0.4362,-0.1240
2.2990,-2.216161,-1.639402,1.411080,-1.351558,-1.589195,2.858915,0.391094,0.295640,0.042009,-0.010028,-0.186915,-0.000081,0.5819,-1.6701,-1.7445,-0.5743,-0.3261,-0.1348
2.3091,-2.212320,-1.636451,1.411497,-1.351601,-1.591049,2.858907,0.369815,0.292774,0.043637,-0.003094,-0.209401,-0.000074,1.1963,-0.6902,-1.5159,-0.5817,-0.4008,-0.1163
2.3190,-2.208696,-1.633572,1.411936,-1.351733,-1.593417,2.858934,0.340621,0.272900,0.035546,-0.013288,-0.235773,-0.000069,0.9331,-1.5310,-1.7065,-0.5461,-0.3500,-0.1114
2.3294,-2.205412,-1.631032,1.412302,-1.351761,-1.595801,2.858911,0.315870,0.254545,0.033042,-0.004042,-0.248920,-0.000064,0.8502,-1.4917,-1.7191,-0.5939,-0.3700,-0.1193
2.3390,-2.202474,-1.628698,1.412539,-1.351872,-1.598381,2.858918,0.283914,0.228287,0.027202,-0.008324,-0.259613,-0.000060,0.2221,-2.0229,-1.9002,-0.5612,-0.3381,-0.1264
2.3490,-2.199938,-1.626602,1.412794,-1.351928,-1.600955,2.858946,0.245980,0.198006,0.021528,-0.003859,-0.253940,-0.000056,0.7138,-1.2454,-1.5824,-0.5668,-0.3396,-0.1204
2.3590,-2.197708,-1.624778,1.413029,-1.351988,-1.603494,2.858918,0.208137,0.172493,0.017352,-0.008659,-0.247256,-0.000053,0.5199,-1.8018,-1.6458,-0.5318,-0.2668,-0.1266
2.3690,-2.195800,-1.623148,1.413205,-1.352008,-1.605718,2.858949,0.173518,0.147355,0.016324,-0.002744,-0.223360,-0.000050,0.1536,-1.9594,-1.7272,-0.5733,-0.2380,-0.1079
2.3789,-2.194269,-1.621808,1.413318,-1.352048,-1.607787,2.858934,0.147341,0.128999,0.015083,-0.003093,-0.199409,-0.000000,0.7493,-2.0662,-1.5602,-0.5380,-0.2307,-0.1207
2.3890,-2.192892,-1.620603,1.413490,-1.352116,-1.609752,2.858918,0.141415,0.116798,0.018429,-0.002475,-0.186788,-0.000000,1.0356,-1.6064,-1.5025,-0.5094,-0.2501,-0.1763
2.3988,-2.191549,-1.619561,1.413685,-1.352104,-1.611528,2.858907,0.129897,0.097311,0.016566,-0.001182,-0.174015,-0.003465,0.7704,-1.7999,-1.5977,-0.5439,-0.2316,-0.1842
2.4089,-2.190256,-1.618613,1.413841,-1.352128,-1.613151,2.858873,0.134384,0.106853,0.020412,-0.001462,-0.161193,-0.005934,1.1788,-0.6847,-1.2380,-0.4777,-0.2159,-0.1704
2.4190,-2.188886,-1.617557,1.413996,-1.352172,-1.614752,2.858798,0.140724,0.109723,0.016767,-0.003160,-0.154354,-0.004883,1.2945,-0.5534,-1.2286,-0.5005,-0.2158,-0.1612
2.4291,-2.187354,-1.616425,1.414125,-1.352184,-1.616259,2.858781,0.162564,0.136789,0.018888,-0.001339,-0.146590,-0.003591,1.5364,-0.0687,-1.1049,-0.4735,-0.2548,-0.1802
2.4389,-2.185620,-1.615030,1.414253,-1.352244,-1.617779,2.858707,0.177301,0.141663,0.013129,-0.006527,-0.143600,-0.002667,1.3227,-0.1714,-1.2338,-0.4442,-0.1857,-0.1636
2.4489,-2.183778,-1.613544,1.414397,-1.352247,-1.619150,2.858730,0.195882,0.160792,0.015221,-0.003445,-0.131246,-0.001488,1.5924,-0.1679,-1.1720,-0.5042,-0.1756,-0.1566
2.4589,-2.181740,-1.611794,1.414532,-1.352343,-1.620409,2.858726,0.200468,0.164522,0.011919,-0.010389,-0.119429,-0.000901,1.2647,-0.7827,-1.3574,-0.4825,-0.1588,-0.1471
2.4690,-2.179681,-1.610028,1.414660,-1.352367,-1.621423,2.858745,0.204868,0.170291,0.011505,-0.007413,-0.100770,-0.000554,1.4604,-0.5724,-1.2721,-0.5346,-0.2069,-0.1398
2.4787,-2.177599,-1.608277,1.414804,-1.352514,-1.622471,2.858718,0.207022,0.165706,0.012361,-0.016355,-0.089336,-0.000400,1.2793,-1.0588,-1.4168,-0.5445,-0.1706,-0.1140
2.4889,-2.175532,-1.606613,1.414975,-1.352649,-1.623174,2.858711,0.203928,0.159635,0.017155,-0.016247,-0.071157,-0.000313,1.2053,-1.4138,-1.4955,-0.5678,-0.1858,-0.0999
2.4990,-2.173565,-1.605043,1.415131,-1.352858,-1.623869,2.858718,0.193596,0.143578,0.017398,-0.023285,-0.060993,-0.000257,0.8516,-1.8755,-1.5341,-0.5683,-0.1730,-0.0912
2.5089,-2.171706,-1.603757,1.415366,-1.353120,-1.624337,2.858718,0.185407,0.126848,0.026298,-0.031844,-0.042258,-0.000191,1.1694,-1.3714,-1.2610,-0.6096,-0.1928,-0.0621
2.5190,-2.169971,-1.602554,1.415646,-1.353602,-1.624771,2.858718,0.168427,0.106859,0.032549,-0.053191,-0.037125,-0.000051,0.9171,-1.5133,-1.2351,-0.5411,-0.1559,-0.0368
2.5289,-2.168380,-1.601589,1.416025,-1.354168,-1.625011,2.858730,0.151854,0.091801,0.042607,-0.063691,-0.023677,-0.000000,0.8073,-1.5617,-1.1701,-0.5955,-0.1811,-0.0088
2.5390,-2.166966,-1.600793,1.416484,-1.354929,-1.625243,2.858733,0.137390,0.075003,0.050673,-0.081186,-0.016611,-0.000000,0.4386,-1.8225,-1.1521,-0.5985,-0.1987,0.0067
2.5489,-2.165768,-1.600100,1.417055,-1.355861,-1.625350,2.858745,0.118473,0.065123,0.066726,-0.105573,-0.010189,0.000674,0.7993,-1.4122,-1.0504,-0.6555,-0.1732,-0.0005
2.5589,-2.164669,-1.599549,1.417777,-1.357124,-1.625396,2.858754,0.099162,0.051702,0.072528,-0.136137,-0.003770,0.000721,0.7375,-1.6482,-0.9847,-0.5421,-0.1482,0.0139
2.5691,-2.163700,-1.599102,1.418532,-1.358511,-1.625396,2.858735,0.087281,0.045457,0.079911,-0.146889,-0.000393,0.001008,0.5982,-1.6939,-1.1380,-0.6099,-0.1318,0.0351
2.5787,-2.162934,-1.598691,1.419364,-1.360071,-1.625372,2.858750,0.076393,0.043062,0.085182,-0.161234,-0.000187,0.001258,0.3398,-1.1774,-1.0242,-0.5874,-0.1136,0.0475
2.5891,-2.162261,-1.598233,1.420234,-1.361832,-1.625391,2.858781,0.063635,0.057633,0.092634,-0.185491,-0.000123,0.001037,0.7046,-0.9900,-1.0446,-0.6126,-0.0921,0.0321
2.5989,-2.161645,-1.597755,1.421140,-1.363759,-1.625415,2.858809,0.056856,0.054068,0.089602,-0.206675,-0.000092,0.001379,0.5771,-1.0846,-1.2617,-0.5647,-0.1166,0.0217
2.6093,-2.161138,-1.597201,1.422038,-1.365839,-1.625387,2.858786,0.054896,0.082634,0.091759,-0.221833,-0.000041,0.001121,0.7416,0.4512,-0.9102,-0.6618,-0.0682,0.0566
2.6190,-2.160555,-1.596321,1.422858,-1.368327,-1.625427,2.858821,0.056369,0.104110,0.083735,-0.252641,-0.000000,0.001757,1.0225,0.3615,-1.1073,-0.6133,-0.0055,0.0449
2.6290,-2.159951,-1.595091,1.423666,-1.370970,-1.625406,2.858805,0.067054,0.160342,0.085736,-0.282336,0.004725,0.001157,0.9556,0.8312,-0.8521,-0.6859,0.0591,0.0472
2.6390,-2.159199,-1.593509,1.424449,-1.374013,-1.625370,2.858814,0.076572,0.167217,0.071979,-0.307861,0.007063,0.001350,0.7905,0.1110,-1.1482,-0.5537,0.0712,0.0405
2.6489,-2.158437,-1.591755,1.425112,-1.377019,-1.625283,2.858826,0.082071,0.188986,0.067599,-0.305021,0.009288,0.001012,0.6456,0.0623,-1.2212,-0.6337,0.0932,0.0473
2.6590,-2.157589,-1.589754,1.425758,-1.380074,-1.625220,2.858838,0.080210,0.194281,0.058739,-0.301339,0.010143,0.001076,0.8129,-0.7291,-1.3598,-0.5224,0.0700,0.0804
2.6688,-2.156826,-1.587681,1.426286,-1.382922,-1.625062,2.858869,0.078133,0.197019,0.052218,-0.269254,0.010365,0.000961,0.8079,-0.5766,-1.2642,-0.5767,0.0905,0.0593
2.6790,-2.156039,-1.585592,1.426818,-1.385522,-1.625008,2.858846,0.079717,0.201889,0.049621,-0.246901,0.010686,0.001243,0.7336,-1.2882,-1.5173,-0.5195,0.0993,0.0486
2.6892,-2.155246,-1.583522,1.427321,-1.387805,-1.624897,2.858858,0.079128,0.201213,0.045339,-0.223400,0.010021,0.000975,0.9829,-1.5856,-1.7389,-0.5459,0.1037,0.0593
2.6990,-2.154451,-1.581532,1.427685,-1.389882,-1.624809,2.858889,0.079141,0.184672,0.033956,-0.199559,0.008465,0.000961,0.9283,-2.1448,-1.7685,-0.5217,0.0722,0.0531
2.7091,-2.153615,-1.579718,1.427981,-1.391716,-1.624741,2.858870,0.085426,0.194622,0.030446,-0.183049,0.006921,0.000842,0.9915,-0.8677,-1.3663,-0.5971,0.1164,0.0452
2.7191,-2.152738,-1.577863,1.428229,-1.393547,-1.624791,2.858914,0.089192,0.188293,0.018615,-0.183463,0.002503,0.002600,1.0295,-1.1655,-1.5447,-0.5585,0.0996,0.0580
2.7293,-2.151758,-1.576031,1.428337,-1.395313,-1.624748,2.858910,0.098023,0.191966,0.011943,-0.180050,0.000901,0.004544,0.9346,-0.7510,-1.4612,-0.5360,0.0913,0.0782
2.7389,-2.150791,-1.574074,1.428369,-1.397135,-1.624760,2.858973,0.096602,0.189979,0.002116,-0.177683,0.000447,0.006026,0.8606,-1.0273,-1.7306,-0.5456,0.0188,0.0746
2.7490,-2.149830,-1.572108,1.428369,-1.398898,-1.624729,2.859006,0.095416,0.204431,-0.001317,-0.181459,-0.000268,0.008036,1.0544,-0.5981,-1.9634,-0.5899,-0.0275,0.0822
2.7589,-2.148845,-1.570094,1.428333,-1.400733,-1.624738,2.859101,0.092825,0.194280,-0.008591,-0.185288,-0.002585,0.008733,0.8927,-1.4528,-2.2808,-0.5311,-0.0631,0.0960
2.7689,-2.147893,-1.568159,1.428257,-1.402583,-1.624760,2.859126,0.090223,0.188484,-0.007487,-0.178546,-0.003891,0.009583,0.6499,-1.7740,-2.5887,-0.5266,-0.1138,0.1046
2.7790,-2.147067,-1.566302,1.428194,-1.404349,-1.624820,2.859174,0.079813,0.176191,-0.009426,-0.173005,-0.006804,0.009987,0.7392,-2.1538,-2.7746,-0.5708,-0.1265,0.1066
2.7890,-2.146298,-1.564693,1.428095,-1.406023,-1.624895,2.859222,0.071409,0.159970,-0.008401,-0.169986,-0.006669,0.010549,0.8728,-1.6946,-2.6568,-0.6154,-0.1332,0.1127
2.7990,-2.145601,-1.563194,1.428042,-1.407793,-1.624931,2.859278,0.067037,0.138623,-0.008753,-0.169155,-0.007809,0.010874,0.8422,-1.9792,-2.6998,-0.5323,-0.1462,0.1088
2.8089,-2.144996,-1.561973,1.428002,-1.409357,-1.624977,2.859345,0.060370,0.122261,-0.006547,-0.160338,-0.006593,0.010802,0.7320,-2.0555,-2.8002,-0.5589,-0.1460,0.1162
2.8189,-2.144419,-1.560844,1.427914,-1.410970,-1.625028,2.859425,0.051737,0.101203,-0.009132,-0.151522,-0.006423,0.010468,0.7180,-2.0454,-2.7427,-0.5348,-0.1448,0.1338
2.8291,-2.143972,-1.559982,1.427814,-1.412429,-1.625092,2.859529,0.044842,0.080099,-0.010228,-0.143574,-0.005321,0.009485,0.7598,-1.6906,-2.7113,-0.5420,-0.1397,0.1342
2.8391,-2.143564,-1.559216,1.427718,-1.413825,-1.625140,2.859570,0.037944,0.067170,-0.010407,-0.134368,-0.005480,0.008852,0.7486,-1.8078,-2.7341,-0.5300,-0.1281,0.1138
2.8489,-2.143227,-1.558600,1.427646,-1.415101,-1.625175,2.859662,0.032892,0.058193,-0.009007,-0.130992,-0.003957,0.007458,0.8480,-1.7942,-2.8042,-0.5493,-0.1199,0.1387
2.8591,-2.142872,-1.558097,1.427542,-1.416426,-1.625231,2.859711,0.030312,0.048985,-0.008784,-0.125701,-0.003372,0.008164,0.8144,-1.9203,-2.8129,-0.5045,-0.1515,0.1232
2.8691,-2.142603,-1.557674,1.427451,-1.417606,-1.625239,2.859774,0.029000,0.041716,-0.008667,-0.118741,-0.003190,0.007561,0.8380,-1.8219,-2.8192,-0.5446,-0.1544,0.1116
2.8790,-2.142319,-1.557296,1.427378,-1.418820,-1.625271,2.859857,0.025793,0.032594,-0.009673,-0.120859,-0.003803,0.006192,0.7582,-1.7584,-2.7486,-0.5238,-0.1361,0.1228
2.8891,-2.142067,-1.557028,1.427263,-1.420028,-1.625310,2.859879,0.024910,0.027716,-0.008740,-0.119238,-0.003085,0.005713,0.7840,-1.6202,-2.7420,-0.5362,-0.1379,0.1136
2.8989,-2.141846,-1.556765,1.427215,-1.421195,-1.625319,2.859962,0.022119,0.023311,-0.007682,-0.119602,-0.002405,0.005762,0.7758,-1.7415,-2.5620,-0.4841,-0.1437,0.1168
2.9089,-2.141657,-1.556596,1.427131,-1.422396,-1.625346,2.859998,0.020597,0.019726,-0.006503,-0.124231,-0.002842,0.005616,0.8740,-1.7157,-2.7406,-0.5581,-0.1324,0.1110
2.9190,-2.141449,-1.556377,1.427103,-1.423608,-1.625386,2.860034,0.018781,0.017293,-0.005353,-0.125524,-0.002193,0.004406,0.6982,-1.7478,-2.6877,-0.5325,-0.1539,0.1223
2.9291,-2.141281,-1.556209,1.427066,-1.424894,-1.625379,2.860050,0.016374,0.014653,-0.004427,-0.127777,-0.002449,0.003275,0.7324,-1.8150,-2.6966,-0.5230,-0.1482,0.1453
2.9391,-2.141113,-1.556093,1.427034,-1.426153,-1.625446,2.860083,0.014819,0.012529,-0.003194,-0.129098,-0.002259,0.003883,0.7770,-1.7959,-2.6910,-0.4818,-0.1560,0.1156
2.9490,-2.140969,-1.555927,1.426972,-1.427388,-1.625416,2.860095,0.015062,0.013519,-0.002312,-0.127046,-0.001766,0.002609,0.8308,-1.7000,-2.5503,-0.5366,-0.1582,0.1450
2.9588,-2.140812,-1.555826,1.426959,-1.428647,-1.625447,2.860147,0.015899,0.012606,-0.002247,-0.122376,-0.001917,0.002878,0.6874,-1.6258,-2.6176,-0.4793,-0.1511,0.1106
2.9690,-2.140672,-1.555699,1.426943,-1.429837,-1.625478,2.860183,0.016367,0.013108,-0.001709,-0.112504,-0.001797,0.003411,0.7425,-1.5769,-2.5717,-0.4611,-0.1266,0.1196
2.9790,-2.140524,-1.555587,1.426935,-1.430898,-1.625478,2.860188,0.015964,0.017035,-0.001856,-0.102124,-0.001397,0.003347,0.7289,-1.2369,-2.4983,-0.4875,-0.1444,0.1158
2.9889,-2.140367,-1.555360,1.426915,-1.431901,-1.625502,2.860219,0.014595,0.031187,-0.000807,-0.100807,-0.001436,0.001334,0.8050,-1.2384,-2.4992,-0.5351,-0.1285,0.1235
2.9988,-2.140200,-1.555053,1.426876,-1.432917,-1.625511,2.860255,0.016254,0.033118,-0.002724,-0.102111,-0.000758,0.001514,0.7824,-1.3028,-2.5015,-0.5015,-0.1341,0.1099
3.0089,-2.140040,-1.554660,1.426867,-1.433951,-1.625545,2.860255,0.014325,0.073956,-0.001136,-0.102777,-0.000786,0.001304,0.5913,0.6499,-1.8486,-0.5364,-0.1250,0.1182
3.0190,-2.139868,-1.553807,1.426859,-1.435075,-1.625503,2.860255,0.017018,0.103750,-0.003776,-0.115774,-0.000583,0.001489,0.7165,1.2297,-1.8054,-0.5105,-0.1281,0.1159
3.0289,-2.139710,-1.552450,1.426823,-1.436391,-1.625534,2.860282,0.018511,0.195673,0.006274,-0.136601,-0.000471,0.001307,0.7226,1.5672,-1.5580,-0.4624,-0.1177,0.1232
3.0390,-2.139427,-1.550437,1.426771,-1.437834,-1.625565,2.860291,0.028229,0.220813,0.000098,-0.150088,-0.000430,0.001343,0.8708,0.9260,-2.0554,-0.4815,-0.1311,0.1364
3.0490,-2.139099,-1.548052,1.426720,-1.439309,-1.625558,2.860283,0.034690,0.289064,0.001096,-0.160750,-0.000562,0.002372,0.7697,2.3425,-1.6515,-0.5406,-0.1213,0.1509
3.0590,-2.138749,-1.544879,1.426684,-1.441114,-1.625551,2.860367,0.042977,0.313954,-0.002809,-0.180822,-0.000506,0.004488,0.9514,0.2358,-2.0748,-0.4511,-0.1309,0.1418
3.0690,-2.138270,-1.541501,1.426743,-1.442840,-1.625589,2.860395,0.049875,0.359479,0.001986,-0.176077,-0.000485,0.007940,0.8317,1.7036,-1.8793,-0.5185,-0.1047,0.1488
3.0790,-2.137751,-1.537669,1.426743,-1.444679,-1.625570,2.860498,0.057984,0.372843,0.000254,-0.182784,-0.000485,0.009420,1.1441,0.0218,-2.0396,-0.4969,-0.1064,0.1310
3.0890,-2.137186,-1.533759,1.426815,-1.446386,-1.625567,2.860570,0.065191,0.385114,0.011416,-0.175630,-0.000350,0.009244,1.3984,-1.1281,-2.3852,-0.5194,-0.1004,0.1634
3.0990,-2.136513,-1.529862,1.426923,-1.448080,-1.625567,2.860655,0.072720,0.372496,0.008511,-0.165952,-0.000313,0.009571,1.3891,-3.0772,-2.6090,-0.5807,-0.1227,0.1384
3.1091,-2.135740,-1.526329,1.427046,-1.449661,-1.625567,2.860750,0.091256,0.336828,0.008683,-0.164121,-0.000257,0.009795,1.4078,-2.0664,-2.0413,-0.6074,-0.1049,0.1494
3.1190,-2.134808,-1.523049,1.427134,-1.451349,-1.625551,2.860812,0.098154,0.294764,0.005531,-0.166236,-0.000188,0.009023,1.3536,-2.9666,-2.0668,-0.5163,-0.1239,0.1455
3.1289,-2.133797,-1.520279,1.427174,-1.452868,-1.625609,2.860919,0.108621,0.252870,0.008530,-0.152570,-0.000171,0.008856,1.2563,-3.1107,-2.0127,-0.6206,-0.1351,0.1403
3.1390,-2.132729,-1.517948,1.427266,-1.454440,-1.625555,2.861030,0.110330,0.211865,0.009877,-0.151795,-0.000345,0.008484,1.3798,-3.5234,-1.9870,-0.5512,-0.1324,0.1434
3.1491,-2.131597,-1.516147,1.427361,-1.455852,-1.625555,2.861071,0.125571,0.164278,0.014295,-0.146417,-0.000418,0.007109,1.6798,-2.5849,-1.5817,-0.5831,-0.1216,0.1456
3.1591,-2.130322,-1.514606,1.427537,-1.457368,-1.625625,2.861178,0.128573,0.129735,0.016094,-0.149874,-0.000663,0.006916,1.2269,-2.7903,-1.6921,-0.4291,-0.1335,0.1566
3.1693,-2.129016,-1.513465,1.427666,-1.458739,-1.625570,2.861219,0.134596,0.101254,0.019426,-0.130802,-0.000746,0.006053,1.2280,-2.7756,-1.6249,-0.5321,-0.1432,0.1555
3.1791,-2.127638,-1.512645,1.427900,-1.460040,-1.625575,2.861282,0.135948,0.080319,0.021433,-0.129706,-0.000560,0.005402,1.1022,-2.2834,-1.4863,-0.5069,-0.1417,0.1690
3.1891,-2.126218,-1.511891,1.428085,-1.461288,-1.625602,2.861315,0.146782,0.075920,0.022990,-0.119971,-0.000370,0.005147,1.2730,-2.1471,-1.3025,-0.5061,-0.1082,0.1494
3.1995,-2.124713,-1.511256,1.428308,-1.462465,-1.625575,2.861372,0.144534,0.061900,0.020657,-0.116756,-0.000344,0.005048,0.9764,-1.9292,-1.3452,-0.4829,-0.1421,0.1637
3.2090,-2.123246,-1.510701,1.428480,-1.463588,-1.625579,2.861435,0.145810,0.066857,0.022373,-0.111521,-0.000310,0.005654,1.0324,-1.3561,-1.2124,-0.4886,-0.1390,0.1459
3.2190,-2.121796,-1.510059,1.428700,-1.464771,-1.625587,2.861440,0.141513,0.069050,0.018908,-0.106998,-0.000319,0.004638,0.8318,-1.3532,-1.1822,-0.4226,-0.1462,0.1773
3.2291,-2.120381,-1.509358,1.428880,-1.465724,-1.625599,2.861500,0.140329,0.080282,0.019508,-0.098595,-0.001138,0.003852,1.1667,-1.0039,-1.0257,-0.4880,-0.1129,0.1671
3.2393,-2.118971,-1.508541,1.429044,-1.466696,-1.625608,2.861555,0.136635,0.087575,0.017454,-0.098444,-0.000639,0.004221,0.8259,-1.1124,-1.1869,-0.4940,-0.1380,0.1484
3.2492,-2.117612,-1.507597,1.429200,-1.467687,-1.625603,2.861576,0.131628,0.105642,0.017525,-0.096653,-0.000427,0.003418,1.0126,-0.6342,-1.2056,-0.5387,-0.1209,0.1724
3.2591,-2.116315,-1.506551,1.429371,-1.468703,-1.625657,2.861608,0.125390,0.112093,0.011913,-0.101594,-0.000352,0.003313,0.8708,-1.1026,-1.3660,-0.5106,-0.1365,0.1429
3.2691,-2.115055,-1.505374,1.429448,-1.469698,-1.625606,2.861612,0.120351,0.127191,0.007818,-0.101447,-0.000291,0.003214,0.9822,-0.8262,-1.3657,-0.5075,-0.1194,0.1564
3.2789,-2.113874,-1.504075,1.429496,-1.470750,-1.625629,2.861663,0.115022,0.144118,0.002485,-0.103793,-0.000242,0.003289,0.7915,-0.7934,-1.3601,-0.4920,-0.1222,0.1499
3.2890,-2.112800,-1.502599,1.429473,-1.471766,-1.625603,2.861695,0.107724,0.159390,0.000399,-0.102436,-0.000207,0.002292,1.0303,-0.6630,-1.5921,-0.5237,-0.1165,0.1710
3.2990,-2.111705,-1.501047,1.429480,-1.472818,-1.625637,2.861732,0.104044,0.161484,-0.002760,-0.105689,-0.000181,0.002941,0.7629,-1.1147,-1.9757,-0.5237,-0.1395,0.1380
3.3091,-2.110692,-1.499372,1.429472,-1.473857,-1.625606,2.861735,0.099981,0.195183,0.000502,-0.102758,-0.000161,0.002352,0.6996,-0.0118,-1.6486,-0.5433,-0.0891,0.1632
3.3190,-2.109728,-1.497400,1.429424,-1.474973,-1.625622,2.861740,0.094805,0.202213,-0.003659,-0.110092,-0.000145,0.002003,0.6913,-0.6263,-1.8620,-0.5305,-0.1212,0.1396
3.3291,-2.108788,-1.495359,1.429391,-1.476034,-1.625603,2.861830,0.090118,0.217780,-0.003048,-0.109364,-0.000131,0.002150,0.6438,-0.5149,-1.9301,-0.5497,-0.1211,0.1442
3.3390,-2.107944,-1.493103,1.429376,-1.477220,-1.625618,2.861807,0.082585,0.219970,-0.004100,-0.116626,-0.000120,0.001430,0.5434,-1.0184,-2.1927,-0.5058,-0.1350,0.1607
3.3491,-2.107199,-1.490756,1.429383,-1.478337,-1.625606,2.861828,0.071878,0.242726,-0.000976,-0.117683,-0.000111,0.003318,0.7262,-0.4114,-1.9452,-0.5267,-0.1297,0.1804
3.3589,-2.106511,-1.488295,1.429336,-1.479606,-1.625609,2.861864,0.065135,0.232633,-0.004631,-0.124364,-0.000071,0.004856,0.7060,-1.4655,-2.1244,-0.5444,-0.1506,0.1805
3.3693,-2.105910,-1.485890,1.429333,-1.480783,-1.625625,2.861943,0.056855,0.227464,-0.000710,-0.124426,-0.000062,0.006985,0.6709,-1.8040,-2.3309,-0.5401,-0.1487,0.2043
3.3790,-2.105406,-1.483616,1.429361,-1.481972,-1.625594,2.862008,0.048761,0.211599,0.000169,-0.122268,-0.000069,0.008330,0.6374,-2.7226,-2.5547,-0.5393,-0.1568,0.1685
3.3889,-2.104984,-1.481598,1.429391,-1.483143,-1.625591,2.862126,0.040032,0.185889,0.000000,-0.114268,-0.000076,0.009565,0.6174,-2.1852,-2.4022,-0.5741,-0.1564,0.1765
3.3989,-2.104641,-1.479796,1.429376,-1.484295,-1.625591,2.862207,0.031803,0.160344,-0.005054,-0.110255,-0.000209,0.010205,0.6924,-2.6871,-2.5479,-0.4604,-0.1502,0.1688
3.4089,-2.104341,-1.478271,1.429357,-1.485287,-1.625625,2.862284,0.030841,0.159649,0.001372,-0.102757,-0.000181,0.010857,0.8899,-1.5368,-1.9581,-0.5445,-0.1016,0.1869
3.4189,-2.104023,-1.476804,1.429336,-1.486358,-1.625611,2.862396,0.032241,0.152021,0.000001,-0.113943,-0.000126,0.012047,0.9183,-1.6860,-2.0750,-0.5890,-0.0680,0.1872
3.4292,-2.103678,-1.475355,1.429359,-1.487622,-1.625641,2.862552,0.042141,0.164961,0.000229,-0.139372,0.001118,0.016422,0.9751,-0.9649,-1.7022,-0.5710,0.0048,0.1818
3.4390,-2.103234,-1.473845,1.429282,-1.489198,-1.625625,2.862720,0.050405,0.165702,-0.002519,-0.161793,0.002251,0.020783,0.9366,-0.9048,-1.8454,-0.5375,0.0568,0.1924
3.4489,-2.102730,-1.472173,1.429323,-1.490914,-1.625579,2.862960,0.060815,0.187842,-0.000951,-0.186745,0.005048,0.026998,1.2187,-0.0821,-1.7853,-0.5326,0.0876,0.1969
3.4591,-2.102075,-1.470227,1.429280,-1.492929,-1.625515,2.863267,0.065348,0.196843,-0.004407,-0.205590,0.008116,0.032696,1.3239,-0.8895,-2.2125,-0.5193,0.0893,0.2027
3.4689,-2.101391,-1.468199,1.429256,-1.494989,-1.625442,2.863655,0.077117,0.213288,-0.003205,-0.215183,0.009433,0.040124,1.3593,-0.6832,-2.3234,-0.5760,0.0897,0.2323
3.4789,-2.100573,-1.465943,1.429225,-1.497200,-1.625379,2.864110,0.087691,0.229257,-0.004827,-0.226049,0.010984,0.045588,1.4640,-0.9007,-2.3021,-0.5412,0.1051,0.2155
3.4890,-2.099631,-1.463584,1.429208,-1.499464,-1.625280,2.864579,0.101723,0.243043,-0.004327,-0.228838,0.009776,0.050809,1.4795,-1.3080,-2.5372,-0.5481,0.1374,0.2203
3.4989,-2.098533,-1.461128,1.429136,-1.501850,-1.625196,2.865104,0.111699,0.236781,-0.007543,-0.233265,0.009248,0.054140,1.2593,-2.0191,-2.7941,-0.5394,0.1123,0.2138
3.5089,-2.097383,-1.458759,1.429061,-1.504026,-1.625100,2.865703,0.129947,0.258199,-0.004785,-0.220965,0.011543,0.059386,1.4263,-0.6563,-2.3803,-0.6056,0.1352,0.1977
3.5191,-2.096013,-1.456124,1.428993,-1.506378,-1.625057,2.866273,0.137637,0.254181,-0.009939,-0.224923,0.006724,0.057466,1.2852,-1.4161,-2.5165,-0.5015,0.1353,0.2132
3.5292,-2.094582,-1.453618,1.428857,-1.508491,-1.624977,2.866849,0.151048,0.255811,-0.008216,-0.211175,0.008571,0.056489,1.3273,-1.0499,-2.5149,-0.5474,0.1238,0.1954
3.5389,-2.093016,-1.451006,1.428796,-1.510573,-1.624909,2.867413,0.155427,0.251734,-0.009449,-0.198136,0.006826,0.050706,1.1106,-1.3458,-2.7076,-0.5249,0.1168,0.2086
3.5490,-2.091413,-1.448430,1.428685,-1.512484,-1.624857,2.867960,0.168749,0.274848,-0.008306,-0.188461,0.006887,0.048460,1.5094,-0.6199,-2.5602,-0.5391,0.1731,0.2098
3.5589,-2.089646,-1.445676,1.428569,-1.514350,-1.624797,2.868391,0.169293,0.261863,-0.018027,-0.183592,0.004703,0.043363,1.1756,-1.7603,-2.7979,-0.5099,0.1479,0.1793
3.5689,-2.087937,-1.443110,1.428379,-1.516003,-1.624732,2.868811,0.173318,0.257092,-0.017831,-0.166267,0.006624,0.038700,1.0341,-2.0366,-3.0235,-0.5493,0.0872,0.1753
3.5789,-2.086243,-1.440551,1.428218,-1.517634,-1.624708,2.869202,0.162959,0.250390,-0.019965,-0.156724,0.003668,0.033528,0.9305,-1.8795,-2.8730,-0.5051,0.1159,0.1660
3.5891,-2.084605,-1.438122,1.428027,-1.519096,-1.624634,2.869483,0.161723,0.252164,-0.019166,-0.146074,0.005827,0.028139,1.1513,-1.4516,-2.8420,-0.4912,0.1361,0.1773
3.5990,-2.083001,-1.435751,1.427771,-1.520536,-1.624640,2.869756,0.152914,0.230410,-0.026181,-0.138060,0.003011,0.023567,0.8317,-2.1201,-3.0394,-0.4612,0.1037,0.1772
3.6090,-2.081473,-1.433547,1.427563,-1.521759,-1.624541,2.869979,0.148307,0.231947,-0.022073,-0.120681,0.006758,0.019224,0.8640,-1.3716,-2.8243,-0.5300,0.0866,0.1622
3.6190,-2.080101,-1.431259,1.427311,-1.523017,-1.624529,2.870141,0.137934,0.222776,-0.027298,-0.118562,0.002619,0.016746,0.7551,-1.9552,-2.8455,-0.4563,0.1085,0.1678
3.6291,-2.078820,-1.429104,1.427017,-1.524113,-1.624490,2.870296,0.128125,0.224064,-0.027360,-0.105412,0.004155,0.013750,1.0747,-1.2872,-2.7682,-0.5260,0.1209,0.1690
3.6392,-2.077595,-1.426842,1.426720,-1.525171,-1.624470,2.870386,0.120795,0.213902,-0.029292,-0.104863,0.003066,0.011514,0.7844,-1.5142,-2.9402,-0.4705,0.1265,0.1497
3.6493,-2.076440,-1.424674,1.426444,-1.526166,-1.624414,2.870555,0.115527,0.221317,-0.029036,-0.097366,0.003377,0.011011,0.9662,-1.7267,-2.9243,-0.5027,0.1022,0.1705
3.6590,-2.075352,-1.422432,1.426102,-1.527173,-1.624464,2.870610,0.108032,0.213535,-0.034182,-0.097728,0.002029,0.011691,0.8592,-2.2965,-3.0653,-0.4956,0.1144,0.1782
3.6690,-2.074317,-1.420320,1.425766,-1.528032,-1.624398,2.870753,0.103275,0.201597,-0.034010,-0.087797,0.004349,0.012635,1.0032,-1.6341,-3.0460,-0.5696,0.1194,0.1820
3.6790,-2.073336,-1.418285,1.425434,-1.528967,-1.624401,2.870900,0.097074,0.207089,-0.033905,-0.088651,0.002232,0.013522,1.0784,-1.7226,-2.9781,-0.4818,0.1285,0.1992
3.6891,-2.072389,-1.416227,1.425090,-1.529811,-1.624370,2.871049,0.096480,0.205381,-0.035795,-0.081460,0.002875,0.014652,1.0804,-1.7477,-3.1059,-0.5198,0.1280,0.1659
3.6989,-2.071419,-1.414254,1.424668,-1.530630,-1.624353,2.871200,0.092883,0.195363,-0.042299,-0.080265,0.002627,0.014687,0.8522,-2.0258,-3.1470,-0.4782,0.1062,0.1728
3.7092,-2.070487,-1.412355,1.424233,-1.531361,-1.624286,2.871322,0.090974,0.208992,-0.042239,-0.072366,0.003461,0.014605,1.0462,-0.9701,-2.8761,-0.4933,0.1089,0.1534
3.7191,-2.069639,-1.410284,1.423746,-1.532094,-1.624305,2.871489,0.086841,0.201506,-0.048961,-0.072598,0.001470,0.013466,0.9373,-1.6828,-2.9820,-0.4509,0.1034,0.1801
3.7292,-2.068784,-1.408309,1.423289,-1.532737,-1.624278,2.871636,0.086686,0.201788,-0.050702,-0.063689,0.000759,0.013177,0.8086,-1.6436,-3.2119,-0.4626,0.1281,0.1650
3.7389,-2.067946,-1.406293,1.422724,-1.533392,-1.624251,2.871762,0.078901,0.197409,-0.057484,-0.059815,0.001558,0.012403,0.6828,-2.3218,-3.0188,-0.4604,0.0992,0.1635
3.7490,-2.067207,-1.404371,1.422201,-1.533923,-1.624266,2.871904,0.070377,0.196643,-0.058694,-0.047335,0.000586,0.011432,0.8146,-1.6058,-3.0461,-0.5510,0.1095,0.1796
3.7589,-2.066528,-1.402470,1.421581,-1.534391,-1.624239,2.871978,0.064431,0.181446,-0.064237,-0.047698,0.000674,0.010057,0.5248,-2.1898,-3.0301,-0.4986,0.1141,0.1764
3.7689,-2.065914,-1.400707,1.420939,-1.534806,-1.624211,2.872105,0.056571,0.169398,-0.063010,-0.037846,0.001115,0.007665,0.5917,-2.4275,-3.1783,-0.5370,0.0933,0.1573
3.7789,-2.065434,-1.399086,1.420311,-1.535193,-1.624227,2.872142,0.049352,0.149808,-0.066294,-0.035866,0.001033,0.006478,0.6358,-2.9566,-3.3359,-0.5446,0.1055,0.1582
3.7908,-2.064970,-1.397678,1.419605,-1.535443,-1.624218,2.872202,0.044695,0.126919,-0.074197,-0.033018,0.004336,0.009493,0.7560,-2.6677,-3.3158,-0.5827,0.1428,0.1754
3.8009,-2.064532,-1.396395,1.418870,-1.535830,-1.624167,2.872314,0.038251,0.119126,-0.072797,-0.032339,0.006076,0.010971,0.6837,-3.3499,-3.4053,-0.4796,0.1364,0.1696
3.8122,-2.064192,-1.395398,1.418135,-1.536094,-1.624074,2.872422,0.034317,0.092637,-0.075931,-0.024882,0.007267,0.010778,0.5145,-3.1984,-3.3367,-0.5082,0.1291,0.1872
3.8221,-2.063885,-1.394531,1.417316,-1.536357,-1.623996,2.872557,0.029671,0.074456,-0.082749,-0.026869,0.008873,0.011604,0.6197,-3.2138,-3.5328,-0.5441,0.1693,0.1866
3.8349,-2.063569,-1.393906,1.416436,-1.536618,-1.623873,2.872689,0.025610,0.060029,-0.090838,-0.025589,0.012402,0.012686,0.5973,-2.9987,-3.6538,-0.5815,0.1623,0.1788
3.8414,-2.063349,-1.393366,1.415438,-1.536909,-1.623775,2.872787,0.024280,0.047707,-0.100938,-0.027593,0.012829,0.012834,0.5556,-2.8054,-3.2902,-0.5404,0.1615,0.1771
3.8514,-2.063118,-1.392997,1.414404,-1.537177,-1.623640,2.872923,0.019094,0.035499,-0.101692,-0.028184,0.013627,0.012930,0.6522,-2.5294,-2.9775,-0.5005,0.1562,0.2017
3.8645,-2.062930,-1.392701,1.413333,-1.537517,-1.623497,2.873086,0.019869,0.025889,-0.106670,-0.036814,0.016434,0.016539,0.7122,-2.4998,-3.5021,-0.6045,0.1860,0.2107
3.8739,-2.062771,-1.392525,1.412460,-1.537828,-1.623365,2.873242,0.019618,0.024263,-0.110509,-0.042011,0.019440,0.020001,0.6613,-2.4142,-3.2062,-0.6040,0.1654,0.1947
3.8839,-2.062505,-1.392280,1.411053,-1.538517,-1.623090,2.873506,0.020867,0.019674,-0.116224,-0.055658,0.024250,0.024836,0.7803,-2.5427,-3.0384,-0.5915,0.1834,0.2243
3.8916,-2.062304,-1.392120,1.409887,-1.539146,-1.622832,2.873801,0.022496,0.014915,-0.114171,-0.067588,0.026390,0.028379,0.7381,-2.3108,-3.0143,-0.5345,0.2010,0.2049
3.9009,-2.062033,-1.392000,1.408764,-1.539916,-1.622541,2.874138,0.025352,0.011884,-0.109724,-0.082507,0.030597,0.035269,0.7875,-2.3365,-2.9509,-0.5390,0.1971,0.2100
3.9126,-2.061774,-1.391939,1.407692,-1.540801,-1.622194,2.874479,0.027536,0.009330,-0.106179,-0.091626,0.034596,0.039080,0.8302,-2.3368,-3.0186,-0.5386,0.1971,0.2130
3.9211,-2.061577,-1.391856,1.406869,-1.541553,-1.621925,2.874827,0.027166,0.007062,-0.099165,-0.095012,0.035467,0.040685,0.7395,-2.2237,-2.7418,-0.5014,0.2118,0.1841
3.9310,-2.061230,-1.391824,1.405754,-1.542736,-1.621455,2.875325,0.027373,0.002995,-0.089164,-0.100214,0.037250,0.041189,0.6433,-2.2975,-2.6890,-0.4490,0.1854,0.1957
3.9412,-2.060940,-1.391804,1.404970,-1.543699,-1.621074,2.875706,0.025423,0.002598,-0.074211,-0.094995,0.035239,0.038357,0.6763,-2.3043,-2.6559,-0.4045,0.1775,0.2096
3.9506,-2.060672,-1.391781,1.404259,-1.544574,-1.620719,2.876102,0.030044,0.000316,-0.068080,-0.088754,0.035739,0.035078,0.8322,-2.3390,-2.6514,-0.5084,0.1672,0.1985
3.9608,-2.060342,-1.391752,1.403690,-1.545445,-1.620375,2.876477,0.036419,0.000254,-0.061990,-0.090518,0.033783,0.034209,0.8340,-2.4772,-2.8108,-0.5175,0.1884,0.1776
3.9700,-2.059986,-1.391740,1.403099,-1.546316,-1.620059,2.876786,0.040611,-0.000000,-0.057493,-0.093254,0.033840,0.031033,0.8133,-2.5146,-2.8572,-0.4693,0.1913,0.1566
3.9795,-2.059555,-1.391697,1.402529,-1.547234,-1.619681,2.877086,0.047153,0.003141,-0.054216,-0.091690,0.034697,0.027654,1.2966,-1.9079,-3.0503,-0.5115,0.2064,0.1761
3.9898,-2.058977,-1.391589,1.401914,-1.548212,-1.619428,2.877322,0.075680,0.022546,-0.064359,-0.104572,0.035878,0.024296,1.2061,-1.9944,-3.0728,-0.5373,0.2064,0.1532
4.0000,-2.058175,-1.391349,1.401211,-1.549287,-1.619056,2.877566,0.084822,0.029919,-0.070657,-0.114078,0.032122,0.020187,1.2766,-1.9674,-3.0106,-0.4950,0.1832,0.1746
4.0095,-2.057257,-1.391022,1.400511,-1.550454,-1.618758,2.877742,0.099487,0.036373,-0.074224,-0.119614,0.030127,0.016813,1.2758,-1.7292,-2.9226,-0.4751,0.1692,0.1664
4.0194,-2.056197,-1.390607,1.399741,-1.551620,-1.618491,2.877876,0.103118,0.042962,-0.076643,-0.117768,0.024600,0.015235,1.2268,-1.7551,-2.7757,-0.4970,0.1847,0.1544
4.0294,-2.055072,-1.390189,1.398961,-1.552803,-1.618213,2.878015,0.113411,0.049125,-0.077112,-0.118596,0.024958,0.012638,1.2659,-1.7010,-2.7583,-0.4687,0.1841,0.1636
4.0393,-2.053915,-1.389608,1.398203,-1.553958,-1.617982,2.878141,0.117799,0.070044,-0.072239,-0.110653,0.022560,0.010314,1.2794,-1.4905,-2.8695,-0.4307,0.1984,0.1662
4.0493,-2.052716,-1.388839,1.397467,-1.555010,-1.617813,2.878218,0.138931,0.108951,-0.074411,-0.104173,0.024301,0.006778,1.8546,0.0862,-2.7480,-0.4766,0.2476,0.1474
4.0595,-2.051163,-1.387645,1.396569,-1.556113,-1.617578,2.878247,0.150582,0.136281,-0.088684,-0.107806,0.021126,0.004947,1.3660,-0.2303,-2.7653,-0.4232,0.1815,0.1632
4.0692,-2.049561,-1.386079,1.395622,-1.557171,-1.617307,2.878318,0.173634,0.197618,-0.096261,-0.101488,0.025200,0.004260,1.6168,0.3684,-2.7524,-0.4545,0.1765,0.1521
4.0791,-2.047775,-1.384023,1.394554,-1.558257,-1.617160,2.878347,0.194142,0.250782,-0.110155,-0.099286,0.022186,0.006177,1.7030,0.9302,-2.7163,-0.4026,0.2365,0.1527
4.0894,-2.045760,-1.381303,1.393346,-1.559206,-1.616972,2.878407,0.216484,0.329273,-0.121259,-0.095555,0.023559,0.007506,1.8871,2.1493,-2.7890,-0.3754,0.2119,0.1980
4.0993,-2.043529,-1.377777,1.391952,-1.560200,-1.616784,2.878475,0.230333,0.374385,-0.146848,-0.098294,0.019380,0.010615,1.4274,1.0597,-2.8213,-0.3163,0.1659,0.2022
4.1094,-2.041152,-1.373713,1.390438,-1.561007,-1.616568,2.878607,0.259241,0.471215,-0.158397,-0.077059,0.024098,0.012895,2.1222,2.0055,-2.6720,-0.4636,0.1956,0.1889
4.1193,-2.038542,-1.368857,1.388669,-1.561892,-1.616413,2.878755,0.265902,0.502354,-0.179591,-0.081796,0.015436,0.013081,1.5686,0.6242,-2.7353,-0.3597,0.1987,0.1793
4.1293,-2.035829,-1.363575,1.386819,-1.562570,-1.616178,2.878898,0.275846,0.532781,-0.186809,-0.067370,0.017695,0.012350,1.3119,-0.0664,-2.8878,-0.4677,0.1378,0.1770
4.1392,-2.033099,-1.357978,1.384949,-1.563234,-1.616039,2.879010,0.268387,0.530285,-0.190599,-0.064617,0.013945,0.012425,0.7040,-2.0598,-3.0044,-0.4621,0.1048,0.1764
4.1491,-2.030497,-1.352540,1.383160,-1.563710,-1.615917,2.879127,0.254360,0.520486,-0.182442,-0.051074,0.012175,0.012832,1.2558,-1.1151,-3.0864,-0.5342,0.1684,0.1787
4.1594,-2.028017,-1.347245,1.381444,-1.564245,-1.615799,2.879235,0.230910,0.485539,-0.172068,-0.053850,0.008209,0.011897,0.8034,-3.5641,-3.5210,-0.5356,0.1327,0.1719
4.1693,-2.025730,-1.342609,1.379855,-1.564558,-1.615639,2.879355,0.210149,0.439453,-0.154865,-0.039205,0.011006,0.011448,0.7356,-4.6183,-3.9147,-0.6547,0.0898,0.2045
4.1792,-2.023758,-1.338541,1.378404,-1.565017,-1.615512,2.879466,0.182474,0.377253,-0.139393,-0.040132,0.007026,0.011315,0.1194,-5.5407,-3.7605,-0.6040,0.0556,0.1917
4.1891,-2.022076,-1.335321,1.377076,-1.565401,-1.615459,2.879566,0.149118,0.293319,-0.122209,-0.036225,0.005118,0.010018,0.5774,-4.0226,-3.5365,-0.5543,0.0808,0.1773
4.1991,-2.020695,-1.332700,1.375985,-1.565760,-1.615408,2.879639,0.117706,0.229004,-0.102077,-0.033218,0.003186,0.008303,0.2436,-4.3259,-3.1834,-0.5252,0.0933,0.1875
4.2092,-2.019684,-1.330698,1.375049,-1.566008,-1.615352,2.879746,0.091158,0.176610,-0.082750,-0.021364,0.005051,0.008387,0.2436,-3.8548,-3.0410,-0.5162,0.0795,0.1634
4.2191,-2.018937,-1.329239,1.374341,-1.566233,-1.615396,2.879811,0.067959,0.131846,-0.067477,-0.020606,0.002625,0.008534,0.3058,-3.6896,-3.0008,-0.5021,0.1411,0.2039
4.2292,-2.018397,-1.328179,1.373725,-1.566452,-1.615332,2.879941,0.045444,0.094516,-0.055003,-0.015760,0.004603,0.012098,0.4819,-3.2208,-2.9319,-0.4627,0.1226,0.1963
4.2391,-2.017999,-1.327353,1.373234,-1.566581,-1.615331,2.880042,0.034696,0.071898,-0.048498,-0.016019,0.004836,0.012738,0.4968,-3.2104,-2.7385,-0.5073,0.1424,0.1847
4.2491,-2.017727,-1.326754,1.372794,-1.566767,-1.615279,2.880178,0.025446,0.053040,-0.041177,-0.022308,0.007829,0.013757,0.6855,-2.8306,-2.8611,-0.5299,0.1693,0.2070
4.2588,-2.017530,-1.326285,1.372465,-1.567039,-1.615165,2.880309,0.018707,0.043312,-0.036391,-0.033620,0.008939,0.016327,0.6205,-2.9331,-2.9486,-0.5422,0.1679,0.2066
4.2689,-2.017379,-1.325905,1.372082,-1.567478,-1.615069,2.880493,0.017550,0.037308,-0.034325,-0.048558,0.012238,0.019731,0.6236,-2.7909,-2.9256,-0.5351,0.1769,0.1924
4.2791,-2.017211,-1.325555,1.371744,-1.568021,-1.614965,2.880709,0.016911,0.033041,-0.032655,-0.072537,0.015276,0.024022,0.6654,-2.7794,-2.9896,-0.5826,0.1813,0.2192
4.2890,-2.017036,-1.325279,1.371439,-1.568894,-1.614830,2.880985,0.018202,0.030813,-0.032639,-0.100196,0.014000,0.030961,0.8031,-2.5396,-3.1274,-0.6746,0.1955,0.2188
4.2990,-2.016860,-1.324998,1.371091,-1.570130,-1.614698,2.881321,0.018610,0.028907,-0.034609,-0.131831,0.015678,0.037532,0.8398,-2.4110,-3.0023,-0.6526,0.1798,0.2208
4.3090,-2.016653,-1.324728,1.370719,-1.571699,-1.614558,2.881756,0.027164,0.027954,-0.037806,-0.174989,0.019594,0.053353,0.9546,-2.2307,-2.9183,-0.6515,0.1899,0.2391
4.3192,-2.016365,-1.324425,1.370372,-1.573619,-1.614359,2.882360,0.032065,0.027821,-0.035642,-0.207341,0.020060,0.069338,0.8338,-2.3181,-2.8968,-0.6523,0.2016,0.2771
4.3291,-2.016023,-1.324165,1.370040,-1.575838,-1.614151,2.883166,0.038474,0.027122,-0.034134,-0.233612,0.021776,0.090458,0.9401,-2.3728,-2.8695,-0.6030,0.1913,0.3055
4.3390,-2.015656,-1.323896,1.369685,-1.578265,-1.613944,2.884182,0.042432,0.027200,-0.031241,-0.252374,0.020779,0.114509,1.1958,-2.5005,-2.9473,-0.6176,0.1934,0.3236
4.3490,-2.015185,-1.323614,1.369417,-1.580810,-1.613761,2.885547,0.063628,0.025513,-0.033570,-0.293304,0.022921,0.169154,1.4831,-2.4359,-3.1618,-0.7679,0.2288,0.3877
4.3591,-2.014574,-1.323333,1.369062,-1.583893,-1.613578,2.887523,0.067982,0.027811,-0.033687,-0.317840,0.020542,0.218573,1.3598,-2.5545,-3.0824,-0.6575,0.2122,0.3664
4.3690,-2.013852,-1.323066,1.368702,-1.587151,-1.613397,2.889933,0.080227,0.025319,-0.037678,-0.327880,0.020031,0.260864,1.4936,-2.3619,-3.0197,-0.6446,0.2026,0.3889
4.3791,-2.013016,-1.322854,1.368322,-1.590490,-1.613230,2.892725,0.087094,0.026415,-0.040499,-0.329465,0.016827,0.296244,1.3530,-1.9484,-2.9742,-0.6322,0.2060,0.3764
4.3892,-2.012091,-1.322557,1.367808,-1.593869,-1.613035,2.895949,0.098053,0.032577,-0.050906,-0.339565,0.017558,0.338435,1.4765,-1.9372,-2.8800,-0.6799,0.2102,0.3941
4.3989,-2.011048,-1.322221,1.367305,-1.597284,-1.612880,2.899530,0.100826,0.037324,-0.053018,-0.333477,0.013114,0.358225,1.0345,-1.9434,-2.7788,-0.5533,0.1939,0.2998
4.4089,-2.010111,-1.321798,1.366785,-1.600580,-1.612739,2.903155,0.101926,0.053951,-0.055633,-0.320954,0.012357,0.360689,1.0939,-1.3734,-2.8011,-0.5734,0.1836,0.2530
4.4188,-2.009069,-1.321184,1.366209,-1.603818,-1.612674,2.906756,0.099085,0.066578,-0.061261,-0.309696,0.009930,0.347049,0.8883,-1.3531,-2.8003,-0.5067,0.1759,0.1842
4.4290,-2.008080,-1.320435,1.365503,-1.606827,-1.612544,2.910055,0.101420,0.097620,-0.066506,-0.291964,0.007863,0.319291,1.1339,-1.3680,-2.7445,-0.5278,0.1833,0.2541
4.4390,-2.007061,-1.319445,1.364796,-1.609627,-1.612491,2.913024,0.095893,0.121374,-0.069082,-0.274417,0.004519,0.287437,0.8117,-1.1351,-2.7919,-0.4697,0.1573,0.1560
4.4491,-2.006090,-1.318157,1.364080,-1.612213,-1.612431,2.915652,0.089836,0.167764,-0.071519,-0.254773,0.004440,0.251105,0.5572,0.3902,-2.4792,-0.4793,0.1513,0.1263
4.4589,-2.005226,-1.316373,1.363265,-1.614764,-1.612373,2.917827,0.086709,0.192233,-0.080641,-0.246627,0.005269,0.208869,0.4627,-0.4258,-2.6483,-0.3719,0.1252,0.1160
4.4689,-2.004430,-1.314287,1.362390,-1.617074,-1.612345,2.919633,0.075208,0.241472,-0.081788,-0.221202,0.003211,0.164106,0.5216,0.2519,-2.5243,-0.4565,0.1698,0.1236
4.4791,-2.003690,-1.311768,1.361524,-1.619204,-1.612303,2.921029,0.066177,0.288274,-0.085804,-0.203752,0.004649,0.124952,0.2493,0.3123,-2.4951,-0.4197,0.1291,0.1211
4.4889,-2.003074,-1.308778,1.360637,-1.621128,-1.612253,2.922035,0.056901,0.335799,-0.088805,-0.183168,0.004098,0.089960,0.3125,0.2485,-2.7948,-0.4538,0.1359,0.1039
4.4990,-2.002491,-1.305243,1.359666,-1.622892,-1.612247,2.922710,0.052226,0.351963,-0.102779,-0.173631,0.004591,0.061283,0.2309,-1.1410,-2.8399,-0.4108,0.1172,0.0781
4.5091,-2.002032,-1.301503,1.358628,-1.624395,-1.612161,2.923236,0.038856,0.404375,-0.099825,-0.141414,0.004434,0.039471,-0.0398,0.3665,-2.6608,-0.4631,0.1185,0.1054
4.5189,-2.001696,-1.297272,1.357558,-1.625823,-1.612168,2.923505,0.032944,0.406112,-0.112134,-0.135458,0.002770,0.023763,0.2890,-1.3153,-2.9347,-0.4521,0.1214,0.1301
4.5292,-2.001427,-1.293063,1.356467,-1.626996,-1.612175,2.923690,0.024939,0.414753,-0.111462,-0.114036,0.002359,0.015065,0.3822,-2.0050,-3.2610,-0.4936,0.1472,0.1241
4.5389,-2.001164,-1.288823,1.355395,-1.628037,-1.612109,2.923783,0.021039,0.401050,-0.112519,-0.101426,0.004455,0.010036,0.5262,-3.3126,-3.4715,-0.5364,0.1154,0.1330
4.5490,-2.001015,-1.284897,1.354328,-1.628885,-1.612112,2.923862,0.018299,0.387351,-0.117316,-0.081418,0.002301,0.005424,0.4590,-2.2424,-3.3729,-0.5100,0.1488,0.1481
4.5590,-2.000872,-1.281164,1.353107,-1.629658,-1.612078,2.923934,0.016704,0.356489,-0.123482,-0.073865,0.002474,0.006162,0.6147,-3.6258,-3.5632,-0.5096,0.1499,0.1540
4.5689,-2.000731,-1.277801,1.351896,-1.630215,-1.612057,2.923978,0.015048,0.321613,-0.122529,-0.052226,0.001862,0.007435,0.6369,-3.7962,-3.5771,-0.5287,0.1621,0.1435
4.5791,-2.000544,-1.274796,1.350677,-1.630721,-1.612033,2.924062,0.013802,0.283596,-0.117489,-0.045294,0.003136,0.009025,0.6338,-4.1238,-3.7441,-0.5511,0.1391,0.1496
4.5889,-2.000448,-1.272214,1.349467,-1.631101,-1.612025,2.924170,0.013886,0.243478,-0.117841,-0.044074,0.001695,0.008747,0.5397,-3.1813,-3.3148,-0.5543,0.1494,0.1446
4.5989,-2.000324,-1.269896,1.348315,-1.631583,-1.612016,2.924258,0.013473,0.205342,-0.111921,-0.048763,0.001842,0.008652,0.6109,-3.5596,-3.3391,-0.5432,0.1625,0.1657
4.6089,-2.000216,-1.267972,1.347216,-1.632055,-1.612004,2.924323,0.010803,0.174653,-0.104345,-0.051609,0.001441,0.010006,0.6490,-3.4071,-3.1438,-0.5722,0.1459,0.1597
4.6190,-2.000140,-1.266335,1.346239,-1.632655,-1.612016,2.924427,0.009521,0.146076,-0.096246,-0.062845,0.000952,0.011798,0.7497,-3.7725,-3.0264,-0.5584,0.1652,0.1599
4.6291,-2.000033,-1.264987,1.345349,-1.633368,-1.611989,2.924543,0.008078,0.119782,-0.086739,-0.073761,0.001545,0.013816,0.7841,-3.3549,-3.1800,-0.5428,0.1546,0.1644
4.6390,-1.999929,-1.263872,1.344507,-1.634158,-1.611934,2.924726,0.009197,0.097880,-0.080804,-0.085543,0.002006,0.015344,0.8445,-3.5452,-2.9895,-0.5992,0.1631,0.1496
4.6491,-1.999884,-1.263030,1.343775,-1.635025,-1.611953,2.924873,0.014481,0.080768,-0.072334,-0.100521,0.001370,0.016250,0.9896,-3.3487,-3.0770,-0.6223,0.1816,0.1605
4.6590,-1.999712,-1.262305,1.343102,-1.636179,-1.611975,2.925012,0.016562,0.064609,-0.066179,-0.117029,0.001868,0.017118,0.8957,-3.2864,-3.0362,-0.5392,0.1461,0.1455
4.6691,-1.999517,-1.261792,1.342458,-1.637420,-1.611925,2.925199,0.021927,0.052376,-0.060946,-0.127914,0.001618,0.015916,0.8775,-3.0490,-2.9361,-0.5359,0.1522,0.1770
4.6793,-1.999289,-1.261368,1.341863,-1.638732,-1.611932,2.925336,0.028718,0.044493,-0.060977,-0.134525,0.001163,0.016701,1.1341,-2.9360,-3.0662,-0.5795,0.1851,0.1533
4.6893,-1.998966,-1.260988,1.341255,-1.640100,-1.611944,2.925522,0.037988,0.039047,-0.063330,-0.145146,0.001102,0.018085,1.2121,-2.7733,-3.0494,-0.5800,0.1952,0.1561
4.6990,-1.998546,-1.260645,1.340569,-1.641576,-1.611914,2.925699,0.043164,0.036026,-0.065429,-0.149005,0.001532,0.017702,1.0848,-2.7264,-2.9595,-0.5206,0.1663,0.1511
4.7091,-1.998016,-1.260252,1.339906,-1.642992,-1.611886,2.925910,0.061487,0.040290,-0.074893,-0.154572,0.001048,0.020715,1.4422,-2.4399,-3.0370,-0.5726,0.1737,0.1679
4.7191,-1.997384,-1.259836,1.339150,-1.644539,-1.611920,2.926134,0.069057,0.046943,-0.082562,-0.156981,0.001127,0.023372,1.2322,-2.4127,-3.1207,-0.5310,0.1622,0.1360
4.7289,-1.996590,-1.259330,1.338287,-1.646083,-1.611908,2.926397,0.081242,0.052745,-0.088933,-0.157055,0.000651,0.024999,1.3120,-2.3125,-3.0688,-0.4904,0.1726,0.1692
4.7390,-1.995715,-1.258804,1.337367,-1.647603,-1.611893,2.926699,0.086955,0.060573,-0.094328,-0.152475,0.000995,0.026672,1.1659,-2.0142,-2.9936,-0.4912,0.1508,0.1582
4.7490,-1.994781,-1.258139,1.336381,-1.649099,-1.611878,2.926936,0.102366,0.088390,-0.096515,-0.151356,0.000642,0.031801,1.4628,-1.8536,-3.0436,-0.5619,0.1818,0.1837
4.7591,-1.993674,-1.257282,1.335334,-1.650691,-1.611915,2.927266,0.105793,0.096130,-0.103647,-0.155710,0.000404,0.036598,1.0195,-1.9376,-2.9367,-0.4723,0.1424,0.2122
4.7690,-1.992544,-1.256361,1.334276,-1.652210,-1.611884,2.927696,0.111370,0.102298,-0.104802,-0.148001,0.000339,0.041589,1.0222,-1.7602,-2.6444,-0.4892,0.1267,0.1744
4.7789,-1.991425,-1.255292,1.333278,-1.653663,-1.611857,2.928140,0.108982,0.113723,-0.100729,-0.143912,0.000269,0.045884,0.7869,-1.1220,-2.5676,-0.4931,0.1084,0.2010
4.7890,-1.990345,-1.254003,1.332292,-1.655091,-1.611849,2.928623,0.109700,0.147898,-0.098684,-0.141318,0.000222,0.053632,0.8893,-1.3240,-2.8871,-0.5306,0.1190,0.1943
4.7989,-1.989203,-1.252535,1.331281,-1.656546,-1.611842,2.929195,0.105466,0.150396,-0.101117,-0.142833,0.000189,0.059051,0.7532,-1.8564,-3.0428,-0.4792,0.0984,0.1861
4.8089,-1.988187,-1.250964,1.330290,-1.657915,-1.611821,2.929820,0.102540,0.171744,-0.103611,-0.140362,0.000164,0.066193,0.4642,-1.3350,-3.1090,-0.5121,0.0883,0.2139
4.8192,-1.987255,-1.249172,1.329203,-1.659311,-1.611833,2.930531,0.088995,0.180146,-0.109213,-0.138497,0.000053,0.070448,0.5208,-1.9290,-3.0520,-0.5310,0.0719,0.2156
4.8292,-1.986436,-1.247361,1.328097,-1.660676,-1.611842,2.931317,0.079319,0.195609,-0.115150,-0.140099,0.000046,0.082207,0.7595,-1.5927,-3.0059,-0.5552,0.0649,0.2285
4.8391,-1.985657,-1.245373,1.326941,-1.662110,-1.611794,2.932185,0.069756,0.196834,-0.119447,-0.140175,0.000041,0.092748,0.6597,-2.2714,-2.9565,-0.5500,0.0652,0.1994
4.8488,-1.985008,-1.243404,1.325778,-1.663484,-1.611830,2.933196,0.060321,0.198876,-0.117005,-0.142030,0.000037,0.109158,0.5792,-2.2422,-3.1232,-0.5806,0.0516,0.2763
4.8588,-1.984473,-1.241382,1.324584,-1.664924,-1.611806,2.934434,0.052404,0.190842,-0.115296,-0.141022,0.000033,0.124574,0.5131,-2.9088,-2.9952,-0.5140,0.0532,0.2811
4.8689,-1.984036,-1.239512,1.323497,-1.666320,-1.611802,2.935810,0.043367,0.180365,-0.111354,-0.136186,0.000015,0.146140,0.5813,-2.4555,-2.8338,-0.5596,0.0501,0.2863
4.8789,-1.983680,-1.237670,1.322414,-1.667691,-1.611798,2.937393,0.036710,0.162565,-0.105814,-0.137440,0.000021,0.161850,0.6862,-3.0643,-2.9238,-0.5597,0.0778,0.2636
4.8891,-1.983384,-1.236090,1.321453,-1.669017,-1.611845,2.939088,0.030729,0.148286,-0.094199,-0.132298,0.000026,0.176185,0.8675,-3.4559,-3.1479,-0.5985,0.1389,0.2760
4.8989,-1.983093,-1.234656,1.320554,-1.670334,-1.611774,2.940898,0.026866,0.125997,-0.086255,-0.128762,0.002886,0.183423,0.8309,-3.7532,-3.0675,-0.4881,0.1623,0.2297
4.9089,-1.982841,-1.233521,1.319751,-1.671550,-1.611801,2.942731,0.025235,0.103342,-0.075099,-0.126771,0.005741,0.193903,0.8924,-3.2834,-3.1170,-0.5358,0.1808,0.3072
4.9189,-1.982645,-1.232538,1.319038,-1.672818,-1.611701,2.944693,0.022786,0.088088,-0.066944,-0.122477,0.009488,0.199191,0.8409,-3.4284,-3.0575,-0.5466,0.1716,0.2788
4.9290,-1.982426,-1.231791,1.318434,-1.673999,-1.611621,2.946635,0.021424,0.071804,-0.058066,-0.123228,0.009102,0.202590,0.7839,-3.4008,-2.8614,-0.5041,0.1868,0.2319
4.9389,-1.982209,-1.231200,1.317851,-1.675200,-1.611542,2.948669,0.020342,0.056157,-0.048761,-0.119737,0.009127,0.198972,0.8965,-3.1799,-2.9665,-0.4903,0.1809,0.1975
4.9491,-1.982026,-1.230722,1.317418,-1.676408,-1.611450,2.950564,0.023013,0.042233,-0.044160,-0.123942,0.012722,0.193149,0.9499,-3.0827,-2.9847,-0.5569,0.1893,0.2172
4.9589,-1.981787,-1.230339,1.316959,-1.677649,-1.611318,2.952462,0.021239,0.034810,-0.040193,-0.129772,0.012379,0.181118,0.8319,-3.0329,-2.7656,-0.4903,0.2043,0.2157
4.9690,-1.981582,-1.230008,1.316561,-1.678949,-1.611211,2.954224,0.022042,0.028694,-0.036453,-0.122580,0.013195,0.166553,0.8903,-3.0813,-2.7959,-0.5003,0.1951,0.1779
4.9793,-1.981379,-1.229757,1.316270,-1.680162,-1.611091,2.955772,0.023350,0.022633,-0.032444,-0.120879,0.013652,0.148155,1.1502,-3.2042,-2.9238,-0.5337,0.2205,0.1497
4.9889,-1.981084,-1.229584,1.315936,-1.681369,-1.610941,2.957157,0.032594,0.015789,-0.032090,-0.124482,0.015710,0.130219,1.1648,-3.1460,-3.0069,-0.5578,0.2198,0.1931
4.9991,-1.980807,-1.229444,1.315635,-1.682592,-1.610804,2.958371,0.033477,0.013950,-0.030805,-0.120795,0.015816,0.110301,1.0738,-3.0630,-2.9643,-0.5206,0.2138,0.1661
5.0089,-1.980412,-1.229318,1.315324,-1.683780,-1.610598,2.959402,0.042470,0.008574,-0.032377,-0.117941,0.017692,0.095331,1.1647,-3.1010,-3.0177,-0.5239,0.2023,0.1560
5.0189,-1.979985,-1.229304,1.314984,-1.684958,-1.610474,2.960295,0.047110,0.004067,-0.033171,-0.115276,0.015332,0.079834,1.0130,-2.9491,-3.0079,-0.5246,0.2031,0.1156
5.0289,-1.979501,-1.229265,1.314671,-1.686102,-1.610313,2.960989,0.056286,0.001667,-0.035528,-0.110792,0.017526,0.064591,1.2713,-3.0405,-3.0207,-0.5155,0.1816,0.1327
5.0388,-1.978922,-1.229262,1.314299,-1.687129,-1.610151,2.961561,0.063376,0.002250,-0.038977,-0.104443,0.013947,0.050102,1.2576,-3.1904,-2.9695,-0.5307,0.2117,0.1393
5.0491,-1.978259,-1.229262,1.313866,-1.688173,-1.610019,2.961982,0.083841,-0.000151,-0.048432,-0.107405,0.015602,0.038393,1.5577,-3.2891,-3.2687,-0.5425,0.2212,0.1271
5.0590,-1.977389,-1.229277,1.313354,-1.689239,-1.609907,2.962303,0.089708,-0.000000,-0.053980,-0.103337,0.011584,0.027548,1.2183,-3.0722,-3.2680,-0.5012,0.2028,0.1674
5.0691,-1.976457,-1.229260,1.312729,-1.690236,-1.609803,2.962510,0.109185,-0.000516,-0.069038,-0.097373,0.012727,0.020902,1.7364,-3.3245,-3.2964,-0.5592,0.1932,0.1458
5.0791,-1.975292,-1.229233,1.312012,-1.691157,-1.609711,2.962726,0.126832,0.002955,-0.079178,-0.093461,0.010845,0.014889,1.7039,-3.2136,-3.3229,-0.5145,0.2155,0.1527
5.0891,-1.974013,-1.229205,1.311155,-1.692067,-1.609600,2.962834,0.148561,0.004913,-0.089885,-0.086774,0.013497,0.010847,1.7283,-3.0513,-3.4252,-0.4692,0.2142,0.1273
5.0989,-1.972467,-1.229133,1.310166,-1.692856,-1.609504,2.962906,0.154062,0.008909,-0.101107,-0.072115,0.011051,0.003872,1.2101,-2.6648,-3.1518,-0.4742,0.1889,0.1390
5.1090,-1.970771,-1.229038,1.309073,-1.693489,-1.609364,2.962939,0.189379,0.011820,-0.114919,-0.062995,0.018812,0.001693,2.1592,-2.8201,-3.3815,-0.5038,0.2270,0.1246
5.1195,-1.968872,-1.228887,1.307890,-1.694071,-1.609241,2.962942,0.193537,0.017552,-0.124803,-0.051490,0.017000,0.000825,1.3447,-2.5431,-3.1667,-0.5110,0.2452,0.1379
5.1291,-1.966902,-1.228681,1.306588,-1.694620,-1.608970,2.962927,0.206234,0.020150,-0.130704,-0.046005,0.025549,0.000673,1.3479,-2.5652,-3.1820,-0.4595,0.1884,0.1435
5.1392,-1.964808,-1.228477,1.305260,-1.694969,-1.608720,2.962951,0.205193,0.026449,-0.131534,-0.032591,0.026645,0.002013,1.1906,-2.3301,-3.1712,-0.4728,0.2260,0.1752
5.1489,-1.962623,-1.228182,1.303897,-1.695264,-1.608365,2.963017,0.227483,0.041974,-0.146743,-0.027223,0.042516,0.010919,1.9839,-2.3598,-3.2925,-0.4862,0.2545,0.1792
5.1589,-1.960309,-1.227724,1.302314,-1.695489,-1.607990,2.963193,0.216960,0.052055,-0.157239,-0.019354,0.045056,0.018085,1.0929,-2.1257,-3.0316,-0.4721,0.2652,0.1754
5.1691,-1.958107,-1.227155,1.300734,-1.695605,-1.607355,2.963358,0.219778,0.064523,-0.158073,-0.014677,0.059608,0.017933,0.8690,-1.9911,-2.8855,-0.4784,0.1878,0.1783
5.1792,-1.955965,-1.226463,1.299201,-1.695760,-1.606793,2.963577,0.208644,0.078089,-0.157856,-0.009957,0.064604,0.022572,0.9216,-1.2652,-3.0486,-0.4591,0.2461,0.2180
5.1891,-1.953898,-1.225563,1.297518,-1.695848,-1.606009,2.963862,0.210517,0.117404,-0.168024,-0.004086,0.087464,0.038361,1.4112,-1.4116,-3.0824,-0.4523,0.2631,0.1999
5.1989,-1.951821,-1.224376,1.295782,-1.695865,-1.605023,2.964365,0.195708,0.130704,-0.176815,-0.003864,0.095963,0.050995,0.6663,-1.5465,-2.8257,-0.4039,0.2266,0.2117
5.2092,-1.949916,-1.222975,1.294036,-1.695865,-1.603992,2.964933,0.193869,0.168086,-0.177784,-0.000731,0.113177,0.064986,0.7931,-0.3538,-2.7779,-0.4135,0.2369,0.2495
5.2189,-1.948108,-1.221190,1.292178,-1.695874,-1.602866,2.965654,0.181075,0.194550,-0.187596,-0.000600,0.119791,0.080161,0.4973,-0.5853,-2.9483,-0.4327,0.2677,0.2274
5.2292,-1.946340,-1.219068,1.290209,-1.695892,-1.601568,2.966592,0.176085,0.245809,-0.194405,-0.000557,0.134595,0.098871,0.9700,-0.3999,-2.9764,-0.4143,0.2605,0.2091
5.2391,-1.944642,-1.216589,1.288166,-1.695919,-1.600179,2.967626,0.164867,0.266113,-0.206064,-0.004101,0.135241,0.109080,0.4773,-0.8272,-3.0298,-0.4217,0.2044,0.2399
5.2491,-1.943116,-1.213817,1.286111,-1.695904,-1.598814,2.968788,0.150777,0.304967,-0.206223,-0.002250,0.136412,0.121964,0.6124,-0.4419,-3.0602,-0.4597,0.2151,0.2736
5.2588,-1.941632,-1.210660,1.283907,-1.695952,-1.597470,2.970150,0.140059,0.315566,-0.217836,-0.007260,0.132184,0.134422,0.3136,-1.6086,-3.0206,-0.4368,0.1903,0.2563
5.2688,-1.940320,-1.207342,1.281766,-1.695973,-1.596142,2.971494,0.124412,0.331290,-0.216788,-0.003697,0.126747,0.146889,0.6968,-0.9919,-2.8782,-0.4643,0.2015,0.2583
5.2794,-1.939103,-1.203871,1.279677,-1.696039,-1.594904,2.973042,0.110301,0.332945,-0.213619,-0.005381,0.115491,0.154705,0.1342,-2.0189,-2.9663,-0.5038,0.1872,0.2543
5.2893,-1.938094,-1.200446,1.277589,-1.696003,-1.593725,2.974576,0.095099,0.334032,-0.210207,-0.001689,0.106443,0.159518,0.2287,-2.4556,-3.1710,-0.5512,0.1475,0.2422
5.2989,-1.937202,-1.197073,1.275509,-1.696012,-1.592751,2.976154,0.078404,0.318737,-0.205271,-0.003511,0.090731,0.158085,0.2321,-3.6349,-3.2379,-0.5383,0.1275,0.2135
5.3090,-1.936549,-1.193941,1.273539,-1.696036,-1.591889,2.977664,0.062865,0.301559,-0.199183,-0.002187,0.074305,0.157189,0.1987,-2.8874,-3.4915,-0.5542,0.1507,0.2128
5.3190,-1.935941,-1.191021,1.271603,-1.696078,-1.591266,2.979202,0.048162,0.273851,-0.192735,-0.001128,0.060531,0.151587,0.3319,-3.5962,-3.3078,-0.5879,0.1754,0.1917
5.3293,-1.935516,-1.188455,1.269789,-1.696090,-1.590658,2.980659,0.038428,0.248996,-0.180404,-0.001906,0.052041,0.145266,0.2597,-3.7983,-3.3253,-0.5718,0.1265,0.1966
5.3390,-1.935204,-1.186177,1.268033,-1.696080,-1.590247,2.982068,0.028198,0.215530,-0.168857,-0.003377,0.039865,0.135662,0.4360,-4.4091,-3.4171,-0.5567,0.1326,0.1530
5.3491,-1.934921,-1.184310,1.266424,-1.696117,-1.589900,2.983261,0.025366,0.173685,-0.164785,-0.003066,0.029911,0.125018,0.5672,-3.4410,-3.3125,-0.5742,0.1415,0.1587
5.3589,-1.934740,-1.182686,1.264875,-1.696178,-1.589677,2.984488,0.019606,0.146394,-0.154744,-0.001278,0.022045,0.110774,0.5247,-3.7403,-3.1326,-0.5321,0.1556,0.1453
5.3690,-1.934615,-1.181406,1.263371,-1.696164,-1.589485,2.985475,0.016649,0.118865,-0.141617,-0.001137,0.016252,0.095259,0.6062,-3.7812,-2.9764,-0.4935,0.1402,0.1556
5.3789,-1.934452,-1.180380,1.261998,-1.696190,-1.589361,2.986313,0.013415,0.095000,-0.130666,-0.000659,0.011570,0.079030,0.6163,-3.7940,-3.1221,-0.4617,0.1592,0.1319
5.3889,-1.934339,-1.179548,1.260765,-1.696176,-1.589294,2.987060,0.012629,0.075846,-0.125386,-0.000452,0.006541,0.063433,0.6735,-3.6619,-3.1958,-0.4552,0.1548,0.1572
5.3993,-1.934231,-1.178843,1.259501,-1.696171,-1.589254,2.987599,0.011427,0.061527,-0.117029,-0.000099,0.003088,0.048977,0.6919,-3.6078,-3.0688,-0.4236,0.1348,0.1469
5.4093,-1.934095,-1.178338,1.258361,-1.696180,-1.589273,2.988009,0.010003,0.043953,-0.113796,-0.000108,0.002424,0.037940,0.6906,-3.5480,-3.2053,-0.4626,0.1490,0.1484
5.4192,-1.934011,-1.177970,1.257249,-1.696183,-1.589222,2.988361,0.009719,0.035489,-0.108254,0.000079,0.001921,0.030659,0.7100,-3.5120,-3.2727,-0.4306,0.1556,0.1109
5.4291,-1.933900,-1.177690,1.256132,-1.696168,-1.589210,2.988575,0.009062,0.024028,-0.112767,0.000055,0.002278,0.021062,0.7475,-3.3446,-3.2032,-0.4412,0.1751,0.1506
5.4391,-1.933835,-1.177462,1.254994,-1.696156,-1.589154,2.988806,0.009126,0.020240,-0.109431,0.000042,0.003219,0.014745,0.6431,-3.2522,-3.1093,-0.4044,0.1531,0.1351
5.4493,-1.933723,-1.177291,1.253912,-1.696164,-1.589135,2.988899,0.008038,0.014062,-0.108994,0.000034,0.003103,0.010035,0.6102,-3.1671,-2.9622,-0.4094,0.1680,0.1308
5.4590,-1.933651,-1.177190,1.252847,-1.696195,-1.589125,2.988959,0.006058,0.012556,-0.105017,0.000050,0.004037,0.003517,0.4568,-3.0642,-2.6558,-0.3859,0.1525,0.1266
5.4692,-1.933611,-1.177078,1.251811,-1.696180,-1.589063,2.988948,0.006745,0.007030,-0.096501,0.000050,0.003466,0.001168,0.4246,-3.1193,-2.9169,-0.3767,0.1593,0.1424
5.4790,-1.933547,-1.177061,1.250899,-1.696199,-1.589084,2.988991,0.003805,0.004882,-0.086497,0.000076,0.003556,0.001807,0.4556,-3.0670,-2.8561,-0.3642,0.1358,0.1368
5.4890,-1.933523,-1.177019,1.250102,-1.696183,-1.589026,2.989003,0.002651,0.001644,-0.077922,0.000078,0.002936,0.000891,0.4910,-3.0941,-2.7213,-0.3512,0.1489,0.1449
5.4990,-1.933499,-1.177000,1.249389,-1.696195,-1.588986,2.989011,0.001742,0.000924,-0.066306,0.000102,0.002465,0.002258,0.3784,-3.0532,-2.6689,-0.3308,0.1535,0.1335
5.5092,-1.933471,-1.177037,1.248778,-1.696191,-1.588966,2.989038,0.001028,0.000508,-0.055670,0.000093,0.001971,0.001854,0.3918,-3.0080,-2.8228,-0.3517,0.1664,0.1565
5.5191,-1.933502,-1.177037,1.248276,-1.696191,-1.588919,2.989059,0.000633,0.000350,-0.046963,0.000085,0.002389,0.002522,0.3555,-3.0180,-2.5521,-0.3589,0.1534,0.1496
5.5291,-1.933506,-1.177019,1.247899,-1.696211,-1.588927,2.989084,0.000466,0.000309,-0.036310,0.000077,0.001249,0.002495,0.2971,-3.1102,-2.6593,-0.3494,0.1447,0.1505
5.5390,-1.933499,-1.177032,1.247575,-1.696188,-1.588952,2.989099,0.000340,0.000248,-0.030050,0.000071,0.001620,0.002713,0.3297,-3.1597,-2.5654,-0.3633,0.1388,0.1462
5.5490,-1.933506,-1.177007,1.247343,-1.696188,-1.588918,2.989120,0.000268,0.000189,-0.021034,0.000066,0.000973,0.002653,0.3244,-3.2317,-2.6599,-0.3777,0.1373,0.1647
5.5591,-1.933499,-1.176971,1.247197,-1.696180,-1.588922,2.989128,0.000221,0.000602,-0.015023,0.000061,0.000785,0.002218,0.3438,-3.1809,-2.7250,-0.3849,0.1470,0.1681
5.5692,-1.933499,-1.176959,1.247078,-1.696180,-1.588937,2.989168,0.000188,0.001028,-0.010037,0.000058,0.000868,0.002572,0.3488,-3.3142,-2.7532,-0.3890,0.1427,0.1739
5.5791,-1.933502,-1.176989,1.247006,-1.696199,-1.588883,2.989169,0.000164,0.000527,-0.005376,0.000054,0.000836,0.001731,0.4538,-3.2980,-2.7837,-0.3945,0.1534,0.1428
5.5888,-1.933499,-1.176974,1.246934,-1.696183,-1.588894,2.989207,0.000165,0.000354,-0.006846,0.000051,0.000759,0.001529,0.3757,-3.3375,-2.9428,-0.4108,0.1531,0.1401
5.5992,-1.933514,-1.176966,1.246873,-1.696180,-1.588867,2.989200,0.000148,0.000311,-0.009047,0.000000,0.000646,0.001210,0.3810,-3.2505,-2.9129,-0.4128,0.1448,0.1699
5.6090,-1.933502,-1.176947,1.246793,-1.696199,-1.588898,2.989231,0.000111,0.000240,-0.012827,0.000000,0.000780,0.001285,0.2678,-3.2480,-2.8956,-0.4148,0.1408,0.1590
5.6190,-1.933514,-1.176966,1.246646,-1.696183,-1.588882,2.989236,-0.000192,0.000692,-0.013568,0.000000,0.000668,0.000912,0.1744,-3.2983,-2.8498,-0.4145,0.1494,0.1424
5.6289,-1.933514,-1.176938,1.246510,-1.696183,-1.588851,2.989267,-0.002599,0.000630,-0.014191,0.000000,0.000559,0.000895,-0.0704,-3.2917,-2.9390,-0.4325,0.1540,0.1359
5.6390,-1.933519,-1.176919,1.246354,-1.696180,-1.588870,2.989267,-0.001686,0.000442,-0.015110,0.000000,0.000586,0.000668,-0.2159,-3.2600,-2.8249,-0.4206,0.1603,0.1284
5.6489,-1.933563,-1.176953,1.246191,-1.696180,-1.588854,2.989260,-0.003032,0.000368,-0.014296,0.000000,0.000771,0.000576,-0.2980,-3.2870,-2.8386,-0.4104,0.1535,0.1367
5.6590,-1.933614,-1.176950,1.246050,-1.696176,-1.588827,2.989279,-0.004519,0.000285,-0.013855,0.000000,0.000660,0.000497,-0.3244,-3.1926,-2.8318,-0.4128,0.1417,0.1402
5.6690,-1.933647,-1.176931,1.245961,-1.696202,-1.588846,2.989260,-0.005825,0.000264,-0.012163,0.000000,0.000561,0.000455,-0.4451,-3.2093,-2.8485,-0.4075,0.1413,0.1515
5.6789,-1.933691,-1.176950,1.245829,-1.696214,-1.588815,2.989275,-0.005725,0.000179,-0.011072,0.000000,0.000448,0.000429,-0.4367,-3.1786,-2.7753,-0.4232,0.1323,0.1560
5.6893,-1.933770,-1.176950,1.245740,-1.696149,-1.588818,2.989279,-0.005656,0.000229,-0.009285,0.000000,0.000420,0.000409,-0.4640,-3.1704,-2.7762,-0.4170,0.1419,0.1469
5.6989,-1.933822,-1.176911,1.245673,-1.696176,-1.588846,2.989288,-0.007450,0.000601,-0.006443,0.000000,0.000324,0.000375,-0.3993,-3.1796,-2.6692,-0.4298,0.1364,0.1194
5.7090,-1.933863,-1.176930,1.245567,-1.696176,-1.588837,2.989303,-0.005935,0.000603,-0.003983,0.000000,0.000286,0.000325,-0.5273,-3.1893,-2.7923,-0.4327,0.1318,0.1314
5.7189,-1.933923,-1.176907,1.245596,-1.696180,-1.588815,2.989260,-0.005239,0.000592,-0.002596,0.000000,0.000198,0.000131,-0.4102,-3.1509,-2.7406,-0.4359,0.0838,0.0842
5.7291,-1.933983,-1.176921,1.245572,-1.696168,-1.588858,2.989307,-0.004764,0.000910,-0.001527,0.000000,-0.000103,0.000002,-0.3488,-3.1374,-2.7647,-0.4347,0.0220,0.0132
5.7389,-1.933999,-1.176902,1.245550,-1.696160,-1.588894,2.989282,-0.003683,0.000738,-0.000783,0.000000,-0.002296,-0.003008,-0.3894,-3.1481,-2.6389,-0.4350,-0.0118,-0.0152
5.7490,-1.934027,-1.176890,1.245553,-1.696172,-1.588903,2.989208,-0.002381,0.001751,-0.000312,0.000000,-0.002951,-0.006732,-0.4989,-3.2042,-2.3605,-0.4418,-0.0322,-0.0541
5.7589,-1.934055,-1.176894,1.245565,-1.696195,-1.588930,2.989152,-0.001830,0.001291,0.001063,0.000000,-0.003535,-0.008419,-0.3819,-3.1649,-2.0272,-0.4450,-0.0389,-0.0860
5.7690,-1.934063,-1.176851,1.245589,-1.696180,-1.588947,2.989099,-0.001725,0.001413,0.001905,0.000000,-0.003154,-0.008640,-0.4144,-3.1220,-1.8231,-0.4362,-0.0320,-0.0768
5.7790,-1.934071,-1.176842,1.245610,-1.696187,-1.589001,2.989013,-0.001416,0.001478,0.005396,0.000000,-0.001996,-0.008794,-0.4130,-3.1602,-1.6677,-0.4264,-0.0423,-0.0748
5.7889,-1.934075,-1.176830,1.245694,-1.696191,-1.589002,2.988909,-0.001475,0.001584,0.012520,0.000000,-0.001480,-0.008704,-0.4470,-3.1050,-1.5476,-0.4495,-0.0339,-0.0884
5.7989,-1.934099,-1.176830,1.245848,-1.696160,-1.589006,2.988872,-0.001097,0.001085,0.013258,0.000000,-0.000942,-0.008068,-0.5050,-3.1280,-1.6045,-0.4511,-0.0261,-0.1101
5.8089,-1.934095,-1.176806,1.245977,-1.696149,-1.589017,2.988800,-0.001052,0.000922,0.013956,0.000000,-0.000474,-0.008137,-0.5272,-2.8672,-1.5817,-0.4409,-0.0421,-0.1112
5.8189,-1.934111,-1.176767,1.246105,-1.696160,-1.589021,2.988759,-0.001368,0.004463,0.013733,0.000000,-0.000310,-0.007374,-0.5252,-2.8902,-1.4750,-0.4426,-0.0244,-0.1203
5.8292,-1.934139,-1.176722,1.246247,-1.696164,-1.588990,2.988715,-0.002092,0.006948,0.014116,0.000000,-0.000231,-0.007809,-0.5806,-2.9426,-1.4528,-0.4540,-0.0231,-0.1274
5.8392,-1.934143,-1.176651,1.246373,-1.696195,-1.589002,2.988666,-0.001648,0.008211,0.013391,0.000000,-0.000184,-0.007572,-0.6248,-3.0927,-1.4654,-0.4590,-0.0051,-0.1028
5.8490,-1.934159,-1.176544,1.246523,-1.696191,-1.588986,2.988627,-0.002478,0.010618,0.013875,0.000000,-0.000152,-0.007051,-0.5577,-2.9590,-1.4260,-0.4518,0.0120,-0.1185
5.8589,-1.934172,-1.176443,1.246637,-1.696180,-1.588990,2.988575,-0.003322,0.012588,0.013464,0.000000,-0.000130,-0.007275,-0.5246,-3.0304,-1.3857,-0.4497,0.0133,-0.1260
5.8689,-1.934200,-1.176327,1.246750,-1.696168,-1.588970,2.988536,-0.003409,0.012302,0.014847,0.000000,-0.000114,-0.008072,-0.5298,-2.9502,-1.2909,-0.4598,0.0292,-0.1303
5.8789,-1.934255,-1.176207,1.246919,-1.696191,-1.589006,2.988491,-0.003551,0.012348,0.017086,0.000000,-0.000081,-0.007356,-0.5500,-3.1048,-1.3268,-0.4628,0.0376,-0.1223
5.8890,-1.934307,-1.176087,1.247124,-1.696172,-1.588986,2.988440,-0.003322,0.011344,0.019753,0.000000,0.000018,-0.006736,-0.5013,-3.0523,-1.2981,-0.4549,0.0498,-0.1216
5.8990,-1.934339,-1.175937,1.247324,-1.696172,-1.588990,2.988408,-0.003402,0.010748,0.021303,0.000000,0.000074,-0.006472,-0.5271,-3.2357,-1.3654,-0.4564,0.0638,-0.1187
5.9090,-1.934371,-1.175825,1.247587,-1.696176,-1.588974,2.988363,-0.003729,0.009721,0.024620,0.000000,0.000518,-0.005979,-0.4761,-3.1121,-1.3519,-0.4492,0.0907,-0.1448
5.9191,-1.934407,-1.175760,1.247783,-1.696180,-1.588993,2.988322,-0.003266,0.007062,0.025241,0.000000,0.000467,-0.005147,-0.5652,-3.1746,-1.4287,-0.4528,0.0884,-0.1360
5.9288,-1.934435,-1.175685,1.248044,-1.696180,-1.589001,2.988282,-0.003627,0.005795,0.025860,0.000000,0.000557,-0.004703,-0.5504,-3.1759,-1.3866,-0.4666,0.0981,-0.1347
5.9389,-1.934471,-1.175656,1.248327,-1.696191,-1.588950,2.988222,-0.003087,0.003739,0.026943,0.000000,0.000707,-0.005753,-0.5933,-3.2084,-1.5197,-0.4792,0.1069,-0.1123
5.9488,-1.934495,-1.175617,1.248557,-1.696183,-1.588970,2.988206,-0.003108,0.002150,0.026710,0.000000,0.000464,-0.002155,-0.5575,-3.1612,-1.3976,-0.4943,0.0781,-0.1186
5.9589,-1.934535,-1.175608,1.248798,-1.696160,-1.588985,2.988191,-0.003184,0.001419,0.024779,-0.000060,0.000141,-0.001139,-0.5598,-3.2372,-1.4412,-0.4759,0.0522,-0.1042
5.9690,-1.934543,-1.175605,1.249034,-1.696172,-1.588990,2.988183,-0.002889,0.000667,0.024125,-0.000059,0.000000,-0.000635,-0.6279,-3.2383,-1.4560,-0.4741,-0.0175,-0.0556
5.9789,-1.934614,-1.175627,1.249259,-1.696199,-1.588993,2.988179,-0.002931,0.000436,0.022445,-0.000067,-0.002042,-0.000140,-0.5614,-3.3175,-1.4424,-0.4936,-0.0455,-0.0203
5.9890,-1.934607,-1.175624,1.249482,-1.696180,-1.589013,2.988194,-0.003058,0.000324,0.020785,-0.000073,-0.002748,-0.000000,-0.6035,-3.2723,-1.3904,-0.4830,-0.0645,0.0106
5.9989,-1.934623,-1.175624,1.249667,-1.696195,-1.589010,2.988203,-0.002834,0.000099,0.018891,-0.000035,-0.002646,0.001333,-0.3551,-3.2979,-1.4032,-0.4876,-0.0503,-0.0029
6.0089,-1.934639,-1.175589,1.249884,-1.696211,-1.589062,2.988218,-0.000000,0.000655,0.018292,-0.000000,-0.002358,0.000739,-0.4934,-3.0885,-1.4135,-0.4737,-0.0535,-0.0174
6.0189,-1.934623,-1.175620,1.250046,-1.696180,-1.589081,2.988191,-0.000981,0.000571,0.017481,-0.000089,-0.001143,0.000488,-0.4302,-3.1400,-1.3976,-0.5019,-0.0550,-0.0262
6.0290,-1.934667,-1.175639,1.250244,-1.696222,-1.589066,2.988218,-0.000395,0.000416,0.018876,-0.000125,-0.000656,0.000365,-0.4513,-3.0905,-1.4412,-0.4700,-0.0425,-0.0363
6.0389,-1.934644,-1.175577,1.250400,-1.696191,-1.589096,2.988188,-0.000265,0.000460,0.018400,-0.000110,-0.000493,0.000291,-0.4556,-3.1728,-1.4071,-0.4645,-0.0374,-0.0481
6.0491,-1.934651,-1.175608,1.250616,-1.696191,-1.589073,2.988225,-0.000178,0.000411,0.019121,-0.000098,-0.000318,0.000212,-0.4204,-3.1948,-1.4365,-0.4787,-0.0604,-0.0702
6.0589,-1.934651,-1.175581,1.250785,-1.696176,-1.589078,2.988191,-0.000178,0.001033,0.018759,-0.000088,-0.001278,0.000001,-0.4600,-3.2018,-1.4169,-0.4743,-0.0899,-0.1036
6.0688,-1.934667,-1.175600,1.250954,-1.696180,-1.589090,2.988198,-0.000143,0.000647,0.018770,-0.000080,-0.003445,-0.001503,-0.5157,-3.0735,-1.4236,-0.4618,-0.1052,-0.1039
6.0789,-1.934670,-1.175588,1.251169,-1.696172,-1.589161,2.988201,-0.000181,0.001450,0.019333,-0.000074,-0.005432,-0.001713,-0.4665,-3.1278,-1.3914,-0.4598,-0.0888,-0.1265
6.0889,-1.934651,-1.175545,1.251342,-1.696172,-1.589231,2.988159,-0.000151,0.000906,0.019171,-0.000068,-0.006221,-0.002071,-0.4358,-3.0738,-1.3251,-0.4447,-0.0972,-0.1219
6.0988,-1.934647,-1.175560,1.251534,-1.696188,-1.589249,2.988134,-0.000129,0.001332,0.020295,-0.000063,-0.006445,-0.002929,-0.5153,-3.2093,-1.4009,-0.4563,-0.1029,-0.1331
6.1089,-1.934647,-1.175552,1.251757,-1.696207,-1.589332,2.988107,-0.000156,0.000862,0.020829,-0.000059,-0.006907,-0.003020,-0.4319,-3.0525,-1.3012,-0.4707,-0.1238,-0.1326
6.1190,-1.934663,-1.175533,1.251989,-1.696188,-1.589381,2.988079,-0.000161,0.001270,0.021006,-0.000056,-0.006643,-0.001630,-0.4401,-3.1157,-1.3333,-0.4766,-0.1194,-0.1462
6.1289,-1.934667,-1.175540,1.252182,-1.696180,-1.589433,2.988078,-0.000185,0.000658,0.021913,-0.000052,-0.006813,-0.002923,-0.5225,-3.0696,-1.3456,-0.4809,-0.1277,-0.1360
6.1390,-1.934659,-1.175506,1.252405,-1.696176,-1.589492,2.988054,-0.000211,0.001216,0.020921,-0.000013,-0.007377,-0.002902,-0.4358,-3.1302,-1.4152,-0.4908,-0.1091,-0.1278
6.1489,-1.934675,-1.175532,1.252610,-1.696207,-1.589528,2.988023,-0.000340,0.000846,0.019344,-0.000000,-0.006762,-0.001354,-0.4916,-2.9770,-1.3661,-0.4650,-0.1326,-0.1469
6.1590,-1.934663,-1.175500,1.252794,-1.696184,-1.589600,2.988014,-0.000346,0.001294,0.018668,-0.000000,-0.005612,-0.002208,-0.4813,-3.0767,-1.4215,-0.4719,-0.1178,-0.1386
6.1689,-1.934671,-1.175488,1.252983,-1.696191,-1.589636,2.987972,-0.000338,0.000720,0.017780,-0.000000,-0.005681,-0.002520,-0.5017,-3.0201,-1.3970,-0.4720,-0.1398,-0.1302
6.1790,-1.934675,-1.175504,1.253142,-1.696207,-1.589691,2.987982,-0.000393,0.001656,0.016247,-0.000000,-0.005936,-0.000919,-0.5214,-3.1110,-1.4613,-0.4777,-0.1379,-0.1388
6.1889,-1.934671,-1.175418,1.253280,-1.696191,-1.589743,2.987970,-0.000457,0.001002,0.014476,-0.000000,-0.005087,-0.001429,-0.4864,-3.0556,-1.4535,-0.4737,-0.1561,-0.1475
6.1989,-1.934694,-1.175425,1.253415,-1.696195,-1.589783,2.987923,-0.000410,0.001555,0.012679,-0.000000,-0.004703,-0.001408,-0.4797,-3.1074,-1.4944,-0.4723,-0.1549,-0.1308
6.2090,-1.934706,-1.175425,1.253566,-1.696191,-1.589788,2.987942,-0.000308,0.001828,0.010758,-0.000000,-0.004294,-0.001501,-0.5000,-3.0602,-1.5133,-0.4806,-0.1409,-0.1424
6.2189,-1.934703,-1.175389,1.253631,-1.696211,-1.589835,2.987934,-0.000319,0.001363,0.005692,-0.000000,-0.004683,-0.001386,-0.5101,-3.0906,-1.6637,-0.4783,-0.1499,-0.1296
6.2287,-1.934668,-1.175392,1.253671,-1.696195,-1.589898,2.987930,-0.000291,0.001943,0.001396,-0.000000,-0.003918,-0.000649,-0.5506,-3.1389,-1.8242,-0.4892,-0.1481,-0.1382
6.2389,-1.934718,-1.175388,1.253651,-1.696195,-1.589946,2.987895,-0.000291,0.002369,0.000001,-0.000000,-0.003760,-0.000774,-0.4949,-3.1028,-2.0305,-0.4785,-0.1477,-0.1524
6.2487,-1.934683,-1.175360,1.253616,-1.696195,-1.589947,2.987913,-0.000308,0.001378,-0.002567,-0.000000,-0.004260,-0.001031,-0.5202,-3.1278,-2.3201,-0.4725,-0.1643,-0.1241
6.2588,-1.934699,-1.175353,1.253599,-1.696203,-1.589975,2.987909,-0.000314,0.001481,-0.004722,-0.000000,-0.003155,-0.001123,-0.5152,-3.0933,-2.4714,-0.4822,-0.1607,-0.1292
6.2688,-1.934699,-1.175329,1.253535,-1.696191,-1.590007,2.987913,-0.000326,0.001279,-0.006017,-0.000000,-0.003355,-0.001066,-0.5458,-3.0378,-2.5102,-0.4709,-0.1649,-0.1228
6.2788,-1.934707,-1.175309,1.253440,-1.696222,-1.590046,2.987897,-0.000562,0.001219,-0.007889,-0.000000,-0.003037,-0.001083,-0.4389,-3.0822,-2.5801,-0.4753,-0.1430,-0.1147
6.2890,-1.934711,-1.175305,1.253422,-1.696176,-1.590079,2.987874,-0.000540,0.001119,-0.009352,-0.000000,-0.002552,-0.000903,-0.5508,-2.9873,-2.6583,-0.4651,-0.1435,-0.1215
6.2989,-1.934704,-1.175312,1.253298,-1.696188,-1.590094,2.987835,-0.000539,0.001595,-0.011716,-0.000000,-0.002320,-0.000592,-0.4994,-3.0658,-2.6367,-0.4570,-0.1383,-0.1384
6.3089,-1.934715,-1.175265,1.253153,-1.696211,-1.590083,2.987858,-0.000612,0.001932,-0.012884,-0.000000,-0.001753,-0.000444,-0.4791,-3.0699,-2.7636,-0.4425,-0.1513,-0.1307
6.3190,-1.934716,-1.175261,1.253052,-1.696207,-1.590114,2.987870,-0.000656,0.000816,-0.011732,-0.000002,-0.002524,-0.000370,-0.4645,-3.1888,-2.7482,-0.4028,-0.1273,-0.1323
6.3289,-1.934735,-1.175254,1.252947,-1.696180,-1.590119,2.987905,-0.000269,0.000566,-0.011832,-0.000000,-0.001761,-0.000277,-0.4642,-3.1885,-2.7043,-0.3505,-0.1323,-0.1355
6.3391,-1.934735,-1.175280,1.252819,-1.696180,-1.590170,2.987861,-0.000180,0.000406,-0.011347,0.002483,-0.001664,-0.000298,-0.4849,-3.2042,-2.7010,-0.3015,-0.1474,-0.1310
6.3488,-1.934716,-1.175292,1.252708,-1.696140,-1.590163,2.987843,-0.000135,0.000317,-0.010175,0.004931,-0.001598,-0.000551,-0.4336,-3.2067,-2.7567,-0.2431,-0.1386,-0.1216
6.3588,-1.934735,-1.175312,1.252612,-1.696099,-1.590221,2.987854,-0.000143,0.000260,-0.009394,0.007077,-0.001841,-0.000608,-0.4600,-3.1906,-2.6939,-0.2146,-0.1261,-0.1350
6.3689,-1.934739,-1.175288,1.252551,-1.696012,-1.590202,2.987868,-0.000120,0.000220,-0.008745,0.008629,-0.001070,-0.000513,-0.4067,-3.1737,-2.6750,-0.2100,-0.1447,-0.1294
6.3789,-1.934719,-1.175304,1.252459,-1.695955,-1.590191,2.987834,-0.000103,0.000191,-0.006523,0.008708,-0.001042,-0.000519,-0.4856,-3.1787,-2.6957,-0.1829,-0.1492,-0.1184
6.3888,-1.934739,-1.175273,1.252392,-1.695853,-1.590222,2.987803,-0.000090,0.000169,-0.005413,0.009422,-0.001015,-0.000468,-0.4807,-3.2319,-2.7456,-0.1688,-0.1422,-0.1258
6.3989,-1.934731,-1.175281,1.252374,-1.695777,-1.590238,2.987837,-0.000080,0.000151,-0.004723,0.009460,-0.000887,-0.000436,-0.4999,-3.2060,-2.7046,-0.1746,-0.1318,-0.1153
6.4089,-1.934735,-1.175280,1.252342,-1.695701,-1.590265,2.987819,-0.000041,0.000137,-0.006555,0.008333,-0.001107,-0.000393,-0.5314,-3.2542,-2.7862,-0.1821,-0.1317,-0.1288
6.4190,-1.934766,-1.175273,1.252232,-1.695593,-1.590250,2.987819,-0.000036,0.000125,-0.007021,0.007796,-0.000956,-0.000342,-0.4733,-3.2527,-2.8021,-0.1860,-0.1276,-0.1230
6.4292,-1.934747,-1.175257,1.252163,-1.695530,-1.590265,2.987807,-0.000049,0.000115,-0.010717,0.006978,-0.000612,-0.000307,-0.4802,-3.2619,-2.8644,-0.1859,-0.1323,-0.1168
6.4389,-1.934751,-1.175285,1.252052,-1.695473,-1.590242,2.987837,-0.000060,0.000106,-0.011734,0.005770,-0.000698,-0.000285,-0.4744,-3.1854,-2.8248,-0.1570,-0.1195,-0.1025
6.4488,-1.934731,-1.175245,1.251935,-1.695441,-1.590230,2.987822,-0.000056,0.000064,-0.012942,0.005801,-0.000655,-0.000744,-0.4598,-3.2452,-2.8020,-0.1568,-0.1554,-0.1392
6.4590,-1.934747,-1.175254,1.251800,-1.695381,-1.590262,2.987798,-0.000052,0.000059,-0.013176,0.006199,-0.000524,-0.002263,-0.4342,-3.1558,-2.8368,-0.1743,-0.1287,-0.1820
6.4690,-1.934747,-1.175276,1.251702,-1.695333,-1.590270,2.987746,-0.000048,0.000056,-0.013813,0.005041,-0.000471,-0.005655,-0.4552,-3.2877,-2.8732,-0.1546,-0.1381,-0.1547
6.4789,-1.934747,-1.175230,1.251554,-1.695211,-1.590251,2.987670,-0.000045,0.000052,-0.013696,0.005532,-0.000487,-0.007173,-0.3883,-3.2198,-2.8229,-0.1683,-0.1553,-0.1551
6.4891,-1.934728,-1.175264,1.251376,-1.695207,-1.590286,2.987610,-0.000053,0.000017,-0.013679,0.004557,-0.000496,-0.007735,-0.4688,-3.2301,-2.8229,-0.1449,-0.1361,-0.1595
6.4990,-1.934763,-1.175257,1.251275,-1.695139,-1.590270,2.987558,-0.000050,0.000000,-0.013318,0.004738,-0.000561,-0.008404,-0.4304,-3.2294,-2.8129,-0.1642,-0.1295,-0.1506
6.5092,-1.934735,-1.175230,1.251128,-1.695123,-1.590278,2.987489,-0.000000,0.000000,-0.011633,0.004882,-0.000546,-0.008681,-0.4946,-3.2087,-2.8644,-0.1694,-0.1567,-0.1459
6.5191,-1.934735,-1.175249,1.251026,-1.695087,-1.590298,2.987378,-0.000000,0.000000,-0.011130,0.003425,-0.000620,-0.007859,-0.4862,-3.1870,-2.8817,-0.1469,-0.1348,-0.1651
6.5292,-1.934747,-1.175292,1.250930,-1.695035,-1.590298,2.987286,-0.000000,0.000000,-0.010591,0.004222,-0.000603,-0.007549,-0.4346,-3.1852,-2.7832,-0.1661,-0.1254,-0.1570
6.5390,-1.934735,-1.175264,1.250816,-1.695035,-1.590282,2.987214,-0.000000,0.000000,-0.009990,0.003772,-0.000514,-0.007727,-0.4830,-3.1160,-2.7557,-0.1512,-0.1327,-0.1544
6.5490,-1.934731,-1.175264,1.250766,-1.695003,-1.590325,2.987162,0.000000,0.004132,-0.005311,0.003291,-0.000389,-0.006818,-0.5258,-2.9325,-2.6916,-0.1509,-0.1303,-0.1406
6.5592,-1.934731,-1.175225,1.250711,-1.694948,-1.590287,2.987070,-0.000059,0.002562,-0.002623,0.002854,-0.000382,-0.006585,-0.3960,-2.8578,-2.6341,-0.1357,-0.1424,-0.1567
6.5692,-1.934731,-1.175194,1.250684,-1.694935,-1.590275,2.987037,-0.000056,0.004822,-0.000204,0.002425,-0.000401,-0.005682,-0.4466,-2.7796,-2.4310,-0.1469,-0.1496,-0.1518
6.5790,-1.934751,-1.175091,1.250720,-1.694923,-1.590278,2.987012,-0.000052,0.007439,-0.000000,0.002061,-0.000390,-0.005834,-0.4426,-2.7692,-2.2880,-0.1562,-0.1278,-0.1592
6.5888,-1.934731,-1.175029,1.250708,-1.694892,-1.590318,2.986917,-0.000017,0.010326,0.000768,0.002200,-0.000364,-0.005484,-0.4532,-2.9038,-2.1905,-0.1473,-0.1455,-0.1575
6.5988,-1.934747,-1.174941,1.250735,-1.694865,-1.590322,2.986885,-0.000000,0.011440,0.000523,0.002130,-0.000328,-0.004807,-0.4419,-2.9753,-2.3671,-0.1778,-0.1448,-0.1661
6.6093,-1.934735,-1.174797,1.250754,-1.694860,-1.590295,2.986852,-0.000000,0.011628,0.000139,0.000860,-0.000298,-0.004358,-0.4214,-2.9021,-2.4725,-0.1701,-0.1545,-0.1459
6.6189,-1.934735,-1.174686,1.250723,-1.694866,-1.590326,2.986817,-0.000000,0.011599,0.000000,0.001022,-0.001805,-0.004322,-0.4484,-3.0506,-2.6377,-0.1712,-0.1758,-0.1802
6.6289,-1.934747,-1.174550,1.250727,-1.694823,-1.590370,2.986746,-0.000000,0.010463,-0.001359,0.001171,-0.004768,-0.004123,-0.4563,-3.0125,-2.6807,-0.1798,-0.1658,-0.1891
6.6389,-1.934731,-1.174462,1.250718,-1.694824,-1.590430,2.986725,0.000000,0.009245,-0.001688,0.001027,-0.007783,-0.003705,-0.4216,-3.0864,-2.8771,-0.1727,-0.1592,-0.1729
6.6490,-1.934728,-1.174346,1.250676,-1.694815,-1.590466,2.986689,0.000000,0.008690,-0.002849,0.001403,-0.008352,-0.003848,-0.4462,-3.1400,-2.8765,-0.1660,-0.1491,-0.1725
6.6589,-1.934747,-1.174278,1.250635,-1.694807,-1.590576,2.986653,0.000000,0.007159,-0.004021,0.001019,-0.008438,-0.003070,-0.4357,-3.1009,-2.9650,-0.1769,-0.1496,-0.1739
6.6691,-1.934751,-1.174222,1.250606,-1.694822,-1.590664,2.986633,0.000000,0.006012,-0.005010,0.000873,-0.008210,-0.003600,-0.4405,-3.1357,-2.9597,-0.1721,-0.1716,-0.1702
6.6789,-1.934728,-1.174167,1.250573,-1.694807,-1.590720,2.986609,0.000000,0.005072,-0.005540,0.000887,-0.008529,-0.002719,-0.4002,-3.2275,-2.9402,-0.1761,-0.1526,-0.1718
6.6890,-1.934743,-1.174119,1.250499,-1.694772,-1.590820,2.986585,0.000000,0.003766,-0.005951,0.000995,-0.008217,-0.003045,-0.4519,-3.1970,-2.8694,-0.1778,-0.1515,-0.1769
6.6990,-1.934724,-1.174114,1.250420,-1.694775,-1.590868,2.986554,0.000000,0.002143,-0.005904,0.000815,-0.008093,-0.002332,-0.4028,-3.1032,-2.8504,-0.1754,-0.1417,-0.1839
6.7091,-1.934763,-1.174095,1.250397,-1.694751,-1.590956,2.986517,0.000000,0.000955,-0.005267,0.000872,-0.007082,-0.002390,-0.4218,-3.1298,-2.9267,-0.1702,-0.1563,-0.1951
6.7193,-1.934747,-1.174114,1.250327,-1.694783,-1.590977,2.986504,0.000000,0.000496,-0.005107,0.000851,-0.006403,-0.002573,-0.3960,-3.1741,-2.8327,-0.1666,-0.1412,-0.1739
6.7290,-1.934751,-1.174095,1.250316,-1.694764,-1.591072,2.986492,0.000000,0.000319,-0.004685,0.000792,-0.005520,-0.002229,-0.4317,-3.1442,-2.8816,-0.1595,-0.1423,-0.1861
6.7390,-1.934747,-1.174110,1.250243,-1.694739,-1.591147,2.986461,0.000000,0.000194,-0.004033,0.000805,-0.005664,-0.001572,-0.4381,-3.2337,-2.8125,-0.1612,-0.1400,-0.1868
6.7489,-1.934743,-1.174095,1.250225,-1.694739,-1.591183,2.986456,0.000000,0.001867,-0.003879,0.000625,-0.004671,-0.001905,-0.4410,-3.1591,-2.8723,-0.1679,-0.1432,-0.1988
6.7591,-1.934751,-1.174098,1.250171,-1.694716,-1.591250,2.986433,0.000000,0.000773,-0.003485,0.000559,-0.004476,-0.001462,-0.4457,-3.0816,-2.7798,-0.1697,-0.1474,-0.1738
6.7692,-1.934732,-1.174071,1.250169,-1.694731,-1.591294,2.986413,0.000000,0.001031,-0.002891,0.000609,-0.005242,-0.000876,-0.4003,-3.1143,-2.9419,-0.1569,-0.1348,-0.1727
6.7790,-1.934747,-1.174078,1.250108,-1.694731,-1.591311,2.986448,0.000000,0.001177,-0.002794,0.000626,-0.005041,-0.001178,-0.4014,-3.0906,-2.8511,-0.1690,-0.1375,-0.1847
6.7893,-1.934728,-1.174031,1.250106,-1.694704,-1.591355,2.986346,0.000000,0.001150,-0.002598,0.000542,-0.003444,-0.004535,-0.4568,-3.1245,-2.8664,-0.1600,-0.1575,-0.1896
6.7989,-1.934747,-1.174051,1.250067,-1.694739,-1.591410,2.986349,0.000000,0.001268,-0.002357,0.000431,-0.004521,-0.006541,-0.4112,-3.1622,-2.8726,-0.1766,-0.1314,-0.2174
6.8090,-1.934747,-1.174035,1.250042,-1.694719,-1.591438,2.986284,0.000000,0.001163,-0.002258,0.000410,-0.004681,-0.007945,-0.3907,-3.1638,-2.7650,-0.1705,-0.1141,-0.1931
6.8192,-1.934747,-1.174011,1.250030,-1.694719,-1.591467,2.986207,0.000000,0.001312,-0.000792,0.000351,-0.003242,-0.009184,-0.4471,-3.1520,-2.7087,-0.1578,-0.1425,-0.1817
6.8291,-1.934747,-1.173995,1.250042,-1.694692,-1.591494,2.986081,0.000000,0.001110,-0.000232,0.000397,-0.003904,-0.009649,-0.4147,-3.1023,-2.4119,-0.1602,-0.1313,-0.2039
6.8392,-1.934747,-1.174006,1.250036,-1.694696,-1.591518,2.985993,0.000000,0.001231,0.000316,0.000435,-0.003540,-0.009957,-0.4305,-3.1330,-2.3081,-0.1606,-0.1554,-0.1997
6.8492,-1.934735,-1.173991,1.250036,-1.694692,-1.591563,2.985924,0.000000,0.001064,0.001437,0.000412,-0.005483,-0.009238,-0.3905,-3.1140,-2.1428,-0.1671,-0.1511,-0.1972
6.8591,-1.934735,-1.174010,1.250087,-1.694715,-1.591626,2.985852,0.000000,0.001191,0.003383,0.000321,-0.007558,-0.009118,-0.3904,-3.0891,-1.9623,-0.1786,-0.1390,-0.1877
6.8691,-1.934747,-1.173960,1.250108,-1.694696,-1.591710,2.985752,0.000000,0.000768,0.005467,0.000284,-0.009537,-0.008243,-0.3861,-3.1058,-1.8317,-0.1829,-0.1497,-0.1899
6.8791,-1.934763,-1.173970,1.250183,-1.694696,-1.591818,2.985672,0.000000,0.001312,0.005347,0.000263,-0.010464,-0.007842,-0.4577,-3.1535,-1.8294,-0.1746,-0.1351,-0.1847
6.8891,-1.934731,-1.173967,1.250243,-1.694680,-1.591885,2.985596,0.000000,0.000874,0.005566,0.000248,-0.010802,-0.007585,-0.4673,-3.0755,-1.7664,-0.1796,-0.1613,-0.1887
6.8991,-1.934747,-1.173939,1.250282,-1.694711,-1.592024,2.985512,0.000000,0.001475,0.005143,0.000212,-0.010335,-0.006722,-0.3907,-3.1026,-1.8109,-0.1697,-0.1709,-0.1911
6.9090,-1.934732,-1.173950,1.250330,-1.694699,-1.592081,2.985464,0.000000,0.001228,0.005199,0.000185,-0.009694,-0.005169,-0.4675,-3.0741,-1.7512,-0.1912,-0.1681,-0.1918
6.9190,-1.934747,-1.173938,1.250378,-1.694665,-1.592201,2.985407,0.000000,0.001578,0.004350,0.000184,-0.009830,-0.005828,-0.4215,-3.1458,-1.7040,-0.1844,-0.1531,-0.1734
6.9289,-1.934728,-1.173895,1.250418,-1.694668,-1.592303,2.985355,0.000000,0.002227,0.004379,0.000183,-0.009658,-0.005681,-0.3970,-3.1593,-1.7006,-0.1974,-0.1758,-0.1644
6.9390,-1.934731,-1.173898,1.250469,-1.694699,-1.592383,2.985327,0.000000,0.001890,0.003665,0.000171,-0.009379,-0.005683,-0.4372,-3.1408,-1.6816,-0.1714,-0.1574,-0.1677
6.9492,-1.934747,-1.173871,1.250486,-1.694699,-1.592448,2.985287,0.000000,0.001572,0.003530,0.000162,-0.007846,-0.004253,-0.4421,-3.1080,-1.6572,-0.1870,-0.1681,-0.1715
6.9590,-1.934731,-1.173835,1.250502,-1.694676,-1.592540,2.985212,0.000000,0.001510,0.002738,0.000146,-0.007117,-0.004189,-0.3690,-3.1324,-1.5712,-0.1708,-0.1581,-0.1715
6.9691,-1.934751,-1.173847,1.250546,-1.694672,-1.592600,2.985195,0.000000,0.001272,0.002907,0.000130,-0.006862,-0.004163,-0.3889,-3.1326,-1.6466,-0.1830,-0.1607,-0.1652
6.9790,-1.934766,-1.173838,1.250573,-1.694680,-1.592694,2.985159,0.000000,0.001335,0.002769,0.000113,-0.005819,-0.003574,-0.4875,-3.1686,-1.6425,-0.1801,-0.1739,-0.1739
6.9891,-1.934778,-1.173792,1.250591,-1.694668,-1.592739,2.985119,-0.002987,0.001489,0.003079,0.000121,-0.005291,-0.003438,-0.5484,-3.1162,-1.5860,-0.1728,-0.1761,-0.1646
6.9990,-1.934783,-1.173814,1.250606,-1.694688,-1.592752,2.985064,-0.004105,0.000911,0.002706,0.000109,-0.005144,-0.003267,-0.6546,-3.0879,-1.6053,-0.1808,-0.1726,-0.1736
7.0090,-1.934847,-1.173780,1.250661,-1.694668,-1.592822,2.985075,-0.006955,0.000770,0.002154,0.000099,-0.005970,-0.002959,-0.7471,-3.1400,-1.7626,-0.1899,-0.2046,-0.1711
7.0190,-1.934919,-1.173803,1.250639,-1.694691,-1.592941,2.985059,-0.007728,0.000604,0.000636,0.000106,-0.009361,-0.003102,-0.7410,-3.0794,-1.8586,-0.1883,-0.2097,-0.1712
7.0289,-1.935015,-1.173737,1.250634,-1.694672,-1.593050,2.985015,-0.010633,0.000779,-0.002428,0.000097,-0.016403,-0.002159,-0.7696,-3.1618,-2.3156,-0.2005,-0.1991,-0.1702
7.0390,-1.935119,-1.173763,1.250603,-1.694656,-1.593225,2.984948,-0.010827,0.000817,-0.004251,0.000090,-0.016391,-0.002177,-0.7501,-3.1183,-2.4048,-0.1983,-0.2019,-0.1595
7.0490,-1.935227,-1.173767,1.250558,-1.694676,-1.593345,2.984975,-0.012372,0.001144,-0.006582,0.000084,-0.018314,-0.002479,-0.6240,-3.0955,-2.6462,-0.2003,-0.1979,-0.1656
7.0589,-1.935339,-1.173755,1.250456,-1.694676,-1.593568,2.984966,-0.010343,0.001027,-0.009266,0.000090,-0.020123,-0.001583,-0.6675,-3.2449,-2.6868,-0.1799,-0.1948,-0.1798
7.0690,-1.935447,-1.173755,1.250406,-1.694684,-1.593787,2.984908,-0.009793,0.000602,-0.009893,0.000085,-0.021061,-0.001783,-0.6753,-3.3067,-2.7556,-0.1988,-0.2105,-0.1703
7.0790,-1.935527,-1.173739,1.250322,-1.694665,-1.594004,2.984880,-0.008912,0.000424,-0.009651,0.000080,-0.022175,-0.001989,-0.5131,-3.2605,-2.7467,-0.1743,-0.1944,-0.1465
7.0890,-1.935611,-1.173758,1.250207,-1.694636,-1.594247,2.984884,-0.007702,0.000328,-0.010191,0.000071,-0.021993,-0.001440,-0.5876,-3.2651,-2.8686,-0.1747,-0.2043,-0.1548
7.0989,-1.935667,-1.173739,1.250077,-1.694672,-1.594454,2.984887,-0.005746,0.000267,-0.010185,0.000066,-0.021576,-0.001654,-0.5803,-3.2207,-2.8200,-0.1767,-0.1717,-0.1606
7.1089,-1.935731,-1.173735,1.249999,-1.694668,-1.594662,2.984859,-0.006566,0.000225,-0.011965,0.000074,-0.021866,-0.001112,-0.7398,-3.2592,-3.1634,-0.1727,-0.1717,-0.1660
7.1189,-1.935776,-1.173739,1.249835,-1.694644,-1.594896,2.984851,-0.006003,0.000195,-0.015907,0.002635,-0.021517,-0.001348,-0.7708,-3.2431,-2.9351,-0.1657,-0.1571,-0.1624
7.1290,-1.935848,-1.173739,1.249679,-1.694664,-1.595136,2.984867,-0.008527,0.000172,-0.017567,0.002231,-0.021824,-0.000885,-0.8105,-3.2896,-2.9235,-0.1190,-0.1772,-0.1578
7.1391,-1.935943,-1.173720,1.249538,-1.694584,-1.595331,2.984858,-0.011156,0.000153,-0.018037,0.007770,-0.021757,-0.001100,-0.8163,-3.2489,-2.9232,-0.1600,-0.1765,-0.1706
7.1489,-1.936074,-1.173770,1.249312,-1.694485,-1.595558,2.984862,-0.014648,0.000139,-0.021166,0.007076,-0.022515,-0.000687,-0.9174,-3.2716,-2.9650,-0.1637,-0.1726,-0.1592
7.1589,-1.936230,-1.173770,1.249123,-1.694410,-1.595746,2.984831,-0.015016,0.000126,-0.022857,0.008421,-0.021410,-0.000536,-0.8365,-3.2202,-2.9823,-0.1615,-0.1831,-0.1672
7.1691,-1.936371,-1.173755,1.248877,-1.694377,-1.595950,2.984815,-0.017176,0.000116,-0.025767,0.007681,-0.020654,-0.000650,-0.7770,-3.2400,-2.9857,-0.1451,-0.1922,-0.1528
7.1792,-1.936563,-1.173732,1.248647,-1.694285,-1.596161,2.984819,-0.017804,0.000108,-0.025249,0.007788,-0.019102,-0.000743,-0.7181,-3.2413,-2.9819,-0.1483,-0.1974,-0.1592
7.1890,-1.936747,-1.173770,1.248367,-1.694236,-1.596353,2.984792,-0.019525,0.000067,-0.028267,0.008140,-0.019293,-0.000709,-0.9229,-3.2678,-2.9176,-0.1747,-0.1855,-0.1608
7.1993,-1.936947,-1.173743,1.248088,-1.694149,-1.596532,2.984807,-0.019716,0.000062,-0.027415,0.007997,-0.016836,-0.000600,-0.7298,-3.2009,-2.9596,-0.1579,-0.1954,-0.1628
7.2088,-1.937174,-1.173724,1.247843,-1.694057,-1.596727,2.984779,-0.019646,0.000081,-0.027001,0.007130,-0.016171,-0.000582,-0.7255,-3.2129,-2.9432,-0.1593,-0.1910,-0.1642
7.2190,-1.937339,-1.173751,1.247563,-1.694017,-1.596878,2.984776,-0.018934,0.000076,-0.026074,0.006703,-0.013841,-0.000685,-0.6569,-3.1711,-2.8624,-0.1549,-0.1952,-0.1546
7.2292,-1.937519,-1.173770,1.247307,-1.693922,-1.596959,2.984799,-0.018127,0.000072,-0.023971,0.005667,-0.012952,-0.000668,-0.7460,-3.2149,-2.9129,-0.1422,-0.1987,-0.1607
7.2391,-1.937719,-1.173755,1.247071,-1.693874,-1.597084,2.984795,-0.016655,0.000000,-0.022678,0.005813,-0.011427,-0.000495,-0.7157,-3.1790,-2.8547,-0.1450,-0.1724,-0.1626
7.2492,-1.937890,-1.173747,1.246839,-1.693830,-1.597230,2.984766,-0.017327,0.000000,-0.019924,0.005572,-0.010468,-0.000502,-0.8019,-3.1129,-2.7599,-0.1340,-0.1666,-0.1634
7.2591,-1.938028,-1.173735,1.246666,-1.693782,-1.597286,2.984766,-0.016654,0.000113,-0.016582,0.004923,-0.006419,-0.000388,-0.9529,-3.1598,-2.7272,-0.1434,-0.1667,-0.1504
7.2691,-1.938231,-1.173711,1.246531,-1.693734,-1.597334,2.984783,-0.020422,0.000101,-0.012031,0.004732,-0.005920,-0.000271,-0.8713,-3.1076,-2.6810,-0.1340,-0.1744,-0.1511
7.2791,-1.938451,-1.173739,1.246430,-1.693683,-1.597390,2.984770,-0.019630,0.000091,-0.006037,0.004086,-0.005263,-0.000250,-0.7566,-3.2283,-2.5862,-0.1472,-0.1743,-0.1515
7.2893,-1.938631,-1.173739,1.246449,-1.693659,-1.597450,2.984783,-0.019778,0.000082,-0.001582,0.003531,-0.004561,-0.000237,-0.8105,-3.1929,-2.4975,-0.1207,-0.1805,-0.1755
7.2990,-1.938820,-1.173767,1.246433,-1.693603,-1.597494,2.984751,-0.018286,0.000075,-0.000001,0.004102,-0.004381,-0.000228,-0.7779,-3.1558,-2.2282,-0.1564,-0.1583,-0.1620
7.3092,-1.938984,-1.173711,1.246457,-1.693583,-1.597537,2.984770,-0.018246,0.000083,0.003066,0.003167,-0.003131,-0.000187,-0.8644,-3.1695,-1.9692,-0.1342,-0.1730,-0.1654
7.3192,-1.939195,-1.173720,1.246523,-1.693551,-1.597534,2.984769,-0.017390,0.000135,0.006075,0.002656,-0.001256,-0.000213,-0.7711,-3.1948,-1.8553,-0.1477,-0.1624,-0.1693
7.3291,-1.939375,-1.173719,1.246580,-1.693511,-1.597545,2.984727,-0.016583,0.000165,0.008551,0.003388,-0.000468,-0.000336,-0.8363,-3.2105,-1.7104,-0.1570,-0.1065,-0.1657
7.3391,-1.939547,-1.173719,1.246670,-1.693483,-1.597514,2.984762,-0.015370,0.000168,0.010904,0.002999,-0.000005,-0.000317,-0.7483,-3.2279,-1.6639,-0.1452,-0.0594,-0.1804
7.3491,-1.939677,-1.173731,1.246796,-1.693475,-1.597549,2.984746,-0.014481,0.000268,0.014076,0.003148,0.002247,-0.000291,-0.7755,-3.1052,-1.5894,-0.1443,-0.0045,-0.1628
7.3592,-1.939843,-1.173731,1.246901,-1.693458,-1.597473,2.984762,-0.012322,0.000260,0.013876,0.002253,0.004937,-0.000233,-0.7615,-3.2086,-1.5330,-0.1437,0.0215,-0.1529
7.3692,-1.939948,-1.173727,1.247063,-1.693427,-1.597446,2.984758,-0.011817,0.000174,0.015217,0.002207,0.005020,-0.000241,-0.7791,-3.1658,-1.5289,-0.1431,0.0396,-0.1540
7.3792,-1.940071,-1.173724,1.247170,-1.693407,-1.597362,2.984750,-0.010128,0.000175,0.015666,0.002461,0.006499,-0.000246,-0.7187,-3.1986,-1.5694,-0.1521,0.0596,-0.1557
7.3890,-1.940164,-1.173711,1.247342,-1.693357,-1.597299,2.984750,-0.008924,0.000173,0.017584,0.002359,0.009023,-0.000260,-0.6410,-3.1814,-1.4769,-0.1318,0.0734,-0.1364
7.3990,-1.940248,-1.173711,1.247541,-1.693371,-1.597203,2.984746,-0.005906,0.000176,0.018866,0.001962,0.010928,-0.000262,-0.6809,-3.2007,-1.4693,-0.1358,0.0812,-0.1466
7.4091,-1.940284,-1.173715,1.247702,-1.693350,-1.597143,2.984742,-0.004320,0.000148,0.021010,0.002237,0.010789,-0.000231,-0.6439,-3.0876,-1.2635,-0.1473,0.0883,-0.1581
7.4191,-1.940304,-1.173715,1.247937,-1.693331,-1.597043,2.984735,-0.003167,0.000698,0.024285,0.001378,0.010852,-0.000223,-0.6298,-3.2475,-1.3520,-0.1672,0.0814,-0.1402
7.4293,-1.940331,-1.173731,1.248189,-1.693323,-1.596928,2.984746,-0.002227,0.000134,0.030955,0.001787,0.011423,-0.000189,-0.6161,-3.0583,-1.2304,-0.1482,0.0987,-0.1539
7.4390,-1.940356,-1.173711,1.248540,-1.693295,-1.596789,2.984742,-0.001346,0.000074,0.034824,0.000970,0.012283,-0.000184,-0.5963,-3.2182,-1.3310,-0.1459,0.0991,-0.1493
7.4489,-1.940344,-1.173700,1.248885,-1.693299,-1.596716,2.984738,-0.000862,0.000000,0.037500,0.000791,0.011952,-0.000160,-0.6842,-3.2202,-1.2115,-0.1288,0.1121,-0.1567
7.4588,-1.940333,-1.173688,1.249321,-1.693288,-1.596608,2.984723,-0.000684,0.000000,0.043123,0.000962,0.012063,-0.000151,-0.6864,-3.2359,-1.3997,-0.1645,0.1089,-0.1613
7.4689,-1.940324,-1.173703,1.249744,-1.693256,-1.596485,2.984773,-0.000581,0.000000,0.045147,0.000680,0.012416,-0.000144,-0.6884,-3.1949,-1.3321,-0.1440,0.1336,-0.1310
7.4789,-1.940333,-1.173707,1.250188,-1.693263,-1.596401,2.984723,-0.000589,0.000000,0.046034,0.000921,0.012173,-0.000129,-0.6632,-3.4349,-1.4127,-0.1506,0.1168,-0.1289
7.4891,-1.940345,-1.173715,1.250671,-1.693247,-1.596270,2.984742,-0.000938,0.000000,0.046637,0.000586,0.011541,-0.000117,-0.6888,-3.6243,-1.4405,-0.1607,0.1022,-0.1408
7.4990,-1.940376,-1.173731,1.251139,-1.693247,-1.596150,2.984743,-0.001708,-0.001345,0.045627,0.000470,0.010116,-0.000107,-0.6418,-3.8293,-1.4171,-0.1502,0.1259,-0.1603
7.5089,-1.940388,-1.173758,1.251592,-1.693239,-1.596079,2.984727,-0.001174,-0.002809,0.047581,0.000511,0.010162,-0.000113,-0.6874,-3.8871,-1.2978,-0.1402,0.1478,-0.1364
7.5191,-1.940377,-1.173787,1.252070,-1.693213,-1.595974,2.984742,-0.001826,-0.005387,0.047590,0.000874,0.011723,-0.000105,-0.6605,-4.0305,-1.3288,-0.1596,0.1540,-0.1366
7.5290,-1.940436,-1.173835,1.252538,-1.693239,-1.595870,2.984745,-0.002066,-0.005431,0.049522,0.000584,0.013324,-0.000098,-0.6722,-4.0988,-1.4330,-0.1499,0.1529,-0.1194
7.5389,-1.940463,-1.173918,1.253037,-1.693208,-1.595751,2.984735,-0.001797,-0.007646,0.046952,0.000984,0.013179,-0.000091,-0.7766,-4.2511,-1.4207,-0.1526,0.1358,-0.1420
7.5490,-1.940457,-1.173943,1.253506,-1.693196,-1.595607,2.984738,-0.002155,-0.007905,0.046869,0.000662,0.013639,-0.000086,-0.8345,-4.2014,-1.2861,-0.1434,0.1505,-0.1316
7.5591,-1.940503,-1.174018,1.253926,-1.693196,-1.595468,2.984742,-0.002501,-0.008174,0.043768,0.000808,0.013453,-0.000081,-0.7603,-4.2638,-1.3180,-0.1482,0.1712,-0.1406
7.5691,-1.940508,-1.174098,1.254386,-1.693204,-1.595300,2.984738,-0.002168,-0.008170,0.041222,0.000624,0.014805,-0.000000,-0.8415,-4.2351,-1.3816,-0.1579,0.1638,-0.1242
7.5789,-1.940532,-1.174198,1.254771,-1.693184,-1.595160,2.984719,-0.002751,-0.007717,0.038616,0.000483,0.014969,-0.000000,-0.7373,-4.1962,-1.4078,-0.1641,0.1715,-0.1447
7.5889,-1.940572,-1.174246,1.255189,-1.693184,-1.595024,2.984726,-0.002749,-0.006952,0.038236,0.000435,0.015264,-0.000000,-0.7681,-4.1464,-1.2806,-0.1399,0.1714,-0.1370
7.5989,-1.940580,-1.174299,1.255538,-1.693204,-1.594889,2.984707,-0.003202,-0.007672,0.035462,0.000544,0.014321,-0.000000,-0.7639,-4.1589,-1.2994,-0.1267,0.1551,-0.1232
7.6090,-1.940632,-1.174390,1.255914,-1.693172,-1.594710,2.984719,-0.003258,-0.006513,0.033856,0.000481,0.013720,-0.000000,-0.7628,-4.1278,-1.2685,-0.1364,0.1489,-0.1408
7.6191,-1.940652,-1.174434,1.256265,-1.693188,-1.594598,2.984738,-0.003727,-0.006015,0.033953,0.000458,0.012202,-0.000000,-0.7752,-4.1453,-1.4402,-0.1416,0.1397,-0.1342
7.6290,-1.940695,-1.174490,1.256554,-1.693188,-1.594525,2.984731,-0.003594,-0.004910,0.032429,0.000451,0.011594,-0.000000,-0.7784,-4.1872,-1.4310,-0.1368,0.1536,-0.1313
7.6388,-1.940700,-1.174530,1.256882,-1.693156,-1.594367,2.984704,-0.003245,-0.004744,0.028676,0.000428,0.010678,-0.000000,-0.7855,-4.2016,-1.2861,-0.1544,0.1408,-0.1369
7.6490,-1.940736,-1.174585,1.257167,-1.693160,-1.594260,2.984723,-0.003372,-0.003340,0.028253,0.000420,0.010867,-0.000000,-0.7807,-4.2555,-1.5231,-0.1522,0.1493,-0.1231
7.6590,-1.940775,-1.174614,1.257435,-1.693180,-1.594176,2.984746,-0.003494,-0.003386,0.024836,0.000402,0.011116,-0.000000,-0.6963,-4.2163,-1.5601,-0.1581,0.1750,-0.1223
7.6690,-1.940805,-1.174614,1.257651,-1.693167,-1.594059,2.984714,-0.003362,-0.002659,0.020506,0.000348,0.012483,-0.000000,-0.7261,-4.2161,-1.4269,-0.1659,0.1712,-0.1383
7.6792,-1.940829,-1.174650,1.257824,-1.693164,-1.593935,2.984719,-0.002559,-0.002564,0.017876,0.000277,0.014444,-0.000000,-0.4587,-4.2603,-1.5250,-0.1615,0.1514,-0.1323
7.6890,-1.940847,-1.174670,1.258023,-1.693152,-1.593793,2.984711,-0.000642,-0.002652,0.015727,0.000254,0.013146,-0.000000,-0.5976,-4.1799,-1.4869,-0.1586,0.1846,-0.1210
7.6990,-1.940829,-1.174686,1.258136,-1.693167,-1.593622,2.984711,-0.000310,-0.002473,0.012784,0.000231,0.015118,-0.000000,-0.5956,-4.2297,-1.4425,-0.1549,0.1678,-0.1364
7.7091,-1.940860,-1.174710,1.258236,-1.693156,-1.593497,2.984735,-0.000263,-0.002815,0.010933,0.000223,0.015308,-0.000000,-0.5592,-4.2544,-1.3984,-0.1557,0.1667,-0.1405
7.7189,-1.940817,-1.174761,1.258348,-1.693167,-1.593349,2.984726,-0.000192,-0.002725,0.008708,0.000194,0.014395,-0.000000,-0.5842,-4.2484,-1.4209,-0.1563,0.1522,-0.1411
7.7289,-1.940817,-1.174754,1.258423,-1.693171,-1.593187,2.984711,-0.000152,-0.002715,0.005943,0.000191,0.013965,-0.000000,-0.6235,-4.2714,-1.5325,-0.1520,0.1509,-0.1290
7.7389,-1.940847,-1.174793,1.258480,-1.693136,-1.593082,2.984707,-0.000125,-0.002884,0.003007,0.000209,0.012491,-0.000000,-0.6020,-4.2313,-1.4714,-0.1520,0.1615,-0.1308
7.7490,-1.940829,-1.174817,1.258499,-1.693171,-1.592928,2.984726,-0.000107,-0.002997,0.002297,0.000188,0.012350,-0.000000,-0.6387,-4.2773,-1.5007,-0.1406,0.1550,-0.1295
7.7590,-1.940829,-1.174857,1.258492,-1.693140,-1.592839,2.984726,-0.000093,-0.002782,0.001488,0.000220,0.010849,-0.000000,-0.5948,-4.2050,-1.4983,-0.1468,0.1558,-0.1294
7.7688,-1.940829,-1.174874,1.258488,-1.693171,-1.592759,2.984723,-0.000103,-0.003468,0.000796,0.000211,0.008986,-0.000000,-0.5660,-4.2353,-1.5426,-0.1485,0.1792,-0.1286
7.7790,-1.940847,-1.174933,1.258504,-1.693152,-1.592676,2.984745,-0.000098,-0.003307,0.000618,0.000177,0.007023,-0.000000,-0.5976,-4.1731,-1.5197,-0.1327,0.1694,-0.1319
7.7889,-1.940840,-1.174946,1.258531,-1.693152,-1.592608,2.984745,-0.000106,-0.003259,0.000401,0.000165,0.006194,-0.000000,-0.6040,-4.1394,-1.5308,-0.1526,0.1746,-0.1309
7.7990,-1.940844,-1.174970,1.258535,-1.693136,-1.592568,2.984719,-0.000112,-0.003072,0.000425,0.000156,0.005845,-0.000000,-0.5838,-4.2374,-1.5618,-0.1494,0.1709,-0.1345
7.8091,-1.940840,-1.175009,1.258509,-1.693136,-1.592508,2.984730,-0.000104,-0.002852,0.000933,0.000158,0.005339,-0.000000,-0.5717,-4.1567,-1.3828,-0.1280,0.1540,-0.1202
7.8190,-1.940844,-1.175033,1.258560,-1.693121,-1.592460,2.984719,-0.000096,-0.002936,0.002957,0.001209,0.005243,-0.000000,-0.5920,-4.2261,-1.2979,-0.1097,0.1603,-0.1238
7.8289,-1.940825,-1.175054,1.258612,-1.693097,-1.592393,2.984676,-0.000102,-0.002823,0.008380,0.003500,0.004545,-0.000000,-0.5334,-4.1566,-1.2549,-0.0807,0.1561,-0.1261
7.8391,-1.940856,-1.175097,1.258730,-1.693065,-1.592364,2.984738,-0.000095,-0.003271,0.011350,0.007506,0.004004,-0.000000,-0.6029,-4.1308,-1.2352,-0.1361,0.1472,-0.1124
7.8489,-1.940844,-1.175125,1.258844,-1.693012,-1.592313,2.984704,-0.000089,-0.001116,0.014821,0.005356,0.003313,-0.000000,-0.5616,-4.0281,-1.2750,-0.1236,0.1639,-0.1173
7.8588,-1.940825,-1.175129,1.258987,-1.692979,-1.592308,2.984688,-0.000108,-0.000368,0.016553,0.003771,0.003245,-0.000000,-0.6094,-4.0239,-1.3322,-0.1317,0.1638,-0.1182
7.8691,-1.940829,-1.175148,1.259171,-1.692920,-1.592253,2.984750,-0.000096,-0.000293,0.016767,0.003134,0.003438,-0.000000,-0.6135,-4.0250,-1.3335,-0.1453,0.1519,-0.1280
7.8790,-1.940840,-1.175133,1.259301,-1.692900,-1.592210,2.984719,-0.000104,-0.000208,0.015533,0.001652,0.003270,-0.000000,-0.5735,-4.0451,-1.4510,-0.1402,0.1373,-0.1279
7.8889,-1.940860,-1.175105,1.259507,-1.692893,-1.592161,2.984730,-0.000095,-0.000121,0.016742,0.002368,0.003249,-0.000000,-0.6377,-4.0298,-1.3464,-0.1161,0.1574,-0.1153
7.8991,-1.940856,-1.175101,1.259675,-1.692849,-1.592181,2.984692,-0.000102,-0.000099,0.016587,0.003197,0.002032,-0.000000,-0.6059,-4.0503,-1.3098,-0.1037,0.1606,-0.1336
7.9090,-1.940853,-1.175117,1.259816,-1.692817,-1.592176,2.984715,-0.000108,-0.000084,0.017573,0.005151,0.002501,-0.000000,-0.5913,-4.0652,-1.3028,-0.0883,0.1750,-0.1138
7.9191,-1.940844,-1.175133,1.259992,-1.692765,-1.592140,2.984707,-0.000100,-0.000097,0.016415,0.005713,0.002625,-0.000000,-0.6074,-4.0454,-1.2385,-0.1070,0.1650,-0.1258
7.9290,-1.940860,-1.175113,1.260121,-1.692702,-1.592113,2.984707,-0.000119,-0.000118,0.016939,0.006006,0.002368,-0.000000,-0.6213,-4.0807,-1.1946,-0.1125,0.1643,-0.1237
7.9390,-1.940840,-1.175113,1.260328,-1.692618,-1.592108,2.984730,-0.000106,-0.000126,0.016480,0.007028,0.002069,-0.000000,-0.6364,-4.0647,-1.2864,-0.1185,0.1609,-0.1207
7.9490,-1.940837,-1.175129,1.260485,-1.692550,-1.592046,2.984738,-0.000114,-0.000131,0.016721,0.008442,0.001898,-0.000000,-0.5907,-4.1377,-1.2853,-0.1286,0.1592,-0.1218
7.9588,-1.940853,-1.175117,1.260681,-1.692459,-1.592065,2.984723,-0.000120,-0.000096,0.015541,0.006634,0.001286,-0.000000,-0.6129,-4.1532,-1.3158,-0.1282,0.1646,-0.1081
7.9690,-1.940833,-1.175101,1.260821,-1.692403,-1.592029,2.984707,-0.000110,-0.000076,0.014942,0.006401,0.001573,-0.000000,-0.5894,-4.1124,-1.3719,-0.1292,0.1515,-0.1305
7.9789,-1.940840,-1.175129,1.260968,-1.692351,-1.592033,2.984707,-0.000116,-0.000094,0.013197,0.005744,0.001518,-0.000000,-0.5913,-4.1224,-1.3670,-0.1268,0.1572,-0.1170
7.9891,-1.940856,-1.175113,1.261104,-1.692307,-1.592005,2.984719,-0.000146,-0.000098,0.011816,0.005493,0.001017,-0.000000,-0.5727,-4.1220,-1.3258,-0.1187,0.1582,-0.1053
7.9991,-1.940856,-1.175129,1.261205,-1.692259,-1.592056,2.984711,-0.000126,-0.000076,0.010152,0.005176,0.000799,-0.000000,-0.6162,-4.1491,-1.3742,-0.1334,0.1428,-0.1294
8.0091,-1.940868,-1.175160,1.261305,-1.692246,-1.591974,2.984726,-0.000132,-0.000722,0.009750,0.005279,0.000600,-0.000000,-0.6385,-4.0871,-1.4554,-0.1296,0.1676,-0.1093
8.0191,-1.940884,-1.175125,1.261392,-1.692167,-1.591981,2.984766,-0.000131,-0.000403,0.006890,0.005645,0.000674,-0.000000,-0.6537,-4.1277,-1.4964,-0.1316,0.1542,-0.1162
8.0291,-1.940888,-1.175148,1.261440,-1.692151,-1.591997,2.984714,-0.000124,-0.000279,0.005149,0.004087,0.000865,-0.000000,-0.6221,-4.1064,-1.4339,-0.1142,0.1529,-0.1136
8.0394,-1.940888,-1.175117,1.261473,-1.692080,-1.592007,2.984723,-0.000129,-0.000213,0.004473,0.003389,0.000777,-0.000000,-0.6427,-4.1475,-1.4911,-0.1001,0.1404,-0.1377
8.0494,-1.940884,-1.175133,1.261493,-1.692059,-1.591954,2.984719,-0.000119,-0.000172,0.003156,0.003999,0.000662,-0.000000,-0.6123,-4.1995,-1.5407,-0.1207,0.1462,-0.1135
8.0589,-1.940884,-1.175141,1.261533,-1.692043,-1.591966,2.984723,-0.000147,-0.000173,0.002073,0.002745,0.000560,-0.000000,-0.6335,-4.1535,-1.4869,-0.1002,0.1707,-0.1175
8.0689,-1.940884,-1.175141,1.261529,-1.691984,-1.591950,2.984700,-0.000151,-0.000200,0.001301,0.003520,0.000658,-0.000000,-0.6534,-4.1582,-1.4993,-0.1244,0.1652,-0.1146
8.0790,-1.940884,-1.175137,1.261537,-1.691986,-1.591950,2.984692,-0.000147,-0.000200,0.001279,0.002127,0.000609,-0.000000,-0.5930,-4.1854,-1.5050,-0.1045,0.1651,-0.1187
8.0890,-1.940881,-1.175149,1.261553,-1.691947,-1.591957,2.984711,-0.000227,-0.000535,0.000903,0.003417,0.000640,-0.000000,-0.6411,-4.1396,-1.4188,-0.1179,0.1560,-0.1017
8.0992,-1.940849,-1.175156,1.261553,-1.691916,-1.591945,2.984707,-0.000218,-0.000480,0.000954,0.002523,0.000569,-0.000000,-0.6260,-4.1804,-1.4582,-0.0923,0.1487,-0.1202
8.1090,-1.940900,-1.175137,1.261573,-1.691908,-1.591945,2.984726,-0.000181,-0.000430,0.000830,0.002782,0.000464,-0.000000,-0.6287,-4.1711,-1.5906,-0.1204,0.1754,-0.1168
8.1192,-1.940884,-1.175161,1.261542,-1.691867,-1.591921,2.984707,-0.000181,-0.000539,0.000145,0.002882,0.003134,-0.000000,-0.6622,-4.2523,-1.6742,-0.1447,0.1820,-0.1080
8.1292,-1.940896,-1.175134,1.261576,-1.691859,-1.591904,2.984735,-0.000158,-0.000480,0.000000,0.001586,0.005829,-0.000000,-0.5972,-4.2550,-2.0081,-0.1103,0.1770,-0.1050
8.1391,-1.940881,-1.175196,1.261560,-1.691832,-1.591810,2.984723,-0.000141,-0.000802,-0.001096,0.002416,0.007712,-0.000000,-0.5911,-4.1963,-2.1445,-0.1114,0.1591,-0.1236
8.1493,-1.940861,-1.175192,1.261525,-1.691807,-1.591774,2.984719,-0.000127,-0.000822,-0.003064,0.002342,0.006074,-0.000000,-0.5966,-4.2083,-2.2516,-0.1318,0.1699,-0.0954
8.1594,-1.940868,-1.175189,1.261516,-1.691824,-1.591726,2.984723,-0.000131,-0.000707,-0.003769,0.001305,0.004740,-0.000000,-0.6369,-4.2050,-2.2727,-0.1069,0.1524,-0.1064
8.1695,-1.940896,-1.175185,1.261469,-1.691780,-1.591678,2.984711,-0.000120,-0.000523,-0.004133,0.001823,0.003022,-0.000000,-0.6299,-4.2092,-2.5106,-0.1366,0.1742,-0.1215
8.1793,-1.940884,-1.175201,1.261429,-1.691764,-1.591694,2.984723,-0.000111,-0.000520,-0.004456,0.001710,0.001415,-0.000000,-0.6320,-4.1888,-2.4142,-0.1198,0.1557,-0.1214
8.1894,-1.940861,-1.175189,1.261393,-1.691767,-1.591642,2.984738,-0.000103,-0.000439,-0.004066,0.001534,0.000914,-0.000000,-0.5434,-4.2756,-2.4885,-0.1161,0.1294,-0.1089
8.1993,-1.940896,-1.175201,1.261361,-1.691740,-1.591674,2.984711,-0.000096,-0.000476,-0.003633,0.001244,0.000455,-0.000000,-0.5630,-4.2696,-2.4693,-0.1348,0.1140,-0.1110
8.2089,-1.940881,-1.175216,1.261337,-1.691724,-1.591670,2.984700,-0.000090,-0.000771,-0.005033,0.000734,0.000242,-0.000000,-0.6790,-4.1967,-2.5497,-0.1089,0.0989,-0.1058
8.2190,-1.940908,-1.175194,1.261324,-1.691732,-1.591670,2.984707,-0.001325,-0.000622,-0.004024,0.001664,0.000181,-0.000000,-0.7465,-4.2318,-2.5529,-0.1254,0.0738,-0.0971
8.2290,-1.940920,-1.175225,1.261221,-1.691720,-1.591670,2.984695,-0.004594,-0.000643,-0.003431,0.000848,0.000011,-0.000000,-0.8230,-4.2866,-2.5378,-0.1179,0.0563,-0.1003
8.2389,-1.940972,-1.175240,1.261216,-1.691688,-1.591686,2.984738,-0.005744,-0.000462,-0.002782,0.001140,-0.000110,-0.000000,-0.8262,-4.1049,-2.5415,-0.1381,0.0313,-0.1137
8.2495,-1.941016,-1.175244,1.261201,-1.691720,-1.591686,2.984723,-0.008736,-0.000305,-0.002337,0.000849,-0.000431,-0.000000,-0.8976,-4.0984,-2.5285,-0.1201,0.0169,-0.1095
8.2590,-1.941105,-1.175221,1.261181,-1.691692,-1.591679,2.984695,-0.009753,-0.000228,-0.001525,0.000843,-0.000699,-0.000000,-0.9279,-4.1657,-2.5275,-0.1375,0.0053,-0.0870
8.2691,-1.941263,-1.175225,1.261181,-1.691683,-1.591678,2.984733,-0.011268,-0.000218,-0.001325,0.000720,-0.001105,-0.000000,-0.9100,-4.1131,-2.5488,-0.1320,0.0159,-0.1010
8.2791,-1.941336,-1.175209,1.261173,-1.691680,-1.591686,2.984726,-0.011154,-0.000182,-0.001136,0.000523,-0.000927,-0.000000,-0.8680,-4.1120,-2.5916,-0.1313,0.0248,-0.1039
8.2893,-1.941459,-1.175240,1.261188,-1.691664,-1.591710,2.984711,-0.012476,-0.000155,-0.001289,0.000338,-0.000537,-0.000000,-0.8646,-4.1903,-2.5994,-0.1411,0.0437,-0.1047
8.2990,-1.941552,-1.175225,1.261160,-1.691668,-1.591710,2.984676,-0.010560,-0.000136,-0.001470,0.000355,-0.000134,-0.000000,-0.7955,-4.1316,-2.5624,-0.1241,0.1064,-0.1033
8.3092,-1.941695,-1.175225,1.261098,-1.691652,-1.591667,2.984723,-0.008966,-0.000121,-0.001415,0.000459,0.001293,-0.000000,-0.8505,-4.1037,-2.6152,-0.1082,0.1355,-0.1250
8.3191,-1.941756,-1.175225,1.261140,-1.691632,-1.591667,2.984707,-0.008057,-0.000109,-0.001666,0.002957,0.001606,-0.000000,-0.6917,-4.1000,-2.6187,-0.1173,0.1545,-0.1505
8.3291,-1.941797,-1.175240,1.261109,-1.691620,-1.591662,2.984692,-0.006838,-0.000099,-0.002119,0.004224,0.001953,-0.002770,-0.7478,-4.1849,-2.6346,-0.0875,0.1590,-0.1759
8.3390,-1.941881,-1.175213,1.261082,-1.691552,-1.591630,2.984663,-0.005427,-0.000090,-0.002379,0.006533,0.002298,-0.006235,-0.7342,-4.1148,-2.5579,-0.1124,0.1678,-0.1716
8.3491,-1.941912,-1.175256,1.261045,-1.691466,-1.591622,2.984602,-0.003772,-0.000083,-0.002462,0.005444,0.001250,-0.008652,-0.7491,-4.1566,-2.6209,-0.1223,0.1626,-0.1774
8.3589,-1.941924,-1.175237,1.261021,-1.691410,-1.591595,2.984511,-0.002696,-0.000077,-0.002731,0.004020,0.000849,-0.008479,-0.7042,-4.1386,-2.6549,-0.1260,0.1458,-0.1693
8.3691,-1.941968,-1.175240,1.260994,-1.691417,-1.591591,2.984458,-0.001995,-0.000072,-0.002709,0.002761,0.000587,-0.008054,-0.6905,-4.1275,-2.6366,-0.1355,0.1370,-0.1853
8.3788,-1.941969,-1.175225,1.260976,-1.691405,-1.591629,2.984374,-0.001431,-0.000068,-0.002985,0.001484,0.000417,-0.008522,-0.6587,-4.1386,-2.6354,-0.1392,0.1377,-0.1564
8.3892,-1.941988,-1.175225,1.260940,-1.691421,-1.591626,2.984275,-0.000734,-0.000074,-0.002886,0.000721,0.000257,-0.008461,-0.6953,-4.1431,-2.6409,-0.1404,0.1537,-0.1738
8.3990,-1.942004,-1.175225,1.260921,-1.691381,-1.591598,2.984231,-0.000762,-0.000070,-0.003347,0.000480,0.002377,-0.006654,-0.6254,-4.0933,-2.6492,-0.1509,0.1772,-0.1831
8.4093,-1.942015,-1.175244,1.260912,-1.691396,-1.591563,2.984135,-0.002327,-0.000000,-0.003160,0.000332,0.005426,-0.008300,-0.7066,-4.0513,-2.6581,-0.1858,0.1788,-0.1895
8.4191,-1.942008,-1.175213,1.260853,-1.691377,-1.591506,2.984054,-0.000895,-0.000000,-0.003498,0.000254,0.006456,-0.009987,-0.7797,-4.1386,-2.6691,-0.1959,0.1772,-0.1735
8.4293,-1.942012,-1.175209,1.260833,-1.691405,-1.591439,2.983957,-0.000958,-0.000000,-0.003281,0.000206,0.007051,-0.011951,-0.7414,-4.1974,-2.5963,-0.2183,0.1727,-0.1818
8.4393,-1.942036,-1.175205,1.260789,-1.691385,-1.591352,2.983827,-0.000843,-0.000000,-0.003382,0.000130,0.007931,-0.012266,-0.7500,-4.1259,-2.6579,-0.2530,0.1622,-0.2039
8.4491,-1.942036,-1.175240,1.260773,-1.691393,-1.591240,2.983694,-0.000725,0.000000,-0.003521,-0.000120,0.009681,-0.013928,-0.7558,-4.0964,-2.6737,-0.2983,0.1851,-0.1832
8.4589,-1.942055,-1.175209,1.260733,-1.691409,-1.591188,2.983557,-0.000766,0.000000,-0.003466,-0.002068,0.011143,-0.015735,-0.7899,-4.1148,-2.6061,-0.3268,0.1822,-0.1948
8.4690,-1.942044,-1.175225,1.260697,-1.691453,-1.591056,2.983385,-0.000898,0.000000,-0.002758,-0.004196,0.012182,-0.018830,-0.6781,-4.1192,-2.6515,-0.3943,0.1905,-0.1970
8.4791,-1.942047,-1.175240,1.260692,-1.691531,-1.590933,2.983138,-0.001186,0.000000,-0.002955,-0.007786,0.012262,-0.023055,-0.7474,-4.1037,-2.6622,-0.3892,0.1793,-0.1950
8.4891,-1.942087,-1.175260,1.260660,-1.691627,-1.590806,2.982937,-0.001024,0.000000,-0.002847,-0.012494,0.012545,-0.024746,-0.7105,-4.1378,-2.4194,-0.4158,0.1787,-0.1959
8.4989,-1.942099,-1.175240,1.260637,-1.691736,-1.590682,2.982677,-0.001654,0.000000,-0.000347,-0.014091,0.012976,-0.027208,-0.6828,-4.1389,-2.5442,-0.3864,0.1854,-0.1986
8.5089,-1.942096,-1.175252,1.260637,-1.691875,-1.590605,2.982389,-0.001199,-0.000000,-0.000779,-0.015115,0.013064,-0.026595,-0.7254,-4.1455,-2.6673,-0.4345,0.1739,-0.2063
8.5191,-1.942089,-1.175233,1.260637,-1.691995,-1.590437,2.982132,-0.001509,-0.000000,-0.001977,-0.017838,0.012648,-0.022572,-0.7249,-4.1329,-2.6994,-0.4447,0.1655,-0.1908
8.5289,-1.942132,-1.175240,1.260600,-1.692147,-1.590316,2.981916,-0.001559,-0.000000,-0.003626,-0.020132,0.009660,-0.019150,-0.7677,-4.1619,-2.8057,-0.4621,0.1653,-0.1748
8.5394,-1.942112,-1.175237,1.260509,-1.692370,-1.590267,2.981767,-0.001476,-0.000000,-0.007237,-0.023797,0.004987,-0.012603,-0.7750,-4.1770,-2.8340,-0.4732,0.1671,-0.1356
8.5495,-1.942160,-1.175209,1.260433,-1.692639,-1.590234,2.981699,-0.001606,-0.000000,-0.015639,-0.028164,0.002335,-0.001668,-0.7436,-4.2742,-2.9576,-0.5133,0.1440,-0.0363
8.5590,-1.942141,-1.175209,1.260237,-1.692931,-1.590206,2.981755,-0.001479,-0.000139,-0.019792,-0.032299,0.000889,0.008116,-0.7489,-4.1730,-2.8177,-0.5031,0.1305,0.1069
8.5694,-1.942184,-1.175216,1.260017,-1.693238,-1.590206,2.981886,-0.001538,-0.000117,-0.023724,-0.033981,0.000445,0.018431,-0.7589,-4.2171,-2.7954,-0.5271,0.1063,0.0459
8.5791,-1.942180,-1.175233,1.259781,-1.693558,-1.590248,2.982035,-0.002028,-0.000065,-0.025814,-0.036494,0.000298,0.017975,-0.8776,-4.4055,-2.9671,-0.5735,0.0837,0.0860
8.5892,-1.942212,-1.175245,1.259462,-1.693953,-1.590179,2.982179,-0.004895,-0.006138,-0.035343,-0.044066,0.000191,0.022242,-0.9247,-4.4612,-3.0503,-0.5954,0.0541,0.1251
8.5991,-1.942272,-1.175328,1.259148,-1.694404,-1.590210,2.982304,-0.009011,-0.004995,-0.038505,-0.047922,0.000143,0.029921,-0.8909,-4.4161,-2.9775,-0.5687,0.0479,0.1103
8.6092,-1.942384,-1.175384,1.258733,-1.694945,-1.590222,2.982547,-0.011239,-0.011107,-0.047421,-0.060742,0.000012,0.035512,-0.9740,-4.6427,-3.2597,-0.6285,0.0316,0.1463
8.6194,-1.942492,-1.175480,1.258241,-1.695583,-1.590222,2.982895,-0.010534,-0.011337,-0.052315,-0.069045,-0.000087,0.038818,-0.8566,-4.7147,-3.3330,-0.6930,0.0224,0.1673
8.6292,-1.942601,-1.175615,1.257619,-1.696463,-1.590241,2.983284,-0.012935,-0.020193,-0.067984,-0.101613,-0.000358,0.044420,-0.9174,-4.7951,-3.3539,-0.6862,-0.0006,0.1709
8.6391,-1.942772,-1.175807,1.256903,-1.697556,-1.590238,2.983716,-0.013430,-0.016175,-0.070663,-0.118513,-0.000415,0.045893,-0.8218,-4.5829,-3.3567,-0.6728,-0.0054,0.1714
8.6489,-1.942888,-1.175982,1.256138,-1.698879,-1.590265,2.984188,-0.013257,-0.018050,-0.079544,-0.137459,-0.000526,0.046951,-0.8370,-4.6494,-3.1952,-0.5765,-0.0113,0.1544
8.6591,-1.943004,-1.176163,1.255322,-1.700292,-1.590215,2.984665,-0.011486,-0.017088,-0.083168,-0.137828,-0.000464,0.046165,-0.8267,-4.3120,-2.7754,-0.5878,-0.0072,0.1818
8.6695,-1.943141,-1.176398,1.254485,-1.701740,-1.590230,2.985098,-0.011229,-0.018773,-0.084052,-0.145233,-0.000532,0.046707,-0.7741,-4.4308,-3.0425,-0.5960,-0.0096,0.1496
8.6791,-1.943245,-1.176602,1.253599,-1.703176,-1.590265,2.985516,-0.010126,-0.019618,-0.081033,-0.147352,-0.000720,0.045732,-0.7072,-4.2971,-2.8713,-0.5895,-0.0134,0.1620
8.6891,-1.943344,-1.176774,1.252830,-1.704676,-1.590258,2.985999,-0.008776,-0.021572,-0.079582,-0.153562,-0.000694,0.044640,-0.7058,-4.2412,-2.7485,-0.5900,-0.0136,0.1599
8.6990,-1.943401,-1.176962,1.252076,-1.706207,-1.590254,2.986396,-0.007050,-0.018691,-0.072971,-0.153860,-0.000541,0.042927,-0.6813,-4.2141,-2.6510,-0.5156,-0.0245,0.1628
8.7091,-1.943488,-1.177173,1.251372,-1.707747,-1.590286,2.986863,-0.006869,-0.027552,-0.071708,-0.168145,-0.000508,0.042941,-0.6276,-4.6810,-3.1183,-0.6587,-0.0349,0.1996
8.7191,-1.943545,-1.177449,1.250663,-1.709410,-1.590220,2.987308,-0.006941,-0.029023,-0.066410,-0.178531,-0.000482,0.043576,-0.7077,-4.4612,-2.8620,-0.6295,-0.0417,0.1911
8.7290,-1.943620,-1.177755,1.250068,-1.711241,-1.590317,2.987741,-0.009315,-0.036449,-0.063667,-0.190619,-0.000770,0.044275,-0.7509,-4.7011,-2.9878,-0.6288,-0.0503,0.1744
8.7391,-1.943723,-1.178092,1.249456,-1.713156,-1.590270,2.988154,-0.009976,-0.037008,-0.059249,-0.196415,-0.000590,0.043853,-0.7764,-4.6412,-2.8656,-0.6068,-0.0506,0.1609
8.7493,-1.943797,-1.178538,1.248868,-1.715269,-1.590271,2.988590,-0.010638,-0.053270,-0.060749,-0.221561,-0.000952,0.042343,-0.8027,-4.9277,-3.3452,-0.6988,-0.0374,0.1864
8.7592,-1.943920,-1.179077,1.248296,-1.717523,-1.590282,2.989041,-0.010719,-0.051149,-0.055777,-0.227934,-0.000627,0.041223,-0.7525,-4.6540,-2.9175,-0.6652,-0.0390,0.1663
8.7696,-1.944001,-1.179577,1.247735,-1.719885,-1.590275,2.989419,-0.011306,-0.058862,-0.054392,-0.241217,-0.000540,0.038303,-0.7322,-4.5380,-2.8777,-0.5455,-0.0429,0.1792
8.7792,-1.944128,-1.180191,1.247228,-1.722251,-1.590298,2.989803,-0.010834,-0.057229,-0.049480,-0.233385,-0.000350,0.035507,-0.7607,-4.8392,-2.9040,-0.6188,-0.0511,0.2064
8.7889,-1.944227,-1.180814,1.246751,-1.724620,-1.590290,2.990183,-0.009782,-0.073945,-0.050588,-0.245441,-0.000500,0.033473,-0.7535,-4.8852,-2.9746,-0.6415,-0.0494,0.2110
8.7990,-1.944317,-1.181538,1.246319,-1.727096,-1.590294,2.990540,-0.010378,-0.068435,-0.041694,-0.238687,-0.000470,0.035306,-0.7836,-4.6149,-2.8175,-0.5622,-0.0492,0.1748
8.8091,-1.944413,-1.182323,1.245914,-1.729452,-1.590337,2.990857,-0.011372,-0.079955,-0.040831,-0.239573,-0.000614,0.033762,-0.6966,-5.0274,-2.8410,-0.5950,-0.0561,0.1974
8.8191,-1.944547,-1.183130,1.245546,-1.731829,-1.590310,2.991208,-0.010485,-0.083839,-0.032531,-0.231082,-0.000612,0.032196,-0.7904,-4.5501,-2.7629,-0.6099,-0.0550,0.1776
8.8291,-1.944633,-1.183981,1.245218,-1.734217,-1.590322,2.991514,-0.013000,-0.090401,-0.030232,-0.239552,-0.000487,0.029373,-0.7058,-4.9227,-2.8810,-0.5467,-0.0635,0.1801
8.8391,-1.944773,-1.184954,1.244939,-1.736496,-1.590314,2.991841,-0.013628,-0.089707,-0.023601,-0.227529,-0.000321,0.026936,-0.7610,-4.3967,-2.7434,-0.5913,-0.0656,0.1984
8.8488,-1.944904,-1.185830,1.244727,-1.738753,-1.590327,2.992082,-0.013597,-0.095263,-0.022665,-0.232202,-0.000331,0.025621,-0.7927,-4.4321,-2.7684,-0.5879,-0.0366,0.1661
8.8592,-1.945056,-1.186733,1.244584,-1.741031,-1.590321,2.992300,-0.016702,-0.091784,-0.016403,-0.225249,-0.000262,0.023613,-0.8192,-3.9665,-2.6413,-0.5050,-0.0437,0.1675
8.8691,-1.945177,-1.187627,1.244379,-1.743271,-1.590318,2.992547,-0.016403,-0.089405,-0.014471,-0.218089,-0.000248,0.019561,-0.8758,-4.3520,-2.7975,-0.5721,-0.0597,0.1792
8.8790,-1.945360,-1.188514,1.244278,-1.745370,-1.590287,2.992723,-0.015422,-0.087654,-0.011937,-0.208831,-0.000212,0.017018,-0.7641,-4.3266,-2.6831,-0.6048,-0.0382,0.1705
8.8892,-1.945520,-1.189336,1.244173,-1.747449,-1.590287,2.992883,-0.015151,-0.088824,-0.009873,-0.211527,-0.000185,0.015407,-0.8706,-4.3090,-2.6628,-0.5372,-0.0449,0.1691
8.8991,-1.945660,-1.190189,1.244110,-1.749496,-1.590334,2.993028,-0.014237,-0.083453,-0.004169,-0.198011,-0.000140,0.013146,-0.7898,-3.9249,-2.5443,-0.5551,-0.0455,0.1574
8.9092,-1.945835,-1.191030,1.244105,-1.751434,-1.590349,2.993160,-0.012089,-0.095916,-0.006657,-0.204854,-0.000133,0.011751,-0.7387,-4.8734,-2.9410,-0.6043,-0.0465,0.1961
8.9188,-1.945933,-1.191954,1.244074,-1.753384,-1.590314,2.993268,-0.011843,-0.094527,-0.001418,-0.196683,-0.000149,0.011711,-0.8157,-4.5491,-2.7538,-0.5674,-0.0708,0.1687
8.9291,-1.946072,-1.192847,1.244085,-1.755379,-1.590330,2.993388,-0.010943,-0.102172,-0.000843,-0.193158,-0.000134,0.011976,-0.6551,-4.9392,-2.8387,-0.5601,-0.0593,0.1865
8.9389,-1.946153,-1.193860,1.244061,-1.757214,-1.590323,2.993485,-0.009974,-0.105909,-0.000403,-0.186087,-0.000129,0.015049,-0.6859,-4.9035,-2.7445,-0.5884,-0.0437,0.2080
8.9489,-1.946233,-1.195019,1.244061,-1.759117,-1.590330,2.993740,-0.006124,-0.138799,-0.004396,-0.198494,-0.000126,0.034896,-0.6066,-5.3807,-3.3039,-0.6965,-0.0612,0.2426
8.9592,-1.946325,-1.196334,1.244085,-1.761108,-1.590326,2.994192,-0.006036,-0.133801,0.001062,-0.198412,-0.000129,0.056781,-0.7153,-4.7595,-2.7668,-0.5843,-0.0477,0.2383
8.9691,-1.946341,-1.197701,1.244029,-1.763076,-1.590330,2.994868,-0.004533,-0.142343,-0.000683,-0.195152,-0.000113,0.077689,-0.6790,-5.0155,-2.6809,-0.6083,-0.0598,0.2620
8.9789,-1.946405,-1.199210,1.244053,-1.765020,-1.590354,2.995812,-0.004414,-0.150126,0.000003,-0.196366,-0.000120,0.104422,-0.8518,-5.2972,-2.9702,-0.6594,-0.0649,0.3574
8.9890,-1.946452,-1.200835,1.244008,-1.767039,-1.590349,2.997207,-0.010767,-0.178300,-0.009458,-0.220056,-0.000135,0.166651,-1.0720,-5.3465,-3.2696,-0.7002,-0.0553,0.4011
8.9991,-1.946585,-1.202588,1.243957,-1.769223,-1.590337,2.999213,-0.016523,-0.167920,-0.003718,-0.218334,-0.000228,0.218535,-0.9820,-4.6772,-3.0089,-0.5993,-0.0516,0.3665
9.0091,-1.946784,-1.204292,1.243861,-1.771434,-1.590321,3.001697,-0.022456,-0.179575,-0.013262,-0.234835,-0.000631,0.273703,-1.1020,-4.7634,-2.9142,-0.6275,-0.1110,0.4809
9.0190,-1.947015,-1.206125,1.243710,-1.773752,-1.590366,3.004743,-0.025488,-0.172087,-0.011843,-0.232782,-0.003464,0.328515,-1.1752,-4.2100,-2.7843,-0.6630,-0.1195,0.5149
9.0289,-1.947260,-1.207852,1.243550,-1.776217,-1.590409,3.008480,-0.034577,-0.168952,-0.015590,-0.248157,-0.010100,0.415938,-1.1864,-4.9396,-2.9892,-0.6180,-0.1357,0.5692
9.0393,-1.947647,-1.209609,1.243382,-1.778686,-1.590514,3.012981,-0.044502,-0.160933,-0.013829,-0.247950,-0.013959,0.482170,-1.0912,-4.2044,-2.7011,-0.5976,-0.1440,0.4741
9.0492,-1.948087,-1.211248,1.243288,-1.781209,-1.590645,3.018057,-0.056161,-0.161510,-0.015643,-0.255963,-0.015645,0.535704,-1.5841,-4.1832,-2.7511,-0.6178,-0.1170,0.4726
9.0590,-1.948687,-1.212850,1.243121,-1.783701,-1.590732,3.023680,-0.064827,-0.150808,-0.011743,-0.248002,-0.013615,0.567856,-1.4149,-3.3980,-2.5425,-0.5742,-0.1414,0.4216
9.0691,-1.949409,-1.214262,1.242993,-1.786247,-1.590908,3.029609,-0.083406,-0.136225,-0.012410,-0.248796,-0.017976,0.584380,-1.4801,-4.0766,-2.6926,-0.5723,-0.1211,0.3923
9.0791,-1.950282,-1.215606,1.242882,-1.788659,-1.591035,3.035455,-0.092067,-0.133551,-0.011364,-0.251716,-0.017794,0.582062,-1.5008,-3.8040,-2.6215,-0.5818,-0.1740,0.3496
9.0889,-1.951214,-1.216854,1.242833,-1.791230,-1.591161,3.041110,-0.107091,-0.128913,-0.008227,-0.255621,-0.018459,0.572198,-1.6198,-4.0195,-2.6269,-0.6306,-0.1630,0.3037
9.0989,-1.952318,-1.218061,1.242797,-1.793816,-1.591358,3.046573,-0.112201,-0.118046,-0.001576,-0.254276,-0.016561,0.544600,-1.2468,-3.7568,-2.3411,-0.5933,-0.1715,0.1660
9.1090,-1.953503,-1.219161,1.242817,-1.796383,-1.591561,3.051758,-0.126456,-0.114100,-0.000000,-0.267484,-0.018918,0.492171,-1.4942,-4.3210,-2.1889,-0.6259,-0.1482,0.2115
9.1196,-1.954747,-1.220245,1.242834,-1.799049,-1.591674,3.056418,-0.123256,-0.102376,0.007737,-0.266873,-0.014912,0.431326,-1.0129,-4.0013,-1.8932,-0.6047,-0.1358,0.1932
9.1290,-1.956021,-1.221234,1.242925,-1.801675,-1.591850,3.060422,-0.122687,-0.096935,0.010127,-0.264174,-0.015902,0.367615,-0.8103,-3.7179,-1.5893,-0.5424,-0.1204,0.1170
9.1390,-1.957228,-1.222155,1.243017,-1.804275,-1.591985,3.063764,-0.117652,-0.085234,0.013845,-0.253599,-0.015260,0.300526,-0.6991,-3.5801,-1.3948,-0.4865,-0.1247,0.0532
9.1492,-1.958359,-1.222913,1.243177,-1.806720,-1.592137,3.066308,-0.112187,-0.072919,0.015923,-0.251229,-0.014805,0.229356,-1.0282,-3.7686,-1.4431,-0.5841,-0.1447,0.1415
9.1589,-1.959474,-1.223610,1.243359,-1.809202,-1.592268,3.068245,-0.102181,-0.058925,0.017558,-0.240563,-0.014428,0.172017,-0.6127,-3.7195,-1.3853,-0.5348,-0.1582,0.0951
9.1690,-1.960458,-1.224134,1.243496,-1.811557,-1.592484,3.069633,-0.095561,-0.051351,0.015865,-0.224833,-0.017749,0.121231,-0.4337,-3.6520,-1.1889,-0.5047,-0.1137,0.0876
9.1789,-1.961381,-1.224599,1.243633,-1.813707,-1.592650,3.070561,-0.082712,-0.041565,0.018227,-0.209591,-0.016309,0.078327,-0.2814,-3.5688,-1.2243,-0.5197,-0.1569,0.1069
9.1890,-1.962154,-1.224889,1.243875,-1.815687,-1.592791,3.071107,-0.071168,-0.029596,0.023892,-0.199469,-0.019829,0.045860,-0.4721,-3.8065,-1.2164,-0.5343,-0.1729,0.0953
9.1989,-1.962821,-1.225152,1.244109,-1.817635,-1.592986,3.071388,-0.059511,-0.023328,0.027427,-0.182109,-0.020195,0.019864,-0.3442,-3.7962,-1.2381,-0.5324,-0.1914,0.1047
9.2095,-1.963342,-1.225355,1.244391,-1.819388,-1.593238,3.071492,-0.050650,-0.017102,0.029779,-0.170937,-0.024493,0.001907,-0.4041,-3.8129,-1.1154,-0.4988,-0.1755,0.0109
9.2190,-1.963797,-1.225474,1.244700,-1.820994,-1.593460,3.071447,-0.039225,-0.013103,0.033852,-0.151599,-0.025225,-0.008169,-0.4267,-3.8644,-1.3688,-0.5160,-0.1852,-0.0387
9.2292,-1.964150,-1.225579,1.245025,-1.822416,-1.593778,3.071356,-0.031621,-0.006882,0.036765,-0.136161,-0.026657,-0.007964,-0.4871,-3.8000,-1.2399,-0.5144,-0.1734,-0.0274
9.2390,-1.964481,-1.225614,1.245405,-1.823764,-1.593983,3.071308,-0.025262,-0.004771,0.038118,-0.118893,-0.025123,-0.004862,-0.4393,-3.8431,-1.2335,-0.5065,-0.1884,-0.0359
9.2489,-1.964700,-1.225662,1.245808,-1.824809,-1.594274,3.071288,-0.019632,-0.003460,0.039278,-0.104289,-0.024496,-0.003800,-0.4619,-4.1319,-1.2823,-0.5451,-0.1869,-0.0589
9.2589,-1.964845,-1.225690,1.246200,-1.825793,-1.594486,3.071271,-0.014895,-0.005819,0.041956,-0.096452,-0.023905,-0.005068,-0.4742,-4.1473,-1.3640,-0.5474,-0.1822,-0.0561
9.2689,-1.964965,-1.225757,1.246657,-1.826680,-1.594725,3.071204,-0.011320,-0.009970,0.044298,-0.087940,-0.022495,-0.005685,-0.5514,-4.3630,-1.3886,-0.5467,-0.1708,-0.0655
9.2791,-1.965068,-1.225845,1.247120,-1.827524,-1.594932,3.071141,-0.006891,-0.011777,0.046397,-0.081266,-0.020234,-0.007099,-0.4220,-4.4228,-1.5757,-0.5571,-0.1705,-0.0806
9.2890,-1.965121,-1.225968,1.247561,-1.828256,-1.595125,3.071128,-0.003445,-0.012647,0.045749,-0.076075,-0.018181,-0.007340,-0.3954,-4.4394,-1.5750,-0.6162,-0.1621,-0.0740
9.2990,-1.965114,-1.226119,1.247977,-1.829040,-1.595284,3.071067,-0.001363,-0.014572,0.041926,-0.078034,-0.014490,-0.007334,-0.3549,-4.2616,-1.6190,-0.5666,-0.1514,-0.0732
9.3091,-1.965102,-1.226279,1.248388,-1.829823,-1.595426,3.071028,-0.000208,-0.015368,0.039534,-0.074583,-0.011370,-0.006897,-0.4296,-4.1916,-1.6338,-0.5448,-0.2051,-0.0969
9.3189,-1.965109,-1.226459,1.248763,-1.830520,-1.595539,3.070961,0.000006,-0.016029,0.036452,-0.068641,-0.012001,-0.006333,-0.4170,-4.0550,-1.5647,-0.5167,-0.1567,-0.0833
9.3289,-1.965121,-1.226626,1.249088,-1.831186,-1.595626,3.070925,0.000000,-0.015831,0.032316,-0.062703,-0.008289,-0.004656,-0.3983,-3.9500,-1.5426,-0.5304,-0.2051,-0.1008
9.3389,-1.965094,-1.226742,1.249379,-1.831783,-1.595821,3.070885,0.000000,-0.013549,0.028112,-0.055561,-0.011204,-0.003356,-0.4055,-3.9315,-1.4681,-0.5310,-0.1541,-0.1074
9.3489,-1.965118,-1.226924,1.249629,-1.832240,-1.595798,3.070923,0.000000,-0.011187,0.027610,-0.049038,-0.002224,-0.004133,-0.3998,-3.9340,-1.4363,-0.5845,-0.1877,-0.1085
9.3588,-1.965106,-1.227012,1.249890,-1.832763,-1.595837,3.070816,0.000000,-0.008877,0.026257,-0.048567,-0.003483,-0.006357,-0.3698,-3.8243,-1.4874,-0.5404,-0.1759,-0.1092
9.3690,-1.965106,-1.227053,1.250170,-1.833243,-1.595902,3.070823,0.000000,-0.005607,0.025576,-0.044261,-0.004880,-0.002345,-0.4140,-3.8693,-1.3963,-0.4929,-0.1418,-0.1153
9.3790,-1.965114,-1.227125,1.250413,-1.833599,-1.595973,3.070796,0.000000,-0.004560,0.025077,-0.039589,-0.004979,-0.002578,-0.4932,-3.7608,-1.4699,-0.5282,-0.1758,-0.0690
9.3890,-1.965114,-1.227133,1.250653,-1.834022,-1.595998,3.070788,-0.000432,-0.002105,0.023462,-0.040966,-0.009096,-0.000376,-0.4565,-3.7785,-1.4078,-0.5169,-0.1762,-0.0368
9.3990,-1.965130,-1.227141,1.250874,-1.834375,-1.596125,3.070800,-0.000456,-0.001090,0.022896,-0.035807,-0.010409,-0.000000,-0.4637,-3.7734,-1.4228,-0.5449,-0.2045,0.0533
9.4091,-1.965118,-1.227145,1.251118,-1.834731,-1.596202,3.070823,-0.000363,-0.000251,0.022370,-0.037703,-0.012179,0.003919,-0.4718,-3.7066,-1.4796,-0.5609,-0.1966,0.1190
9.4191,-1.965114,-1.227109,1.251334,-1.835126,-1.596360,3.070841,-0.000317,0.000108,0.022389,-0.040095,-0.011665,0.011331,-0.5099,-3.8114,-1.4873,-0.5613,-0.2009,0.0844
9.4290,-1.965130,-1.227109,1.251585,-1.835534,-1.596441,3.070952,-0.000290,0.000245,0.023682,-0.046053,-0.012562,0.011604,-0.5564,-3.7305,-1.4314,-0.5560,-0.1990,0.1124
9.4391,-1.965130,-1.227125,1.251802,-1.836010,-1.596552,3.071052,-0.000286,0.000227,0.023093,-0.050446,-0.011890,0.011199,-0.5336,-3.7180,-1.4488,-0.5617,-0.2026,0.1146
9.4490,-1.965123,-1.227121,1.252014,-1.836553,-1.596715,3.071117,-0.000550,0.000173,0.023525,-0.054636,-0.012729,0.011926,-0.5373,-3.7616,-1.4854,-0.5483,-0.2029,0.1209
9.4589,-1.965154,-1.227113,1.252251,-1.837132,-1.596823,3.071235,-0.000814,0.000105,0.022731,-0.054167,-0.012043,0.011176,-0.5602,-3.7805,-1.4680,-0.5395,-0.2124,0.1582
9.4690,-1.965165,-1.227128,1.252486,-1.837672,-1.596942,3.071343,-0.000954,0.000088,0.022884,-0.055269,-0.012381,0.011347,-0.5298,-3.8390,-1.4385,-0.5467,-0.2033,0.1628
9.4789,-1.965165,-1.227144,1.252690,-1.838196,-1.597058,3.071408,-0.001500,0.000030,0.018611,-0.054615,-0.011743,0.009604,-0.5989,-3.8517,-1.4863,-0.5460,-0.1938,0.1648
9.4889,-1.965190,-1.227133,1.252867,-1.838720,-1.597151,3.071504,-0.001442,0.000000,0.015986,-0.050926,-0.010110,0.008113,-0.6001,-3.8798,-1.4720,-0.5661,-0.1923,0.1518
9.4988,-1.965217,-1.227140,1.253011,-1.839231,-1.597231,3.071598,-0.001416,0.000000,0.013499,-0.047814,-0.007899,0.006829,-0.5775,-3.8443,-1.5713,-0.5508,-0.1928,0.1636
9.5091,-1.965214,-1.227105,1.253134,-1.839687,-1.597337,3.071635,-0.001852,0.000000,0.008576,-0.043077,-0.006732,0.006200,-0.5496,-3.8830,-1.6261,-0.5476,-0.2064,0.1620
9.5191,-1.965260,-1.227133,1.253167,-1.840060,-1.597381,3.071695,-0.002294,0.000000,0.002814,-0.037719,-0.005622,0.005673,-0.5900,-3.8901,-1.7963,-0.5346,-0.1730,0.1559
9.5291,-1.965265,-1.227125,1.253155,-1.840439,-1.597422,3.071744,-0.002162,0.000000,0.000160,-0.033400,-0.005479,0.004676,-0.5575,-3.9020,-2.0174,-0.5139,-0.1694,0.1640
9.5390,-1.965274,-1.227133,1.253131,-1.840732,-1.597459,3.071761,-0.002369,-0.000193,-0.002797,-0.025706,-0.004488,0.003882,-0.5536,-3.8751,-2.1610,-0.5029,-0.1705,0.1523
9.5490,-1.965286,-1.227145,1.253099,-1.840945,-1.597522,3.071812,-0.002142,-0.000702,-0.004420,-0.019189,-0.004544,0.004348,-0.6343,-3.9414,-2.2727,-0.5239,-0.1649,0.1537
9.5589,-1.965313,-1.227157,1.253079,-1.841121,-1.597523,3.071874,-0.001971,-0.000724,-0.004104,-0.015816,-0.003915,0.003517,-0.6794,-3.8764,-2.3635,-0.5277,-0.1751,0.1670
9.5690,-1.965333,-1.227141,1.253027,-1.841280,-1.597574,3.071884,-0.002170,-0.000615,-0.003669,-0.013143,-0.003597,0.003435,-0.6002,-3.9647,-2.4766,-0.5293,-0.1819,0.1526
9.5791,-1.965354,-1.227148,1.253007,-1.841361,-1.597621,3.071896,-0.002038,-0.000476,-0.003164,-0.009785,-0.003666,0.003248,-0.6355,-3.9459,-2.4593,-0.5261,-0.1793,0.1546
9.5888,-1.965381,-1.227160,1.252995,-1.841460,-1.597660,3.071932,-0.001916,-0.000523,-0.002479,-0.005158,-0.003723,0.002826,-0.5849,-3.9634,-2.4866,-0.5239,-0.1803,0.1397
9.5991,-1.965385,-1.227160,1.252987,-1.841468,-1.597699,3.071959,-0.002099,-0.000565,-0.001679,-0.003037,-0.003396,0.001995,-0.6139,-3.9353,-2.4314,-0.5379,-0.1613,0.1517
9.6088,-1.965405,-1.227169,1.252963,-1.841505,-1.597701,3.071999,-0.001729,-0.001037,-0.000946,-0.002525,-0.003414,0.002165,-0.4037,-3.9778,-2.4466,-0.5518,-0.1962,0.1620
9.6188,-1.965409,-1.227161,1.252963,-1.841536,-1.597773,3.071999,0.000000,-0.001437,-0.000465,-0.002881,-0.004772,0.002432,-0.5545,-4.0210,-2.4514,-0.5459,-0.1890,0.1396
9.6289,-1.965440,-1.227205,1.252959,-1.841537,-1.597855,3.072039,0.000000,-0.001967,-0.000307,-0.003602,-0.007622,0.001607,-0.4728,-3.9890,-2.4180,-0.5531,-0.1980,0.1490
9.6388,-1.965405,-1.227244,1.252978,-1.841573,-1.597932,3.072054,0.000000,-0.002916,-0.000274,-0.003041,-0.009463,0.001346,-0.5558,-3.9245,-2.5045,-0.5600,-0.1888,0.1438
9.6492,-1.965429,-1.227268,1.252931,-1.841600,-1.598016,3.072062,0.000000,-0.002918,-0.000391,-0.002870,-0.011200,0.000963,-0.4814,-3.9778,-2.6019,-0.5538,-0.1886,0.1474
9.6590,-1.965444,-1.227280,1.252904,-1.841640,-1.598139,3.072064,-0.000212,-0.002315,-0.002067,-0.002375,-0.010894,0.001187,-0.4983,-3.9867,-2.6623,-0.5557,-0.1841,0.1402
9.6692,-1.965395,-1.227300,1.252899,-1.841633,-1.598228,3.072071,-0.000172,-0.002414,-0.005534,-0.002974,-0.010600,0.000893,-0.5018,-3.9632,-2.7259,-0.5509,-0.1745,0.1402
9.6791,-1.965429,-1.227331,1.252843,-1.841700,-1.598335,3.072111,-0.000170,-0.001583,-0.008354,-0.003043,-0.010434,0.000668,-0.6777,-3.9975,-2.7424,-0.5516,-0.1744,0.1294
9.6891,-1.965444,-1.227340,1.252712,-1.841736,-1.598438,3.072086,-0.002404,-0.001524,-0.010423,-0.003293,-0.009720,0.000456,-0.6491,-3.9882,-2.8287,-0.5524,-0.1853,0.0861
9.6991,-1.965465,-1.227333,1.252615,-1.841747,-1.598542,3.072059,-0.004655,-0.001479,-0.014904,-0.002098,-0.010072,0.000059,-0.6838,-4.0335,-2.6626,-0.5527,-0.1652,0.0288
9.7092,-1.965545,-1.227371,1.252432,-1.841768,-1.598595,3.072078,-0.008566,-0.001304,-0.016755,-0.003837,-0.008217,-0.003767,-0.7787,-4.0953,-2.7957,-0.5354,-0.1760,-0.0185
9.7190,-1.965624,-1.227379,1.252275,-1.841784,-1.598697,3.072004,-0.009608,0.000943,-0.018246,-0.001479,-0.007824,-0.006173,-0.7731,-3.9685,-2.7674,-0.5496,-0.1793,-0.0538
9.7291,-1.965696,-1.227395,1.252095,-1.841789,-1.598742,3.071944,-0.011411,0.000000,-0.020258,-0.002087,-0.006771,-0.007523,-0.7506,-3.9679,-2.8708,-0.5379,-0.1762,-0.0886
9.7390,-1.965825,-1.227391,1.251868,-1.841792,-1.598799,3.071892,-0.011722,0.000000,-0.020911,-0.001049,-0.006594,-0.007911,-0.7321,-4.0052,-2.8398,-0.5430,-0.1599,-0.0792
9.7494,-1.965963,-1.227376,1.251687,-1.841820,-1.598874,3.071821,-0.012587,-0.003615,-0.022639,-0.000857,-0.005945,-0.009030,-0.7271,-4.1086,-2.9012,-0.5578,-0.1416,-0.0974
9.7592,-1.966080,-1.227431,1.251448,-1.841828,-1.598949,3.071787,-0.011978,-0.003373,-0.022495,-0.001129,-0.005306,-0.008237,-0.6808,-4.2059,-2.9512,-0.5328,-0.1560,-0.0955
9.7694,-1.966212,-1.227444,1.251195,-1.841825,-1.598985,3.071695,-0.011189,-0.006707,-0.022998,-0.000736,-0.004934,-0.008673,-0.6321,-4.2184,-2.8745,-0.5526,-0.1546,-0.1072
9.7789,-1.966293,-1.227535,1.250984,-1.841859,-1.599029,3.071611,-0.009673,-0.008644,-0.022736,-0.000488,-0.004110,-0.008319,-0.5789,-4.2312,-3.0040,-0.5435,-0.1683,-0.0819
9.7889,-1.966377,-1.227630,1.250724,-1.841871,-1.599050,3.071560,-0.007917,-0.011053,-0.026307,-0.000641,-0.004290,-0.007012,-0.6032,-4.3225,-3.0400,-0.5517,-0.1542,-0.1055
9.7989,-1.966445,-1.227750,1.250467,-1.841852,-1.599120,3.071492,-0.005749,-0.011800,-0.026445,-0.000690,-0.003099,-0.007078,-0.5769,-4.1180,-2.9047,-0.5367,-0.1727,-0.0913
9.8089,-1.966500,-1.227873,1.250212,-1.841864,-1.599140,3.071455,-0.005056,-0.016444,-0.029737,-0.000573,-0.003326,-0.007173,-0.6378,-4.4745,-3.1419,-0.5649,-0.1615,-0.1070
9.8188,-1.966541,-1.228096,1.249924,-1.841833,-1.599176,3.071427,-0.005331,-0.019096,-0.030187,-0.001193,-0.002925,-0.007080,-0.7323,-4.3672,-3.1455,-0.5681,-0.1709,-0.0930
9.8293,-1.966585,-1.228283,1.249588,-1.841868,-1.599180,3.071340,-0.007561,-0.027391,-0.035933,-0.000665,-0.003428,-0.006429,-0.8861,-4.4722,-3.1089,-0.5934,-0.1796,-0.1009
9.8389,-1.966703,-1.228543,1.249252,-1.841873,-1.599166,3.071331,-0.010385,-0.033763,-0.036360,-0.001114,-0.003399,-0.005143,-0.8297,-4.5206,-3.1065,-0.5709,-0.1871,-0.1014
9.8490,-1.966796,-1.228909,1.248876,-1.841908,-1.599240,3.071292,-0.013153,-0.053100,-0.042207,-0.001154,-0.003227,-0.005272,-0.9977,-5.2227,-3.3595,-0.6242,-0.1877,-0.1316
9.8589,-1.966974,-1.229462,1.248476,-1.841895,-1.599244,3.071224,-0.016615,-0.058504,-0.039170,-0.000527,-0.002704,-0.005861,-0.8777,-5.1806,-3.2505,-0.5752,-0.1887,-0.1022
9.8691,-1.967162,-1.230148,1.248095,-1.841900,-1.599237,3.071176,-0.022263,-0.088738,-0.045673,-0.000991,-0.002925,-0.006036,-0.9681,-5.3595,-3.2990,-0.6250,-0.1913,-0.1206
9.8789,-1.967387,-1.231079,1.247668,-1.841908,-1.599305,3.071141,-0.028600,-0.103618,-0.044890,0.000019,-0.002198,-0.005913,-0.9775,-5.2421,-3.2698,-0.5817,-0.1803,-0.1201
9.8891,-1.967718,-1.232164,1.247294,-1.841921,-1.599328,3.071128,-0.036298,-0.123920,-0.048129,-0.001407,-0.001611,-0.005090,-0.9763,-5.5938,-3.2560,-0.6248,-0.1912,-0.1182
9.8989,-1.968123,-1.233502,1.246834,-1.841952,-1.599337,3.071103,-0.040911,-0.132998,-0.044185,-0.001527,-0.002478,-0.003571,-0.9829,-4.8272,-3.0425,-0.5921,-0.1714,-0.1212
9.9090,-1.968524,-1.234924,1.246374,-1.842021,-1.599352,3.071033,-0.047898,-0.151159,-0.049151,-0.011506,-0.002001,-0.004220,-1.1132,-5.3349,-3.2220,-0.5972,-0.1840,-0.1020
9.9194,-1.969028,-1.236507,1.245863,-1.842115,-1.599414,3.070957,-0.049480,-0.145060,-0.045417,-0.003778,-0.001227,-0.004084,-1.0118,-4.6733,-3.0064,-0.6048,-0.1778,-0.1171
9.9291,-1.969559,-1.238080,1.245386,-1.842197,-1.599407,3.070980,-0.056002,-0.146810,-0.048627,-0.009100,-0.001218,-0.003732,-0.8839,-4.3710,-2.8450,-0.5339,-0.1637,-0.1348
9.9390,-1.970098,-1.239607,1.244863,-1.842276,-1.599431,3.070948,-0.051398,-0.141180,-0.047266,-0.007514,-0.000750,-0.004613,-1.0033,-3.5682,-2.7851,-0.5353,-0.1809,-0.1194
9.9490,-1.970610,-1.241011,1.244390,-1.842384,-1.599433,3.070900,-0.051806,-0.137251,-0.054586,-0.014792,-0.003077,-0.002495,-1.0391,-4.1230,-3.0082,-0.5430,-0.1891,-0.1206
9.9589,-1.971137,-1.242343,1.243835,-1.842467,-1.599472,3.070923,-0.048705,-0.120627,-0.054779,-0.008101,-0.004495,-0.003162,-0.9118,-3.6505,-2.7538,-0.5431,-0.2097,-0.1346
9.9691,-1.971614,-1.243503,1.243255,-1.842635,-1.599568,3.070864,-0.046509,-0.108537,-0.058052,-0.015964,-0.007617,-0.003082,-0.8152,-3.5944,-2.7179,-0.4915,-0.1617,-0.1226
9.9789,-1.972103,-1.244512,1.242659,-1.842701,-1.599635,3.070829,-0.041769,-0.092730,-0.058502,-0.012908,-0.007946,-0.001355,-0.8527,-3.2506,-2.8445,-0.5336,-0.2062,-0.1224
9.9891,-1.972453,-1.245346,1.242063,-1.842938,-1.599711,3.070832,-0.040542,-0.079559,-0.067047,-0.020158,-0.009054,-0.001785,-0.9866,-3.8058,-3.1250,-0.5377,-0.2006,-0.1148
9.9989,-1.972844,-1.246056,1.241379,-1.843083,-1.599780,3.070801,-0.036911,-0.065426,-0.068251,-0.017781,-0.008489,-0.001793,-0.7534,-3.4855,-2.9278,-0.5534,-0.2094,-0.1239
10.0090,-1.973255,-1.246650,1.240671,-1.843303,-1.599910,3.070812,-0.035781,-0.057044,-0.077231,-0.026691,-0.010207,-0.001421,-0.7721,-3.8555,-3.1813,-0.5269,-0.2071,-0.1071
10.0191,-1.973540,-1.247144,1.239875,-1.843515,-1.599975,3.070796,-0.031223,-0.046404,-0.081396,-0.024395,-0.010303,-0.000882,-0.8067,-3.5197,-3.0981,-0.5668,-0.2081,-0.1151
10.0290,-1.973862,-1.247538,1.238979,-1.843826,-1.600097,3.070819,-0.029735,-0.037659,-0.092394,-0.034043,-0.011330,-0.001188,-0.8987,-3.8688,-3.0883,-0.5435,-0.2228,-0.1330
10.0389,-1.974143,-1.247839,1.238039,-1.844142,-1.600221,3.070791,-0.027320,-0.028719,-0.099151,-0.031357,-0.012907,-0.001325,-0.7507,-3.8739,-3.1421,-0.5561,-0.2325,-0.1192
10.0489,-1.974376,-1.248102,1.237042,-1.844502,-1.600357,3.070760,-0.024721,-0.029016,-0.112475,-0.036590,-0.016644,-0.001198,-0.7186,-4.1995,-3.4556,-0.5625,-0.2164,-0.1226
10.0589,-1.974607,-1.248320,1.235882,-1.844762,-1.600544,3.070764,-0.021563,-0.020221,-0.118379,-0.029917,-0.018765,-0.001298,-0.7732,-4.0036,-3.3382,-0.5910,-0.2330,-0.1203
10.0691,-1.974827,-1.248496,1.234615,-1.845125,-1.600759,3.070729,-0.019703,-0.020535,-0.130999,-0.033996,-0.023237,-0.001057,-0.8201,-4.3821,-3.6334,-0.5870,-0.2113,-0.1193
10.0792,-1.975039,-1.248667,1.233267,-1.845391,-1.600999,3.070752,-0.018096,-0.018884,-0.142898,-0.030702,-0.024307,-0.000648,-0.7052,-4.2860,-3.3718,-0.6105,-0.2060,-0.1247
10.0892,-1.975210,-1.248803,1.231779,-1.845749,-1.601258,3.070736,-0.016162,-0.020155,-0.153187,-0.031824,-0.025475,-0.000792,-0.7045,-4.2746,-3.4839,-0.5883,-0.2133,-0.1193
10.0990,-1.975357,-1.249002,1.230215,-1.846004,-1.601467,3.070724,-0.013517,-0.015132,-0.159672,-0.022387,-0.025402,-0.000966,-0.6636,-4.0427,-2.9726,-0.5856,-0.2088,-0.1230
10.1089,-1.975467,-1.249157,1.228562,-1.846250,-1.601780,3.070712,-0.011866,-0.024486,-0.180075,-0.032447,-0.025401,-0.000891,-0.6070,-4.5149,-3.4798,-0.5902,-0.1928,-0.1224
10.1192,-1.975575,-1.249376,1.226715,-1.846481,-1.602016,3.070735,-0.009242,-0.019794,-0.185096,-0.022098,-0.023158,-0.001054,-0.5549,-4.1452,-3.4651,-0.5884,-0.2055,-0.1217
10.1291,-1.975671,-1.249552,1.224779,-1.846740,-1.602252,3.070716,-0.007259,-0.022404,-0.197383,-0.023323,-0.021599,-0.000979,-0.5134,-4.2505,-3.4608,-0.5204,-0.1768,-0.1116
10.1393,-1.975719,-1.249764,1.222800,-1.846849,-1.602440,3.070728,-0.004530,-0.022008,-0.202462,-0.014198,-0.020467,-0.000860,-0.4617,-4.2752,-3.3698,-0.5835,-0.1834,-0.1100
10.1492,-1.975712,-1.250042,1.220650,-1.847001,-1.602643,3.070673,-0.001961,-0.045551,-0.234406,-0.025117,-0.019179,-0.000736,-0.4127,-4.8241,-3.9031,-0.6277,-0.2031,-0.0998
10.1589,-1.975774,-1.250439,1.218292,-1.847144,-1.602842,3.070688,-0.001212,-0.034755,-0.234309,-0.009938,-0.019807,-0.000486,-0.5716,-4.3271,-3.4636,-0.5975,-0.1915,-0.0996
10.1691,-1.975776,-1.250810,1.215904,-1.847286,-1.603057,3.070692,-0.001426,-0.042830,-0.246344,-0.012125,-0.020315,-0.000418,-0.4145,-4.5027,-3.2798,-0.5283,-0.1939,-0.1112
10.1791,-1.975791,-1.251245,1.213474,-1.847322,-1.603248,3.070673,-0.000647,-0.049723,-0.244635,-0.004461,-0.020873,-0.000272,-0.4989,-4.6327,-3.6001,-0.5935,-0.1956,-0.1015
10.1892,-1.975745,-1.251811,1.210997,-1.847370,-1.603421,3.070688,-0.000302,-0.073190,-0.262218,-0.011086,-0.019440,-0.000286,-0.4337,-4.7947,-3.9095,-0.6054,-0.2153,-0.1090
10.1992,-1.975776,-1.252485,1.208324,-1.847437,-1.603659,3.070692,-0.000159,-0.062164,-0.255230,-0.001527,-0.020467,-0.000411,-0.5281,-4.2956,-3.1821,-0.5348,-0.2384,-0.1109
10.2091,-1.975772,-1.253131,1.205815,-1.847483,-1.603870,3.070657,-0.000916,-0.082630,-0.278849,-0.015056,-0.020164,-0.000397,-0.3993,-4.9754,-4.2889,-0.5894,-0.2211,-0.1201
10.2193,-1.975772,-1.253902,1.202982,-1.847485,-1.604026,3.070680,-0.000316,-0.078279,-0.288257,-0.000624,-0.018923,-0.000392,-0.5276,-4.3062,-4.3234,-0.6235,-0.2074,-0.1106
10.2290,-1.975787,-1.254647,1.199915,-1.847577,-1.604192,3.070680,-0.000189,-0.084719,-0.333325,-0.011015,-0.017917,-0.000383,-0.5688,-5.1803,-4.3094,-0.6285,-0.1855,-0.0995
10.2392,-1.975834,-1.255448,1.196494,-1.847589,-1.604390,3.070680,-0.001026,-0.067392,-0.334314,0.000651,-0.017261,-0.000377,-0.5317,-4.2501,-3.5217,-0.5140,-0.1927,-0.1063
10.2492,-1.975811,-1.256150,1.193099,-1.847682,-1.604546,3.070649,-0.001438,-0.069724,-0.338215,-0.003023,-0.013953,-0.000368,-0.5280,-3.9571,-2.9061,-0.4177,-0.1685,-0.1020
10.2588,-1.975796,-1.256913,1.189771,-1.847663,-1.604657,3.070683,-0.000723,-0.064223,-0.318920,-0.000000,-0.011978,-0.000328,-0.5764,-3.0873,-2.2146,-0.3651,-0.2018,-0.1168
10.2694,-1.975808,-1.257629,1.186702,-1.847775,-1.604840,3.070649,-0.002083,-0.060237,-0.286213,0.000000,-0.012343,-0.000322,-0.5503,-3.7021,-2.6879,-0.3803,-0.1514,-0.1037
10.2790,-1.975819,-1.258300,1.183964,-1.847762,-1.604887,3.070636,-0.000811,-0.068310,-0.274776,-0.001953,-0.008955,-0.000329,-0.6576,-3.0844,-2.8121,-0.4577,-0.1874,-0.1135
10.2892,-1.975836,-1.258895,1.181325,-1.847781,-1.605012,3.070652,-0.001529,-0.058625,-0.266141,-0.001467,-0.007962,-0.000305,-0.5720,-3.2000,-3.0135,-0.5330,-0.1566,-0.1177
10.2990,-1.975836,-1.259342,1.178734,-1.847750,-1.605021,3.070640,-0.000801,-0.042101,-0.254373,-0.001288,-0.003791,-0.000271,-0.6402,-3.0140,-2.4970,-0.4535,-0.1772,-0.1004
10.3092,-1.975887,-1.259678,1.176218,-1.847802,-1.605130,3.070652,-0.002557,-0.051992,-0.282692,-0.016121,-0.006500,-0.000255,-0.5176,-4.1641,-3.8833,-0.5729,-0.1509,-0.0976
10.3190,-1.975910,-1.259973,1.173364,-1.847742,-1.605144,3.070656,-0.002257,-0.037368,-0.306462,-0.003957,-0.004723,-0.000235,-0.5856,-4.0284,-4.2131,-0.6564,-0.1506,-0.1012
10.3289,-1.975892,-1.260201,1.170155,-1.847805,-1.605132,3.070656,-0.001108,-0.030907,-0.348033,-0.002820,-0.004040,-0.000208,-0.6064,-4.5284,-4.3499,-0.6215,-0.1752,-0.0946
10.3391,-1.975940,-1.260428,1.166555,-1.847752,-1.605213,3.070640,-0.002749,-0.018573,-0.370295,0.003816,-0.005694,-0.000172,-0.5509,-4.2985,-4.2524,-0.4913,-0.1578,-0.1104
10.3490,-1.975931,-1.260632,1.162597,-1.847785,-1.605233,3.070660,-0.001571,-0.033986,-0.431926,0.000049,-0.004005,-0.000145,-0.5925,-5.0930,-5.0114,-0.5760,-0.1645,-0.0920
10.3589,-1.975928,-1.260852,1.158121,-1.847709,-1.605274,3.070633,-0.000891,-0.011751,-0.445522,0.007505,-0.002688,-0.000149,-0.6807,-4.0828,-3.6707,-0.3853,-0.1969,-0.0978
10.3692,-1.975982,-1.261066,1.153573,-1.847757,-1.605312,3.070644,-0.002050,-0.016912,-0.452889,0.004949,-0.004415,-0.000131,-0.6223,-3.7142,-2.9312,-0.2089,-0.1581,-0.0969
10.3791,-1.975976,-1.261274,1.149101,-1.847642,-1.605312,3.070645,-0.002185,-0.019308,-0.446551,0.010599,-0.003822,-0.000137,-0.6388,-3.9010,-3.6860,-0.2936,-0.1885,-0.0942
10.3889,-1.975975,-1.261493,1.144558,-1.847551,-1.605349,3.070644,-0.001407,-0.028556,-0.467497,0.003901,-0.003230,-0.000123,-0.6436,-4.0388,-3.9396,-0.2958,-0.1590,-0.0960
10.3995,-1.976015,-1.261693,1.139929,-1.847541,-1.605383,3.070628,-0.003159,-0.008428,-0.450547,0.013829,-0.002203,-0.000112,-0.6598,-3.3827,-2.8736,-0.2138,-0.1794,-0.0920
10.4091,-1.976075,-1.261813,1.135524,-1.847462,-1.605486,3.070640,-0.003973,-0.021766,-0.452056,0.003844,-0.005340,-0.000118,-0.5028,-3.8432,-3.4801,-0.2199,-0.1411,-0.1084
10.4189,-1.976118,-1.261913,1.131079,-1.847322,-1.605452,3.070644,-0.002352,-0.010714,-0.437000,0.011020,-0.001189,-0.000161,-0.6288,-3.3131,-3.0798,-0.2106,-0.1643,-0.1397
10.4291,-1.976095,-1.261992,1.126685,-1.847298,-1.605440,3.070585,-0.002043,-0.010099,-0.434969,0.005419,-0.001773,-0.003608,-0.5701,-4.0269,-3.3216,-0.1761,-0.1577,-0.1484
10.4389,-1.976159,-1.262081,1.122427,-1.847127,-1.605522,3.070584,-0.002755,-0.006180,-0.417666,0.014491,-0.002674,-0.007563,-0.3036,-3.7945,-3.2053,-0.2302,-0.1594,-0.1337
10.4491,-1.976135,-1.262196,1.118337,-1.847043,-1.605558,3.070493,-0.000945,-0.020299,-0.419698,0.006763,-0.001502,-0.006989,-0.3447,-3.8866,-3.4899,-0.2309,-0.1316,-0.1651
10.4590,-1.976111,-1.262355,1.114193,-1.846905,-1.605529,3.070459,-0.000000,-0.010356,-0.404410,0.016493,-0.000467,-0.008034,-0.5003,-3.2457,-2.5927,-0.1515,-0.1650,-0.1561
10.4689,-1.976143,-1.262478,1.110289,-1.846803,-1.605560,3.070380,-0.000000,-0.012933,-0.386911,0.015266,-0.003543,-0.008476,-0.4489,-3.7730,-3.1601,-0.1590,-0.1191,-0.1456
10.4790,-1.976159,-1.262583,1.106501,-1.846551,-1.605551,3.070281,-0.000620,-0.019766,-0.380093,0.018450,-0.001075,-0.008810,-0.5993,-3.7253,-3.3041,-0.2377,-0.1537,-0.1319
10.4890,-1.976175,-1.262757,1.102767,-1.846395,-1.605609,3.070181,-0.001554,-0.018505,-0.379910,0.015370,-0.002604,-0.008700,-0.7818,-3.7473,-3.2026,-0.2162,-0.1712,-0.1383
10.4989,-1.976187,-1.262881,1.099057,-1.846160,-1.605590,3.070106,-0.003475,-0.009915,-0.359276,0.024569,-0.006053,-0.008281,-0.8526,-3.3017,-2.6914,-0.1519,-0.1889,-0.1652
10.5089,-1.976231,-1.262965,1.095445,-1.845980,-1.605703,3.070087,-0.007013,-0.021784,-0.370030,0.012667,-0.010742,-0.007895,-0.8107,-4.1704,-3.7138,-0.1907,-0.1687,-0.1416
10.5190,-1.976303,-1.263101,1.091825,-1.845707,-1.605788,3.069989,-0.009105,-0.010499,-0.359738,0.026397,-0.008362,-0.007266,-0.8469,-3.6718,-3.3012,-0.2300,-0.2070,-0.1475
10.5290,-1.976434,-1.263208,1.088273,-1.845540,-1.605869,3.069937,-0.010832,-0.013160,-0.356135,0.022915,-0.010126,-0.007227,-0.8190,-3.5735,-2.9220,-0.1050,-0.2010,-0.1526
10.5391,-1.976511,-1.263289,1.084830,-1.845228,-1.605982,3.069857,-0.012269,-0.009719,-0.342044,0.029476,-0.011895,-0.006303,-0.7580,-3.7483,-3.2401,-0.1653,-0.1940,-0.1647
10.5491,-1.976630,-1.263428,1.081367,-1.844972,-1.606066,3.069817,-0.010942,-0.026401,-0.371491,0.014880,-0.009075,-0.008497,-0.8032,-4.3098,-4.0756,-0.2095,-0.1787,-0.1785
10.5591,-1.976738,-1.263560,1.077703,-1.844707,-1.606125,3.069694,-0.011557,-0.005826,-0.366490,0.034535,-0.009067,-0.010185,-0.7537,-3.5202,-3.2498,-0.1833,-0.1969,-0.1747
10.5689,-1.976866,-1.263608,1.074051,-1.844425,-1.606242,3.069637,-0.011979,-0.008090,-0.362644,0.034252,-0.009493,-0.010573,-0.6729,-3.2808,-2.8746,-0.1004,-0.1612,-0.2064
10.5790,-1.976990,-1.263652,1.070467,-1.844064,-1.606329,3.069520,-0.010157,-0.005818,-0.351700,0.034186,-0.007228,-0.011583,-0.6373,-3.4310,-3.0434,-0.1524,-0.1642,-0.1972
10.5892,-1.977058,-1.263715,1.067011,-1.843768,-1.606388,3.069393,-0.007558,-0.005893,-0.350634,0.029932,-0.005957,-0.011540,-0.6795,-3.8331,-3.4307,-0.1772,-0.1933,-0.2036
10.5990,-1.977134,-1.263744,1.063485,-1.843381,-1.606439,3.069292,-0.006943,-0.000100,-0.327169,0.040006,-0.005665,-0.012509,-0.6231,-3.1248,-2.7379,-0.1510,-0.1987,-0.1782
10.6092,-1.977209,-1.263807,1.060355,-1.843114,-1.606547,3.069141,-0.005452,-0.008523,-0.317611,0.028466,-0.005760,-0.013230,-0.6833,-3.3185,-2.9241,-0.1204,-0.1536,-0.1865
10.6190,-1.977210,-1.263850,1.057294,-1.842713,-1.606571,3.069006,-0.002996,-0.003316,-0.295509,0.035334,-0.005189,-0.012999,-0.6764,-3.0011,-2.7058,-0.1910,-0.1905,-0.1772
10.6290,-1.977210,-1.263843,1.054362,-1.842505,-1.606616,3.068913,-0.002402,0.000003,-0.283971,0.023397,-0.004600,-0.012541,-0.6484,-3.6026,-2.9331,-0.1139,-0.1672,-0.1983
10.6388,-1.977250,-1.263819,1.051683,-1.842181,-1.606640,3.068778,-0.001856,0.001453,-0.261007,0.027596,-0.004742,-0.012251,-0.6142,-3.3633,-2.6840,-0.1601,-0.1954,-0.1842
10.6490,-1.977278,-1.263819,1.049159,-1.841969,-1.606681,3.068659,-0.001205,-0.004534,-0.245314,0.021179,-0.004309,-0.012555,-0.5421,-3.6243,-2.8484,-0.1496,-0.1800,-0.2024
10.6589,-1.977250,-1.263843,1.046864,-1.841717,-1.606700,3.068514,-0.000290,-0.002809,-0.224343,0.023846,-0.003855,-0.014133,-0.7558,-3.5213,-2.5196,-0.1470,-0.2101,-0.1803
10.6689,-1.977302,-1.263879,1.044781,-1.841498,-1.606787,3.068375,-0.001618,-0.007743,-0.202572,0.021888,-0.005401,-0.014916,-0.5610,-3.7791,-2.8189,-0.1439,-0.1758,-0.1741
10.6789,-1.977298,-1.264009,1.042801,-1.841258,-1.606810,3.068242,-0.000860,-0.018045,-0.186896,0.022339,-0.003128,-0.016773,-0.7164,-4.0702,-2.9123,-0.1854,-0.1988,-0.1740
10.6889,-1.977291,-1.264161,1.041045,-1.841014,-1.606828,3.068047,-0.002156,-0.026132,-0.173644,0.021649,-0.004265,-0.018333,-0.8523,-4.2088,-2.8210,-0.1595,-0.1949,-0.1725
10.6990,-1.977354,-1.264428,1.039388,-1.840766,-1.606828,3.067863,-0.005069,-0.025505,-0.156983,0.027955,-0.002974,-0.019645,-0.9068,-4.0684,-2.4474,-0.1551,-0.2179,-0.1957
10.7089,-1.977414,-1.264724,1.037937,-1.840507,-1.606915,3.067654,-0.008065,-0.049226,-0.144936,0.021464,-0.004196,-0.023836,-0.8692,-4.7766,-3.0414,-0.1519,-0.1788,-0.1966
10.7191,-1.977564,-1.265269,1.036629,-1.840207,-1.606938,3.067364,-0.011244,-0.054061,-0.122132,0.030109,-0.001510,-0.027632,-0.8369,-4.6357,-2.8747,-0.1735,-0.2036,-0.1921
10.7288,-1.977673,-1.265848,1.035477,-1.839944,-1.606951,3.067107,-0.013458,-0.075465,-0.106757,0.026017,-0.003031,-0.029803,-0.8623,-4.8470,-2.7818,-0.1688,-0.2113,-0.1714
10.7389,-1.977801,-1.266684,1.034507,-1.839627,-1.606966,3.066804,-0.013801,-0.083918,-0.086740,0.030270,-0.002046,-0.031264,-0.6905,-4.8718,-2.7301,-0.2028,-0.2081,-0.1956
10.7489,-1.977909,-1.267657,1.033751,-1.839368,-1.606999,3.066465,-0.008857,-0.126975,-0.076067,0.019097,-0.002079,-0.033666,-0.5635,-5.6079,-2.9512,-0.2102,-0.1917,-0.2018
10.7589,-1.978024,-1.268965,1.033138,-1.839114,-1.607011,3.066136,-0.008665,-0.128168,-0.052406,0.026803,-0.002585,-0.036549,-0.6573,-4.9172,-2.6126,-0.2333,-0.1733,-0.2046
10.7690,-1.978101,-1.270379,1.032660,-1.838923,-1.607016,3.065742,-0.005601,-0.147544,-0.040130,0.018656,-0.001694,-0.039041,-0.4296,-5.0359,-2.7062,-0.1718,-0.1736,-0.2002
10.7788,-1.978137,-1.271955,1.032375,-1.838675,-1.607046,3.065380,-0.002516,-0.154859,-0.025067,0.021782,-0.001541,-0.042239,-0.4817,-4.8840,-2.6456,-0.1981,-0.1604,-0.1933
10.7890,-1.978125,-1.273661,1.032159,-1.838542,-1.607043,3.064949,-0.000004,-0.181564,-0.016674,0.011838,-0.001052,-0.045411,-0.1456,-5.1907,-2.7473,-0.1906,-0.1819,-0.1798
10.7990,-1.978128,-1.275539,1.032118,-1.838339,-1.607098,3.064446,0.000001,-0.176530,0.004213,0.019000,-0.001275,-0.045233,-0.2735,-4.2319,-2.0379,-0.1737,-0.1846,-0.1716
10.8090,-1.978101,-1.277332,1.032178,-1.838239,-1.607083,3.064047,0.003191,-0.189648,0.014755,0.011471,-0.001197,-0.045267,0.0387,-4.4742,-1.3113,-0.1414,-0.1756,-0.1846
10.8190,-1.978084,-1.279274,1.032429,-1.838127,-1.607055,3.063583,0.002147,-0.189295,0.027983,0.011347,-0.000768,-0.043245,-0.1353,-3.6417,-1.0632,-0.1096,-0.1823,-0.1726
10.8291,-1.978022,-1.281151,1.032721,-1.838041,-1.607098,3.063179,0.002448,-0.191230,0.037773,0.006575,-0.000695,-0.042708,0.0682,-4.3224,-1.2850,-0.1503,-0.1905,-0.1674
10.8390,-1.978017,-1.282971,1.033148,-1.837951,-1.607091,3.062784,0.001567,-0.184152,0.047481,0.008722,-0.001372,-0.037244,0.0297,-3.7931,-1.2349,-0.1407,-0.1778,-0.2041
10.8490,-1.977977,-1.284751,1.033671,-1.837891,-1.607076,3.062419,0.002221,-0.187789,0.050349,0.004779,-0.000802,-0.034004,0.1858,-4.0248,-0.9789,-0.1388,-0.1929,-0.2091
10.8589,-1.977954,-1.286588,1.034220,-1.837762,-1.607115,3.062087,0.001719,-0.175025,0.060758,0.012045,-0.000687,-0.033137,-0.0164,-3.5462,-1.0816,-0.1569,-0.1927,-0.1769
10.8692,-1.977966,-1.288241,1.034869,-1.837690,-1.607130,3.061783,0.000488,-0.169166,0.063988,0.010661,-0.000907,-0.029612,0.1238,-4.1657,-1.3024,-0.1410,-0.1813,-0.1726
10.8791,-1.977957,-1.289928,1.035532,-1.837515,-1.607134,3.061483,0.000806,-0.158957,0.065417,0.015141,-0.001467,-0.027350,-0.0744,-3.4846,-1.1506,-0.1579,-0.1982,-0.1638
10.8893,-1.977957,-1.291484,1.036198,-1.837414,-1.607173,3.061231,-0.000002,-0.150570,0.064298,0.011659,-0.001018,-0.025361,-0.2238,-3.4986,-1.2370,-0.1533,-0.1697,-0.1544
10.8988,-1.977969,-1.292913,1.036811,-1.837283,-1.607154,3.060985,-0.001370,-0.135695,0.062779,0.014266,-0.000660,-0.023065,-0.3973,-3.0370,-1.2992,-0.1341,-0.1972,-0.1570
10.9089,-1.977978,-1.294221,1.037391,-1.837171,-1.607099,3.060759,-0.002997,-0.132060,0.055132,0.009871,-0.000822,-0.023839,-0.4568,-3.8233,-1.2131,-0.1230,-0.1846,-0.1556
10.9190,-1.978005,-1.295485,1.037949,-1.837058,-1.607139,3.060559,-0.004846,-0.120872,0.056279,0.015318,-0.000629,-0.023135,-0.7326,-3.4596,-1.2591,-0.1182,-0.1712,-0.1657
10.9290,-1.978072,-1.296603,1.038513,-1.836898,-1.607170,3.060295,-0.005734,-0.112592,0.054242,0.015395,-0.000512,-0.021948,-0.6890,-3.7342,-1.1349,-0.1070,-0.1819,-0.1509
10.9392,-1.978125,-1.297716,1.039054,-1.836660,-1.607197,3.060075,-0.006644,-0.110145,0.055319,0.020140,-0.000480,-0.020200,-0.6765,-4.1393,-1.3058,-0.1963,-0.1762,-0.1469
10.9490,-1.978169,-1.298825,1.039663,-1.836472,-1.607170,3.059879,-0.004634,-0.141413,0.054533,0.012408,-0.000463,-0.019375,-0.6466,-4.9602,-1.3311,-0.1920,-0.1943,-0.1580
10.9588,-1.978276,-1.300185,1.040314,-1.836264,-1.607167,3.059721,-0.009602,-0.132803,0.067485,0.020856,-0.000494,-0.017382,-0.7399,-4.5600,-1.1039,-0.1720,-0.1901,-0.1495
10.9689,-1.978349,-1.301564,1.040986,-1.836119,-1.607178,3.059554,-0.008771,-0.144011,0.074183,0.017381,-0.000544,-0.015659,-0.5682,-4.8351,-1.1058,-0.1517,-0.1835,-0.1527
10.9788,-1.978453,-1.303084,1.041797,-1.835885,-1.607190,3.059409,-0.007579,-0.159471,0.082826,0.018101,-0.000537,-0.014112,-0.4786,-5.7785,-1.4718,-0.2255,-0.1794,-0.1737
10.9891,-1.978469,-1.304921,1.042640,-1.835744,-1.607163,3.059284,-0.003601,-0.211855,0.086691,0.013048,-0.000419,-0.014749,-0.4177,-5.7749,-1.1894,-0.2068,-0.1706,-0.1737
10.9990,-1.978560,-1.307022,1.043678,-1.835525,-1.607205,3.059113,-0.007509,-0.207707,0.106155,0.023831,-0.000393,-0.015646,-0.6301,-4.8719,-1.0554,-0.1889,-0.1677,-0.1905
11.0092,-1.978608,-1.309238,1.044761,-1.835302,-1.607190,3.058934,-0.004016,-0.250027,0.107978,0.016316,-0.000347,-0.016664,-0.4088,-6.1525,-1.3034,-0.2167,-0.1539,-0.1792
11.0190,-1.978652,-1.311772,1.045907,-1.835087,-1.607209,3.058781,-0.004076,-0.261441,0.122391,0.023658,-0.000258,-0.016649,-0.6863,-5.3036,-1.0170,-0.2102,-0.1730,-0.1853
11.0290,-1.978653,-1.314507,1.047172,-1.834916,-1.607201,3.058604,-0.002458,-0.298952,0.125965,0.017117,-0.000200,-0.016894,-0.4149,-5.7564,-1.1646,-0.1885,-0.1758,-0.1937
11.0389,-1.978729,-1.317492,1.048510,-1.834636,-1.607184,3.058436,-0.005491,-0.302987,0.138786,0.024567,-0.000346,-0.016503,-0.4353,-5.2267,-1.3801,-0.2188,-0.1444,-0.1816
11.0490,-1.978741,-1.320586,1.049826,-1.834448,-1.607167,3.058249,-0.002370,-0.338168,0.129365,0.013916,-0.000267,-0.016759,-0.3775,-5.7065,-1.3454,-0.2031,-0.1318,-0.1809
11.0589,-1.978737,-1.324006,1.051211,-1.834225,-1.607205,3.058116,-0.004190,-0.330354,0.137960,0.022565,-0.000165,-0.015713,-0.7588,-4.0987,-1.1098,-0.1834,-0.0710,-0.1615
11.0689,-1.978784,-1.327328,1.052530,-1.834101,-1.607209,3.057929,-0.002614,-0.333726,0.133252,0.014268,0.001156,-0.014977,-0.5250,-5.2309,-1.1489,-0.1676,0.0094,-0.1707
11.0791,-1.978808,-1.330822,1.053844,-1.833897,-1.607185,3.057784,-0.002864,-0.343838,0.127482,0.016923,0.002979,-0.013510,-0.4574,-4.7174,-1.2495,-0.2284,0.0517,-0.1664
11.0895,-1.978784,-1.334299,1.055122,-1.833804,-1.607057,3.057660,-0.000796,-0.344783,0.122761,0.011077,0.007725,-0.013634,-0.6410,-4.2825,-1.0310,-0.1761,0.0549,-0.1628
11.0989,-1.978832,-1.337738,1.056341,-1.833641,-1.607062,3.057523,-0.000889,-0.324589,0.124710,0.014296,0.007311,-0.014013,-0.8763,-2.8515,-0.8501,-0.1246,0.0963,-0.1600
11.1092,-1.978813,-1.341011,1.057480,-1.833578,-1.606987,3.057376,-0.000225,-0.341289,0.111819,0.005278,0.009204,-0.015296,-0.4108,-4.6075,-1.1027,-0.1553,0.0986,-0.1787
11.1190,-1.978793,-1.344338,1.058646,-1.833450,-1.606845,3.057211,0.000002,-0.323399,0.119175,0.013934,0.009568,-0.016234,-0.8300,-3.2301,-0.8603,-0.1699,0.0930,-0.1735
11.1291,-1.978844,-1.347448,1.059813,-1.833441,-1.606804,3.057028,-0.001530,-0.316415,0.117810,0.003969,0.008734,-0.016060,-0.7176,-3.1484,-0.7620,-0.0886,0.0936,-0.1484
11.1390,-1.978856,-1.350471,1.061039,-1.833306,-1.606740,3.056859,-0.002005,-0.301958,0.123569,0.008121,0.008716,-0.015564,-0.6794,-3.2292,-1.0559,-0.1342,0.1143,-0.1634
11.1491,-1.978856,-1.353418,1.062261,-1.833288,-1.606667,3.056724,-0.000137,-0.326878,0.127991,0.001687,0.008787,-0.015439,-0.3632,-4.6586,-1.1365,-0.1862,0.1095,-0.1580
11.1590,-1.978895,-1.356556,1.063679,-1.833201,-1.606561,3.056551,-0.005546,-0.302791,0.148066,0.011292,0.007682,-0.014500,-0.5742,-3.4827,-0.9565,-0.1873,0.1138,-0.1448
11.1691,-1.978916,-1.359531,1.065150,-1.833192,-1.606556,3.056427,-0.002946,-0.293844,0.154258,0.002693,0.006518,-0.012706,-0.6243,-3.5159,-0.8842,-0.1254,0.1268,-0.1813
11.1790,-1.978913,-1.362521,1.066756,-1.833129,-1.606457,3.056314,-0.001799,-0.298440,0.160177,0.003175,0.006274,-0.013213,-0.4008,-5.0914,-0.6933,-0.1880,0.1255,-0.1414
11.1891,-1.978932,-1.365733,1.068501,-1.833120,-1.606400,3.056171,0.000008,-0.348781,0.193822,0.000990,0.006108,-0.010996,-0.2557,-5.0313,-0.4974,-0.1203,0.0954,-0.1679
11.1989,-1.978968,-1.369177,1.070693,-1.833005,-1.606368,3.056082,-0.005564,-0.327879,0.234859,0.014026,0.004518,-0.009476,-0.5377,-4.0485,-0.4642,-0.1086,0.1352,-0.1594
11.2091,-1.978988,-1.372533,1.073121,-1.832916,-1.606356,3.056021,-0.002070,-0.366150,0.256318,0.010969,0.004712,-0.007663,-0.3094,-5.4693,-0.4390,-0.1351,0.1347,-0.1595
11.2189,-1.978961,-1.376242,1.075900,-1.832750,-1.606247,3.055919,0.000000,-0.374262,0.288061,0.016605,0.006652,-0.005947,-0.7700,-4.1484,-0.1895,-0.0952,0.1112,-0.1759
11.2291,-1.979031,-1.379991,1.078933,-1.832558,-1.606202,3.055912,-0.001745,-0.389840,0.317709,0.020716,0.004634,-0.004570,-0.4811,-5.1222,-0.3073,-0.1347,0.1159,-0.1702
11.2391,-1.979057,-1.383904,1.082247,-1.832325,-1.606226,3.055830,-0.004816,-0.391193,0.342286,0.029458,0.003724,-0.004204,-0.5301,-4.1637,-0.4432,-0.1435,0.1660,-0.1828
11.2488,-1.979084,-1.387789,1.085667,-1.832061,-1.606161,3.055813,-0.002528,-0.404676,0.362216,0.031468,0.005769,-0.004745,-0.4590,-4.6124,-0.1683,-0.1201,0.1065,-0.1790
11.2589,-1.979100,-1.391925,1.089437,-1.831652,-1.606137,3.055762,-0.003990,-0.392237,0.381888,0.040097,0.004054,-0.004295,-0.7914,-3.1975,-0.5458,-0.0930,0.1525,-0.1790
11.2689,-1.979151,-1.395825,1.093216,-1.831244,-1.606098,3.055725,-0.004008,-0.374859,0.386924,0.045445,0.003586,-0.003747,-0.6052,-4.2213,-0.7126,-0.0991,0.1465,-0.1825
11.2789,-1.979141,-1.399616,1.097043,-1.830745,-1.606071,3.055674,-0.005030,-0.344042,0.371066,0.052339,0.004229,-0.003951,-0.6677,-2.9973,-0.9201,-0.0888,0.1311,-0.1755
11.2889,-1.979147,-1.402988,1.100574,-1.830295,-1.605995,3.055665,-0.000982,-0.312674,0.338160,0.050913,0.003673,-0.003064,-0.7876,-2.2093,-1.3728,-0.0974,0.1341,-0.1747
11.2991,-1.979159,-1.405913,1.103756,-1.829688,-1.606026,3.055621,-0.000609,-0.270860,0.294325,0.057285,0.002462,-0.003292,-0.8003,-1.4084,-1.4421,-0.1655,0.1638,-0.1693
11.3091,-1.979144,-1.408365,1.106440,-1.829220,-1.606016,3.055613,-0.000011,-0.250862,0.261508,0.052755,0.002986,-0.002895,-0.3594,-2.6950,-0.6765,-0.0891,0.1281,-0.1835
11.3190,-1.979144,-1.410715,1.108960,-1.828656,-1.605982,3.055558,-0.001429,-0.228715,0.247431,0.059373,0.002336,-0.003433,-0.4108,-2.3044,-0.5002,-0.1104,0.1492,-0.1580
11.3289,-1.979156,-1.412728,1.111389,-1.828086,-1.605946,3.055545,-0.000579,-0.213554,0.245085,0.059920,0.002778,-0.002588,-0.4031,-3.0178,-0.7339,-0.1145,0.1401,-0.2024
11.3390,-1.979195,-1.414751,1.113908,-1.827409,-1.605915,3.055521,-0.000273,-0.209178,0.244828,0.061967,0.002327,-0.002959,-0.3087,-4.2289,-0.7470,-0.1762,0.1497,-0.1714
11.3490,-1.979159,-1.416860,1.116447,-1.826821,-1.605871,3.055501,0.008065,-0.279863,0.283402,0.059105,0.003264,-0.001774,0.2524,-5.4606,-0.1575,-0.1583,0.1234,-0.1714
11.3591,-1.979144,-1.419671,1.119646,-1.826128,-1.605847,3.055461,0.000008,-0.280607,0.348538,0.079498,0.001246,-0.001933,-0.1837,-4.6553,-0.0465,-0.1569,0.1349,-0.1818
11.3689,-1.979149,-1.422645,1.123357,-1.825377,-1.605855,3.055437,-0.000013,-0.304055,0.407454,0.077713,0.001098,-0.002460,0.0802,-4.6940,0.2164,-0.1083,0.1261,-0.1569
11.3790,-1.979058,-1.426017,1.127685,-1.824743,-1.605843,3.055434,0.001390,-0.341484,0.444211,0.064740,0.000808,-0.001347,0.3602,-6.3212,-0.4432,-0.1969,0.1462,-0.1544
11.3890,-1.979028,-1.429881,1.132416,-1.824036,-1.605802,3.055418,0.010364,-0.408739,0.504752,0.062693,0.001965,-0.001007,0.2862,-5.3503,0.3401,-0.1262,0.0956,-0.1810
11.3989,-1.979016,-1.434035,1.137756,-1.823449,-1.605857,3.055429,0.001569,-0.401279,0.556008,0.063753,0.000769,-0.000888,0.2045,-4.0094,0.0289,-0.1239,0.0988,-0.1587
11.4090,-1.978988,-1.438137,1.143321,-1.822944,-1.605853,3.055393,0.008547,-0.441986,0.576030,0.048433,0.000343,-0.000905,0.5548,-5.0076,-0.0941,-0.1669,0.1171,-0.1712
11.4190,-1.978881,-1.442589,1.149202,-1.822444,-1.605835,3.055401,0.006443,-0.443047,0.595476,0.045499,0.000248,-0.000773,0.1394,-3.5341,-0.1659,-0.1346,0.1358,-0.1626
11.4289,-1.978856,-1.446874,1.155222,-1.822023,-1.605773,3.055374,0.006376,-0.436597,0.623638,0.044336,0.002257,-0.001257,0.4670,-4.2756,0.1931,-0.1582,0.0870,-0.1517
11.4389,-1.978856,-1.451305,1.161532,-1.821653,-1.605843,3.055370,0.001957,-0.438835,0.616288,0.025337,0.000269,-0.000900,0.6428,-4.1080,-1.0261,-0.1811,0.1245,-0.1500
11.4489,-1.978781,-1.455594,1.167719,-1.821295,-1.605790,3.055381,0.009923,-0.431700,0.614025,0.027373,0.000536,-0.000840,0.5777,-4.2606,-0.5773,-0.2770,0.1233,-0.1658
11.4589,-1.978661,-1.459916,1.173775,-1.821160,-1.605794,3.055365,0.009497,-0.409927,0.602505,0.012496,0.001142,-0.000695,0.2842,-3.3650,-1.0975,-0.1949,0.1070,-0.1732
11.4689,-1.978601,-1.463943,1.179601,-1.820981,-1.605788,3.055372,0.009409,-0.386958,0.570269,0.008771,0.001174,-0.000569,0.7350,-4.1769,-1.1560,-0.2667,0.1020,-0.1664
11.4789,-1.978459,-1.467870,1.185104,-1.820984,-1.605823,3.055341,0.015586,-0.401594,0.532425,0.002485,0.000486,-0.000550,0.8624,-4.3422,-1.0425,-0.2760,0.1428,-0.1922
11.4890,-1.978257,-1.471794,1.190331,-1.821013,-1.605742,3.055341,0.024276,-0.426648,0.519810,0.000838,0.003072,-0.002842,0.6015,-4.8836,-0.6584,-0.2997,0.0922,-0.1937
11.4989,-1.978142,-1.475969,1.195562,-1.820943,-1.605818,3.055290,0.014477,-0.416430,0.524812,0.001910,0.000700,-0.005097,0.4508,-3.1212,-0.5571,-0.1732,0.1040,-0.1884
11.5089,-1.978007,-1.480079,1.200934,-1.820852,-1.605781,3.055214,0.015145,-0.424975,0.548244,0.008327,0.000539,-0.007808,0.8051,-4.6121,-0.0096,-0.1792,0.1128,-0.1913
11.5191,-1.977854,-1.484408,1.206468,-1.820828,-1.605781,3.055168,0.016011,-0.444226,0.558336,0.001784,0.000437,-0.008140,0.6187,-4.1654,-0.6790,-0.2181,0.1056,-0.1895
11.5291,-1.977702,-1.488877,1.212102,-1.820772,-1.605752,3.055065,0.016314,-0.435954,0.578042,0.007561,0.000876,-0.009245,0.3772,-3.6467,-0.3396,-0.1938,0.1127,-0.1914
11.5389,-1.977586,-1.493417,1.217832,-1.820768,-1.605736,3.054965,0.012835,-0.435174,0.572289,0.001873,0.000567,-0.008684,0.4823,-3.8172,-1.0447,-0.2760,0.0987,-0.1928
11.5489,-1.977442,-1.497915,1.223566,-1.820745,-1.605749,3.054900,0.020749,-0.491730,0.574101,0.000727,0.000417,-0.008750,0.8159,-4.7266,-0.2785,-0.3029,0.1114,-0.1881
11.5589,-1.977286,-1.502715,1.229378,-1.820745,-1.605732,3.054816,0.010270,-0.464674,0.589994,0.000930,0.000301,-0.008362,0.1851,-2.9652,-0.1776,-0.1726,0.1084,-0.1684
11.5690,-1.977202,-1.507191,1.235216,-1.820748,-1.605697,3.054732,0.009109,-0.453210,0.582132,0.000948,0.002633,-0.007885,0.3658,-2.9826,-0.9026,-0.1891,0.0609,-0.1808
11.5789,-1.977123,-1.511623,1.240889,-1.820703,-1.605744,3.054637,0.007452,-0.441718,0.561922,0.002923,0.000475,-0.007514,0.4886,-3.5829,-0.9774,-0.2368,0.1194,-0.1804
11.5890,-1.977043,-1.516033,1.246438,-1.820719,-1.605689,3.054588,0.010251,-0.444800,0.551761,0.001210,0.003954,-0.006826,0.5767,-4.0612,-0.6775,-0.2015,0.0963,-0.1547
11.5990,-1.977007,-1.520452,1.251912,-1.820634,-1.605703,3.054524,0.002580,-0.409089,0.526628,0.002401,0.001312,-0.006140,0.3334,-3.1779,-1.4405,-0.2578,0.1808,-0.1680
11.6091,-1.976986,-1.524417,1.256943,-1.820577,-1.605631,3.054445,0.004726,-0.377645,0.475953,0.003944,0.006605,-0.005546,0.2614,-2.7953,-1.9396,-0.3403,0.1526,-0.1695
11.6189,-1.976941,-1.528080,1.261399,-1.820587,-1.605544,3.054385,0.002954,-0.336814,0.412316,0.000390,0.007785,-0.005231,0.1646,-1.7608,-2.1262,-0.2995,0.1574,-0.1432
11.6289,-1.976914,-1.531123,1.265035,-1.820572,-1.605460,3.054356,0.001494,-0.279791,0.333579,0.000152,0.008981,-0.004546,0.3778,-2.3780,-1.6566,-0.2869,0.1426,-0.1773
11.6389,-1.976887,-1.533749,1.268017,-1.820580,-1.605440,3.054308,0.002956,-0.243197,0.277925,0.000219,0.007616,-0.004678,0.3877,-1.9887,-1.4889,-0.2210,0.1609,-0.1502
11.6488,-1.976838,-1.535967,1.270534,-1.820604,-1.605330,3.054256,0.005981,-0.219420,0.245138,0.001367,0.009961,-0.003861,0.5102,-2.3943,-0.6866,-0.1681,0.1344,-0.1539
11.6587,-1.976814,-1.537988,1.272859,-1.820616,-1.605248,3.054220,0.003636,-0.197915,0.231442,0.001516,0.007994,-0.003552,0.3626,-1.8209,-0.8708,-0.1720,0.1563,-0.1756
11.6688,-1.976810,-1.539783,1.275157,-1.820607,-1.605150,3.054200,0.003663,-0.178231,0.223085,0.001763,0.008120,-0.002985,0.5035,-2.4910,-0.7909,-0.1587,0.1713,-0.1830
11.6790,-1.976766,-1.541489,1.277381,-1.820540,-1.605089,3.054179,0.004972,-0.182853,0.236951,0.001571,0.006638,-0.004719,0.8121,-3.3094,-0.4672,-0.1386,0.1425,-0.1890
11.6889,-1.976715,-1.543252,1.279958,-1.820525,-1.605043,3.054072,0.004482,-0.191286,0.284495,0.004347,0.004913,-0.010746,0.6151,-3.5354,0.5705,-0.0564,0.1249,-0.1895
11.6988,-1.976706,-1.545263,1.283069,-1.820510,-1.605025,3.053965,0.002722,-0.205314,0.325205,0.001687,0.001958,-0.014000,0.4541,-3.4848,-0.4037,-0.1778,0.1139,-0.1924
11.7089,-1.976698,-1.547432,1.286597,-1.820420,-1.605036,3.053792,0.005042,-0.229044,0.381880,0.005736,0.000629,-0.018007,0.8871,-3.9527,0.1240,-0.2021,0.0928,-0.2048
11.7189,-1.976638,-1.549881,1.290594,-1.820492,-1.605022,3.053604,0.002573,-0.236866,0.425171,0.000001,0.000370,-0.024123,0.4253,-3.2651,0.1779,-0.1550,0.0439,-0.1868
11.7287,-1.976642,-1.552374,1.295091,-1.820476,-1.605039,3.053313,0.001428,-0.241583,0.468434,0.001202,-0.000073,-0.031516,0.5580,-3.0550,0.0787,-0.1589,-0.0042,-0.2009
11.7389,-1.976614,-1.554890,1.299889,-1.820469,-1.605033,3.052917,0.001264,-0.245509,0.487730,0.000566,-0.001843,-0.039028,0.4979,-3.0734,-0.6338,-0.2925,0.0120,-0.2334
11.7489,-1.976590,-1.557376,1.304817,-1.820480,-1.605055,3.052461,0.004172,-0.243542,0.527970,-0.000402,-0.000755,-0.050363,0.5961,-3.1801,0.5502,-0.2732,-0.0655,-0.2300
11.7589,-1.976547,-1.559859,1.310180,-1.820573,-1.605130,3.051880,0.001548,-0.238374,0.552961,-0.009427,-0.003531,-0.061575,0.4743,-2.6552,-0.0322,-0.3383,-0.0555,-0.2174
11.7691,-1.976558,-1.562168,1.315780,-1.820628,-1.605111,3.051235,0.002874,-0.218436,0.581162,-0.007448,-0.002331,-0.070496,0.4297,-2.2347,0.0680,-0.4027,-0.0834,-0.2364
11.7789,-1.976503,-1.564297,1.321706,-1.820823,-1.605144,3.050494,0.001442,-0.211668,0.587813,-0.021372,-0.003063,-0.077796,0.5108,-2.2102,-0.3361,-0.4177,-0.0739,-0.2176
11.7889,-1.976483,-1.566177,1.327684,-1.820860,-1.605171,3.049686,0.003051,-0.175445,0.622057,-0.007902,-0.003962,-0.078590,0.4231,-2.2222,0.3893,-0.4887,-0.1012,-0.2178
11.7989,-1.976455,-1.567951,1.333874,-1.821170,-1.605240,3.048871,0.002555,-0.166601,0.623097,-0.032413,-0.005372,-0.077494,0.4809,-2.2911,-0.3137,-0.4819,-0.0657,-0.2154
11.8088,-1.976450,-1.569492,1.340123,-1.821402,-1.605243,3.048105,0.003789,-0.140538,0.633783,-0.024872,-0.002016,-0.076846,0.4932,-2.0298,-0.0535,-0.5638,-0.1119,-0.2254
11.8189,-1.976407,-1.570804,1.346411,-1.821825,-1.605296,3.047376,0.003520,-0.127832,0.628291,-0.044702,-0.005288,-0.072299,0.5184,-2.2014,-0.7248,-0.5361,-0.0793,-0.2022
11.8289,-1.976391,-1.571937,1.352742,-1.822187,-1.605318,3.046691,0.003718,-0.096720,0.646418,-0.033779,-0.006629,-0.064413,0.5004,-1.7669,0.2580,-0.5105,-0.1258,-0.1985
11.8390,-1.976339,-1.572870,1.359198,-1.822642,-1.605447,3.046086,0.003741,-0.091337,0.637508,-0.051676,-0.010097,-0.055613,0.4430,-2.2192,-0.5433,-0.5405,-0.1065,-0.1786
11.8491,-1.976303,-1.573640,1.365553,-1.823062,-1.605482,3.045586,0.003121,-0.066484,0.643139,-0.041040,-0.008847,-0.046068,0.3687,-1.9025,-0.4742,-0.6112,-0.1490,-0.1498
11.8589,-1.976307,-1.574231,1.371881,-1.823708,-1.605582,3.045150,0.000806,-0.057090,0.625107,-0.058556,-0.011591,-0.035347,0.3001,-2.4946,-0.8292,-0.5538,-0.1166,-0.1475
11.8689,-1.976323,-1.574703,1.378103,-1.824100,-1.605646,3.044900,-0.000322,-0.043815,0.614282,-0.050874,-0.012471,-0.025975,-0.1322,-2.1490,-0.5764,-0.6217,-0.1450,-0.1657
11.8789,-1.976335,-1.575069,1.384136,-1.824729,-1.605797,3.044648,-0.001977,-0.031196,0.594389,-0.057261,-0.011929,-0.017799,-0.3005,-2.3457,-0.9980,-0.5867,-0.1343,-0.1492
11.8890,-1.976403,-1.575286,1.389964,-1.825155,-1.605841,3.044527,-0.006160,-0.013448,0.586677,-0.041969,-0.010567,-0.011051,-0.4950,-2.4183,-0.6354,-0.6476,-0.1787,-0.1513
11.8989,-1.976502,-1.575405,1.395758,-1.825736,-1.606009,3.044471,-0.010196,-0.014837,0.572383,-0.058768,-0.014969,-0.002778,-0.3931,-2.8855,-1.1399,-0.5587,-0.1635,-0.1139
11.9091,-1.976570,-1.575528,1.401424,-1.826221,-1.606142,3.044486,-0.013587,0.001545,0.592740,-0.034151,-0.016466,-0.000828,-0.6755,-1.5745,0.0435,-0.5369,-0.2070,-0.0622
11.9190,-1.976726,-1.575548,1.407284,-1.826750,-1.606293,3.044471,-0.015191,-0.004015,0.580773,-0.051602,-0.023983,-0.000000,-0.5398,-2.0096,-0.8286,-0.4827,-0.2041,-0.0129
11.9290,-1.976873,-1.575485,1.413095,-1.827101,-1.606552,3.044514,-0.017645,0.009358,0.562751,-0.037426,-0.030537,0.001484,-0.6572,-2.3161,-1.7440,-0.6870,-0.2258,0.0103
11.9389,-1.977034,-1.575331,1.418540,-1.827418,-1.606871,3.044523,-0.019369,0.012727,0.524103,-0.036633,-0.037741,0.002754,-0.7096,-2.3189,-1.8039,-0.7071,-0.2770,0.0005
11.9491,-1.977316,-1.575101,1.423625,-1.827727,-1.607402,3.044519,-0.029607,0.024719,0.508217,-0.024902,-0.064393,0.000975,-0.8655,-1.7887,-0.7399,-0.6454,-0.3584,-0.0205
11.9590,-1.977569,-1.574905,1.428504,-1.828114,-1.608161,3.044515,-0.031816,0.012866,0.464323,-0.038531,-0.093283,0.000104,-0.7558,-2.3834,-1.7555,-0.6491,-0.3324,-0.0707
11.9689,-1.977880,-1.574744,1.433007,-1.828313,-1.609237,3.044495,-0.036084,0.014727,0.425649,-0.028323,-0.118308,-0.003904,-0.8523,-2.4041,-2.4996,-0.7912,-0.3741,-0.1285
11.9790,-1.978256,-1.574558,1.436939,-1.828668,-1.610533,3.044462,-0.039731,0.013713,0.368390,-0.034995,-0.135928,-0.007481,-0.7519,-2.8789,-3.0190,-0.7597,-0.3373,-0.1664
11.9890,-1.978636,-1.574426,1.440281,-1.828885,-1.612070,3.044390,-0.043080,0.007958,0.302084,-0.027798,-0.159402,-0.010379,-1.0253,-2.2816,-2.3316,-0.7287,-0.3624,-0.1893
11.9989,-1.979059,-1.574342,1.443004,-1.829188,-1.613703,3.044282,-0.042791,0.007040,0.238454,-0.030380,-0.166116,-0.012601,-0.8998,-2.3966,-2.5423,-0.6693,-0.2818,-0.1662
12.0088,-1.979494,-1.574301,1.445076,-1.829442,-1.615310,3.044115,-0.048631,0.010621,0.192501,-0.020613,-0.173194,-0.011673,-1.1814,-2.0156,-2.1196,-0.6306,-0.3671,-0.1688
12.0189,-1.980014,-1.574241,1.446751,-1.829701,-1.617084,3.044038,-0.056378,0.008334,0.157164,-0.019720,-0.179919,-0.010714,-1.2010,-1.6943,-1.6834,-0.5484,-0.3892,-0.1732
12.0289,-1.980665,-1.574155,1.448205,-1.829913,-1.618960,3.043884,-0.078216,0.014698,0.147545,-0.014358,-0.208897,-0.010342,-1.4618,-1.4945,-1.2938,-0.5463,-0.3700,-0.1624
12.0389,-1.981459,-1.574119,1.449595,-1.830093,-1.621191,3.043806,-0.095659,0.011108,0.142682,-0.019082,-0.228448,-0.009725,-1.6351,-1.2800,-1.0082,-0.5540,-0.4033,-0.1745
12.0490,-1.982517,-1.574059,1.451028,-1.830326,-1.623552,3.043738,-0.137299,0.017019,0.161623,-0.022975,-0.267972,-0.007657,-2.7539,-0.7224,-0.2191,-0.5291,-0.5445,-0.1524
12.0589,-1.984069,-1.573981,1.452752,-1.830784,-1.626497,3.043650,-0.171877,0.007796,0.177739,-0.044591,-0.298359,-0.006462,-2.1867,-1.2774,-0.5707,-0.5003,-0.4826,-0.1678
12.0691,-1.985995,-1.573915,1.454645,-1.831152,-1.629803,3.043602,-0.229503,0.013135,0.201338,-0.048448,-0.342248,-0.006029,-2.5701,-0.8840,-0.4284,-0.5858,-0.4649,-0.1631
12.0790,-1.988380,-1.573807,1.456707,-1.831785,-1.633229,3.043561,-0.260497,0.009298,0.214185,-0.067839,-0.360802,-0.004640,-2.4872,-0.9235,-0.8384,-0.6048,-0.4832,-0.1595
12.0891,-1.991179,-1.573664,1.458930,-1.832491,-1.636923,3.043498,-0.301685,0.014459,0.225067,-0.083683,-0.381286,-0.003555,-2.5637,-1.2574,-1.0415,-0.6475,-0.4390,-0.1635
12.0990,-1.994387,-1.573536,1.461187,-1.833429,-1.640731,3.043446,-0.319873,0.010433,0.220158,-0.100411,-0.380802,-0.005004,-1.5104,-1.7377,-1.6315,-0.6895,-0.2818,-0.1542
12.1090,-1.997763,-1.573382,1.463335,-1.834512,-1.644438,3.043406,-0.354055,0.014114,0.209223,-0.122673,-0.374373,-0.006347,-2.6433,-1.3036,-1.0895,-0.6587,-0.3503,-0.1634
12.1189,-2.001395,-1.573202,1.465378,-1.835787,-1.647907,3.043358,-0.354006,0.012180,0.194010,-0.140696,-0.340629,-0.007086,-1.6615,-1.8151,-1.5652,-0.6765,-0.3299,-0.1829
12.1289,-2.005044,-1.573093,1.467201,-1.837273,-1.651284,3.043297,-0.361192,0.014131,0.176201,-0.151479,-0.318789,-0.009489,-1.3063,-1.8367,-1.9152,-0.6835,-0.0661,-0.1646
12.1390,-2.008584,-1.572931,1.468890,-1.838836,-1.654036,3.043175,-0.349506,0.012413,0.153222,-0.159944,-0.267353,-0.010735,-0.7359,-1.9863,-2.1523,-0.7246,-0.1003,-0.1826
12.1489,-2.012000,-1.572776,1.470239,-1.840554,-1.656621,3.043053,-0.348012,0.013644,0.129852,-0.184342,-0.222503,-0.014581,-1.6517,-1.6709,-1.6401,-0.6902,-0.1515,-0.1610
12.1589,-2.015349,-1.572640,1.471433,-1.842398,-1.658418,3.042921,-0.324304,0.010823,0.108687,-0.190569,-0.167513,-0.015011,-0.7034,-1.9166,-1.7976,-0.6952,-0.1402,-0.1719
12.1690,-2.018411,-1.572559,1.472424,-1.844372,-1.660074,3.042765,-0.303231,0.010581,0.089366,-0.196352,-0.134656,-0.016021,-0.2424,-1.7089,-1.7213,-0.6200,-0.0583,-0.1887
12.1789,-2.021304,-1.572459,1.473216,-1.846296,-1.661082,3.042581,-0.275612,0.011695,0.071658,-0.191303,-0.095373,-0.017776,-0.3884,-1.8169,-1.8212,-0.6840,-0.0915,-0.1811
12.1889,-2.023911,-1.572309,1.473855,-1.848219,-1.661851,3.042397,-0.255090,0.015080,0.055861,-0.194987,-0.062267,-0.019981,-0.9025,-1.6548,-1.6511,-0.7080,-0.1655,-0.1690
12.1989,-2.026394,-1.572165,1.474336,-1.850190,-1.662339,3.042185,-0.227755,0.013257,0.042905,-0.196127,-0.037935,-0.019835,-0.3763,-1.8323,-1.7480,-0.6521,-0.1162,-0.1726
12.2089,-2.028562,-1.572041,1.474685,-1.852138,-1.662679,3.041989,-0.213063,0.017596,0.029736,-0.192004,-0.024956,-0.019310,-0.6901,-1.5642,-1.6837,-0.6133,-0.1391,-0.2006
12.2190,-2.030618,-1.571877,1.474912,-1.854028,-1.662747,3.041809,-0.194184,0.019687,0.019111,-0.183555,-0.008115,-0.019454,-0.5316,-1.6026,-1.7616,-0.6318,-0.1173,-0.1864
12.2290,-2.032467,-1.571654,1.475021,-1.855823,-1.662776,3.041617,-0.190638,0.026278,0.007439,-0.174083,0.000705,-0.018479,-1.1838,-1.3643,-2.0835,-0.6880,-0.0196,-0.1957
12.2390,-2.034342,-1.571357,1.474990,-1.857540,-1.662634,3.041412,-0.177118,0.027482,-0.008255,-0.172437,0.009411,-0.017856,-0.9616,-1.3871,-2.4144,-0.6000,0.0390,-0.1857
12.2490,-2.036070,-1.571124,1.474843,-1.859244,-1.662586,3.041295,-0.180817,0.033544,-0.018630,-0.163394,0.007853,-0.015984,-1.1425,-1.2582,-2.6404,-0.5683,0.0590,-0.1923
12.2589,-2.037806,-1.570762,1.474638,-1.860776,-1.662464,3.041120,-0.172341,0.036100,-0.021147,-0.152621,0.010026,-0.015150,-0.8144,-1.3383,-2.7506,-0.5727,0.0391,-0.1848
12.2690,-2.039482,-1.570416,1.474438,-1.862271,-1.662495,3.040956,-0.167653,0.041569,-0.024796,-0.141574,0.003661,-0.012633,-1.1892,-1.0415,-2.7407,-0.5417,0.0612,-0.1827
12.2790,-2.041091,-1.569997,1.474190,-1.863584,-1.662377,3.040879,-0.163019,0.043215,-0.028982,-0.132626,0.005076,-0.011452,-1.2121,-1.0997,-2.8902,-0.5550,0.0300,-0.1886
12.2890,-2.042663,-1.569546,1.473887,-1.864816,-1.662396,3.040763,-0.163376,0.048035,-0.032315,-0.120516,0.001468,-0.009448,-1.0951,-1.0574,-2.9779,-0.5469,0.0288,-0.1541
12.2989,-2.044225,-1.569033,1.473536,-1.865945,-1.662369,3.040687,-0.154202,0.050333,-0.035291,-0.104839,0.000942,-0.006689,-0.8139,-1.3088,-2.9264,-0.5473,0.0384,-0.1558
12.3089,-2.045674,-1.568542,1.473141,-1.866879,-1.662396,3.040615,-0.144809,0.054481,-0.038145,-0.094978,0.000922,-0.005988,-1.0324,-1.1187,-2.9307,-0.5333,0.0249,-0.1693
12.3190,-2.047031,-1.568020,1.472757,-1.867786,-1.662372,3.040540,-0.129615,0.051878,-0.039007,-0.079912,0.000543,-0.005158,-0.7766,-1.3896,-2.8786,-0.5123,0.0459,-0.1599
12.3289,-2.048292,-1.567509,1.472389,-1.868489,-1.662377,3.040472,-0.121327,0.051097,-0.037681,-0.065899,0.000136,-0.004412,-0.4334,-1.3496,-2.8850,-0.5236,0.0182,-0.1653
12.3389,-2.049373,-1.567007,1.472048,-1.869086,-1.662392,3.040478,-0.103485,0.048848,-0.035356,-0.055288,0.000099,-0.004252,-0.4620,-1.5225,-2.9312,-0.5269,0.0116,-0.1435
12.3489,-2.050343,-1.566521,1.471662,-1.869589,-1.662374,3.040457,-0.094297,0.046445,-0.034245,-0.042446,0.000039,-0.003936,-0.8610,-1.4372,-2.9380,-0.5568,-0.0252,-0.1490
12.3590,-2.051226,-1.566097,1.471358,-1.869927,-1.662396,3.040390,-0.082921,0.042299,-0.031105,-0.032887,0.000000,-0.003863,-0.6653,-1.5965,-3.0093,-0.5726,-0.0148,-0.1636
12.3689,-2.052032,-1.565699,1.470996,-1.870238,-1.662392,3.040331,-0.075884,0.038077,-0.028986,-0.026268,0.000000,-0.003078,-0.5689,-1.5271,-2.9454,-0.5546,-0.0335,-0.1683
12.3789,-2.052755,-1.565347,1.470763,-1.870470,-1.662431,3.040311,-0.072695,0.034937,-0.027801,-0.020263,0.000000,-0.003039,-0.8305,-1.6757,-2.9262,-0.5569,-0.0701,-0.1562
12.3890,-2.053461,-1.565025,1.470507,-1.870658,-1.662381,3.040287,-0.078499,0.030011,-0.026589,-0.021481,-0.000611,-0.002808,-1.0185,-1.5209,-2.9303,-0.5509,-0.0988,-0.1563
12.3989,-2.054236,-1.564777,1.470248,-1.870866,-1.662402,3.040270,-0.075919,0.025035,-0.024987,-0.023805,-0.000730,-0.003173,-0.8274,-1.6302,-2.9485,-0.5750,-0.0803,-0.1469
12.4088,-2.055025,-1.564553,1.470011,-1.871169,-1.662377,3.040265,-0.080760,0.021698,-0.025536,-0.029294,-0.000489,-0.002555,-1.0936,-1.6409,-2.9177,-0.5973,-0.1001,-0.1545
12.4190,-2.055875,-1.564327,1.469756,-1.871477,-1.662350,3.040187,-0.083322,0.017384,-0.024634,-0.035491,-0.000362,-0.002907,-0.9500,-1.6697,-3.0293,-0.5881,-0.0983,-0.1389
12.4289,-2.056761,-1.564199,1.469529,-1.871853,-1.662365,3.040198,-0.089792,0.013800,-0.027153,-0.043389,-0.000268,-0.002599,-1.1802,-1.6513,-3.0971,-0.6088,-0.1132,-0.1669
12.4390,-2.057691,-1.564087,1.469246,-1.872325,-1.662365,3.040178,-0.092861,0.011855,-0.028729,-0.050699,-0.000296,-0.002403,-0.9608,-1.6337,-2.9975,-0.5827,-0.1128,-0.1453
12.4489,-2.058652,-1.563982,1.468934,-1.872872,-1.662377,3.040143,-0.100386,0.008520,-0.029331,-0.057193,-0.000537,-0.002282,-1.1678,-1.6133,-3.0396,-0.6094,-0.1139,-0.1511
12.4590,-2.059686,-1.563931,1.468681,-1.873479,-1.662408,3.040119,-0.100011,0.005759,-0.032158,-0.063281,-0.000814,-0.001904,-0.9277,-1.5684,-2.9417,-0.6314,-0.1094,-0.1519
12.4689,-2.060724,-1.563864,1.468344,-1.874190,-1.662417,3.040126,-0.105928,0.003406,-0.032167,-0.075508,-0.000607,-0.001136,-1.0778,-1.6190,-2.9422,-0.5888,-0.1042,-0.1758
12.4789,-2.061817,-1.563875,1.468012,-1.874930,-1.662389,3.040111,-0.113158,0.005670,-0.030295,-0.075515,-0.000381,-0.001607,-1.2807,-1.3427,-2.8675,-0.6029,-0.1300,-0.1651
12.4889,-2.062967,-1.563832,1.467743,-1.875737,-1.662408,3.040099,-0.122008,0.006464,-0.029016,-0.081896,-0.000424,-0.001866,-1.3008,-1.2708,-2.7716,-0.5773,-0.1354,-0.1530
12.4991,-2.064235,-1.563753,1.467433,-1.876533,-1.662404,3.040074,-0.122083,0.007707,-0.026013,-0.080150,-0.000873,-0.001469,-1.1145,-1.2191,-2.7563,-0.6017,-0.1301,-0.1530
12.5089,-2.065472,-1.563707,1.467150,-1.877393,-1.662432,3.040058,-0.143098,0.013298,-0.022614,-0.088449,-0.000716,-0.000772,-1.8788,-1.1104,-2.6829,-0.5662,-0.1660,-0.1654
12.5191,-2.066971,-1.563572,1.466969,-1.878297,-1.662396,3.040038,-0.151133,0.012686,-0.018533,-0.087969,-0.001193,-0.000931,-1.5813,-1.2159,-2.7157,-0.5895,-0.1268,-0.1367
12.5291,-2.068543,-1.563422,1.466848,-1.879184,-1.662398,3.040050,-0.167195,0.014105,-0.014532,-0.089294,-0.000772,-0.000940,-1.4971,-1.2222,-2.7022,-0.5599,-0.1329,-0.1451
12.5389,-2.070243,-1.563270,1.466685,-1.880060,-1.662423,3.040035,-0.175263,0.015675,-0.011689,-0.087816,-0.000337,-0.000690,-1.6033,-1.3159,-2.7196,-0.5658,-0.1271,-0.1556
12.5492,-2.072090,-1.563059,1.466632,-1.880923,-1.662410,3.040045,-0.217341,0.026590,-0.006351,-0.084849,-0.003326,-0.002319,-2.4379,-1.1641,-2.6161,-0.5924,-0.2051,-0.1681
12.5590,-2.074280,-1.562848,1.466603,-1.881759,-1.662420,3.039987,-0.224941,0.023389,-0.003776,-0.081299,-0.000719,-0.003736,-1.4248,-1.3970,-2.6971,-0.5681,-0.1076,-0.1762
12.5690,-2.076577,-1.562644,1.466557,-1.882571,-1.662473,3.039939,-0.238322,0.025737,-0.001992,-0.073881,-0.000214,-0.006031,-1.5320,-1.2437,-2.5608,-0.5184,-0.0841,-0.1963
12.5790,-2.078956,-1.562338,1.466557,-1.883263,-1.662401,3.039858,-0.250843,0.031169,-0.000883,-0.064146,-0.000000,-0.010041,-2.3189,-0.8138,-2.3847,-0.5328,-0.1181,-0.1940
12.5890,-2.081648,-1.561983,1.466579,-1.883799,-1.662444,3.039723,-0.299006,0.054087,-0.000009,-0.052141,-0.000000,-0.018874,-2.5536,-0.7308,-2.2507,-0.5535,-0.2039,-0.1835
12.5990,-2.084668,-1.561492,1.466579,-1.884311,-1.662429,3.039499,-0.299267,0.054106,-0.000832,-0.046183,-0.000007,-0.021292,-1.4199,-1.0283,-2.4563,-0.5670,-0.0886,-0.1877
12.6089,-2.087752,-1.560938,1.466559,-1.884846,-1.662480,3.039287,-0.323139,0.068302,-0.000934,-0.041310,-0.000000,-0.030264,-2.2751,-0.4735,-2.4275,-0.4674,-0.1031,-0.2255
12.6190,-2.091107,-1.560189,1.466517,-1.885151,-1.662392,3.038872,-0.326531,0.075369,-0.002640,-0.030902,-0.000000,-0.042909,-1.4868,-0.9534,-2.6484,-0.5060,-0.0802,-0.2488
12.6289,-2.094487,-1.559356,1.466497,-1.885399,-1.662515,3.038363,-0.343196,0.091805,-0.003178,-0.021042,-0.000113,-0.063452,-2.1092,-0.4910,-2.7993,-0.5160,-0.0805,-0.2654
12.6390,-2.097920,-1.558384,1.466413,-1.885603,-1.662444,3.037623,-0.338502,0.098347,-0.009644,-0.019076,-0.000000,-0.081730,-1.6753,-0.9394,-2.8644,-0.5141,-0.0422,-0.2625
12.6489,-2.101261,-1.557339,1.466301,-1.885764,-1.662515,3.036714,-0.354030,0.114586,-0.010678,-0.010354,0.000219,-0.106608,-1.9714,-0.6271,-2.7989,-0.5036,-0.0563,-0.2798
12.6589,-2.104782,-1.556142,1.466197,-1.885821,-1.662437,3.035514,-0.345348,0.115929,-0.014375,-0.008859,0.000308,-0.124981,-0.6284,-1.3719,-2.9447,-0.5683,-0.0271,-0.2601
12.6689,-2.108158,-1.554954,1.465964,-1.885948,-1.662548,3.034165,-0.339476,0.124508,-0.014905,-0.005641,0.000353,-0.145912,-1.6140,-0.8109,-2.7301,-0.5089,-0.0096,-0.2875
12.6788,-2.111467,-1.553661,1.465862,-1.885999,-1.662425,3.032577,-0.339826,0.131249,-0.015573,-0.004690,0.001049,-0.163243,-1.6723,-1.1102,-2.7258,-0.5005,-0.0390,-0.2492
12.6888,-2.114823,-1.552309,1.465690,-1.886007,-1.662458,3.030920,-0.342056,0.139249,-0.014818,-0.002150,0.000414,-0.175801,-1.3819,-1.1158,-2.8225,-0.5105,-0.0443,-0.2580
12.6990,-2.118215,-1.550881,1.465566,-1.886016,-1.662468,3.029047,-0.327015,0.134421,-0.017742,-0.000993,0.000402,-0.186148,-0.5957,-1.6402,-3.0096,-0.5798,0.0116,-0.2243
12.7090,-2.121548,-1.549442,1.465374,-1.886080,-1.662501,3.027174,-0.358332,0.163668,-0.013787,-0.002395,0.000063,-0.188644,-2.5376,-0.4301,-2.6285,-0.5274,-0.0967,-0.2956
12.7189,-2.125179,-1.547787,1.465233,-1.886124,-1.662391,3.025228,-0.363615,0.166550,-0.016057,-0.010857,0.002432,-0.196073,-1.7949,-1.1467,-2.8741,-0.5690,-0.1127,-0.2405
12.7289,-2.128891,-1.546135,1.465062,-1.886263,-1.662508,3.023287,-0.378794,0.175837,-0.015279,-0.013185,-0.001225,-0.192795,-1.8134,-0.7356,-2.8265,-0.5962,-0.0512,-0.2488
12.7390,-2.132639,-1.544316,1.464839,-1.886488,-1.662432,3.021317,-0.380824,0.177664,-0.019776,-0.022667,-0.000000,-0.186011,-1.6824,-1.0129,-2.8316,-0.5581,-0.0260,-0.2233
12.7489,-2.136531,-1.542418,1.464679,-1.886699,-1.662468,3.019512,-0.431406,0.206204,-0.014553,-0.022681,0.000030,-0.186055,-2.9581,-0.2418,-2.6495,-0.6009,-0.1429,-0.2695
12.7589,-2.140774,-1.540392,1.464531,-1.887009,-1.662381,3.017626,-0.418826,0.192514,-0.017703,-0.038383,0.003345,-0.180990,-1.2910,-1.2492,-2.9246,-0.6610,-0.0655,-0.2254
12.7691,-2.144927,-1.538453,1.464305,-1.887477,-1.662528,3.015897,-0.416216,0.194537,-0.017693,-0.048263,-0.000205,-0.175257,-1.0807,-1.3809,-2.8524,-0.6281,0.0107,-0.1763
12.7789,-2.149014,-1.536479,1.464183,-1.888033,-1.662436,3.014186,-0.403273,0.190164,-0.016513,-0.061668,0.002417,-0.162777,-1.6619,-1.5973,-2.9093,-0.6144,-0.0563,-0.1806
12.7889,-2.153222,-1.534607,1.464076,-1.888561,-1.662441,3.012578,-0.416592,0.192783,-0.011160,-0.068014,0.000020,-0.156778,-2.0770,-1.1180,-2.9256,-0.6982,-0.0860,-0.2067
12.7990,-2.157345,-1.532779,1.463925,-1.889397,-1.662460,3.011056,-0.386242,0.171811,-0.014029,-0.085722,0.000000,-0.144776,-0.6859,-1.9523,-3.0178,-0.6525,0.0026,-0.1801
12.8089,-2.161154,-1.531115,1.463824,-1.890312,-1.662545,3.009678,-0.381000,0.171544,-0.009986,-0.094262,0.000027,-0.137333,-1.3817,-1.5419,-2.8295,-0.6471,-0.0072,-0.2207
12.8189,-2.164812,-1.529444,1.463744,-1.891280,-1.662448,3.008363,-0.356669,0.159932,-0.008326,-0.109035,0.000883,-0.133032,-0.3684,-2.1834,-2.9264,-0.6238,0.0385,-0.2034
12.8289,-2.168208,-1.527947,1.463696,-1.892446,-1.662525,3.007067,-0.337501,0.153545,-0.003866,-0.122345,0.000714,-0.128771,-1.3167,-1.5220,-2.8503,-0.6407,0.0031,-0.2124
12.8389,-2.171429,-1.526470,1.463632,-1.893813,-1.662472,3.005817,-0.317388,0.141590,-0.006274,-0.137625,0.000292,-0.127117,-0.8818,-1.8909,-2.8451,-0.6183,0.0160,-0.2063
12.8489,-2.174472,-1.525079,1.463588,-1.895110,-1.662519,3.004592,-0.316491,0.137058,-0.003162,-0.143005,0.000226,-0.124885,-1.4692,-1.7797,-2.8231,-0.6131,-0.0316,-0.1731
12.8589,-2.177532,-1.523785,1.463591,-1.896553,-1.662451,3.003356,-0.298414,0.124097,-0.001386,-0.146053,0.000279,-0.118314,-0.4270,-2.4449,-3.0187,-0.6543,-0.0045,-0.2012
12.8690,-2.180473,-1.522612,1.463548,-1.898060,-1.662484,3.002257,-0.287499,0.110117,-0.002040,-0.151038,0.000360,-0.116965,-1.2700,-1.8027,-2.8047,-0.6250,-0.0283,-0.1654
12.8791,-2.183344,-1.521475,1.463552,-1.899587,-1.662429,3.001119,-0.284617,0.098901,-0.000864,-0.149987,0.000385,-0.112712,-1.2193,-2.2329,-2.9128,-0.5559,-0.0427,-0.1805
12.8889,-2.186148,-1.520545,1.463552,-1.900945,-1.662432,3.000050,-0.282555,0.087845,-0.000851,-0.137300,0.000192,-0.105805,-1.2718,-2.4027,-2.9018,-0.6189,-0.0562,-0.2310
12.8990,-2.188981,-1.519707,1.463564,-1.902327,-1.662397,2.998975,-0.268856,0.070726,-0.000190,-0.131544,0.000162,-0.106013,-0.6108,-2.6310,-2.9059,-0.5849,-0.0244,-0.1698
12.9090,-2.191674,-1.519099,1.463555,-1.903610,-1.662476,2.997953,-0.289956,0.060864,-0.000719,-0.120413,-0.000560,-0.102219,-2.2629,-2.1652,-2.9042,-0.5856,-0.1011,-0.1767
12.9190,-2.194554,-1.518552,1.463531,-1.904724,-1.662361,2.996944,-0.292180,0.044635,-0.000714,-0.107670,0.002648,-0.094242,-1.3937,-2.3504,-2.9222,-0.5897,-0.0913,-0.1868
12.9289,-2.197480,-1.518196,1.463543,-1.905755,-1.662453,2.996026,-0.301561,0.033708,-0.001098,-0.097018,0.000000,-0.089874,-1.3752,-2.1958,-2.8316,-0.5561,-0.0738,-0.1563
12.9390,-2.200429,-1.517912,1.463457,-1.906743,-1.662432,2.995153,-0.300923,0.024072,-0.002509,-0.086556,-0.000000,-0.083177,-1.3263,-2.1673,-2.8453,-0.5216,-0.0496,-0.1632
12.9490,-2.203452,-1.517709,1.463480,-1.907488,-1.662413,2.994357,-0.335486,0.019104,-0.002703,-0.074549,-0.000000,-0.075416,-2.4286,-1.8728,-2.9978,-0.5721,-0.1458,-0.1735
12.9589,-2.206748,-1.517577,1.463429,-1.908183,-1.662365,2.993619,-0.326589,0.010280,-0.005496,-0.067083,-0.000061,-0.069354,-1.2890,-2.1240,-3.0833,-0.6131,-0.0683,-0.1683
12.9691,-2.210063,-1.517490,1.463336,-1.908848,-1.662461,2.992973,-0.326477,0.005962,-0.010807,-0.062894,-0.000000,-0.063587,-0.9890,-2.1474,-2.9436,-0.5513,-0.0229,-0.1808
12.9789,-2.213271,-1.517473,1.463201,-1.909460,-1.662436,2.992333,-0.319584,0.001866,-0.012877,-0.056086,0.000372,-0.057943,-1.7933,-1.7868,-2.8800,-0.5109,-0.0559,-0.1497
12.9891,-2.216595,-1.517403,1.463112,-1.909939,-1.662439,2.991777,-0.341253,0.007012,-0.013209,-0.044265,0.000048,-0.050250,-2.1439,-1.6887,-3.0668,-0.5793,-0.1385,-0.1619
12.9990,-2.220062,-1.517389,1.462913,-1.910371,-1.662448,2.991304,-0.323556,0.004856,-0.015953,-0.040590,-0.000266,-0.043412,-0.8086,-1.7553,-2.9431,-0.5851,-0.0186,-0.1524
13.0090,-2.223254,-1.517353,1.462730,-1.910855,-1.662525,2.990895,-0.333539,0.013029,-0.015992,-0.037525,-0.000000,-0.036143,-1.9215,-1.5887,-2.8116,-0.5264,-0.0737,-0.1304
13.0191,-2.226569,-1.517230,1.462586,-1.911096,-1.662385,2.990578,-0.326906,0.012127,-0.016189,-0.027993,0.000380,-0.029111,-1.0179,-1.7898,-2.7904,-0.5691,-0.0534,-0.1471
13.0290,-2.229836,-1.517080,1.462465,-1.911324,-1.662535,2.990322,-0.332321,0.013283,-0.016150,-0.022280,0.000000,-0.022548,-1.8316,-1.6305,-2.9204,-0.5815,-0.0691,-0.1546
13.0389,-2.233069,-1.516946,1.462251,-1.911576,-1.662480,2.990125,-0.332324,0.013471,-0.018664,-0.020841,0.000000,-0.018316,-1.3810,-1.7659,-2.8330,-0.5447,-0.0337,-0.1397
13.0491,-2.236316,-1.516772,1.462102,-1.911753,-1.662480,2.989969,-0.346034,0.017087,-0.020111,-0.015358,0.000000,-0.013335,-2.0906,-1.8514,-2.9326,-0.5458,-0.0922,-0.1612
13.0590,-2.239766,-1.516604,1.461927,-1.911825,-1.662404,2.989825,-0.339647,0.014071,-0.019098,-0.010345,0.000000,-0.011580,-0.8762,-2.0531,-3.0601,-0.5902,-0.0254,-0.1564
13.0689,-2.243146,-1.516488,1.461696,-1.911953,-1.662473,2.989741,-0.338302,0.011539,-0.023515,-0.012389,0.000006,-0.007478,-1.7279,-1.8613,-3.0500,-0.5286,-0.0361,-0.1328
13.0789,-2.246542,-1.516369,1.461436,-1.912009,-1.662401,2.989708,-0.343931,0.020644,-0.023958,-0.004368,0.000318,-0.005312,-1.8290,-1.5976,-2.9033,-0.5092,-0.0684,-0.1825
13.0889,-2.250009,-1.516150,1.461181,-1.912061,-1.662425,2.989651,-0.348440,0.027542,-0.026360,-0.002917,0.000048,-0.006681,-1.5028,-1.4786,-2.9864,-0.5101,-0.0736,-0.1862
13.0987,-2.253505,-1.515862,1.460890,-1.912073,-1.662425,2.989494,-0.331192,0.029420,-0.028694,-0.002548,0.000000,-0.011134,-0.6183,-1.5758,-2.9519,-0.5310,-0.0131,-0.1681
13.1088,-2.256772,-1.515513,1.460579,-1.912149,-1.662497,2.989432,-0.350026,0.051025,-0.029128,-0.003207,0.000017,-0.013168,-2.3197,-0.9428,-2.8314,-0.4976,-0.1020,-0.1782
13.1189,-2.260218,-1.515021,1.460270,-1.912133,-1.662389,2.989268,-0.340879,0.056816,-0.032767,-0.002167,0.003525,-0.013161,-1.2689,-1.2306,-2.7866,-0.5163,-0.0751,-0.1848
13.1288,-2.263565,-1.514421,1.459944,-1.912188,-1.662525,2.989156,-0.338996,0.068479,-0.032147,-0.002872,0.000007,-0.013752,-1.1562,-0.8606,-2.8050,-0.5062,-0.0203,-0.1782
13.1389,-2.266805,-1.513674,1.459615,-1.912213,-1.662468,2.989008,-0.328275,0.077120,-0.034212,-0.005746,0.000000,-0.013800,-1.2536,-1.0316,-2.6761,-0.4961,-0.0072,-0.1560
13.1489,-2.270095,-1.512760,1.459287,-1.912244,-1.662480,2.988888,-0.360727,0.107306,-0.029349,-0.001710,0.000000,-0.014138,-2.4683,-0.5601,-2.6577,-0.4969,-0.0697,-0.1585
13.1589,-2.273692,-1.511737,1.458988,-1.912233,-1.662372,2.988713,-0.343444,0.107456,-0.032226,-0.001699,0.005424,-0.012785,-1.1457,-1.1409,-2.8644,-0.5730,-0.0014,-0.1474
13.1689,-2.277184,-1.510645,1.458644,-1.912305,-1.662501,2.988611,-0.340989,0.113873,-0.032059,-0.004011,0.001519,-0.012113,-0.8546,-1.0588,-2.8593,-0.5273,0.1116,-0.1553
13.1790,-2.280526,-1.509424,1.458308,-1.912341,-1.662332,2.988507,-0.326749,0.118850,-0.033589,-0.003338,0.007191,-0.010601,-1.6059,-1.4811,-2.9087,-0.5280,0.0372,-0.1651
13.1891,-2.283869,-1.508130,1.457997,-1.912289,-1.662269,2.988407,-0.337435,0.127146,-0.035053,-0.000794,0.005900,-0.008922,-2.0902,-1.1883,-3.1077,-0.4735,0.0520,-0.1502
13.1990,-2.287245,-1.506887,1.457622,-1.912320,-1.662221,2.988296,-0.317381,0.118431,-0.040696,0.000337,0.010616,-0.006188,-0.7843,-1.8775,-3.1037,-0.4347,0.0760,-0.1524
13.2090,-2.290329,-1.505686,1.457218,-1.912277,-1.662253,2.988263,-0.324911,0.121968,-0.043190,0.002814,0.005754,-0.004464,-1.7583,-1.9356,-3.1432,-0.3893,0.0945,-0.1650
13.2190,-2.293500,-1.504556,1.456752,-1.912225,-1.662021,2.988246,-0.315444,0.108454,-0.044455,0.006793,0.012400,-0.004976,-0.9735,-2.3914,-3.2800,-0.3756,0.0553,-0.1544
13.2288,-2.296576,-1.503566,1.456320,-1.912141,-1.662057,2.988186,-0.319579,0.094747,-0.043202,0.008075,0.004074,-0.005189,-1.6092,-1.8191,-3.4071,-0.3269,0.1249,-0.1445
13.2389,-2.299712,-1.502711,1.455872,-1.912113,-1.661928,2.988174,-0.310849,0.081516,-0.046274,0.005783,0.009623,-0.002880,-1.1757,-1.9509,-3.0985,-0.2526,0.0856,-0.1709
13.2490,-2.302791,-1.501935,1.455390,-1.912033,-1.661873,2.988134,-0.325182,0.074040,-0.044195,0.010144,0.004824,-0.003614,-1.8104,-2.1355,-2.9967,-0.2596,0.1038,-0.1494
13.2592,-2.306062,-1.501280,1.455022,-1.911913,-1.661709,2.988086,-0.316870,0.059592,-0.039685,0.010347,0.009465,-0.002546,-0.6217,-2.2852,-3.0339,-0.2876,0.0677,-0.1542
13.2689,-2.309278,-1.500803,1.454614,-1.911853,-1.661769,2.988062,-0.310519,0.047237,-0.035740,0.007760,0.003751,-0.003243,-1.4556,-1.9658,-3.0728,-0.2474,0.1435,-0.1471
13.2790,-2.312399,-1.500361,1.454294,-1.911785,-1.661609,2.988015,-0.310990,0.040192,-0.035034,0.008297,0.007785,-0.003039,-1.3958,-2.1754,-2.9362,-0.2736,0.0449,-0.1758
13.2890,-2.315489,-1.500029,1.453982,-1.911694,-1.661598,2.988006,-0.308989,0.032630,-0.031287,0.008944,0.004240,-0.005158,-1.3837,-2.1594,-3.0180,-0.2780,0.0924,-0.1781
13.2990,-2.318545,-1.499730,1.453698,-1.911641,-1.661573,2.987902,-0.293507,0.024140,-0.029697,0.006678,0.006465,-0.007800,-0.5632,-2.2981,-2.9296,-0.2734,0.1492,-0.1706
13.3089,-2.321431,-1.499565,1.453371,-1.911629,-1.661636,2.987803,-0.310432,0.020370,-0.029423,0.004205,0.002138,-0.015600,-2.0319,-2.0735,-2.9715,-0.2461,0.0743,-0.1943
13.3190,-2.324450,-1.499386,1.453065,-1.911533,-1.661421,2.987642,-0.303805,0.012985,-0.027246,0.006884,0.009379,-0.018039,-1.2496,-2.0794,-2.8871,-0.2711,0.0412,-0.1903
13.3290,-2.327442,-1.499314,1.452804,-1.911509,-1.661505,2.987419,-0.306142,0.006734,-0.025353,0.005619,0.001885,-0.022652,-1.0628,-2.0229,-2.8938,-0.2479,0.1403,-0.2005
13.3390,-2.330400,-1.499274,1.452553,-1.911478,-1.661401,2.987159,-0.298292,0.002652,-0.023424,0.003394,0.005066,-0.030063,-1.4609,-1.9937,-2.7961,-0.2303,0.1004,-0.2163
13.3488,-2.333445,-1.499281,1.452365,-1.911418,-1.661393,2.986747,-0.342841,0.004001,-0.018421,0.004655,0.000960,-0.050887,-2.5492,-1.6963,-2.8344,-0.2435,0.0169,-0.2529
13.3590,-2.336899,-1.499290,1.452213,-1.911393,-1.661245,2.986115,-0.334591,-0.001278,-0.014474,0.006131,0.006746,-0.069068,-1.3717,-1.9506,-2.8187,-0.2582,0.0209,-0.2875
13.3691,-2.340292,-1.499324,1.452060,-1.911385,-1.661342,2.985303,-0.339415,-0.000609,-0.012351,0.001249,0.001158,-0.093257,-1.1941,-1.9983,-2.6168,-0.1813,0.1532,-0.2615
13.3790,-2.343697,-1.499285,1.451973,-1.911373,-1.661218,2.984258,-0.337698,0.000009,-0.006372,0.002424,0.004624,-0.110370,-2.2803,-1.9028,-2.4737,-0.2087,0.0322,-0.2560
13.3891,-2.347235,-1.499269,1.451979,-1.911274,-1.661193,2.983042,-0.368853,0.001326,-0.000020,0.005708,-0.000110,-0.130227,-2.5919,-1.7892,-2.4663,-0.2538,0.0290,-0.2702
13.3990,-2.350995,-1.499261,1.452007,-1.911245,-1.661218,2.981656,-0.358205,-0.000925,0.001472,0.004234,0.003496,-0.142698,-1.0022,-2.0400,-2.2044,-0.2584,0.1197,-0.2315
13.4089,-2.354560,-1.499245,1.452003,-1.911300,-1.661243,2.980151,-0.378249,0.002733,0.004211,0.000998,0.001073,-0.150021,-2.2423,-1.7730,-1.8569,-0.2228,0.0820,-0.1890
13.4190,-2.358285,-1.499221,1.452103,-1.911229,-1.661113,2.978657,-0.373496,0.001476,0.009506,0.003286,0.006013,-0.145132,-1.3539,-2.0763,-1.6654,-0.2527,0.0575,-0.2047
13.4289,-2.362035,-1.499237,1.452196,-1.911252,-1.661206,2.977216,-0.386088,0.000625,0.019171,0.001691,0.000499,-0.140255,-1.9483,-1.8300,-1.7062,-0.2485,0.0675,-0.2040
13.4391,-2.365835,-1.499261,1.452344,-1.911233,-1.661123,2.975879,-0.385252,-0.000670,0.016745,0.001395,0.005998,-0.129811,-1.3690,-1.8595,-1.4837,-0.2306,0.0599,-0.1829
13.4488,-2.369676,-1.499206,1.452569,-1.911202,-1.661169,2.974684,-0.397997,-0.000002,0.019859,0.000693,0.001182,-0.117969,-2.0089,-1.7128,-1.4396,-0.1930,0.0674,-0.1713
13.4590,-2.373721,-1.499209,1.452778,-1.911173,-1.661072,2.973590,-0.385323,0.001043,0.021360,0.002970,0.004012,-0.104154,-0.6604,-2.1130,-1.5254,-0.2291,0.1139,-0.1371
13.4689,-2.377548,-1.499158,1.452973,-1.911185,-1.661213,2.972700,-0.374995,-0.000001,0.021469,0.000948,0.000394,-0.083852,-1.5348,-1.9017,-1.3737,-0.2173,0.1214,-0.1572
13.4790,-2.381295,-1.499141,1.453174,-1.911161,-1.661085,2.971967,-0.386006,0.001608,0.024623,0.000943,0.003607,-0.069160,-2.0007,-1.9606,-1.3402,-0.2326,0.0217,-0.1566
13.4891,-2.385091,-1.499141,1.453485,-1.911153,-1.661105,2.971346,-0.417964,0.000879,0.030525,0.003175,0.000116,-0.057016,-2.6269,-2.0037,-1.3282,-0.2314,-0.0047,-0.1211
13.4990,-2.389299,-1.499177,1.453792,-1.911125,-1.661007,2.970857,-0.423338,-0.002558,0.034474,0.001554,-0.000005,-0.041507,-1.1645,-2.5988,-1.3170,-0.2380,0.0855,-0.1341
13.5090,-2.393536,-1.499225,1.454128,-1.911168,-1.661137,2.970516,-0.466870,-0.002339,0.039896,0.000878,-0.003367,-0.033889,-3.0100,-2.2150,-1.0849,-0.1961,0.0218,-0.1377
13.5190,-2.398174,-1.499300,1.454591,-1.911097,-1.660909,2.970208,-0.468488,-0.009874,0.045299,0.005052,0.005577,-0.027053,-1.9132,-2.4200,-1.2743,-0.2224,-0.0039,-0.1314
13.5289,-2.402960,-1.499387,1.455039,-1.911061,-1.661022,2.970021,-0.472591,-0.007578,0.051162,0.007708,0.000529,-0.021889,-1.4070,-2.7064,-1.1679,-0.2171,0.0918,-0.1598
13.5390,-2.407769,-1.499422,1.455570,-1.911017,-1.661001,2.969786,-0.461448,-0.007339,0.053087,0.006192,0.001868,-0.020326,-1.2498,-2.8157,-1.2410,-0.1803,0.0993,-0.1542
13.5490,-2.412396,-1.499456,1.456170,-1.910929,-1.661045,2.969598,-0.480402,-0.002162,0.058964,0.010027,0.000180,-0.018180,-2.7155,-2.4583,-1.2017,-0.1864,0.0101,-0.1619
13.5590,-2.417146,-1.499468,1.456756,-1.910802,-1.660989,2.969426,-0.452966,-0.004519,0.061843,0.010256,0.003339,-0.017219,-0.9087,-2.7224,-1.4664,-0.2424,0.0994,-0.1558
13.5690,-2.421528,-1.499449,1.457378,-1.910757,-1.661134,2.969227,-0.435641,-0.001922,0.060594,0.007151,-0.000197,-0.016139,-0.3680,-2.8353,-1.3360,-0.2121,0.1686,-0.1831
13.5790,-2.425608,-1.499464,1.457980,-1.910689,-1.661045,2.969105,-0.409837,-0.000000,0.057591,0.007533,0.003151,-0.015967,-1.1131,-2.7627,-1.4338,-0.2143,0.0971,-0.1838
13.5891,-2.429630,-1.499437,1.458548,-1.910554,-1.660993,2.968921,-0.406108,0.000610,0.054878,0.010041,0.000447,-0.015190,-1.6769,-2.5546,-1.2634,-0.2280,0.0495,-0.1606
13.5993,-2.433618,-1.499452,1.459093,-1.910498,-1.660998,2.968820,-0.370609,-0.003276,0.052869,0.007423,-0.000000,-0.013421,-0.4563,-2.9203,-1.4607,-0.2143,0.1546,-0.1759
13.6089,-2.437343,-1.499433,1.459596,-1.910434,-1.661085,2.968676,-0.372911,-0.000007,0.048763,0.005266,-0.000860,-0.012461,-1.5257,-2.6519,-1.2846,-0.1814,0.0896,-0.1621
13.6190,-2.440984,-1.499437,1.460076,-1.910357,-1.660918,2.968529,-0.350484,-0.001195,0.046236,0.007551,0.005266,-0.011527,-1.0138,-2.9753,-1.3644,-0.2214,0.1118,-0.1639
13.6291,-2.444472,-1.499468,1.460570,-1.910285,-1.660990,2.968418,-0.351504,-0.000294,0.047138,0.008796,0.001304,-0.009311,-1.7081,-2.9358,-1.4992,-0.2235,0.1363,-0.1501
13.6390,-2.447903,-1.499464,1.461010,-1.910213,-1.660854,2.968396,-0.343698,-0.003275,0.043457,0.005609,0.009082,-0.006957,-1.0421,-3.0375,-1.5130,-0.2337,0.1087,-0.1532
13.6489,-2.451200,-1.499500,1.461421,-1.910174,-1.660835,2.968343,-0.350893,-0.003076,0.039875,0.006618,0.005335,-0.006003,-1.9468,-2.8611,-1.4607,-0.2258,0.1447,-0.1526
13.6589,-2.454628,-1.499564,1.461798,-1.910109,-1.660646,2.968310,-0.339118,-0.005711,0.038653,0.007179,0.012987,-0.005221,-0.7056,-3.0724,-1.5559,-0.2369,0.1049,-0.1389
13.6689,-2.457938,-1.499632,1.462173,-1.910082,-1.660686,2.968225,-0.329611,-0.006430,0.033743,0.004063,0.005780,-0.004315,-1.3748,-2.9282,-1.4077,-0.1983,0.1816,-0.1431
13.6789,-2.461154,-1.499649,1.462465,-1.910021,-1.660514,2.968180,-0.332008,-0.004464,0.033799,0.005168,0.011803,-0.005982,-1.8316,-2.8436,-1.4145,-0.2056,0.0444,-0.1666
13.6889,-2.464508,-1.499701,1.462807,-1.910001,-1.660442,2.968128,-0.332063,-0.003980,0.034037,0.006053,0.005269,-0.007405,-1.3931,-2.8536,-1.2856,-0.1985,0.1041,-0.1734
13.6990,-2.467844,-1.499721,1.463151,-1.909957,-1.660390,2.968029,-0.317860,-0.005522,0.035646,0.005957,0.007248,-0.010461,-0.3839,-3.0758,-1.3838,-0.2272,0.1708,-0.1749
13.7090,-2.471029,-1.499791,1.463533,-1.909897,-1.660378,2.967905,-0.330955,-0.003195,0.038517,0.004090,0.003038,-0.013834,-2.1875,-2.6671,-1.2860,-0.1872,0.0983,-0.1479
13.7189,-2.474325,-1.499820,1.463894,-1.909806,-1.660199,2.967785,-0.323029,-0.006693,0.038031,0.006720,0.012007,-0.013201,-1.3220,-2.9321,-1.3134,-0.1876,0.0586,-0.1552
13.7293,-2.477519,-1.499860,1.464285,-1.909773,-1.660262,2.967672,-0.321694,-0.003638,0.038481,0.009344,0.003750,-0.011660,-1.2144,-2.9752,-1.3603,-0.1960,0.1639,-0.1815
13.7389,-2.480657,-1.499892,1.464711,-1.909666,-1.660181,2.967583,-0.303051,-0.004343,0.037700,0.008200,0.007835,-0.011604,-0.4622,-3.2039,-1.3992,-0.1706,0.1797,-0.1705
13.7489,-2.483513,-1.499966,1.465037,-1.909605,-1.660107,2.967463,-0.280019,-0.004599,0.035885,0.010335,0.006603,-0.011510,-1.1811,-3.0342,-1.3461,-0.1644,0.1668,-0.1721
13.7588,-2.486173,-1.499944,1.465418,-1.909458,-1.660042,2.967366,-0.248809,-0.005385,0.033696,0.011775,0.011645,-0.011855,-0.4612,-3.2823,-1.4703,-0.2051,0.1338,-0.1718
13.7690,-2.488467,-1.500003,1.465711,-1.909342,-1.660042,2.967212,-0.216261,-0.004028,0.030355,0.010125,0.003380,-0.010364,-0.1416,-3.2540,-1.4390,-0.1573,0.1960,-0.1558
13.7788,-2.490423,-1.500027,1.466002,-1.909262,-1.659943,2.967112,-0.192207,-0.001851,0.026670,0.009556,0.004972,-0.010384,-1.0441,-3.0713,-1.5048,-0.1784,0.1242,-0.1425
13.7889,-2.492379,-1.500005,1.466216,-1.909145,-1.659911,2.967035,-0.204026,-0.000924,0.023561,0.010962,0.001185,-0.008111,-0.9768,-2.9310,-1.5372,-0.1945,0.0828,-0.1359
13.7989,-2.494301,-1.500106,1.466431,-1.909027,-1.659899,2.966959,-0.183150,-0.004054,0.019816,0.010794,0.002173,-0.006636,-0.6991,-3.0172,-1.5034,-0.1893,0.1680,-0.1601
13.8089,-2.496170,-1.500065,1.466623,-1.908978,-1.659856,2.966891,-0.205380,-0.001913,0.016343,0.009536,0.001368,-0.005862,-2.1220,-2.7211,-1.5196,-0.1606,0.0990,-0.1506
13.8188,-2.498303,-1.500111,1.466801,-1.908846,-1.659723,2.966836,-0.215426,-0.003128,0.014289,0.012459,0.008346,-0.005737,-1.8776,-2.9084,-1.5247,-0.2045,0.0570,-0.1509
13.8290,-2.500691,-1.500120,1.466904,-1.908714,-1.659683,2.966807,-0.254626,-0.000715,0.012411,0.013645,0.002668,-0.004628,-2.3842,-2.8324,-1.4627,-0.2064,0.1003,-0.1488
13.8390,-2.503306,-1.500147,1.467012,-1.908578,-1.659563,2.966770,-0.271825,-0.004161,0.008920,0.013497,0.011166,-0.004324,-1.9563,-2.8187,-1.5625,-0.1964,0.0950,-0.1620
13.8490,-2.506079,-1.500145,1.467091,-1.908474,-1.659472,2.966738,-0.303363,-0.002780,0.005714,0.015274,0.009027,-0.003807,-2.6277,-2.7550,-1.5721,-0.2041,0.1334,-0.1690
13.8589,-2.509239,-1.500180,1.467154,-1.908262,-1.659223,2.966706,-0.314149,-0.003122,0.003749,0.016538,0.016980,-0.004037,-1.5033,-3.0645,-1.6123,-0.2223,0.0923,-0.1539
13.8688,-2.512406,-1.500258,1.467151,-1.908150,-1.659259,2.966694,-0.323840,-0.003615,0.001861,0.014225,0.011233,-0.003258,-2.1133,-2.9095,-1.5938,-0.1862,0.1765,-0.1624
13.8788,-2.515632,-1.500279,1.467159,-1.907971,-1.659007,2.966615,-0.341702,-0.003533,0.000857,0.015273,0.020678,-0.003042,-1.9939,-2.8846,-1.6079,-0.1902,0.0892,-0.1626
13.8888,-2.518985,-1.500334,1.467178,-1.907855,-1.658855,2.966622,-0.350991,-0.001091,0.000614,0.014053,0.017228,-0.002826,-1.7900,-2.8206,-1.6288,-0.1694,0.1639,-0.1635
13.8989,-2.522499,-1.500308,1.467156,-1.907742,-1.658581,2.966563,-0.342090,-0.002189,0.000413,0.014926,0.025978,-0.002897,-0.7038,-2.9606,-1.6465,-0.1795,0.1952,-0.1565
13.9089,-2.525975,-1.500335,1.467129,-1.907591,-1.658449,2.966589,-0.351192,-0.001189,0.000311,0.012110,0.021492,-0.002159,-1.9182,-2.6469,-1.5804,-0.1713,0.2202,-0.1540
13.9189,-2.529503,-1.500308,1.467174,-1.907435,-1.658026,2.966507,-0.335997,0.000000,0.000210,0.012578,0.036312,-0.002712,-0.9890,-2.9850,-1.5940,-0.1738,0.1461,-0.1529
13.9290,-2.532865,-1.500296,1.467152,-1.907330,-1.657853,2.966507,-0.323939,-0.000004,0.001089,0.011794,0.029778,-0.001867,-0.8024,-2.9847,-1.6292,-0.1802,0.2776,-0.1487
13.9389,-2.536012,-1.500292,1.467180,-1.907215,-1.657414,2.966489,-0.301041,-0.000000,0.000950,0.009899,0.037438,-0.001893,-0.4586,-3.0751,-1.6290,-0.1784,0.2135,-0.1518
13.9493,-2.538898,-1.500311,1.467164,-1.907150,-1.657043,2.966501,-0.292724,-0.001826,0.000728,0.009410,0.034433,-0.000722,-1.4339,-2.9633,-1.5822,-0.1607,0.2113,-0.1199
13.9592,-2.541689,-1.500323,1.467207,-1.907041,-1.656614,2.966474,-0.267824,-0.005933,0.001634,0.012317,0.041534,-0.000400,-0.4976,-3.2723,-1.6040,-0.1825,0.1512,-0.0782
13.9689,-2.544220,-1.500376,1.467231,-1.906922,-1.656362,2.966489,-0.251429,-0.007640,0.001093,0.012079,0.032328,0.000067,-0.3375,-3.2469,-1.5477,-0.1512,0.2634,0.0142
13.9790,-2.546527,-1.500470,1.467204,-1.906802,-1.655962,2.966498,-0.236099,-0.007821,0.001560,0.012611,0.033261,0.003255,-1.5454,-3.0830,-1.5598,-0.1509,0.1529,0.0531
13.9889,-2.548888,-1.500554,1.467258,-1.906646,-1.655571,2.966542,-0.258541,-0.007465,0.001843,0.015632,0.026293,0.006159,-1.6737,-3.1432,-1.5167,-0.1833,0.1382,0.0582
13.9989,-2.551422,-1.500681,1.467302,-1.906502,-1.655287,2.966587,-0.247430,-0.012317,0.002167,0.015445,0.028180,0.008836,-0.8580,-3.1104,-1.5340,-0.1907,0.1619,0.0659
14.0089,-2.553877,-1.500793,1.467291,-1.906398,-1.655107,2.966673,-0.267712,-0.011400,0.001737,0.014143,0.019680,0.008629,-1.9686,-2.9661,-1.4530,-0.1482,0.1515,0.0826
14.0191,-2.556618,-1.500913,1.467300,-1.906191,-1.654704,2.966738,-0.272154,-0.013189,0.001961,0.017031,0.025711,0.008826,-1.5416,-2.9788,-1.4681,-0.1734,0.0856,0.0975
14.0291,-2.559471,-1.501026,1.467346,-1.906031,-1.654571,2.966790,-0.292826,-0.011017,0.002839,0.017246,0.014633,0.008100,-2.0677,-2.8730,-1.5517,-0.1529,0.1273,0.0902
14.0389,-2.562474,-1.501168,1.467378,-1.905855,-1.654332,2.966839,-0.299376,-0.012012,0.002915,0.018766,0.015836,0.008019,-1.5951,-2.8167,-1.4480,-0.1470,0.1224,0.0796
14.0490,-2.565511,-1.501272,1.467372,-1.905671,-1.654303,2.966888,-0.319261,-0.009148,0.004645,0.020761,0.009792,0.008004,-2.2916,-2.6397,-1.3054,-0.1692,0.1302,0.1007
14.0590,-2.568752,-1.501371,1.467450,-1.905456,-1.654079,2.966986,-0.316360,-0.008647,0.007342,0.020534,0.013259,0.007111,-1.2852,-2.9016,-1.2929,-0.1574,0.1552,0.0911
14.0690,-2.571920,-1.501455,1.467555,-1.905291,-1.654119,2.967015,-0.320571,-0.008651,0.011750,0.018648,0.006216,0.005752,-1.8318,-2.6750,-1.3481,-0.1516,0.2089,0.1249
14.0790,-2.575101,-1.501523,1.467666,-1.905059,-1.653923,2.967063,-0.326311,-0.007151,0.013598,0.019492,0.008295,0.005864,-1.9556,-2.7006,-1.3201,-0.1680,0.1060,0.1251
14.0890,-2.578322,-1.501571,1.467806,-1.904871,-1.653908,2.967114,-0.334376,-0.005852,0.012823,0.023121,0.003882,0.006159,-1.5258,-2.9571,-1.3976,-0.1787,0.1408,0.1375
14.0989,-2.581622,-1.501643,1.467938,-1.904643,-1.653888,2.967123,-0.327184,-0.008317,0.014362,0.021119,0.004694,0.006280,-0.5053,-3.2009,-1.5048,-0.1760,0.2238,0.1101
14.1091,-2.584818,-1.501718,1.468098,-1.904451,-1.653832,2.967199,-0.342700,-0.007248,0.017671,0.020556,0.001319,0.006369,-2.1330,-2.8994,-1.3542,-0.1543,0.1225,0.1227
14.1190,-2.588277,-1.501795,1.468296,-1.904208,-1.653735,2.967235,-0.335058,-0.008955,0.020575,0.024719,0.010277,0.005731,-1.3276,-3.1731,-1.3300,-0.1767,0.0735,0.1145
14.1289,-2.591670,-1.501894,1.468520,-1.903983,-1.653767,2.967252,-0.336373,-0.010135,0.024577,0.023581,0.002042,0.005130,-1.0322,-3.0516,-1.2924,-0.1592,0.1790,0.1333
14.1389,-2.595002,-1.502005,1.468797,-1.903767,-1.653684,2.967306,-0.321223,-0.011994,0.028081,0.020697,0.005451,0.005130,-1.0419,-3.0634,-1.2388,-0.1653,0.1593,0.1218
14.1492,-2.598270,-1.502118,1.469059,-1.903572,-1.653684,2.967339,-0.338691,-0.011038,0.034631,0.017807,0.001773,0.004457,-1.9976,-2.8705,-1.1978,-0.1475,0.1093,0.1164
14.1591,-2.601613,-1.502214,1.469430,-1.903380,-1.653626,2.967406,-0.318658,-0.015154,0.040894,0.015474,0.009807,0.004972,-0.9148,-3.1856,-1.2686,-0.1852,0.1218,0.1117
14.1689,-2.604762,-1.502385,1.469884,-1.903244,-1.653648,2.967439,-0.310481,-0.016731,0.045114,0.011805,0.001932,0.004991,-0.5152,-3.1433,-1.2555,-0.1950,0.2121,0.1168
14.1788,-2.607674,-1.502544,1.470348,-1.903179,-1.653540,2.967440,-0.294653,-0.015885,0.048892,0.006082,0.004412,0.004143,-1.4652,-3.0563,-1.1295,-0.2001,0.1469,0.1415
14.1889,-2.610563,-1.502700,1.470852,-1.903147,-1.653504,2.967479,-0.304249,-0.016395,0.056844,0.002544,0.001573,0.003783,-1.6817,-3.0359,-1.2828,-0.1921,0.1117,0.1246
14.1989,-2.613508,-1.502907,1.471454,-1.903163,-1.653488,2.967526,-0.284638,-0.021265,0.060701,0.000864,0.004731,0.003283,-0.7273,-3.1487,-1.2800,-0.2222,0.1610,0.1422
14.2090,-2.616265,-1.503122,1.472065,-1.903151,-1.653563,2.967543,-0.289693,-0.018601,0.063571,0.000400,0.001229,0.003340,-1.6755,-2.8693,-1.1785,-0.2692,0.1435,0.1258
14.2190,-2.619136,-1.503334,1.472749,-1.903144,-1.653372,2.967583,-0.278416,-0.020138,0.066398,0.000174,0.007393,0.002941,-1.0397,-3.0445,-1.3995,-0.3193,0.0761,0.1275
14.2290,-2.621949,-1.503522,1.473454,-1.903175,-1.653432,2.967598,-0.282512,-0.017199,0.070988,-0.000183,0.000474,0.002657,-1.6235,-2.9043,-1.2797,-0.3196,0.0953,0.1325
14.2390,-2.624790,-1.503720,1.474127,-1.903144,-1.653376,2.967646,-0.274371,-0.016751,0.071285,-0.000553,0.000465,0.002065,-1.1995,-2.9251,-1.3551,-0.3453,0.1328,0.1395
14.2488,-2.627527,-1.503867,1.474831,-1.903171,-1.653362,2.967658,-0.283256,-0.012392,0.072688,-0.001152,0.000864,0.001423,-1.8260,-2.8992,-1.1581,-0.3293,0.0688,0.1261
14.2588,-2.630413,-1.503972,1.475601,-1.903159,-1.653340,2.967639,-0.274419,-0.013832,0.073260,-0.000561,0.000596,0.001436,-0.9053,-3.0724,-1.2231,-0.3602,0.1341,0.1308
14.2688,-2.633095,-1.504066,1.476350,-1.903202,-1.653408,2.967636,-0.267026,-0.011529,0.077157,-0.000946,0.000912,0.001317,-1.5560,-2.8664,-1.1954,-0.3626,0.1152,0.1345
14.2789,-2.635761,-1.504165,1.477111,-1.903167,-1.653359,2.967695,-0.274741,-0.009392,0.076220,-0.000827,0.003504,0.001099,-1.5059,-3.0079,-1.2146,-0.3868,0.0545,0.1376
14.2891,-2.638454,-1.504279,1.477921,-1.903179,-1.653340,2.967707,-0.276931,-0.007133,0.078365,-0.001376,0.000469,0.001413,-1.3535,-2.9864,-1.2634,-0.3742,0.0866,0.1093
14.2989,-2.641121,-1.504336,1.478693,-1.903199,-1.653364,2.967703,-0.267770,-0.007428,0.075635,-0.000753,0.000291,0.001148,-0.6385,-3.0671,-1.4031,-0.3970,0.1545,0.1313
14.3091,-2.643721,-1.504396,1.479414,-1.903191,-1.653353,2.967700,-0.284131,-0.004071,0.071824,-0.001444,-0.000335,0.000988,-1.9322,-2.7602,-1.1476,-0.3922,0.0899,0.1355
14.3189,-2.646490,-1.504419,1.480129,-1.903204,-1.653268,2.967681,-0.275835,-0.006492,0.066848,-0.000799,0.004234,0.000968,-1.2648,-2.9436,-1.2787,-0.4174,0.0612,0.1355
14.3289,-2.649247,-1.504437,1.480812,-1.903195,-1.653363,2.967723,-0.278238,-0.003009,0.062442,-0.001160,0.001032,0.000936,-1.0862,-2.9400,-1.3303,-0.4193,0.0895,0.1332
14.3391,-2.652033,-1.504464,1.481386,-1.903207,-1.653320,2.967739,-0.270391,-0.002114,0.057753,-0.000594,0.000648,0.000768,-1.0222,-3.0555,-1.6229,-0.4232,0.1068,0.1405
14.3490,-2.654795,-1.504473,1.481972,-1.903219,-1.653309,2.967762,-0.283915,-0.000929,0.053411,-0.000599,0.000244,0.002288,-1.9251,-2.7899,-1.3925,-0.4240,0.0586,0.1397
14.3589,-2.657651,-1.504469,1.482465,-1.903238,-1.653287,2.967784,-0.267397,-0.004522,0.048780,-0.000423,0.000249,0.004630,-0.9229,-2.8420,-1.4565,-0.4218,0.0999,0.1659
14.3690,-2.660342,-1.504484,1.482918,-1.903231,-1.653392,2.967832,-0.261298,-0.001428,0.044752,-0.000420,0.000615,0.006933,-0.7209,-3.0154,-1.4548,-0.4144,0.1389,0.1580
14.3790,-2.662854,-1.504505,1.483352,-1.903243,-1.653320,2.967885,-0.246227,-0.001268,0.040355,-0.000731,0.000595,0.007620,-1.3395,-3.0240,-1.5201,-0.4288,0.1185,0.1569
14.3888,-2.665289,-1.504527,1.483756,-1.903235,-1.653308,2.967999,-0.252614,-0.000635,0.037266,-0.000820,0.000453,0.008648,-1.6406,-2.8753,-1.4499,-0.4055,0.0649,0.1674
14.3990,-2.667812,-1.504532,1.484081,-1.903216,-1.653304,2.968048,-0.238364,-0.003036,0.033304,-0.000522,0.000375,0.009797,-0.7041,-3.1506,-1.6190,-0.4241,0.1450,0.1424
14.4089,-2.670100,-1.504548,1.484378,-1.903274,-1.653355,2.968159,-0.244952,-0.001447,0.027998,-0.000517,0.000389,0.008975,-1.5370,-2.9392,-1.4868,-0.4323,0.1173,0.1642
14.4190,-2.672448,-1.504572,1.484619,-1.903255,-1.653248,2.968237,-0.237557,-0.002324,0.024742,-0.000693,0.004372,0.008265,-1.1539,-2.9798,-1.5857,-0.4202,0.1146,0.1459
14.4289,-2.674799,-1.504599,1.484897,-1.903239,-1.653272,2.968308,-0.247091,-0.001695,0.021221,-0.000492,0.001592,0.007695,-1.7658,-2.8722,-1.4993,-0.4143,0.1470,0.1554
14.4391,-2.677238,-1.504604,1.485024,-1.903271,-1.653165,2.968372,-0.244561,-0.004224,0.017022,-0.000354,0.007737,0.007839,-1.3634,-2.8689,-1.5541,-0.4270,0.1599,0.1405
14.4489,-2.679668,-1.504644,1.485195,-1.903283,-1.653140,2.968494,-0.254229,-0.002614,0.014604,-0.000316,0.006058,0.007900,-1.5877,-2.8481,-1.5622,-0.4157,0.1326,0.1609
14.4590,-2.682216,-1.504667,1.485333,-1.903255,-1.652949,2.968516,-0.247028,-0.002514,0.012627,-0.000183,0.011670,0.006237,-0.9007,-3.1417,-1.5408,-0.4168,0.1262,0.1657
14.4689,-2.684726,-1.504688,1.485459,-1.903255,-1.652984,2.968589,-0.244483,-0.002510,0.009999,-0.000152,0.006151,0.006097,-1.4108,-2.9326,-1.5165,-0.4251,0.1682,0.1627
14.4790,-2.687211,-1.504707,1.485512,-1.903255,-1.652829,2.968652,-0.251082,-0.001908,0.007088,-0.000156,0.009498,0.005707,-1.8131,-2.8732,-1.5604,-0.4251,0.1031,0.1732
14.4889,-2.689726,-1.504708,1.485591,-1.903255,-1.652764,2.968700,-0.260709,-0.001249,0.004246,-0.000147,0.006229,0.005535,-1.5598,-2.9546,-1.6324,-0.4276,0.1009,0.1653
14.4990,-2.692388,-1.504720,1.485616,-1.903239,-1.652705,2.968764,-0.256119,-0.001792,0.002376,-0.000141,0.007553,0.005574,-0.8199,-3.1813,-1.5746,-0.4084,0.1674,0.1517
14.5089,-2.694965,-1.504760,1.485627,-1.903279,-1.652681,2.968800,-0.279035,-0.002043,0.001281,-0.000151,0.002775,0.004307,-2.1661,-2.7378,-1.6070,-0.4317,0.1517,0.1492
14.5190,-2.697747,-1.504787,1.485636,-1.903232,-1.652500,2.968817,-0.276345,-0.005229,0.000759,-0.000130,0.012034,0.002107,-1.3952,-2.8441,-1.6500,-0.4235,0.0789,0.1249
14.5291,-2.700482,-1.504851,1.485612,-1.903279,-1.652562,2.968832,-0.283370,-0.003527,0.000446,-0.000159,0.003826,0.000788,-1.2581,-2.9447,-1.5967,-0.4362,0.1652,0.1441
14.5389,-2.703270,-1.504871,1.485617,-1.903279,-1.652428,2.968817,-0.280751,-0.003412,0.000315,-0.000162,0.007250,0.000384,-1.5340,-2.9325,-1.6526,-0.4198,0.1197,0.0975
14.5490,-2.706086,-1.504922,1.485677,-1.903279,-1.652389,2.968798,-0.321664,-0.001601,0.000244,-0.000145,0.002113,0.000268,-2.3534,-2.6826,-1.6467,-0.4157,0.0785,0.0713
14.5592,-2.709266,-1.504927,1.485621,-1.903283,-1.652241,2.968829,-0.313156,-0.005087,0.000232,-0.000132,0.008898,0.000165,-1.2557,-2.9019,-1.6289,-0.4154,0.0499,0.0665
14.5689,-2.712436,-1.504974,1.485616,-1.903295,-1.652380,2.968836,-0.318014,-0.001227,0.000196,-0.000168,0.001948,0.000134,-0.8998,-2.8263,-1.6279,-0.4038,0.2008,0.0783
14.5789,-2.715596,-1.504955,1.485621,-1.903279,-1.652237,2.968832,-0.315857,-0.001237,0.000163,-0.000151,0.006309,0.000113,-2.2024,-2.6735,-1.4817,-0.4058,0.0595,0.0961
14.5889,-2.718929,-1.504939,1.485687,-1.903279,-1.652180,2.968817,-0.350977,0.000240,0.003460,-0.000133,0.001333,0.000063,-2.3387,-2.6013,-1.4424,-0.4037,0.0504,0.1313
14.5990,-2.722482,-1.504955,1.485705,-1.903232,-1.652196,2.968813,-0.338842,-0.002294,0.007890,-0.000099,0.005194,0.000064,-1.0812,-2.8211,-1.3485,-0.3986,0.1394,0.1563
14.6089,-2.725931,-1.504970,1.485819,-1.903288,-1.652225,2.968859,-0.363745,-0.000493,0.011155,-0.000106,0.001983,0.002873,-2.5509,-2.5453,-1.2912,-0.3856,0.0844,0.1505
14.6189,-2.729589,-1.504967,1.485967,-1.903309,-1.652048,2.968855,-0.372607,-0.002403,0.014360,-0.000089,0.007285,0.002557,-2.3874,-2.5908,-1.4011,-0.3940,0.0383,0.1594
14.6289,-2.733430,-1.504963,1.486138,-1.903275,-1.652120,2.968920,-0.413808,0.000338,0.016517,-0.000089,0.000682,0.003223,-2.4407,-2.5854,-1.3582,-0.3947,0.0608,0.1761
14.6390,-2.737571,-1.504967,1.486278,-1.903263,-1.652057,2.968936,-0.418382,-0.002480,0.017022,-0.000082,0.004856,0.003698,-1.6327,-2.7038,-1.4014,-0.3955,0.1022,0.1623
14.6488,-2.741705,-1.504963,1.486435,-1.903307,-1.652057,2.968961,-0.439122,-0.000752,0.015801,-0.000064,0.003625,0.003576,-2.3287,-2.5652,-1.3095,-0.3527,0.0835,0.1624
14.6589,-2.746144,-1.504994,1.486630,-1.903251,-1.651913,2.968963,-0.430156,0.000002,0.016545,0.000066,0.008093,0.002604,-0.8152,-2.9507,-1.3973,-0.2893,0.0974,0.1680
14.6689,-2.750488,-1.504971,1.486785,-1.903255,-1.652076,2.969006,-0.417733,-0.000308,0.017753,0.001762,0.001363,0.002905,-1.6531,-2.8067,-1.3159,-0.2210,0.1452,0.1738
14.6790,-2.754623,-1.504979,1.486994,-1.903207,-1.651953,2.969064,-0.379612,-0.000438,0.018278,0.004768,0.013228,0.002314,-0.6107,-3.0845,-1.4435,-0.2067,0.1080,0.1697
14.6890,-2.758250,-1.504967,1.487142,-1.903155,-1.652025,2.969084,-0.343324,0.000701,0.018205,0.005789,0.001795,0.003012,-0.0077,-3.1379,-1.3840,-0.1592,0.2198,0.1245
14.6991,-2.761379,-1.504970,1.487335,-1.903083,-1.651938,2.969093,-0.293711,0.000000,0.019156,0.007799,0.003239,0.003000,0.5783,-3.1793,-1.5040,-0.1724,0.2284,0.1751
14.7090,-2.764066,-1.504982,1.487514,-1.903027,-1.651938,2.969105,-0.275288,-0.000011,0.020224,0.007522,0.000825,0.002012,-1.2942,-2.6696,-1.4093,-0.1558,0.0738,0.1641
14.7190,-2.766658,-1.504986,1.487741,-1.902959,-1.651901,2.969141,-0.259156,-0.002996,0.020714,0.007677,0.000000,0.001720,-0.6229,-2.5412,-1.3112,-0.1805,0.0490,0.1528
14.7290,-2.769116,-1.504991,1.487953,-1.902919,-1.651977,2.969169,-0.254669,0.000003,0.024299,0.005055,-0.002244,0.002180,-0.9101,-2.6595,-1.2795,-0.1451,0.0084,0.1357
14.7390,-2.771535,-1.504987,1.488205,-1.902859,-1.651941,2.969162,-0.247551,0.000000,0.027166,0.003888,-0.000506,0.001403,-1.4882,-2.7107,-1.2869,-0.1883,-0.0609,0.1575
14.7490,-2.774131,-1.505010,1.488489,-1.902875,-1.651937,2.969162,-0.302889,0.003331,0.031978,0.001152,-0.008943,0.001363,-2.5387,-2.2258,-1.2166,-0.1774,-0.1297,0.1725
14.7591,-2.777187,-1.505006,1.488822,-1.902847,-1.651872,2.969174,-0.300013,-0.003213,0.035550,0.000624,-0.000783,0.001335,-1.5152,-2.5701,-1.3193,-0.2081,-0.0973,0.1695
14.7697,-2.780325,-1.504999,1.489228,-1.902819,-1.652045,2.969216,-0.316380,-0.000796,0.037554,0.000396,-0.008594,0.001589,-1.2053,-2.7418,-1.2358,-0.2422,0.0264,0.1583
14.7788,-2.783525,-1.505018,1.489588,-1.902851,-1.651930,2.969225,-0.315297,-0.000257,0.038760,0.000242,-0.000000,0.001136,-1.8163,-2.6590,-1.2197,-0.2829,-0.0366,0.1746
14.7889,-2.786771,-1.505015,1.490005,-1.902832,-1.651933,2.969241,-0.331132,-0.000000,0.043549,0.000116,-0.000606,0.000993,-2.3380,-2.2772,-1.1911,-0.2939,-0.1352,0.1663
14.7989,-2.790095,-1.505003,1.490449,-1.902847,-1.651966,2.969222,-0.318897,0.000000,0.044370,-0.001102,-0.001585,0.001129,-1.0860,-2.4365,-1.3088,-0.3246,-0.0741,0.1618
14.8089,-2.793248,-1.504998,1.490896,-1.902859,-1.652108,2.969265,-0.319297,0.004188,0.046882,-0.001173,-0.008602,0.000899,-1.1475,-2.1795,-1.3026,-0.3570,-0.0461,0.1596
14.8188,-2.796258,-1.504939,1.491352,-1.902887,-1.652029,2.969246,-0.298137,0.004385,0.045085,-0.001606,-0.002640,0.000838,-0.8855,-2.0724,-1.3301,-0.3793,-0.1161,0.1464
14.8290,-2.799142,-1.504895,1.491823,-1.902896,-1.652153,2.969261,-0.282297,0.010633,0.046156,-0.001475,-0.008549,0.000705,-1.4863,-1.8360,-1.3478,-0.3841,-0.0904,0.1616
14.8391,-2.801906,-1.504763,1.492221,-1.902903,-1.652170,2.969270,-0.263576,0.010853,0.042527,-0.002315,-0.004949,0.000856,-0.6021,-1.9554,-1.5151,-0.4282,-0.1108,0.1504
14.8489,-2.804469,-1.504633,1.492647,-1.902928,-1.652391,2.969266,-0.251902,0.014052,0.038371,-0.002951,-0.009081,0.000871,-0.6619,-1.8425,-1.3781,-0.4139,-0.0795,0.1528
14.8590,-2.806876,-1.504469,1.493000,-1.902928,-1.652305,2.969304,-0.224506,0.015047,0.034046,-0.002095,-0.004730,0.000716,-0.1055,-2.0944,-1.4547,-0.4311,-0.0962,0.1653
14.8689,-2.809013,-1.504336,1.493337,-1.902955,-1.652444,2.969300,-0.200141,0.016497,0.031509,-0.001962,-0.009416,0.000609,-0.6341,-1.8698,-1.5392,-0.4352,-0.0694,0.1601
14.8789,-2.810970,-1.504137,1.493639,-1.902980,-1.652477,2.969319,-0.182641,0.017077,0.026239,-0.003327,-0.005015,0.000668,-0.5369,-1.9630,-1.5991,-0.4547,-0.1070,0.1535
14.8888,-2.812698,-1.503994,1.493892,-1.902987,-1.652535,2.969282,-0.166462,0.017895,0.022916,-0.001613,-0.006248,0.000759,-0.6249,-1.9810,-1.4683,-0.4668,-0.1218,0.1486
14.8990,-2.814304,-1.503822,1.494097,-1.903034,-1.652537,2.969294,-0.147532,0.015790,0.019556,-0.001631,-0.005549,0.000669,-0.4098,-1.9476,-1.6323,-0.4635,-0.0842,0.1485
14.9089,-2.815707,-1.503694,1.494257,-1.903058,-1.652607,2.969340,-0.144287,0.017971,0.016274,-0.002128,-0.008253,0.000588,-1.1603,-1.7454,-1.5153,-0.4451,-0.1361,0.1461
14.9190,-2.817097,-1.503511,1.494389,-1.903067,-1.652592,2.969325,-0.134288,0.016647,0.012954,-0.001811,-0.003935,0.000465,-0.8356,-1.7983,-1.5468,-0.4675,-0.1455,0.1555
14.9290,-2.818411,-1.503387,1.494529,-1.903075,-1.652632,2.969305,-0.128305,0.017942,0.011302,-0.002019,-0.006374,0.000380,-0.9882,-1.6774,-1.5352,-0.4489,-0.1181,0.1550
14.9389,-2.819667,-1.503192,1.494641,-1.903091,-1.652696,2.969333,-0.119215,0.017900,0.008646,-0.000941,-0.005447,0.000374,-0.9329,-1.7389,-1.6109,-0.4671,-0.1365,0.1600
14.9489,-2.820844,-1.503016,1.494682,-1.903087,-1.652713,2.969346,-0.123774,0.020133,0.005949,-0.002634,-0.005676,0.000426,-1.2496,-1.6531,-1.5848,-0.4880,-0.1423,0.1606
14.9588,-2.822059,-1.502836,1.494706,-1.903131,-1.652713,2.969321,-0.115742,0.019344,0.003054,-0.005349,-0.002623,0.000484,-0.8927,-1.8155,-1.5889,-0.4946,-0.1587,0.1452
14.9689,-2.823171,-1.502622,1.494780,-1.903211,-1.652816,2.969298,-0.111760,0.019037,0.002272,-0.007786,-0.005496,0.000434,-0.8996,-1.7399,-1.6026,-0.4867,-0.1209,0.1590
14.9789,-2.824224,-1.502446,1.494764,-1.903263,-1.652812,2.969330,-0.105587,0.019523,0.001137,-0.008017,-0.002994,0.000368,-0.9532,-1.7289,-1.6762,-0.4973,-0.1540,0.1374
14.9889,-2.825269,-1.502263,1.494764,-1.903335,-1.652860,2.969349,-0.107112,0.022011,0.000012,-0.008553,-0.004208,0.000297,-1.1411,-1.5884,-1.8955,-0.5157,-0.1608,0.1552
14.9989,-2.826320,-1.502051,1.494730,-1.903428,-1.652912,2.969349,-0.099167,0.021409,-0.002615,-0.008919,-0.002902,0.000210,-0.8398,-1.6684,-2.2141,-0.5094,-0.1269,0.1476
15.0091,-2.827265,-1.501839,1.494694,-1.903531,-1.652963,2.969342,-0.097549,0.022929,-0.003986,-0.009773,-0.003589,0.000204,-0.9252,-1.5785,-2.3517,-0.5190,-0.0806,0.1482
15.0188,-2.828165,-1.501596,1.494684,-1.903646,-1.652932,2.969326,-0.092180,0.022357,-0.006134,-0.010484,-0.001137,0.000200,-0.5578,-1.7558,-2.4254,-0.5273,-0.0836,0.1460
15.0289,-2.829013,-1.501354,1.494556,-1.903742,-1.652924,2.969346,-0.084882,0.023667,-0.007589,-0.011535,-0.000561,0.000198,-1.0083,-1.5858,-2.4804,-0.5420,-0.0453,0.1551
15.0391,-2.829825,-1.501142,1.494514,-1.903871,-1.652932,2.969330,-0.077066,0.024200,-0.007448,-0.012842,-0.000001,0.000198,-0.6788,-1.7092,-2.6035,-0.5436,0.0193,0.1521
15.0489,-2.830576,-1.500890,1.494437,-1.903994,-1.652912,2.969326,-0.069173,0.026361,-0.007082,-0.014482,0.001793,0.000195,-0.7285,-1.6366,-2.5890,-0.5436,0.0518,0.1374
15.0589,-2.831217,-1.500639,1.494393,-1.904147,-1.652872,2.969339,-0.062198,0.025467,-0.007328,-0.016447,0.004396,0.000192,-0.4195,-1.7863,-2.6025,-0.5219,0.0796,0.1452
15.0689,-2.831749,-1.500376,1.494310,-1.904311,-1.652859,2.969335,-0.051303,0.027271,-0.005730,-0.016545,0.007132,0.000188,-0.7243,-1.6630,-2.6128,-0.5165,0.0689,0.1522
15.0790,-2.832237,-1.500081,1.494269,-1.904483,-1.652745,2.969339,-0.048235,0.036417,-0.004766,-0.013919,0.007296,0.000169,-0.6020,-1.4046,-2.5748,-0.5013,0.0718,0.1492
15.0888,-2.832673,-1.499750,1.494209,-1.904592,-1.652680,2.969373,-0.042040,0.044897,-0.006933,-0.014168,0.006357,0.000169,-0.7059,-1.1544,-2.6327,-0.5123,0.0832,0.1486
15.0988,-2.833041,-1.499286,1.494141,-1.904786,-1.652637,2.969366,-0.035652,0.050696,-0.010266,-0.016093,0.006810,0.000142,-0.5826,-1.2206,-2.7317,-0.5045,0.1015,0.1580
15.1089,-2.833345,-1.498661,1.493994,-1.904923,-1.652608,2.969388,-0.035306,0.089912,-0.008860,-0.009631,0.007172,0.000147,-0.8030,-0.4010,-2.6009,-0.4796,0.1143,0.1364
15.1189,-2.833630,-1.497767,1.493836,-1.905086,-1.652520,2.969373,-0.028196,0.107414,-0.015447,-0.012513,0.006912,0.000151,-0.6959,-0.3654,-2.6971,-0.4802,0.0769,0.1433
15.1289,-2.833879,-1.496637,1.493654,-1.905191,-1.652512,2.969346,-0.025842,0.139240,-0.020614,-0.009080,0.005460,0.000135,-0.7932,0.1834,-2.6476,-0.4674,0.0998,0.1345
15.1388,-2.834095,-1.495094,1.493387,-1.905346,-1.652468,2.969388,-0.020862,0.163796,-0.029307,-0.012904,0.005343,0.000122,-0.7595,0.1152,-2.6943,-0.4459,0.1057,0.1496
15.1489,-2.834287,-1.493236,1.493044,-1.905411,-1.652393,2.969376,-0.023104,0.229146,-0.030876,-0.004537,0.005747,0.000127,-0.9062,0.7500,-2.7105,-0.4333,0.1075,0.1423
15.1590,-2.834451,-1.490822,1.492626,-1.905573,-1.652365,2.969392,-0.014734,0.241693,-0.048862,-0.013883,0.003408,0.000117,-0.6339,-0.2163,-2.7865,-0.5110,0.1324,0.1505
15.1690,-2.834598,-1.488227,1.492107,-1.905643,-1.652336,2.969392,-0.012841,0.268940,-0.053125,-0.011648,0.004693,0.000104,-0.6528,-0.3731,-2.9727,-0.5379,0.1207,0.1437
15.1790,-2.834718,-1.485320,1.491552,-1.905846,-1.652278,2.969385,-0.010685,0.282494,-0.061705,-0.016453,0.003507,0.000093,-0.5649,-0.4848,-2.9384,-0.5053,0.1176,0.1628
15.1888,-2.834799,-1.482242,1.490924,-1.905906,-1.652209,2.969369,-0.010924,0.317102,-0.066525,-0.010932,0.002557,0.000437,-0.6455,-0.4276,-3.0359,-0.5228,0.0844,0.1956
15.1991,-2.834883,-1.479065,1.490201,-1.906074,-1.652269,2.969402,-0.003971,0.305499,-0.080131,-0.019063,0.000685,0.002775,-0.3254,-1.6267,-3.2393,-0.5838,0.0645,0.2051
15.2089,-2.834912,-1.475947,1.489346,-1.906225,-1.652257,2.969453,-0.004373,0.313211,-0.081314,-0.014083,0.000311,0.006330,-0.5754,-1.2963,-3.1622,-0.5717,0.0161,0.2003
15.2189,-2.834943,-1.472863,1.488545,-1.906414,-1.652261,2.969545,-0.001105,0.301839,-0.088021,-0.016741,-0.000185,0.007376,-0.2678,-2.1756,-3.2693,-0.5822,-0.0159,0.1815
15.2288,-2.834958,-1.469966,1.487666,-1.906519,-1.652304,2.969598,0.000006,0.294371,-0.090337,-0.012950,-0.001839,0.008321,-0.4518,-1.2494,-3.2744,-0.5768,-0.0338,0.1924
15.2389,-2.834970,-1.467114,1.486722,-1.906690,-1.652344,2.969701,0.000115,0.276410,-0.093585,-0.017106,-0.004377,0.008630,-0.2140,-1.8184,-3.1098,-0.5426,-0.0830,0.1818
15.2489,-2.834951,-1.464410,1.485821,-1.906834,-1.652317,2.969792,0.000002,0.274398,-0.088160,-0.010394,-0.003068,0.008638,-0.3204,-1.7096,-3.0222,-0.5320,-0.1174,0.1726
15.2588,-2.834966,-1.461785,1.484938,-1.906942,-1.652372,2.969872,-0.000341,0.252580,-0.091041,-0.011428,-0.006713,0.007864,-0.1420,-2.6836,-3.0402,-0.5607,-0.1011,0.1846
15.2690,-2.834951,-1.459333,1.484090,-1.907025,-1.652432,2.969894,0.000576,0.233282,-0.083995,-0.007516,-0.005414,0.008116,-0.3175,-1.7709,-3.0370,-0.5517,-0.1151,0.1695
15.2790,-2.834978,-1.456972,1.483281,-1.907129,-1.652433,2.969962,-0.000366,0.226629,-0.076032,-0.006176,-0.005675,0.007427,-0.2240,-2.0158,-2.9374,-0.5359,-0.1096,0.1672
15.2889,-2.834966,-1.454754,1.482586,-1.907123,-1.652497,2.970046,-0.000000,0.216263,-0.067850,-0.003333,-0.005416,0.006624,-0.3443,-2.0963,-2.9932,-0.5381,-0.1073,0.1834
15.2990,-2.834997,-1.452692,1.481910,-1.907182,-1.652537,2.970124,-0.000000,0.198051,-0.062999,-0.006438,-0.005782,0.006789,-0.1593,-2.6380,-3.0871,-0.5858,-0.1198,0.1686
15.3091,-2.834978,-1.450717,1.481345,-1.907226,-1.652600,2.970169,0.000000,0.206635,-0.051474,-0.002458,-0.004558,0.005809,-0.5001,-1.4194,-2.7380,-0.5096,-0.1400,0.1782
15.3189,-2.834982,-1.448753,1.480818,-1.907286,-1.652624,2.970226,0.000703,0.197207,-0.049119,-0.007634,-0.005536,0.006018,-0.3450,-1.8559,-2.6998,-0.5187,-0.1384,0.1539
15.3288,-2.834966,-1.446874,1.480358,-1.907298,-1.652668,2.970273,0.000001,0.191986,-0.040064,-0.003168,-0.004946,0.006166,-0.3352,-1.5028,-2.6951,-0.5537,-0.1311,0.1767
15.3390,-2.834985,-1.444975,1.479969,-1.907425,-1.652740,2.970313,0.000000,0.185652,-0.037572,-0.008574,-0.004814,0.005200,-0.3548,-1.4091,-2.4430,-0.4954,-0.1178,0.1925
15.3489,-2.834975,-1.443087,1.479629,-1.907442,-1.652756,2.970358,-0.000417,0.216499,-0.023429,-0.002883,-0.004391,0.003823,-0.6829,-0.6697,-2.3960,-0.4927,-0.1681,0.1801
15.3588,-2.834978,-1.440983,1.479436,-1.907514,-1.652836,2.970360,-0.000002,0.203990,-0.024653,-0.011871,-0.008712,0.004216,-0.3524,-1.4775,-2.6635,-0.5504,-0.1600,0.1794
15.3689,-2.834990,-1.438986,1.479229,-1.907598,-1.652931,2.970427,-0.000479,0.206579,-0.018823,-0.009609,-0.009325,0.004590,-0.3432,-1.4075,-2.7232,-0.5971,-0.1475,0.1767
15.3789,-2.835006,-1.436873,1.479041,-1.907785,-1.653039,2.970455,-0.000427,0.224318,-0.012266,-0.010817,-0.012518,0.003231,-0.7110,0.5908,-2.0838,-0.4418,-0.1524,0.1825
15.3889,-2.835030,-1.434432,1.478973,-1.907818,-1.653131,2.970467,-0.003347,0.301215,-0.001616,-0.002562,-0.013638,0.003695,-0.8612,0.5385,-2.0137,-0.4374,-0.1445,0.1579
15.3988,-2.835023,-1.431565,1.478869,-1.907946,-1.653249,2.970526,0.001067,0.295081,-0.008774,-0.013552,-0.016489,0.002239,-0.4406,-0.3414,-2.5553,-0.5327,-0.1555,0.1979
15.4090,-2.835035,-1.428505,1.478761,-1.908114,-1.653447,2.970577,-0.004423,0.340333,-0.007334,-0.009400,-0.016720,0.003144,-0.7189,1.1256,-2.2233,-0.4513,-0.1396,0.1767
15.4189,-2.835063,-1.424851,1.478665,-1.908301,-1.653599,2.970567,-0.001904,0.361172,-0.018551,-0.014617,-0.018891,0.002131,-0.5880,-0.5047,-2.6258,-0.4683,-0.1649,0.1766
15.4291,-2.835099,-1.420942,1.478513,-1.908262,-1.653830,2.970592,-0.009420,0.391002,-0.018995,-0.004385,-0.024369,0.003095,-0.7778,0.1771,-2.6847,-0.5447,-0.1702,0.1602
15.4390,-2.835218,-1.416776,1.478285,-1.908397,-1.654129,2.970661,-0.007246,0.394494,-0.030109,-0.016473,-0.027266,0.003142,-0.6236,-1.3757,-3.0566,-0.5537,-0.1635,0.1678
15.4491,-2.835254,-1.412690,1.478033,-1.908434,-1.654298,2.970654,-0.009706,0.407723,-0.029622,-0.005752,-0.027053,0.001712,-0.6681,-1.8141,-3.3467,-0.6242,-0.2073,0.1740
15.4589,-2.835363,-1.408682,1.477655,-1.908497,-1.654618,2.970686,-0.008438,0.387389,-0.038919,-0.008093,-0.034391,0.001954,-0.2856,-3.5328,-3.7827,-0.7306,-0.1988,0.1813
15.4690,-2.835414,-1.405022,1.477269,-1.908586,-1.654990,2.970682,-0.003476,0.357153,-0.047461,-0.010219,-0.034114,0.002394,-0.4547,-2.2373,-3.5112,-0.6798,-0.2229,0.1662
15.4789,-2.835462,-1.401610,1.476715,-1.908745,-1.655336,2.970696,-0.002636,0.344715,-0.053394,-0.012817,-0.036334,0.001516,-0.4639,-2.2475,-3.2596,-0.5787,-0.2237,0.1823
15.4890,-2.835455,-1.398305,1.476119,-1.908834,-1.655721,2.970712,-0.001241,0.325994,-0.061915,-0.005526,-0.037054,0.001687,-0.3415,-2.2359,-3.2424,-0.5931,-0.2274,0.1634
15.4988,-2.835502,-1.395181,1.475404,-1.908909,-1.656096,2.970739,-0.000375,0.296900,-0.073082,-0.005682,-0.037497,0.002253,-0.0626,-3.0440,-3.3650,-0.6016,-0.2176,0.1617
15.5090,-2.835471,-1.392257,1.474657,-1.908942,-1.656488,2.970758,-0.004552,0.301197,-0.077123,-0.001854,-0.035434,0.001340,-0.3264,-1.2507,-3.0470,-0.5023,-0.2067,0.1760
15.5190,-2.835483,-1.389193,1.473872,-1.908981,-1.656823,2.970778,-0.000000,0.288611,-0.089331,-0.000511,-0.032977,0.003766,-0.2853,-2.4670,-3.2796,-0.5514,-0.1947,0.1844
15.5292,-2.835498,-1.386318,1.472966,-1.908942,-1.657116,2.970823,-0.000000,0.281800,-0.091716,-0.000902,-0.029190,0.005079,-0.4756,-2.4077,-3.6659,-0.5546,-0.1986,0.1915
15.5390,-2.835519,-1.383561,1.471944,-1.908978,-1.657424,2.970871,-0.002156,0.269949,-0.103890,-0.001471,-0.027473,0.007432,-0.4956,-2.6136,-3.4905,-0.5909,-0.1577,0.1931
15.5495,-2.835534,-1.380898,1.470870,-1.908974,-1.657659,2.970940,-0.007352,0.288065,-0.112410,-0.001600,-0.021680,0.008745,-0.8056,-1.5213,-3.6510,-0.5341,-0.1951,0.1926
15.5590,-2.835603,-1.378203,1.469628,-1.909033,-1.657879,2.971039,-0.005469,0.267194,-0.133930,-0.002651,-0.021495,0.010211,-0.5281,-2.3389,-3.5135,-0.6164,-0.1950,0.1612
15.5693,-2.835651,-1.375676,1.468196,-1.909062,-1.658080,2.971120,-0.008368,0.258358,-0.141568,-0.002593,-0.018170,0.009911,-0.5879,-2.0469,-3.4636,-0.5837,-0.1614,0.1885
15.5790,-2.835731,-1.373132,1.466749,-1.909134,-1.658258,2.971235,-0.008532,0.258600,-0.145799,-0.003440,-0.015611,0.009961,-0.7315,-1.4260,-3.1227,-0.5250,-0.2043,0.1935
15.5891,-2.835810,-1.370578,1.465294,-1.909122,-1.658352,2.971340,-0.011104,0.274587,-0.153746,-0.000743,-0.014497,0.010957,-0.9019,-1.1656,-3.2945,-0.5103,-0.2246,0.2042
15.5990,-2.835918,-1.367879,1.463645,-1.909196,-1.658544,2.971463,-0.007571,0.259449,-0.165511,-0.003254,-0.017054,0.012436,-0.5141,-1.8607,-3.0112,-0.5875,-0.1920,0.2029
15.6091,-2.835999,-1.365306,1.462028,-1.909181,-1.658720,2.971580,-0.010370,0.270599,-0.160466,-0.001944,-0.016851,0.014168,-0.6544,-1.1621,-2.9340,-0.5064,-0.1755,0.1872
15.6189,-2.836086,-1.362520,1.460441,-1.909217,-1.658891,2.971727,-0.006250,0.269873,-0.159405,-0.004628,-0.015866,0.015047,-0.5309,-2.1856,-2.8625,-0.5407,-0.2081,0.1876
15.6291,-2.836158,-1.359803,1.458911,-1.909217,-1.659070,2.971887,-0.007341,0.265684,-0.152881,-0.004186,-0.017837,0.015975,-0.6008,-1.5339,-3.1902,-0.5775,-0.2132,0.2096
15.6390,-2.836214,-1.357123,1.457358,-1.909345,-1.659250,2.972040,-0.004481,0.258483,-0.150805,-0.011124,-0.017980,0.016042,-0.4608,-2.0116,-2.9926,-0.5438,-0.2013,0.2175
15.6489,-2.836242,-1.354579,1.455896,-1.909406,-1.659402,2.972192,-0.002995,0.263577,-0.141662,-0.007915,-0.017396,0.016010,-0.5088,-1.6555,-2.9013,-0.5254,-0.2129,0.1862
15.6591,-2.836238,-1.352011,1.454518,-1.909540,-1.659606,2.972364,-0.000032,0.249277,-0.135766,-0.011086,-0.020302,0.015790,-0.1756,-2.6539,-2.9967,-0.5771,-0.2058,0.1862
15.6688,-2.836238,-1.349576,1.453241,-1.909626,-1.659818,2.972539,0.001679,0.238946,-0.128691,-0.011645,-0.020462,0.014595,-0.1007,-1.6590,-2.9490,-0.5577,-0.2136,0.2055
15.6791,-2.836226,-1.347220,1.451960,-1.909773,-1.660069,2.972649,0.002018,0.240974,-0.115614,-0.010475,-0.023167,0.013833,-0.0287,-1.7594,-2.7986,-0.5047,-0.1931,0.1954
15.6891,-2.836191,-1.344955,1.450853,-1.909825,-1.660195,2.972812,0.001273,0.238845,-0.107024,-0.005656,-0.020469,0.012350,-0.0159,-1.7819,-2.9029,-0.5556,-0.2060,0.2106
15.6990,-2.836194,-1.342663,1.449830,-1.909938,-1.660497,2.972901,0.001112,0.224419,-0.100818,-0.010153,-0.023346,0.012238,0.1501,-2.4298,-2.8820,-0.5509,-0.1823,0.1983
15.7090,-2.836179,-1.340484,1.448899,-1.910021,-1.660671,2.973009,0.000405,0.234212,-0.086087,-0.004400,-0.020578,0.010652,-0.2554,-1.2797,-2.5598,-0.5353,-0.1751,0.1930
15.7189,-2.836151,-1.338200,1.448036,-1.910144,-1.660870,2.973109,-0.000000,0.224120,-0.080883,-0.009143,-0.017827,0.008101,-0.0509,-2.1113,-2.5873,-0.5243,-0.2056,0.1900
15.7289,-2.836179,-1.335989,1.447341,-1.910126,-1.661053,2.973186,-0.002225,0.220793,-0.064752,-0.003796,-0.016199,0.006628,-0.1312,-2.2224,-2.7578,-0.5608,-0.1888,0.1911
15.7390,-2.836179,-1.333816,1.446721,-1.910226,-1.661268,2.973257,-0.000992,0.209132,-0.056024,-0.007463,-0.015801,0.006392,-0.2794,-2.3400,-2.6096,-0.5477,-0.1867,0.1665
15.7493,-2.836191,-1.331691,1.446258,-1.910261,-1.661357,2.973325,-0.001405,0.220686,-0.038245,-0.001963,-0.012460,0.005493,-0.5783,-1.8168,-2.6331,-0.5195,-0.2116,0.1873
15.7590,-2.836214,-1.329556,1.445921,-1.910297,-1.661528,2.973330,-0.001501,0.201281,-0.036201,-0.008216,-0.012995,0.004675,-0.3678,-2.4461,-2.8455,-0.5501,-0.1885,0.1952
15.7689,-2.836226,-1.327556,1.445606,-1.910313,-1.661601,2.973394,-0.003130,0.191623,-0.027191,-0.003347,-0.010134,0.004153,-0.4160,-2.5237,-2.9028,-0.5975,-0.1900,0.1861
15.7789,-2.836266,-1.325673,1.445358,-1.910381,-1.661728,2.973442,-0.001604,0.182894,-0.021454,-0.006326,-0.009193,0.004378,-0.5350,-2.3592,-2.7779,-0.5579,-0.1836,0.1811
15.7890,-2.836290,-1.323810,1.445198,-1.910390,-1.661753,2.973490,-0.002400,0.184492,-0.013229,-0.001902,-0.005493,0.004481,-0.6049,-2.0534,-2.8141,-0.5810,-0.1994,0.1613
15.7989,-2.836307,-1.322074,1.445074,-1.910481,-1.661856,2.973529,-0.001690,0.164168,-0.013396,-0.007891,-0.005994,0.003403,-0.4758,-2.5023,-2.9397,-0.5820,-0.1870,0.1716
15.8090,-2.836341,-1.320433,1.444994,-1.910537,-1.661901,2.973581,-0.003645,0.169277,-0.005309,-0.002577,-0.004712,0.003707,-0.5539,-1.6718,-2.4779,-0.5455,-0.1835,0.1633
15.8190,-2.836331,-1.318779,1.444961,-1.910601,-1.661917,2.973601,-0.001843,0.165629,-0.003170,-0.004904,-0.003186,0.003028,-0.5137,-2.1436,-2.6481,-0.5517,-0.2067,0.1722
15.8289,-2.836374,-1.317161,1.444935,-1.910557,-1.661968,2.973619,-0.003135,0.175102,-0.000002,-0.001237,-0.004215,0.003331,-0.5217,-1.5640,-2.4129,-0.5598,-0.1867,0.1689
15.8391,-2.836367,-1.315422,1.444906,-1.910656,-1.661994,2.973662,-0.001644,0.173400,-0.002658,-0.005272,-0.004326,0.002944,-0.5225,-1.7433,-2.3033,-0.5358,-0.2005,0.1928
15.8494,-2.836383,-1.313670,1.444933,-1.910669,-1.662012,2.973698,-0.001166,0.192905,0.000130,-0.002231,-0.002683,0.002737,-0.7390,-1.2892,-2.1756,-0.4788,-0.2059,0.1842
15.8591,-2.836391,-1.311779,1.444899,-1.910654,-1.662072,2.973694,-0.001520,0.191446,0.000000,-0.000548,-0.004577,0.001812,-0.3980,-2.0436,-2.5665,-0.5812,-0.2034,0.1795
15.8689,-2.836407,-1.309876,1.444930,-1.910696,-1.662058,2.973718,-0.000852,0.197441,0.000732,-0.002169,-0.003125,0.002920,-0.6114,-1.4171,-2.4584,-0.5296,-0.2097,0.1663
15.8790,-2.836437,-1.307874,1.444903,-1.910717,-1.662117,2.973754,-0.000791,0.209762,-0.000676,-0.003442,-0.004006,0.002825,-0.6297,-1.6346,-2.3455,-0.5010,-0.2064,0.1552
15.8892,-2.836450,-1.305780,1.444926,-1.910732,-1.662149,2.973751,-0.001211,0.218765,-0.000111,-0.001009,-0.002512,0.001771,-0.5580,-1.7656,-2.3893,-0.5417,-0.2033,0.1902
15.8989,-2.836451,-1.303592,1.444921,-1.910769,-1.662208,2.973794,-0.001656,0.211289,-0.000667,-0.003370,-0.003976,0.002014,-0.3771,-2.3993,-2.8193,-0.5758,-0.2029,0.1756
15.9093,-2.836474,-1.301414,1.444906,-1.910758,-1.662201,2.973814,-0.000575,0.228565,0.001245,-0.000905,-0.002307,0.002917,-0.7384,-1.2543,-2.3353,-0.4810,-0.2112,0.1780
15.9188,-2.836467,-1.299130,1.444863,-1.910758,-1.662249,2.973833,-0.000850,0.221829,-0.003044,-0.000475,-0.005925,0.004315,-0.4850,-2.1489,-2.5577,-0.5873,-0.2189,0.2073
15.9289,-2.836509,-1.296846,1.444928,-1.910758,-1.662293,2.973905,-0.001546,0.222167,-0.000986,-0.001769,-0.007349,0.005356,-0.4799,-2.3918,-2.6727,-0.5559,-0.2209,0.2177
15.9390,-2.836506,-1.294612,1.444847,-1.910798,-1.662392,2.973947,-0.001081,0.213289,-0.000796,-0.000785,-0.009106,0.007616,-0.4646,-2.6391,-2.9276,-0.6058,-0.2181,0.2082
15.9491,-2.836518,-1.292458,1.444891,-1.910762,-1.662476,2.974015,-0.002287,0.226391,-0.000905,-0.001230,-0.009578,0.009044,-0.7016,-1.8803,-2.7282,-0.5102,-0.2194,0.2110
15.9589,-2.836546,-1.290253,1.444855,-1.910802,-1.662599,2.974130,-0.001438,0.208118,-0.009488,-0.000604,-0.011515,0.009969,-0.4025,-2.6484,-2.9547,-0.5753,-0.2251,0.1870
15.9693,-2.836539,-1.288241,1.444743,-1.910813,-1.662708,2.974211,-0.000773,0.199214,-0.010382,-0.001663,-0.010101,0.010087,-0.5139,-2.6686,-3.1117,-0.5881,-0.2190,0.1686
15.9789,-2.836544,-1.286291,1.444642,-1.910841,-1.662788,2.974322,-0.001478,0.189764,-0.015488,-0.000871,-0.008831,0.009691,-0.4830,-2.5495,-3.1267,-0.6156,-0.2162,0.1884
15.9891,-2.836574,-1.284467,1.444479,-1.910813,-1.662905,2.974406,-0.002686,0.189456,-0.016841,-0.000993,-0.007814,0.009703,-0.5766,-2.1591,-3.0453,-0.5738,-0.2275,0.1916
15.9992,-2.836614,-1.282679,1.444268,-1.910849,-1.663002,2.974503,-0.001554,0.170697,-0.021950,-0.000614,-0.009710,0.008503,-0.4305,-2.6983,-3.0326,-0.6171,-0.2076,0.1900
16.0091,-2.836610,-1.281036,1.444051,-1.910896,-1.663088,2.974571,-0.003008,0.180546,-0.019556,-0.001289,-0.007683,0.007956,-0.7784,-1.7959,-2.9695,-0.5107,-0.2024,0.1841
16.0190,-2.836607,-1.279301,1.443789,-1.910873,-1.663152,2.974643,-0.001823,0.174640,-0.027644,-0.000134,-0.006511,0.006877,-0.5481,-2.1034,-3.1056,-0.5369,-0.2235,0.1865
16.0289,-2.836638,-1.277543,1.443462,-1.910876,-1.663196,2.974719,-0.002459,0.191096,-0.036510,-0.000146,-0.006525,0.006367,-0.6016,-1.5373,-2.9463,-0.5029,-0.2161,0.1917
16.0390,-2.836646,-1.275711,1.443054,-1.910894,-1.663307,2.974748,-0.000381,0.189549,-0.048092,-0.000205,-0.007209,0.006421,-0.5836,-1.8997,-2.9217,-0.5384,-0.1962,0.1773
16.0490,-2.836665,-1.273772,1.442531,-1.910897,-1.663304,2.974836,-0.001135,0.205306,-0.052368,-0.000930,-0.004451,0.005661,-0.6733,-1.7689,-3.0831,-0.5044,-0.2050,0.1867
16.0589,-2.836689,-1.271659,1.441964,-1.910924,-1.663388,2.974872,-0.001384,0.205033,-0.062833,-0.000499,-0.005423,0.004951,-0.4419,-2.4993,-3.1633,-0.5349,-0.2017,0.1986
16.0689,-2.836685,-1.269506,1.441302,-1.910866,-1.663431,2.974916,-0.000587,0.205908,-0.068941,-0.000362,-0.003933,0.004410,-0.6452,-2.1441,-3.1505,-0.5474,-0.2160,0.1673
16.0790,-2.836679,-1.267387,1.440547,-1.910900,-1.663475,2.974983,-0.000026,0.192853,-0.077111,-0.000336,-0.005234,0.004704,-0.3245,-2.8191,-3.1329,-0.5750,-0.1977,0.1644
16.0891,-2.836697,-1.265437,1.439812,-1.910896,-1.663527,2.975020,0.000000,0.181489,-0.073865,-0.000315,-0.003767,0.004675,-0.3677,-3.1436,-3.3102,-0.5975,-0.1968,0.1819
16.0989,-2.836706,-1.263702,1.439097,-1.910873,-1.663551,2.975055,0.000000,0.160076,-0.072026,-0.000491,-0.004239,0.004083,-0.2911,-3.6864,-3.2946,-0.6158,-0.2032,0.1725
16.1090,-2.836703,-1.262194,1.438385,-1.910904,-1.663599,2.975072,0.000000,0.149802,-0.070777,-0.000445,-0.003119,0.003501,-0.4044,-2.6174,-3.0112,-0.5488,-0.1948,0.1730
16.1189,-2.836710,-1.260797,1.437694,-1.910909,-1.663616,2.975127,-0.000178,0.141886,-0.069413,-0.000329,-0.003652,0.003013,-0.1841,-2.9695,-3.1768,-0.5569,-0.2014,0.1847
16.1290,-2.836690,-1.259524,1.436947,-1.910913,-1.663627,2.975163,0.000917,0.132440,-0.068894,-0.000298,-0.002530,0.002984,-0.1067,-2.3529,-3.0214,-0.5280,-0.1974,0.1593
16.1389,-2.836682,-1.258286,1.436258,-1.910945,-1.663679,2.975175,0.002495,0.126347,-0.070833,-0.000226,-0.003210,0.002878,-0.0889,-1.8648,-2.8259,-0.5047,-0.1937,0.1932
16.1489,-2.836674,-1.256892,1.435524,-1.910930,-1.663684,2.975220,0.000904,0.161079,-0.070612,-0.000195,-0.002130,0.004923,-0.2238,-1.3778,-3.1682,-0.4281,-0.1796,0.1901
16.1589,-2.836631,-1.255317,1.434702,-1.910977,-1.663723,2.975234,0.003521,0.162366,-0.087196,-0.000150,-0.003061,0.007909,-0.0748,-2.0240,-3.1646,-0.4850,-0.1755,0.1833
16.1691,-2.836603,-1.253662,1.433821,-1.910936,-1.663716,2.975340,0.001518,0.173016,-0.093752,-0.000106,-0.002117,0.008365,0.0270,-1.8364,-3.2578,-0.5078,-0.1835,0.2127
16.1790,-2.836619,-1.251847,1.432865,-1.910933,-1.663763,2.975451,0.000805,0.193017,-0.096705,-0.000062,-0.001912,0.010860,-0.1159,-0.5417,-2.7418,-0.4117,-0.1864,0.2153
16.1891,-2.836626,-1.249751,1.431852,-1.910883,-1.663756,2.975584,0.000266,0.256249,-0.098948,0.001829,-0.000923,0.015855,-0.2078,-0.6718,-3.0867,-0.3193,-0.1774,0.2280
16.1989,-2.836586,-1.247317,1.430707,-1.910957,-1.663776,2.975736,0.005153,0.252229,-0.117809,-0.000921,-0.002666,0.018935,0.1110,-1.1858,-2.9633,-0.4106,-0.1831,0.1860
16.2089,-2.836539,-1.244730,1.429499,-1.910960,-1.663811,2.975956,0.003358,0.288040,-0.116738,-0.000418,-0.001610,0.022706,0.1147,-0.3499,-2.5441,-0.3811,-0.1767,0.2158
16.2189,-2.836518,-1.241718,1.428297,-1.911001,-1.663854,2.976201,0.006881,0.296604,-0.117704,-0.001415,-0.001500,0.028047,0.2877,-1.4286,-2.4324,-0.4453,-0.1884,0.2136
16.2290,-2.836439,-1.238566,1.427250,-1.910945,-1.663807,2.976492,0.006205,0.318251,-0.103500,-0.001263,-0.000939,0.034133,0.2254,-0.9103,-2.7031,-0.4485,-0.1831,0.1921
16.2389,-2.836383,-1.235250,1.426243,-1.910974,-1.663871,2.976864,0.007481,0.316404,-0.097807,-0.007661,-0.002371,0.037618,0.4154,-1.9902,-2.6405,-0.5306,-0.1593,0.2154
16.2491,-2.836338,-1.231943,1.425372,-1.911029,-1.663859,2.977252,0.006407,0.328619,-0.081412,-0.003952,-0.001176,0.040596,0.3546,-1.9355,-2.5897,-0.5529,-0.1771,0.2133
16.2590,-2.836278,-1.228685,1.424669,-1.911050,-1.663855,2.977657,0.007361,0.312482,-0.071370,-0.010680,-0.000670,0.040673,0.6509,-3.3515,-3.0814,-0.6260,-0.1669,0.1943
16.2690,-2.836211,-1.225635,1.424026,-1.911141,-1.663852,2.978069,0.006781,0.293402,-0.059129,-0.009475,-0.001582,0.042338,0.5783,-2.3761,-2.8973,-0.6275,-0.1684,0.1737
16.2790,-2.836139,-1.222773,1.423462,-1.911293,-1.663867,2.978489,0.006293,0.281925,-0.049792,-0.015064,-0.000625,0.040843,0.5627,-2.7729,-2.8549,-0.5794,-0.1801,0.1674
16.2889,-2.836079,-1.220091,1.423054,-1.911382,-1.663855,2.978908,0.005804,0.268071,-0.040082,-0.010795,-0.000903,0.038408,0.5268,-2.8992,-3.1005,-0.6128,-0.1696,0.1763
16.2990,-2.835997,-1.217637,1.422630,-1.911555,-1.663860,2.979251,0.006068,0.243004,-0.038841,-0.014846,-0.000582,0.038877,0.7057,-3.5492,-3.1634,-0.6135,-0.1961,0.1698
16.3089,-2.835990,-1.215353,1.422290,-1.911692,-1.663907,2.979635,0.004593,0.233089,-0.032611,-0.012118,-0.001046,0.038209,0.6009,-2.4074,-2.7595,-0.5312,-0.1793,0.2076
16.3190,-2.835935,-1.213081,1.421951,-1.911892,-1.663864,2.980017,0.005757,0.215066,-0.031883,-0.017857,-0.000605,0.036232,0.5870,-3.0281,-2.8266,-0.5381,-0.1774,0.1716
16.3291,-2.835918,-1.211024,1.421679,-1.911972,-1.663888,2.980384,0.003291,0.202827,-0.025136,-0.011061,-0.000426,0.034977,0.7177,-3.1928,-2.8961,-0.5814,-0.1898,0.1709
16.3389,-2.835878,-1.209076,1.421451,-1.912148,-1.663884,2.980720,0.003639,0.183690,-0.024263,-0.017828,-0.000983,0.032353,0.6636,-3.2861,-2.9512,-0.5566,-0.1644,0.1595
16.3488,-2.835827,-1.207269,1.421208,-1.912256,-1.663907,2.981017,0.003726,0.183995,-0.022520,-0.011796,-0.000662,0.031808,0.4685,-2.9507,-2.9503,-0.5483,-0.1808,0.1684
16.3590,-2.835806,-1.205511,1.420973,-1.912395,-1.663915,2.981330,0.005206,0.161834,-0.027585,-0.015779,-0.000457,0.031776,0.5577,-3.2716,-3.2296,-0.5662,-0.1880,0.1792
16.3691,-2.835770,-1.203955,1.420696,-1.912539,-1.663935,2.981634,0.003620,0.149615,-0.030371,-0.013367,-0.000685,0.031597,0.5939,-3.2770,-3.1507,-0.6028,-0.1894,0.1723
16.3790,-2.835738,-1.202486,1.420376,-1.912692,-1.663955,2.981943,0.003561,0.137212,-0.035245,-0.015891,-0.000562,0.028461,0.6855,-3.2061,-3.2572,-0.5657,-0.1815,0.1870
16.3890,-2.835671,-1.201150,1.419994,-1.912808,-1.663908,2.982219,0.006906,0.131066,-0.045200,-0.014166,-0.000447,0.028041,0.6992,-2.8393,-3.3523,-0.5896,-0.1770,0.1689
16.3991,-2.835599,-1.199867,1.419459,-1.912980,-1.663939,2.982492,0.009826,0.119106,-0.055997,-0.019831,-0.000446,0.027508,0.7397,-3.0295,-3.3336,-0.5646,-0.1705,0.1575
16.4088,-2.835507,-1.198761,1.418856,-1.913148,-1.663946,2.982768,0.012707,0.106825,-0.064370,-0.018690,-0.000499,0.025562,0.8371,-3.0865,-3.3676,-0.5799,-0.1853,0.1558
16.4189,-2.835375,-1.197756,1.418174,-1.913328,-1.663939,2.983027,0.014200,0.095540,-0.070636,-0.018302,-0.000441,0.023039,0.8636,-3.2472,-3.2329,-0.5899,-0.1693,0.1665
16.4289,-2.835215,-1.196871,1.417416,-1.913535,-1.663936,2.983197,0.014511,0.081979,-0.079153,-0.021588,-0.000296,0.020988,0.6521,-3.0246,-3.0987,-0.6216,-0.1713,0.1622
16.4389,-2.835099,-1.196077,1.416605,-1.913778,-1.663936,2.983408,0.012614,0.069729,-0.080300,-0.026305,-0.000267,0.019221,0.7866,-3.1306,-3.0407,-0.5891,-0.1649,0.1602
16.4490,-2.834960,-1.195416,1.415845,-1.914020,-1.663939,2.983566,0.012247,0.062462,-0.082965,-0.033414,-0.000214,0.016895,0.7436,-3.0857,-3.1041,-0.6364,-0.1862,0.1610
16.4588,-2.834855,-1.194842,1.414995,-1.914423,-1.663955,2.983726,0.012068,0.054994,-0.084038,-0.041280,-0.000208,0.013975,0.6975,-3.1849,-3.0187,-0.6201,-0.1734,0.1623
16.4690,-2.834720,-1.194398,1.414143,-1.914946,-1.663962,2.983846,0.011217,0.043728,-0.085969,-0.054915,-0.000179,0.011665,0.7121,-2.9104,-2.9051,-0.6279,-0.1757,0.1650
16.4791,-2.834615,-1.193955,1.413308,-1.915558,-1.663932,2.983969,0.010812,0.038932,-0.080559,-0.069891,-0.000176,0.010883,0.6785,-2.9720,-2.9929,-0.6571,-0.1842,0.1403
16.4891,-2.834519,-1.193644,1.412502,-1.916353,-1.663939,2.984090,0.009201,0.032641,-0.078008,-0.093742,-0.000125,0.012237,0.6549,-2.9394,-2.8606,-0.6604,-0.1912,0.1627
16.4988,-2.834439,-1.193301,1.411756,-1.917443,-1.663955,2.984206,0.008405,0.028531,-0.069387,-0.111235,-0.000118,0.013102,0.5874,-2.9874,-2.7535,-0.6132,-0.1937,0.1498
16.5088,-2.834367,-1.193035,1.411123,-1.918728,-1.663920,2.984377,0.008590,0.025064,-0.064766,-0.148823,-0.000126,0.013154,0.5951,-3.0257,-2.9513,-0.6802,-0.1832,0.1614
16.5190,-2.834280,-1.192803,1.410542,-1.920411,-1.663936,2.984462,0.008899,0.023595,-0.057724,-0.182232,-0.000210,0.014058,0.6653,-2.9383,-2.9009,-0.6554,-0.1833,0.1531
16.5291,-2.834207,-1.192599,1.409948,-1.922373,-1.663951,2.984606,0.010227,0.021632,-0.054525,-0.211577,-0.000267,0.014832,0.7601,-2.8299,-2.8011,-0.6693,-0.1999,0.1659
16.5391,-2.834084,-1.192393,1.409459,-1.924649,-1.663948,2.984766,0.010776,0.024560,-0.047128,-0.233153,-0.000285,0.014256,0.6386,-2.2951,-2.6864,-0.6850,-0.1582,0.1601
16.5492,-2.833991,-1.192083,1.408961,-1.927160,-1.663948,2.984895,0.009426,0.051581,-0.039347,-0.279037,-0.000295,0.014393,0.7520,-1.9433,-2.6543,-0.6763,-0.1699,0.1591
16.5590,-2.833884,-1.191625,1.408572,-1.930112,-1.663963,2.985035,0.011131,0.058819,-0.037560,-0.309749,-0.000267,0.015088,0.7074,-1.9999,-2.6599,-0.6211,-0.1752,0.1317
16.5690,-2.833775,-1.191054,1.408201,-1.933314,-1.663948,2.985167,0.011960,0.072988,-0.034041,-0.326397,-0.000250,0.012864,0.6796,-1.5311,-2.5104,-0.6027,-0.1720,0.1475
16.5789,-2.833647,-1.190195,1.407866,-1.936656,-1.663978,2.985291,0.012622,0.096199,-0.029893,-0.332960,-0.000238,0.012201,0.6608,-0.4344,-2.2504,-0.6039,-0.1644,0.1629
16.5890,-2.833496,-1.189024,1.407634,-1.940027,-1.663978,2.985439,0.013098,0.159617,-0.020064,-0.349842,-0.000179,0.012833,0.7020,-0.6096,-2.4413,-0.6566,-0.0854,0.1503
16.5987,-2.833343,-1.187443,1.407323,-1.943750,-1.663995,2.985536,0.016925,0.170697,-0.027366,-0.364719,-0.000001,0.013771,0.7129,-1.2007,-2.5762,-0.6066,-0.0467,0.1551
16.6095,-2.833160,-1.185623,1.407039,-1.947364,-1.663948,2.985703,0.018985,0.225887,-0.026320,-0.362332,0.003135,0.014298,0.8110,0.3685,-2.4509,-0.6305,0.0291,0.1909
16.6188,-2.832944,-1.183130,1.406671,-1.951159,-1.663931,2.985878,0.026488,0.260150,-0.041491,-0.371854,0.005063,0.013895,0.8593,-0.4957,-2.6189,-0.5621,0.0590,0.1448
16.6289,-2.832631,-1.180335,1.406244,-1.954747,-1.663843,2.985956,0.035337,0.325647,-0.051594,-0.368010,0.010190,0.011399,0.8954,0.1116,-2.7282,-0.6190,0.0516,0.1470
16.6391,-2.832285,-1.176890,1.405570,-1.958493,-1.663816,2.986084,0.043719,0.349742,-0.075124,-0.375840,0.007508,0.010163,0.9857,-0.7129,-2.8497,-0.5186,0.0960,0.1505
16.6491,-2.831802,-1.173085,1.404798,-1.962023,-1.663660,2.986156,0.052198,0.408394,-0.085661,-0.361448,0.010930,0.007207,1.0380,0.1264,-3.0553,-0.5607,0.0744,0.1530
16.6590,-2.831294,-1.168744,1.403784,-1.965653,-1.663652,2.986220,0.058417,0.422806,-0.111091,-0.365369,0.007456,0.008037,1.2124,-2.0983,-3.4010,-0.5626,0.1010,0.1552
16.6690,-2.830648,-1.164331,1.402642,-1.969048,-1.663516,2.986305,0.068828,0.440175,-0.128698,-0.336893,0.010000,0.009353,1.1769,-1.2098,-3.3028,-0.6712,0.0964,0.1792
16.6789,-2.830006,-1.159754,1.401280,-1.972384,-1.663480,2.986385,0.071168,0.461833,-0.142889,-0.333885,0.007522,0.009250,1.0774,-1.9247,-3.1847,-0.6115,0.1126,0.1734
16.6890,-2.829258,-1.155161,1.399823,-1.975579,-1.663360,2.986536,0.077161,0.471792,-0.153332,-0.324250,0.008918,0.009936,1.2199,-2.5551,-3.8327,-0.6970,0.0807,0.1671
16.6989,-2.828503,-1.150563,1.398220,-1.978896,-1.663374,2.986605,0.078322,0.453552,-0.168065,-0.321562,0.005448,0.009906,1.1763,-4.2146,-3.8063,-0.6785,0.0866,0.1767
16.7093,-2.827699,-1.146158,1.396384,-1.982065,-1.663280,2.986708,0.083075,0.453546,-0.182869,-0.314421,0.008664,0.009797,1.1762,-1.7920,-3.0919,-0.6286,0.1093,0.1682
16.7189,-2.826865,-1.141649,1.394485,-1.985295,-1.663220,2.986798,0.082125,0.429089,-0.193009,-0.319020,0.005913,0.009682,0.9816,-2.9336,-3.1661,-0.5522,0.0738,0.1569
16.7289,-2.826073,-1.137406,1.392631,-1.988222,-1.663121,2.986904,0.079963,0.406282,-0.190556,-0.301285,0.006680,0.008806,1.0681,-3.0383,-3.3024,-0.6421,0.0689,0.1490
16.7389,-2.825299,-1.133377,1.390765,-1.991207,-1.663127,2.986973,0.076837,0.381801,-0.189105,-0.296157,0.005135,0.008239,0.8185,-3.8878,-3.2875,-0.6065,0.0696,0.1472
16.7489,-2.824564,-1.129611,1.388940,-1.993983,-1.662994,2.987025,0.070624,0.373696,-0.187530,-0.294763,0.007163,0.007008,0.8898,-3.0587,-3.5982,-0.7611,0.0820,0.1524
16.7587,-2.823887,-1.126059,1.387070,-1.997056,-1.662985,2.987101,0.067818,0.337813,-0.191018,-0.305394,0.003559,0.006307,0.7583,-4.0240,-3.6079,-0.6659,0.1034,0.1562
16.7691,-2.823291,-1.122923,1.385164,-1.999932,-1.662947,2.987174,0.060330,0.306768,-0.186952,-0.286694,0.004057,0.005708,0.8123,-4.2304,-3.4199,-0.6771,0.0732,0.1452
16.7788,-2.822711,-1.120111,1.383325,-2.002856,-1.662889,2.987228,0.055825,0.272985,-0.182733,-0.284671,0.004410,0.004961,0.5302,-4.2419,-3.4754,-0.6650,0.0882,0.1613
16.7889,-2.822214,-1.117656,1.381495,-2.005577,-1.662872,2.987261,0.047967,0.238111,-0.183896,-0.278785,0.003457,0.004160,0.5176,-3.3770,-3.3684,-0.7541,0.0899,0.1664
16.7991,-2.821767,-1.115430,1.379626,-2.008492,-1.662857,2.987326,0.041235,0.208242,-0.177460,-0.276184,0.003198,0.004846,0.5012,-3.6719,-3.0412,-0.6054,0.0889,0.1491
16.8089,-2.821398,-1.113486,1.377872,-2.011220,-1.662817,2.987357,0.034552,0.185177,-0.172171,-0.272772,0.004499,0.004110,0.5062,-3.8608,-3.1504,-0.6249,0.1032,0.1689
16.8190,-2.821086,-1.111751,1.376242,-2.013951,-1.662781,2.987418,0.026736,0.158820,-0.162153,-0.270735,0.004014,0.005055,0.5291,-3.8246,-3.1920,-0.6386,0.0919,0.1748
16.8289,-2.820889,-1.110255,1.374633,-2.016610,-1.662764,2.987489,0.020969,0.136811,-0.159744,-0.277198,0.003322,0.008605,0.5532,-3.5289,-3.2721,-0.6959,0.0905,0.1858
16.8390,-2.820682,-1.108930,1.373112,-2.019341,-1.662752,2.987613,0.018824,0.118169,-0.155632,-0.273829,0.002904,0.010838,0.6119,-3.8338,-3.0558,-0.6188,0.1249,0.1639
16.8491,-2.820513,-1.107857,1.371616,-2.021965,-1.662731,2.987718,0.017896,0.095753,-0.147818,-0.268116,0.003491,0.012168,0.7169,-3.8597,-3.3865,-0.6795,0.1202,0.1721
16.8589,-2.820345,-1.106994,1.370172,-2.024635,-1.662685,2.987829,0.016193,0.080593,-0.140459,-0.262128,0.002277,0.011272,0.6669,-3.7273,-2.9744,-0.5416,0.1082,0.1513
16.8689,-2.820216,-1.106304,1.368800,-2.027147,-1.662680,2.987934,0.016037,0.060655,-0.131204,-0.249745,0.003149,0.010453,0.7953,-3.4983,-3.1694,-0.6067,0.1083,0.1580
16.8791,-2.820062,-1.105777,1.367513,-2.029548,-1.662656,2.988026,0.015212,0.047427,-0.121640,-0.236173,0.002237,0.011201,0.7376,-3.4840,-3.0262,-0.5656,0.1123,0.1571
16.8891,-2.819903,-1.105429,1.366359,-2.031806,-1.662637,2.988154,0.015613,0.035118,-0.115412,-0.224803,0.002367,0.010379,0.6862,-3.4164,-2.7654,-0.5700,0.1074,0.1696
16.8991,-2.819754,-1.105106,1.365263,-2.034061,-1.662625,2.988235,0.014521,0.026659,-0.103365,-0.210655,0.001792,0.010338,0.7353,-3.3656,-2.4850,-0.4831,0.1319,0.1588
16.9088,-2.819597,-1.104872,1.364292,-2.036057,-1.662620,2.988350,0.016128,0.015837,-0.093348,-0.206467,0.002429,0.010459,0.7646,-3.4466,-2.8283,-0.6336,0.1039,0.1779
16.9189,-2.819429,-1.104751,1.363433,-2.038094,-1.662608,2.988450,0.018820,0.011972,-0.079232,-0.202612,0.001396,0.009192,0.6844,-3.2837,-2.8130,-0.5558,0.1017,0.1637
16.9290,-2.819260,-1.104655,1.362645,-2.040115,-1.662569,2.988523,0.019358,0.004778,-0.073557,-0.198313,0.001347,0.007852,0.6951,-3.4414,-2.7584,-0.5857,0.1100,0.1481
16.9391,-2.819070,-1.104662,1.362002,-2.042091,-1.662579,2.988599,0.019448,0.001268,-0.063707,-0.192798,0.001166,0.006629,0.7153,-3.2179,-2.6882,-0.5546,0.1092,0.1670
16.9491,-2.818869,-1.104616,1.361383,-2.044042,-1.662607,2.988654,0.024159,0.008023,-0.057956,-0.201547,0.000862,0.008643,0.8205,-3.0000,-2.9027,-0.6489,0.1161,0.1607
16.9588,-2.818582,-1.104563,1.360811,-2.046111,-1.662529,2.988751,0.024553,0.015253,-0.053940,-0.199417,0.001230,0.010732,0.6482,-2.9231,-2.7056,-0.5503,0.0845,0.1724
16.9689,-2.818344,-1.104436,1.360291,-2.048083,-1.662564,2.988890,0.027044,0.017210,-0.051885,-0.196703,0.000588,0.011666,0.6429,-2.6280,-2.6316,-0.4833,0.1319,0.1702
16.9790,-2.818064,-1.104241,1.359783,-2.049987,-1.662564,2.988979,0.026465,0.032949,-0.048831,-0.194697,0.000616,0.011447,0.7477,-1.3962,-2.5723,-0.6095,0.1341,0.1764
16.9890,-2.817747,-1.103731,1.359253,-2.052026,-1.662536,2.989092,0.032998,0.085011,-0.052080,-0.228788,0.004792,0.012339,0.7831,-1.6137,-2.9513,-0.6439,0.1511,0.1937
16.9989,-2.817404,-1.102862,1.358598,-2.054530,-1.662532,2.989243,0.037790,0.100967,-0.068113,-0.259361,0.006296,0.013271,0.7310,-1.7121,-2.8150,-0.5947,0.1436,0.1691
17.0090,-2.817004,-1.101708,1.357855,-2.057187,-1.662429,2.989363,0.040179,0.142036,-0.077509,-0.277362,0.009204,0.013194,0.7359,-0.9138,-2.8237,-0.5987,0.1312,0.1794
17.0191,-2.816555,-1.100098,1.357016,-2.060089,-1.662332,2.989499,0.043401,0.168658,-0.090888,-0.292181,0.010456,0.013223,0.6160,-1.4001,-2.8698,-0.5773,0.1628,0.1712
17.0288,-2.816105,-1.098232,1.356045,-2.063024,-1.662197,2.989628,0.043334,0.211552,-0.101616,-0.295610,0.015598,0.011573,0.8130,-1.1620,-3.0288,-0.6383,0.1294,0.1778
17.0389,-2.815650,-1.095999,1.354951,-2.066075,-1.662089,2.989744,0.045314,0.234557,-0.113724,-0.298359,0.012693,0.011266,0.4634,-1.7256,-2.8951,-0.5323,0.1544,0.1779
17.0492,-2.815216,-1.093590,1.353764,-2.068923,-1.661937,2.989872,0.041736,0.271190,-0.120761,-0.281679,0.015991,0.010996,0.5068,-1.1467,-2.8094,-0.5422,0.1252,0.1718
17.0590,-2.814814,-1.090834,1.352454,-2.071764,-1.661805,2.989995,0.039346,0.282333,-0.131370,-0.275505,0.014270,0.009701,0.5335,-2.3011,-3.0856,-0.5364,0.1417,0.1845
17.0690,-2.814421,-1.087941,1.351080,-2.074339,-1.661606,2.990028,0.034840,0.296704,-0.134954,-0.242337,0.017015,0.007915,0.5831,-1.5399,-2.9328,-0.5768,0.1506,0.1793
17.0790,-2.814095,-1.084945,1.349690,-2.076792,-1.661478,2.990089,0.032066,0.312453,-0.137388,-0.225876,0.016298,0.006846,0.3722,-1.8112,-2.7307,-0.4884,0.1469,0.1665
17.0890,-2.813750,-1.081736,1.348335,-2.078852,-1.661243,2.990172,0.027819,0.323438,-0.132933,-0.208622,0.017880,0.005951,0.4403,-2.1366,-2.9666,-0.5405,0.1211,0.1777
17.0988,-2.813512,-1.078467,1.346947,-2.080908,-1.661099,2.990237,0.025285,0.315724,-0.133972,-0.192996,0.015852,0.005523,0.4633,-3.1820,-3.0470,-0.5547,0.1644,0.1579
17.1092,-2.813287,-1.075245,1.345634,-2.082684,-1.660934,2.990242,0.018908,0.323186,-0.130797,-0.186037,0.016455,0.004985,0.3715,-2.0136,-2.9097,-0.5684,0.1419,0.1742
17.1190,-2.813110,-1.071948,1.344366,-2.084525,-1.660774,2.990309,0.017115,0.310916,-0.130544,-0.188435,0.014994,0.004555,0.5193,-3.4287,-3.1424,-0.6351,0.1635,0.1774
17.1289,-2.812950,-1.068871,1.343123,-2.086307,-1.660576,2.990346,0.013256,0.299620,-0.126293,-0.183907,0.014026,0.004453,0.5682,-3.7375,-3.4546,-0.6611,0.1279,0.1631
17.1390,-2.812845,-1.065966,1.341876,-2.088180,-1.660518,2.990402,0.010563,0.281529,-0.123664,-0.184746,0.011675,0.003900,0.5837,-4.0724,-3.5016,-0.6698,0.1340,0.1563
17.1488,-2.812745,-1.063296,1.340637,-2.090006,-1.660402,2.990444,0.006646,0.274124,-0.121823,-0.192401,0.011647,0.003456,0.4024,-3.2486,-3.3630,-0.7210,0.1337,0.1767
17.1590,-2.812681,-1.060725,1.339387,-2.092077,-1.660248,2.990465,0.005588,0.245630,-0.127202,-0.210213,0.008458,0.003515,0.5141,-3.6179,-3.1375,-0.6448,0.1422,0.1661
17.1689,-2.812667,-1.058468,1.338159,-2.094137,-1.660207,2.990498,0.002628,0.229433,-0.119057,-0.204437,0.007312,0.003295,0.5114,-3.5579,-3.1854,-0.6058,0.1314,0.1607
17.1790,-2.812637,-1.056307,1.336952,-2.096214,-1.660171,2.990525,0.001548,0.210318,-0.115266,-0.206388,0.006350,0.002471,0.4598,-3.4207,-2.9874,-0.6223,0.1280,0.1717
17.1893,-2.812628,-1.054301,1.335876,-2.098291,-1.660134,2.990573,0.000832,0.199622,-0.108474,-0.219361,0.006864,0.002615,0.3305,-3.0045,-3.2292,-0.6779,0.1401,0.1662
17.1991,-2.812624,-1.052333,1.334773,-2.100604,-1.660058,2.990601,0.000528,0.182217,-0.108739,-0.231917,0.005565,0.002035,0.5306,-3.5723,-2.9303,-0.5903,0.1291,0.1649
17.2092,-2.812624,-1.050547,1.333727,-2.102845,-1.659987,2.990601,0.000708,0.176962,-0.098840,-0.229132,0.005721,0.002548,0.3873,-3.1609,-2.7963,-0.6488,0.1466,0.1499
17.2190,-2.812612,-1.048751,1.332778,-2.105270,-1.659955,2.990640,0.000418,0.164869,-0.090888,-0.236639,0.005049,0.002367,0.4512,-3.7057,-2.8329,-0.6078,0.1449,0.1609
17.2290,-2.812616,-1.047181,1.331935,-2.107649,-1.659883,2.990657,0.000898,0.159543,-0.080104,-0.237681,0.005242,0.001516,0.3395,-3.2376,-2.8101,-0.6211,0.1217,0.1667
17.2389,-2.812604,-1.045647,1.331187,-2.110031,-1.659882,2.990657,0.000410,0.146290,-0.071694,-0.236246,0.003878,0.001981,0.4363,-3.3404,-2.8752,-0.5757,0.1412,0.1666
17.2492,-2.812604,-1.044249,1.330507,-2.112272,-1.659852,2.990650,0.000623,0.144491,-0.062029,-0.228358,0.004226,0.001654,0.4192,-2.9452,-2.8479,-0.5869,0.1291,0.1637
17.2591,-2.812591,-1.042777,1.329885,-2.114578,-1.659790,2.990709,0.000418,0.134600,-0.057762,-0.228134,0.003660,0.001403,0.5002,-3.3117,-2.7808,-0.5584,0.1304,0.1642
17.2691,-2.812583,-1.041529,1.329365,-2.116712,-1.659755,2.990690,0.001495,0.131704,-0.051977,-0.215305,0.004381,0.000930,0.4535,-2.8595,-2.6550,-0.5788,0.1340,0.1718
17.2791,-2.812599,-1.040188,1.328876,-2.118819,-1.659741,2.990733,0.000775,0.127405,-0.047864,-0.210332,0.003099,0.001144,0.4874,-3.0968,-2.7186,-0.5935,0.1235,0.1694
17.2891,-2.812564,-1.038938,1.328452,-2.120853,-1.659683,2.990748,0.001369,0.125321,-0.043075,-0.208682,0.003163,0.000972,0.5084,-3.2734,-2.8771,-0.6008,0.1208,0.1695
17.2991,-2.812571,-1.037676,1.328013,-2.122973,-1.659667,2.990707,0.000733,0.117937,-0.041345,-0.204227,0.002371,0.001075,0.6307,-3.6321,-2.8847,-0.5647,0.1222,0.1506
17.3091,-2.812544,-1.036545,1.327645,-2.124931,-1.659643,2.990764,0.002543,0.110921,-0.040199,-0.207599,0.003870,0.000964,0.6673,-3.3290,-2.8502,-0.6654,0.1456,0.1490
17.3192,-2.812523,-1.035507,1.327257,-2.127056,-1.659595,2.990746,0.005332,0.097710,-0.036293,-0.216136,0.004366,0.000834,0.6986,-3.6512,-2.9452,-0.5979,0.1366,0.1639
17.3289,-2.812428,-1.034592,1.326910,-2.129202,-1.659548,2.990762,0.007620,0.090302,-0.033010,-0.211275,0.005876,0.000766,0.8243,-3.8863,-2.9025,-0.6676,0.1647,0.1468
17.3391,-2.812363,-1.033792,1.326614,-2.131347,-1.659470,2.990781,0.010637,0.076166,-0.029282,-0.215182,0.009012,0.000648,0.7599,-3.9254,-2.8861,-0.6359,0.1449,0.1493
17.3491,-2.812230,-1.033141,1.326342,-2.133489,-1.659383,2.990749,0.014467,0.059807,-0.026445,-0.231657,0.010344,0.000489,0.7291,-3.6490,-3.0372,-0.7096,0.1591,0.1499
17.3589,-2.812082,-1.032602,1.326083,-2.135971,-1.659268,2.990774,0.015228,0.050749,-0.021753,-0.236486,0.010383,0.000320,0.7162,-3.6935,-2.8892,-0.6371,0.1408,0.1485
17.3689,-2.811941,-1.032174,1.325933,-2.138312,-1.659172,2.990777,0.013739,0.038540,-0.018180,-0.239077,0.010645,0.000375,0.7290,-3.6591,-2.8258,-0.6015,0.1513,0.1725
17.3790,-2.811777,-1.031840,1.325750,-2.140679,-1.659052,2.990793,0.013538,0.030008,-0.014187,-0.236972,0.009816,0.000446,0.5542,-3.5740,-2.7802,-0.6777,0.1557,0.1608
17.3894,-2.811637,-1.031619,1.325646,-2.143039,-1.658948,2.990793,0.013734,0.021620,-0.009573,-0.244457,0.011841,0.000529,0.6183,-3.4951,-2.7014,-0.6919,0.1713,0.1531
17.3991,-2.811507,-1.031447,1.325570,-2.145579,-1.658855,2.990793,0.012627,0.015280,-0.002060,-0.247986,0.013067,0.000510,0.6147,-3.4047,-2.4450,-0.5863,0.1530,0.1624
17.4091,-2.811371,-1.031331,1.325578,-2.147924,-1.658653,2.990805,0.014856,0.012047,0.001857,-0.250071,0.015470,0.000513,0.6191,-3.2889,-2.0361,-0.6016,0.1609,0.1403
17.4191,-2.811238,-1.031255,1.325626,-2.150414,-1.658544,2.990755,0.014070,0.008559,0.006300,-0.246144,0.016841,0.000348,0.6699,-3.2384,-1.7789,-0.6092,0.1659,0.1006
17.4291,-2.811078,-1.031175,1.325714,-2.152911,-1.658325,2.990774,0.018733,0.011663,0.009555,-0.245989,0.021646,0.000187,0.7200,-3.2483,-1.6900,-0.6641,0.1741,0.0477
17.4392,-2.810870,-1.031048,1.325817,-2.155345,-1.658145,2.990777,0.024069,0.012253,0.010341,-0.248664,0.023056,-0.002177,0.8012,-3.2279,-1.6817,-0.5789,0.1909,0.0076
17.4491,-2.810648,-1.030955,1.325878,-2.157778,-1.657886,2.990738,0.036716,0.012336,0.007641,-0.245139,0.026443,-0.003072,1.4500,-3.2920,-1.7589,-0.6550,0.2130,-0.0512
17.4590,-2.810243,-1.030776,1.325926,-2.160297,-1.657634,2.990674,0.041845,0.013694,0.003970,-0.241615,0.026474,-0.006268,1.1580,-3.2893,-1.7628,-0.6024,0.1754,-0.0442
17.4690,-2.809730,-1.030648,1.325953,-2.162684,-1.657337,2.990626,0.066192,0.014683,0.000727,-0.237989,0.029782,-0.007794,1.3806,-3.3891,-1.9300,-0.6086,0.1786,-0.0721
17.4790,-2.809063,-1.030477,1.325929,-2.165043,-1.657098,2.990566,0.076820,0.014954,-0.001737,-0.240046,0.025826,-0.008690,1.6609,-3.3975,-2.1991,-0.6186,0.2015,-0.0820
17.4890,-2.808228,-1.030329,1.325906,-2.167431,-1.656854,2.990510,0.097057,0.015652,-0.002872,-0.245865,0.025507,-0.008811,1.8737,-3.3084,-2.4959,-0.6754,0.2031,-0.0708
17.4990,-2.807161,-1.030154,1.325838,-2.170024,-1.656646,2.990425,0.103838,0.017248,-0.005339,-0.251215,0.021158,-0.009279,1.5172,-3.2895,-2.5176,-0.5539,0.1715,-0.0875
17.5092,-2.805981,-1.030025,1.325782,-2.172522,-1.656363,2.990384,0.134593,0.024592,-0.006425,-0.264871,0.023701,-0.009320,2.1384,-3.0230,-2.5333,-0.6861,0.1816,-0.1010
17.5189,-2.804591,-1.029739,1.325722,-2.175237,-1.656212,2.990254,0.137429,0.031648,-0.007117,-0.281981,0.014419,-0.010411,1.4049,-2.9303,-2.5431,-0.6410,0.1931,-0.1061
17.5290,-2.803149,-1.029448,1.325654,-2.178060,-1.656058,2.990189,0.153156,0.038228,-0.006148,-0.290138,0.016297,-0.012927,1.3069,-2.7322,-2.5931,-0.6199,0.1629,-0.1089
17.5390,-2.801627,-1.029059,1.325578,-2.180973,-1.655923,2.990129,0.149347,0.049185,-0.006747,-0.295060,0.012410,-0.013429,1.0286,-2.4144,-2.4922,-0.5911,0.1552,-0.1218
17.5493,-2.800109,-1.028454,1.325530,-2.183947,-1.655777,2.990057,0.153293,0.086868,-0.003648,-0.308144,0.013946,-0.015028,1.6361,-1.7784,-2.4271,-0.6692,0.1606,-0.1170
17.5589,-2.798551,-1.027616,1.325415,-2.187254,-1.655662,2.989953,0.146921,0.099944,-0.009921,-0.327494,0.008084,-0.016669,0.7723,-2.2568,-2.5853,-0.5632,0.1443,-0.1377
17.5690,-2.797128,-1.026547,1.325287,-2.190495,-1.655512,2.989801,0.141808,0.123178,-0.012209,-0.322613,0.010344,-0.016917,0.5739,-1.9054,-2.5373,-0.5350,0.1008,-0.1694
17.5790,-2.795754,-1.025246,1.325158,-2.193749,-1.655431,2.989609,0.130065,0.142634,-0.015527,-0.319096,0.005127,-0.016933,0.1028,-1.0790,-2.2906,-0.4866,0.0953,-0.1525
17.5889,-2.794542,-1.023613,1.325002,-2.196841,-1.655399,2.989457,0.115079,0.205115,-0.012330,-0.306519,0.005603,-0.016228,0.5892,-1.2289,-2.3777,-0.5868,0.1162,-0.1355
17.5993,-2.793476,-1.021510,1.324755,-2.200051,-1.655390,2.989336,0.100726,0.210410,-0.026486,-0.306684,0.003163,-0.015952,0.2511,-1.8916,-2.6992,-0.5304,0.1145,-0.1641
17.6090,-2.792512,-1.019251,1.324499,-2.202955,-1.655296,2.989157,0.085235,0.252884,-0.028903,-0.289363,0.005560,-0.015318,0.1175,-0.7506,-2.5231,-0.5463,0.1088,-0.1699
17.6188,-2.791727,-1.016494,1.324116,-2.205888,-1.655251,2.989012,0.075517,0.271186,-0.042337,-0.289540,0.004473,-0.014970,-0.0584,-1.8956,-2.8468,-0.5700,0.1106,-0.2023
17.6291,-2.791089,-1.013500,1.323720,-2.208623,-1.655226,2.988892,0.056963,0.309434,-0.051332,-0.276642,0.004266,-0.016046,0.1766,-1.4294,-2.9246,-0.6356,0.0906,-0.1747
17.6389,-2.790539,-1.010293,1.323035,-2.211413,-1.655212,2.988708,0.051336,0.315134,-0.071670,-0.284377,0.002882,-0.016614,0.0388,-2.4354,-2.9737,-0.5546,0.1205,-0.1631
17.6488,-2.790104,-1.006995,1.322291,-2.214046,-1.655150,2.988529,0.040383,0.335197,-0.081045,-0.266156,0.004127,-0.017849,0.2455,-2.7515,-3.3480,-0.6568,0.0733,-0.1666
17.6591,-2.789759,-1.003592,1.321417,-2.216660,-1.655186,2.988375,0.033776,0.326875,-0.095987,-0.263618,0.000772,-0.016979,0.3409,-4.0037,-3.7603,-0.6811,0.0327,-0.1693
17.6692,-2.789513,-1.000385,1.320394,-2.219130,-1.655174,2.988206,0.029051,0.314661,-0.111431,-0.239000,0.000259,-0.016974,0.4358,-3.1608,-3.5358,-0.7230,-0.0276,-0.1820
17.6791,-2.789280,-0.997328,1.319207,-2.221577,-1.655237,2.988011,0.023372,0.290528,-0.121085,-0.237422,-0.004186,-0.017778,0.5572,-3.9199,-3.4794,-0.6511,-0.0362,-0.1901
17.6890,-2.789064,-0.994532,1.318016,-2.223733,-1.655249,2.987875,0.020351,0.269795,-0.127177,-0.222081,-0.003147,-0.017035,0.6406,-4.5906,-3.4371,-0.7186,-0.0969,-0.1709
17.6991,-2.788895,-0.992008,1.316752,-2.225939,-1.655321,2.987738,0.017383,0.235978,-0.123410,-0.208137,-0.006619,-0.015648,0.7555,-4.9462,-3.4159,-0.6228,-0.0760,-0.1921
17.7089,-2.788734,-0.989866,1.315490,-2.227904,-1.655378,2.987547,0.016869,0.198270,-0.125406,-0.203989,-0.006637,-0.013992,0.6126,-4.2562,-3.3720,-0.6670,-0.0938,-0.1716
17.7190,-2.788637,-0.987999,1.314247,-2.229940,-1.655431,2.987415,0.012337,0.168313,-0.122471,-0.201616,-0.009132,-0.012775,0.8218,-4.5240,-3.1631,-0.6491,-0.1168,-0.1740
17.7291,-2.788506,-0.986410,1.313088,-2.231871,-1.655558,2.987321,0.011066,0.139106,-0.114412,-0.195159,-0.010091,-0.011603,0.8943,-4.5831,-3.2135,-0.6540,-0.1192,-0.1751
17.7390,-2.788409,-0.985154,1.311953,-2.233839,-1.655633,2.987197,0.009744,0.115381,-0.109279,-0.188098,-0.010857,-0.010684,0.7524,-4.8006,-3.0059,-0.5923,-0.1283,-0.1759
17.7490,-2.788304,-0.984151,1.310938,-2.235586,-1.655753,2.987098,0.010394,0.085914,-0.103330,-0.175215,-0.010923,-0.009004,0.7461,-4.3226,-3.0213,-0.6564,-0.1383,-0.1669
17.7589,-2.788211,-0.983380,1.309943,-2.237310,-1.655856,2.987025,0.009204,0.067678,-0.091758,-0.163954,-0.011622,-0.007207,0.5788,-4.3860,-2.9705,-0.5525,-0.1597,-0.1629
17.7690,-2.788111,-0.982832,1.309075,-2.238832,-1.655921,2.986989,0.008266,0.047281,-0.080905,-0.141670,-0.012075,-0.005889,0.5321,-4.1192,-2.8950,-0.5416,-0.1601,-0.1668
17.7790,-2.788063,-0.982440,1.308300,-2.240106,-1.656038,2.986902,0.007601,0.031254,-0.070960,-0.129795,-0.012144,-0.005072,0.6379,-3.9468,-2.6325,-0.6339,-0.1628,-0.1664
17.7888,-2.787934,-0.982272,1.307711,-2.241482,-1.656145,2.986864,0.011709,0.019943,-0.056032,-0.148397,-0.012107,-0.005132,0.6031,-3.8513,-2.7267,-0.6314,-0.1788,-0.1744
17.7991,-2.787826,-0.982116,1.307199,-2.243003,-1.656273,2.986832,0.013082,0.012274,-0.042695,-0.160735,-0.013018,-0.004754,0.5606,-3.7131,-2.6016,-0.6355,-0.1589,-0.1881
17.8091,-2.787678,-0.982059,1.306870,-2.244640,-1.656399,2.986761,0.014436,0.004326,-0.030462,-0.174785,-0.011767,-0.005182,0.4690,-3.7920,-2.5958,-0.6058,-0.1674,-0.1945
17.8191,-2.787530,-0.982016,1.306623,-2.246447,-1.656481,2.986717,0.013549,0.000009,-0.020188,-0.180961,-0.012307,-0.006168,0.5373,-3.8502,-2.6395,-0.6033,-0.1622,-0.2057
17.8290,-2.787417,-0.982059,1.306470,-2.248326,-1.656636,2.986622,0.014304,-0.002701,-0.010283,-0.195786,-0.011281,-0.009635,0.5463,-3.9608,-2.7471,-0.6488,-0.1542,-0.1953
17.8391,-2.787296,-0.982083,1.306395,-2.250336,-1.656697,2.986549,0.012898,-0.003790,-0.002872,-0.196452,-0.010529,-0.011417,0.5695,-4.1903,-2.3892,-0.6190,-0.1547,-0.2293
17.8492,-2.787179,-0.982140,1.306379,-2.252286,-1.656824,2.986389,0.012298,-0.004593,-0.000000,-0.194741,-0.011022,-0.014214,0.5425,-4.1600,-2.0192,-0.5648,-0.1753,-0.2043
17.8590,-2.787043,-0.982148,1.306446,-2.254180,-1.656956,2.986260,0.011627,-0.003086,0.003077,-0.184656,-0.011793,-0.014699,0.5101,-4.1598,-1.8122,-0.5497,-0.1621,-0.2063
17.8690,-2.786947,-0.982176,1.306474,-2.256020,-1.657033,2.986078,0.010380,-0.000982,0.003438,-0.173468,-0.012586,-0.017327,0.5612,-4.1901,-1.7185,-0.5504,-0.1673,-0.1988
17.8791,-2.786823,-0.982148,1.306491,-2.257620,-1.657168,2.985908,0.007992,-0.000294,0.004153,-0.157409,-0.014155,-0.020488,0.4717,-4.1700,-1.6951,-0.5683,-0.1922,-0.2042
17.8891,-2.786782,-0.982128,1.306523,-2.259170,-1.657324,2.985676,0.004689,0.000376,0.003220,-0.146205,-0.015353,-0.026382,0.2123,-4.0568,-1.7070,-0.5415,-0.1737,-0.2142
17.8989,-2.786770,-0.982100,1.306593,-2.260541,-1.657460,2.985428,0.000889,0.001362,0.002449,-0.127880,-0.014669,-0.030335,0.1641,-3.9658,-1.7338,-0.5661,-0.1739,-0.2289
17.9092,-2.786782,-0.982088,1.306575,-2.261747,-1.657600,2.985044,-0.000410,0.001662,0.001183,-0.119956,-0.014550,-0.036379,0.0286,-4.0418,-1.7437,-0.5630,-0.1652,-0.2101
17.9190,-2.786794,-0.982073,1.306590,-2.262900,-1.657740,2.984667,-0.000822,0.000885,0.000603,-0.104829,-0.014747,-0.039301,-0.0490,-3.9761,-1.8406,-0.5563,-0.1692,-0.1990
17.9292,-2.786794,-0.982107,1.306581,-2.263903,-1.657879,2.984224,-0.000780,0.000463,0.000322,-0.094201,-0.013038,-0.041293,-0.0365,-3.8768,-1.8134,-0.5688,-0.1848,-0.2134
17.9389,-2.786809,-0.982092,1.306563,-2.264751,-1.658031,2.983816,-0.000507,0.000306,0.000190,-0.082947,-0.013362,-0.040795,0.0530,-3.8015,-1.8945,-0.5154,-0.1754,-0.1938
17.9490,-2.786802,-0.982119,1.306559,-2.265533,-1.658160,2.983430,-0.000330,0.000228,-0.000091,-0.072496,-0.012244,-0.041268,0.1450,-3.7947,-2.0213,-0.4913,-0.1806,-0.2056
17.9589,-2.786790,-0.982088,1.306563,-2.266154,-1.658256,2.982994,-0.000018,0.000218,-0.000112,-0.056342,-0.011483,-0.041782,0.2794,-3.8331,-2.0782,-0.5299,-0.1825,-0.1923
17.9690,-2.786805,-0.982057,1.306605,-2.266611,-1.658360,2.982561,0.001092,0.000242,-0.000124,-0.045986,-0.010746,-0.042488,0.4095,-3.8851,-2.1338,-0.5285,-0.1820,-0.1979
17.9790,-2.786813,-0.982095,1.306575,-2.267041,-1.658475,2.982137,0.001024,0.000159,-0.000105,-0.037190,-0.008873,-0.041534,0.4754,-3.9138,-2.1636,-0.5445,-0.1810,-0.1597
17.9890,-2.786774,-0.982092,1.306578,-2.267361,-1.658544,2.981729,0.002058,0.000162,-0.000115,-0.028771,-0.007273,-0.040114,0.4463,-3.8981,-2.1763,-0.5621,-0.1833,-0.1740
17.9989,-2.786722,-0.982076,1.306551,-2.267597,-1.658615,2.981352,0.002668,0.000117,-0.000102,-0.022025,-0.006710,-0.036807,0.5000,-3.8322,-2.1182,-0.5704,-0.1798,-0.1615
18.0089,-2.786721,-0.982104,1.306569,-2.267798,-1.658664,2.981000,0.002643,0.000104,-0.000092,-0.016935,-0.005900,-0.034015,0.3795,-3.9292,-2.1496,-0.5707,-0.1948,-0.1649
18.0190,-2.786728,-0.982088,1.306581,-2.267941,-1.658708,2.980663,0.000843,0.000093,-0.000125,-0.013191,-0.005502,-0.030400,0.4191,-3.9472,-2.0797,-0.5606,-0.1960,-0.1428
18.0288,-2.786709,-0.982080,1.306578,-2.267998,-1.658775,2.980364,0.000006,0.000084,-0.000110,-0.007293,-0.005403,-0.026255,0.1744,-3.9105,-2.0812,-0.5305,-0.1893,-0.1557
18.0390,-2.786725,-0.982064,1.306588,-2.268057,-1.658820,2.980173,0.000000,0.000077,-0.000098,-0.002575,-0.005476,-0.023864,0.0011,-3.8997,-2.1764,-0.5452,-0.1959,-0.1597
18.0490,-2.786721,-0.982107,1.306593,-2.268086,-1.658890,2.979881,-0.001515,0.000071,-0.000139,-0.001512,-0.004154,-0.020904,-0.1922,-3.9344,-2.4356,-0.5441,-0.2043,-0.1826
18.0591,-2.786737,-0.982048,1.306569,-2.268097,-1.658900,2.979698,-0.002436,0.000079,-0.001799,-0.001234,-0.003936,-0.019904,-0.2743,-3.9294,-2.4698,-0.5609,-0.1932,-0.1930
18.0690,-2.786801,-0.982080,1.306515,-2.268106,-1.658912,2.979486,-0.004245,0.000086,-0.004906,-0.001427,-0.004216,-0.020700,-0.3252,-3.9182,-2.6179,-0.5633,-0.2175,-0.1986
18.0793,-2.786809,-0.982083,1.306467,-2.268106,-1.658968,2.979242,-0.002779,0.000092,-0.007083,-0.002096,-0.004207,-0.019929,-0.2739,-3.9601,-2.8277,-0.5625,-0.1845,-0.1974
18.0891,-2.786810,-0.982068,1.306383,-2.268126,-1.659011,2.979081,-0.002407,0.000086,-0.012509,-0.002026,-0.004137,-0.020792,-0.2347,-3.9253,-2.9103,-0.5703,-0.1964,-0.1894
18.0991,-2.786842,-0.982064,1.306246,-2.268138,-1.659035,2.978896,-0.000804,0.000071,-0.015223,-0.001763,-0.003357,-0.019960,-0.1143,-3.8370,-2.8412,-0.5896,-0.1889,-0.1970
18.1088,-2.786826,-0.982095,1.306055,-2.268174,-1.659087,2.978692,-0.000001,0.000092,-0.018000,-0.002876,-0.003705,-0.018657,-0.2069,-3.8997,-2.9318,-0.5643,-0.2093,-0.1793
18.1190,-2.786845,-0.982064,1.305875,-2.268193,-1.659104,2.978511,-0.000000,0.000098,-0.021358,-0.001965,-0.005445,-0.015933,-0.1140,-3.8258,-2.8869,-0.5535,-0.2103,-0.1690
18.1287,-2.786826,-0.982056,1.305656,-2.268222,-1.659191,2.978364,-0.000000,0.000339,-0.024642,-0.002510,-0.007316,-0.012262,-0.1519,-3.8328,-2.8998,-0.5682,-0.2093,-0.1743
18.1390,-2.786838,-0.982056,1.305423,-2.268231,-1.659278,2.978270,-0.000000,0.000344,-0.025728,-0.001736,-0.009626,-0.007245,-0.2779,-3.8168,-2.9561,-0.5597,-0.2072,-0.1102
18.1490,-2.786842,-0.982040,1.305113,-2.268249,-1.659352,2.978294,-0.000000,0.000341,-0.032670,-0.000926,-0.013546,-0.000204,-0.3221,-3.9777,-3.0523,-0.5330,-0.2410,-0.0233
18.1590,-2.786854,-0.982056,1.304785,-2.268218,-1.659537,2.978307,-0.001126,0.000558,-0.036018,-0.000354,-0.014153,0.006820,-0.3137,-3.7808,-3.0127,-0.4323,-0.1960,0.0717
18.1690,-2.786850,-0.982051,1.304433,-2.268238,-1.659643,2.978395,-0.000909,0.001238,-0.041107,0.002316,-0.014615,0.016675,-0.4267,-3.8054,-2.9957,-0.3769,-0.2122,0.0483
18.1791,-2.786862,-0.982035,1.304001,-2.268174,-1.659821,2.978559,-0.001333,0.000854,-0.043927,0.006029,-0.015989,0.015830,-0.2757,-3.7426,-2.9547,-0.3079,-0.2230,0.0797
18.1889,-2.786913,-0.981973,1.303610,-2.268154,-1.659955,2.978631,-0.000599,0.001656,-0.046185,0.007560,-0.019585,0.018857,-0.2764,-3.8713,-3.0202,-0.2779,-0.2193,0.0928
18.1989,-2.786897,-0.981992,1.303089,-2.268042,-1.660213,2.978862,0.000045,0.000690,-0.047111,0.009424,-0.022901,0.024126,-0.2046,-3.7138,-2.8794,-0.2255,-0.2045,0.1236
18.2090,-2.786866,-0.981980,1.302594,-2.267977,-1.660493,2.979008,0.000666,0.000700,-0.047398,0.009606,-0.027079,0.026532,0.0277,-3.8950,-2.8403,-0.2429,-0.2096,0.1457
18.2189,-2.786870,-0.982016,1.302127,-2.267847,-1.660784,2.979286,0.001023,0.000000,-0.045221,0.011085,-0.028092,0.029529,0.0595,-3.9856,-2.6673,-0.2343,-0.1982,0.1638
18.2289,-2.786854,-0.982035,1.301695,-2.267754,-1.661103,2.979536,0.001674,-0.001896,-0.041600,0.009198,-0.027559,0.032472,0.2339,-4.2291,-2.7394,-0.2237,-0.2057,0.1406
18.2390,-2.786842,-0.982047,1.301288,-2.267698,-1.661348,2.979864,0.001207,-0.001584,-0.035381,0.009401,-0.027002,0.033725,0.2966,-4.3127,-2.8090,-0.2335,-0.2046,0.1669
18.2489,-2.786814,-0.982076,1.300979,-2.267598,-1.661589,2.980192,0.002449,-0.005187,-0.032503,0.007485,-0.025052,0.034830,0.3346,-4.5630,-2.7051,-0.2146,-0.2106,0.1771
18.2590,-2.786794,-0.982116,1.300672,-2.267511,-1.661884,2.980501,0.002766,-0.005918,-0.027235,0.007375,-0.027002,0.034503,0.3577,-4.5245,-2.7328,-0.2218,-0.1855,0.1805
18.2693,-2.786794,-0.982176,1.300447,-2.267498,-1.662103,2.980844,0.001894,-0.007289,-0.024203,0.005990,-0.022805,0.034940,0.4994,-4.6266,-2.8467,-0.2384,-0.2325,0.1615
18.2788,-2.786757,-0.982270,1.300172,-2.267415,-1.662315,2.981186,0.001920,-0.005977,-0.020519,0.008099,-0.018856,0.033991,0.4904,-4.5424,-2.7024,-0.2442,-0.2259,0.1643
18.2889,-2.786717,-0.982284,1.300000,-2.267382,-1.662531,2.981495,0.002806,-0.005207,-0.017342,0.005452,-0.018352,0.031802,0.4138,-4.4891,-2.6841,-0.2019,-0.1923,0.1770
18.2988,-2.786716,-0.982339,1.299860,-2.267366,-1.662665,2.981819,0.002804,-0.003072,-0.015151,0.004811,-0.015930,0.031212,0.4822,-4.3855,-2.6135,-0.2033,-0.2252,0.1448
18.3090,-2.786657,-0.982340,1.299728,-2.267311,-1.662846,2.982130,0.006042,-0.001124,-0.012970,0.004752,-0.012796,0.028781,0.6030,-4.3468,-2.6700,-0.2063,-0.2196,0.1714
18.3189,-2.786589,-0.982351,1.299593,-2.267278,-1.662992,2.982367,0.009227,-0.000135,-0.010280,0.004184,-0.013154,0.024916,0.7102,-4.3091,-2.6597,-0.1889,-0.2101,0.2004
18.3291,-2.786460,-0.982292,1.299536,-2.267239,-1.663079,2.982592,0.014609,0.002282,-0.006772,0.002764,-0.010561,0.025611,0.7101,-4.0605,-2.7136,-0.2163,-0.2008,0.1591
18.3390,-2.786329,-0.982272,1.299488,-2.267191,-1.663184,2.982861,0.016962,0.004470,-0.004634,0.002920,-0.008937,0.023336,0.7152,-4.0390,-2.7257,-0.2059,-0.1858,0.1635
18.3490,-2.786132,-0.982248,1.299452,-2.267183,-1.663244,2.983115,0.026559,0.003297,-0.005505,0.003168,-0.005660,0.021460,0.9383,-3.9455,-2.9022,-0.2216,-0.1937,0.1815
18.3590,-2.785876,-0.982192,1.299365,-2.267147,-1.663319,2.983319,0.027162,0.003478,-0.007877,0.002411,-0.006465,0.021137,0.9090,-3.8959,-2.9365,-0.2241,-0.1795,0.1849
18.3690,-2.785621,-0.982176,1.299281,-2.267123,-1.663360,2.983509,0.033528,0.002936,-0.011157,0.002130,-0.004820,0.021631,0.9372,-3.9386,-2.9109,-0.2323,-0.1855,0.1570
18.3789,-2.785264,-0.982136,1.299157,-2.267123,-1.663408,2.983717,0.034230,0.002916,-0.012328,0.002257,-0.004773,0.020537,0.8625,-3.8617,-2.8658,-0.2119,-0.2151,0.1640
18.3890,-2.784880,-0.982152,1.299044,-2.267099,-1.663490,2.983949,0.039190,0.001367,-0.013974,0.001945,-0.008272,0.021243,1.1184,-3.8357,-2.9116,-0.2133,-0.2325,0.1602
18.3991,-2.784481,-0.982155,1.298873,-2.267059,-1.663580,2.984165,0.038521,0.000987,-0.015190,0.002117,-0.012107,0.021898,0.8607,-3.8254,-2.8251,-0.2216,-0.2208,0.1569
18.4090,-2.784044,-0.982155,1.298737,-2.267071,-1.663688,2.984359,0.044219,0.000771,-0.014538,0.002429,-0.012726,0.019939,0.9050,-3.8048,-2.8561,-0.2005,-0.2457,0.1496
18.4191,-2.783586,-0.982140,1.298589,-2.267023,-1.663832,2.984570,0.043882,0.000478,-0.014719,0.002429,-0.012501,0.018494,0.7674,-3.8767,-2.7976,-0.2111,-0.2246,0.1469
18.4291,-2.783100,-0.982152,1.298457,-2.267030,-1.663939,2.984794,0.046893,0.000347,-0.013526,0.001174,-0.012103,0.017377,0.9203,-3.8561,-2.8204,-0.2120,-0.2160,0.1463
18.4390,-2.782634,-0.982152,1.298310,-2.267058,-1.664044,2.984918,0.044977,0.000272,-0.013073,0.000832,-0.013643,0.015910,0.6021,-3.8871,-2.6904,-0.2043,-0.2244,0.1394
18.4493,-2.782180,-0.982159,1.298224,-2.266987,-1.664194,2.985071,0.045020,0.000224,-0.011954,0.001632,-0.012761,0.013713,0.5140,-3.9127,-2.7460,-0.2085,-0.2129,0.1539
18.4589,-2.781718,-0.982140,1.298109,-2.267003,-1.664314,2.985203,0.041903,0.000060,-0.010575,0.001065,-0.012699,0.013039,0.4665,-3.9025,-2.7195,-0.2278,-0.2217,0.1332
18.4690,-2.781328,-0.982159,1.298064,-2.267018,-1.664457,2.985311,0.039806,0.000181,-0.007574,0.000857,-0.012154,0.012187,0.6332,-3.8305,-2.7030,-0.2113,-0.2217,0.1398
18.4789,-2.780927,-0.982152,1.297957,-2.266991,-1.664558,2.985444,0.034699,0.000122,-0.006521,0.000806,-0.011607,0.011115,0.5114,-3.8304,-2.8112,-0.2240,-0.2131,0.1335
18.4892,-2.780573,-0.982162,1.297897,-2.266982,-1.664653,2.985543,0.032791,0.000091,-0.008262,0.000687,-0.009391,0.011314,0.4189,-3.7687,-2.8158,-0.2163,-0.2309,0.1590
18.4991,-2.780279,-0.982128,1.297798,-2.266967,-1.664719,2.985674,0.027795,0.000108,-0.009796,0.000725,-0.008180,0.011742,0.3980,-3.8201,-2.8473,-0.2313,-0.2189,0.1663
18.5091,-2.780014,-0.982112,1.297690,-2.266967,-1.664806,2.985772,0.024437,0.000121,-0.011752,0.000920,-0.006582,0.013451,0.5002,-3.8303,-2.8610,-0.2156,-0.2097,0.1658
18.5190,-2.779773,-0.982112,1.297570,-2.266943,-1.664881,2.985919,0.020251,0.000175,-0.012681,0.000826,-0.005874,0.014208,0.4277,-3.7894,-2.8434,-0.2177,-0.2111,0.1660
18.5290,-2.779596,-0.982116,1.297423,-2.266950,-1.664907,2.986083,0.017977,0.000205,-0.013243,0.000873,-0.004648,0.014949,0.4498,-3.8613,-2.8547,-0.2093,-0.2125,0.1824
18.5389,-2.779408,-0.982135,1.297310,-2.266959,-1.664974,2.986223,0.014670,0.000176,-0.014188,0.000562,-0.004678,0.014647,0.4265,-3.7891,-2.7280,-0.2144,-0.1930,0.1518
18.5490,-2.779295,-0.982131,1.297159,-2.266939,-1.665010,2.986380,0.012498,0.000126,-0.013289,0.000550,-0.003988,0.014725,0.4760,-3.8667,-2.8274,-0.2078,-0.1957,0.1547
18.5591,-2.779187,-0.982143,1.297022,-2.266915,-1.665046,2.986484,0.010142,0.000123,-0.012799,0.000786,-0.004078,0.014396,0.4466,-3.8509,-2.7768,-0.2191,-0.1844,0.1569
18.5691,-2.779075,-0.982112,1.296864,-2.266919,-1.665090,2.986609,0.007998,0.000103,-0.012916,0.000743,-0.003825,0.013466,0.4157,-3.8150,-2.7409,-0.2141,-0.1993,0.1565
18.5790,-2.779033,-0.982131,1.296779,-2.266938,-1.665084,2.986764,0.005067,0.000087,-0.012250,0.000711,-0.003322,0.012540,0.4297,-3.7944,-2.7284,-0.2121,-0.2088,0.1610
18.5890,-2.778982,-0.982131,1.296686,-2.266900,-1.665126,2.986868,0.003673,0.000100,-0.011123,0.000738,-0.002831,0.011246,0.4006,-3.7485,-2.8060,-0.2126,-0.2154,0.1545
18.5990,-2.778965,-0.982128,1.296578,-2.266907,-1.665196,2.986969,0.002281,0.000088,-0.008806,0.000654,-0.002766,0.009717,0.4969,-3.8098,-2.7504,-0.2184,-0.2102,0.1492
18.6090,-2.778937,-0.982128,1.296519,-2.266904,-1.665217,2.987021,0.002065,0.000030,-0.007168,0.000517,-0.003171,0.008252,0.5197,-3.7538,-2.6990,-0.2263,-0.1955,0.1506
18.6191,-2.778913,-0.982128,1.296478,-2.266919,-1.665238,2.987113,0.001892,0.000108,-0.005918,0.000376,-0.002750,0.007157,0.4022,-3.7172,-2.6200,-0.2163,-0.1994,0.1430
18.6292,-2.778906,-0.982124,1.296414,-2.266888,-1.665292,2.987216,0.000765,0.000068,-0.004083,0.000463,-0.002175,0.007201,0.4920,-3.7943,-2.7157,-0.1947,-0.2041,0.1351
18.6389,-2.778897,-0.982128,1.296390,-2.266902,-1.665297,2.987221,0.001021,0.000098,-0.002828,0.000488,-0.002472,0.004254,0.4688,-3.8312,-2.7335,-0.2102,-0.1903,0.1607
18.6490,-2.778913,-0.982116,1.296356,-2.266876,-1.665310,2.987281,0.000618,0.000323,-0.001812,0.000563,-0.001819,0.003664,0.4266,-3.7223,-2.7244,-0.2213,-0.2229,0.1761
18.6589,-2.778901,-0.982100,1.296339,-2.266886,-1.665318,2.987334,0.000548,0.000337,-0.001342,0.000512,-0.002086,0.004556,0.4288,-3.7280,-2.6742,-0.2210,-0.1864,0.1495
18.6690,-2.778901,-0.982100,1.296355,-2.266871,-1.665345,2.987366,0.000654,0.000542,-0.001017,0.000440,-0.001943,0.004036,0.4530,-3.7589,-2.6621,-0.2203,-0.1874,0.1438
18.6789,-2.778901,-0.982104,1.296336,-2.266875,-1.665342,2.987405,0.000920,0.000533,-0.001034,0.000385,-0.001357,0.002795,0.4766,-3.7796,-2.6940,-0.2018,-0.2097,0.1459
18.6889,-2.778874,-0.982107,1.296326,-2.266855,-1.665369,2.987441,0.000922,0.000482,-0.000829,0.001866,-0.001813,0.003422,0.5073,-3.7021,-2.6815,-0.1759,-0.1991,0.1401
18.6989,-2.778881,-0.982073,1.296295,-2.266820,-1.665363,2.987446,0.001417,0.000531,-0.000949,0.004168,-0.001085,0.002663,0.4620,-3.7081,-2.6964,-0.1793,-0.1969,0.1546
18.7092,-2.778865,-0.982111,1.296306,-2.266787,-1.665387,2.987493,0.001059,0.000377,-0.000949,0.006428,-0.001167,0.002788,0.6013,-3.8876,-2.7729,-0.1847,-0.1929,0.1152
18.7192,-2.778837,-0.982088,1.296298,-2.266684,-1.665375,2.987485,0.001433,0.000000,-0.001362,0.008428,-0.000913,0.001002,0.5763,-4.0930,-2.7900,-0.2068,-0.1924,0.1229
18.7292,-2.778820,-0.982104,1.296283,-2.266619,-1.665390,2.987493,0.002314,-0.001063,-0.001005,0.007911,-0.000722,0.000558,0.5152,-4.2677,-2.7542,-0.1960,-0.1993,0.0701
18.7389,-2.778820,-0.982116,1.296286,-2.266559,-1.665402,2.987485,0.002401,-0.002228,-0.001424,0.007434,-0.000699,0.000005,0.5325,-4.3447,-2.7831,-0.1809,-0.1950,0.0223
18.7491,-2.778768,-0.982121,1.296255,-2.266441,-1.665414,2.987462,0.002310,-0.004566,-0.001491,0.008007,-0.000831,-0.003489,0.5029,-4.4897,-2.8117,-0.1912,-0.1966,-0.0060
18.7590,-2.778756,-0.982176,1.296231,-2.266391,-1.665426,2.987391,0.002313,-0.004120,-0.001678,0.008597,-0.001064,-0.005536,0.5541,-4.5613,-2.7867,-0.1882,-0.2075,-0.0597
18.7689,-2.778716,-0.982212,1.296199,-2.266320,-1.665438,2.987381,0.002496,-0.004925,-0.002338,0.007332,-0.000979,-0.006231,0.5209,-4.6234,-2.7910,-0.1809,-0.2049,-0.0475
18.7791,-2.778689,-0.982287,1.296175,-2.266247,-1.665438,2.987321,0.002814,-0.007576,-0.002421,0.006983,-0.000632,-0.007200,0.5434,-4.6309,-2.7840,-0.2082,-0.1961,-0.0690
18.7890,-2.778672,-0.982316,1.296159,-2.266212,-1.665423,2.987230,0.002884,-0.007198,-0.002860,0.004249,-0.000504,-0.007151,0.4864,-4.8244,-2.7874,-0.2215,-0.1922,-0.0826
18.7990,-2.778660,-0.982434,1.296162,-2.266203,-1.665447,2.987146,0.002516,-0.007352,-0.002820,0.001716,-0.000508,-0.008245,0.5405,-4.8103,-2.7256,-0.2189,-0.2017,-0.0378
18.8092,-2.778624,-0.982479,1.296099,-2.266172,-1.665459,2.987128,0.002777,-0.007138,-0.002867,0.000711,-0.000469,-0.006614,0.5340,-4.6950,-2.6605,-0.2488,-0.1976,-0.0636
18.8189,-2.778612,-0.982578,1.296130,-2.266203,-1.665465,2.987062,0.002455,-0.007317,-0.000979,0.000317,-0.000540,-0.005624,0.5123,-4.6941,-2.6028,-0.2463,-0.1966,-0.0947
18.8292,-2.778576,-0.982619,1.296095,-2.266169,-1.665465,2.987041,0.002820,-0.006087,-0.000285,0.000013,-0.000474,-0.005244,0.5076,-4.6524,-2.3966,-0.3106,-0.1913,-0.1013
18.8390,-2.778551,-0.982679,1.296118,-2.266203,-1.665493,2.986986,0.002691,-0.005721,0.000324,-0.000968,-0.000399,-0.005843,0.4720,-4.7226,-2.2388,-0.3408,-0.1788,-0.0983
18.8491,-2.778524,-0.982715,1.296138,-2.266212,-1.665444,2.986942,0.002952,-0.004485,0.000990,-0.001877,-0.000286,-0.005216,0.5177,-4.7105,-2.0683,-0.3984,-0.2040,-0.0909
18.8590,-2.778504,-0.982754,1.296138,-2.266240,-1.665450,2.986912,0.002797,-0.003280,0.001912,-0.001814,-0.000303,-0.004969,0.5274,-4.7741,-2.0060,-0.4161,-0.1937,-0.0969
18.8690,-2.778508,-0.982778,1.296159,-2.266244,-1.665459,2.986853,0.000586,-0.002793,0.002025,-0.002727,-0.000314,-0.005253,0.3640,-4.8003,-1.8277,-0.4298,-0.2027,-0.1183
18.8790,-2.778476,-0.982783,1.296186,-2.266284,-1.665462,2.986857,0.000424,-0.002846,0.005019,-0.004268,-0.000288,-0.004900,0.4038,-4.7819,-1.7877,-0.4233,-0.1975,-0.1108
18.8890,-2.778476,-0.982823,1.296262,-2.266315,-1.665505,2.986833,0.000272,-0.002688,0.005213,-0.003233,-0.000266,-0.005121,0.3790,-4.7978,-1.7282,-0.4572,-0.2102,-0.1187
18.8989,-2.778479,-0.982831,1.296287,-2.266324,-1.665486,2.986817,0.000336,-0.002573,0.004546,-0.003517,-0.000347,-0.005719,0.3853,-4.8050,-1.7028,-0.4470,-0.2114,-0.1233
18.9090,-2.778479,-0.982890,1.296343,-2.266364,-1.665489,2.986765,0.000288,-0.001991,0.003855,-0.003315,-0.000562,-0.005300,0.3896,-4.8450,-1.5493,-0.4586,-0.1935,-0.1192
18.9190,-2.778479,-0.982902,1.296347,-2.266360,-1.665486,2.986742,0.000231,-0.002212,0.004054,-0.003076,-0.000522,-0.005238,0.3832,-4.7615,-1.6043,-0.4717,-0.1989,-0.1220
18.9292,-2.778479,-0.982926,1.296418,-2.266446,-1.665493,2.986756,0.000190,-0.002115,0.003357,-0.003150,-0.000428,-0.004949,0.3890,-4.8830,-1.5679,-0.4773,-0.1910,-0.1206
18.9390,-2.778488,-0.982922,1.296407,-2.266448,-1.665483,2.986720,0.000162,-0.002028,0.003229,-0.002644,-0.000293,-0.004408,0.4243,-4.8709,-1.5907,-0.4908,-0.1903,-0.1328
18.9490,-2.778495,-0.982946,1.296478,-2.266479,-1.665501,2.986681,0.000141,-0.002330,0.002940,-0.002831,-0.000265,-0.003268,0.3795,-4.8780,-1.4969,-0.4882,-0.1969,-0.1208
18.9591,-2.778508,-0.982982,1.296501,-2.266508,-1.665501,2.986653,0.000124,-0.003000,0.003014,-0.003010,-0.000248,-0.001227,0.3545,-4.7601,-1.5424,-0.4723,-0.1718,-0.1223
18.9692,-2.778495,-0.982990,1.296494,-2.266508,-1.665478,2.986657,0.000130,-0.003469,0.002998,-0.002436,-0.000207,-0.000492,0.4093,-4.8678,-1.5427,-0.4832,-0.1827,-0.0832
18.9791,-2.778464,-0.983030,1.296519,-2.266578,-1.665501,2.986648,0.000118,-0.002934,0.002908,-0.002590,-0.000204,-0.000318,0.4037,-4.8222,-1.5236,-0.4690,-0.1722,-0.0545
18.9893,-2.778476,-0.983069,1.296566,-2.266575,-1.665517,2.986672,0.000123,-0.002935,0.002609,-0.001094,-0.000178,-0.000188,0.3996,-4.8885,-1.4311,-0.4636,-0.1809,-0.0318
18.9989,-2.778467,-0.983071,1.296583,-2.266559,-1.665525,2.986641,0.000095,-0.003206,0.003084,-0.000544,-0.000128,-0.000112,0.4192,-4.8732,-1.5146,-0.4148,-0.1798,0.0041
19.0093,-2.778464,-0.983129,1.296614,-2.266547,-1.665501,2.986641,0.000094,-0.003252,0.003265,-0.000064,-0.000112,0.000110,0.4051,-4.7896,-1.5167,-0.3727,-0.1731,-0.0113
19.0189,-2.778467,-0.983134,1.296650,-2.266547,-1.665486,2.986648,0.000101,-0.003423,0.004123,-0.000000,-0.000100,0.000121,0.3583,-4.8612,-1.5772,-0.3377,-0.1853,-0.0112
19.0290,-2.778467,-0.983154,1.296678,-2.266520,-1.665513,2.986664,0.000095,-0.003438,0.003956,0.001113,-0.000092,0.000107,0.3605,-4.8775,-1.4671,-0.3252,-0.1717,-0.0296
19.0391,-2.778464,-0.983225,1.296753,-2.266527,-1.665498,2.986648,0.000100,-0.003166,0.004427,0.000725,-0.000098,0.000091,0.4041,-4.8803,-1.5147,-0.3282,-0.1844,-0.0506
19.0493,-2.778483,-0.983249,1.296742,-2.266504,-1.665498,2.986652,0.000178,-0.003290,0.004118,0.000955,-0.000090,0.000072,0.3179,-4.8631,-1.5283,-0.2980,-0.1955,-0.0540
19.0591,-2.778483,-0.983270,1.296813,-2.266512,-1.665507,2.986633,0.000148,-0.003181,0.003612,0.002168,-0.000083,0.000030,0.3681,-4.8232,-1.4274,-0.2644,-0.1711,-0.0860
19.0692,-2.778467,-0.983290,1.296814,-2.266475,-1.665513,2.986617,0.000153,-0.003270,0.003937,0.003456,-0.000090,0.000000,0.3987,-4.8313,-1.4687,-0.2428,-0.1923,-0.1200
19.0790,-2.778467,-0.983310,1.296870,-2.266424,-1.665522,2.986495,0.000134,-0.003016,0.003648,0.004351,-0.000084,-0.002810,0.3880,-4.7955,-1.4093,-0.2421,-0.1689,-0.0909
19.0889,-2.778467,-0.983362,1.296918,-2.266388,-1.665498,2.986540,0.000119,-0.002969,0.003942,0.003257,-0.000079,-0.000990,0.3959,-4.8444,-1.4692,-0.2497,-0.1600,-0.1020
19.0989,-2.778464,-0.983377,1.296934,-2.266376,-1.665495,2.986572,0.000107,-0.000632,0.003971,0.002073,-0.000084,-0.000456,0.3634,-4.6770,-1.4889,-0.2323,-0.1707,-0.1093
19.1090,-2.778479,-0.983367,1.296981,-2.266387,-1.665491,2.986581,0.000098,-0.000000,0.003775,0.000882,-0.000080,-0.001173,0.3583,-4.7285,-1.3456,-0.2484,-0.1783,-0.1260
19.1190,-2.778479,-0.983374,1.297026,-2.266371,-1.665498,2.986597,0.000104,-0.000000,0.004208,0.000566,-0.000000,-0.001975,0.3985,-4.7119,-1.3293,-0.2442,-0.1837,-0.1163
19.1289,-2.778467,-0.983389,1.297065,-2.266371,-1.665529,2.986436,0.000096,-0.000000,0.004113,0.000391,-0.000000,-0.003195,0.4138,-4.6885,-1.4118,-0.2627,-0.1830,-0.0924
19.1391,-2.778475,-0.983370,1.297101,-2.266351,-1.665501,2.986553,0.000090,-0.000000,0.004309,0.000298,-0.000000,-0.000835,0.3931,-4.7340,-1.4346,-0.2905,-0.1829,-0.1245
19.1490,-2.778455,-0.983386,1.297129,-2.266383,-1.665486,2.986525,0.000082,0.000000,0.004045,0.000241,-0.000058,-0.002143,0.3899,-4.6609,-1.4478,-0.2847,-0.1830,-0.1298
19.1590,-2.778464,-0.983389,1.297166,-2.266368,-1.665517,2.986481,0.000075,0.000000,0.003556,0.000202,-0.000054,-0.002116,0.2885,-4.7196,-1.4025,-0.2578,-0.1896,-0.1319
19.1693,-2.778467,-0.983370,1.297201,-2.266368,-1.665498,2.986507,0.000069,0.000000,0.003426,0.000145,-0.000051,-0.001752,0.3662,-4.7152,-1.3610,-0.2143,-0.1767,-0.1439
19.1789,-2.778467,-0.983370,1.297210,-2.266316,-1.665539,2.986492,0.000077,0.000000,0.003594,0.002258,-0.000000,-0.001920,0.4090,-4.6915,-1.3317,-0.1944,-0.1843,-0.1308
19.1891,-2.778455,-0.983389,1.297250,-2.266280,-1.665498,2.986496,0.000072,0.000000,0.001295,0.005510,-0.000000,-0.002557,0.3353,-4.6752,-1.3348,-0.1833,-0.1698,-0.1411
19.1990,-2.778455,-0.983408,1.297278,-2.266244,-1.665541,2.986473,0.000067,0.000000,0.003794,0.004346,-0.000000,-0.002760,0.3599,-4.6880,-1.2667,-0.1802,-0.1917,-0.1390
19.2091,-2.778451,-0.983370,1.297338,-2.266204,-1.665513,2.986461,0.000063,0.000000,0.007367,0.004368,-0.000000,-0.002292,0.2984,-4.6911,-1.2987,-0.1737,-0.1783,-0.1623
19.2192,-2.778455,-0.983382,1.297422,-2.266152,-1.665522,2.986453,0.000060,0.000000,0.009276,0.005384,-0.000000,-0.001938,0.3728,-4.6748,-1.3220,-0.1702,-0.1814,-0.1465
19.2292,-2.778455,-0.983405,1.297510,-2.266120,-1.665510,2.986425,0.000000,0.000000,0.011543,0.005845,-0.000000,-0.002670,0.3740,-4.6993,-1.3059,-0.1612,-0.1934,-0.1372
19.2390,-2.778448,-0.983398,1.297649,-2.266048,-1.665556,2.986416,0.000000,0.000000,0.012854,0.006032,-0.000000,-0.001619,0.3540,-4.7318,-1.3849,-0.1769,-0.1879,-0.1618
19.2493,-2.778471,-0.983398,1.297765,-2.265984,-1.665495,2.986350,0.000000,-0.000064,0.012765,0.005212,-0.000000,-0.002432,0.3784,-4.6597,-1.3275,-0.1838,-0.1707,-0.1700
19.2591,-2.778471,-0.983389,1.297870,-2.265936,-1.665525,2.986372,0.000000,-0.000060,0.012311,0.005096,-0.000000,-0.004885,0.3741,-4.8230,-1.4323,-0.1864,-0.1704,-0.1582
19.2691,-2.778451,-0.983405,1.298024,-2.265896,-1.665529,2.986277,0.000000,-0.000056,0.011357,0.005090,-0.000000,-0.007157,0.3737,-4.7924,-1.4295,-0.1854,-0.1849,-0.1592
19.2790,-2.778455,-0.983370,1.298136,-2.265868,-1.665513,2.986201,0.000000,-0.000053,0.009729,0.004058,-0.000000,-0.008142,0.3296,-4.7859,-1.4039,-0.1945,-0.1868,-0.1717
19.2889,-2.778467,-0.983413,1.298200,-2.265800,-1.665503,2.986132,0.000000,-0.000060,0.008482,0.003153,-0.000051,-0.009026,0.3428,-4.7594,-1.3821,-0.1716,-0.1791,-0.1592
19.2991,-2.778455,-0.983370,1.298265,-2.265789,-1.665522,2.986056,0.000000,-0.000000,0.006353,0.003764,-0.000057,-0.009676,0.3532,-4.7948,-1.4419,-0.2036,-0.1968,-0.1793
19.3090,-2.778471,-0.983417,1.298313,-2.265784,-1.665507,2.985984,0.000000,-0.000157,0.004628,0.002775,-0.000054,-0.009310,0.3848,-4.8026,-1.4186,-0.1857,-0.1745,-0.1801
19.3188,-2.778467,-0.983413,1.298337,-2.265741,-1.665495,2.985896,0.000000,-0.000439,0.003306,0.001309,-0.000051,-0.009092,0.3320,-4.8290,-1.4386,-0.1968,-0.1684,-0.1760
19.3291,-2.778471,-0.983398,1.298393,-2.265752,-1.665517,2.985816,0.000000,-0.000423,0.002265,0.000561,-0.000000,-0.008725,0.3494,-4.8014,-1.4292,-0.2251,-0.1914,-0.1641
19.3390,-2.778483,-0.983410,1.298389,-2.265741,-1.665537,2.985704,0.000000,-0.000405,0.001493,0.000277,-0.000000,-0.008439,0.3738,-4.8018,-1.4170,-0.2658,-0.1761,-0.1534
19.3489,-2.778483,-0.983394,1.298366,-2.265752,-1.665507,2.985644,0.000000,-0.000353,0.000919,-0.000229,-0.000000,-0.007492,0.3378,-4.7931,-1.4815,-0.3182,-0.1775,-0.1809
19.3591,-2.778471,-0.983429,1.298401,-2.265811,-1.665519,2.985580,0.000000,-0.000526,0.001390,-0.001636,-0.000000,-0.006705,0.3950,-4.8220,-1.3801,-0.3626,-0.1855,-0.1777
19.3689,-2.778440,-0.983422,1.298409,-2.265793,-1.665488,2.985528,0.000000,-0.000980,0.001119,-0.002751,-0.000000,-0.006529,0.3437,-4.7484,-1.3790,-0.4047,-0.1723,-0.1772
19.3789,-2.778467,-0.983418,1.298409,-2.265859,-1.665491,2.985464,0.000000,-0.000682,0.001183,-0.005088,-0.000000,-0.006016,0.3182,-4.7852,-1.4442,-0.4099,-0.1738,-0.1562
19.3889,-2.778471,-0.983458,1.298406,-2.265892,-1.665529,2.985392,0.000000,-0.000921,0.000751,-0.005728,-0.000000,-0.005370,0.3845,-4.7656,-1.4263,-0.4429,-0.1706,-0.1701
19.3989,-2.778459,-0.983414,1.298440,-2.265943,-1.665510,2.985366,0.000000,-0.000593,0.001039,-0.005656,-0.000000,-0.004836,0.3503,-4.7938,-1.3728,-0.4586,-0.1950,-0.1522
19.4089,-2.778455,-0.983461,1.298468,-2.265988,-1.665476,2.985318,0.000000,-0.000436,0.000794,-0.005771,-0.000000,-0.005206,0.4047,-4.8565,-1.3784,-0.4707,-0.1641,-0.1885
19.4189,-2.778436,-0.983458,1.298438,-2.266028,-1.665495,2.985263,0.000000,-0.000680,0.000697,-0.005906,-0.000000,-0.006454,0.3744,-4.7748,-1.4184,-0.4727,-0.1633,-0.1815
19.4292,-2.778436,-0.983454,1.298492,-2.266072,-1.665507,2.985179,0.000000,-0.000633,0.000855,-0.005323,-0.000000,-0.009517,0.3839,-4.8423,-1.3904,-0.4869,-0.1582,-0.1878
19.4390,-2.778455,-0.983451,1.298473,-2.266140,-1.665510,2.985055,0.000000,-0.000601,0.001147,-0.005222,-0.000000,-0.011500,0.4110,-4.7221,-1.4026,-0.4858,-0.1601,-0.1784
19.4489,-2.778440,-0.983485,1.298485,-2.266207,-1.665491,2.984911,0.000487,-0.000407,0.000928,-0.005074,-0.000000,-0.014101,0.5401,-4.7425,-1.3719,-0.4966,-0.1640,-0.1745
19.4590,-2.778416,-0.983482,1.298488,-2.266212,-1.665534,2.984784,0.002010,-0.000352,0.000958,-0.004700,-0.000000,-0.014155,0.6038,-4.7257,-1.3636,-0.5085,-0.1567,-0.1744
19.4691,-2.778402,-0.983450,1.298488,-2.266240,-1.665510,2.984659,0.005718,-0.000283,0.001231,-0.004736,-0.000000,-0.016638,0.6676,-4.7277,-1.3423,-0.5024,-0.1430,-0.1827
19.4791,-2.778311,-0.983473,1.298528,-2.266296,-1.665495,2.984498,0.006970,-0.000236,0.001572,-0.005013,-0.000000,-0.020109,0.6214,-4.7513,-1.4643,-0.5066,-0.1723,-0.1745
19.4891,-2.778251,-0.983435,1.298509,-2.266313,-1.665525,2.984290,0.009064,-0.000203,0.000310,-0.003966,-0.000000,-0.022575,0.6708,-4.7772,-1.6572,-0.5123,-0.2177,-0.1982
19.4989,-2.778154,-0.983473,1.298524,-2.266387,-1.665552,2.984034,0.009428,-0.000178,0.000000,-0.003894,-0.004012,-0.025083,0.7218,-4.7106,-1.7519,-0.5227,-0.2369,-0.1828
19.5091,-2.778058,-0.983466,1.298469,-2.266426,-1.665582,2.983762,0.010569,-0.000130,-0.001375,-0.004649,-0.007310,-0.027511,0.6440,-4.7919,-1.9391,-0.5349,-0.2374,-0.1862
19.5191,-2.777917,-0.983451,1.298481,-2.266463,-1.665693,2.983432,0.010784,-0.000103,-0.001254,-0.006639,-0.008913,-0.028353,0.6339,-4.7747,-2.1329,-0.5133,-0.2093,-0.2012
19.5289,-2.777844,-0.983462,1.298473,-2.266535,-1.665750,2.983162,0.010517,-0.000110,-0.001956,-0.007712,-0.007212,-0.029343,0.6306,-4.7569,-2.2125,-0.5306,-0.2222,-0.1908
19.5390,-2.777744,-0.983454,1.298453,-2.266626,-1.665813,2.982909,0.009175,-0.000100,-0.002754,-0.008113,-0.007700,-0.028995,0.6172,-4.8250,-2.3406,-0.5425,-0.2338,-0.1749
19.5491,-2.777629,-0.983497,1.298425,-2.266738,-1.665879,2.982589,0.008954,-0.006041,-0.005914,-0.013811,-0.005498,-0.025982,0.5894,-4.9241,-2.4865,-0.5491,-0.2142,-0.1774
19.5590,-2.777548,-0.983521,1.298354,-2.266827,-1.665933,2.982352,0.006631,-0.004412,-0.009794,-0.014343,-0.004002,-0.022579,0.5765,-5.0697,-2.5503,-0.5688,-0.2073,-0.1729
19.5693,-2.777523,-0.983585,1.298281,-2.266959,-1.665914,2.982148,0.006261,-0.007552,-0.010591,-0.014720,-0.002077,-0.016779,0.5029,-5.0615,-2.6237,-0.5697,-0.2107,-0.1864
19.5790,-2.777455,-0.983637,1.298154,-2.267103,-1.665964,2.982004,0.004543,-0.009214,-0.011722,-0.016638,-0.001100,-0.015067,0.4641,-5.1107,-2.6997,-0.5800,-0.1970,-0.1505
19.5890,-2.777403,-0.983761,1.298069,-2.267295,-1.665942,2.981852,0.003352,-0.016438,-0.013255,-0.021588,-0.000627,-0.013064,0.5302,-5.1467,-2.7196,-0.6015,-0.1667,-0.1711
19.5990,-2.777395,-0.983940,1.297929,-2.267525,-1.665938,2.981684,0.001972,-0.018568,-0.012876,-0.023501,-0.000437,-0.011250,0.5177,-5.0389,-2.7228,-0.5912,-0.1440,-0.1275
19.6090,-2.777371,-0.984163,1.297798,-2.267781,-1.665988,2.981635,0.001592,-0.022794,-0.014289,-0.028525,-0.000294,-0.009453,0.5320,-5.1645,-2.7399,-0.5996,-0.0978,-0.1545
19.6190,-2.777371,-0.984415,1.297666,-2.268057,-1.665938,2.981551,0.001052,-0.023372,-0.012820,-0.030106,-0.000058,-0.009694,0.4881,-5.0578,-2.7956,-0.6077,-0.0698,-0.1705
19.6290,-2.777371,-0.984675,1.297519,-2.268365,-1.665926,2.981423,0.000617,-0.029949,-0.015284,-0.036251,-0.000000,-0.009441,0.5092,-5.1806,-2.6881,-0.5961,-0.0314,-0.1697
19.6391,-2.777362,-0.984959,1.297402,-2.268712,-1.665926,2.981343,0.001989,-0.031140,-0.014340,-0.036930,0.001297,-0.009866,0.5480,-5.1444,-2.8022,-0.5906,-0.0204,-0.1652
19.6491,-2.777359,-0.985282,1.297258,-2.269099,-1.665936,2.981184,0.000712,-0.037311,-0.018901,-0.041907,0.000908,-0.008276,0.5467,-5.3398,-2.9798,-0.5999,-0.0174,-0.1167
19.6589,-2.777347,-0.985688,1.297063,-2.269498,-1.665918,2.981226,0.001025,-0.036991,-0.020561,-0.039513,0.000545,-0.002890,0.5291,-5.1779,-2.9591,-0.5922,-0.0417,-0.1414
19.6691,-2.777343,-0.986065,1.296835,-2.269890,-1.665899,2.981159,0.000610,-0.044201,-0.029127,-0.044647,0.000302,-0.002284,0.6042,-5.4082,-3.0705,-0.6126,-0.0933,-0.1327
19.6792,-2.777350,-0.986531,1.296520,-2.270325,-1.665918,2.981147,0.000580,-0.043590,-0.036766,-0.042979,0.000181,-0.001268,0.5498,-5.2321,-3.1665,-0.6567,-0.1180,-0.1055
19.6890,-2.777310,-0.986943,1.296115,-2.270761,-1.665918,2.981163,0.000980,-0.043056,-0.050384,-0.046890,-0.000118,-0.000138,0.5117,-5.4161,-3.2978,-0.6162,-0.1557,-0.0625
19.6991,-2.777295,-0.987402,1.295541,-2.271173,-1.665948,2.981154,0.001467,-0.039477,-0.059803,-0.041062,-0.000173,-0.000035,0.4467,-5.0849,-3.2306,-0.5877,-0.1471,-0.0249
19.7091,-2.777290,-0.987852,1.294842,-2.271581,-1.665926,2.981191,0.001379,-0.048708,-0.083158,-0.046725,-0.000372,0.003920,0.5755,-5.2717,-3.6875,-0.6136,-0.1530,0.0023
19.7189,-2.777278,-0.988249,1.293936,-2.271991,-1.665933,2.981215,0.001551,-0.041087,-0.099074,-0.036461,-0.000263,0.003250,0.5457,-5.1020,-3.5738,-0.5760,-0.1308,0.0420
19.7290,-2.777251,-0.988660,1.292837,-2.272315,-1.665945,2.981238,0.001564,-0.041009,-0.119148,-0.036930,-0.000204,0.008042,0.5431,-5.2505,-3.4865,-0.5549,-0.1189,0.0739
19.7390,-2.777258,-0.989039,1.291582,-2.272565,-1.665899,2.981363,0.001680,-0.034747,-0.132448,-0.024835,-0.000166,0.010532,0.4826,-5.0598,-3.1719,-0.5731,-0.1050,0.0530
19.7490,-2.777214,-0.989411,1.290093,-2.272836,-1.665933,2.981414,0.001197,-0.037878,-0.154850,-0.025111,-0.000112,0.010334,0.5800,-5.4131,-3.4633,-0.5979,-0.0756,0.0977
19.7591,-2.777229,-0.989782,1.288503,-2.273008,-1.665948,2.981491,0.001402,-0.029799,-0.154900,-0.013303,-0.000005,0.011525,0.5347,-5.0553,-3.0279,-0.5623,-0.0359,0.0719
19.7690,-2.777214,-0.990090,1.286908,-2.273180,-1.665911,2.981622,0.000912,-0.031383,-0.159235,-0.011331,0.000109,0.010799,0.6188,-4.8585,-2.9981,-0.5342,-0.0124,0.0921
19.7790,-2.777183,-0.990414,1.285378,-2.273236,-1.665933,2.981658,0.001486,-0.029067,-0.155336,-0.003345,0.000709,0.011776,0.5724,-4.7474,-2.9517,-0.5068,0.0185,0.1231
19.7891,-2.777194,-0.990746,1.283813,-2.273232,-1.665906,2.981687,0.001211,-0.036880,-0.157511,-0.000923,0.001325,0.012497,0.6187,-5.0411,-3.1945,-0.5057,0.0239,0.0867
19.7989,-2.777182,-0.991064,1.282223,-2.273224,-1.665924,2.981774,0.001531,-0.028869,-0.150812,-0.000049,0.002223,0.012064,0.5718,-4.8807,-2.8107,-0.4065,0.0473,0.1181
19.8091,-2.777170,-0.991364,1.280770,-2.273220,-1.665851,2.981855,0.001526,-0.034316,-0.149831,-0.000000,0.002728,0.012419,0.6893,-5.2092,-3.2091,-0.4143,0.0379,0.1132
19.8189,-2.777129,-0.991691,1.279306,-2.273200,-1.665830,2.981951,0.001837,-0.030535,-0.145009,0.000625,0.002477,0.012818,0.6148,-5.0181,-3.1304,-0.3710,0.0576,0.1421
19.8290,-2.777110,-0.991995,1.277805,-2.273200,-1.665837,2.982084,0.002138,-0.037811,-0.153056,0.000983,0.002763,0.014721,0.5946,-5.2469,-3.3017,-0.3766,0.0300,0.1275
19.8393,-2.777094,-0.992339,1.276306,-2.273180,-1.665782,2.982246,0.001921,-0.032923,-0.149038,0.003116,0.002400,0.014181,0.5627,-5.0403,-3.0868,-0.3208,0.0479,0.1542
19.8490,-2.777070,-0.992721,1.274852,-2.273160,-1.665777,2.982363,0.002000,-0.037083,-0.154562,0.001375,0.002302,0.014754,0.5265,-5.1856,-3.1821,-0.3486,0.0589,0.1551
19.8590,-2.777058,-0.993062,1.273303,-2.273168,-1.665743,2.982473,0.002476,-0.030975,-0.150824,0.000837,0.002598,0.015077,0.6507,-4.8226,-3.0502,-0.2659,0.0535,0.1588
19.8691,-2.777021,-0.993397,1.271741,-2.273152,-1.665747,2.982664,0.001830,-0.032768,-0.153231,0.001927,0.001609,0.016429,0.5755,-4.9341,-3.2828,-0.3114,0.0534,0.1347
19.8790,-2.777009,-0.993724,1.270177,-2.273140,-1.665726,2.982792,0.002206,-0.031622,-0.155004,0.001795,0.001672,0.016174,0.5739,-4.8988,-3.0135,-0.2672,0.0529,0.1491
19.8892,-2.776982,-0.994017,1.268678,-2.273144,-1.665741,2.982944,0.002122,-0.033104,-0.157061,0.001711,0.001446,0.015570,0.4836,-4.8749,-2.9341,-0.2852,0.0603,0.1687
19.8989,-2.776970,-0.994292,1.267178,-2.273120,-1.665702,2.983093,0.001826,-0.027919,-0.150633,0.000917,0.001497,0.015377,0.5546,-4.6979,-2.7504,-0.2147,0.0704,0.1454
19.9090,-2.776989,-0.994587,1.265663,-2.273057,-1.665702,2.983228,0.000350,-0.031775,-0.152887,0.001870,0.001529,0.014439,0.5351,-5.1241,-3.2523,-0.3213,0.0674,0.1625
19.9190,-2.776961,-0.994855,1.264150,-2.273080,-1.665686,2.983392,0.000355,-0.025792,-0.149518,0.000745,0.001292,0.014149,0.5019,-4.9267,-2.9723,-0.2678,0.0738,0.1506
19.9289,-2.776970,-0.995153,1.262622,-2.273080,-1.665693,2.983482,0.000238,-0.026275,-0.149065,0.000980,0.001519,0.013003,0.5004,-4.9590,-3.0086,-0.2515,0.0808,0.1556
19.9391,-2.776989,-0.995401,1.261197,-2.273080,-1.665632,2.983622,0.000138,-0.023710,-0.141859,0.000771,0.001847,0.011298,0.5254,-4.7612,-2.8005,-0.2257,0.0640,0.1551
19.9490,-2.776945,-0.995672,1.259745,-2.273072,-1.665669,2.983701,0.002353,-0.028919,-0.147813,0.001017,0.000864,0.009544,0.6578,-5.0677,-2.8624,-0.2833,0.0574,0.1648
19.9589,-2.776925,-0.995886,1.258284,-2.273052,-1.665669,2.983801,0.002939,-0.022487,-0.137397,0.000641,0.000512,0.007981,0.6857,-4.9144,-2.8904,-0.2183,0.0286,0.1471
19.9690,-2.776873,-0.996129,1.256921,-2.273044,-1.665681,2.983866,0.005859,-0.024875,-0.128918,0.001727,0.000069,0.007538,0.8382,-4.9282,-2.7841,-0.2260,-0.0492,0.1598
19.9791,-2.776805,-0.996384,1.255665,-2.273017,-1.665693,2.983899,0.007702,-0.025790,-0.125873,0.000995,-0.002443,0.006148,0.7531,-5.0178,-3.0924,-0.2269,-0.0897,0.1424
19.9891,-2.776772,-0.996552,1.254920,-2.273017,-1.665702,2.983958,0.009245,-0.028824,-0.124797,0.000964,-0.001375,0.006093,0.8487,-4.9923,-3.2288,-0.2402,-0.1209,0.1483
19.9991,-2.776608,-0.996923,1.253103,-2.272980,-1.665702,2.984057,0.011098,-0.028915,-0.129020,0.006694,-0.001909,0.005060,0.7845,-4.9423,-3.0272,-0.2181,-0.1458,0.1553
20.0090,-2.776499,-0.997204,1.251799,-2.272920,-1.665702,2.984098,0.012703,-0.035424,-0.132327,0.005335,-0.002072,0.003927,0.7052,-5.1167,-3.2429,-0.2263,-0.1711,0.1704
20.0191,-2.776398,-0.997574,1.250494,-2.272840,-1.665726,2.984162,0.011512,-0.032413,-0.130722,0.008041,-0.003549,0.004388,0.6835,-5.0073,-3.0870,-0.2114,-0.1755,0.1506
20.0291,-2.776243,-0.997890,1.249140,-2.272813,-1.665774,2.984214,0.011274,-0.039880,-0.134059,0.005563,-0.005188,0.005243,0.7652,-5.0656,-3.2111,-0.2049,-0.1894,0.1304
20.0391,-2.776166,-0.998289,1.247828,-2.272752,-1.665791,2.984230,0.009888,-0.037904,-0.130016,0.010626,-0.005650,0.005255,0.5864,-4.7838,-3.0203,-0.1926,-0.2095,0.1263
20.0492,-2.776050,-0.998684,1.246558,-2.272676,-1.665916,2.984266,0.009125,-0.040961,-0.134236,0.006370,-0.006418,0.002720,0.5445,-4.8505,-3.1236,-0.2072,-0.2048,0.1644
20.0591,-2.775954,-0.999049,1.245233,-2.272561,-1.665926,2.984318,0.007352,-0.035601,-0.131081,0.008876,-0.006875,0.003588,0.5222,-4.5748,-2.7288,-0.1588,-0.2087,0.1447
20.0689,-2.775882,-0.999403,1.243914,-2.272532,-1.666005,2.984318,0.005956,-0.033265,-0.130563,0.005679,-0.007216,0.002958,0.4850,-4.9866,-3.0483,-0.1492,-0.2275,0.1613
20.0789,-2.775868,-0.999735,1.242657,-2.272429,-1.666046,2.984374,0.004337,-0.032941,-0.128498,0.007052,-0.007754,0.003009,0.5173,-4.8816,-3.0863,-0.1593,-0.2260,0.1494
20.0889,-2.775829,-1.000035,1.241381,-2.272366,-1.666152,2.984410,0.003751,-0.033114,-0.131041,0.005306,-0.006959,0.002589,0.4783,-4.9071,-3.1386,-0.1664,-0.2395,0.1478
20.0990,-2.775789,-1.000343,1.240089,-2.272309,-1.666187,2.984431,0.002277,-0.029453,-0.130795,0.005946,-0.006713,0.002950,0.4871,-4.7172,-2.7328,-0.1456,-0.2370,0.1415
20.1091,-2.775792,-1.000668,1.238836,-2.272265,-1.666284,2.984466,0.001129,-0.042304,-0.138613,0.002417,-0.008623,0.001881,0.5662,-5.2909,-3.3994,-0.2056,-0.2360,0.1532
20.1189,-2.775804,-1.000997,1.237464,-2.272185,-1.666380,2.984467,0.000905,-0.040277,-0.140895,0.008545,-0.008999,0.002618,0.4261,-5.1141,-3.1496,-0.2105,-0.2389,0.1252
20.1291,-2.775796,-1.001368,1.236037,-2.272105,-1.666442,2.984479,0.000492,-0.047942,-0.147023,0.005884,-0.009315,0.002478,0.5253,-5.3161,-3.0799,-0.1589,-0.2487,0.1481
20.1390,-2.775792,-1.001792,1.234615,-2.271973,-1.666538,2.984519,0.000195,-0.048082,-0.143813,0.014122,-0.012156,0.001252,0.5629,-5.4891,-3.4898,-0.1797,-0.2473,0.1578
20.1489,-2.775773,-1.002378,1.233065,-2.271838,-1.666697,2.984515,0.001093,-0.073113,-0.165328,0.007769,-0.016220,0.002035,0.5300,-5.7096,-3.6775,-0.2263,-0.2375,0.1454
20.1590,-2.775796,-1.003041,1.231448,-2.271705,-1.666865,2.984546,0.000593,-0.067045,-0.163102,0.021647,-0.018550,0.001688,0.5867,-5.2252,-3.2849,-0.1641,-0.2329,0.1418
20.1691,-2.775781,-1.003735,1.229808,-2.271475,-1.667097,2.984563,0.000503,-0.072085,-0.167798,0.023546,-0.022972,0.001902,0.5895,-5.5385,-3.1143,-0.1557,-0.2412,0.1198
20.1790,-2.775753,-1.004537,1.228100,-2.271218,-1.667315,2.984551,0.001407,-0.082823,-0.172212,0.028129,-0.027734,0.000870,0.5202,-5.8357,-3.9122,-0.2352,-0.2575,0.1474
20.1891,-2.775768,-1.005438,1.226186,-2.270950,-1.667666,2.984601,0.000788,-0.112236,-0.211421,0.024472,-0.040372,0.000898,0.6236,-5.8453,-4.2024,-0.2266,-0.2676,0.1269
20.1991,-2.775760,-1.006345,1.224041,-2.270564,-1.668144,2.984610,0.001251,-0.092601,-0.216346,0.046797,-0.047580,0.000931,0.4686,-5.4938,-3.5158,-0.1608,-0.2641,0.1347
20.2089,-2.775728,-1.007328,1.221774,-2.270062,-1.668602,2.984622,0.000749,-0.104016,-0.240685,0.048539,-0.054378,0.000813,0.5068,-5.6658,-3.8064,-0.2018,-0.3028,0.1366
20.2190,-2.775732,-1.008362,1.219292,-2.269463,-1.669257,2.984602,0.001490,-0.095372,-0.245099,0.064535,-0.064255,0.000799,0.4988,-4.9410,-3.5238,-0.1613,-0.2976,0.1505
20.2290,-2.775724,-1.009423,1.216695,-2.268963,-1.669988,2.984615,0.000666,-0.100082,-0.263012,0.063747,-0.072050,0.000810,0.5453,-5.2667,-3.5296,-0.1067,-0.3107,0.1285
20.2391,-2.775693,-1.010415,1.214087,-2.268168,-1.670723,2.984665,0.002094,-0.090548,-0.258427,0.083876,-0.076862,0.000828,0.4244,-4.5983,-3.0604,-0.1541,-0.2799,0.1211
20.2491,-2.775661,-1.011361,1.211468,-2.267440,-1.671531,2.984651,0.000947,-0.094660,-0.264132,0.078947,-0.077301,0.000664,0.5491,-4.4715,-2.9865,-0.0908,-0.2567,0.1180
20.2592,-2.775653,-1.012244,1.208853,-2.266558,-1.672263,2.984639,0.001715,-0.078867,-0.255693,0.093935,-0.075690,0.000577,0.4814,-3.8858,-2.4497,-0.0097,-0.2468,0.1203
20.2691,-2.775664,-1.012999,1.206364,-2.265569,-1.673033,2.984639,0.001514,-0.073269,-0.244073,0.099646,-0.074798,0.000482,0.5077,-4.5243,-2.9396,-0.0531,-0.2492,0.1275
20.2791,-2.775644,-1.013702,1.203986,-2.264490,-1.673682,2.984666,0.001088,-0.071056,-0.228661,0.108747,-0.068183,0.000446,0.5491,-4.4155,-2.6301,-0.1184,-0.2199,0.1256
20.2890,-2.775632,-1.014368,1.201798,-2.263486,-1.674345,2.984651,0.001251,-0.067560,-0.211929,0.104258,-0.062455,0.000454,0.5787,-4.6374,-2.6268,-0.1164,-0.1904,0.1329
20.2989,-2.775636,-1.014980,1.199841,-2.262431,-1.674886,2.984651,0.001438,-0.060004,-0.189303,0.101682,-0.054501,0.000460,0.5974,-4.3184,-2.2603,-0.1033,-0.2001,0.1267
20.3089,-2.775624,-1.015629,1.198073,-2.261491,-1.675396,2.984674,0.001115,-0.075615,-0.172909,0.089367,-0.046031,0.000483,0.7519,-5.2287,-2.9627,-0.1509,-0.1951,0.1233
20.3193,-2.775596,-1.016310,1.196453,-2.260489,-1.675746,2.984701,0.001441,-0.072148,-0.149427,0.093667,-0.038519,0.000375,0.6512,-5.1079,-2.5939,-0.1594,-0.2061,0.1151
20.3289,-2.775604,-1.017112,1.195100,-2.259641,-1.676109,2.984663,0.001577,-0.085157,-0.129037,0.082708,-0.031606,0.000371,0.6561,-5.3372,-2.5968,-0.1396,-0.2079,0.1204
20.3390,-2.775579,-1.017990,1.193924,-2.258732,-1.676369,2.984659,0.001618,-0.090268,-0.106429,0.086021,-0.026261,0.000424,0.6582,-5.3321,-2.7041,-0.1684,-0.2289,0.1289
20.3490,-2.775547,-1.019003,1.192944,-2.257951,-1.676612,2.984674,0.003437,-0.124938,-0.097383,0.070209,-0.022505,0.000367,0.6921,-5.9943,-3.0900,-0.1628,-0.2078,0.1254
20.3590,-2.775508,-1.020228,1.192092,-2.257100,-1.676785,2.984671,0.001620,-0.120032,-0.076711,0.081124,-0.018000,0.000363,0.5310,-5.7415,-2.7414,-0.1903,-0.2031,0.1046
20.3692,-2.775512,-1.021502,1.191356,-2.256398,-1.676944,2.984678,0.001474,-0.132741,-0.066357,0.071676,-0.014496,0.000312,0.5804,-5.7136,-2.8108,-0.1770,-0.2112,0.1210
20.3790,-2.775503,-1.022900,1.190838,-2.255614,-1.677064,2.984690,0.001403,-0.137902,-0.054296,0.070784,-0.011440,0.000283,0.6464,-5.6332,-2.6530,-0.1712,-0.1908,0.1290
20.3891,-2.775479,-1.024440,1.190303,-2.255053,-1.677157,2.984699,0.002152,-0.159396,-0.046516,0.054344,-0.008072,0.000274,0.6225,-5.8080,-2.6050,-0.1442,-0.1880,0.1193
20.3991,-2.775470,-1.026018,1.189931,-2.254433,-1.677189,2.984683,0.001409,-0.155589,-0.027083,0.060203,-0.005028,0.000217,0.5208,-5.0988,-2.4675,-0.1611,-0.1678,0.1099
20.4090,-2.775443,-1.027646,1.189680,-2.253893,-1.677253,2.984683,0.003703,-0.166318,-0.021078,0.045541,-0.004704,0.000209,0.9566,-5.3794,-2.5847,-0.1916,-0.1937,0.1193
20.4189,-2.775415,-1.029315,1.189569,-2.253472,-1.677273,2.984699,0.002657,-0.164131,-0.010897,0.041551,-0.004069,0.000205,0.8804,-4.6444,-2.4202,-0.1702,-0.1895,0.1132
20.4289,-2.775331,-1.030877,1.189506,-2.253132,-1.677340,2.984703,0.012332,-0.169814,-0.001923,0.029054,-0.004686,0.000201,0.9310,-5.1965,-2.3551,-0.1570,-0.1827,0.1214
20.4389,-2.775207,-1.032537,1.189576,-2.252763,-1.677341,2.984718,0.018252,-0.158903,0.007771,0.032117,-0.003911,0.000177,0.9167,-4.7861,-2.0460,-0.2046,-0.1832,0.1260
20.4490,-2.775005,-1.034075,1.189611,-2.252523,-1.677432,2.984671,0.026408,-0.162784,0.006178,0.019328,-0.004326,0.000150,1.2517,-4.9675,-1.8344,-0.1741,-0.1660,0.1338
20.4591,-2.774725,-1.035590,1.189717,-2.252374,-1.677412,2.984703,0.028908,-0.150952,0.008964,0.018229,-0.004085,0.000154,1.0384,-4.3249,-1.5615,-0.1315,-0.1792,0.1148
20.4689,-2.774395,-1.037036,1.189813,-2.252241,-1.677433,2.984703,0.040551,-0.141412,0.008261,0.013320,-0.002978,0.000154,1.2267,-5.2052,-1.6513,-0.1658,-0.1816,0.1321
20.4791,-2.773951,-1.038430,1.189877,-2.252074,-1.677485,2.984722,0.048944,-0.141065,0.005007,0.011826,-0.003526,0.000140,1.3052,-4.9257,-1.8826,-0.1675,-0.1410,0.1255
20.4893,-2.773417,-1.039760,1.189873,-2.251938,-1.677536,2.984692,0.062165,-0.140607,0.000210,0.010865,-0.004085,0.000144,1.4171,-4.8640,-2.1356,-0.1579,-0.1459,0.1127
20.4991,-2.772786,-1.041109,1.189873,-2.251810,-1.677532,2.984679,0.065332,-0.128353,-0.001642,0.018533,-0.002429,0.000131,1.0852,-4.6171,-2.2635,-0.1312,-0.1845,0.1254
20.5090,-2.772028,-1.042367,1.189794,-2.251567,-1.677536,2.984686,0.087744,-0.137713,-0.013089,0.022747,-0.001895,0.000130,1.4090,-5.4070,-2.7705,-0.1857,-0.1762,0.1282
20.5191,-2.771200,-1.043638,1.189666,-2.251263,-1.677581,2.984683,0.084676,-0.128656,-0.015747,0.037301,-0.005219,0.000136,1.1983,-5.0750,-2.8194,-0.1587,-0.1655,0.1207
20.5289,-2.770329,-1.044955,1.189518,-2.250878,-1.677596,2.984703,0.093790,-0.129354,-0.020350,0.040730,-0.002254,0.000121,1.1629,-4.9612,-2.7935,-0.0943,-0.1893,0.1205
20.5390,-2.769393,-1.046241,1.189283,-2.250374,-1.677624,2.984699,0.091523,-0.125563,-0.020002,0.056829,-0.003640,0.000127,0.8456,-4.9936,-2.8795,-0.1381,-0.1931,0.1227
20.5492,-2.768461,-1.047597,1.189102,-2.249767,-1.677651,2.984730,0.103799,-0.139690,-0.030259,0.063397,-0.002413,0.000115,1.3870,-5.6712,-3.1246,-0.1313,-0.1839,0.1083
20.5588,-2.767473,-1.048968,1.188792,-2.248975,-1.677640,2.984723,0.094248,-0.129023,-0.027270,0.084630,-0.003197,0.000121,0.8277,-5.0131,-2.8623,-0.1194,-0.2053,0.1115
20.5691,-2.766521,-1.050308,1.188519,-2.248102,-1.677656,2.984695,0.097551,-0.131947,-0.030205,0.090667,-0.001377,0.000111,0.7013,-4.9134,-2.8760,-0.0946,-0.2133,0.1177
20.5791,-2.765625,-1.051643,1.188200,-2.247107,-1.677704,2.984707,0.087564,-0.130758,-0.030725,0.098892,-0.003114,0.000113,0.5119,-5.1107,-3.2049,-0.1120,-0.2005,0.1219
20.5893,-2.764782,-1.053024,1.187883,-2.246062,-1.677677,2.984704,0.083197,-0.151367,-0.040134,0.111038,-0.001019,0.000100,0.8906,-5.5055,-3.1593,-0.1058,-0.2112,0.1114
20.5989,-2.763994,-1.054454,1.187508,-2.244798,-1.677673,2.984711,0.074684,-0.138759,-0.033261,0.132117,-0.000814,0.000090,0.3633,-5.1190,-2.9755,-0.1099,-0.2232,0.1250
20.6093,-2.763311,-1.055875,1.187188,-2.243474,-1.677680,2.984719,0.069206,-0.149766,-0.036583,0.139546,-0.001266,0.000082,0.6667,-5.5210,-3.2273,-0.0885,-0.2031,0.0992
20.6190,-2.762705,-1.057424,1.186821,-2.241951,-1.677688,2.984692,0.060241,-0.147827,-0.033957,0.157553,-0.000633,0.000075,0.4398,-4.9038,-2.9414,-0.0672,-0.2056,0.0991
20.6290,-2.762137,-1.058926,1.186461,-2.240384,-1.677720,2.984723,0.056477,-0.157727,-0.036056,0.172247,-0.000792,0.000083,0.7395,-5.3168,-3.0622,-0.0496,-0.1948,0.1226
20.6391,-2.761623,-1.060514,1.186175,-2.238568,-1.677717,2.984695,0.049526,-0.159599,-0.033905,0.189368,-0.000532,0.000077,0.5838,-5.0038,-2.9055,-0.0533,-0.1953,0.0881
20.6491,-2.761174,-1.062065,1.185779,-2.236653,-1.677732,2.984723,0.048464,-0.172799,-0.037305,0.202825,-0.000415,0.000072,0.8519,-5.6722,-3.1030,-0.0351,-0.1899,0.0589
20.6589,-2.760708,-1.063766,1.185496,-2.234484,-1.677728,2.984711,0.043499,-0.172225,-0.030807,0.228545,-0.000583,0.000046,0.5949,-4.7349,-2.8331,-0.0512,-0.1899,0.0031
20.6691,-2.760294,-1.065480,1.185196,-2.232124,-1.677744,2.984699,0.042187,-0.179714,-0.030897,0.237097,-0.000550,-0.002803,0.9311,-5.6014,-3.1759,-0.0761,-0.1836,-0.0318
20.6791,-2.759913,-1.067270,1.184898,-2.229650,-1.677744,2.984640,0.037228,-0.179733,-0.028812,0.254505,-0.000393,-0.003912,0.7151,-5.3462,-3.0593,-0.1188,-0.2003,-0.0511
20.6891,-2.759539,-1.069022,1.184621,-2.227081,-1.677748,2.984635,0.037409,-0.185602,-0.028607,0.255974,-0.000369,-0.004627,0.7299,-5.1458,-2.9690,-0.0321,-0.1912,-0.0596
20.6991,-2.759205,-1.070892,1.184360,-2.224480,-1.677745,2.984591,0.033575,-0.175878,-0.025787,0.262435,-0.000333,-0.004419,0.5133,-4.5446,-2.6428,-0.0780,-0.1792,-0.0677
20.7090,-2.758879,-1.072674,1.184053,-2.221871,-1.677756,2.984559,0.035144,-0.195413,-0.030780,0.258834,-0.000272,-0.004005,0.9285,-5.5658,-2.9370,-0.0965,-0.1896,-0.0776
20.7190,-2.758558,-1.074597,1.183793,-2.219129,-1.677771,2.984530,0.031925,-0.187280,-0.023602,0.270705,-0.000213,-0.003450,0.6150,-4.9129,-2.7056,-0.1198,-0.1826,-0.0903
20.7291,-2.758201,-1.076463,1.183561,-2.216479,-1.677771,2.984506,0.032694,-0.191780,-0.022000,0.262582,-0.000172,-0.004780,0.6743,-5.0621,-2.7304,-0.0753,-0.1800,-0.0902
20.7391,-2.757917,-1.078378,1.183425,-2.213830,-1.677724,2.984462,0.029279,-0.187718,-0.016533,0.261072,-0.000173,-0.006365,0.5153,-5.1120,-2.8890,-0.1432,-0.1709,-0.1032
20.7493,-2.757621,-1.080340,1.183245,-2.211253,-1.677706,2.984398,0.032178,-0.216314,-0.024451,0.252852,-0.000173,-0.005236,0.7601,-5.9577,-3.1555,-0.0871,-0.1826,-0.0980
20.7591,-2.757308,-1.082454,1.183083,-2.208652,-1.677733,2.984409,0.026221,-0.202335,-0.015068,0.265772,-0.000153,-0.003134,0.4819,-5.2251,-2.8507,-0.1204,-0.1927,-0.1016
20.7692,-2.757059,-1.084539,1.182924,-2.206172,-1.677768,2.984350,0.025692,-0.208246,-0.016425,0.251954,-0.000156,-0.002143,0.4721,-5.1939,-2.8632,-0.1149,-0.1919,-0.0784
20.7790,-2.756835,-1.086633,1.182741,-2.203676,-1.677775,2.984335,0.022809,-0.206703,-0.017104,0.241881,-0.000139,-0.001274,0.3485,-5.2346,-3.0311,-0.1164,-0.1813,-0.0771
20.7890,-2.756621,-1.088806,1.182521,-2.201351,-1.677737,2.984338,0.021775,-0.227476,-0.030364,0.238824,-0.000191,-0.001598,0.5741,-5.4778,-3.0679,-0.0860,-0.2017,-0.1102
20.7989,-2.756426,-1.090938,1.182221,-2.198841,-1.677783,2.984302,0.016956,-0.206930,-0.025371,0.245966,-0.000380,-0.003290,0.3247,-4.7331,-2.8685,-0.1509,-0.1879,-0.1192
20.8092,-2.756254,-1.092944,1.181923,-2.196479,-1.677768,2.984266,0.017799,-0.218893,-0.036804,0.229719,-0.000286,-0.003555,0.5699,-5.2375,-3.1905,-0.0751,-0.1865,-0.1174
20.8191,-2.756101,-1.095047,1.181585,-2.194029,-1.677749,2.984258,0.014775,-0.206834,-0.039286,0.236698,-0.000264,-0.003756,0.5032,-4.4410,-2.9901,-0.1303,-0.1875,-0.0993
20.8288,-2.755949,-1.097060,1.181157,-2.191765,-1.677741,2.984218,0.017148,-0.213446,-0.052094,0.231425,-0.000249,-0.003108,0.6749,-5.2403,-3.1234,-0.1234,-0.1737,-0.0891
20.8390,-2.755793,-1.099095,1.180659,-2.189327,-1.677787,2.984245,0.015606,-0.198347,-0.050696,0.236772,-0.000212,-0.001497,0.5543,-4.8289,-3.2827,-0.1293,-0.1836,-0.1042
20.8492,-2.755688,-1.101022,1.180044,-2.187087,-1.677788,2.984210,0.019685,-0.208018,-0.066223,0.227077,-0.000161,-0.001042,0.7618,-5.3230,-3.3734,-0.1076,-0.1701,-0.1054
20.8590,-2.755449,-1.103103,1.179392,-2.184681,-1.677729,2.984185,0.018956,-0.196560,-0.066789,0.239492,-0.000131,-0.002140,0.5581,-4.1506,-2.9177,-0.1131,-0.1727,-0.1130
20.8690,-2.755256,-1.105014,1.178653,-2.182389,-1.677745,2.984170,0.022264,-0.195249,-0.074655,0.228999,-0.000114,-0.003227,0.8138,-5.0983,-3.2331,-0.1020,-0.1569,-0.1230
20.8788,-2.755047,-1.106936,1.177882,-2.180095,-1.677760,2.984149,0.022203,-0.188533,-0.082428,0.229716,-0.000101,-0.003265,0.6616,-4.6594,-2.9040,-0.1359,-0.1688,-0.1154
20.8892,-2.754799,-1.108831,1.177060,-2.177909,-1.677819,2.984122,0.024319,-0.186997,-0.087285,0.222387,-0.000107,-0.002776,0.7528,-4.6095,-2.9983,-0.0561,-0.1674,-0.0901
20.8990,-2.754567,-1.110651,1.176187,-2.175684,-1.677795,2.984110,0.024849,-0.168006,-0.085046,0.222624,-0.000099,-0.001144,0.3859,-3.9251,-2.7929,-0.0852,-0.1696,-0.1013
20.9091,-2.754287,-1.112342,1.175306,-2.173616,-1.677792,2.984098,0.025346,-0.178796,-0.094803,0.210204,-0.000091,-0.000693,0.6989,-5.2447,-3.1769,-0.0820,-0.1714,-0.0733
20.9191,-2.754065,-1.114073,1.174376,-2.171421,-1.677760,2.984082,0.022697,-0.164525,-0.088941,0.221521,-0.000084,-0.000422,0.4731,-4.6701,-3.0224,-0.0896,-0.1763,-0.0414
20.9292,-2.753814,-1.115746,1.173476,-2.169314,-1.677776,2.984110,0.021430,-0.166912,-0.090653,0.213009,-0.000078,-0.000253,0.5147,-4.5685,-2.9277,-0.0619,-0.1823,-0.0030
20.9391,-2.753601,-1.117386,1.172652,-2.167060,-1.677752,2.984113,0.019164,-0.159326,-0.082916,0.214289,-0.000085,0.000114,0.3701,-4.5553,-2.8870,-0.1344,-0.1787,0.0313
20.9490,-2.753437,-1.119010,1.171800,-2.165012,-1.677795,2.984125,0.017925,-0.180290,-0.089455,0.209665,-0.000079,0.001217,0.6138,-5.4646,-3.1705,-0.0820,-0.1453,0.0404
20.9589,-2.753256,-1.120729,1.170983,-2.162679,-1.677764,2.984103,0.014233,-0.164078,-0.077136,0.226367,-0.000017,0.002887,0.3806,-4.7502,-2.8361,-0.1427,-0.0762,0.0690
20.9691,-2.753148,-1.122396,1.170239,-2.160540,-1.677760,2.984134,0.012847,-0.166610,-0.076401,0.216201,0.001490,0.003682,0.3877,-4.7079,-2.6779,-0.1249,-0.0051,0.0698
20.9789,-2.753000,-1.124040,1.169520,-2.158330,-1.677728,2.984158,0.010929,-0.178513,-0.071308,0.219342,0.002338,0.003856,0.5523,-5.8945,-3.2451,-0.0271,0.0442,0.1105
20.9890,-2.752917,-1.125909,1.168800,-2.155904,-1.677688,2.984163,0.010935,-0.227181,-0.081365,0.271443,0.006336,0.004155,0.6405,-5.9067,-3.2008,0.0198,0.0646,0.0860
20.9989,-2.752848,-1.127987,1.168076,-2.152758,-1.677612,2.984230,0.004103,-0.213179,-0.065560,0.331202,0.009443,0.004624,0.3465,-5.3720,-2.8393,-0.0205,0.0428,0.0878
21.0090,-2.752820,-1.130127,1.167468,-2.149286,-1.677521,2.984254,0.003514,-0.245393,-0.072005,0.361226,0.008523,0.004628,0.6333,-6.5718,-3.5377,-0.0354,0.0700,0.0733
21.0190,-2.752827,-1.132603,1.166757,-2.145419,-1.677449,2.984306,0.001420,-0.255051,-0.065293,0.402929,0.008382,0.002868,0.4425,-5.8588,-3.1378,-0.0824,0.0874,0.1098
21.0290,-2.752843,-1.135270,1.166038,-2.141451,-1.677392,2.984318,0.000339,-0.283167,-0.072255,0.415048,0.008855,0.004312,0.5904,-6.5117,-3.1843,-0.0013,0.0966,0.0909
21.0390,-2.752831,-1.138155,1.165389,-2.137096,-1.677308,2.984318,-0.000665,-0.285710,-0.063738,0.434518,0.008686,0.002414,0.3873,-5.3945,-2.9126,-0.1489,0.1086,0.0981
21.0490,-2.752819,-1.141140,1.164761,-2.132924,-1.677268,2.984343,-0.000015,-0.305320,-0.066646,0.416277,0.007367,0.003143,0.5126,-5.6458,-2.8100,-0.0265,0.1084,0.1043
21.0590,-2.752788,-1.144271,1.164083,-2.128678,-1.677133,2.984382,0.000805,-0.293351,-0.054183,0.418186,0.009586,0.002271,0.1415,-3.9919,-2.5350,-0.0703,0.1052,0.1192
21.0690,-2.752807,-1.147239,1.163554,-2.124751,-1.677121,2.984395,0.001582,-0.284964,-0.050678,0.382624,0.006415,0.003242,0.2861,-5.1405,-2.7063,-0.0523,0.1380,0.1024
21.0789,-2.752772,-1.150155,1.163100,-2.120997,-1.677049,2.984435,0.000337,-0.290808,-0.047684,0.364475,0.007368,0.002395,0.4507,-4.7591,-2.8655,-0.0727,0.1086,0.1138
21.0890,-2.752779,-1.153030,1.162641,-2.117529,-1.677025,2.984466,0.001035,-0.290401,-0.046695,0.343106,0.004941,0.002873,0.3578,-4.5397,-2.6920,0.0074,0.1466,0.1093
21.0990,-2.752759,-1.155768,1.162249,-2.114137,-1.676932,2.984467,0.001914,-0.270657,-0.035741,0.334763,0.007355,0.002582,0.1329,-3.5222,-2.4001,-0.0650,0.1114,0.1127
21.1090,-2.752720,-1.158399,1.161910,-2.110917,-1.676885,2.984494,0.002948,-0.291216,-0.038793,0.317406,0.004288,0.001565,0.6573,-5.6390,-3.2669,-0.0544,0.1298,0.1303
21.1193,-2.752731,-1.161151,1.161575,-2.107640,-1.676853,2.984530,0.000516,-0.277211,-0.030460,0.328921,0.005717,0.002322,0.3705,-4.6284,-2.8009,-0.1010,0.1379,0.1119
21.1290,-2.752731,-1.163835,1.161263,-2.104448,-1.676793,2.984534,0.000610,-0.273756,-0.030115,0.312871,0.004954,0.001652,0.4438,-4.8666,-2.8130,-0.0534,0.1414,0.1211
21.1392,-2.752722,-1.166567,1.161009,-2.101191,-1.676757,2.984530,0.001219,-0.264851,-0.022161,0.313942,0.005250,0.001577,0.3675,-4.4119,-2.8805,-0.1665,0.1161,0.1094
21.1490,-2.752722,-1.169278,1.160779,-2.098210,-1.676710,2.984551,0.000758,-0.291523,-0.030018,0.301091,0.002903,0.001843,0.7156,-5.5139,-3.0835,-0.0558,0.1295,0.1236
21.1591,-2.752679,-1.172114,1.160512,-2.095055,-1.676697,2.984559,0.000727,-0.265334,-0.017896,0.316904,0.005226,0.001411,0.3003,-4.1537,-2.5723,-0.1055,0.1282,0.1071
21.1691,-2.752683,-1.174791,1.160333,-2.092029,-1.676630,2.984598,0.002012,-0.256444,-0.017369,0.297885,0.003693,0.001963,0.3636,-4.2431,-2.5428,-0.0588,0.1256,0.1229
21.1790,-2.752656,-1.177430,1.160168,-2.089109,-1.676609,2.984578,0.000649,-0.252318,-0.015596,0.284967,0.003584,0.001145,0.5258,-4.7616,-2.8240,-0.0877,0.1461,0.1162
21.1892,-2.752663,-1.180056,1.159989,-2.086360,-1.676617,2.984591,0.002212,-0.273389,-0.021022,0.277284,0.003163,0.000679,0.6226,-5.0538,-2.8660,0.0142,0.1401,0.1153
21.1989,-2.752623,-1.182610,1.159857,-2.083447,-1.676565,2.984591,0.001149,-0.245214,-0.008586,0.289986,0.003356,0.000732,0.4001,-4.4384,-2.5783,-0.1382,0.1313,0.1284
21.2090,-2.752626,-1.185015,1.159781,-2.080679,-1.676560,2.984615,0.003787,-0.263884,-0.012381,0.273325,0.003065,0.000729,0.5434,-5.5810,-2.8998,-0.0819,0.1085,0.1184
21.2190,-2.752587,-1.187576,1.159756,-2.077914,-1.676498,2.984619,0.001734,-0.256804,-0.004732,0.281283,0.002393,0.000630,0.4469,-4.5944,-2.6036,-0.0947,0.1341,0.1321
21.2292,-2.752559,-1.190141,1.159701,-2.075138,-1.676481,2.984630,0.002981,-0.271781,-0.007441,0.274622,0.002209,0.000740,0.7185,-5.3047,-2.7258,-0.0697,0.1303,0.1257
21.2391,-2.752550,-1.192725,1.159693,-2.072266,-1.676464,2.984599,0.001579,-0.245752,0.004160,0.276638,0.002456,0.000755,0.3622,-4.4690,-2.5350,-0.1726,0.1189,0.1145
21.2491,-2.752527,-1.195234,1.159665,-2.069709,-1.676485,2.984639,0.000900,-0.238482,-0.003326,0.249488,0.001086,0.000687,0.3874,-3.8450,-2.1574,-0.1429,0.1485,0.1143
21.2590,-2.752515,-1.197631,1.159613,-2.067381,-1.676430,2.984620,0.001474,-0.218339,0.000001,0.224514,0.002968,0.000575,0.3521,-2.8207,-2.0400,-0.1163,0.1351,0.1225
21.2690,-2.752479,-1.199704,1.159629,-2.065387,-1.676464,2.984639,0.001080,-0.187644,0.000000,0.187682,0.001060,0.000520,0.4385,-3.4107,-2.2013,-0.1117,0.1425,0.1292
21.2794,-2.752424,-1.201605,1.159572,-2.063610,-1.676433,2.984643,0.004768,-0.189964,-0.002804,0.165645,0.002282,0.000761,0.6119,-3.5615,-2.5032,-0.1052,0.1288,0.1159
21.2889,-2.752395,-1.203318,1.159607,-2.061961,-1.676418,2.984635,0.006187,-0.178820,-0.002117,0.159571,0.000853,0.000601,0.4561,-3.8572,-2.5910,-0.0426,0.1223,0.1182
21.2990,-2.752343,-1.204932,1.159609,-2.060245,-1.676401,2.984651,0.006444,-0.156270,0.000396,0.168301,0.001799,0.000380,0.3526,-3.9270,-2.3798,-0.1305,0.1286,0.1133
21.3092,-2.752255,-1.206475,1.159605,-2.058563,-1.676381,2.984670,0.025490,-0.190903,-0.009706,0.172283,0.001196,0.000374,1.1168,-5.6693,-2.8240,-0.0818,0.1358,0.0959
21.3188,-2.752024,-1.208256,1.159617,-2.056624,-1.676429,2.984663,0.028955,-0.187471,-0.000000,0.208205,0.000905,0.000288,1.0845,-5.4008,-2.8543,-0.0763,0.1445,0.0768
21.3290,-2.751714,-1.210168,1.159605,-2.054452,-1.676358,2.984663,0.040946,-0.203622,0.000042,0.226582,0.002027,0.000065,1.2636,-5.8187,-2.9561,-0.0519,0.1286,0.0164
21.3388,-2.751247,-1.212300,1.159621,-2.052042,-1.676350,2.984635,0.049067,-0.209916,-0.000000,0.251166,0.001180,-0.002458,1.4339,-5.4214,-2.7406,-0.0809,0.1493,-0.0242
21.3491,-2.750623,-1.214594,1.159518,-2.049524,-1.676408,2.984646,0.091851,-0.249637,-0.012682,0.272886,0.002533,-0.004033,2.0978,-5.9891,-2.8848,0.0033,0.1950,-0.0713
21.3590,-2.749698,-1.217047,1.159501,-2.046626,-1.676381,2.984566,0.097807,-0.240539,-0.002621,0.308476,0.001316,-0.007253,1.4721,-4.4821,-2.7767,-0.0473,0.1463,-0.0770
21.3692,-2.748596,-1.219445,1.159421,-2.043564,-1.676334,2.984479,0.121502,-0.240674,-0.010769,0.305898,0.001692,-0.008273,1.6998,-4.1942,-2.5190,-0.0184,0.1500,-0.0875
21.3791,-2.747248,-1.221837,1.159334,-2.040453,-1.676350,2.984418,0.141202,-0.239346,-0.011220,0.309616,0.000907,-0.009468,2.4435,-4.7427,-2.7721,0.0345,0.1530,-0.0943
21.3891,-2.745598,-1.224228,1.159159,-2.037212,-1.676413,2.984350,0.204492,-0.264003,-0.015258,0.348823,0.000580,-0.012416,2.8183,-5.3235,-2.7248,0.0726,0.1922,-0.1213
21.3990,-2.743468,-1.226685,1.159118,-2.033376,-1.676397,2.984223,0.207464,-0.238845,-0.003491,0.387071,0.000591,-0.014191,1.4996,-4.3892,-2.5770,-0.0109,0.0484,-0.1159
21.4091,-2.741309,-1.229090,1.159078,-2.029460,-1.676334,2.984189,0.236282,-0.255731,-0.009088,0.391598,-0.000270,-0.015446,1.9443,-5.3296,-2.8189,-0.0179,-0.0408,-0.1123
21.4191,-2.738942,-1.231637,1.159097,-2.025434,-1.676449,2.984082,0.235183,-0.249087,-0.000903,0.405421,-0.005227,-0.016782,1.2152,-4.3116,-2.4831,-0.0723,-0.0785,-0.1263
21.4291,-2.736574,-1.234114,1.159085,-2.021446,-1.676461,2.983982,0.244822,-0.257288,0.000005,0.403366,-0.005486,-0.018756,2.3360,-5.1304,-2.7107,-0.0436,-0.1053,-0.1453
21.4390,-2.734105,-1.236724,1.159090,-2.017442,-1.676505,2.983827,0.234484,-0.243585,0.003798,0.398550,-0.010549,-0.019123,0.9392,-4.3545,-2.4656,-0.1143,-0.1055,-0.1364
21.4491,-2.731822,-1.239254,1.159097,-2.013696,-1.676505,2.983650,0.229004,-0.251600,0.001881,0.374277,-0.008114,-0.019707,0.7929,-4.6678,-2.2353,-0.0800,-0.1830,-0.1380
21.4589,-2.729634,-1.241809,1.159106,-2.009970,-1.676672,2.983485,0.205695,-0.237586,0.006254,0.359953,-0.010704,-0.017863,0.0441,-3.2220,-1.7144,-0.1281,-0.1723,-0.1564
21.4691,-2.727667,-1.244146,1.159135,-2.006549,-1.676649,2.983286,0.182409,-0.225737,0.006271,0.324041,-0.009572,-0.016859,0.7652,-4.2291,-1.7130,-0.1093,-0.1969,-0.1692
21.4789,-2.725911,-1.246403,1.159233,-2.003462,-1.676729,2.983129,0.163127,-0.226824,0.008485,0.299925,-0.010467,-0.015257,0.1843,-3.9277,-1.7283,-0.0999,-0.1803,-0.1568
21.4892,-2.724395,-1.248622,1.159329,-2.000573,-1.676785,2.983036,0.143908,-0.225982,0.008663,0.282060,-0.008363,-0.014904,0.0094,-3.9440,-1.5748,-0.0878,-0.2138,-0.1637
21.4990,-2.723049,-1.250727,1.159445,-1.997723,-1.676865,2.982850,0.121201,-0.209312,0.015162,0.272609,-0.007461,-0.013446,-0.5209,-3.2126,-1.3131,-0.1491,-0.2172,-0.1696
21.5092,-2.721997,-1.252720,1.159624,-1.995173,-1.676885,2.982771,0.096421,-0.198734,0.016686,0.245653,-0.006992,-0.012112,0.1102,-4.3123,-1.5881,-0.1209,-0.2243,-0.1826
21.5191,-2.721063,-1.254643,1.159792,-1.992793,-1.677008,2.982629,0.076759,-0.179317,0.018940,0.227537,-0.008824,-0.010900,-0.2428,-3.6235,-1.4323,-0.1883,-0.1906,-0.1487
21.5290,-2.720369,-1.256333,1.159939,-1.990842,-1.677040,2.982529,0.064170,-0.164114,0.015572,0.190794,-0.006092,-0.008769,-0.2420,-3.2774,-1.2693,-0.1123,-0.2059,-0.1715
21.5391,-2.719876,-1.257905,1.160088,-1.989092,-1.677117,2.982457,0.047059,-0.151533,0.015243,0.167217,-0.006869,-0.007545,0.0470,-3.2988,-1.4166,-0.1689,-0.2031,-0.1705
21.5489,-2.719447,-1.259368,1.160223,-1.987599,-1.677208,2.982400,0.043160,-0.159436,0.009266,0.153788,-0.008223,-0.006623,0.3903,-4.1239,-1.5332,-0.0819,-0.2068,-0.1688
21.5590,-2.719091,-1.260785,1.160374,-1.986006,-1.677307,2.982328,0.031397,-0.139802,0.014558,0.157386,-0.009329,-0.006396,0.2652,-3.6837,-1.3344,-0.1009,-0.2082,-0.1650
21.5690,-2.718802,-1.262062,1.160527,-1.984480,-1.677372,2.982265,0.026478,-0.133961,0.014431,0.153093,-0.010224,-0.005549,0.4652,-4.1162,-1.4963,-0.1403,-0.2211,-0.1738
21.5790,-2.718589,-1.263363,1.160663,-1.982927,-1.677512,2.982224,0.022221,-0.137982,0.013666,0.154863,-0.013014,-0.005346,0.6342,-5.1511,-1.9095,-0.1398,-0.2086,-0.1562
21.5891,-2.718401,-1.264860,1.160786,-1.981317,-1.677631,2.982157,0.022610,-0.174765,0.007704,0.175216,-0.012954,-0.004882,0.7467,-5.2239,-1.8735,-0.0796,-0.2091,-0.1720
21.5991,-2.718224,-1.266504,1.160930,-1.979310,-1.677724,2.982121,0.016009,-0.161712,0.014465,0.205193,-0.011425,-0.005071,0.5380,-4.7633,-1.5921,-0.1319,-0.2247,-0.1758
21.6091,-2.718061,-1.268215,1.161074,-1.977265,-1.677786,2.982076,0.015911,-0.195234,0.009359,0.212843,-0.012039,-0.004522,0.7650,-5.9148,-2.0195,-0.1356,-0.2093,-0.1838
21.6190,-2.717972,-1.270292,1.161190,-1.974933,-1.677963,2.982059,0.011671,-0.202459,0.012365,0.233618,-0.012603,-0.003945,0.7072,-5.3014,-1.7904,-0.1543,-0.2000,-0.1615
21.6290,-2.717863,-1.272492,1.161231,-1.972581,-1.678040,2.982019,0.010937,-0.232971,0.006139,0.243042,-0.012102,-0.003730,0.8939,-5.7699,-1.7925,-0.0850,-0.2040,-0.1572
21.6391,-2.717740,-1.274865,1.161382,-1.969958,-1.678112,2.981971,0.009734,-0.233078,0.011020,0.260084,-0.010235,-0.003519,0.7379,-4.9879,-1.6964,-0.1865,-0.2303,-0.1726
21.6490,-2.717647,-1.277297,1.161472,-1.967441,-1.678240,2.981932,0.012499,-0.253860,0.005602,0.251964,-0.011271,-0.003471,0.8652,-5.0997,-1.7772,-0.0932,-0.1894,-0.1914
21.6588,-2.717483,-1.279855,1.161517,-1.964834,-1.678344,2.981879,0.012179,-0.246888,0.007135,0.259490,-0.007803,-0.006398,0.4605,-3.7073,-1.3753,-0.1047,-0.2041,-0.1757
21.6691,-2.717336,-1.282299,1.161584,-1.962390,-1.678419,2.981800,0.016729,-0.244428,0.005093,0.242470,-0.007706,-0.009450,0.7470,-4.5855,-1.5715,-0.0884,-0.2089,-0.1837
21.6788,-2.717156,-1.284732,1.161613,-1.959978,-1.678463,2.981707,0.017338,-0.238545,0.006738,0.238174,-0.006594,-0.009732,0.5122,-3.8712,-1.6829,-0.1145,-0.2293,-0.1456
21.6890,-2.716967,-1.287015,1.161618,-1.957742,-1.678567,2.981639,0.018253,-0.230989,0.002553,0.222964,-0.008158,-0.007501,0.5437,-3.7001,-1.4803,-0.0497,-0.2055,-0.1563
21.6989,-2.716802,-1.289214,1.161673,-1.955541,-1.678592,2.981556,0.016287,-0.210635,0.004043,0.218193,-0.005575,-0.005389,0.3149,-2.8835,-1.2666,-0.1169,-0.2171,-0.1530
21.7088,-2.716646,-1.291282,1.161721,-1.953523,-1.678648,2.981539,0.017102,-0.211578,0.001997,0.204484,-0.005974,-0.002600,0.6551,-4.2665,-1.7430,-0.1054,-0.2017,-0.1533
21.7189,-2.716450,-1.293272,1.161726,-1.951502,-1.678672,2.981508,0.014276,-0.195535,0.006548,0.203917,-0.002872,-0.002079,0.5174,-3.5536,-1.6766,-0.1352,-0.1857,-0.1497
21.7290,-2.716328,-1.295144,1.161750,-1.949532,-1.678684,2.981491,0.014775,-0.188232,0.001535,0.193661,-0.000932,-0.001010,0.3759,-3.6659,-1.5342,-0.1273,-0.1779,-0.1312
21.7390,-2.716162,-1.296987,1.161792,-1.947578,-1.678672,2.981503,0.012385,-0.175116,0.003648,0.186602,-0.000501,-0.000641,0.4007,-3.6473,-1.5532,-0.1407,-0.1277,-0.1269
21.7490,-2.716053,-1.298768,1.161777,-1.945814,-1.678687,2.981534,0.015925,-0.189146,0.001548,0.180491,-0.000285,-0.000444,0.6510,-4.3647,-1.7118,-0.1158,-0.0778,-0.1166
21.7589,-2.715956,-1.300607,1.161859,-1.943943,-1.678696,2.981515,0.012121,-0.174162,0.009447,0.188035,0.000202,-0.000339,0.4764,-3.5967,-1.5007,-0.0981,-0.0013,-0.0828
21.7691,-2.715813,-1.302318,1.161982,-1.942071,-1.678679,2.981503,0.013044,-0.168339,0.010952,0.181739,0.001990,-0.000240,0.5397,-3.7544,-1.3652,-0.1213,0.0317,-0.0626
21.7788,-2.715688,-1.304029,1.162058,-1.940295,-1.678640,2.981522,0.024935,-0.172063,0.012093,0.173840,0.004220,-0.000202,2.0847,-4.8400,-1.7972,-0.1108,0.1117,-0.0681
21.7888,-2.715228,-1.305797,1.162179,-1.938537,-1.678640,2.981541,0.082560,-0.206741,0.004621,0.181978,0.006709,-0.000174,2.1103,-4.9555,-1.8379,-0.0596,0.1364,-0.0954
21.7988,-2.714353,-1.307695,1.162280,-1.936532,-1.678588,2.981476,0.094342,-0.185484,0.012224,0.202016,0.002011,-0.000135,1.6147,-4.4540,-1.6870,-0.1163,0.0789,-0.1502
21.8089,-2.713214,-1.309538,1.162400,-1.934483,-1.678571,2.981471,0.154122,-0.198825,0.006647,0.200724,0.001497,-0.002693,3.3285,-5.1587,-1.9263,-0.0901,0.1114,-0.1643
21.8187,-2.711472,-1.311488,1.162432,-1.932438,-1.678675,2.981431,0.188604,-0.190246,0.004507,0.206737,0.000821,-0.004986,2.9924,-4.3719,-1.7727,-0.1089,0.0641,-0.1552
21.8288,-2.709200,-1.313418,1.162397,-1.930372,-1.678616,2.981429,0.273444,-0.196266,-0.002513,0.204795,0.000376,-0.003234,3.4590,-4.8173,-2.2205,-0.0888,0.0987,-0.1707
21.8389,-2.706357,-1.315352,1.162395,-1.928352,-1.678641,2.981359,0.305620,-0.179649,-0.001187,0.205663,-0.001659,-0.002175,2.6359,-3.7152,-2.1402,-0.0700,0.0018,-0.1575
21.8489,-2.703145,-1.317114,1.162328,-1.926377,-1.678620,2.981355,0.366715,-0.167750,-0.008669,0.197497,-0.000136,-0.001399,3.2421,-3.3731,-2.0541,-0.0456,-0.0528,-0.1595
21.8588,-2.699400,-1.318731,1.162205,-1.924473,-1.678783,2.981390,0.382725,-0.147524,-0.011329,0.189041,-0.008027,-0.000711,1.7769,-2.4920,-2.0378,-0.0267,-0.0568,-0.1339
21.8689,-2.695438,-1.320092,1.162066,-1.922677,-1.678667,2.981359,0.411607,-0.121292,-0.012999,0.182149,-0.002004,-0.000476,2.7016,-3.3167,-2.3663,-0.0751,-0.1299,-0.1248
21.8789,-2.691222,-1.321232,1.161957,-1.920906,-1.678779,2.981367,0.413679,-0.102358,-0.012582,0.171803,-0.010589,-0.000358,1.8323,-2.9998,-2.4567,-0.0643,-0.0979,-0.1041
21.8889,-2.687063,-1.322096,1.161846,-1.919285,-1.678711,2.981343,0.413566,-0.085763,-0.014718,0.162738,-0.003210,-0.000252,1.1097,-3.0815,-2.4940,-0.1042,-0.2029,-0.0564
21.8989,-2.682943,-1.322885,1.161717,-1.917645,-1.678815,2.981347,0.386459,-0.068156,-0.012742,0.152814,-0.006639,-0.000063,-0.0337,-2.8253,-2.6114,-0.1584,-0.2477,-0.0456
21.9090,-2.679168,-1.323453,1.161570,-1.916196,-1.678763,2.981363,0.365708,-0.065342,-0.017086,0.144925,-0.002922,-0.000001,1.5757,-3.8294,-2.8360,-0.1341,-0.2280,-0.0294
21.9189,-2.675643,-1.324064,1.161407,-1.914690,-1.678862,2.981339,0.330107,-0.060916,-0.017630,0.147661,-0.010465,0.001414,0.3311,-3.5412,-2.7791,-0.1710,-0.2097,-0.0190
21.9291,-2.672519,-1.324608,1.161286,-1.913253,-1.678823,2.981364,0.300194,-0.061386,-0.017528,0.142050,-0.002194,0.000919,0.1574,-3.8085,-2.9306,-0.1376,-0.2818,0.0060
21.9389,-2.669775,-1.325250,1.161118,-1.911766,-1.678891,2.981402,0.262583,-0.064241,-0.016357,0.146695,-0.003614,0.001606,-0.2870,-4.1106,-2.9391,-0.2021,-0.2875,0.0259
21.9492,-2.667394,-1.325956,1.160942,-1.910283,-1.678907,2.981419,0.229161,-0.099579,-0.022510,0.148937,-0.002828,0.003263,0.6779,-4.6300,-3.0247,-0.1483,-0.2716,0.0522
21.9591,-2.665253,-1.326921,1.160783,-1.908679,-1.678967,2.981431,0.193082,-0.099205,-0.014292,0.161773,-0.005419,0.005348,-0.1563,-4.1987,-2.9078,-0.1802,-0.2816,0.0490
21.9689,-2.663469,-1.327952,1.160647,-1.907080,-1.678915,2.981507,0.165038,-0.111144,-0.014213,0.159475,-0.001643,0.007499,-0.2567,-4.2469,-2.8855,-0.1810,-0.2971,0.0570
21.9789,-2.661992,-1.329176,1.160543,-1.905401,-1.678983,2.981563,0.136679,-0.127315,-0.010481,0.161823,-0.004329,0.008539,-0.6274,-4.9091,-3.1411,-0.1824,-0.2770,0.0811
21.9893,-2.660859,-1.330580,1.160405,-1.903864,-1.678994,2.981642,0.100608,-0.165594,-0.013486,0.157126,-0.002742,0.012619,-0.1721,-5.0324,-3.0649,-0.1496,-0.2725,0.1095
21.9991,-2.660030,-1.332213,1.160407,-1.902177,-1.679042,2.981750,0.071905,-0.156374,-0.001695,0.165350,-0.003039,0.014433,-0.4217,-4.4947,-2.6852,-0.1509,-0.2678,0.1035
22.0090,-2.659418,-1.333858,1.160360,-1.900534,-1.679059,2.981803,0.059835,-0.180588,-0.001851,0.159516,-0.001265,0.015843,0.4478,-4.9154,-2.5961,-0.1761,-0.2280,0.1006
22.0191,-2.658906,-1.335801,1.160400,-1.898954,-1.679100,2.981875,0.048227,-0.185618,0.003204,0.157282,-0.003045,0.019013,0.3778,-4.0427,-1.9953,-0.1383,-0.2083,0.1040
22.0290,-2.658445,-1.337702,1.160408,-1.897478,-1.679135,2.982051,0.050718,-0.196318,0.004799,0.152087,-0.000799,0.020125,0.7321,-4.6192,-1.8885,-0.0751,-0.1874,0.1453
22.0390,-2.657919,-1.339666,1.160535,-1.895882,-1.679159,2.982222,0.054579,-0.188164,0.013621,0.156249,-0.000567,0.020639,0.7012,-3.8347,-1.6516,-0.1333,-0.1894,0.1557
22.0492,-2.657391,-1.341586,1.160608,-1.894470,-1.679183,2.982407,0.071288,-0.194079,0.013694,0.136453,-0.001008,0.021113,1.5873,-3.8594,-1.5186,-0.1349,-0.1434,0.1505
22.0591,-2.656595,-1.343391,1.160813,-1.893175,-1.679196,2.982615,0.079587,-0.177304,0.017141,0.127019,-0.000599,0.020375,0.9493,-2.9173,-1.2915,-0.1232,-0.1397,0.1512
22.0688,-2.655685,-1.345064,1.161003,-1.892030,-1.679191,2.982811,0.101178,-0.164287,0.018565,0.108625,-0.000353,0.019980,1.3775,-3.8346,-1.5201,-0.1431,-0.1477,0.1540
22.0790,-2.654609,-1.346637,1.161161,-1.891007,-1.679196,2.982996,0.124838,-0.145489,0.021066,0.101386,-0.000631,0.018369,1.6246,-3.3099,-1.4991,-0.1569,-0.1053,0.1580
22.0891,-2.653276,-1.347961,1.161325,-1.890139,-1.679251,2.983159,0.148158,-0.129958,0.018822,0.083980,-0.000481,0.018245,1.8284,-3.2792,-1.3842,-0.1228,-0.0925,0.1572
22.0991,-2.651649,-1.349162,1.161502,-1.889302,-1.679279,2.983305,0.157166,-0.110602,0.019460,0.077604,-0.000366,0.016302,1.2695,-2.7557,-1.3944,-0.1461,-0.1323,0.1441
22.1090,-2.649975,-1.350143,1.161716,-1.888618,-1.679263,2.983469,0.192376,-0.098794,0.017225,0.069162,-0.000370,0.015141,2.4290,-3.5212,-1.3820,-0.1564,-0.0849,0.1553
22.1189,-2.647971,-1.351058,1.161849,-1.887922,-1.679324,2.983600,0.198027,-0.086056,0.017660,0.071299,-0.001948,0.012886,1.6685,-3.0837,-1.3337,-0.1664,-0.0987,0.1461
22.1291,-2.645861,-1.351852,1.162059,-1.887235,-1.679294,2.983721,0.216634,-0.077638,0.017984,0.066221,-0.000734,0.011453,1.5594,-3.1685,-1.3729,-0.1302,-0.1216,0.1529
22.1390,-2.643709,-1.352595,1.162236,-1.886590,-1.679291,2.983810,0.217787,-0.069869,0.018738,0.069267,-0.000508,0.009840,1.3230,-3.4895,-1.5018,-0.1949,-0.1550,0.1624
22.1491,-2.641482,-1.353262,1.162421,-1.885917,-1.679231,2.983913,0.239258,-0.088909,0.013992,0.065790,-0.000125,0.011913,2.0262,-4.0011,-1.4821,-0.1216,-0.1182,0.1643
22.1590,-2.639156,-1.354032,1.162619,-1.885128,-1.679252,2.984033,0.225465,-0.077520,0.020799,0.075682,-0.000231,0.012555,1.1906,-3.9004,-1.4837,-0.1674,-0.1498,0.1503
22.1690,-2.636952,-1.354786,1.162847,-1.884336,-1.679187,2.984106,0.222824,-0.083663,0.021299,0.075532,-0.000204,0.012210,0.8918,-4.1413,-1.6359,-0.1766,-0.1951,0.1739
22.1790,-2.634821,-1.355688,1.163090,-1.883508,-1.679251,2.984274,0.209779,-0.095708,0.021154,0.076552,-0.000491,0.012839,1.1083,-4.8207,-1.8157,-0.2331,-0.1951,0.1632
22.1890,-2.632724,-1.356777,1.163298,-1.882801,-1.679251,2.984390,0.211907,-0.133089,0.018405,0.073355,-0.001145,0.013416,1.6961,-4.8948,-1.6028,-0.1605,-0.1609,0.1530
22.1989,-2.630669,-1.358098,1.163510,-1.881973,-1.679235,2.984522,0.192932,-0.129470,0.026385,0.087291,-0.000679,0.013800,0.6536,-4.1158,-1.4625,-0.1748,-0.1848,0.1734
22.2093,-2.628798,-1.359451,1.163805,-1.881086,-1.679227,2.984678,0.192095,-0.150768,0.024158,0.081144,-0.000391,0.014417,0.9433,-4.7404,-1.5293,-0.1840,-0.1852,0.1555
22.2189,-2.626921,-1.361058,1.164089,-1.880273,-1.679267,2.984837,0.175002,-0.153965,0.028406,0.081840,-0.000421,0.013721,0.6916,-4.2616,-1.4110,-0.1981,-0.2015,0.1861
22.2291,-2.625187,-1.362699,1.164337,-1.879573,-1.679235,2.984986,0.170865,-0.172427,0.029510,0.069856,-0.000491,0.013672,1.1633,-4.5959,-1.4918,-0.1458,-0.1958,0.1654
22.2391,-2.623483,-1.364456,1.164646,-1.878810,-1.679223,2.985087,0.161064,-0.165815,0.035058,0.070960,-0.000366,0.011792,0.6315,-3.9910,-1.3083,-0.2003,-0.1734,0.1651
22.2490,-2.621889,-1.366184,1.165004,-1.878202,-1.679211,2.985198,0.163263,-0.173134,0.033206,0.056702,-0.000257,0.011615,1.0713,-3.9242,-1.2382,-0.1453,-0.1123,0.1625
22.2590,-2.620235,-1.367898,1.165318,-1.877669,-1.679248,2.985315,0.156092,-0.162741,0.037172,0.057057,-0.000212,0.010781,0.4815,-3.1828,-0.9859,-0.1197,-0.0771,0.1369
22.2693,-2.618686,-1.369534,1.165744,-1.877145,-1.679203,2.985430,0.154972,-0.153415,0.039903,0.051131,0.000969,0.009066,1.1077,-3.7253,-1.0820,-0.1602,0.0110,0.1518
22.2790,-2.617143,-1.371054,1.166132,-1.876629,-1.679208,2.985495,0.164726,-0.148842,0.041496,0.047823,0.001633,0.007446,1.1869,-3.3542,-1.1129,-0.1813,0.0557,0.1605
22.2890,-2.615470,-1.372467,1.166469,-1.876199,-1.679156,2.985555,0.175864,-0.137046,0.038798,0.036643,0.002954,0.005542,1.2919,-3.1411,-1.0828,-0.1300,0.0849,0.1486
22.2991,-2.613705,-1.373733,1.166884,-1.875881,-1.679155,2.985626,0.176597,-0.117910,0.039280,0.034215,0.002182,0.004946,0.6970,-2.7906,-1.0725,-0.1461,0.0347,0.1628
22.3092,-2.611928,-1.374832,1.167256,-1.875538,-1.679119,2.985655,0.211895,-0.110046,0.037126,0.028297,0.008481,0.006050,1.9137,-3.3848,-1.1878,-0.1712,0.0672,0.1774
22.3190,-2.609842,-1.375844,1.167631,-1.875298,-1.679151,2.985704,0.216230,-0.094074,0.037715,0.024726,0.001619,0.007257,1.3156,-2.9626,-1.1513,-0.1604,0.1004,0.1729
22.3292,-2.607736,-1.376714,1.168007,-1.875070,-1.679095,2.985839,0.230423,-0.084910,0.035337,0.018646,0.005520,0.010555,1.4364,-3.0604,-1.1707,-0.1781,0.0616,0.1762
22.3390,-2.605386,-1.377471,1.168363,-1.874894,-1.679099,2.985920,0.234772,-0.072161,0.035664,0.016157,0.004984,0.011746,1.5767,-3.0788,-1.2956,-0.1900,0.1043,0.1602
22.3492,-2.602969,-1.378134,1.168692,-1.874786,-1.678980,2.986083,0.273576,-0.071701,0.031333,0.009732,0.011092,0.013207,2.5078,-3.4370,-1.2849,-0.1627,0.1540,0.1614
22.3591,-2.600224,-1.378758,1.169035,-1.874690,-1.679016,2.986149,0.269227,-0.055816,0.032541,0.008628,0.003741,0.012114,1.2628,-3.2700,-1.3078,-0.1537,0.1488,0.1755
22.3691,-2.597508,-1.379240,1.169356,-1.874594,-1.678862,2.986291,0.274605,-0.050092,0.029912,0.004524,0.009681,0.011731,1.0939,-3.4397,-1.3573,-0.1886,0.0395,0.1734
22.3791,-2.594744,-1.379720,1.169616,-1.874561,-1.678864,2.986415,0.269585,-0.045702,0.026604,0.005970,0.005697,0.011910,1.8420,-3.2403,-1.3678,-0.1365,0.1449,0.1637
22.3892,-2.591933,-1.380127,1.169855,-1.874489,-1.678802,2.986500,0.295121,-0.042651,0.023421,0.013696,0.007150,0.012297,2.1547,-3.5526,-1.3283,-0.1410,0.1328,0.1725
22.3990,-2.588952,-1.380511,1.170111,-1.874283,-1.678768,2.986624,0.277506,-0.033200,0.021816,0.018590,0.001858,0.012421,1.0511,-3.3430,-1.4041,-0.1681,0.0885,0.1685
22.4089,-2.586127,-1.380808,1.170296,-1.874090,-1.678671,2.986741,0.288802,-0.031225,0.019245,0.022100,0.005461,0.011754,1.5805,-3.4069,-1.4569,-0.1547,0.0515,0.1758
22.4192,-2.583270,-1.381092,1.170452,-1.873831,-1.678736,2.986868,0.278845,-0.026344,0.015854,0.027807,0.001218,0.012105,1.0365,-3.2205,-1.3605,-0.1560,0.0462,0.1684
22.4291,-2.580514,-1.381335,1.170624,-1.873531,-1.678633,2.987016,0.280290,-0.022150,0.013912,0.037404,0.001740,0.013096,1.5750,-3.4360,-1.3642,-0.1361,0.0915,0.1823
22.4391,-2.577749,-1.381524,1.170759,-1.873104,-1.678664,2.987117,0.272530,-0.019406,0.012354,0.043048,0.000304,0.014290,1.0657,-3.3567,-1.3764,-0.1323,0.0737,0.1652
22.4491,-2.575140,-1.381704,1.170863,-1.872634,-1.678569,2.987304,0.275480,-0.020635,0.009781,0.046055,0.004238,0.014457,1.4199,-3.5341,-1.4988,-0.1604,0.0644,0.1824
22.4590,-2.572472,-1.381896,1.170955,-1.872209,-1.678633,2.987426,0.260326,-0.017657,0.007182,0.048509,0.000390,0.014885,0.5847,-3.3655,-1.5452,-0.1455,0.0260,0.1684
22.4692,-2.569923,-1.382043,1.171000,-1.871680,-1.678580,2.987589,0.253363,-0.017742,0.004892,0.049142,0.000280,0.015444,1.1785,-3.6097,-1.5399,-0.1727,0.0124,0.1952
22.4790,-2.567435,-1.382220,1.171017,-1.871200,-1.678584,2.987745,0.247250,-0.018984,0.003014,0.047483,-0.000142,0.016430,0.9086,-3.4483,-1.6856,-0.1628,-0.0283,0.1524
22.4892,-2.564988,-1.382422,1.171017,-1.870742,-1.678631,2.987917,0.240314,-0.018803,0.000263,0.043823,-0.000152,0.014153,0.8199,-3.4650,-1.8231,-0.1828,-0.0646,0.1636
22.4990,-2.562664,-1.382579,1.171004,-1.870352,-1.678612,2.988023,0.222576,-0.017465,-0.001851,0.040794,-0.001906,0.014246,0.1803,-3.2381,-1.9541,-0.1987,-0.1324,0.1759
22.5090,-2.560469,-1.382756,1.170976,-1.869942,-1.678623,2.988178,0.217607,-0.023335,-0.005879,0.034678,-0.001564,0.012781,1.0735,-3.5469,-2.1329,-0.1883,-0.1231,0.1595
22.5191,-2.558310,-1.382987,1.170972,-1.869630,-1.678695,2.988263,0.201064,-0.023567,-0.003238,0.028526,-0.006329,0.011590,0.4831,-3.3653,-2.3135,-0.1777,-0.1467,0.1650
22.5293,-2.556351,-1.383225,1.170886,-1.869388,-1.678675,2.988409,0.191533,-0.026103,-0.002855,0.022734,-0.003540,0.011117,0.5945,-3.5965,-2.3168,-0.1861,-0.1752,0.1731
22.5391,-2.554510,-1.383501,1.170916,-1.869145,-1.678755,2.988518,0.173324,-0.027854,-0.001176,0.021694,-0.005072,0.009835,0.5843,-3.6786,-2.2991,-0.1934,-0.1503,0.1420
22.5491,-2.552825,-1.383782,1.170894,-1.868987,-1.678806,2.988551,0.172379,-0.046813,-0.000562,0.013990,-0.001656,0.006879,1.3917,-4.0298,-2.3513,-0.2092,-0.1263,0.1454
22.5592,-2.551189,-1.384229,1.170903,-1.868813,-1.678788,2.988619,0.156414,-0.046756,0.003462,0.013578,-0.001088,0.005760,0.7495,-3.7534,-2.1454,-0.1932,-0.1151,0.1501
22.5693,-2.549963,-1.384612,1.170959,-1.868711,-1.678728,2.988647,0.148785,-0.049809,0.001549,0.013108,-0.001013,0.005531,0.9898,-4.3654,-1.9064,-0.2333,-0.0967,0.1578
22.5792,-2.548306,-1.385276,1.170965,-1.868572,-1.678783,2.988720,0.144732,-0.062468,0.002246,0.009391,-0.000400,0.005290,2.0283,-4.4968,-1.8461,-0.2202,-0.0040,0.1838
22.5890,-2.546741,-1.386018,1.170965,-1.868552,-1.678783,2.988799,0.180994,-0.088056,0.000910,0.005424,0.000919,0.008157,2.0101,-4.5147,-1.8810,-0.1861,0.0809,0.1838
22.5990,-2.544968,-1.386858,1.171019,-1.868405,-1.678779,2.988907,0.175593,-0.084240,0.005307,0.012957,0.000880,0.010424,1.2067,-4.0649,-1.7390,-0.1807,0.0046,0.1808
22.6089,-2.543238,-1.387776,1.171060,-1.868269,-1.678783,2.989022,0.195669,-0.093963,0.003257,0.013617,0.000444,0.011936,1.9916,-4.1079,-1.5921,-0.1603,0.0287,0.1852
22.6188,-2.541262,-1.388781,1.171088,-1.868113,-1.678847,2.989147,0.198319,-0.094032,0.004093,0.020786,0.000239,0.011602,1.4933,-3.4762,-1.3651,-0.1259,-0.0149,0.1814
22.6288,-2.539216,-1.389783,1.171088,-1.867885,-1.678788,2.989243,0.216030,-0.096883,0.002373,0.029521,0.000134,0.012012,2.0076,-3.6307,-1.4094,-0.1188,-0.0127,0.1961
22.6391,-2.537015,-1.390748,1.171086,-1.867546,-1.678788,2.989375,0.216413,-0.088897,0.004109,0.041190,-0.000169,0.011974,1.1058,-3.2400,-1.3969,-0.1268,-0.0938,0.1813
22.6492,-2.534872,-1.391620,1.171117,-1.867102,-1.678811,2.989520,0.221466,-0.083151,0.001516,0.048551,-0.000690,0.012364,1.2883,-3.2284,-1.4385,-0.0726,-0.0934,0.1865
22.6590,-2.532641,-1.392463,1.171117,-1.866552,-1.678812,2.989597,0.211727,-0.074789,0.000110,0.057081,-0.003307,0.011629,0.5010,-2.7055,-1.5190,-0.0722,-0.1357,0.1770
22.6692,-2.530534,-1.393121,1.171108,-1.865921,-1.678787,2.989744,0.202591,-0.062640,-0.002861,0.066260,-0.001589,0.011067,1.0858,-3.2353,-1.7354,-0.1172,-0.1623,0.1867
22.6790,-2.528487,-1.393772,1.171093,-1.865245,-1.678843,2.989856,0.190757,-0.052824,-0.001439,0.075178,-0.005283,0.009992,0.6676,-3.0639,-2.0094,-0.0817,-0.1515,0.1919
22.6888,-2.526623,-1.394253,1.171081,-1.864504,-1.678850,2.989952,0.179403,-0.045270,-0.004615,0.079825,-0.002572,0.009863,0.5402,-3.0212,-2.0062,-0.0943,-0.1912,0.1791
22.6989,-2.524891,-1.394662,1.171045,-1.863677,-1.678888,2.990052,0.160688,-0.037758,-0.004278,0.085463,-0.004338,0.008241,0.1509,-2.7816,-2.1425,-0.0978,-0.1972,0.1879
22.7090,-2.523368,-1.394946,1.171027,-1.862791,-1.678926,2.990105,0.146500,-0.028948,-0.003832,0.086332,-0.002127,0.007165,0.8604,-3.1358,-2.2547,-0.0655,-0.1850,0.1877
22.7193,-2.521948,-1.395250,1.171016,-1.861934,-1.678951,2.990161,0.132297,-0.023389,-0.002262,0.090910,-0.005827,0.006465,0.4839,-2.9641,-2.2319,-0.1437,-0.1833,0.1756
22.7290,-2.520673,-1.395438,1.170988,-1.861060,-1.678967,2.990209,0.120996,-0.018710,-0.001276,0.083593,-0.001599,0.006393,0.6831,-3.0011,-2.3102,-0.1218,-0.2174,0.1651
22.7389,-2.519565,-1.395582,1.170945,-1.860267,-1.678995,2.990266,0.110438,-0.013769,-0.000903,0.078759,-0.003152,0.005198,0.3266,-2.9810,-2.1536,-0.1622,-0.1880,0.1609
22.7491,-2.518589,-1.395694,1.170976,-1.859559,-1.678999,2.990337,0.099674,-0.009253,-0.000281,0.069996,-0.002202,0.004407,0.8552,-3.1240,-1.9660,-0.1453,-0.1940,0.1845
22.7589,-2.517665,-1.395700,1.171004,-1.858904,-1.679063,2.990384,0.087147,-0.004148,0.001418,0.061944,-0.004152,0.004143,0.5796,-3.1185,-1.8522,-0.1581,-0.2057,0.1694
22.7691,-2.516853,-1.395734,1.170997,-1.858316,-1.679059,2.990413,0.078299,-0.001291,0.001737,0.054432,-0.001505,0.004045,0.5858,-3.1436,-1.7149,-0.1780,-0.2107,0.1592
22.7790,-2.516161,-1.395738,1.171056,-1.857811,-1.679114,2.990437,0.071545,-0.000568,0.002197,0.046414,-0.002527,0.003500,0.9009,-3.4132,-1.7142,-0.2061,-0.1743,0.1829
22.7889,-2.515481,-1.395727,1.171048,-1.857432,-1.679123,2.990446,0.071840,-0.003986,0.001837,0.038527,-0.000951,0.003673,1.1628,-3.6598,-1.6704,-0.1983,-0.1623,0.1673
22.7989,-2.514801,-1.395774,1.171084,-1.857106,-1.679135,2.990529,0.067298,-0.006503,0.003620,0.030059,-0.001209,0.003196,0.8159,-3.7543,-1.6579,-0.2174,-0.1904,0.1744
22.8091,-2.514174,-1.395815,1.171108,-1.856830,-1.679131,2.990529,0.064230,-0.010227,0.003484,0.023417,-0.001276,0.002767,0.9507,-3.7712,-1.6769,-0.2104,-0.1791,0.1776
22.8189,-2.513575,-1.395946,1.171132,-1.856622,-1.679139,2.990604,0.059569,-0.012459,0.002818,0.018375,-0.002287,0.002650,0.8316,-3.6810,-1.6392,-0.2185,-0.1753,0.1600
22.8289,-2.512987,-1.396090,1.171141,-1.856486,-1.679171,2.990601,0.055134,-0.014700,0.001791,0.012954,-0.001344,0.002280,1.0174,-3.6665,-1.5296,-0.1846,-0.1810,0.1680
22.8389,-2.512444,-1.396266,1.171162,-1.856374,-1.679163,2.990613,0.052475,-0.016209,0.002040,0.009712,-0.001170,0.002423,0.8168,-3.4838,-1.5691,-0.1791,-0.1780,0.1778
22.8493,-2.511940,-1.396449,1.171172,-1.856286,-1.679186,2.990625,0.053839,-0.017224,0.000785,0.006271,-0.000943,0.001737,0.9552,-3.5365,-1.6663,-0.2173,-0.1778,0.1859
22.8590,-2.511420,-1.396614,1.171137,-1.856246,-1.679191,2.990657,0.052001,-0.016170,0.000010,0.003954,-0.000619,0.002087,0.8705,-3.3983,-1.8007,-0.2019,-0.1963,0.1619
22.8691,-2.510904,-1.396789,1.171161,-1.856256,-1.679203,2.990673,0.053997,-0.014636,-0.002517,0.003618,-0.000937,0.001659,0.8629,-3.4278,-1.9818,-0.1955,-0.1667,0.1640
22.8792,-2.510349,-1.396933,1.171148,-1.856182,-1.679207,2.990685,0.057473,-0.013733,-0.002178,0.003092,-0.000798,0.001979,1.0504,-3.2989,-2.1839,-0.1634,-0.1674,0.1807
22.8891,-2.509770,-1.397049,1.171099,-1.856162,-1.679184,2.990694,0.064370,-0.012300,-0.002856,0.002484,-0.000546,0.001282,1.1248,-3.3627,-2.2937,-0.1903,-0.1737,0.1773
22.8990,-2.509111,-1.397138,1.171072,-1.856114,-1.679239,2.990717,0.066528,-0.008710,-0.003219,0.003664,-0.000538,0.001610,0.8653,-3.2401,-2.4019,-0.1830,-0.1796,0.1665
22.9090,-2.508423,-1.397225,1.171036,-1.856074,-1.679203,2.990748,0.078682,-0.009156,-0.004647,0.003419,-0.000547,0.001366,1.3531,-3.3968,-2.4638,-0.1820,-0.1429,0.1647
22.9191,-2.507648,-1.397313,1.170985,-1.856085,-1.679235,2.990741,0.083036,-0.007840,-0.003125,0.003482,-0.000660,0.001170,1.0502,-3.4141,-2.4334,-0.1685,-0.1710,0.1597
22.9288,-2.506749,-1.397409,1.170973,-1.856027,-1.679227,2.990753,0.089019,-0.011032,-0.001940,0.002661,-0.000651,0.000720,1.0781,-3.4320,-2.3168,-0.1764,-0.1893,0.1556
22.9389,-2.505877,-1.397489,1.170970,-1.856009,-1.679251,2.990773,0.088814,-0.009961,-0.000336,0.002786,-0.000659,0.000871,0.9290,-3.4320,-2.2832,-0.1728,-0.1813,0.1592
22.9489,-2.504956,-1.397577,1.170973,-1.855958,-1.679251,2.990766,0.094215,-0.011088,-0.000000,0.003115,-0.000779,0.000607,1.1612,-3.5889,-2.0411,-0.2012,-0.1737,0.1584
22.9589,-2.504015,-1.397681,1.171012,-1.855934,-1.679251,2.990750,0.089765,-0.010184,0.002227,0.002765,-0.000691,0.000393,0.8403,-3.4656,-1.9040,-0.1773,-0.2098,0.1703
22.9691,-2.503055,-1.397770,1.171000,-1.855929,-1.679231,2.990766,0.087760,-0.011132,0.001471,0.002518,-0.000899,0.000423,0.7681,-3.5462,-1.7664,-0.1938,-0.1850,0.1709
22.9790,-2.502201,-1.397878,1.171006,-1.855901,-1.679255,2.990762,0.085486,-0.011346,0.001868,0.001691,-0.000659,0.000462,0.9548,-3.4996,-1.6787,-0.1840,-0.1858,0.1805
22.9889,-2.501293,-1.398001,1.171052,-1.855867,-1.679235,2.990746,0.093945,-0.012481,0.002209,0.001364,-0.000455,0.000487,0.9898,-3.6460,-1.6468,-0.1871,-0.1634,0.1519
22.9989,-2.500360,-1.398145,1.171076,-1.855865,-1.679263,2.990755,0.088336,-0.010866,0.003098,0.001347,-0.000382,0.000456,0.5731,-3.4446,-1.6437,-0.1990,-0.1786,0.1698
23.0089,-2.499475,-1.398245,1.171096,-1.855837,-1.679244,2.990786,0.094496,-0.011015,0.002190,0.001315,-0.000261,0.000560,0.9489,-3.5044,-1.5814,-0.1921,-0.1722,0.1652
23.0189,-2.498526,-1.398369,1.171120,-1.855837,-1.679259,2.990805,0.094392,-0.010267,0.002110,0.000883,-0.000278,0.000564,0.6506,-3.4016,-1.5524,-0.1667,-0.1793,0.1505
23.0290,-2.497562,-1.398449,1.171129,-1.855837,-1.679279,2.990798,0.097436,-0.009366,0.002151,0.001209,-0.000265,0.000490,1.1168,-3.4388,-1.5212,-0.1976,-0.1683,0.1548
23.0391,-2.496593,-1.398536,1.171141,-1.855844,-1.679303,2.990794,0.093775,-0.006769,0.001560,0.000807,-0.000353,0.000412,0.8662,-3.3043,-1.4690,-0.2086,-0.1805,0.1607
23.0492,-2.495644,-1.398584,1.171160,-1.855826,-1.679268,2.990817,0.093813,-0.005738,0.000999,0.000831,-0.000493,0.000396,0.9618,-3.3179,-1.5336,-0.1939,-0.1877,0.1553
23.0590,-2.494695,-1.398656,1.171157,-1.855799,-1.679287,2.990817,0.092125,-0.004255,0.000662,0.000638,-0.000546,0.000385,0.4985,-3.2025,-1.4720,-0.1823,-0.1919,0.1448
23.0692,-2.493809,-1.398673,1.171141,-1.855817,-1.679263,2.990810,0.086944,-0.003070,0.000611,0.000507,-0.000429,0.000350,0.8521,-3.3080,-1.4798,-0.1722,-0.1696,0.1553
23.0791,-2.492945,-1.398666,1.171157,-1.855802,-1.679299,2.990813,0.086412,-0.002460,0.000750,0.000652,-0.000409,0.000332,0.9491,-3.3536,-1.4520,-0.1833,-0.1672,0.1536
23.0891,-2.492089,-1.398689,1.171137,-1.855790,-1.679287,2.990794,0.088882,-0.001126,0.000701,0.000721,-0.000300,0.000272,0.9160,-3.3100,-1.5356,-0.1941,-0.1662,0.1505
23.0990,-2.491200,-1.398697,1.171189,-1.855775,-1.679303,2.990813,0.086333,-0.000995,0.000769,0.000630,-0.000225,0.000287,0.7595,-3.3549,-1.4941,-0.1959,-0.1706,0.1552
23.1089,-2.490347,-1.398701,1.171196,-1.855759,-1.679256,2.990817,0.090168,-0.000600,0.001262,0.000591,-0.000180,0.000271,1.1520,-3.4314,-1.4897,-0.1984,-0.1718,0.1546
23.1190,-2.489459,-1.398682,1.171239,-1.855766,-1.679311,2.990813,0.087993,-0.000434,0.000890,0.000703,-0.000206,0.000228,0.9691,-3.3108,-1.4929,-0.2077,-0.1711,0.1528
23.1290,-2.488609,-1.398709,1.171189,-1.855750,-1.679271,2.990860,0.088576,-0.000361,0.001188,0.000519,-0.000206,0.000197,0.9206,-3.3934,-1.4394,-0.2076,-0.1826,0.1664
23.1390,-2.487726,-1.398728,1.171216,-1.855781,-1.679318,2.990844,0.084641,-0.001143,0.000727,0.000320,-0.000192,0.000173,0.7537,-3.2399,-1.4286,-0.1991,-0.1904,0.1449
23.1488,-2.486913,-1.398721,1.171220,-1.855781,-1.679256,2.990825,0.078860,-0.000823,0.001233,0.000283,-0.000389,0.000155,0.9807,-3.3884,-1.4426,-0.2050,-0.1903,0.1530
23.1589,-2.486187,-1.398752,1.171229,-1.855746,-1.679296,2.990810,0.070205,-0.001849,0.000993,0.000262,-0.000484,0.000118,0.8561,-3.3555,-1.4616,-0.2054,-0.1938,0.1645
23.1692,-2.485505,-1.398742,1.171218,-1.855766,-1.679287,2.990834,0.065278,-0.000960,0.001498,0.000248,-0.000403,0.000104,0.6889,-3.3365,-1.4220,-0.2108,-0.2037,0.1561
23.1789,-2.484887,-1.398769,1.171280,-1.855750,-1.679299,2.990798,0.057406,-0.001727,0.002055,0.000190,-0.000351,0.000111,0.7393,-3.3952,-1.3843,-0.2145,-0.1843,0.1522
23.1893,-2.484373,-1.398781,1.171307,-1.855773,-1.679314,2.990837,0.052694,-0.002236,0.004173,0.000215,-0.000267,0.000102,0.8254,-3.3609,-1.2550,-0.2242,-0.1771,0.1574
23.1991,-2.483899,-1.398821,1.171345,-1.855781,-1.679311,2.990857,0.046590,-0.002865,0.007755,0.000212,-0.000232,0.000108,0.7519,-3.3292,-1.2979,-0.2044,-0.1843,0.1501
23.2092,-2.483452,-1.398869,1.171444,-1.855757,-1.679287,2.990841,0.042478,-0.003630,0.010824,0.000243,-0.000209,0.000100,0.7801,-3.3131,-1.2812,-0.1967,-0.1704,0.1596
23.2191,-2.483067,-1.398889,1.171556,-1.855773,-1.679311,2.990822,0.036785,-0.003585,0.012394,0.000230,-0.000179,0.000106,0.6698,-3.3331,-1.2997,-0.2138,-0.1663,0.1510
23.2293,-2.482769,-1.398920,1.171696,-1.855739,-1.679334,2.990837,0.032514,-0.002937,0.012026,0.000190,-0.000179,0.000113,0.9137,-3.3428,-1.2820,-0.2311,-0.1853,0.1616
23.2389,-2.482426,-1.398937,1.171816,-1.855769,-1.679307,2.990865,0.030792,-0.002860,0.013297,0.000188,-0.000159,0.000100,0.8024,-3.3716,-1.3606,-0.2184,-0.1787,0.1728
23.2491,-2.482126,-1.398965,1.171952,-1.855723,-1.679311,2.990857,0.030311,-0.002289,0.013999,0.000184,-0.000143,0.000108,1.0002,-3.4963,-1.4051,-0.2119,-0.1483,0.1583
23.2589,-2.481810,-1.398961,1.172084,-1.855754,-1.679323,2.990853,0.032101,-0.002357,0.012649,0.000166,-0.000130,0.000115,0.7730,-3.4764,-1.3846,-0.2140,-0.1696,0.1561
23.2692,-2.481482,-1.399000,1.172219,-1.855742,-1.679327,2.990837,0.035318,-0.002775,0.011440,0.000149,-0.000120,0.000105,0.9826,-3.5124,-1.3646,-0.2123,-0.1484,0.1570
23.2788,-2.481119,-1.399025,1.172308,-1.855745,-1.679289,2.990803,0.043757,-0.002825,0.011190,0.000124,-0.000110,0.000111,1.1304,-3.4826,-1.4517,-0.2173,-0.1146,0.1619
23.2890,-2.480675,-1.399045,1.172432,-1.855745,-1.679320,2.990818,0.054547,-0.002819,0.011724,0.000109,-0.000103,0.000140,1.3914,-3.4919,-1.3099,-0.2141,-0.0996,0.1548
23.2990,-2.480117,-1.399057,1.172551,-1.855730,-1.679316,2.990834,0.063938,-0.002538,0.012189,0.000114,-0.000096,0.000123,1.0878,-3.4878,-1.3966,-0.2171,-0.1184,0.1638
23.3092,-2.479437,-1.399081,1.172703,-1.855712,-1.679342,2.990818,0.083060,-0.002601,0.014096,0.000118,-0.000080,0.000130,1.6750,-3.5016,-1.3210,-0.2128,-0.0627,0.1488
23.3191,-2.478569,-1.399125,1.172804,-1.855712,-1.679340,2.990881,0.091638,-0.001821,0.015271,0.000274,-0.000084,0.000116,1.4215,-3.4822,-1.3708,-0.1692,-0.0898,0.1443
23.3293,-2.477574,-1.399141,1.172987,-1.855709,-1.679320,2.990853,0.108835,-0.001242,0.017334,0.002695,-0.000070,0.000121,1.2180,-3.2742,-1.3121,-0.1483,-0.0953,0.1525
23.3391,-2.476466,-1.399145,1.173156,-1.855658,-1.679331,2.990846,0.113813,-0.000428,0.018672,0.006066,-0.000000,0.000111,1.2532,-3.3071,-1.3044,-0.1406,-0.0733,0.1470
23.3490,-2.475277,-1.399160,1.173359,-1.855555,-1.679331,2.990885,0.138614,-0.000268,0.022619,0.009473,-0.000031,0.000102,1.8075,-3.3166,-1.2186,-0.1496,-0.0409,0.1486
23.3592,-2.473825,-1.399141,1.173599,-1.855495,-1.679340,2.990830,0.143641,-0.000126,0.025196,0.008022,-0.000000,0.000095,1.0301,-3.2626,-1.3159,-0.1781,-0.0880,0.1411
23.3691,-2.472339,-1.399122,1.173867,-1.855397,-1.679323,2.990849,0.152930,-0.000092,0.029011,0.009045,0.000091,0.000101,1.0543,-3.2558,-1.4265,-0.1740,-0.0895,0.1434
23.3791,-2.470802,-1.399157,1.174167,-1.855323,-1.679350,2.990834,0.153383,-0.000061,0.029807,0.008513,0.000000,0.000094,1.2754,-3.2492,-1.0998,-0.1625,-0.0814,0.1463
23.3890,-2.469185,-1.399172,1.174490,-1.855286,-1.679330,2.990830,0.167351,-0.000634,0.039051,0.008915,0.000000,0.000088,1.4865,-3.4918,-1.0146,-0.1610,-0.0634,0.1353
23.3990,-2.467456,-1.399180,1.174898,-1.855156,-1.679307,2.990846,0.163701,-0.004376,0.045483,0.007169,0.000000,0.000083,0.9708,-3.4882,-1.1192,-0.1611,-0.0979,0.1503
23.4092,-2.465811,-1.399249,1.175430,-1.855095,-1.679303,2.990846,0.167848,-0.008161,0.056261,0.007657,0.000000,0.000005,1.2337,-3.6316,-0.8694,-0.1641,-0.0804,0.1505
23.4190,-2.464102,-1.399391,1.176040,-1.855082,-1.679316,2.990842,0.164297,-0.014397,0.069149,0.004144,0.000000,0.000088,0.8413,-3.7068,-0.8161,-0.1335,-0.1017,0.1742
23.4291,-2.462421,-1.399575,1.176820,-1.855002,-1.679299,2.990851,0.166158,-0.019248,0.086923,0.007659,0.000000,0.003659,1.2568,-3.6710,-0.6479,-0.1412,-0.0906,0.1914
23.4390,-2.460779,-1.399803,1.177743,-1.854930,-1.679308,2.990928,0.158827,-0.025012,0.101009,0.004721,0.000000,0.006844,0.8984,-3.6588,-0.9340,-0.1707,-0.1309,0.1915
23.4490,-2.459206,-1.400063,1.178826,-1.854875,-1.679303,2.990997,0.157853,-0.029680,0.115083,0.003021,0.000000,0.007695,1.0633,-3.6607,-0.8595,-0.1733,-0.1133,0.1883
23.4589,-2.457711,-1.400391,1.180045,-1.854890,-1.679338,2.991050,0.146683,-0.033076,0.122777,0.001176,0.000000,0.008432,0.6504,-3.6133,-1.0545,-0.2247,-0.1362,0.1686
23.4689,-2.456258,-1.400735,1.181332,-1.854851,-1.679275,2.991134,0.141482,-0.037455,0.132051,0.000473,0.000000,0.007625,1.0166,-3.5844,-1.1946,-0.2557,-0.1537,0.1910
23.4789,-2.454910,-1.401115,1.182640,-1.854863,-1.679323,2.991234,0.138477,-0.042375,0.136175,0.000217,0.000000,0.008488,1.1557,-3.5796,-1.1534,-0.3296,-0.1133,0.1717
23.4890,-2.453596,-1.401527,1.184063,-1.854863,-1.679280,2.991290,0.139926,-0.046265,0.140679,-0.001204,0.000000,0.008154,1.2585,-3.8468,-1.1161,-0.3815,-0.1030,0.1681
23.4990,-2.452211,-1.402010,1.185468,-1.854921,-1.679289,2.991413,0.134907,-0.049886,0.144633,-0.003361,0.000000,0.006869,0.7731,-3.7149,-1.5075,-0.4393,-0.1195,0.1778
23.5090,-2.450924,-1.402557,1.186890,-1.854909,-1.679287,2.991449,0.145365,-0.056183,0.143457,-0.002573,0.000000,0.006124,1.5403,-3.9475,-1.0697,-0.4687,-0.0992,0.1828
23.5190,-2.449481,-1.403121,1.188327,-1.854965,-1.679359,2.991510,0.141593,-0.059680,0.140773,-0.005999,0.000000,0.006524,1.1588,-3.6991,-1.4443,-0.4527,-0.1206,0.1868
23.5289,-2.448050,-1.403689,1.189718,-1.854986,-1.679299,2.991574,0.144852,-0.061634,0.133892,-0.005886,0.000000,0.006169,1.1841,-3.7768,-1.5155,-0.4854,-0.1298,0.1609
23.5390,-2.446646,-1.404337,1.191013,-1.855050,-1.679320,2.991646,0.142641,-0.059662,0.126211,-0.005475,0.000000,0.005839,1.2870,-3.5346,-1.5965,-0.4838,-0.1290,0.1865
23.5490,-2.445136,-1.404956,1.192210,-1.855101,-1.679335,2.991675,0.168782,-0.062005,0.120565,-0.004468,0.000000,0.005524,1.7201,-3.7766,-1.2889,-0.4682,-0.0860,0.1767
23.5590,-2.443450,-1.405540,1.193441,-1.855118,-1.679336,2.991742,0.167130,-0.058309,0.113524,-0.004905,0.000000,0.004626,1.0257,-3.5460,-1.4830,-0.4869,-0.2138,0.1684
23.5691,-2.441750,-1.406120,1.194553,-1.855142,-1.679323,2.991790,0.173561,-0.056423,0.106999,-0.004794,-0.001969,0.004612,0.9744,-3.3645,-1.4193,-0.4886,-0.2381,0.1811
23.5791,-2.440026,-1.406604,1.195533,-1.855190,-1.679427,2.991861,0.174732,-0.050587,0.096617,-0.003815,-0.008088,0.004215,1.3545,-3.4619,-1.4687,-0.5043,-0.1927,0.1795
23.5892,-2.438180,-1.407089,1.196437,-1.855257,-1.679494,2.991874,0.193179,-0.051314,0.089891,-0.003942,-0.006454,0.004300,1.5041,-3.6004,-1.3177,-0.5012,-0.2004,0.1671
23.5989,-2.436210,-1.407560,1.197344,-1.855247,-1.679529,2.991907,0.186933,-0.045825,0.083948,-0.003984,-0.010448,0.003579,0.7429,-3.4158,-1.4427,-0.5169,-0.2148,0.1786
23.6090,-2.434311,-1.408004,1.198117,-1.855266,-1.679642,2.991950,0.191958,-0.045260,0.077098,-0.002746,-0.007368,0.003784,1.2768,-3.6315,-1.3147,-0.5060,-0.2380,0.1919
23.6191,-2.432386,-1.408463,1.198852,-1.855323,-1.679743,2.991951,0.187399,-0.042233,0.072886,-0.004141,-0.010216,0.002832,0.6562,-3.2809,-1.4997,-0.4909,-0.2109,0.1826
23.6290,-2.430512,-1.408864,1.199536,-1.855334,-1.679786,2.991975,0.188290,-0.039567,0.066383,-0.002842,-0.006375,0.003512,1.2976,-3.4130,-1.3341,-0.5176,-0.2375,0.1584
23.6390,-2.428651,-1.409236,1.200168,-1.855362,-1.679859,2.992023,0.180613,-0.037498,0.061731,-0.003054,-0.009246,0.002810,0.9392,-3.2831,-1.3510,-0.5042,-0.2189,0.1708
23.6490,-2.426864,-1.409627,1.200725,-1.855425,-1.679930,2.992051,0.185217,-0.036466,0.057573,-0.003773,-0.005705,0.002947,1.3635,-3.2908,-1.3330,-0.5221,-0.2272,0.1632
23.6589,-2.425040,-1.409963,1.201339,-1.855430,-1.680023,2.992056,0.179081,-0.032399,0.055552,-0.003425,-0.008380,0.002224,0.5698,-3.2705,-1.3918,-0.5083,-0.2141,0.1684
23.6688,-2.423313,-1.410200,1.201820,-1.855439,-1.680012,2.992099,0.175185,-0.029501,0.053016,-0.002010,-0.004362,0.002093,1.1860,-3.5327,-1.4345,-0.5037,-0.2507,0.1710
23.6792,-2.421631,-1.410516,1.202319,-1.855466,-1.680166,2.992135,0.167474,-0.035600,0.051857,-0.002072,-0.008049,0.002282,0.9898,-3.4648,-1.2819,-0.5189,-0.1996,0.1636
23.6891,-2.420054,-1.410862,1.202844,-1.855463,-1.680174,2.992151,0.163566,-0.040168,0.054126,-0.002001,-0.004482,0.002160,1.1483,-3.7124,-1.0978,-0.5178,-0.2295,0.1616
23.6988,-2.418486,-1.411279,1.203455,-1.855490,-1.680250,2.992174,0.151386,-0.043516,0.063144,-0.002571,-0.005470,0.001652,0.6093,-3.5920,-1.4166,-0.5242,-0.2323,0.1635
23.7096,-2.417062,-1.411735,1.204060,-1.855521,-1.680231,2.992183,0.148218,-0.055518,0.067290,-0.000869,-0.002501,0.005749,1.2487,-3.9323,-1.1647,-0.5286,-0.2217,0.2193
23.7193,-2.415614,-1.412305,1.204861,-1.855498,-1.680342,2.992298,0.135367,-0.063186,0.075590,-0.000752,-0.006791,0.013889,0.8007,-3.6799,-1.1253,-0.5076,-0.1829,0.2385
23.7294,-2.414312,-1.412969,1.205625,-1.855514,-1.680308,2.992447,0.130472,-0.070485,0.079866,-0.000409,-0.002058,0.018288,0.7686,-3.8032,-1.1894,-0.4440,-0.2412,0.2078
23.7389,-2.413103,-1.413709,1.206433,-1.855518,-1.680390,2.992662,0.116243,-0.075432,0.085048,-0.000015,-0.003580,0.023109,0.5008,-3.6660,-1.1798,-0.4036,-0.2331,0.2493
23.7489,-2.411992,-1.414500,1.207348,-1.855514,-1.680399,2.992955,0.106237,-0.086584,0.089520,0.000847,-0.002775,0.043020,0.8603,-3.9847,-1.1080,-0.3656,-0.2288,0.2727
23.7591,-2.411018,-1.415395,1.208256,-1.855509,-1.680462,2.993541,0.091477,-0.088957,0.094364,0.000902,-0.004848,0.063581,0.5489,-3.5710,-1.1072,-0.3303,-0.2106,0.2681
23.7695,-2.410150,-1.416338,1.209203,-1.855485,-1.680424,2.994317,0.080967,-0.091037,0.095305,0.001201,-0.002249,0.086723,0.3499,-3.5637,-1.2221,-0.3451,-0.2387,0.2666
23.7789,-2.409391,-1.417243,1.210166,-1.855478,-1.680510,2.995259,0.067984,-0.090850,0.097823,0.000768,-0.003286,0.105348,0.4698,-3.1706,-0.7950,-0.2674,-0.1950,0.3083
23.7891,-2.408738,-1.418166,1.211198,-1.855497,-1.680537,2.996538,0.065876,-0.088771,0.115642,0.002225,-0.001101,0.138711,0.7302,-3.5123,-0.8754,-0.2233,-0.2124,0.3130
23.7992,-2.408071,-1.419122,1.212394,-1.855418,-1.680546,2.998159,0.057614,-0.089243,0.125187,0.003849,-0.002824,0.166284,0.4937,-3.2493,-1.0207,-0.2350,-0.2055,0.3039
23.8093,-2.407510,-1.420034,1.213677,-1.855389,-1.680570,2.999924,0.063904,-0.085975,0.137922,0.004262,-0.001374,0.181482,1.2110,-2.9556,-0.7629,-0.1968,-0.1691,0.3095
23.8189,-2.406859,-1.420913,1.215044,-1.855379,-1.680625,3.001822,0.069357,-0.083164,0.141814,0.001716,-0.000930,0.191687,1.0798,-2.5984,-0.7548,-0.1920,-0.1817,0.2456
23.8295,-2.406091,-1.421641,1.216515,-1.855334,-1.680630,3.003729,0.089742,-0.072083,0.155965,0.004041,-0.001182,0.192544,1.3371,-2.9051,-0.7104,-0.2011,-0.1496,0.2688
23.8392,-2.405136,-1.422337,1.218127,-1.855307,-1.680666,3.005639,0.101654,-0.063976,0.159846,0.000811,-0.002661,0.187269,1.3251,-2.8581,-0.9321,-0.2034,-0.1310,0.2289
23.8490,-2.404025,-1.422881,1.219729,-1.855286,-1.680682,3.007404,0.128721,-0.053288,0.163859,0.000614,-0.000900,0.173635,2.1144,-3.0596,-1.0826,-0.2041,-0.1132,0.1957
23.8591,-2.402587,-1.423401,1.221352,-1.855271,-1.680711,3.009015,0.144424,-0.046078,0.158210,0.001440,-0.000523,0.156264,1.4298,-3.0331,-1.3374,-0.2177,-0.1358,0.1671
23.8691,-2.401012,-1.423777,1.222956,-1.855235,-1.680666,3.010432,0.173566,-0.036370,0.153871,0.003986,-0.001050,0.133461,1.8060,-3.1325,-1.2340,-0.2128,-0.1294,0.1543
23.8791,-2.399197,-1.424097,1.224455,-1.855192,-1.680729,3.011587,0.186476,-0.032472,0.143575,0.002048,-0.003039,0.110851,1.5866,-3.2466,-1.5312,-0.2294,-0.1310,0.1458
23.8891,-2.397227,-1.424339,1.225821,-1.855182,-1.680714,3.012596,0.202626,-0.027391,0.132790,0.003893,-0.000807,0.091278,1.6764,-3.3933,-1.5827,-0.2165,-0.1385,0.1463
23.8989,-2.395196,-1.424589,1.227093,-1.855118,-1.680734,3.013342,0.206809,-0.021363,0.118500,0.004357,-0.000643,0.070710,1.0086,-3.5383,-1.5899,-0.2144,-0.1929,0.1151
23.9092,-2.393117,-1.424793,1.228207,-1.855043,-1.680678,3.013931,0.221835,-0.027339,0.103131,0.005848,-0.001157,0.051677,1.7600,-3.7577,-1.3638,-0.2337,-0.1556,0.1484
23.9191,-2.390946,-1.425044,1.229183,-1.855010,-1.680734,3.014364,0.213601,-0.027179,0.092141,0.004536,-0.002723,0.038113,1.1421,-3.7422,-1.4257,-0.2212,-0.1875,0.1508
23.9291,-2.388823,-1.425313,1.230064,-1.854978,-1.680699,3.014662,0.215375,-0.031352,0.083812,0.005331,-0.001394,0.026095,0.9808,-3.8926,-1.5765,-0.2160,-0.1944,0.1402
23.9392,-2.386776,-1.425649,1.230891,-1.854880,-1.680726,3.014878,0.205134,-0.034986,0.076826,0.006569,-0.001642,0.016939,0.8335,-3.8853,-1.7459,-0.2204,-0.2160,0.1433
23.9490,-2.384755,-1.426032,1.231556,-1.854870,-1.680721,3.015010,0.213844,-0.050218,0.064842,0.004970,-0.000964,0.010706,1.5890,-4.1089,-1.4982,-0.2432,-0.1686,0.1368
23.9591,-2.382705,-1.426555,1.232189,-1.854803,-1.680743,3.015066,0.197846,-0.050343,0.062161,0.004807,-0.000753,0.003086,0.9284,-3.7203,-1.5666,-0.2064,-0.1990,0.1163
23.9689,-2.380738,-1.427092,1.232795,-1.854739,-1.680717,3.015085,0.193980,-0.055759,0.055126,0.004464,-0.001096,0.000844,0.7166,-3.8440,-1.5076,-0.2196,-0.2162,0.1163
23.9790,-2.378895,-1.427742,1.233274,-1.854734,-1.680777,3.015044,0.178072,-0.058203,0.049199,0.004975,-0.002373,0.000473,0.2952,-3.4295,-1.5238,-0.2041,-0.2118,0.1069
23.9888,-2.377181,-1.428343,1.233733,-1.854652,-1.680734,3.015051,0.158747,-0.060763,0.042688,0.003625,-0.001325,0.000369,0.7896,-3.5840,-1.4127,-0.1935,-0.2054,0.1102
23.9990,-2.375669,-1.428966,1.234141,-1.854663,-1.680758,3.015063,0.139659,-0.057414,0.037766,0.004908,-0.001694,0.000294,0.3821,-3.2535,-1.4161,-0.1960,-0.2376,0.1459
24.0089,-2.374353,-1.429542,1.234474,-1.854633,-1.680750,3.015094,0.124554,-0.059596,0.032319,0.003651,-0.001271,0.000276,0.4908,-3.4380,-1.4505,-0.1910,-0.2034,0.1938
24.0189,-2.373182,-1.430150,1.234790,-1.854599,-1.680798,3.015107,0.106503,-0.058187,0.030455,0.003735,-0.000568,0.005858,0.3345,-3.2465,-1.3592,-0.2099,-0.2004,0.1962
24.0289,-2.372206,-1.430726,1.235051,-1.854560,-1.680789,3.015226,0.095724,-0.059715,0.028559,0.002438,-0.000452,0.011392,0.5927,-3.5032,-1.4281,-0.1936,-0.1941,0.1744
24.0390,-2.371291,-1.431283,1.235347,-1.854519,-1.680813,3.015341,0.087093,-0.055403,0.031784,0.004800,-0.000380,0.014591,0.8236,-3.4162,-1.3460,-0.1968,-0.1715,0.1624
24.0490,-2.370431,-1.431881,1.235658,-1.854510,-1.680791,3.015494,0.096810,-0.057587,0.038044,0.002419,-0.000301,0.015358,1.2664,-3.4520,-0.9953,-0.1448,-0.1367,0.1708
24.0590,-2.369475,-1.432480,1.236094,-1.854463,-1.680823,3.015650,0.095216,-0.057172,0.048297,0.001934,-0.000249,0.016507,0.9862,-3.1671,-1.0196,-0.1582,-0.1364,0.1767
24.0689,-2.368454,-1.433048,1.236599,-1.854470,-1.680825,3.015815,0.107374,-0.057213,0.060277,0.002894,-0.000174,0.020130,1.4381,-3.4159,-1.1741,-0.1673,-0.1313,0.1749
24.0789,-2.367378,-1.433608,1.237249,-1.854415,-1.680830,3.016039,0.117001,-0.057039,0.071362,0.001651,-0.000146,0.021700,1.2782,-3.2492,-0.8801,-0.1566,-0.1146,0.1556
24.0890,-2.366188,-1.434169,1.238017,-1.854429,-1.680830,3.016259,0.128021,-0.057391,0.083007,0.001432,-0.000126,0.022225,1.5801,-3.1820,-0.7098,-0.1690,-0.0920,0.1833
24.0989,-2.364888,-1.434717,1.238893,-1.854411,-1.680842,3.016499,0.129261,-0.054502,0.091535,0.001314,-0.000110,0.023384,1.1109,-3.0877,-0.9328,-0.1851,-0.1413,0.1778
24.1090,-2.363582,-1.435248,1.239893,-1.854398,-1.680837,3.016731,0.144120,-0.050025,0.108629,0.003177,-0.000098,0.021757,1.6565,-3.3368,-0.6445,-0.1420,-0.0872,0.1770
24.1190,-2.362115,-1.435755,1.241023,-1.854356,-1.680842,3.016974,0.144369,-0.049014,0.119275,0.000840,-0.000089,0.020785,1.2137,-3.0710,-0.8353,-0.1682,-0.1153,0.1552
24.1291,-2.360660,-1.436223,1.242237,-1.854347,-1.680822,3.017141,0.149231,-0.045281,0.128358,0.000986,-0.000081,0.019146,1.1675,-3.1230,-0.9799,-0.1791,-0.1291,0.1542
24.1389,-2.359170,-1.436655,1.243537,-1.854351,-1.680834,3.017324,0.151921,-0.043571,0.129539,0.000770,-0.000074,0.016994,0.9046,-3.0976,-1.0836,-0.2190,-0.1414,0.1526
24.1489,-2.357667,-1.437059,1.244876,-1.854351,-1.680837,3.017500,0.165381,-0.041399,0.137187,0.000496,-0.000068,0.014925,1.5054,-3.3831,-1.0051,-0.1853,-0.0809,0.1488
24.1592,-2.356068,-1.437412,1.246256,-1.854351,-1.680826,3.017628,0.161267,-0.038054,0.137577,0.000439,-0.000064,0.012863,1.0128,-3.2773,-1.1715,-0.2097,-0.1401,0.1540
24.1691,-2.354449,-1.437779,1.247616,-1.854296,-1.680825,3.017749,0.163328,-0.035508,0.137820,0.000246,-0.000059,0.011075,0.9447,-3.3969,-1.3238,-0.2159,-0.1446,0.1555
24.1790,-2.352866,-1.438095,1.248955,-1.854314,-1.680796,3.017860,0.171270,-0.042515,0.128952,0.000230,-0.000056,0.008697,2.5158,-4.2660,-1.4489,-0.2499,-0.0810,0.1221
24.1888,-2.350910,-1.438570,1.250278,-1.854330,-1.680889,3.017886,0.229190,-0.071661,0.134091,0.000189,-0.000003,0.005686,2.2915,-4.1026,-1.1430,-0.2669,0.0144,0.1401
24.1990,-2.348604,-1.439240,1.251682,-1.854291,-1.680842,3.017946,0.233639,-0.072188,0.140167,0.000161,0.000039,0.004439,1.4164,-4.1552,-1.3499,-0.2593,-0.0679,0.1315
24.2090,-2.346155,-1.439966,1.253106,-1.854279,-1.680858,3.017969,0.267087,-0.088732,0.145049,0.000213,0.000036,0.004072,2.3684,-4.7292,-1.6875,-0.2680,-0.0401,0.1483
24.2190,-2.343385,-1.440913,1.254587,-1.854244,-1.680890,3.018052,0.276804,-0.098007,0.141860,0.000172,0.000023,0.003960,1.6883,-4.2925,-1.4967,-0.2787,-0.0709,0.1405
24.2290,-2.340447,-1.441998,1.255979,-1.854287,-1.680877,3.018060,0.301805,-0.119445,0.139319,0.000145,0.000021,0.003934,2.3579,-4.5167,-1.4576,-0.2755,-0.0610,0.1583
24.2389,-2.337311,-1.443236,1.257407,-1.854306,-1.680851,3.018128,0.301865,-0.121178,0.140353,0.000162,0.000010,0.003210,1.4648,-3.8976,-1.6310,-0.2098,-0.1071,0.1497
24.2491,-2.334260,-1.444454,1.258728,-1.854294,-1.680856,3.018133,0.312850,-0.130405,0.133583,0.001745,0.000000,0.003030,1.7646,-3.8114,-1.2546,-0.2310,-0.0935,0.1502
24.2590,-2.331100,-1.445808,1.260041,-1.854272,-1.680894,3.018172,0.306364,-0.126073,0.128357,0.000142,0.000000,0.003247,0.6334,-3.1549,-1.3115,-0.2046,-0.1431,0.1370
24.2692,-2.328160,-1.447011,1.261269,-1.854294,-1.680798,3.018170,0.293598,-0.121317,0.121063,0.001048,0.000000,0.002955,1.5141,-3.7096,-1.1480,-0.1997,-0.1476,0.1439
24.2789,-2.325270,-1.448271,1.262473,-1.854267,-1.680837,3.018217,0.281192,-0.113323,0.118423,0.000988,0.000000,0.002774,1.0855,-3.0814,-1.2277,-0.1593,-0.1498,0.1382
24.2891,-2.322573,-1.449315,1.263622,-1.854247,-1.680774,3.018229,0.270832,-0.101121,0.114478,0.001887,0.000000,0.001890,0.6039,-3.0654,-1.1869,-0.1803,-0.1832,0.1542
24.2990,-2.320025,-1.450358,1.264725,-1.854274,-1.680818,3.018268,0.243804,-0.092637,0.104646,0.001358,-0.000418,0.002419,0.0575,-2.4915,-1.2464,-0.1903,-0.2071,0.1457
24.3090,-2.317709,-1.451209,1.265711,-1.854243,-1.680786,3.018281,0.234629,-0.077453,0.105852,0.001150,-0.000787,0.002016,0.9592,-2.8517,-1.1899,-0.1696,-0.1485,0.1531
24.3190,-2.315423,-1.451957,1.266715,-1.854258,-1.680842,3.018270,0.216902,-0.067622,0.099795,0.000860,-0.000394,0.001678,0.3585,-2.5713,-1.1211,-0.2015,-0.1682,0.1512
24.3288,-2.313297,-1.452608,1.267682,-1.854262,-1.680779,3.018340,0.206039,-0.053074,0.099101,0.000617,-0.000178,0.001950,0.3313,-2.6000,-1.2249,-0.1918,-0.1690,0.1399
24.3390,-2.311326,-1.453084,1.268603,-1.854209,-1.680811,3.018329,0.187478,-0.046707,0.092475,0.000417,-0.000119,0.001568,0.5170,-2.5739,-1.2465,-0.2067,-0.1648,0.1536
24.3489,-2.309511,-1.453445,1.269512,-1.854234,-1.680810,3.018306,0.190354,-0.044480,0.090896,0.000313,-0.000090,0.001535,1.1883,-2.9119,-0.9520,-0.2145,-0.1230,0.1338
24.3590,-2.307621,-1.453843,1.270467,-1.854231,-1.680855,3.018342,0.176576,-0.037501,0.091593,0.000251,-0.000107,0.001218,0.5769,-2.9994,-1.1792,-0.2466,-0.1551,0.1391
24.3689,-2.305883,-1.454151,1.271380,-1.854226,-1.680810,3.018385,0.170963,-0.033628,0.090425,0.000209,-0.000090,0.001301,0.6653,-3.2302,-1.2514,-0.2481,-0.1546,0.1417
24.3790,-2.304229,-1.454491,1.272315,-1.854190,-1.680849,3.018370,0.164369,-0.038665,0.089319,0.000179,-0.000077,0.001180,1.5338,-3.8690,-1.5226,-0.2850,-0.1287,0.1515
24.3891,-2.302503,-1.454934,1.273136,-1.854219,-1.680830,3.018400,0.184651,-0.061779,0.087069,0.000051,-0.000067,0.004490,1.6549,-3.8090,-1.1730,-0.3308,-0.0889,0.1600
24.3988,-2.300707,-1.455492,1.274076,-1.854203,-1.680862,3.018473,0.175913,-0.059938,0.093777,0.000025,-0.000060,0.006907,0.9450,-3.7698,-1.4957,-0.3117,-0.1470,0.1580
24.4089,-2.298954,-1.456140,1.274981,-1.854198,-1.680849,3.018498,0.196504,-0.073187,0.088194,0.000039,-0.000041,0.009017,2.0907,-4.4600,-1.4116,-0.3154,-0.0687,0.1748
24.4191,-2.296957,-1.456962,1.275826,-1.854183,-1.680902,3.018613,0.204812,-0.081854,0.088524,0.000036,-0.000049,0.011342,1.5571,-3.9799,-1.5001,-0.3288,-0.0848,0.1935
24.4289,-2.294890,-1.457824,1.276662,-1.854203,-1.680873,3.018742,0.231429,-0.099332,0.081265,0.000004,-0.000030,0.014389,2.1671,-4.0963,-1.3495,-0.3365,-0.0420,0.1588
24.4389,-2.292533,-1.458819,1.277524,-1.854176,-1.680894,3.018917,0.240298,-0.095881,0.081968,0.000000,-0.000028,0.016204,1.8101,-3.8982,-1.4297,-0.2896,-0.0637,0.1714
24.4491,-2.290094,-1.459879,1.278261,-1.854223,-1.680869,3.019088,0.271050,-0.100773,0.077330,0.000000,-0.000014,0.023253,2.4223,-3.7220,-1.4539,-0.2697,-0.0182,0.2237
24.4588,-2.287368,-1.460859,1.278982,-1.854246,-1.680945,3.019420,0.279000,-0.093690,0.070511,0.000000,-0.000000,0.036315,1.3213,-3.2685,-1.3000,-0.2557,-0.0648,0.2153
24.4691,-2.284486,-1.461798,1.279686,-1.854216,-1.680877,3.019841,0.293797,-0.088634,0.067442,0.000000,-0.000000,0.051040,1.9011,-3.4608,-1.3401,-0.2494,-0.0642,0.2283
24.4789,-2.281491,-1.462670,1.280310,-1.854234,-1.680906,3.020417,0.293842,-0.079558,0.062992,0.000000,-0.000000,0.068318,1.5525,-3.1772,-1.4136,-0.2312,-0.0594,0.2700
24.4890,-2.278494,-1.463473,1.280871,-1.854216,-1.680916,3.021236,0.296955,-0.072404,0.053473,0.000000,-0.000000,0.093196,1.1230,-2.9690,-1.4131,-0.2253,-0.0670,0.3141
24.4990,-2.275502,-1.464140,1.281375,-1.854180,-1.680909,3.022359,0.280788,-0.061934,0.047074,0.000000,-0.000000,0.116138,0.4375,-2.5929,-1.4653,-0.2259,-0.1206,0.2865
24.5090,-2.272695,-1.464707,1.281780,-1.854203,-1.680813,3.023712,0.278248,-0.050997,0.040232,0.000000,-0.000000,0.150384,1.4594,-3.0662,-1.4376,-0.2295,-0.0709,0.3231
24.5190,-2.269979,-1.465198,1.282203,-1.854234,-1.680869,3.025369,0.259210,-0.041736,0.034354,0.000000,-0.000000,0.174530,0.7746,-2.6744,-1.5381,-0.2377,-0.1113,0.3054
24.5291,-2.267437,-1.465562,1.282464,-1.854219,-1.680789,3.027290,0.250068,-0.033663,0.026734,0.000000,-0.000000,0.194113,0.4605,-2.7778,-1.4858,-0.2339,-0.1404,0.3085
24.5390,-2.265097,-1.465827,1.282720,-1.854198,-1.680815,3.029369,0.228352,-0.026273,0.022866,0.000000,-0.000000,0.208464,0.3994,-2.7662,-1.5490,-0.2167,-0.1416,0.2728
24.5490,-2.262966,-1.466098,1.282928,-1.854183,-1.680810,3.031488,0.221684,-0.024632,0.018872,0.000000,-0.000000,0.214224,1.1557,-2.9830,-1.4837,-0.2377,-0.1076,0.2982
24.5591,-2.260859,-1.466334,1.283108,-1.854234,-1.680858,3.033690,0.200232,-0.020345,0.017401,0.000000,-0.000000,0.213016,0.4943,-2.8152,-1.4589,-0.2402,-0.1425,0.2318
24.5689,-2.258988,-1.466485,1.283296,-1.854187,-1.680817,3.035741,0.186451,-0.017351,0.017759,0.000041,-0.000000,0.205672,0.3516,-3.0204,-1.4726,-0.2318,-0.1480,0.2132
24.5790,-2.257249,-1.466673,1.283464,-1.854219,-1.680837,3.037668,0.169234,-0.017407,0.016678,0.000039,-0.000000,0.190790,0.6124,-2.9270,-1.4394,-0.2228,-0.1518,0.1736
24.5888,-2.255605,-1.466820,1.283621,-1.854219,-1.680837,3.039387,0.165964,-0.017540,0.016115,0.000035,-0.000000,0.167497,0.8736,-3.1074,-1.4912,-0.2274,-0.1086,0.1877
24.5988,-2.254024,-1.466945,1.283785,-1.854226,-1.680842,3.040890,0.148713,-0.014076,0.016639,0.000032,-0.000000,0.144698,0.6795,-3.1107,-1.5074,-0.2402,-0.1443,0.1458
24.6090,-2.252569,-1.467080,1.283937,-1.854207,-1.680815,3.042186,0.147167,-0.013710,0.016846,0.000029,-0.000000,0.121206,0.8854,-3.1507,-1.4573,-0.2314,-0.1188,0.1545
24.6190,-2.251160,-1.467193,1.284121,-1.854223,-1.680858,3.043237,0.139759,-0.012581,0.017149,0.000034,-0.000000,0.101216,0.5665,-2.9579,-1.3895,-0.2181,-0.1262,0.1270
24.6290,-2.249777,-1.467313,1.284304,-1.854223,-1.680842,3.044145,0.138998,-0.010980,0.019305,0.000038,-0.000000,0.084732,1.1340,-3.1855,-1.4690,-0.1987,-0.1117,0.1146
24.6390,-2.248397,-1.467436,1.284497,-1.854187,-1.680873,3.044829,0.135211,-0.010242,0.021621,0.000053,-0.000000,0.065409,1.0073,-3.0985,-1.4615,-0.2042,-0.1206,0.1655
24.6490,-2.247081,-1.467563,1.284747,-1.854214,-1.680861,3.045390,0.146630,-0.009985,0.024456,0.000127,-0.000000,0.053343,1.5757,-3.1506,-1.2690,-0.1868,-0.0716,0.1321
24.6590,-2.245565,-1.467631,1.284977,-1.854219,-1.680902,3.045850,0.146726,-0.009036,0.028440,0.000138,-0.000000,0.043548,1.1422,-3.0103,-1.2960,-0.1952,-0.0880,0.1220
24.6692,-2.244035,-1.467672,1.285308,-1.854190,-1.680858,3.046247,0.155305,-0.005345,0.034278,0.000384,-0.000000,0.033197,1.4676,-3.0818,-1.3486,-0.2051,-0.0819,0.1389
24.6790,-2.242482,-1.467704,1.285683,-1.854190,-1.680855,3.046535,0.165850,-0.006278,0.039077,0.000342,-0.000000,0.025685,1.6603,-3.2060,-1.2537,-0.1949,-0.0615,0.1315
24.6889,-2.240795,-1.467780,1.286089,-1.854211,-1.680885,3.046732,0.177693,-0.008620,0.045535,0.000307,-0.000000,0.019122,1.6751,-3.2713,-1.2425,-0.1945,-0.0512,0.1383
24.6990,-2.238920,-1.467860,1.286580,-1.854190,-1.680862,3.046888,0.179284,-0.009892,0.050411,0.000253,-0.000000,0.014405,1.1818,-3.2391,-1.2372,-0.2296,-0.0804,0.1284
24.7091,-2.237115,-1.467996,1.287153,-1.854180,-1.680826,3.047005,0.200801,-0.016959,0.060064,0.000203,-0.000000,0.010701,2.0692,-3.4625,-1.2412,-0.2337,-0.0284,0.1420
24.7190,-2.235133,-1.468151,1.287772,-1.854211,-1.680890,3.047101,0.203176,-0.019532,0.065872,0.000165,-0.000000,0.007009,1.3006,-3.3516,-1.2852,-0.2467,-0.0659,0.1121
24.7290,-2.233109,-1.468383,1.288463,-1.854180,-1.680842,3.047146,0.207759,-0.024425,0.070689,0.000139,-0.000000,0.004527,1.2153,-3.4371,-1.3163,-0.2488,-0.0612,0.1303
24.7389,-2.231034,-1.468662,1.289230,-1.854211,-1.680873,3.047169,0.205681,-0.028409,0.074288,0.000121,-0.000000,0.003595,0.9654,-3.3267,-1.3298,-0.2814,-0.0892,0.1369
24.7492,-2.229025,-1.468984,1.289982,-1.854180,-1.680868,3.047244,0.220006,-0.036670,0.079819,0.000106,-0.000000,0.003081,1.5595,-3.5520,-1.0527,-0.2350,-0.0419,0.1269
24.7590,-2.226861,-1.469383,1.290821,-1.854159,-1.680869,3.047257,0.207305,-0.039541,0.084117,0.000076,-0.000000,0.003472,0.8709,-3.2923,-1.1230,-0.2555,-0.0793,0.1371
24.7689,-2.224834,-1.469740,1.291708,-1.854167,-1.680837,3.047285,0.205849,-0.042381,0.087096,0.000029,-0.000000,0.003094,0.7756,-3.3529,-1.1474,-0.2633,-0.1192,0.1476
24.7791,-2.222802,-1.470195,1.292568,-1.854183,-1.680866,3.047308,0.200720,-0.042684,0.089909,0.000025,-0.000000,0.003216,1.2011,-3.1049,-0.9596,-0.2504,-0.1036,0.1436
24.7890,-2.220771,-1.470634,1.293474,-1.854207,-1.680842,3.047317,0.211727,-0.042119,0.098766,0.000022,-0.000000,0.002577,1.3920,-3.3348,-0.9051,-0.2128,-0.0937,0.1336
24.7992,-2.218647,-1.471093,1.294513,-1.854190,-1.680919,3.047353,0.203617,-0.042329,0.101655,0.000020,-0.001628,0.003158,0.8078,-3.1134,-1.1280,-0.2375,-0.2141,0.1288
24.8091,-2.216619,-1.471502,1.295553,-1.854183,-1.680869,3.047398,0.206295,-0.040723,0.110115,0.000043,-0.002254,0.002626,1.2904,-2.9263,-0.9806,-0.1857,-0.2250,0.1470
24.8191,-2.214544,-1.471904,1.296639,-1.854223,-1.680962,3.047429,0.200708,-0.038622,0.112209,0.000188,-0.008278,0.002898,0.9721,-2.8302,-0.8440,-0.1805,-0.2119,0.1331
24.8290,-2.212461,-1.472302,1.297794,-1.854183,-1.681033,3.047434,0.204477,-0.032443,0.123364,0.004270,-0.005663,0.002160,1.3162,-2.9036,-0.8676,-0.1436,-0.2468,0.1287
24.8391,-2.210400,-1.472584,1.299072,-1.854088,-1.681149,3.047443,0.204001,-0.029335,0.126139,0.005777,-0.011088,0.001973,1.1952,-2.9530,-1.0517,-0.1415,-0.2119,0.1348
24.8488,-2.208360,-1.472887,1.300319,-1.854078,-1.681221,3.047485,0.215788,-0.027440,0.129348,0.009097,-0.010636,0.001905,1.7345,-2.8779,-0.9880,-0.1361,-0.2320,0.1403
24.8591,-2.206165,-1.473100,1.301594,-1.853952,-1.681401,3.047482,0.215760,-0.023786,0.127279,0.011036,-0.016141,0.001828,0.9803,-2.8498,-1.1630,-0.1639,-0.2293,0.1394
24.8692,-2.204006,-1.473264,1.302897,-1.853795,-1.681492,3.047522,0.223174,-0.018496,0.131262,0.014353,-0.014993,0.001396,1.5356,-3.0160,-1.0551,-0.1790,-0.2750,0.1372
24.8792,-2.201806,-1.473424,1.304187,-1.853656,-1.681761,3.047522,0.228103,-0.014282,0.130808,0.014785,-0.027226,0.001139,1.6079,-2.9556,-0.9933,-0.1415,-0.2195,0.1434
24.8892,-2.199567,-1.473587,1.305432,-1.853535,-1.682007,3.047561,0.236068,-0.011598,0.133506,0.017613,-0.033198,0.004439,1.5276,-2.9142,-0.9211,-0.1376,-0.3253,0.1694
24.8990,-2.197223,-1.473691,1.306824,-1.853348,-1.682537,3.047621,0.230966,-0.010678,0.134670,0.018693,-0.051035,0.007144,1.0140,-2.9872,-1.0989,-0.1525,-0.3156,0.1474
24.9091,-2.194952,-1.473763,1.308215,-1.853096,-1.683080,3.047674,0.246967,-0.004920,0.150894,0.030184,-0.068711,0.009800,1.7912,-2.7933,-0.7528,-0.1680,-0.3659,0.1648
24.9187,-2.192473,-1.473838,1.309721,-1.852893,-1.684075,3.047782,0.243829,-0.004589,0.158392,0.022516,-0.107258,0.010248,1.0902,-2.7936,-0.7991,-0.0916,-0.3117,0.1516
24.9289,-2.190015,-1.473862,1.311372,-1.852624,-1.685187,3.047898,0.246841,-0.002843,0.170376,0.027949,-0.129496,0.010713,0.9593,-2.7997,-0.8833,-0.1521,-0.4504,0.1639
24.9389,-2.187587,-1.473867,1.313114,-1.852376,-1.686774,3.048009,0.241324,-0.002943,0.174201,0.024111,-0.158526,0.010237,1.0939,-2.8385,-1.0316,-0.1566,-0.3997,0.1578
24.9489,-2.185131,-1.473871,1.314936,-1.852101,-1.688563,3.048132,0.259762,-0.000736,0.194683,0.029807,-0.204042,0.011917,1.7723,-2.7299,-0.8636,-0.1274,-0.4364,0.1492
24.9591,-2.182477,-1.473898,1.316919,-1.851888,-1.690987,3.048218,0.252487,-0.004254,0.195400,0.020951,-0.248195,0.012890,1.0223,-2.8520,-0.9352,-0.1555,-0.3852,0.1744
24.9693,-2.179925,-1.473883,1.318945,-1.851554,-1.693543,3.048381,0.250131,-0.001168,0.200797,0.024569,-0.268083,0.014345,0.9575,-3.0273,-1.2158,-0.2558,-0.5115,0.1678
24.9790,-2.177438,-1.473863,1.320943,-1.851428,-1.696450,3.048519,0.253409,-0.000667,0.203704,0.022223,-0.295895,0.019385,2.4106,-2.7081,-0.3305,-0.1289,-0.4481,0.2151
24.9890,-2.174736,-1.473879,1.323093,-1.851276,-1.699751,3.048881,0.303958,0.001053,0.239338,0.025505,-0.358960,0.046170,2.4705,-2.5484,0.0234,-0.0657,-0.5051,0.2554
24.9990,-2.171701,-1.473930,1.325619,-1.851041,-1.703568,3.049464,0.303945,-0.004209,0.256364,0.016369,-0.411110,0.069647,1.4536,-2.7443,-0.8497,-0.1648,-0.4180,0.2571
25.0091,-2.168642,-1.473935,1.328267,-1.850812,-1.707661,3.050327,0.327334,-0.002709,0.277109,0.018302,-0.432603,0.099523,1.9349,-2.6086,-0.5619,-0.1569,-0.5009,0.2919
25.0190,-2.165441,-1.473970,1.331049,-1.850807,-1.712188,3.051489,0.328679,-0.006524,0.283884,0.008296,-0.452124,0.129103,1.1549,-2.7837,-0.8758,-0.1666,-0.3562,0.3066
25.0292,-2.162208,-1.473994,1.333969,-1.850624,-1.716600,3.053047,0.328347,-0.002357,0.293269,0.013506,-0.443517,0.169359,1.7809,-2.8067,-0.4871,-0.1553,-0.3633,0.3274
25.0390,-2.158905,-1.473959,1.336903,-1.850528,-1.721117,3.054959,0.321645,-0.005164,0.288193,0.005250,-0.423836,0.197794,1.1719,-3.1191,-1.3055,-0.1901,-0.2131,0.3112
25.0491,-2.155727,-1.473947,1.339742,-1.850408,-1.725030,3.057104,0.318527,-0.001629,0.277834,0.008251,-0.384284,0.224913,1.3270,-3.2864,-1.4388,-0.2313,-0.3249,0.3405
25.0590,-2.152499,-1.473947,1.342397,-1.850368,-1.728852,3.059515,0.299602,-0.001070,0.258942,0.003558,-0.357015,0.240987,0.3959,-3.5291,-1.9537,-0.2707,-0.2046,0.2990
25.0689,-2.149543,-1.473947,1.344843,-1.850248,-1.731988,3.062042,0.280472,-0.001588,0.234109,0.007957,-0.307750,0.252399,1.0564,-3.3540,-1.7626,-0.2927,-0.3936,0.2997
25.0789,-2.146767,-1.474022,1.347073,-1.850248,-1.734960,3.064621,0.263361,-0.000891,0.207063,0.003331,-0.284591,0.255885,0.9193,-3.4361,-1.8547,-0.2448,-0.2087,0.2719
25.0890,-2.144224,-1.474023,1.349024,-1.850224,-1.737478,3.067124,0.250741,-0.001633,0.184070,0.005234,-0.244963,0.249089,0.6968,-3.3831,-1.8111,-0.2353,-0.2890,0.2385
25.0990,-2.141864,-1.474071,1.350715,-1.850180,-1.739765,3.069526,0.227230,-0.003157,0.159047,0.004547,-0.220533,0.237780,0.4576,-3.2432,-2.0133,-0.2444,-0.2433,0.1841
25.1090,-2.139760,-1.474095,1.352166,-1.850120,-1.741652,3.071722,0.225207,-0.002614,0.138436,0.009300,-0.186184,0.220845,1.4391,-3.2191,-1.4905,-0.2356,-0.3152,0.2146
25.1190,-2.137556,-1.474119,1.353458,-1.850096,-1.743579,3.073813,0.214003,-0.002414,0.120952,0.004251,-0.176325,0.198981,0.9078,-3.2551,-1.5221,-0.2106,-0.1959,0.1889
25.1289,-2.135505,-1.474146,1.354589,-1.850028,-1.745091,3.075632,0.209852,-0.001523,0.108729,0.006368,-0.151563,0.177312,0.9726,-3.2109,-1.4269,-0.2245,-0.2812,0.1638
25.1391,-2.133503,-1.474155,1.355596,-1.849976,-1.746614,3.077254,0.202081,-0.002084,0.096296,0.003709,-0.142329,0.152500,1.1919,-3.4590,-1.5359,-0.2093,-0.2042,0.1184
25.1490,-2.131443,-1.474206,1.356511,-1.849972,-1.747905,3.078620,0.227459,-0.011519,0.090080,0.003735,-0.121737,0.125368,2.0842,-3.5119,-1.4783,-0.1874,-0.2346,0.1400
25.1591,-2.129199,-1.474317,1.357366,-1.849908,-1.749212,3.079703,0.222752,-0.013921,0.080725,0.002400,-0.116742,0.101044,1.0552,-3.4709,-1.4787,-0.2077,-0.1920,0.1138
25.1690,-2.126958,-1.474430,1.358154,-1.849849,-1.750157,3.080618,0.224182,-0.015446,0.073674,0.004594,-0.097911,0.079898,1.1932,-3.5609,-1.6213,-0.2550,-0.2506,0.1215
25.1791,-2.124713,-1.474641,1.358840,-1.849865,-1.751164,3.081303,0.227217,-0.019360,0.064650,0.002117,-0.091126,0.062224,2.0231,-3.6283,-1.6226,-0.2249,-0.1197,0.1248
25.1892,-2.122269,-1.474888,1.359440,-1.849853,-1.751973,3.081838,0.260761,-0.028641,0.061674,0.001418,-0.072717,0.046242,2.0942,-3.5173,-1.3891,-0.2005,-0.2023,0.1626
25.1990,-2.119625,-1.475132,1.359996,-1.849821,-1.752654,3.082243,0.253167,-0.025505,0.055565,0.002162,-0.068884,0.038102,1.1651,-3.3915,-1.4616,-0.2127,-0.2196,0.1382
25.2091,-2.117002,-1.475380,1.360532,-1.849743,-1.753282,3.082603,0.271911,-0.029813,0.054875,0.003872,-0.060827,0.029099,2.0202,-3.4821,-1.4749,-0.1675,-0.2460,0.1694
25.2192,-2.114218,-1.475707,1.361067,-1.849781,-1.754016,3.082921,0.277668,-0.029711,0.050722,0.003031,-0.066953,0.026526,1.3259,-3.1643,-1.5645,-0.1486,-0.2118,0.1395
25.2289,-2.111393,-1.476035,1.361519,-1.849733,-1.754552,3.083131,0.289576,-0.030829,0.046605,0.006361,-0.063584,0.021453,2.0399,-3.2869,-1.2192,-0.1312,-0.2878,0.1537
25.2390,-2.108545,-1.476322,1.361991,-1.849625,-1.755335,3.083322,0.287789,-0.027311,0.049467,0.012093,-0.073201,0.018918,1.3569,-3.1110,-1.2889,-0.1845,-0.2087,0.1585
25.2491,-2.105693,-1.476591,1.362470,-1.849513,-1.756016,3.083471,0.295990,-0.026888,0.053049,0.010918,-0.071182,0.015853,1.7910,-3.0213,-1.0384,-0.1430,-0.2790,0.1458
25.2590,-2.102748,-1.476885,1.363052,-1.849465,-1.756880,3.083627,0.288808,-0.025544,0.055160,0.008784,-0.080047,0.013636,0.6088,-2.8480,-0.9856,-0.1216,-0.2109,0.1596
25.2690,-2.099943,-1.477105,1.363620,-1.849298,-1.757519,3.083751,0.278527,-0.021384,0.066693,0.013546,-0.072114,0.011017,1.1589,-3.0776,-1.1914,-0.1844,-0.3087,0.1705
25.2791,-2.097215,-1.477341,1.364303,-1.849222,-1.758351,3.083874,0.266237,-0.018811,0.072249,0.010885,-0.076481,0.009983,0.8956,-2.9039,-0.9270,-0.1643,-0.1960,0.1445
25.2892,-2.094626,-1.477537,1.365019,-1.849129,-1.758978,3.083946,0.253546,-0.017845,0.083329,0.009482,-0.065407,0.006544,0.6834,-2.8178,-0.9307,-0.1504,-0.2984,0.1520
25.2989,-2.092192,-1.477705,1.365896,-1.849070,-1.759693,3.084017,0.228260,-0.017723,0.086716,0.007044,-0.068277,0.005028,0.0902,-2.7174,-0.9626,-0.1498,-0.2695,0.1442
25.3092,-2.089972,-1.477880,1.366816,-1.848969,-1.760322,3.084054,0.213432,-0.012870,0.099762,0.010511,-0.065335,0.004179,0.9576,-2.8296,-0.8943,-0.1694,-0.3042,0.1382
25.3189,-2.087903,-1.478016,1.367865,-1.848898,-1.761055,3.084067,0.188603,-0.013392,0.107313,0.004987,-0.073418,0.003705,0.5279,-2.7855,-1.0666,-0.1573,-0.2644,0.1606
25.3290,-2.086075,-1.478121,1.368921,-1.848818,-1.761682,3.084106,0.170547,-0.011419,0.108186,0.006994,-0.068370,0.003547,0.3105,-2.7859,-1.0926,-0.1752,-0.3491,0.1443
25.3389,-2.084533,-1.478236,1.370011,-1.848773,-1.762403,3.084127,0.146722,-0.010534,0.107618,0.005075,-0.073893,0.003897,0.0784,-2.9047,-1.3445,-0.2010,-0.2993,0.1435
25.3492,-2.083205,-1.478292,1.371050,-1.848737,-1.763118,3.084178,0.122065,-0.006253,0.104162,0.004590,-0.074716,0.003520,0.6168,-2.9233,-1.1999,-0.2044,-0.3037,0.1576
25.3588,-2.082044,-1.478356,1.372065,-1.848717,-1.763909,3.084172,0.100894,-0.004979,0.099098,0.002939,-0.078164,0.003159,0.3667,-2.8958,-1.4899,-0.1886,-0.2442,0.1545
25.3691,-2.081170,-1.478352,1.373027,-1.848613,-1.764558,3.084215,0.081856,-0.002354,0.086902,0.005922,-0.067583,0.002761,0.4301,-3.0171,-1.5073,-0.2301,-0.2518,0.1554
25.3790,-2.080462,-1.478348,1.373820,-1.848593,-1.765248,3.084224,0.066556,-0.003710,0.081126,0.005159,-0.062717,0.001768,0.7119,-2.9379,-1.3785,-0.2115,-0.1931,0.1656
25.3891,-2.079850,-1.478372,1.374611,-1.848569,-1.765796,3.084263,0.060796,-0.001080,0.081255,0.006798,-0.053139,0.002411,0.8501,-2.9050,-1.2999,-0.1754,-0.2313,0.1504
25.3990,-2.079289,-1.478407,1.375406,-1.848521,-1.766245,3.084303,0.052798,-0.003124,0.078956,0.002920,-0.046634,0.002584,0.6516,-2.9758,-1.3753,-0.1767,-0.2296,0.1567
25.4090,-2.078802,-1.478420,1.376185,-1.848457,-1.766683,3.084290,0.058983,-0.000815,0.091590,0.006934,-0.036139,0.001071,1.3943,-2.7141,-0.9937,-0.1398,-0.2218,0.1451
25.4191,-2.078209,-1.478432,1.377127,-1.848442,-1.767065,3.084330,0.064473,-0.003532,0.097495,0.002188,-0.036394,0.001842,1.4626,-2.7358,-0.6678,-0.1279,-0.1914,0.1390
25.4291,-2.077467,-1.478460,1.378270,-1.848398,-1.767376,3.084342,0.087716,-0.000584,0.128882,0.006439,-0.028223,0.001196,1.6292,-2.5705,-0.6139,-0.1159,-0.2078,0.1519
25.4391,-2.076552,-1.478499,1.379659,-1.848358,-1.767685,3.084350,0.098330,-0.003701,0.148779,0.001918,-0.029846,0.001550,1.4329,-2.4584,-0.6758,-0.1366,-0.1642,0.1337
25.4492,-2.075518,-1.478477,1.381269,-1.848322,-1.767979,3.084340,0.119337,-0.001303,0.183223,0.004023,-0.026348,0.001032,1.8541,-2.2035,-0.2444,-0.0769,-0.1938,0.1592
25.4589,-2.074273,-1.478492,1.383230,-1.848334,-1.768284,3.084377,0.130329,0.000001,0.201428,0.001296,-0.028985,0.000616,1.4949,-2.4829,-0.6103,-0.1655,-0.1929,0.1233
25.4690,-2.072877,-1.478453,1.385423,-1.848273,-1.768495,3.084340,0.147582,0.006458,0.226950,0.004780,-0.026296,0.000427,1.9025,-2.1993,-0.3830,-0.1689,-0.2351,0.1450
25.4789,-2.071364,-1.478413,1.387737,-1.848258,-1.768851,3.084393,0.158721,0.001412,0.240866,0.000601,-0.032932,0.000410,1.4189,-2.1012,-0.6565,-0.2246,-0.2192,0.1425
25.4889,-2.069772,-1.478388,1.390232,-1.848230,-1.769100,3.084380,0.167915,0.005086,0.253945,0.000367,-0.033994,0.000528,1.3118,-2.1189,-0.8031,-0.2299,-0.2771,0.1568
25.4990,-2.068064,-1.478328,1.392714,-1.848233,-1.769546,3.084364,0.166043,0.004737,0.252986,0.000203,-0.040735,0.000472,0.8088,-2.4889,-1.4814,-0.3124,-0.2645,0.1389
25.5091,-2.066415,-1.478261,1.395251,-1.848181,-1.769913,3.084398,0.171616,0.010499,0.260753,0.000162,-0.042336,0.000459,1.2420,-2.0509,-0.7012,-0.2049,-0.3072,0.1543
25.5190,-2.064730,-1.478220,1.397856,-1.848218,-1.770456,3.084387,0.165298,0.003813,0.256326,-0.000344,-0.056472,0.000487,0.8517,-2.2139,-0.9558,-0.2843,-0.2404,0.1455
25.5289,-2.063067,-1.478196,1.400405,-1.848198,-1.770935,3.084380,0.160569,0.004249,0.258047,-0.000016,-0.053113,0.000437,0.5618,-2.0430,-1.2103,-0.2811,-0.2971,0.1452
25.5389,-2.061526,-1.478133,1.402884,-1.848194,-1.771535,3.084402,0.147390,0.002923,0.246480,-0.000000,-0.058279,0.000397,0.4662,-2.2397,-1.3831,-0.3173,-0.2330,0.1508
25.5490,-2.060108,-1.478089,1.405351,-1.848201,-1.772038,3.084410,0.142486,0.007168,0.249822,-0.000000,-0.051287,0.000389,0.9011,-2.0188,-0.7444,-0.2040,-0.2733,0.1194
25.5588,-2.058676,-1.478073,1.407805,-1.848198,-1.772610,3.084410,0.128346,0.001170,0.240318,0.000809,-0.053847,0.000385,0.6492,-2.3332,-1.2897,-0.2926,-0.2371,0.1247
25.5693,-2.057411,-1.478041,1.410222,-1.848178,-1.773045,3.084410,0.121250,0.006055,0.230687,0.000509,-0.045744,0.000352,0.5082,-2.4823,-1.5555,-0.3171,-0.2965,0.1323
25.5791,-2.056253,-1.478049,1.412397,-1.848170,-1.773501,3.084404,0.110518,0.001471,0.215337,0.000289,-0.044766,0.000348,0.5090,-2.1512,-1.2797,-0.3002,-0.2130,0.1360
25.5891,-2.055198,-1.478009,1.414554,-1.848174,-1.773909,3.084373,0.106017,0.002620,0.214568,0.000335,-0.038822,0.000297,0.9578,-1.9865,-1.0396,-0.2144,-0.2163,0.1246
25.5993,-2.054127,-1.478032,1.416663,-1.848174,-1.774298,3.084404,0.095738,0.000852,0.200932,0.000968,-0.034921,0.000269,0.6819,-2.3382,-1.4044,-0.2877,-0.2176,0.1144
25.6090,-2.053203,-1.478004,1.418625,-1.848153,-1.774546,3.084392,0.096507,0.004138,0.195244,0.000601,-0.026109,0.000249,1.0445,-2.1828,-1.1498,-0.2514,-0.2159,0.1129
25.6190,-2.052250,-1.477989,1.420518,-1.848170,-1.774839,3.084422,0.094333,0.001413,0.185958,0.000430,-0.024484,0.000209,0.9903,-2.3294,-1.3964,-0.2605,-0.1485,0.1298
25.6290,-2.051323,-1.477965,1.422367,-1.848146,-1.775041,3.084422,0.098835,0.000842,0.181466,0.000308,-0.015480,0.000205,1.2345,-2.1175,-1.1572,-0.2383,-0.1879,0.1117
25.6390,-2.050349,-1.477965,1.424106,-1.848146,-1.775237,3.084422,0.099224,0.001466,0.173500,0.000866,-0.014994,0.000180,0.9454,-2.1910,-1.2698,-0.2450,-0.1672,0.1220
25.6491,-2.049355,-1.477953,1.425764,-1.848130,-1.775317,3.084422,0.107125,0.001019,0.171779,0.000581,-0.008179,0.000153,1.4056,-1.9683,-0.8995,-0.1862,-0.1903,0.1091
25.6590,-2.048271,-1.477937,1.427485,-1.848181,-1.775449,3.084434,0.106976,0.001542,0.166693,0.001228,-0.009359,0.000125,1.2270,-2.2116,-1.2712,-0.2415,-0.1573,0.0986
25.6690,-2.047166,-1.477925,1.429147,-1.848126,-1.775427,3.084446,0.115277,0.000947,0.165136,0.000630,-0.002471,0.000110,1.3335,-1.9910,-1.0359,-0.2321,-0.1774,0.1142
25.6792,-2.046025,-1.477913,1.430765,-1.848138,-1.775503,3.084419,0.115359,0.001580,0.162401,0.000813,-0.004912,0.000116,1.2862,-1.9506,-1.1102,-0.2113,-0.1669,0.1144
25.6889,-2.044867,-1.477869,1.432382,-1.848129,-1.775499,3.084407,0.119662,0.003863,0.162538,0.000658,-0.002855,0.000106,1.1269,-1.9237,-1.1524,-0.1953,-0.1759,0.0962
25.6989,-2.043694,-1.477806,1.433988,-1.848122,-1.775557,3.084434,0.116422,0.006191,0.156996,0.001133,-0.003982,0.000097,0.8425,-2.0436,-1.6372,-0.2528,-0.2029,0.1285
25.7092,-2.042525,-1.477749,1.435540,-1.848094,-1.775508,3.084415,0.124879,0.012088,0.159444,0.000631,-0.001558,0.000089,1.3540,-1.7486,-0.9669,-0.1993,-0.1890,0.1117
25.7191,-2.041351,-1.477638,1.437052,-1.848107,-1.775626,3.084424,0.121850,0.010688,0.152953,0.000487,-0.006485,0.000082,1.0355,-1.8734,-1.2168,-0.2874,-0.1803,0.1091
25.7290,-2.040138,-1.477502,1.438574,-1.848066,-1.775595,3.084434,0.122520,0.013829,0.151299,0.000319,-0.002306,0.000076,0.9832,-1.8486,-1.5315,-0.3559,-0.2150,0.1090
25.7389,-2.038925,-1.477358,1.440076,-1.848157,-1.775658,3.084419,0.119355,0.013692,0.143759,-0.002352,-0.004131,0.000071,0.8323,-1.9728,-1.4972,-0.4293,-0.2101,0.0963
25.7489,-2.037743,-1.477234,1.441455,-1.848122,-1.775674,3.084412,0.125182,0.013751,0.143461,-0.001621,-0.002097,0.000067,1.2758,-1.8605,-1.1889,-0.4257,-0.2128,0.1219
25.7590,-2.036538,-1.477087,1.442877,-1.848213,-1.775734,3.084422,0.119720,0.013207,0.134143,-0.007940,-0.005401,0.000063,0.9222,-2.0481,-1.4188,-0.4745,-0.1841,0.1051
25.7690,-2.035325,-1.476951,1.444196,-1.848249,-1.775707,3.084412,0.117531,0.011731,0.128069,-0.006354,-0.001562,0.000030,0.8408,-2.0953,-1.6046,-0.5274,-0.2171,0.1116
25.7790,-2.034196,-1.476835,1.445458,-1.848302,-1.775763,3.084431,0.115974,0.011773,0.123818,-0.008046,-0.003032,0.000000,1.5788,-1.8696,-1.1674,-0.4903,-0.1626,0.1013
25.7890,-2.032926,-1.476743,1.446715,-1.848433,-1.775791,3.084415,0.143852,0.015789,0.135365,-0.005938,-0.000695,0.000000,1.5123,-1.8505,-1.0102,-0.4567,-0.1307,0.1041
25.7991,-2.031447,-1.476604,1.448065,-1.848482,-1.775814,3.084431,0.142253,0.011144,0.136477,-0.009627,-0.000533,0.000000,1.0252,-1.8588,-1.0680,-0.4849,-0.1901,0.1169
25.8090,-2.029978,-1.476492,1.449459,-1.848552,-1.775814,3.084434,0.155060,0.013716,0.142444,-0.005244,-0.001453,0.000000,1.4407,-1.8383,-0.9907,-0.5425,-0.1649,0.0910
25.8189,-2.028370,-1.476380,1.450841,-1.848641,-1.775851,3.084400,0.157791,0.012262,0.142314,-0.010645,-0.003634,0.000000,0.9908,-1.8398,-1.1837,-0.5122,-0.1817,0.0910
25.8291,-2.026750,-1.476287,1.452295,-1.848682,-1.775854,3.084409,0.164512,0.013791,0.148148,-0.006305,-0.001439,0.000000,1.3604,-1.7087,-0.8607,-0.5217,-0.1719,0.0923
25.8389,-2.025061,-1.476120,1.453773,-1.848757,-1.775882,3.084415,0.160467,0.013667,0.142472,-0.008892,-0.002291,0.000000,1.0101,-1.9302,-1.2923,-0.5276,-0.1757,0.0975
25.8490,-2.023452,-1.475988,1.455137,-1.848794,-1.775869,3.084446,0.162771,0.013983,0.136755,-0.005700,-0.001041,0.000000,0.9719,-1.9587,-1.4253,-0.5548,-0.1942,0.0987
25.8590,-2.021853,-1.475801,1.456454,-1.848897,-1.775902,3.084415,0.151519,0.013267,0.128770,-0.008042,-0.002363,0.000000,0.4761,-2.1020,-1.5705,-0.5347,-0.2027,0.1000
25.8689,-2.020361,-1.475685,1.457689,-1.848917,-1.775851,3.084431,0.143903,0.013312,0.115799,-0.003863,-0.001155,0.000000,0.8917,-1.9709,-1.4436,-0.5839,-0.2237,0.0898
25.8789,-2.018994,-1.475546,1.458803,-1.849008,-1.775871,3.084443,0.132630,0.015521,0.106240,-0.006216,-0.000684,0.000000,0.8450,-1.8763,-1.3223,-0.5407,-0.2119,0.1000
25.8891,-2.017701,-1.475433,1.459822,-1.849049,-1.775863,3.084461,0.125963,0.017975,0.098873,-0.005794,-0.000950,0.000000,0.7646,-1.7541,-1.3135,-0.5663,-0.1984,0.0986
25.8990,-2.016504,-1.475281,1.460710,-1.849157,-1.775871,3.084427,0.116083,0.018027,0.091569,-0.011274,-0.000592,0.000000,0.5844,-1.8175,-1.6025,-0.5659,-0.2231,0.0833
25.9093,-2.015415,-1.475051,1.461595,-1.849260,-1.775913,3.084431,0.106212,0.025333,0.087543,-0.008598,-0.001410,0.000000,0.9412,-1.6482,-1.1861,-0.5450,-0.1821,0.0845
25.9194,-2.014425,-1.474834,1.462418,-1.849389,-1.775899,3.084412,0.094161,0.024750,0.083612,-0.013431,-0.000597,0.000000,0.6352,-1.6832,-1.2347,-0.5189,-0.2167,0.0973
25.9289,-2.013559,-1.474579,1.463261,-1.849488,-1.775895,3.084446,0.083810,0.026913,0.082553,-0.008949,-0.001105,0.000000,0.6992,-1.6989,-1.2382,-0.5603,-0.2168,0.1013
25.9390,-2.012826,-1.474310,1.464045,-1.849593,-1.775926,3.084434,0.072221,0.028838,0.078542,-0.012014,-0.000560,0.000000,0.4176,-1.7965,-1.2382,-0.5366,-0.2123,0.0975
25.9490,-2.012176,-1.474000,1.464832,-1.849704,-1.775895,3.084427,0.058262,0.034640,0.086790,-0.008647,-0.000541,0.000000,0.6720,-1.6181,-1.1142,-0.5295,-0.1948,0.1078
25.9589,-2.011653,-1.473676,1.465671,-1.849828,-1.775926,3.084431,0.047921,0.030259,0.082990,-0.012221,-0.000486,0.000000,0.6621,-1.7477,-1.2172,-0.5284,-0.1874,0.0935
25.9690,-2.011248,-1.473361,1.466513,-1.849908,-1.775911,3.084434,0.039021,0.032263,0.084023,-0.009972,-0.000462,0.000000,0.6400,-1.6525,-1.2302,-0.5438,-0.2030,0.1077
25.9789,-2.010898,-1.473069,1.467321,-1.850025,-1.775907,3.084449,0.030357,0.030961,0.078732,-0.012034,-0.000396,0.000000,0.5884,-1.8885,-1.3650,-0.5553,-0.2075,0.0910
25.9888,-2.010615,-1.472757,1.468072,-1.850120,-1.775916,3.084431,0.023912,0.031526,0.075585,-0.009858,-0.000330,0.000000,0.5668,-1.7193,-1.3949,-0.5345,-0.1913,0.0794
25.9993,-2.010431,-1.472415,1.468838,-1.850228,-1.775950,3.084431,0.018396,0.030529,0.067421,-0.010479,-0.000295,0.000000,0.5586,-1.9970,-1.4313,-0.5209,-0.1975,0.0806
26.0090,-2.010271,-1.472131,1.469487,-1.850276,-1.775938,3.084431,0.014372,0.031520,0.064635,-0.005199,-0.000273,0.000000,0.6585,-1.9497,-1.5865,-0.5377,-0.1850,0.0781
26.0190,-2.010135,-1.471838,1.470120,-1.850364,-1.775919,3.084434,0.012285,0.029245,0.056959,-0.006566,-0.000230,0.000000,0.7254,-1.9679,-1.6179,-0.5353,-0.1951,0.0937
26.0290,-2.010070,-1.471563,1.470648,-1.850364,-1.775935,3.084446,0.013529,0.030285,0.052148,-0.004742,-0.000198,0.000000,0.7459,-1.7783,-1.4703,-0.5297,-0.1715,0.0869
26.0389,-2.009922,-1.471260,1.471144,-1.850441,-1.775950,3.084431,0.013733,0.028617,0.047477,-0.007552,-0.000174,0.000000,0.6212,-1.8885,-1.6617,-0.5223,-0.1735,0.0897
26.0493,-2.009779,-1.470992,1.471575,-1.850495,-1.775946,3.084434,0.014105,0.027873,0.041156,-0.004815,-0.000155,0.000000,0.6884,-1.7692,-1.6042,-0.5368,-0.1790,0.0806
26.0590,-2.009628,-1.470717,1.471936,-1.850548,-1.775938,3.084394,0.014236,0.027130,0.034337,-0.005454,-0.000106,0.000000,0.6867,-1.9413,-1.6181,-0.5220,-0.1669,0.0973
26.0690,-2.009484,-1.470441,1.472247,-1.850581,-1.775919,3.084427,0.014421,0.026633,0.030692,-0.003450,-0.000094,0.000000,0.7182,-1.8615,-1.5150,-0.5398,-0.1758,0.0767
26.0793,-2.009339,-1.470209,1.472535,-1.850620,-1.775942,3.084434,0.017403,0.023149,0.025791,-0.004990,-0.000085,0.000000,0.8077,-1.9189,-1.5673,-0.5477,-0.1748,0.0769
26.0890,-2.009156,-1.469985,1.472767,-1.850723,-1.775915,3.084412,0.020806,0.021551,0.022138,-0.006917,-0.000078,0.000000,0.8150,-1.9361,-1.6222,-0.5566,-0.1680,0.0935
26.0990,-2.008940,-1.469734,1.472951,-1.850819,-1.775931,3.084415,0.022932,0.020622,0.017567,-0.010644,-0.000072,0.000000,0.7395,-1.9886,-1.6650,-0.5566,-0.1925,0.0703
26.1089,-2.008673,-1.469558,1.473127,-1.850911,-1.775962,3.084431,0.036753,0.017888,0.014498,-0.012069,-0.000068,0.000000,1.1468,-1.9265,-1.6153,-0.5854,-0.1335,0.0793
26.1191,-2.008286,-1.469410,1.473259,-1.851028,-1.775978,3.084427,0.044686,0.016021,0.011660,-0.015654,-0.000074,0.000000,1.0417,-1.9177,-1.6279,-0.5347,-0.1496,0.0756
26.1289,-2.007826,-1.469238,1.473343,-1.851160,-1.775958,3.084449,0.056612,0.014753,0.008389,-0.014361,-0.000070,0.000000,1.3031,-1.9829,-1.6437,-0.5671,-0.1475,0.0845
26.1390,-2.007203,-1.469114,1.473430,-1.851296,-1.775951,3.084431,0.064619,0.014326,0.005236,-0.015893,-0.000065,0.000000,1.4277,-2.0085,-1.6790,-0.5659,-0.1276,0.0820
26.1490,-2.006440,-1.468939,1.473450,-1.851460,-1.775955,3.084415,0.093151,0.013023,0.002378,-0.018090,-0.000034,0.000000,1.6620,-1.9982,-1.6817,-0.5733,-0.0541,0.0794
26.1591,-2.005439,-1.468819,1.473450,-1.851676,-1.775978,3.084446,0.102227,0.015338,0.001065,-0.020028,0.000079,0.000000,1.3339,-2.0583,-1.6452,-0.5500,-0.0242,0.0935
26.1690,-2.004304,-1.468691,1.473439,-1.851860,-1.775957,3.084431,0.119601,0.014757,0.000678,-0.020043,0.002514,0.000000,1.3498,-1.9810,-1.7258,-0.5704,-0.0051,0.0742
26.1790,-2.003063,-1.468543,1.473435,-1.852068,-1.775907,3.084431,0.127454,0.016135,0.000345,-0.020770,0.003721,0.000000,1.3757,-1.7245,-1.5431,-0.5612,0.0633,0.0986
26.1889,-2.001698,-1.468388,1.473450,-1.852319,-1.775847,3.084434,0.149704,0.023328,0.003313,-0.021392,0.009010,0.000000,1.4446,-1.6974,-1.3081,-0.5573,0.0752,0.0884
26.1988,-2.000133,-1.468140,1.473530,-1.852559,-1.775780,3.084434,0.149698,0.025474,0.007823,-0.023780,0.006887,0.000000,1.0748,-1.6843,-1.3450,-0.5608,0.0697,0.0612
26.2090,-1.998602,-1.467870,1.473622,-1.852790,-1.775679,3.084412,0.157292,0.032154,0.013687,-0.023575,0.010027,0.000000,1.0541,-1.3605,-1.1617,-0.5638,0.0587,0.0677
26.2191,-1.997011,-1.467541,1.473773,-1.853047,-1.775662,3.084443,0.154809,0.036302,0.015569,-0.028453,0.007236,0.000000,0.6761,-1.3768,-1.2608,-0.5354,0.0775,0.0781
26.2289,-1.995449,-1.467139,1.473965,-1.853299,-1.775519,3.084415,0.155992,0.048635,0.021073,-0.027826,0.009721,0.000000,1.0555,-1.3088,-1.2019,-0.5442,0.0657,0.0767
26.2392,-1.993855,-1.466667,1.474173,-1.853626,-1.775460,3.084434,0.148454,0.053236,0.022806,-0.029367,0.006586,0.000000,0.8638,-1.4167,-1.2703,-0.5635,0.0928,0.0638
26.2491,-1.992340,-1.466049,1.474421,-1.853895,-1.775422,3.084431,0.147897,0.065443,0.027074,-0.028875,0.009227,0.000000,0.7936,-1.0380,-1.2449,-0.5365,0.0724,0.0639
26.2589,-1.990937,-1.465339,1.474668,-1.854293,-1.775343,3.084419,0.137692,0.071413,0.026311,-0.034519,0.006832,0.000000,0.5457,-1.3518,-1.2782,-0.5133,0.0744,0.0743
26.2689,-1.989566,-1.464615,1.474941,-1.854550,-1.775232,3.084449,0.129838,0.083617,0.031925,-0.026822,0.008764,0.000000,0.8502,-1.1404,-1.2239,-0.5513,0.0795,0.0704
26.2790,-1.988342,-1.463729,1.475284,-1.854870,-1.775239,3.084446,0.113258,0.103298,0.035999,-0.025644,0.005058,0.000000,0.6322,-0.9451,-1.1039,-0.5161,0.0869,0.0807
26.2889,-1.987243,-1.462655,1.475616,-1.855137,-1.775151,3.084427,0.103094,0.122949,0.040995,-0.021407,0.007330,0.000000,0.5153,-0.6857,-1.0023,-0.5342,0.0688,0.0690
26.2989,-1.986260,-1.461397,1.476012,-1.855445,-1.775112,3.084431,0.093028,0.128957,0.039676,-0.025921,0.005353,0.000000,0.3072,-1.0185,-1.1280,-0.5125,0.0776,0.0819
26.3090,-1.985440,-1.459968,1.476482,-1.855629,-1.775050,3.084427,0.077626,0.169825,0.052790,-0.012689,0.006204,0.000000,0.5744,0.0238,-0.8067,-0.5096,0.1155,0.0780
26.3189,-1.984724,-1.458232,1.476963,-1.855850,-1.775011,3.084415,0.068001,0.180033,0.049963,-0.021955,0.004464,0.000000,0.7044,-0.7319,-1.0387,-0.4800,0.0998,0.0818
26.3290,-1.984089,-1.456307,1.477483,-1.856001,-1.774971,3.084434,0.060903,0.200393,0.055626,-0.013565,0.005708,0.000000,0.6349,-0.7252,-1.1362,-0.5576,0.0984,0.0729
26.3391,-1.983553,-1.454140,1.478015,-1.856189,-1.774935,3.084434,0.052357,0.207599,0.051968,-0.018737,0.005170,0.000000,0.7054,-1.1832,-1.2600,-0.5238,0.1060,0.0808
26.3490,-1.983097,-1.451972,1.478563,-1.856310,-1.774884,3.084434,0.046901,0.234217,0.060850,-0.009543,0.007765,0.000000,0.7832,-0.4529,-0.9513,-0.5331,0.1461,0.0587
26.3590,-1.982627,-1.449547,1.479148,-1.856450,-1.774788,3.084412,0.044309,0.225465,0.058169,-0.019838,0.008388,0.000000,0.8776,-1.5529,-1.4417,-0.5528,0.1418,0.0832
26.3689,-1.982226,-1.447243,1.479739,-1.856581,-1.774691,3.084431,0.040922,0.227329,0.056233,-0.014393,0.010863,0.000000,0.9920,-1.8998,-1.5271,-0.6040,0.1340,0.0690
26.3789,-1.981815,-1.444954,1.480326,-1.856796,-1.774631,3.084434,0.040501,0.216769,0.053042,-0.019071,0.011515,0.000000,1.2168,-2.4600,-1.5643,-0.5991,0.1185,0.0664
26.3891,-1.981385,-1.442871,1.480840,-1.856913,-1.774547,3.084446,0.047383,0.209517,0.053865,-0.015029,0.013351,0.000000,1.0737,-1.7717,-1.3284,-0.5737,0.1494,0.0832
26.3989,-1.980920,-1.440862,1.481358,-1.857156,-1.774380,3.084419,0.048298,0.188532,0.047471,-0.021045,0.011191,0.000000,0.9569,-2.6037,-1.7498,-0.5902,0.1184,0.0793
26.4090,-1.980460,-1.439056,1.481842,-1.857265,-1.774286,3.084446,0.049440,0.186338,0.046783,-0.011565,0.011731,0.000000,0.9417,-2.0994,-1.6402,-0.5697,0.1123,0.0639
26.4190,-1.980000,-1.437337,1.482227,-1.857476,-1.774207,3.084404,0.049857,0.173568,0.039408,-0.015873,0.010297,0.000000,0.8229,-2.4197,-1.6581,-0.5853,0.1170,0.0677
26.4291,-1.979513,-1.435679,1.482587,-1.857605,-1.774056,3.084443,0.047564,0.169321,0.035361,-0.011716,0.010878,0.000000,0.9218,-1.7244,-1.4471,-0.5285,0.1160,0.0728
26.4391,-1.979049,-1.434079,1.482871,-1.857757,-1.773980,3.084415,0.045808,0.162666,0.027854,-0.013986,0.009469,0.000000,0.7380,-1.8339,-1.5190,-0.5251,0.1182,0.0678
26.4489,-1.978606,-1.432493,1.483136,-1.857872,-1.773907,3.084400,0.041152,0.173772,0.026125,-0.006999,0.011586,0.000000,0.7194,-1.2945,-1.5195,-0.5036,0.1220,0.0574
26.4590,-1.978198,-1.430753,1.483331,-1.857961,-1.773792,3.084431,0.038092,0.170634,0.016293,-0.010818,0.012384,0.000000,0.7686,-1.9080,-1.7220,-0.5391,0.1123,0.0573
26.4691,-1.977826,-1.429046,1.483456,-1.858037,-1.773648,3.084412,0.034736,0.178115,0.011172,-0.005827,0.014273,0.000000,0.5761,-1.2835,-1.6330,-0.5319,0.1271,0.0768
26.4791,-1.977487,-1.427242,1.483519,-1.858105,-1.773535,3.084431,0.031645,0.188818,0.002282,-0.006667,0.015516,0.000000,0.5746,-1.2379,-1.6938,-0.5167,0.1154,0.0536
26.4889,-1.977219,-1.425300,1.483504,-1.858180,-1.773400,3.084400,0.027589,0.199563,-0.002019,-0.006703,0.016888,0.000000,0.7140,-1.4421,-1.9250,-0.5590,0.1259,0.0703
26.4992,-1.976927,-1.423313,1.483456,-1.858304,-1.773248,3.084446,0.027798,0.193844,-0.006727,-0.014283,0.015693,0.000000,0.6951,-1.8780,-2.3911,-0.5417,0.1222,0.0535
26.5090,-1.976667,-1.421290,1.483392,-1.858420,-1.773076,3.084437,0.024005,0.218013,-0.003724,-0.009496,0.017020,0.000000,0.5861,-0.8089,-2.2866,-0.5229,0.1485,0.0688
26.5190,-1.976455,-1.419104,1.483308,-1.858580,-1.772948,3.084427,0.023686,0.217242,-0.011082,-0.020271,0.015397,0.000000,0.6278,-1.4166,-2.6915,-0.5515,0.1375,0.0692
26.5290,-1.976212,-1.416901,1.483197,-1.858771,-1.772801,3.084431,0.021498,0.223069,-0.012364,-0.021738,0.014162,0.000000,0.6839,-1.3505,-2.8023,-0.5865,0.1512,0.0702
26.5389,-1.976019,-1.414642,1.483041,-1.859055,-1.772653,3.084431,0.020849,0.220278,-0.015922,-0.031598,0.014784,0.000000,0.6482,-1.6892,-2.7974,-0.5741,0.1453,0.0598
26.5488,-1.975819,-1.412399,1.482928,-1.859355,-1.772501,3.084427,0.015912,0.237926,-0.014655,-0.032119,0.015357,0.000000,0.6605,-0.8771,-2.6155,-0.5657,0.1466,0.0599
26.5590,-1.975617,-1.410020,1.482744,-1.859743,-1.772349,3.084427,0.016417,0.229217,-0.021952,-0.047853,0.014650,0.000000,0.7601,-2.0111,-2.8916,-0.5662,0.1371,0.0716
26.5690,-1.975499,-1.407805,1.482533,-1.860213,-1.772225,3.084449,0.015602,0.220962,-0.021604,-0.049237,0.016305,0.000000,0.5991,-2.0736,-3.0795,-0.6254,0.1469,0.0510
26.5789,-1.975352,-1.405617,1.482333,-1.860758,-1.772013,3.084446,0.012976,0.218501,-0.022316,-0.057085,0.016539,0.000000,0.5431,-1.7926,-2.9909,-0.5977,0.1503,0.0625
26.5890,-1.975256,-1.403442,1.482096,-1.861361,-1.771901,3.084431,0.008466,0.233077,-0.023001,-0.065155,0.019087,0.000000,0.5482,-1.5276,-2.9445,-0.5789,0.1665,0.1116
26.5989,-1.975160,-1.401219,1.481789,-1.862121,-1.771643,3.084427,0.009335,0.214517,-0.033140,-0.079880,0.021208,0.000001,0.5978,-2.2267,-3.0204,-0.5595,0.1513,0.1666
26.6090,-1.975092,-1.399100,1.481450,-1.862955,-1.771465,3.084455,0.005504,0.223105,-0.032201,-0.080239,0.024136,0.004463,0.3369,-1.4594,-3.0103,-0.5778,0.1710,0.1975
26.6190,-1.975080,-1.396810,1.481112,-1.863827,-1.771225,3.084523,0.002951,0.218939,-0.040312,-0.093976,0.025229,0.008759,0.5684,-1.9601,-3.0237,-0.5552,0.1403,0.1760
26.6291,-1.975044,-1.394610,1.480673,-1.864797,-1.770940,3.084595,0.001684,0.226164,-0.044771,-0.099237,0.027880,0.009185,0.5237,-1.3514,-2.9321,-0.5593,0.1612,0.1672
26.6389,-1.975020,-1.392307,1.480162,-1.865834,-1.770694,3.084706,0.003138,0.222960,-0.050375,-0.107035,0.027660,0.009487,0.3874,-1.8231,-2.8186,-0.5360,0.1559,0.1489
26.6490,-1.975028,-1.390044,1.479678,-1.866873,-1.770423,3.084766,0.000724,0.234595,-0.049519,-0.108631,0.029056,0.008755,0.3768,-1.2794,-2.8147,-0.6105,0.1530,0.1543
26.6590,-1.975020,-1.387678,1.479183,-1.868057,-1.770119,3.084862,0.000359,0.227874,-0.054126,-0.121119,0.030260,0.008878,0.5846,-2.2158,-2.9011,-0.5863,0.1736,0.1627
26.6689,-1.975024,-1.385422,1.478626,-1.869244,-1.769827,3.084949,0.001510,0.225166,-0.052675,-0.120777,0.035179,0.007401,0.4041,-1.4361,-2.9773,-0.6218,0.1635,0.1702
26.6789,-1.974992,-1.383214,1.478087,-1.870532,-1.769412,3.084991,0.000664,0.225843,-0.052632,-0.130886,0.036178,0.007294,0.4220,-1.7469,-2.9389,-0.6105,0.1536,0.1710
26.6891,-1.974996,-1.381000,1.477571,-1.871867,-1.769092,3.085097,0.000504,0.224794,-0.051446,-0.136739,0.036994,0.006702,0.4990,-1.9434,-2.9347,-0.5990,0.1721,0.1732
26.6990,-1.975012,-1.378809,1.477016,-1.873263,-1.768737,3.085135,0.000398,0.215757,-0.051690,-0.141071,0.037266,0.007004,0.5979,-2.5150,-3.1089,-0.6240,0.1531,0.1515
26.7089,-1.975000,-1.376765,1.476518,-1.874725,-1.768333,3.085202,0.001117,0.217286,-0.049952,-0.149722,0.038961,0.006289,0.2699,-1.3226,-2.8863,-0.6365,0.1636,0.1567
26.7191,-1.974953,-1.374654,1.476023,-1.876335,-1.767965,3.085255,0.000250,0.209506,-0.050804,-0.163766,0.038072,0.006140,0.5591,-2.1913,-3.0394,-0.6126,0.1691,0.1468
26.7287,-1.974964,-1.372646,1.475488,-1.877979,-1.767547,3.085294,0.001317,0.206969,-0.049731,-0.172741,0.039893,0.005240,0.4550,-2.1030,-3.0571,-0.6199,0.1419,0.1559
26.7389,-1.974960,-1.370571,1.474994,-1.879777,-1.767146,3.085361,0.000867,0.196931,-0.051696,-0.174349,0.038673,0.004610,0.5068,-2.3489,-2.8165,-0.5702,0.1277,0.1469
26.7492,-1.974944,-1.368623,1.474519,-1.881473,-1.766811,3.085387,0.000720,0.211207,-0.044168,-0.181510,0.036525,0.004584,0.3225,-1.6614,-2.8097,-0.6471,0.1400,0.1729
26.7590,-1.974967,-1.366574,1.474063,-1.883403,-1.766479,3.085419,0.001696,0.194822,-0.046033,-0.192147,0.034702,0.004670,0.6227,-2.3741,-2.8639,-0.6218,0.1416,0.1367
26.7689,-1.974908,-1.364653,1.473615,-1.885349,-1.766111,3.085474,0.001696,0.185805,-0.041675,-0.193505,0.032025,0.003546,0.5185,-2.2621,-2.9444,-0.6032,0.1320,0.1482
26.7790,-1.974912,-1.362745,1.473208,-1.887246,-1.765788,3.085495,0.001785,0.176997,-0.038000,-0.188408,0.028234,0.003737,0.6890,-2.7944,-3.1424,-0.6381,0.1367,0.1633
26.7889,-1.974884,-1.361012,1.472849,-1.889136,-1.765580,3.085523,0.004986,0.162028,-0.037344,-0.197464,0.027129,0.003111,0.8599,-2.2795,-3.0500,-0.6431,0.1539,0.1628
26.7988,-1.974844,-1.359386,1.472521,-1.891104,-1.765288,3.085582,0.009785,0.145552,-0.035918,-0.197808,0.024628,0.003236,0.8152,-2.8593,-3.1453,-0.6216,0.1188,0.1691
26.8090,-1.974757,-1.357992,1.472176,-1.892992,-1.765076,3.085594,0.010351,0.140819,-0.031077,-0.192404,0.022275,0.002620,0.7864,-2.2682,-2.9796,-0.6068,0.1389,0.1393
26.8190,-1.974590,-1.356622,1.471838,-1.894931,-1.764860,3.085629,0.013017,0.131102,-0.030793,-0.190924,0.020293,0.001027,0.8454,-2.5333,-2.9483,-0.5774,0.1352,0.1293
26.8289,-1.974453,-1.355404,1.471581,-1.896814,-1.764695,3.085621,0.015739,0.129512,-0.027886,-0.187887,0.020707,0.000387,0.5168,-2.0137,-2.9014,-0.5919,0.1687,0.0951
26.8388,-1.974294,-1.354175,1.471242,-1.898675,-1.764492,3.085609,0.014062,0.126612,-0.027847,-0.184516,0.020931,0.000189,0.6396,-2.1605,-2.8728,-0.5151,0.1435,0.0372
26.8490,-1.974138,-1.352938,1.470970,-1.900459,-1.764297,3.085618,0.013363,0.134453,-0.023514,-0.175225,0.020674,-0.001731,0.5451,-1.3358,-2.6485,-0.5034,0.1585,-0.0197
26.8587,-1.974017,-1.351600,1.470746,-1.902218,-1.764105,3.085582,0.013164,0.133121,-0.023967,-0.171763,0.020346,-0.003502,0.5985,-1.9025,-2.7742,-0.5036,0.1386,-0.0333
26.8688,-1.973889,-1.350255,1.470527,-1.903826,-1.763870,3.085546,0.012805,0.141104,-0.020172,-0.157715,0.019179,-0.006014,0.4924,-1.5323,-2.6819,-0.5678,0.1516,-0.0656
26.8790,-1.973769,-1.348810,1.470347,-1.905414,-1.763685,3.085516,0.009184,0.155466,-0.016676,-0.156482,0.019418,-0.006520,0.4620,-1.4928,-2.6788,-0.5293,0.1307,-0.0724
26.8891,-1.973709,-1.347296,1.470168,-1.907002,-1.763533,3.085446,0.007303,0.165994,-0.012537,-0.155777,0.017328,-0.005304,0.4860,-1.3503,-2.7494,-0.5553,0.1551,-0.0475
26.8990,-1.973673,-1.345624,1.470051,-1.908538,-1.763342,3.085417,0.006472,0.165418,-0.014303,-0.154528,0.016420,-0.003511,0.5373,-1.7581,-2.8902,-0.5667,0.1111,-0.0703
26.9089,-1.973562,-1.343952,1.469896,-1.910041,-1.763244,3.085402,0.005928,0.197807,-0.008058,-0.152651,0.015761,-0.001309,0.4886,-0.6472,-2.6113,-0.5974,0.1228,-0.0505
26.9190,-1.973537,-1.342015,1.469799,-1.911715,-1.763136,3.085387,0.009848,0.205082,-0.012505,-0.166595,0.012655,-0.000740,0.7481,-1.3939,-2.7481,-0.5644,0.1307,-0.0448
26.9291,-1.973367,-1.339988,1.469675,-1.913371,-1.762990,3.085433,0.013315,0.217271,-0.011818,-0.166832,0.011400,-0.000466,0.7493,-1.2186,-2.7575,-0.5424,0.1467,-0.0133
26.9390,-1.973230,-1.337737,1.469500,-1.915090,-1.762854,3.085417,0.018053,0.223069,-0.015764,-0.168887,0.010418,-0.000118,0.8872,-1.4737,-2.8726,-0.5531,0.1183,0.0023
26.9489,-1.972991,-1.335382,1.469329,-1.916777,-1.762814,3.085399,0.033618,0.252512,-0.015259,-0.177315,0.009084,-0.000088,1.0551,-0.8231,-2.7623,-0.6134,0.1489,-0.0057
26.9588,-1.972600,-1.332783,1.469156,-1.918618,-1.762754,3.085421,0.045017,0.248582,-0.025736,-0.194932,0.006009,-0.000071,1.0334,-2.0507,-3.0943,-0.5381,0.1361,-0.0227
26.9690,-1.972153,-1.330192,1.468886,-1.920525,-1.762682,3.085380,0.056284,0.249381,-0.028144,-0.193484,0.004743,-0.000087,1.3596,-2.1648,-3.1608,-0.5791,0.1389,-0.0548
26.9791,-1.971533,-1.327597,1.468551,-1.922472,-1.762674,3.085387,0.073894,0.247752,-0.033848,-0.194502,0.004713,-0.000201,2.2206,-2.4811,-3.3330,-0.6830,0.1758,-0.0805
26.9891,-1.970584,-1.325080,1.468274,-1.924411,-1.762649,3.085382,0.128231,0.247824,-0.043848,-0.212711,0.008533,-0.001478,2.1847,-2.0448,-3.3499,-0.7004,0.1999,-0.0514
26.9991,-1.969227,-1.322559,1.467725,-1.926681,-1.762582,3.085366,0.144833,0.235793,-0.056560,-0.233282,0.002264,-0.001012,1.7065,-3.0353,-3.4956,-0.5955,0.1508,-0.0714
27.0093,-1.967605,-1.320283,1.467130,-1.928929,-1.762513,3.085351,0.195617,0.233908,-0.061177,-0.229167,0.009163,-0.000744,3.0957,-2.3443,-3.4496,-0.6975,0.2104,-0.0686
27.0190,-1.965469,-1.318002,1.466474,-1.931367,-1.762542,3.085351,0.225943,0.226024,-0.071525,-0.242914,0.003106,-0.000646,2.7372,-2.6813,-3.4380,-0.6216,0.2296,-0.0742
27.0291,-1.962830,-1.315818,1.465608,-1.933827,-1.762418,3.085388,0.295452,0.222595,-0.084157,-0.253900,0.016401,-0.001649,3.1864,-1.9760,-3.1880,-0.6154,0.2098,-0.0771
27.0393,-1.959748,-1.313618,1.464722,-1.936336,-1.762315,3.085339,0.316068,0.222559,-0.093434,-0.248927,0.009144,-0.002105,2.1707,-2.1453,-3.0499,-0.5822,0.1908,-0.0755
27.0489,-1.956414,-1.311477,1.463763,-1.938834,-1.762213,3.085288,0.356311,0.233210,-0.100516,-0.247668,0.010829,-0.001915,2.5709,-1.5196,-3.2387,-0.6423,0.1838,-0.0825
27.0590,-1.952781,-1.309214,1.462641,-1.941421,-1.762214,3.085306,0.363015,0.231823,-0.113924,-0.254104,0.003077,-0.001303,1.4608,-2.1153,-3.2446,-0.5089,0.1430,-0.0725
27.0691,-1.949122,-1.306898,1.461459,-1.943824,-1.762050,3.085321,0.372899,0.237251,-0.125478,-0.235491,0.006859,-0.000696,2.1996,-1.6262,-3.1015,-0.6074,0.0991,-0.0513
27.0789,-1.945426,-1.304470,1.460165,-1.946081,-1.762062,3.085321,0.358798,0.251187,-0.131350,-0.223545,0.000755,-0.000448,1.1127,-1.5679,-3.2516,-0.5619,0.0811,-0.0181
27.0890,-1.941919,-1.301972,1.458851,-1.948269,-1.762037,3.085318,0.346465,0.257198,-0.137875,-0.214106,0.000118,-0.000110,0.5364,-1.6805,-3.2698,-0.5537,0.0455,0.0123
27.0989,-1.938566,-1.299331,1.457385,-1.950379,-1.761998,3.085318,0.317818,0.253085,-0.147463,-0.200792,0.000000,-0.000000,-0.2411,-2.4569,-3.0997,-0.5280,-0.0169,0.0524
27.1089,-1.935561,-1.296743,1.455944,-1.952191,-1.761947,3.085318,0.279333,0.276051,-0.157420,-0.180812,0.000000,0.001545,0.7684,-1.2033,-3.5167,-0.6128,-0.0180,0.1058
27.1188,-1.932795,-1.293942,1.454279,-1.953989,-1.761970,3.085364,0.248095,0.277477,-0.176290,-0.182044,0.000000,0.003001,0.0294,-2.0766,-3.7100,-0.5890,-0.0695,0.1014
27.1287,-1.930426,-1.291151,1.452414,-1.955711,-1.761933,3.085354,0.218171,0.283171,-0.195059,-0.168528,-0.000772,0.003625,-0.2114,-1.8235,-3.5353,-0.5863,-0.0728,0.1183
27.1389,-1.928416,-1.288319,1.450404,-1.957292,-1.761949,3.085393,0.183807,0.276498,-0.205397,-0.154216,-0.000487,0.004271,-0.3619,-2.6152,-3.4141,-0.5664,-0.1371,0.1016
27.1488,-1.926793,-1.285651,1.448339,-1.958755,-1.761938,3.085426,0.147718,0.262610,-0.214559,-0.137944,-0.002568,0.004705,0.1517,-2.0137,-3.2447,-0.5627,-0.1226,0.1154
27.1589,-1.925437,-1.283057,1.446215,-1.960037,-1.761957,3.085450,0.117551,0.240995,-0.205792,-0.121862,-0.001003,0.004458,-0.1145,-2.7319,-3.1257,-0.5515,-0.1512,0.1356
27.1688,-1.924424,-1.280794,1.444228,-1.961101,-1.761946,3.085501,0.090292,0.215765,-0.191801,-0.105340,-0.001380,0.004279,0.0549,-3.1485,-3.0538,-0.4869,-0.1498,0.1277
27.1789,-1.923684,-1.278815,1.442442,-1.962051,-1.761978,3.085495,0.073610,0.190985,-0.179592,-0.085698,-0.002023,0.003844,0.4056,-2.9864,-3.2439,-0.5519,-0.1024,0.1331
27.1889,-1.923023,-1.277012,1.440673,-1.962795,-1.761990,3.085549,0.068658,0.178730,-0.177260,-0.074060,-0.000514,0.003586,0.5855,-2.7147,-3.3415,-0.6217,-0.0365,0.1350
27.1991,-1.922399,-1.275292,1.438884,-1.963557,-1.761990,3.085567,0.058792,0.161383,-0.173024,-0.071846,-0.000033,0.003436,0.5481,-2.9336,-3.0987,-0.5502,0.0306,0.1443
27.2091,-1.921875,-1.273840,1.437196,-1.964209,-1.761974,3.085621,0.060706,0.156515,-0.177101,-0.070220,0.003761,0.002632,0.8801,-2.2329,-3.5385,-0.5710,0.0912,0.1464
27.2191,-1.921354,-1.272301,1.435336,-1.964907,-1.761971,3.085629,0.057929,0.149697,-0.188100,-0.073403,0.003047,0.003315,1.1261,-2.2791,-3.6802,-0.5858,0.1539,0.1623
27.2289,-1.920738,-1.270773,1.433381,-1.965726,-1.761926,3.085669,0.067037,0.157474,-0.206545,-0.084292,0.009578,0.002567,1.2795,-1.9744,-3.7036,-0.5987,0.1723,0.1468
27.2390,-1.920062,-1.269099,1.431213,-1.966588,-1.761862,3.085678,0.070181,0.166814,-0.224226,-0.088413,0.011201,0.002490,1.1419,-2.3168,-3.3323,-0.5890,0.1615,0.1568
27.2492,-1.919378,-1.267375,1.428908,-1.967475,-1.761802,3.085686,0.081109,0.185134,-0.240497,-0.095607,0.014474,0.002841,1.6028,-1.6044,-3.6643,-0.5595,0.1888,0.1525
27.2590,-1.918491,-1.265425,1.426344,-1.968473,-1.761635,3.085764,0.087959,0.195015,-0.257204,-0.099756,0.014120,0.002541,1.3344,-2.1598,-3.3671,-0.5142,0.1666,0.1349
27.2690,-1.917606,-1.263381,1.423729,-1.969494,-1.761492,3.085765,0.096371,0.205667,-0.268457,-0.096298,0.014764,0.001556,1.4287,-1.7840,-3.3513,-0.5598,0.1714,0.1452
27.2788,-1.916642,-1.261279,1.421060,-1.970438,-1.761328,3.085759,0.103566,0.229997,-0.272908,-0.093509,0.018056,0.001957,1.3837,-1.5204,-3.2758,-0.5907,0.1794,0.1442
27.2889,-1.915583,-1.258994,1.418308,-1.971456,-1.761226,3.085759,0.113116,0.244890,-0.277578,-0.100459,0.021666,0.001490,1.3515,-1.3446,-3.0423,-0.5373,0.2011,0.1497
27.2991,-1.914418,-1.256537,1.415448,-1.972545,-1.760912,3.085798,0.117280,0.249276,-0.279511,-0.102258,0.024192,0.001481,1.0639,-1.9925,-2.7417,-0.4908,0.1669,0.1340
27.3091,-1.913208,-1.253993,1.412692,-1.973501,-1.760640,3.085798,0.132452,0.280668,-0.274362,-0.099362,0.035298,0.001458,1.4871,-0.7605,-3.2706,-0.5284,0.1986,0.1678
27.3189,-1.911891,-1.251228,1.409903,-1.974555,-1.760310,3.085806,0.139568,0.285807,-0.274863,-0.110059,0.037568,0.001510,1.1334,-1.5970,-3.0981,-0.5139,0.1964,0.1378
27.3291,-1.910487,-1.248374,1.407162,-1.975669,-1.759861,3.085822,0.145103,0.295251,-0.268732,-0.107803,0.046182,0.000893,1.1303,-1.8250,-2.9707,-0.4961,0.1798,0.1414
27.3390,-1.909019,-1.245429,1.404537,-1.976731,-1.759381,3.085838,0.146021,0.292034,-0.260237,-0.103446,0.047775,0.000783,1.0394,-2.2153,-2.9077,-0.5255,0.1708,0.1437
27.3490,-1.907514,-1.242499,1.402024,-1.977734,-1.758878,3.085849,0.161627,0.298404,-0.253958,-0.106818,0.058206,0.000724,1.3150,-1.6172,-3.1846,-0.6134,0.2314,0.1547
27.3589,-1.905895,-1.239450,1.399503,-1.978931,-1.758193,3.085839,0.157670,0.285917,-0.247049,-0.117479,0.061827,0.000683,0.9305,-2.6133,-3.0392,-0.4987,0.1776,0.1701
27.3691,-1.904283,-1.236572,1.397149,-1.980017,-1.757567,3.085843,0.156874,0.271842,-0.231565,-0.109200,0.064279,0.000669,0.8707,-2.9177,-2.9415,-0.5957,0.1569,0.1563
27.3789,-1.902738,-1.233838,1.394943,-1.981119,-1.756905,3.085882,0.149996,0.254376,-0.214830,-0.109947,0.063030,0.000629,0.7785,-2.7749,-3.1390,-0.5700,0.1712,0.1351
27.3890,-1.901242,-1.231373,1.392912,-1.982202,-1.756257,3.085873,0.151350,0.247610,-0.208299,-0.109829,0.064891,0.000595,0.9064,-2.5651,-3.3629,-0.5889,0.1763,0.1467
27.3990,-1.899748,-1.228923,1.390863,-1.983266,-1.755630,3.085866,0.138144,0.225585,-0.202502,-0.104814,0.058219,0.000659,0.6892,-3.2228,-3.0327,-0.5380,0.1384,0.1380
27.4091,-1.898346,-1.226812,1.388924,-1.984212,-1.754967,3.085863,0.129959,0.214215,-0.189157,-0.094750,0.055985,0.000814,0.5758,-2.7917,-3.0684,-0.5985,0.1210,0.1325
27.4191,-1.897147,-1.224768,1.387082,-1.985174,-1.754467,3.085860,0.117414,0.197875,-0.178505,-0.093506,0.048598,0.000671,0.2644,-3.0709,-3.0201,-0.5644,0.1113,0.1276
27.4291,-1.896044,-1.222942,1.385348,-1.986101,-1.754023,3.085906,0.101062,0.183891,-0.169794,-0.089738,0.043259,0.000567,0.6775,-2.4437,-2.9759,-0.5385,0.1321,0.1314
27.4391,-1.895063,-1.221187,1.383717,-1.987019,-1.753596,3.085925,0.086725,0.180582,-0.156601,-0.085124,0.037835,0.000447,0.4612,-2.3541,-2.8031,-0.5103,0.1111,0.1350
27.4490,-1.894247,-1.219443,1.382187,-1.987833,-1.753267,3.085921,0.073053,0.195990,-0.150408,-0.081318,0.034204,0.000378,0.5481,-1.3023,-3.0956,-0.5167,0.1242,0.1325
27.4590,-1.893570,-1.217552,1.380609,-1.988704,-1.752999,3.085928,0.064317,0.199730,-0.156486,-0.088038,0.028078,0.000371,0.4753,-2.0417,-3.0170,-0.4925,0.0975,0.1403
27.4691,-1.892973,-1.215572,1.379057,-1.989547,-1.752743,3.085887,0.054633,0.213650,-0.157112,-0.083539,0.022764,0.000358,0.5510,-1.4443,-2.9147,-0.4961,0.1334,0.1435
27.4790,-1.892457,-1.213366,1.377428,-1.990386,-1.752512,3.085925,0.048934,0.228074,-0.157253,-0.079047,0.018748,0.000327,0.5568,-1.5078,-2.8435,-0.5254,0.1186,0.1137
27.4892,-1.892079,-1.211039,1.375866,-1.991158,-1.752411,3.085937,0.043112,0.241883,-0.158303,-0.077066,0.015688,0.000251,0.7894,-1.6272,-2.9431,-0.5168,0.1460,0.0845
27.4990,-1.891633,-1.208563,1.374241,-1.991967,-1.752236,3.085925,0.041156,0.243464,-0.160237,-0.079213,0.013251,0.000120,0.8144,-2.4315,-2.9220,-0.4872,0.1158,0.0151
27.5092,-1.891249,-1.206036,1.372686,-1.992655,-1.752147,3.085918,0.040075,0.257276,-0.159383,-0.070809,0.011001,-0.002816,0.8436,-1.4722,-3.0873,-0.5102,0.1325,-0.0132
27.5189,-1.890861,-1.203350,1.371127,-1.993378,-1.752075,3.085888,0.039366,0.253321,-0.156851,-0.072477,0.006095,-0.005900,0.8697,-2.4021,-3.2830,-0.5134,0.1330,-0.0476
27.5292,-1.890492,-1.200831,1.369581,-1.994017,-1.752003,3.085825,0.039012,0.248523,-0.153990,-0.064531,0.004684,-0.007593,0.9032,-2.6746,-3.2558,-0.6019,0.1272,-0.0740
27.5390,-1.890148,-1.198320,1.368094,-1.994660,-1.751967,3.085727,0.037488,0.237909,-0.150179,-0.061851,0.003632,-0.008348,0.8981,-3.3133,-3.1551,-0.5750,0.1279,-0.0825
27.5491,-1.889804,-1.195995,1.366667,-1.995271,-1.751916,3.085671,0.034982,0.233846,-0.144355,-0.062884,0.004206,-0.008634,0.9429,-2.6153,-3.2099,-0.5779,0.1479,-0.0944
27.5588,-1.889440,-1.193680,1.365197,-1.995938,-1.751883,3.085587,0.033938,0.214185,-0.141321,-0.069971,0.003598,-0.009506,0.9159,-3.1872,-3.1303,-0.5071,0.1197,-0.1059
27.5691,-1.889108,-1.191694,1.363834,-1.996545,-1.751852,3.085511,0.033486,0.199174,-0.132999,-0.061083,0.004074,-0.009647,0.7150,-3.2060,-3.0131,-0.5864,0.1220,-0.1115
27.5790,-1.888768,-1.189846,1.362598,-1.997223,-1.751815,3.085489,0.030030,0.179080,-0.121662,-0.059991,0.004539,-0.008867,0.6299,-3.1968,-2.9727,-0.5626,0.1326,-0.1235
27.5891,-1.888520,-1.188151,1.361436,-1.997776,-1.751787,3.085402,0.024607,0.167297,-0.110212,-0.055787,0.002864,-0.008848,0.7202,-2.7523,-3.0273,-0.5675,0.1361,-0.0974
27.5991,-1.888276,-1.186593,1.360400,-1.998366,-1.751724,3.085339,0.022635,0.149670,-0.100880,-0.053244,0.004205,-0.008326,0.7318,-3.2224,-2.8654,-0.5809,0.1239,-0.1295
27.6090,-1.888079,-1.185241,1.359433,-1.998811,-1.751716,3.085298,0.017779,0.142498,-0.090831,-0.045568,0.003125,-0.008665,0.6966,-2.5334,-2.7555,-0.5386,0.1506,-0.1192
27.6191,-1.887923,-1.183865,1.358578,-1.999313,-1.751680,3.085231,0.015104,0.133829,-0.083063,-0.043653,0.003371,-0.006695,0.6755,-2.8278,-2.8999,-0.5267,0.1108,-0.1245
27.6290,-1.887803,-1.182559,1.357787,-1.999673,-1.751695,3.085171,0.012130,0.137350,-0.077942,-0.034907,0.002731,-0.007161,0.6622,-2.4502,-2.9023,-0.5234,0.1425,-0.1201
27.6391,-1.887667,-1.181260,1.356980,-2.000033,-1.751635,3.085135,0.009141,0.136580,-0.073113,-0.030469,0.002692,-0.006607,0.5002,-2.4374,-2.7895,-0.5082,0.1313,-0.1324
27.6492,-1.887623,-1.179895,1.356276,-2.000293,-1.751632,3.085075,0.003312,0.149904,-0.065962,-0.019986,0.002225,-0.007088,0.1976,-1.8184,-2.6712,-0.5183,0.1397,-0.1255
27.6590,-1.887610,-1.178386,1.355568,-2.000508,-1.751612,3.085031,0.000000,0.151759,-0.069742,-0.021701,0.002147,-0.005787,0.1602,-2.3183,-2.6952,-0.5056,0.1312,-0.1207
27.6690,-1.887635,-1.176832,1.354902,-2.000672,-1.751568,3.085006,-0.007009,0.161506,-0.063692,-0.013617,0.001328,-0.005622,-0.1515,-1.8998,-2.7053,-0.5480,0.1431,-0.1272
27.6793,-1.887701,-1.175159,1.354255,-2.000844,-1.751579,3.084958,-0.008199,0.175357,-0.061145,-0.010835,0.002879,-0.005273,-0.4403,-1.8553,-2.5033,-0.4995,0.1072,-0.1269
27.6891,-1.887798,-1.173331,1.353651,-2.000943,-1.751572,3.084910,-0.010751,0.187483,-0.056757,-0.007553,0.001348,-0.005282,-0.4085,-1.8694,-2.6394,-0.5122,0.1408,-0.1288
27.6990,-1.887894,-1.171374,1.353064,-2.001015,-1.751567,3.084874,-0.009195,0.187734,-0.056917,-0.006177,0.002084,-0.005356,-0.3885,-2.4260,-2.8028,-0.5583,0.1287,-0.1232
27.7092,-1.887977,-1.169437,1.352528,-2.000989,-1.751524,3.084842,-0.010529,0.204103,-0.048088,-0.002544,0.001575,-0.005266,-0.6812,-1.6866,-2.6413,-0.5300,0.1235,-0.1289
27.7190,-1.888086,-1.167359,1.352061,-2.001053,-1.751512,3.084772,-0.008831,0.199663,-0.048606,-0.011560,0.001087,-0.003170,-0.4664,-2.6605,-2.8168,-0.5869,0.1156,-0.1346
27.7292,-1.888154,-1.165339,1.351621,-2.001146,-1.751508,3.084770,-0.009450,0.200172,-0.040375,-0.010510,0.000586,-0.004363,-0.4113,-2.7286,-2.9088,-0.5996,0.1169,-0.1198
27.7390,-1.888230,-1.163333,1.351249,-2.001310,-1.751492,3.084703,-0.006378,0.190787,-0.038172,-0.015575,0.000620,-0.004328,-0.3337,-3.2885,-3.0423,-0.6523,0.1141,-0.1277
27.7489,-1.888274,-1.161457,1.350897,-2.001454,-1.751516,3.084686,-0.005462,0.181041,-0.033185,-0.013191,0.000829,-0.003406,-0.4852,-2.5642,-3.0427,-0.5955,0.1302,-0.1092
27.7590,-1.888303,-1.159713,1.350558,-2.001583,-1.751488,3.084686,-0.002786,0.163746,-0.033728,-0.017554,0.000544,-0.002873,-0.3788,-3.3924,-3.0008,-0.6081,0.1100,-0.1252
27.7689,-1.888341,-1.158125,1.350274,-2.001703,-1.751468,3.084639,-0.001147,0.148272,-0.029476,-0.013155,0.000388,-0.002114,-0.4268,-3.5427,-3.1815,-0.6114,0.1155,-0.1121
27.7790,-1.888362,-1.156735,1.350002,-2.001850,-1.751460,3.084622,-0.001275,0.130248,-0.027088,-0.013603,0.000336,-0.001103,-0.3497,-3.7816,-3.0571,-0.6113,0.1087,-0.1217
27.7890,-1.888389,-1.155610,1.349731,-2.001973,-1.751492,3.084622,-0.001029,0.113731,-0.021139,-0.008061,0.000265,-0.000950,-0.3717,-3.2669,-2.9533,-0.5632,0.0483,-0.1325
27.7991,-1.888370,-1.154610,1.349555,-2.002054,-1.751472,3.084622,-0.001014,0.094955,-0.018189,-0.004763,0.000004,-0.001630,-0.2076,-3.4355,-2.8696,-0.5648,-0.0154,-0.1213
27.8089,-1.888355,-1.153768,1.349406,-2.002026,-1.751500,3.084614,-0.000145,0.079551,-0.013221,-0.001286,-0.003179,-0.001660,-0.3377,-3.4469,-2.9154,-0.5369,-0.0509,-0.1334
27.8190,-1.888389,-1.153030,1.349274,-2.002047,-1.751536,3.084568,-0.000237,0.066598,-0.011095,-0.000488,-0.005293,-0.002328,-0.2483,-3.5727,-2.9298,-0.4932,-0.0942,-0.1234
27.8293,-1.888382,-1.152505,1.349186,-2.002050,-1.751619,3.084538,-0.000220,0.051295,-0.008989,-0.000253,-0.007587,-0.006710,-0.3182,-3.2166,-2.8819,-0.3960,-0.1041,-0.1458
27.8390,-1.888367,-1.152014,1.349096,-2.002011,-1.751652,3.084466,-0.000338,0.043860,-0.007670,0.001981,-0.007852,-0.008663,-0.4006,-3.4092,-2.9126,-0.3532,-0.1205,-0.1341
27.8489,-1.888382,-1.151634,1.349008,-2.002014,-1.751731,3.084419,-0.001818,0.038151,-0.006455,0.004905,-0.008391,-0.008313,-0.6092,-3.2270,-2.9096,-0.3340,-0.1112,-0.1604
27.8588,-1.888438,-1.151306,1.348958,-2.001975,-1.751811,3.084273,-0.003229,0.031532,-0.008186,0.004007,-0.008166,-0.009407,-0.6166,-3.2504,-2.8902,-0.2745,-0.1255,-0.1610
27.8688,-1.888455,-1.151038,1.348922,-2.001946,-1.751875,3.084212,-0.006747,0.027747,-0.006988,0.004966,-0.007744,-0.009126,-0.6897,-3.0376,-2.8905,-0.2682,-0.1459,-0.1639
27.8789,-1.888518,-1.150771,1.348799,-2.001922,-1.751939,3.084149,-0.007712,0.023686,-0.008037,0.004056,-0.006730,-0.009595,-0.6888,-3.0402,-2.9076,-0.2231,-0.1540,-0.1624
27.8890,-1.888611,-1.150563,1.348735,-2.001855,-1.751992,3.084047,-0.010104,0.022311,-0.008270,0.004110,-0.006652,-0.009255,-0.7442,-3.0049,-2.7763,-0.2236,-0.1610,-0.1534
27.8989,-1.888707,-1.150383,1.348644,-2.001835,-1.752045,3.083926,-0.011981,0.018311,-0.007482,0.003574,-0.006574,-0.008507,-0.6196,-2.9991,-2.7810,-0.2390,-0.1721,-0.1714
27.9089,-1.888815,-1.150164,1.348591,-2.001795,-1.752107,3.083894,-0.012290,0.020519,-0.005534,0.004664,-0.006360,-0.008760,-0.7830,-2.9379,-2.7745,-0.2049,-0.1634,-0.1813
27.9190,-1.888969,-1.149960,1.348567,-2.001778,-1.752168,3.083765,-0.012123,0.020193,-0.004831,0.003351,-0.005786,-0.009573,-0.7187,-3.0064,-2.7662,-0.2427,-0.1786,-0.1819
27.9290,-1.889055,-1.149753,1.348519,-2.001751,-1.752254,3.083675,-0.012127,0.020805,-0.003702,0.003055,-0.005181,-0.011307,-0.7554,-2.9602,-2.7723,-0.2056,-0.1753,-0.1969
27.9390,-1.889171,-1.149532,1.348437,-2.001718,-1.752291,3.083568,-0.009906,0.021878,-0.003281,0.002345,-0.005159,-0.012518,-0.6027,-2.9469,-2.6913,-0.2241,-0.1745,-0.1742
27.9489,-1.889255,-1.149293,1.348459,-2.001679,-1.752327,3.083432,-0.009931,0.031339,-0.001673,0.003914,-0.004509,-0.014541,-0.6677,-2.6693,-2.5999,-0.1713,-0.1765,-0.2021
27.9589,-1.889355,-1.148943,1.348419,-2.001651,-1.752363,3.083276,-0.007983,0.033437,-0.003117,0.001682,-0.004986,-0.016964,-0.5418,-2.9563,-2.6536,-0.2231,-0.1754,-0.2000
27.9689,-1.889439,-1.148638,1.348387,-2.001643,-1.752411,3.083076,-0.006918,0.035844,-0.001370,0.001701,-0.004944,-0.020027,-0.6374,-2.7726,-2.6723,-0.2005,-0.1784,-0.2171
27.9789,-1.889502,-1.148255,1.348402,-2.001627,-1.752447,3.082873,-0.005977,0.038891,-0.001571,0.001454,-0.004426,-0.021989,-0.6087,-2.8364,-2.7187,-0.2215,-0.1766,-0.1973
27.9890,-1.889547,-1.147805,1.348399,-2.001612,-1.752514,3.082649,-0.005258,0.047220,-0.000751,0.001626,-0.004792,-0.024400,-0.5708,-2.7828,-2.6641,-0.1994,-0.1815,-0.2149
27.9989,-1.889598,-1.147341,1.348413,-2.001641,-1.752526,3.082405,-0.004463,0.046179,-0.000900,0.001099,-0.003455,-0.024725,-0.5136,-2.9795,-2.8065,-0.2269,-0.1783,-0.1935
28.0090,-1.889619,-1.146862,1.348356,-2.001607,-1.752527,3.082150,-0.004029,0.047765,-0.001493,0.000736,-0.003115,-0.023974,-0.4917,-3.0380,-2.7284,-0.1917,-0.1800,-0.2046
28.0188,-1.889651,-1.146343,1.348356,-2.001610,-1.752546,3.081933,-0.002809,0.045218,-0.001488,0.000614,-0.001377,-0.022721,-0.4937,-3.1847,-2.8845,-0.2394,-0.1703,-0.1745
28.0291,-1.889666,-1.145903,1.348354,-2.001583,-1.752567,3.081717,-0.002267,0.044890,-0.001322,0.000833,-0.000720,-0.021559,-0.5887,-3.0412,-2.8329,-0.1952,-0.1132,-0.1883
28.0388,-1.889703,-1.145475,1.348335,-2.001568,-1.752520,3.081450,-0.001578,0.038973,-0.002399,0.000791,-0.000103,-0.019128,-0.5466,-3.1623,-2.8937,-0.2307,-0.0994,-0.1901
28.0491,-1.889715,-1.145080,1.348292,-2.001556,-1.752590,3.081266,-0.001269,0.035901,-0.001806,0.001576,-0.000000,-0.020934,-0.5405,-3.2277,-2.8372,-0.1796,-0.0240,-0.1968
28.0589,-1.889730,-1.144681,1.348303,-2.001526,-1.752550,3.081057,-0.001416,0.031420,-0.002097,0.004796,0.002431,-0.022838,-0.5605,-3.3952,-2.9114,-0.2260,-0.0091,-0.2033
28.0692,-1.889727,-1.144382,1.348272,-2.001475,-1.752491,3.080817,-0.001243,0.027146,-0.001983,0.006551,0.004029,-0.026790,-0.6215,-3.3345,-2.8659,-0.1972,0.0403,-0.1898
28.0791,-1.889742,-1.144137,1.348251,-2.001372,-1.752440,3.080554,-0.001241,0.020406,-0.001750,0.007204,0.006696,-0.029550,-0.6084,-3.4096,-2.8306,-0.2041,0.0495,-0.2059
28.0892,-1.889763,-1.143976,1.348282,-2.001371,-1.752387,3.080278,-0.001128,0.014895,-0.000764,0.008284,0.006780,-0.033504,-0.5881,-3.4528,-2.6473,-0.1792,0.0504,-0.2306
28.0990,-1.889791,-1.143837,1.348264,-2.001240,-1.752339,3.079887,-0.001622,0.010363,-0.000029,0.008430,0.006077,-0.036216,-0.5711,-3.5127,-2.4466,-0.2095,0.0564,-0.2271
28.1090,-1.889787,-1.143797,1.348291,-2.001172,-1.752275,3.079475,-0.002538,0.002808,0.001988,0.008820,0.005866,-0.039562,-0.5696,-3.4832,-2.3548,-0.1800,0.0799,-0.2450
28.1190,-1.889838,-1.143816,1.348322,-2.001092,-1.752208,3.079072,-0.002890,0.000416,0.002737,0.008271,0.005531,-0.039555,-0.5857,-3.7038,-2.1344,-0.1985,0.0966,-0.2030
28.1293,-1.889850,-1.143836,1.348327,-2.000985,-1.752148,3.078679,-0.002511,-0.000272,0.002633,0.008028,0.005351,-0.039772,-0.6370,-3.6009,-1.9593,-0.1921,0.0966,-0.2004
28.1390,-1.889874,-1.143853,1.348342,-2.000984,-1.752131,3.078244,-0.002341,-0.000722,0.002578,0.006607,0.005281,-0.039482,-0.5407,-3.6077,-1.8509,-0.1641,0.0811,-0.1769
28.1490,-1.889870,-1.143912,1.348409,-2.000913,-1.752080,3.077841,-0.002288,-0.002744,0.007396,0.006255,0.005596,-0.040000,-0.5667,-3.8519,-1.6411,-0.1509,0.0940,-0.1898
28.1589,-1.889910,-1.143956,1.348474,-2.000842,-1.752059,3.077507,-0.002235,-0.005127,0.009674,0.008194,0.005233,-0.037784,-0.6189,-3.8959,-1.5951,-0.1833,0.0976,-0.1762
28.1690,-1.889922,-1.143964,1.348567,-2.000765,-1.752007,3.077082,-0.001960,-0.004173,0.010978,0.008266,0.004483,-0.037648,-0.6041,-3.9929,-1.5873,-0.1692,0.1029,-0.1858
28.1790,-1.889931,-1.144016,1.348694,-2.000708,-1.751986,3.076730,-0.002111,-0.004232,0.011821,0.006756,0.004495,-0.034835,-0.5528,-4.1160,-1.5974,-0.1759,0.0915,-0.1567
28.1887,-1.889939,-1.144017,1.348822,-2.000645,-1.751931,3.076389,-0.002509,-0.004262,0.014551,0.006447,0.004386,-0.035319,-0.5994,-4.1638,-1.4977,-0.1801,0.1108,-0.1985
28.1989,-1.889967,-1.144072,1.348981,-2.000585,-1.751920,3.076022,-0.002257,-0.004997,0.016253,0.005593,0.003589,-0.036007,-0.6567,-4.0889,-1.5191,-0.1681,0.1185,-0.1849
28.2089,-1.890007,-1.144132,1.349127,-2.000561,-1.751859,3.075654,-0.002202,-0.004585,0.018738,0.004822,0.003554,-0.037561,-0.6739,-4.0960,-1.3872,-0.1927,0.1092,-0.1889
28.2189,-1.890018,-1.144180,1.349329,-2.000494,-1.751839,3.075282,-0.002368,-0.004888,0.020677,0.004154,0.003658,-0.036449,-0.6513,-4.1602,-1.3868,-0.1665,0.1172,-0.1709
28.2294,-1.890024,-1.144209,1.349592,-2.000462,-1.751828,3.074915,-0.002291,-0.003730,0.025290,0.004687,0.003655,-0.034791,-0.5506,-4.0772,-1.2468,-0.1404,0.1188,-0.1744
28.2390,-1.890067,-1.144279,1.349817,-2.000429,-1.751795,3.074578,-0.002533,-0.003840,0.028206,0.003962,0.003641,-0.032300,-0.6180,-4.0615,-1.2988,-0.1562,0.1131,-0.1717
28.2490,-1.890118,-1.144269,1.350101,-2.000412,-1.751756,3.074239,-0.003009,-0.002068,0.032114,0.003542,0.002518,-0.034770,-0.5822,-4.0351,-1.2684,-0.1584,0.1185,-0.1872
28.2590,-1.890123,-1.144304,1.350468,-2.000373,-1.751731,3.073863,-0.003016,-0.000773,0.034115,0.003157,0.003278,-0.035525,-0.6001,-4.1561,-1.2645,-0.1460,0.1225,-0.1658
28.2689,-1.890147,-1.144284,1.350835,-2.000321,-1.751723,3.073511,-0.002650,-0.000815,0.038867,0.003553,0.002769,-0.037944,-0.6016,-4.0260,-1.2909,-0.1630,0.1408,-0.1655
28.2789,-1.890174,-1.144288,1.351235,-2.000298,-1.751695,3.073112,-0.002919,-0.000410,0.039836,0.002186,0.002215,-0.039908,-0.5416,-4.1099,-1.3574,-0.1848,0.1428,-0.1611
28.2889,-1.890195,-1.144281,1.351645,-2.000293,-1.751680,3.072728,-0.001559,-0.000778,0.039522,0.000978,0.002248,-0.039524,-0.4040,-4.1469,-1.3159,-0.2020,0.1215,-0.1963
28.2989,-1.890210,-1.144300,1.352033,-2.000286,-1.751656,3.072308,-0.000674,-0.000763,0.038819,0.000550,0.002083,-0.039900,-0.4777,-4.1887,-1.3971,-0.2591,0.1457,-0.2050
28.3092,-1.890210,-1.144308,1.352420,-2.000254,-1.751601,3.071906,-0.000456,-0.000728,0.039473,0.000097,0.002950,-0.040224,-0.5274,-4.1013,-1.3111,-0.2934,0.1393,-0.1952
28.3191,-1.890207,-1.144331,1.352816,-2.000316,-1.751589,3.071532,-0.000386,-0.000411,0.038665,-0.002246,0.004264,-0.040045,-0.4437,-4.1588,-1.3485,-0.3750,0.1489,-0.1672
28.3291,-1.890210,-1.144308,1.353199,-2.000325,-1.751536,3.071130,-0.000324,-0.000390,0.038507,-0.002522,0.005748,-0.037624,-0.4716,-4.1045,-1.3120,-0.4073,0.1573,-0.1927
28.3390,-1.890176,-1.144308,1.353533,-2.000349,-1.751468,3.070789,-0.000249,-0.000316,0.036663,-0.003821,0.007205,-0.038415,-0.4794,-4.2384,-1.3234,-0.4676,0.1763,-0.1685
28.3491,-1.890191,-1.144324,1.353927,-2.000378,-1.751384,3.070405,-0.000203,-0.000312,0.036233,-0.005327,0.012406,-0.038143,-0.4610,-4.1657,-1.2837,-0.4600,0.1663,-0.1846
28.3589,-1.890207,-1.144315,1.354268,-2.000481,-1.751232,3.069999,-0.000171,-0.000278,0.034033,-0.007072,0.014563,-0.038540,-0.4345,-4.1869,-1.2816,-0.4823,0.1135,-0.1713
28.3693,-1.890207,-1.144312,1.354638,-2.000517,-1.751104,3.069634,-0.000147,-0.000258,0.032180,-0.005776,0.013543,-0.038427,-0.5234,-4.2140,-1.3501,-0.4842,0.1461,-0.1824
28.3790,-1.890195,-1.144327,1.354899,-2.000592,-1.750968,3.069266,-0.000151,-0.000245,0.029034,-0.006543,0.015096,-0.035392,-0.5189,-4.2288,-1.2524,-0.5263,0.1753,-0.2244
28.3890,-1.890207,-1.144327,1.355187,-2.000649,-1.750777,3.068864,-0.000154,-0.000301,0.028544,-0.009818,0.024184,-0.035927,-0.4337,-4.1890,-1.4017,-0.5231,0.1679,-0.2142
28.3990,-1.890222,-1.144320,1.355439,-2.000759,-1.750498,3.068534,-0.000123,-0.000589,0.025086,-0.011844,0.031725,-0.035347,-0.4003,-4.2330,-1.3234,-0.5418,0.1687,-0.1918
28.4092,-1.890215,-1.144305,1.355690,-2.000867,-1.750134,3.068223,-0.000147,-0.000766,0.022801,-0.012114,0.040094,-0.033362,-0.4371,-4.1780,-1.4177,-0.5499,0.2061,-0.1602
28.4190,-1.890219,-1.144336,1.355925,-2.000987,-1.749667,3.067887,-0.000334,-0.000764,0.017872,-0.012395,0.050168,-0.029236,-0.4846,-4.2206,-1.4777,-0.5383,0.2239,-0.1681
28.4291,-1.890203,-1.144367,1.356085,-2.001092,-1.749052,3.067623,-0.000294,-0.000752,0.016146,-0.012799,0.064239,-0.025515,-0.4712,-4.1948,-1.4873,-0.5429,0.2416,-0.1572
28.4390,-1.890219,-1.144344,1.356214,-2.001234,-1.748337,3.067396,-0.000295,-0.000876,0.013769,-0.013075,0.077831,-0.023125,-0.5365,-4.3012,-1.4688,-0.5359,0.2025,-0.1525
28.4489,-1.890230,-1.144384,1.356319,-2.001347,-1.747454,3.067191,-0.001763,-0.002435,0.012403,-0.012092,0.089735,-0.019582,-0.6667,-4.4343,-1.5491,-0.5602,0.2398,-0.1509
28.4588,-1.890251,-1.144392,1.356473,-2.001482,-1.746511,3.067023,-0.003796,-0.004021,0.009686,-0.011637,0.095848,-0.017122,-0.6842,-4.4244,-1.5466,-0.5672,0.2169,-0.1507
28.4689,-1.890302,-1.144456,1.356523,-2.001571,-1.745488,3.066883,-0.006574,-0.007032,0.006627,-0.012553,0.104285,-0.013127,-0.7181,-4.4769,-1.5050,-0.5702,0.2106,-0.1657
28.4789,-1.890366,-1.144528,1.356583,-2.001682,-1.744390,3.066783,-0.008186,-0.007941,0.004527,-0.012898,0.109322,-0.011369,-0.8482,-4.4128,-1.4984,-0.5628,0.1838,-0.1373
28.4889,-1.890447,-1.144623,1.356591,-2.001842,-1.743326,3.066652,-0.010645,-0.007262,0.003412,-0.014223,0.109776,-0.008863,-0.7521,-4.4287,-1.4951,-0.5652,0.1691,-0.1384
28.4991,-1.890582,-1.144695,1.356646,-2.001982,-1.742268,3.066627,-0.011816,-0.005032,0.002117,-0.014892,0.101996,-0.006239,-0.7120,-4.2606,-1.5254,-0.5381,0.1852,-0.1469
28.5089,-1.890687,-1.144743,1.356631,-2.002150,-1.741328,3.066544,-0.012604,-0.003133,0.001507,-0.015386,0.094696,-0.004221,-0.7890,-4.1863,-1.3746,-0.5474,0.2049,-0.1735
28.5189,-1.890795,-1.144807,1.356697,-2.002297,-1.740409,3.066531,-0.012152,-0.002705,0.002563,-0.015504,0.084525,-0.004115,-0.7069,-4.1099,-1.2168,-0.5203,0.1754,-0.1338
28.5289,-1.890918,-1.144772,1.356695,-2.002464,-1.739638,3.066445,-0.012536,-0.000695,0.006723,-0.016314,0.075204,-0.004110,-0.6909,-4.0470,-1.1471,-0.5352,0.1501,-0.1571
28.5390,-1.891023,-1.144791,1.356814,-2.002617,-1.738954,3.066455,-0.010396,-0.000314,0.010158,-0.017716,0.062570,-0.004015,-0.5319,-4.0139,-1.2541,-0.5171,0.1603,-0.1435
28.5491,-1.891092,-1.144779,1.356946,-2.002757,-1.738445,3.066384,-0.005957,-0.000216,0.013661,-0.015786,0.053845,-0.003858,-0.4432,-4.1911,-1.3201,-0.5493,0.1614,-0.1401
28.5590,-1.891155,-1.144783,1.357089,-2.002928,-1.737931,3.066368,-0.003331,-0.001061,0.015168,-0.014925,0.043930,-0.003562,-0.3122,-4.4021,-1.4130,-0.5558,0.1431,-0.1435
28.5690,-1.891152,-1.144776,1.357257,-2.003072,-1.737594,3.066360,-0.000610,-0.001552,0.015252,-0.014124,0.035617,-0.003489,-0.2425,-4.4422,-1.3771,-0.5679,0.1354,-0.1527
28.5790,-1.891158,-1.144803,1.357401,-2.003200,-1.737305,3.066347,0.001447,-0.003052,0.015137,-0.014311,0.028080,-0.002941,-0.1091,-4.4855,-1.3455,-0.5784,0.1338,-0.1301
28.5889,-1.891104,-1.144851,1.357584,-2.003418,-1.737049,3.066311,0.003632,-0.005505,0.016178,-0.021342,0.020939,-0.001188,0.0880,-4.5097,-1.3854,-0.5809,0.1595,-0.1133
28.5989,-1.891073,-1.144939,1.357744,-2.003627,-1.736902,3.066311,0.004209,-0.006927,0.017198,-0.026386,0.016485,-0.000570,0.2138,-4.5011,-1.3488,-0.5829,0.1390,-0.0509
28.6090,-1.891028,-1.144971,1.357939,-2.003906,-1.736707,3.066336,0.005411,-0.006897,0.019123,-0.031471,0.011961,-0.000000,0.2612,-4.4602,-1.2390,-0.6130,0.1162,0.0026
28.6190,-1.890987,-1.145055,1.358111,-2.004289,-1.736642,3.066348,0.005935,-0.006309,0.020689,-0.040066,0.007512,0.001957,0.1779,-4.3290,-1.2853,-0.6050,0.1078,0.0160
28.6290,-1.890923,-1.145103,1.358312,-2.004743,-1.736594,3.066352,0.006175,-0.003224,0.023629,-0.049490,0.004224,0.002243,0.3087,-4.2466,-1.2574,-0.6280,0.1101,0.0369
28.6390,-1.890879,-1.145139,1.358571,-2.005263,-1.736558,3.066344,0.005173,-0.002241,0.025312,-0.057845,0.002665,0.001261,0.3632,-4.1971,-1.2723,-0.6116,0.1133,0.0502
28.6491,-1.890834,-1.145132,1.358791,-2.005936,-1.736538,3.066371,0.004882,-0.000955,0.029481,-0.062694,0.003307,0.002202,0.3085,-4.2585,-1.2125,-0.5844,0.1157,0.0509
28.6589,-1.890807,-1.145166,1.359123,-2.006518,-1.736491,3.066399,0.004322,-0.000725,0.029750,-0.062564,0.003390,0.003455,0.3600,-4.3529,-1.1990,-0.5784,0.1257,0.0791
28.6689,-1.890787,-1.145147,1.359449,-2.007159,-1.736502,3.066432,0.003552,-0.001347,0.033878,-0.061713,0.003431,0.005230,0.3739,-4.3144,-1.2522,-0.6128,0.1413,0.0638
28.6789,-1.890747,-1.145156,1.359792,-2.007810,-1.736462,3.066471,0.002395,-0.002812,0.033962,-0.060191,0.003587,0.006924,0.3913,-4.3791,-1.2744,-0.6231,0.1160,0.0808
28.6890,-1.890735,-1.145198,1.360117,-2.008393,-1.736423,3.066531,0.002212,-0.003194,0.034460,-0.056763,0.004012,0.007572,0.4141,-4.4754,-1.3002,-0.6351,0.1211,0.0960
28.6989,-1.890730,-1.145222,1.360449,-2.008981,-1.736402,3.066563,0.001684,-0.004143,0.032751,-0.055473,0.003632,0.007396,0.4326,-4.4640,-1.3086,-0.5597,0.1373,0.0933
28.7091,-1.890714,-1.145278,1.360811,-2.009481,-1.736339,3.066620,0.001711,-0.003383,0.033627,-0.046839,0.003660,0.007372,0.4389,-4.3706,-1.2986,-0.5450,0.1351,0.1131
28.7190,-1.890687,-1.145310,1.361134,-2.009929,-1.736327,3.066667,0.001969,-0.002960,0.031655,-0.040785,0.002983,0.006921,0.4775,-4.3451,-1.2168,-0.5271,0.1368,0.0756
28.7291,-1.890675,-1.145303,1.361424,-2.010306,-1.736298,3.066775,0.001865,-0.001242,0.031538,-0.032497,0.003235,0.006109,0.4595,-4.2932,-1.2640,-0.5418,0.1191,0.1194
28.7389,-1.890651,-1.145310,1.361723,-2.010603,-1.736274,3.066791,0.001951,-0.000125,0.031091,-0.027407,0.002518,0.006354,0.3880,-4.1612,-1.2633,-0.5358,0.1234,0.1087
28.7490,-1.890611,-1.145306,1.362050,-2.010843,-1.736238,3.066842,0.000934,0.001841,0.033763,-0.021539,0.005303,0.006080,0.3747,-4.1124,-1.2508,-0.5592,0.1450,0.1232
28.7589,-1.890623,-1.145294,1.362402,-2.011031,-1.736174,3.066859,0.000188,0.000163,0.034298,-0.018602,0.007834,0.004782,0.1778,-4.1983,-1.2634,-0.5712,0.1528,0.1149
28.7690,-1.890639,-1.145294,1.362765,-2.011187,-1.736090,3.066911,0.000000,0.000000,0.035164,-0.014681,0.009815,0.004648,0.0455,-4.2905,-1.2576,-0.6025,0.1455,0.1273
28.7788,-1.890632,-1.145275,1.363074,-2.011311,-1.735964,3.066931,-0.001317,-0.001572,0.036104,-0.013344,0.011245,0.004852,-0.0286,-4.3409,-1.1873,-0.5918,0.1592,0.1195
28.7891,-1.890675,-1.145325,1.363465,-2.011470,-1.735843,3.066959,-0.003550,-0.000931,0.041316,-0.012719,0.011830,0.005051,-0.0807,-4.4360,-1.0567,-0.5935,0.1517,0.1219
28.7989,-1.890699,-1.145373,1.363903,-2.011606,-1.735786,3.067003,-0.002103,-0.004617,0.044810,-0.014216,0.010911,0.005182,-0.3197,-4.4679,-1.2255,-0.6134,0.1469,0.1120
28.8091,-1.890738,-1.145399,1.364368,-2.011780,-1.735656,3.067058,-0.003163,-0.005415,0.046861,-0.017212,0.011185,0.004442,-0.5717,-4.3982,-1.1272,-0.6391,0.1370,0.1461
28.8189,-1.890771,-1.145478,1.364842,-2.011965,-1.735535,3.067103,-0.005588,-0.005967,0.047501,-0.022730,0.009451,0.005030,-0.4175,-4.4640,-1.1512,-0.6171,0.1416,0.1519
28.8289,-1.890843,-1.145514,1.365314,-2.012263,-1.735467,3.067151,-0.006084,-0.006253,0.049030,-0.033959,0.009228,0.007822,-0.4410,-4.4342,-1.1682,-0.6249,0.1490,0.1644
28.8390,-1.890891,-1.145574,1.365825,-2.012627,-1.735380,3.067239,-0.005744,-0.005641,0.048177,-0.045169,0.009454,0.010713,-0.4347,-4.4199,-1.2289,-0.6060,0.1553,0.1398
28.8491,-1.890939,-1.145625,1.366286,-2.013126,-1.735280,3.067334,-0.005335,-0.004387,0.047987,-0.059240,0.007836,0.011665,-0.5006,-4.4672,-1.1920,-0.6421,0.1487,0.1419
28.8590,-1.890999,-1.145654,1.366763,-2.013828,-1.735255,3.067439,-0.004662,-0.004392,0.046689,-0.074215,0.006444,0.010897,-0.4503,-4.4720,-1.2951,-0.6356,0.1594,0.1265
28.8689,-1.891030,-1.145721,1.367224,-2.014693,-1.735183,3.067557,-0.004086,-0.003661,0.045393,-0.095680,0.006321,0.011571,-0.5007,-4.4971,-1.2596,-0.6211,0.1503,0.1502
28.8789,-1.891059,-1.145722,1.367701,-2.015709,-1.735147,3.067649,-0.003685,-0.003380,0.043679,-0.113593,0.005210,0.010855,-0.5221,-4.4834,-1.3274,-0.6113,0.1513,0.1497
28.8889,-1.891098,-1.145765,1.368064,-2.016904,-1.735068,3.067742,-0.002999,-0.002880,0.041634,-0.125181,0.005396,0.010878,-0.5425,-4.4388,-1.3558,-0.5916,0.1493,0.1353
28.8991,-1.891107,-1.145798,1.368487,-2.018217,-1.735039,3.067822,-0.002321,-0.001875,0.037935,-0.129899,0.005191,0.010007,-0.5478,-4.4439,-1.4374,-0.5938,0.1456,0.1372
28.9089,-1.891119,-1.145813,1.368826,-2.019519,-1.735003,3.067910,-0.002035,-0.001638,0.033889,-0.139183,0.003996,0.008483,-0.6102,-4.4942,-1.3094,-0.6287,0.1428,0.1491
28.9190,-1.891134,-1.145825,1.369182,-2.020948,-1.734951,3.067978,-0.001832,-0.001443,0.031313,-0.142646,0.004629,0.006115,-0.5003,-4.4097,-1.4690,-0.5724,0.1334,0.1396
28.9289,-1.891155,-1.145834,1.369446,-2.022339,-1.734916,3.068011,-0.002068,-0.001469,0.026707,-0.142982,0.003654,0.004066,-0.5812,-4.3954,-1.4756,-0.5934,0.1367,0.1299
28.9390,-1.891182,-1.145830,1.369679,-2.023775,-1.734884,3.068078,-0.001852,-0.001051,0.023499,-0.140480,0.003197,0.001574,-0.5411,-4.3648,-1.5134,-0.5115,0.1325,0.1246
28.9492,-1.891210,-1.145861,1.369879,-2.025117,-1.734855,3.068085,-0.002349,-0.000790,0.018997,-0.126412,0.003091,0.000813,-0.5595,-4.3602,-1.3981,-0.5803,0.1472,0.1072
28.9590,-1.891222,-1.145850,1.370074,-2.026350,-1.734847,3.068050,-0.002901,-0.000872,0.016212,-0.118362,0.003243,0.000494,-0.5357,-4.3702,-1.4743,-0.5422,0.1405,0.0637
28.9690,-1.891258,-1.145869,1.370225,-2.027454,-1.734811,3.068062,-0.003028,-0.000624,0.014099,-0.104285,0.002579,0.000118,-0.5477,-4.3479,-1.4533,-0.5272,0.1561,0.0335
28.9790,-1.891279,-1.145873,1.370338,-2.028408,-1.734783,3.068066,-0.003132,-0.000477,0.011742,-0.088780,0.003305,0.000000,-0.5515,-4.3336,-1.4620,-0.5166,0.1325,0.0007
28.9891,-1.891296,-1.145881,1.370422,-2.029204,-1.734779,3.068042,-0.003078,-0.000453,0.008474,-0.074290,0.002048,-0.001465,-0.5598,-4.3290,-1.5643,-0.5478,0.1580,-0.0069
28.9989,-1.891339,-1.145862,1.370478,-2.029887,-1.734779,3.067999,-0.002768,-0.000455,0.005549,-0.062858,0.001773,-0.001568,-0.5804,-4.3857,-1.5647,-0.4955,0.1482,-0.0579
29.0089,-1.891359,-1.145889,1.370526,-2.030446,-1.734723,3.068014,-0.003211,-0.000421,0.002647,-0.050918,0.002215,-0.001854,-0.6318,-4.4410,-1.6497,-0.4925,0.1405,-0.0590
29.0192,-1.891368,-1.145897,1.370511,-2.030870,-1.734727,3.067971,-0.003797,-0.001037,0.000816,-0.039023,0.001492,-0.002482,-0.5124,-4.3936,-1.8703,-0.5098,0.1443,-0.0584
29.0291,-1.891419,-1.145893,1.370521,-2.031273,-1.734659,3.067947,-0.003334,-0.000643,-0.002801,-0.036530,0.003097,-0.004039,-0.6530,-4.4796,-2.1099,-0.4911,0.0958,-0.0786
29.0390,-1.891443,-1.145905,1.370481,-2.031593,-1.734783,3.067943,-0.003082,-0.000649,-0.004859,-0.031538,0.000576,-0.004467,-0.6338,-4.3869,-2.2610,-0.4981,0.1365,-0.0567
29.0488,-1.891464,-1.145921,1.370418,-2.031817,-1.734691,3.067970,-0.003948,-0.000749,-0.006374,-0.024407,0.002950,-0.003053,-0.5199,-4.3934,-2.4581,-0.5440,0.0927,-0.0701
29.0589,-1.891519,-1.145936,1.370350,-2.032056,-1.734680,3.067894,-0.003950,-0.000735,-0.008373,-0.022825,0.000855,-0.005202,-0.5367,-4.3963,-2.4125,-0.5270,0.1025,-0.0492
29.0689,-1.891524,-1.145921,1.370278,-2.032238,-1.734683,3.067852,-0.003880,-0.000524,-0.008727,-0.019637,0.000617,-0.002724,-0.5753,-4.3778,-2.5651,-0.5296,0.1318,-0.0811
29.0788,-1.891578,-1.145929,1.370199,-2.032437,-1.734671,3.067834,-0.003680,-0.000977,-0.009530,-0.018492,0.000664,-0.002207,-0.5868,-4.3819,-2.6133,-0.5371,0.1289,-0.0640
29.0892,-1.891615,-1.145948,1.370098,-2.032612,-1.734652,3.067854,-0.003406,-0.000620,-0.011420,-0.017095,0.000809,-0.002543,-0.5449,-4.4102,-2.6322,-0.5284,0.1204,-0.0762
29.0990,-1.891644,-1.145957,1.369987,-2.032713,-1.734656,3.067826,-0.003892,-0.000482,-0.011152,-0.013020,0.000758,-0.001759,-0.5485,-4.3808,-2.7414,-0.5605,0.1215,-0.0851
29.1092,-1.891659,-1.145957,1.369882,-2.032896,-1.734612,3.067836,-0.003034,-0.000450,-0.012633,-0.014143,0.000794,-0.001878,-0.5964,-4.4170,-2.6901,-0.5230,0.1273,-0.0857
29.1198,-1.891695,-1.145960,1.369732,-2.033008,-1.734604,3.067767,-0.002054,-0.001112,-0.011815,-0.010698,0.001160,-0.002444,-0.3535,-4.3449,-2.6855,-0.5372,0.1157,-0.0843
29.1291,-1.891707,-1.145965,1.369617,-2.033088,-1.734625,3.067805,0.000000,-0.000707,-0.012083,-0.008449,0.000697,-0.001533,-0.4704,-4.4105,-2.7146,-0.5293,0.1234,-0.1007
29.1390,-1.891711,-1.145996,1.369504,-2.033178,-1.734604,3.067762,-0.000563,-0.001180,-0.010988,-0.005928,0.000622,-0.001767,-0.5453,-4.3316,-2.7423,-0.5221,0.1189,-0.0989
29.1496,-1.891731,-1.145943,1.369424,-2.033219,-1.734619,3.067746,-0.002337,-0.000826,-0.012126,-0.005051,0.000408,-0.002341,-0.6529,-4.4010,-2.7633,-0.5469,0.1231,-0.0733
29.1591,-1.891740,-1.145993,1.369304,-2.033228,-1.734627,3.067750,-0.003916,-0.001042,-0.012183,-0.003370,0.000345,-0.001500,-0.7327,-4.3743,-2.7860,-0.5606,0.1134,-0.1025
29.1696,-1.891806,-1.146008,1.369181,-2.033311,-1.734592,3.067723,-0.007017,-0.000688,-0.013726,-0.004211,0.000389,-0.002179,-0.7313,-4.3686,-2.7916,-0.5571,0.1181,-0.0774
29.1791,-1.891866,-1.145986,1.369049,-2.033315,-1.734599,3.067683,-0.009437,-0.001023,-0.012811,-0.003222,0.000339,-0.001742,-0.7408,-4.3340,-2.7838,-0.5590,0.1144,-0.0987
29.1891,-1.891947,-1.146005,1.368920,-2.033371,-1.734580,3.067690,-0.010639,-0.000780,-0.016230,-0.003927,0.000350,-0.001626,-0.7488,-4.3641,-2.8347,-0.5529,0.1120,-0.0809
29.1990,-1.892098,-1.146032,1.368748,-2.033375,-1.734591,3.067683,-0.011827,-0.001258,-0.016644,-0.003457,0.000353,-0.000954,-0.7082,-4.3363,-2.7842,-0.5455,0.1215,-0.0972
29.2094,-1.892199,-1.146013,1.368565,-2.033392,-1.734599,3.067687,-0.014316,-0.000775,-0.016874,-0.003271,0.000315,-0.001649,-0.7824,-4.4027,-2.8489,-0.5474,0.1150,-0.0924
29.2190,-1.892331,-1.146022,1.368391,-2.033426,-1.734599,3.067662,-0.015125,-0.001475,-0.017770,-0.002402,0.000261,-0.001529,-0.7387,-4.3414,-2.8728,-0.5515,0.1203,-0.1044
29.2293,-1.892503,-1.146053,1.368214,-2.033471,-1.734580,3.067678,-0.017837,-0.000748,-0.020718,-0.003356,0.000204,-0.001111,-0.7218,-4.4084,-2.8249,-0.5545,0.1031,-0.0705
29.2390,-1.892670,-1.146034,1.368026,-2.033487,-1.734568,3.067666,-0.017179,-0.000968,-0.020723,-0.001403,0.000166,-0.000922,-0.5630,-4.3725,-2.7802,-0.5413,0.1128,-0.0955
29.2490,-1.892850,-1.146034,1.367798,-2.033489,-1.734572,3.067678,-0.018486,-0.000625,-0.021542,-0.002044,0.000168,-0.000794,-0.6126,-4.3674,-2.8221,-0.5476,0.1095,-0.0863
29.2590,-1.893038,-1.146049,1.367591,-2.033504,-1.734568,3.067666,-0.016747,-0.000909,-0.021381,-0.001576,0.000193,-0.000564,-0.6129,-4.3824,-2.8788,-0.5404,0.1323,-0.0945
29.2693,-1.893197,-1.146061,1.367390,-2.033558,-1.734587,3.067651,-0.016930,-0.000622,-0.022053,-0.002148,0.000178,-0.000491,-0.6700,-4.4185,-2.9313,-0.5522,0.1238,-0.0919
29.2792,-1.893358,-1.146046,1.367151,-2.033543,-1.734584,3.067627,-0.015264,-0.000431,-0.021628,-0.001219,0.000204,-0.000915,-0.6439,-4.2224,-2.8012,-0.5606,0.1264,-0.0827
29.2889,-1.893511,-1.146070,1.366923,-2.033570,-1.734599,3.067623,-0.014919,-0.000321,-0.021563,-0.002285,0.000204,-0.000740,-0.6177,-4.3421,-2.7536,-0.5510,0.1263,-0.0994
29.2989,-1.893631,-1.146080,1.366735,-2.033582,-1.734549,3.067608,-0.012344,-0.000256,-0.020466,-0.001054,0.000361,-0.000661,-0.5726,-4.2434,-2.7876,-0.5274,0.1200,-0.0957
29.3090,-1.893766,-1.146077,1.366528,-2.033610,-1.734584,3.067627,-0.013292,-0.000223,-0.019537,-0.002207,0.000572,-0.000678,-0.7076,-4.4823,-2.7246,-0.5131,0.1301,-0.1013
29.3191,-1.893902,-1.146085,1.366391,-2.033579,-1.734556,3.067615,-0.012579,-0.002134,-0.016849,-0.000750,0.000420,-0.000663,-0.6297,-4.5038,-2.7997,-0.5315,0.1150,-0.1021
29.3289,-1.894018,-1.146125,1.366192,-2.033594,-1.734576,3.067649,-0.013512,-0.004675,-0.015917,-0.000569,0.000352,-0.000746,-0.6350,-4.5054,-2.7713,-0.5491,0.1283,-0.1081
29.3391,-1.894136,-1.146178,1.366018,-2.033600,-1.734560,3.067634,-0.012583,-0.007126,-0.014521,-0.000320,0.000275,-0.000694,-0.6712,-4.5330,-2.7662,-0.5470,0.1145,-0.0869
29.3490,-1.894270,-1.146268,1.365877,-2.033600,-1.734576,3.067603,-0.014058,-0.010532,-0.014796,-0.000725,0.000226,-0.000541,-0.7668,-4.6313,-2.8490,-0.5644,0.1101,-0.0886
29.3589,-1.894383,-1.146380,1.365767,-2.033618,-1.734560,3.067587,-0.013850,-0.011020,-0.015002,-0.001089,0.000219,-0.000405,-0.6874,-4.5578,-2.8161,-0.5489,0.1091,-0.1175
29.3688,-1.894546,-1.146469,1.365636,-2.033600,-1.734525,3.067622,-0.013717,-0.011755,-0.015386,-0.000568,0.000190,-0.000399,-0.6906,-4.5725,-2.9105,-0.5274,0.1070,-0.0943
29.3790,-1.894679,-1.146616,1.365445,-2.033627,-1.734564,3.067606,-0.013988,-0.016275,-0.017805,-0.000895,0.000168,-0.000415,-0.7438,-5.0766,-2.9856,-0.5703,0.0934,-0.1163
29.3890,-1.894850,-1.146850,1.365273,-2.033651,-1.734536,3.067583,-0.019855,-0.033909,-0.026517,-0.005752,0.000150,-0.003481,-0.7697,-4.9846,-3.1306,-0.6183,0.0830,-0.1198
29.3989,-1.895066,-1.147138,1.364990,-2.033702,-1.734583,3.067574,-0.020135,-0.033392,-0.026886,-0.005455,0.000136,-0.005101,-0.7515,-4.9300,-3.0314,-0.6153,0.0964,-0.1156
29.4090,-1.895266,-1.147506,1.364687,-2.033793,-1.734560,3.067492,-0.023130,-0.048435,-0.035724,-0.010259,0.000124,-0.006109,-0.6757,-5.4528,-3.0944,-0.6206,0.0761,-0.1175
29.4190,-1.895519,-1.148040,1.364370,-2.033858,-1.734532,3.067459,-0.023564,-0.056688,-0.035884,-0.008767,0.000115,-0.007835,-0.7301,-5.2845,-3.1865,-0.5779,0.0760,-0.1324
29.4291,-1.895762,-1.148706,1.363980,-2.033954,-1.734501,3.067390,-0.027124,-0.079063,-0.044844,-0.013461,0.000106,-0.009048,-0.8046,-5.6202,-3.2116,-0.6052,0.0642,-0.1417
29.4391,-1.896051,-1.149505,1.363536,-2.034019,-1.734564,3.067319,-0.027944,-0.084318,-0.042037,-0.008448,0.000099,-0.009395,-0.7569,-5.3215,-3.1312,-0.5944,0.0853,-0.1108
29.4490,-1.896338,-1.150490,1.363077,-2.034160,-1.734516,3.067219,-0.028850,-0.100687,-0.045253,-0.011187,0.000092,-0.009002,-0.6968,-5.1709,-3.0945,-0.5840,0.0850,-0.1242
29.4588,-1.896602,-1.151508,1.362637,-2.034241,-1.734548,3.067147,-0.028689,-0.101810,-0.043273,-0.008911,0.000087,-0.008934,-0.6872,-4.8298,-2.8620,-0.5511,0.0953,-0.1329
29.4690,-1.896930,-1.152614,1.362182,-2.034351,-1.734537,3.067063,-0.028637,-0.111581,-0.043845,-0.014664,0.000082,-0.008254,-0.7463,-5.0047,-3.0332,-0.5653,0.0918,-0.1248
29.4790,-1.897199,-1.153722,1.361750,-2.034505,-1.734559,3.067010,-0.029825,-0.114990,-0.042679,-0.012508,0.000000,-0.008824,-0.6294,-4.8473,-2.9447,-0.5856,0.0966,-0.1369
29.4889,-1.897491,-1.154915,1.361331,-2.034640,-1.734579,3.066947,-0.029791,-0.121997,-0.043818,-0.014939,0.000000,-0.006760,-0.6326,-4.8025,-2.8740,-0.5674,0.0731,-0.1364
29.4990,-1.897782,-1.156097,1.360950,-2.034736,-1.734552,3.066871,-0.027818,-0.118996,-0.038466,-0.009379,0.000000,-0.006989,-0.6533,-4.3595,-2.7450,-0.5654,0.1132,-0.1525
29.5090,-1.898079,-1.157268,1.360564,-2.034802,-1.734575,3.066818,-0.030037,-0.121141,-0.039865,-0.012025,0.000000,-0.006663,-0.7910,-4.7773,-2.9233,-0.5742,0.0894,-0.1353
29.5191,-1.898379,-1.158470,1.360164,-2.034906,-1.734544,3.066771,-0.028364,-0.113367,-0.034368,-0.003889,0.000000,-0.005957,-0.6674,-4.2730,-2.7645,-0.5429,0.1196,-0.1367
29.5291,-1.898655,-1.159608,1.359836,-2.034984,-1.734556,3.066707,-0.026302,-0.109323,-0.034766,-0.006272,0.000000,-0.005690,-0.7185,-4.1988,-2.6869,-0.5019,0.1314,-0.1380
29.5391,-1.898922,-1.160683,1.359497,-2.034980,-1.734525,3.066659,-0.024167,-0.108602,-0.032375,-0.001210,0.000000,-0.005373,-0.6691,-4.2036,-2.7636,-0.5393,0.1130,-0.1419
29.5494,-1.899155,-1.161777,1.359176,-2.035001,-1.734564,3.066599,-0.025361,-0.123329,-0.037098,-0.007682,0.000000,-0.007496,-0.7434,-4.9038,-2.9591,-0.5965,0.0568,-0.1711
29.5590,-1.899407,-1.162927,1.358853,-2.035020,-1.734560,3.066512,-0.026430,-0.116746,-0.032264,-0.000431,-0.000114,-0.009625,-0.6656,-4.5250,-2.8224,-0.5473,0.0054,-0.1629
29.5690,-1.899706,-1.164060,1.358526,-2.035037,-1.734584,3.066432,-0.026361,-0.119015,-0.031280,-0.000688,-0.002344,-0.011283,-0.6895,-4.7682,-2.8558,-0.5729,-0.0419,-0.1850
29.5790,-1.899932,-1.165216,1.358280,-2.035009,-1.734627,3.066317,-0.023840,-0.132110,-0.030677,-0.001371,-0.003678,-0.011708,-0.5060,-5.8767,-3.3189,-0.6399,-0.0913,-0.1811
29.5891,-1.900179,-1.166675,1.357985,-2.035068,-1.734632,3.066180,-0.020216,-0.184290,-0.041650,-0.009954,-0.007742,-0.011868,-0.6974,-6.0107,-3.3372,-0.7156,-0.1214,-0.1746
29.5992,-1.900446,-1.168427,1.357670,-2.035064,-1.734707,3.066104,-0.023375,-0.180318,-0.029528,-0.000006,-0.008094,-0.011270,-0.7016,-5.6934,-3.0738,-0.6102,-0.1125,-0.1754
29.6091,-1.900664,-1.170342,1.357346,-2.035093,-1.734791,3.066000,-0.021947,-0.227202,-0.039394,-0.004950,-0.010372,-0.011462,-0.5924,-7.2203,-3.5203,-0.7393,-0.1350,-0.1932
29.6191,-1.900880,-1.172770,1.357019,-2.035085,-1.734863,3.065888,-0.022287,-0.244519,-0.032755,-0.000430,-0.009642,-0.011849,-0.7573,-6.6371,-3.3186,-0.6572,-0.1484,-0.1860
29.6290,-1.901127,-1.175468,1.356635,-2.035172,-1.734923,3.065745,-0.023231,-0.298900,-0.043794,-0.012575,-0.008998,-0.011871,-0.8225,-7.0027,-3.4477,-0.7071,-0.1772,-0.1885
29.6390,-1.901399,-1.178590,1.356260,-2.035196,-1.735043,3.065640,-0.027054,-0.308311,-0.035308,-0.001396,-0.010905,-0.011903,-0.6013,-6.2219,-3.2111,-0.6655,-0.1307,-0.1745
29.6490,-1.901635,-1.181815,1.355884,-2.035328,-1.735052,3.065541,-0.023457,-0.344352,-0.043706,-0.012186,-0.008316,-0.010703,-0.6637,-6.5068,-3.1085,-0.6407,-0.1561,-0.1827
29.6589,-1.901860,-1.185390,1.355501,-2.035364,-1.735147,3.065432,-0.023888,-0.345410,-0.033724,-0.001904,-0.008698,-0.009388,-0.7702,-4.5954,-2.5916,-0.5151,-0.1345,-0.1716
29.6690,-1.902129,-1.188868,1.355125,-2.035451,-1.735231,3.065352,-0.025698,-0.350946,-0.033494,-0.000620,-0.007388,-0.008267,-0.5139,-5.4904,-2.8922,-0.5181,-0.1398,-0.1775
29.6789,-1.902372,-1.192408,1.354793,-2.035432,-1.735307,3.065280,-0.024835,-0.326444,-0.027941,0.000858,-0.005900,-0.007394,-0.6638,-3.8171,-2.4041,-0.3671,-0.1535,-0.1600
29.6890,-1.902600,-1.195617,1.354469,-2.035514,-1.735347,3.065220,-0.021396,-0.303304,-0.028557,0.000751,-0.005065,-0.006198,-0.7158,-3.0656,-2.1069,-0.2906,-0.1528,-0.1733
29.6990,-1.902796,-1.198596,1.354205,-2.035453,-1.735411,3.065176,-0.018839,-0.271793,-0.022661,0.001313,-0.005484,-0.006013,-0.8084,-1.9742,-1.9764,-0.1940,-0.1431,-0.1456
29.7091,-1.902972,-1.201113,1.353957,-2.035499,-1.735471,3.065120,-0.016023,-0.251288,-0.029495,-0.000779,-0.006044,-0.005483,-0.5490,-3.4505,-2.4975,-0.3325,-0.1298,-0.1739
29.7191,-1.903105,-1.203459,1.353654,-2.035404,-1.735503,3.065053,-0.013756,-0.219495,-0.027262,-0.000097,-0.004888,-0.005534,-0.5948,-2.7893,-2.3455,-0.3203,-0.1445,-0.1544
29.7289,-1.903241,-1.205480,1.353375,-2.035448,-1.735527,3.065032,-0.012079,-0.196665,-0.030472,-0.000000,-0.005139,-0.004421,-0.6609,-3.4843,-2.5268,-0.3411,-0.1624,-0.1529
29.7390,-1.903340,-1.207291,1.353123,-2.035369,-1.735579,3.064996,-0.009635,-0.180511,-0.027295,-0.000000,-0.004716,-0.004484,-0.5603,-4.0816,-2.9500,-0.3672,-0.1617,-0.1501
29.7491,-1.903385,-1.209059,1.352817,-2.035400,-1.735595,3.064929,-0.003332,-0.219347,-0.046025,-0.003815,-0.006475,-0.004038,-0.4567,-5.1584,-3.2387,-0.5817,-0.1666,-0.1708
29.7591,-1.903430,-1.211018,1.352485,-2.035328,-1.735611,3.064889,-0.006527,-0.196245,-0.034505,0.002648,-0.003581,-0.004146,-0.5705,-5.0261,-2.9901,-0.4902,-0.1860,-0.1522
29.7690,-1.903493,-1.213036,1.352125,-2.035337,-1.735675,3.064857,-0.004545,-0.206615,-0.038301,0.000603,-0.005899,-0.003340,-0.4960,-5.4650,-3.1328,-0.4541,-0.1665,-0.1558
29.7789,-1.903514,-1.215216,1.351762,-2.035340,-1.735703,3.064817,-0.002563,-0.233320,-0.043693,0.000314,-0.005231,-0.003258,-0.4255,-7.4675,-3.7021,-0.5809,-0.1625,-0.1683
29.7891,-1.903502,-1.217814,1.351270,-2.035343,-1.735714,3.064809,-0.000559,-0.319725,-0.063774,-0.006370,-0.003164,-0.002858,-0.5920,-7.0994,-3.7455,-0.7517,-0.2163,-0.1557
29.7990,-1.903616,-1.220885,1.350774,-2.035327,-1.735751,3.064789,-0.009719,-0.313634,-0.046091,0.001437,-0.002679,-0.002806,-0.8539,-5.9534,-3.2905,-0.5143,-0.1928,-0.1541
29.8089,-1.903785,-1.224163,1.350240,-2.035337,-1.735771,3.064734,-0.015543,-0.358975,-0.060950,-0.003188,-0.004373,-0.002642,-0.5865,-6.9790,-3.4478,-0.5630,-0.1792,-0.1603
29.8189,-1.903905,-1.227843,1.349640,-2.035316,-1.735827,3.064741,-0.015938,-0.368268,-0.053900,0.002522,-0.002302,-0.002702,-0.9181,-5.3960,-2.9849,-0.4215,-0.1421,-0.1461
29.8290,-1.904092,-1.231636,1.349065,-2.035355,-1.735811,3.064704,-0.019287,-0.388861,-0.061043,0.001210,-0.000912,-0.002081,-0.8487,-6.2890,-3.4369,-0.4451,-0.1827,-0.1474
29.8389,-1.904332,-1.235612,1.348454,-2.035328,-1.735854,3.064704,-0.024145,-0.376735,-0.055079,0.007068,-0.004179,-0.001736,-0.7167,-4.9503,-3.0768,-0.3473,-0.1447,-0.1491
29.8494,-1.904553,-1.239516,1.347814,-2.035352,-1.735895,3.064676,-0.025301,-0.387745,-0.066471,0.001110,-0.001583,-0.001619,-0.7984,-4.8742,-2.8004,-0.3479,-0.1554,-0.1656
29.8590,-1.904793,-1.243434,1.347167,-2.035374,-1.735885,3.064668,-0.026127,-0.365062,-0.058540,0.001490,-0.000817,-0.001818,-1.0404,-2.8731,-2.3335,-0.1813,-0.1350,-0.1355
29.8691,-1.905082,-1.246987,1.346544,-2.035352,-1.735887,3.064660,-0.031581,-0.336326,-0.058996,0.002071,-0.001360,-0.001034,-0.9050,-4.1331,-2.7400,-0.2580,-0.1625,-0.1533
29.8790,-1.905400,-1.250282,1.345917,-2.035313,-1.735915,3.064629,-0.031277,-0.297467,-0.053781,0.008978,-0.000934,-0.001087,-0.8838,-2.7999,-2.3303,-0.1968,-0.1306,-0.1508
29.8893,-1.905693,-1.253137,1.345344,-2.035333,-1.735938,3.064620,-0.030904,-0.266277,-0.054869,0.001540,-0.000512,-0.001295,-0.9658,-2.0891,-2.0958,-0.1376,-0.1091,-0.1534
29.8989,-1.905993,-1.255538,1.344875,-2.035288,-1.735954,3.064609,-0.028597,-0.221246,-0.046879,0.002230,-0.000384,-0.001184,-0.9796,-1.4544,-2.1057,-0.1098,-0.1226,-0.1426
29.9091,-1.906285,-1.257501,1.344377,-2.035304,-1.735969,3.064609,-0.029847,-0.196761,-0.050347,-0.000329,-0.001859,-0.000961,-1.0376,-3.1271,-2.5452,-0.2841,-0.1592,-0.1486
29.9192,-1.906588,-1.259281,1.343930,-2.035236,-1.735938,3.064580,-0.031830,-0.170365,-0.042266,-0.000519,-0.001262,-0.000955,-1.0083,-2.6842,-2.5913,-0.3008,-0.1475,-0.1437
29.9292,-1.906948,-1.260761,1.343529,-2.035232,-1.735971,3.064597,-0.035629,-0.151007,-0.041955,-0.000344,-0.000788,-0.000759,-0.8529,-3.3614,-2.6599,-0.3529,-0.1561,-0.1390
29.9391,-1.907320,-1.262039,1.343193,-2.035153,-1.735939,3.064588,-0.037912,-0.137310,-0.036043,-0.000234,-0.001294,-0.000597,-1.0063,-4.2909,-3.0915,-0.4266,-0.1312,-0.1356
29.9492,-1.907705,-1.263441,1.342839,-2.035187,-1.735947,3.064584,-0.052231,-0.178975,-0.047006,-0.007618,-0.003471,-0.000439,-1.3131,-5.1800,-3.4450,-0.5865,-0.2094,-0.1415
29.9590,-1.908255,-1.265099,1.342510,-2.035155,-1.735954,3.064553,-0.058655,-0.167425,-0.032758,0.001769,-0.000528,-0.000633,-1.2872,-4.7686,-3.2362,-0.5370,-0.1684,-0.1427
29.9689,-1.908927,-1.266791,1.342162,-2.035215,-1.735964,3.064579,-0.070814,-0.179980,-0.036112,0.000069,-0.000989,-0.000742,-1.3473,-5.1139,-3.1193,-0.5142,-0.1681,-0.1439
29.9791,-1.909647,-1.268724,1.341818,-2.035172,-1.735975,3.064549,-0.079047,-0.197513,-0.037745,-0.000233,-0.001030,-0.000638,-1.4855,-6.0747,-3.6007,-0.5910,-0.1690,-0.1509
29.9889,-1.910479,-1.270964,1.341382,-2.035199,-1.735958,3.064533,-0.096471,-0.252176,-0.053424,-0.005755,-0.001788,-0.000730,-1.7296,-5.9017,-3.4963,-0.6512,-0.2085,-0.1541
29.9991,-1.911518,-1.273477,1.340912,-2.035227,-1.735955,3.064572,-0.107903,-0.243003,-0.042738,0.001968,-0.000688,-0.000671,-1.4102,-4.9089,-3.0911,-0.5127,-0.1672,-0.1377
30.0154,-1.912653,-1.276060,1.340424,-2.035302,-1.736022,3.064560,-0.120791,-0.272434,-0.056818,0.000001,-0.000474,-0.000596,-1.3340,-5.5974,-3.1383,-0.5335,-0.1537,-0.1317
30.0190,-1.913810,-1.278884,1.339896,-2.035256,-1.736010,3.064514,-0.123028,-0.275354,-0.050396,0.001109,-0.000767,-0.000523,-1.1537,-4.3607,-2.8168,-0.3856,-0.1157,-0.1475
30.0290,-1.915022,-1.281593,1.339325,-2.035268,-1.735971,3.064525,-0.129627,-0.286240,-0.058295,0.001189,-0.000194,-0.000482,-1.8436,-5.2600,-3.1034,-0.3724,-0.1557,-0.1324
30.0390,-1.916373,-1.284429,1.338778,-2.035193,-1.736041,3.064509,-0.134101,-0.279068,-0.053825,0.009638,-0.000126,-0.000420,-1.3363,-4.4128,-2.8748,-0.3403,-0.1251,-0.1239
30.0490,-1.917706,-1.287157,1.338241,-2.035187,-1.736065,3.064521,-0.145247,-0.290586,-0.058208,0.003743,-0.000180,-0.000376,-1.3532,-4.7581,-2.9336,-0.2830,-0.1291,-0.1348
30.0589,-1.919156,-1.290037,1.337655,-2.035082,-1.735982,3.064533,-0.141802,-0.274145,-0.049322,0.012901,-0.000148,-0.000320,-0.9926,-3.4565,-2.4573,-0.1974,-0.1082,-0.1354
30.0688,-1.920566,-1.292674,1.337210,-2.035020,-1.736039,3.064544,-0.146483,-0.260713,-0.046444,0.008983,-0.000123,-0.000264,-1.1887,-4.7113,-2.9678,-0.2036,-0.1338,-0.1310
30.0789,-1.922005,-1.295342,1.336724,-2.034906,-1.736034,3.064525,-0.144642,-0.263837,-0.045939,0.009897,-0.000030,-0.000236,-0.7274,-4.2373,-2.9010,-0.2466,-0.1106,-0.1530
30.0888,-1.923398,-1.297915,1.336314,-2.034849,-1.736051,3.064540,-0.141681,-0.259622,-0.045023,0.004883,-0.000092,-0.000197,-0.8551,-4.1532,-2.8440,-0.2094,-0.1028,-0.1325
30.0990,-1.924767,-1.300520,1.335919,-2.034753,-1.736011,3.064532,-0.134629,-0.243206,-0.036874,0.010421,-0.000004,-0.000215,-0.6048,-3.3382,-2.5899,-0.1832,-0.0830,-0.1351
30.1090,-1.926068,-1.302922,1.335523,-2.034693,-1.736079,3.064509,-0.131494,-0.261842,-0.047208,0.000893,-0.000000,-0.000215,-1.1020,-4.7834,-3.0820,-0.2713,-0.1188,-0.1390
30.1190,-1.927395,-1.305452,1.335104,-2.034585,-1.736046,3.064525,-0.125619,-0.248414,-0.039619,0.010142,-0.000000,-0.000214,-0.7435,-3.9634,-2.7451,-0.2843,-0.0758,-0.1378
30.1291,-1.928652,-1.307903,1.334720,-2.034573,-1.736077,3.064509,-0.121708,-0.246690,-0.040836,0.004076,-0.000000,-0.000201,-0.6372,-4.1807,-2.7419,-0.2123,-0.0973,-0.1312
30.1390,-1.929842,-1.310299,1.334360,-2.034452,-1.736047,3.064513,-0.114833,-0.241348,-0.036548,0.007989,-0.000000,-0.000198,-0.6172,-4.0880,-2.8459,-0.2212,-0.0893,-0.1377
30.1490,-1.930989,-1.312762,1.333949,-2.034438,-1.736070,3.064497,-0.117008,-0.277821,-0.053068,0.000483,-0.000053,-0.000346,-0.9942,-5.1890,-3.1885,-0.3515,-0.1448,-0.1650
30.1589,-1.932165,-1.315404,1.333494,-2.034345,-1.736046,3.064473,-0.115726,-0.259183,-0.043111,0.008301,-0.000366,-0.003260,-0.7508,-3.9119,-2.8512,-0.2550,-0.0892,-0.1683
30.1690,-1.933311,-1.317935,1.333026,-2.034354,-1.736098,3.064441,-0.114905,-0.253832,-0.048475,0.003815,-0.000181,-0.006558,-0.7511,-4.1253,-2.7754,-0.1820,-0.0777,-0.1741
30.1789,-1.934427,-1.320466,1.332547,-2.034255,-1.736086,3.064384,-0.108543,-0.251854,-0.048378,0.006363,-0.000121,-0.007415,-0.9311,-4.1530,-3.1110,-0.2386,-0.0735,-0.1801
30.1890,-1.935538,-1.322950,1.332031,-2.034219,-1.736034,3.064278,-0.111200,-0.262704,-0.063553,0.001665,-0.000090,-0.008750,-1.2498,-4.5591,-3.2290,-0.2466,-0.1166,-0.1653
30.1989,-1.936670,-1.325500,1.331428,-2.034181,-1.736046,3.064256,-0.109497,-0.235408,-0.055381,0.011723,-0.000036,-0.008626,-0.9742,-3.6509,-3.1682,-0.2378,-0.0796,-0.1751
30.2090,-1.937743,-1.327861,1.330777,-2.034150,-1.736082,3.064125,-0.105059,-0.248700,-0.073130,0.001167,-0.000058,-0.009330,-0.8893,-4.5662,-3.2761,-0.2740,-0.0884,-0.1684
30.2189,-1.938748,-1.330313,1.330054,-2.034097,-1.736058,3.064050,-0.096911,-0.237769,-0.070373,0.006148,-0.000027,-0.009107,-0.8822,-3.9352,-3.1298,-0.2521,-0.0682,-0.1551
30.2291,-1.939711,-1.332700,1.329302,-2.034091,-1.736027,3.063985,-0.093895,-0.244418,-0.083567,0.001309,-0.000023,-0.007564,-1.1764,-4.9602,-3.2871,-0.2689,-0.0908,-0.1647
30.2390,-1.940637,-1.335111,1.328507,-2.033988,-1.736054,3.063909,-0.086792,-0.235459,-0.080269,0.006747,-0.000020,-0.008336,-0.8545,-4.3072,-3.0258,-0.2670,-0.0833,-0.1467
30.2492,-1.941480,-1.337463,1.327687,-2.034022,-1.736070,3.063868,-0.078462,-0.248962,-0.086593,0.002143,-0.000018,-0.006842,-0.7071,-4.8689,-3.1347,-0.2570,-0.0633,-0.1608
30.2589,-1.942233,-1.339935,1.326813,-2.033938,-1.736070,3.063781,-0.071017,-0.239012,-0.080261,0.010485,-0.000016,-0.006608,-0.7411,-3.6341,-2.7622,-0.1908,-0.0616,-0.1559
30.2693,-1.942917,-1.342315,1.325986,-2.033899,-1.736070,3.063721,-0.062193,-0.236884,-0.079376,0.007453,-0.000015,-0.006056,-0.6920,-4.5824,-3.1489,-0.1885,-0.0482,-0.1535
30.2790,-1.943456,-1.344713,1.325198,-2.033810,-1.736098,3.063654,-0.052015,-0.248125,-0.081761,0.010322,-0.000014,-0.006804,-0.5261,-4.2579,-2.9552,-0.2168,-0.0571,-0.1447
30.2889,-1.943915,-1.347136,1.324414,-2.033719,-1.736059,3.063625,-0.041716,-0.255697,-0.081249,0.006896,-0.000013,-0.005572,-0.5402,-4.1443,-2.7499,-0.1701,-0.0541,-0.1526
30.2989,-1.944295,-1.349623,1.323652,-2.033575,-1.736070,3.063574,-0.035594,-0.240479,-0.070228,0.015139,-0.000012,-0.004954,-0.6711,-3.2676,-2.4777,-0.1357,-0.0565,-0.1456
30.3091,-1.944619,-1.352022,1.322987,-2.033453,-1.736094,3.063505,-0.027210,-0.283562,-0.079858,0.002371,-0.000020,-0.004596,-0.4144,-5.3410,-3.3568,-0.2959,-0.0773,-0.1465
30.3190,-1.944876,-1.354722,1.322233,-2.033303,-1.736058,3.063497,-0.025396,-0.275209,-0.067769,0.011690,-0.000011,-0.004170,-0.6312,-4.5128,-3.0320,-0.2640,-0.0939,-0.1434
30.3290,-1.945108,-1.357448,1.321599,-2.033237,-1.736074,3.063457,-0.023027,-0.286159,-0.068766,0.007196,-0.000010,-0.003631,-0.6123,-4.7692,-2.9554,-0.1705,-0.0802,-0.1530
30.3391,-1.945313,-1.360343,1.320953,-2.033025,-1.736070,3.063390,-0.021423,-0.283702,-0.061077,0.019109,-0.000000,-0.003916,-0.6765,-4.4500,-3.0396,-0.2239,-0.0744,-0.1499
30.3490,-1.945465,-1.363335,1.320332,-2.032941,-1.736043,3.063394,-0.015690,-0.316974,-0.073421,0.006961,-0.000000,-0.003123,-0.6804,-5.6890,-3.4726,-0.2730,-0.1184,-0.1817
30.3590,-1.945633,-1.366546,1.319630,-2.032776,-1.736039,3.063350,-0.018277,-0.297357,-0.060188,0.023605,-0.000000,-0.003438,-0.9128,-3.9615,-2.9148,-0.1935,-0.0780,-0.1575
30.3690,-1.945847,-1.369575,1.318970,-2.032622,-1.736058,3.063291,-0.017579,-0.293513,-0.066913,0.015403,-0.000000,-0.002987,-0.8073,-3.5193,-2.5358,-0.1047,-0.0907,-0.1546
30.3790,-1.946012,-1.372516,1.318289,-2.032419,-1.736070,3.063274,-0.016814,-0.286096,-0.061616,0.018571,-0.000000,-0.003003,-1.0126,-3.6052,-2.7235,-0.1464,-0.0895,-0.1583
30.3890,-1.946141,-1.375394,1.317668,-2.032315,-1.736065,3.063266,-0.021121,-0.295515,-0.062574,0.011767,-0.000000,-0.002778,-1.0329,-3.9040,-2.9242,-0.1563,-0.1193,-0.1432
30.3991,-1.946365,-1.378178,1.317142,-2.032104,-1.736043,3.063230,-0.026232,-0.264167,-0.048779,0.023671,-0.000000,-0.002824,-1.0458,-2.9353,-2.4572,-0.1319,-0.1020,-0.1471
30.4090,-1.946660,-1.380733,1.316612,-2.031994,-1.736070,3.063242,-0.032561,-0.273455,-0.052997,0.010159,-0.000000,-0.001995,-1.1181,-4.1002,-2.6325,-0.1774,-0.1462,-0.1685
30.4189,-1.947015,-1.383359,1.316195,-2.031806,-1.736043,3.063178,-0.037853,-0.261037,-0.038575,0.015655,-0.000000,-0.002158,-1.3309,-3.1561,-2.5682,-0.1815,-0.1295,-0.1495
30.4292,-1.947455,-1.385890,1.315823,-2.031692,-1.736043,3.063205,-0.052737,-0.261065,-0.035120,0.007369,-0.000000,-0.001891,-1.3260,-4.2785,-2.8886,-0.1881,-0.1716,-0.1487
30.4390,-1.948023,-1.388441,1.315524,-2.031570,-1.736066,3.063126,-0.060141,-0.252873,-0.025235,0.013927,-0.000000,-0.001502,-1.1268,-3.8448,-2.8374,-0.2218,-0.1232,-0.1445
30.4490,-1.948630,-1.390988,1.315297,-2.031471,-1.736046,3.063149,-0.065160,-0.264169,-0.029018,0.005512,-0.000000,-0.001276,-1.2721,-4.4657,-3.0323,-0.2100,-0.1379,-0.1693
30.4589,-1.949325,-1.393655,1.315038,-2.031354,-1.736012,3.063118,-0.071597,-0.250463,-0.020943,0.013507,-0.000000,-0.001188,-1.1255,-3.1579,-2.6002,-0.1500,-0.1129,-0.1580
30.4692,-1.950053,-1.396136,1.314832,-2.031274,-1.736074,3.063121,-0.076806,-0.244017,-0.022473,0.010365,-0.000000,-0.000986,-1.0883,-4.1527,-2.9682,-0.1496,-0.1185,-0.1521
30.4788,-1.950823,-1.398638,1.314593,-2.031124,-1.736077,3.063117,-0.079060,-0.248640,-0.024489,0.013194,-0.000000,-0.001451,-0.9951,-3.7733,-2.7807,-0.1835,-0.1400,-0.1410
30.4889,-1.951624,-1.401085,1.314376,-2.030985,-1.736073,3.063097,-0.079961,-0.245883,-0.025009,0.012335,-0.000000,-0.001144,-1.2094,-3.7784,-2.6839,-0.1551,-0.1391,-0.1433
30.4991,-1.952462,-1.403477,1.314173,-2.030840,-1.736074,3.063089,-0.081920,-0.230585,-0.016723,0.017107,-0.000000,-0.000898,-1.0218,-2.8465,-2.4595,-0.1188,-0.1111,-0.1511
30.5090,-1.953283,-1.405689,1.313972,-2.030704,-1.736094,3.063070,-0.085302,-0.238960,-0.021901,0.008848,-0.000119,-0.000873,-0.8824,-4.3581,-2.9943,-0.1548,-0.1375,-0.1610
30.5190,-1.954130,-1.408014,1.313828,-2.030497,-1.736051,3.063058,-0.083532,-0.227839,-0.015121,0.017939,-0.000310,-0.000739,-0.8134,-3.4352,-2.6912,-0.1620,-0.1176,-0.1502
30.5292,-1.954976,-1.410170,1.313688,-2.030393,-1.736082,3.063074,-0.083336,-0.219255,-0.014298,0.012271,-0.000167,-0.000712,-0.7455,-3.6650,-2.6708,-0.1288,-0.1035,-0.1425
30.5391,-1.955811,-1.412321,1.313577,-2.030182,-1.736094,3.063058,-0.079313,-0.207249,-0.010646,0.015265,-0.000114,-0.000729,-0.5863,-3.3571,-2.7307,-0.1687,-0.0851,-0.1407
30.5489,-1.956496,-1.414392,1.313418,-2.030105,-1.736075,3.063053,-0.068887,-0.225187,-0.018502,0.004820,-0.000087,-0.000757,-0.7721,-4.2461,-3.0337,-0.2015,-0.0917,-0.1379
30.5592,-1.957207,-1.416524,1.313304,-2.029982,-1.736086,3.063069,-0.066517,-0.202011,-0.012168,0.013772,-0.000070,-0.000783,-0.7442,-3.3517,-2.7716,-0.1985,-0.0713,-0.1732
30.5690,-1.957850,-1.418535,1.313123,-2.029918,-1.736113,3.063041,-0.059987,-0.197035,-0.014896,0.006244,-0.000058,-0.000749,-0.5730,-3.1882,-2.7370,-0.1120,-0.0713,-0.1399
30.5790,-1.958386,-1.420460,1.313028,-2.029802,-1.736082,3.063041,-0.051118,-0.190814,-0.014955,0.007301,-0.000050,-0.000540,-0.3988,-3.6336,-2.9476,-0.1996,-0.0686,-0.1260
30.5893,-1.958823,-1.422398,1.312848,-2.029790,-1.736105,3.062991,-0.040825,-0.199041,-0.021473,0.001429,-0.000022,-0.000484,-0.5418,-3.8993,-2.9803,-0.1834,-0.0693,-0.1308
30.5989,-1.959242,-1.424314,1.312662,-2.029710,-1.736101,3.063014,-0.037718,-0.177612,-0.014250,0.009782,-0.000020,-0.000474,-0.5524,-3.2322,-2.7531,-0.1921,-0.0508,-0.1547
30.6091,-1.959590,-1.426070,1.312491,-2.029670,-1.736098,3.063022,-0.034167,-0.183412,-0.018567,0.003517,-0.000031,-0.000453,-0.6433,-4.0871,-2.9585,-0.1905,-0.0774,-0.1572
30.6189,-1.959914,-1.427917,1.312369,-2.029587,-1.736055,3.063010,-0.034717,-0.177364,-0.014532,0.009420,-0.000016,-0.000422,-0.6748,-3.4282,-2.7790,-0.1610,-0.0838,-0.1368
30.6292,-1.960257,-1.429699,1.312209,-2.029543,-1.736067,3.063025,-0.039537,-0.179395,-0.015921,0.008042,-0.000028,-0.000387,-0.8127,-4.1064,-2.8709,-0.1650,-0.1214,-0.1470
30.6389,-1.960665,-1.431479,1.312078,-2.029355,-1.736082,3.063002,-0.043098,-0.180496,-0.012440,0.013928,-0.000027,-0.000379,-0.8706,-4.0545,-2.9155,-0.1753,-0.1009,-0.1582
30.6489,-1.961116,-1.433341,1.311989,-2.029251,-1.736061,3.063017,-0.047935,-0.209076,-0.015883,0.007310,-0.000025,-0.000383,-1.3554,-4.7084,-2.9831,-0.2061,-0.1478,-0.1338
30.6591,-1.961676,-1.435385,1.311901,-2.029139,-1.736027,3.062990,-0.059709,-0.205948,-0.004148,0.017192,-0.000024,-0.000376,-1.2142,-3.6867,-2.4903,-0.1595,-0.1225,-0.1590
30.6690,-1.962370,-1.437424,1.311889,-2.028960,-1.736073,3.063005,-0.072725,-0.218397,-0.001145,0.016918,-0.000022,-0.000369,-1.1822,-4.4995,-2.6109,-0.1837,-0.1445,-0.1441
30.6788,-1.963106,-1.439624,1.311925,-2.028756,-1.736077,3.063009,-0.075525,-0.230676,0.004686,0.020869,-0.000021,-0.000319,-0.9235,-4.0584,-2.2634,-0.1769,-0.1162,-0.1377
30.6889,-1.963936,-1.441895,1.311989,-2.028529,-1.736054,3.062986,-0.077033,-0.234568,0.006554,0.022144,-0.000010,-0.000307,-1.0564,-4.1206,-1.7955,-0.1584,-0.1174,-0.1505
30.6988,-1.964735,-1.444251,1.312093,-2.028281,-1.736070,3.062978,-0.079852,-0.227809,0.014677,0.028668,-0.000000,-0.000343,-0.8125,-3.0617,-1.4039,-0.1184,-0.0620,-0.1554
30.7089,-1.965531,-1.446516,1.312228,-2.028021,-1.736091,3.062954,-0.076112,-0.230101,0.016843,0.027373,-0.000000,-0.000307,-0.9087,-4.1041,-1.6386,-0.1474,-0.0898,-0.1456
30.7190,-1.966299,-1.448801,1.312381,-2.027667,-1.736098,3.062965,-0.074565,-0.216183,0.021706,0.035435,-0.000000,-0.000333,-0.8335,-3.1730,-1.4019,-0.1534,-0.0736,-0.1231
30.7289,-1.967042,-1.450942,1.312597,-2.027356,-1.736087,3.062946,-0.070411,-0.204893,0.021318,0.028513,-0.000000,-0.000301,-0.7440,-2.8866,-1.2945,-0.0972,-0.0622,-0.1288
30.7390,-1.967709,-1.452969,1.312809,-2.027049,-1.736137,3.062982,-0.064665,-0.183807,0.024316,0.031675,-0.000000,-0.000276,-0.6573,-2.1765,-1.1398,-0.1157,-0.0396,-0.1395
30.7492,-1.968293,-1.454696,1.313059,-2.026828,-1.736087,3.062946,-0.053472,-0.156783,0.030583,0.029590,-0.000000,-0.000417,-0.6140,-2.7575,-0.9795,-0.1024,-0.0373,-0.1715
30.7589,-1.968785,-1.456228,1.313374,-2.026498,-1.736106,3.062942,-0.044315,-0.137082,0.038246,0.029995,-0.000000,-0.002566,-0.7278,-2.2279,-1.0559,-0.1043,-0.0262,-0.1956
30.7694,-1.969189,-1.457530,1.313765,-2.026292,-1.736056,3.062906,-0.035246,-0.112445,0.041742,0.023502,-0.000000,-0.005028,-0.5983,-2.0427,-0.8627,-0.0856,-0.0165,-0.1878
30.7789,-1.969477,-1.458561,1.314190,-2.026065,-1.736118,3.062854,-0.026489,-0.093018,0.048065,0.021227,-0.000000,-0.006009,-0.5450,-2.0847,-0.8600,-0.1065,-0.0094,-0.1877
30.7890,-1.969705,-1.459334,1.314759,-2.025846,-1.736096,3.062766,-0.019098,-0.072654,0.063069,0.019151,-0.000000,-0.005641,-0.6166,-2.4454,-0.9695,-0.1125,-0.0045,-0.1774
30.7989,-1.969876,-1.459993,1.315423,-2.025666,-1.736098,3.062734,-0.013730,-0.058464,0.069730,0.016959,-0.000000,-0.003563,-0.6529,-2.5340,-0.9221,-0.1676,-0.0200,-0.1768
30.8091,-1.969968,-1.460462,1.316139,-2.025468,-1.736075,3.062745,-0.006437,-0.047913,0.080541,0.012760,-0.000000,-0.002098,-0.3812,-3.0456,-1.0500,-0.1670,-0.0212,-0.1737
30.8189,-1.969941,-1.460916,1.317036,-2.025391,-1.736091,3.062714,-0.000820,-0.044277,0.087937,0.009901,-0.000000,-0.001049,-0.2949,-3.0851,-1.1155,-0.1732,-0.0316,-0.1594
30.8293,-1.969961,-1.461323,1.317996,-2.025309,-1.736091,3.062714,0.001751,-0.043970,0.097983,0.008957,-0.000000,-0.000634,-0.1532,-3.2631,-0.9440,-0.1689,-0.0188,-0.1480
30.8389,-1.969925,-1.461734,1.319033,-2.025182,-1.736070,3.062714,0.002851,-0.042207,0.106291,0.006909,-0.000000,-0.000422,-0.1214,-3.2919,-1.2601,-0.2204,-0.0442,-0.1317
30.8490,-1.969901,-1.462083,1.320062,-2.025130,-1.736061,3.062702,0.003404,-0.040652,0.104637,0.004769,-0.000000,-0.000316,-0.1168,-3.4843,-1.3751,-0.2047,-0.0415,-0.1270
30.8588,-1.969881,-1.462510,1.321113,-2.025110,-1.736058,3.062730,0.002447,-0.038676,0.101700,0.004136,-0.000000,-0.000253,-0.1057,-3.5521,-1.4424,-0.2101,-0.0385,-0.0989
30.8690,-1.969849,-1.462874,1.322088,-2.025075,-1.736073,3.062730,0.001605,-0.036983,0.095162,0.004373,-0.000000,-0.000069,-0.0336,-3.5235,-1.2239,-0.2137,-0.0443,-0.0747
30.8790,-1.969861,-1.463258,1.322973,-2.025007,-1.736055,3.062706,0.000763,-0.045639,0.084601,0.002476,-0.000000,-0.000029,0.0205,-3.7498,-1.4136,-0.2544,-0.0703,-0.0522
30.8892,-1.969822,-1.463696,1.323816,-2.024994,-1.736061,3.062730,0.000485,-0.050096,0.075958,0.000858,-0.000000,-0.000000,-0.0490,-3.8677,-1.5221,-0.2747,-0.0645,-0.0255
30.8990,-1.969868,-1.464163,1.324571,-2.025002,-1.736067,3.062722,0.000189,-0.050137,0.069388,0.000399,-0.000000,0.000914,-0.1213,-3.8038,-1.5943,-0.2985,-0.0562,-0.0105
30.9091,-1.969849,-1.464706,1.325141,-2.024998,-1.736058,3.062738,-0.000004,-0.072741,0.055395,-0.000332,-0.000000,0.000677,0.1775,-4.2056,-1.6961,-0.4163,-0.0615,0.0147
30.9190,-1.969881,-1.465401,1.325713,-2.025009,-1.736070,3.062738,0.000366,-0.078825,0.048243,-0.000877,-0.000000,0.000995,0.1574,-4.0675,-1.6835,-0.4643,-0.0783,0.0101
30.9291,-1.969853,-1.466223,1.326180,-2.025026,-1.736051,3.062750,0.002510,-0.090274,0.040757,-0.001819,-0.000000,0.001046,0.3172,-4.3356,-1.7875,-0.5016,-0.0610,0.0201
30.9390,-1.969813,-1.467222,1.326548,-2.025062,-1.736063,3.062746,0.003731,-0.096590,0.033920,-0.002268,-0.000000,0.001865,0.3453,-4.1124,-1.8133,-0.5318,-0.0738,0.0142
30.9492,-1.969729,-1.468285,1.326824,-2.025138,-1.736067,3.062777,0.008914,-0.117940,0.019949,-0.010249,-0.000000,0.001134,0.3963,-4.4226,-1.7470,-0.5239,-0.0612,0.0270
30.9591,-1.969639,-1.469478,1.327003,-2.025190,-1.736105,3.062805,0.007868,-0.117971,0.016542,-0.002689,-0.000000,0.001557,0.3477,-3.6736,-1.5868,-0.5173,-0.0668,0.0299
30.9690,-1.969574,-1.470651,1.327123,-2.025273,-1.736051,3.062810,0.009453,-0.123258,0.007008,-0.006776,-0.000000,0.001366,0.3909,-3.3757,-1.7489,-0.4919,-0.0501,0.0384
30.9789,-1.969477,-1.471873,1.327116,-2.025266,-1.736070,3.062806,0.009966,-0.118344,0.000007,-0.002875,-0.000000,0.001306,0.3597,-2.9517,-1.9109,-0.4911,-0.0564,0.0317
30.9890,-1.969385,-1.473023,1.327048,-2.025307,-1.736039,3.062837,0.012059,-0.112521,-0.010406,-0.006478,-0.000000,0.001632,0.4437,-3.3346,-2.4263,-0.4836,-0.0414,0.0324
30.9990,-1.969247,-1.474114,1.326901,-2.025378,-1.736067,3.062846,0.011430,-0.100899,-0.015339,-0.002935,-0.000000,0.001044,0.2993,-2.8151,-2.4898,-0.4747,-0.0550,0.0390
31.0091,-1.969118,-1.475053,1.326733,-2.025409,-1.736070,3.062818,0.013324,-0.093000,-0.019355,-0.007267,-0.000000,0.001091,0.4435,-3.0162,-2.5275,-0.4574,-0.0505,0.0544
31.0191,-1.968983,-1.475979,1.326523,-2.025469,-1.736063,3.062837,0.013919,-0.084415,-0.019437,-0.003895,-0.000000,0.001068,0.3732,-2.5399,-2.5050,-0.4780,-0.0601,0.0660
31.0289,-1.968879,-1.476736,1.326334,-2.025513,-1.736070,3.062830,0.014890,-0.073234,-0.021176,-0.004987,-0.000000,0.000959,0.5662,-2.8653,-2.7025,-0.4965,-0.0535,0.0556
31.0389,-1.968711,-1.477422,1.326114,-2.025530,-1.736086,3.062858,0.014716,-0.062703,-0.020700,-0.003337,-0.000000,0.001200,0.5648,-2.7355,-2.7375,-0.4720,-0.0472,0.0635
31.0490,-1.968566,-1.477991,1.325899,-2.025584,-1.736094,3.062854,0.016599,-0.055734,-0.024366,-0.004584,-0.000000,0.001840,0.5108,-2.7427,-2.7975,-0.5009,-0.0501,0.0790
31.0588,-1.968418,-1.478436,1.325643,-2.025590,-1.736070,3.062902,0.017036,-0.046845,-0.024412,-0.003012,-0.000000,0.003999,0.5085,-2.5218,-2.8373,-0.4937,-0.0476,0.0517
31.0692,-1.968203,-1.478862,1.325380,-2.025629,-1.736079,3.062911,0.018800,-0.037964,-0.027584,-0.004068,-0.000000,0.006752,0.6274,-2.9011,-2.8622,-0.5041,-0.0610,0.0828
31.0791,-1.968008,-1.479209,1.325080,-2.025625,-1.736086,3.063028,0.019023,-0.029676,-0.027330,-0.002404,-0.000000,0.007384,0.6271,-2.8336,-2.8399,-0.5046,-0.0466,0.0935
31.0893,-1.967835,-1.479449,1.324816,-2.025708,-1.736073,3.063041,0.020242,-0.024474,-0.028736,-0.003940,-0.000000,0.008184,0.5517,-2.9202,-2.7807,-0.4843,-0.0541,0.0927
31.0990,-1.967624,-1.479646,1.324548,-2.025701,-1.736086,3.063075,0.018525,-0.019574,-0.027883,-0.002888,-0.000000,0.009456,0.5797,-2.7712,-2.7441,-0.4869,-0.0540,0.1000
31.1090,-1.967436,-1.479832,1.324276,-2.025713,-1.736079,3.063197,0.018738,-0.018856,-0.030332,-0.003853,-0.000000,0.009529,0.6593,-3.0357,-2.8981,-0.5349,-0.0548,0.1078
31.1189,-1.967272,-1.479966,1.323965,-2.025721,-1.736086,3.063281,0.017391,-0.016553,-0.031537,-0.002301,-0.000000,0.009707,0.5796,-2.9995,-2.8821,-0.5251,-0.0513,0.1058
31.1289,-1.967104,-1.480104,1.323662,-2.025726,-1.736109,3.063310,0.016800,-0.016173,-0.034114,-0.002899,-0.000000,0.009507,0.5850,-3.1363,-2.9147,-0.5342,-0.0816,0.1226
31.1390,-1.966967,-1.480249,1.323361,-2.025754,-1.736073,3.063420,0.015001,-0.015277,-0.033268,-0.001735,-0.000000,0.009456,0.6169,-3.2053,-2.8801,-0.5270,-0.0542,0.1254
31.1490,-1.966777,-1.480405,1.323021,-2.025800,-1.736067,3.063454,0.017314,-0.021666,-0.036923,-0.005503,-0.000000,0.009139,0.6354,-3.3912,-2.9108,-0.5318,-0.0557,0.1202
31.1589,-1.966581,-1.480608,1.322646,-2.025820,-1.736051,3.063486,0.016838,-0.019902,-0.034560,-0.001570,-0.000000,0.008428,0.6144,-3.2751,-2.8615,-0.5117,-0.0722,0.1229
31.1689,-1.966457,-1.480839,1.322290,-2.025833,-1.736070,3.063546,0.016703,-0.023832,-0.034098,-0.001004,-0.000000,0.008800,0.5902,-3.2811,-2.8758,-0.5175,-0.0569,0.1314
31.1790,-1.966258,-1.481103,1.321938,-2.025817,-1.736048,3.063672,0.017243,-0.025593,-0.032410,-0.001066,-0.000000,0.007903,0.6990,-3.4643,-2.8835,-0.5272,-0.0653,0.1242
31.1890,-1.966081,-1.481403,1.321638,-2.025817,-1.736067,3.063728,0.019290,-0.038418,-0.032726,-0.002396,-0.000000,0.006502,0.6967,-3.4256,-2.8855,-0.5448,-0.0631,0.1606
31.1991,-1.965898,-1.481774,1.321323,-2.025865,-1.736073,3.063788,0.017787,-0.037092,-0.028636,-0.001489,-0.000000,0.006093,0.5762,-3.2542,-2.8347,-0.5080,-0.0578,0.1383
31.2089,-1.965741,-1.482173,1.321086,-2.025834,-1.736086,3.063825,0.019572,-0.042294,-0.026809,-0.000731,-0.000000,0.005753,0.6585,-3.3521,-2.8960,-0.4946,-0.0547,0.1604
31.2189,-1.965545,-1.482616,1.320815,-2.025872,-1.736101,3.063889,0.018692,-0.043187,-0.023433,-0.000485,-0.000000,0.005400,0.5594,-3.0613,-2.7579,-0.4811,-0.0584,0.1489
31.2290,-1.965350,-1.483051,1.320606,-2.025865,-1.736070,3.063940,0.021231,-0.046293,-0.021815,-0.000240,-0.000000,0.004592,0.7297,-3.2412,-2.8243,-0.5164,-0.0567,0.1378
31.2390,-1.965150,-1.483503,1.320387,-2.025865,-1.736101,3.063982,0.020763,-0.042544,-0.017821,-0.000224,-0.000000,0.003922,0.7121,-3.0557,-2.8096,-0.4931,-0.0675,0.1370
31.2490,-1.964907,-1.483935,1.320195,-2.025892,-1.736086,3.064052,0.024190,-0.042169,-0.016996,-0.000245,-0.000000,0.004471,0.7576,-2.9272,-2.7143,-0.4997,-0.0513,0.1367
31.2591,-1.964660,-1.484354,1.320023,-2.025862,-1.736070,3.064092,0.024950,-0.038317,-0.014602,-0.000337,-0.000000,0.004022,0.6723,-2.8526,-2.6708,-0.4792,-0.0591,0.1532
31.2691,-1.964399,-1.484694,1.319942,-2.025904,-1.736070,3.064078,0.028249,-0.033856,-0.012320,-0.000343,-0.000000,0.003790,0.7885,-2.9945,-2.8226,-0.5124,-0.0494,0.1511
31.2790,-1.964100,-1.485006,1.319772,-2.025886,-1.736094,3.064144,0.036477,-0.029080,-0.011170,-0.000897,-0.000000,0.004079,0.8613,-2.9739,-2.8271,-0.5151,-0.0402,0.1232
31.2890,-1.963729,-1.485274,1.319702,-2.025866,-1.736082,3.064165,0.044217,-0.025942,-0.009709,-0.000632,-0.000000,0.003039,1.0838,-2.8947,-2.7726,-0.4997,-0.0135,0.1462
31.2989,-1.963229,-1.485517,1.319634,-2.025901,-1.736094,3.064204,0.050532,-0.021379,-0.007344,-0.000993,-0.000000,0.003112,0.9192,-2.8243,-2.7015,-0.5279,-0.0365,0.1265
31.3090,-1.962635,-1.485728,1.319551,-2.025916,-1.736113,3.064185,0.075724,-0.020001,-0.005795,-0.001127,0.000005,0.002514,1.5228,-2.9945,-2.7559,-0.5350,0.0240,0.1325
31.3189,-1.961800,-1.485889,1.319479,-2.025925,-1.736099,3.064256,0.090787,-0.015660,-0.003949,-0.002754,0.000000,0.003170,1.3822,-2.9027,-2.7784,-0.5369,0.0125,0.1252
31.3292,-1.960801,-1.486021,1.319455,-2.026008,-1.736091,3.064245,0.112297,-0.013636,-0.003307,-0.007417,0.000219,0.002471,1.7208,-2.9174,-2.7824,-0.5108,0.0289,0.1329
31.3390,-1.959564,-1.486089,1.319443,-2.026036,-1.736133,3.064273,0.131633,-0.009350,-0.001931,-0.006688,0.000296,0.001883,2.0320,-2.9649,-2.7675,-0.5113,0.0319,0.1484
31.3491,-1.958003,-1.486164,1.319400,-2.026120,-1.736118,3.064285,0.194490,-0.009224,-0.002280,-0.010040,0.002967,0.001809,2.6321,-3.0944,-2.8454,-0.5172,0.1302,0.1126
31.3591,-1.955953,-1.486200,1.319426,-2.026200,-1.736142,3.064297,0.212322,-0.002025,-0.001866,-0.009984,0.000790,0.001339,1.9115,-2.9720,-2.7412,-0.4951,0.0527,0.1090
31.3691,-1.953685,-1.486209,1.319403,-2.026263,-1.736082,3.064309,0.244155,-0.000940,-0.001175,-0.008572,0.000203,0.001424,1.9686,-2.9911,-2.7804,-0.5263,0.0128,0.1186
31.3789,-1.951181,-1.486197,1.319392,-2.026351,-1.736130,3.064321,0.265896,-0.000432,-0.001073,-0.007259,0.000000,0.000945,2.5773,-3.0199,-2.8265,-0.5348,0.0264,0.1281
31.3889,-1.948334,-1.486205,1.319368,-2.026431,-1.736115,3.064352,0.321601,-0.002260,-0.003263,-0.011590,0.000487,0.001028,2.8115,-3.1426,-2.7783,-0.5205,0.1093,0.1320
31.3990,-1.945089,-1.486205,1.319363,-2.026512,-1.736084,3.064352,0.325495,0.002352,-0.001472,-0.007807,0.000359,0.000982,1.5557,-2.9459,-2.8180,-0.4982,-0.0092,0.1250
31.4090,-1.941784,-1.486209,1.319359,-2.026536,-1.736073,3.064345,0.354534,0.000422,-0.000840,-0.006729,0.000263,0.001313,2.1899,-3.0454,-2.9287,-0.5595,0.0164,0.1394
31.4190,-1.938179,-1.486205,1.319347,-2.026647,-1.736115,3.064362,0.359133,0.000599,-0.002120,-0.009796,-0.000182,0.002964,1.2702,-2.8139,-2.8726,-0.5429,-0.0283,0.1588
31.4290,-1.934495,-1.486201,1.319339,-2.026783,-1.736049,3.064401,0.369436,0.000000,-0.003658,-0.013721,-0.000105,0.005652,2.0520,-2.9933,-2.7947,-0.5160,0.0003,0.1625
31.4390,-1.930714,-1.486205,1.319248,-2.026886,-1.736086,3.064461,0.369194,0.000000,-0.001667,-0.009922,-0.000264,0.007228,1.6438,-2.8875,-2.9158,-0.5334,-0.0274,0.1500
31.4489,-1.926954,-1.486237,1.319287,-2.026998,-1.736034,3.064552,0.394121,-0.003276,-0.002023,-0.015309,0.000146,0.008093,2.4607,-3.2275,-2.9765,-0.5270,0.0308,0.1693
31.4589,-1.922942,-1.486288,1.319231,-2.027158,-1.736094,3.064655,0.391116,-0.001288,-0.004017,-0.015579,0.000054,0.008643,1.0713,-2.8239,-2.7366,-0.4913,-0.0513,0.1460
31.4690,-1.919089,-1.486296,1.319219,-2.027273,-1.735975,3.064674,0.396087,0.000000,-0.002459,-0.011070,-0.000017,0.010639,1.9909,-3.0349,-2.8671,-0.5748,-0.0578,0.1447
31.4789,-1.915236,-1.486289,1.319179,-2.027390,-1.736121,3.064820,0.394212,-0.000706,-0.002822,-0.013446,-0.004299,0.011659,1.5008,-2.9532,-2.8370,-0.5536,-0.0090,0.1467
31.4892,-1.911372,-1.486304,1.319131,-2.027553,-1.736034,3.064920,0.393263,-0.001177,-0.003866,-0.017229,-0.000000,0.011225,1.0996,-2.9071,-2.8190,-0.5632,-0.0968,0.1701
31.4991,-1.907550,-1.486301,1.319107,-2.027722,-1.736039,3.065035,0.369027,-0.000787,-0.004123,-0.016442,-0.000000,0.012177,0.1138,-2.7374,-2.7585,-0.5321,-0.1359,0.1683
31.5090,-1.903925,-1.486328,1.319103,-2.027845,-1.736033,3.065136,0.364690,-0.003265,-0.002299,-0.015236,0.001242,0.013875,1.6694,-3.0922,-2.8807,-0.6108,-0.0757,0.1721
31.5191,-1.900277,-1.486352,1.319063,-2.028081,-1.736059,3.065311,0.343670,-0.001384,-0.003791,-0.021367,0.000001,0.014730,0.7521,-2.8461,-2.7495,-0.5614,-0.1103,0.1807
31.5289,-1.896875,-1.486337,1.318992,-2.028265,-1.736018,3.065447,0.328820,-0.000820,-0.003208,-0.020074,-0.000001,0.016117,0.6677,-2.9551,-2.8327,-0.5851,-0.1256,0.1867
31.5390,-1.893722,-1.486373,1.318983,-2.028475,-1.736061,3.065604,0.301886,-0.001782,-0.002995,-0.018617,-0.000000,0.016281,0.6357,-2.9251,-2.8816,-0.5856,-0.1385,0.1680
31.5490,-1.890805,-1.486431,1.318990,-2.028672,-1.735972,3.065767,0.310493,-0.005660,-0.003281,-0.021638,-0.000000,0.016375,1.6791,-3.0396,-2.7787,-0.5712,-0.0466,0.1723
31.5590,-1.887819,-1.486436,1.318903,-2.028899,-1.736098,3.065904,0.289193,-0.002224,-0.003894,-0.020437,-0.000733,0.015505,0.7501,-2.7690,-2.7556,-0.5330,-0.1195,0.1930
31.5689,-1.885079,-1.486455,1.318919,-2.029070,-1.736041,3.066028,0.276577,-0.000919,-0.000001,-0.016820,-0.000273,0.014479,0.6790,-2.9245,-2.7254,-0.5842,-0.1322,0.1851
31.5790,-1.882418,-1.486464,1.318924,-2.029202,-1.736055,3.066191,0.268075,-0.001341,-0.000000,-0.012902,-0.000366,0.015738,1.3520,-2.9901,-2.6617,-0.5995,-0.1064,0.1830
31.5890,-1.879726,-1.486472,1.318939,-2.029362,-1.736082,3.066370,0.281850,-0.003179,0.000313,-0.018095,-0.000092,0.015097,1.6158,-3.0212,-2.4091,-0.5816,-0.0492,0.1854
31.5990,-1.876995,-1.486469,1.318935,-2.029565,-1.736098,3.066476,0.264926,-0.001383,0.001600,-0.017565,-0.000071,0.016153,0.7356,-2.8757,-2.2299,-0.5615,-0.1192,0.2112
31.6090,-1.874356,-1.486488,1.318948,-2.029705,-1.736073,3.066678,0.276079,-0.000979,0.002555,-0.017752,-0.000014,0.016622,1.9290,-3.2680,-2.0212,-0.5775,-0.0461,0.1908
31.6189,-1.871560,-1.486524,1.318987,-2.029936,-1.736130,3.066827,0.273694,-0.001625,0.004527,-0.019700,-0.000000,0.016342,1.2950,-3.0051,-1.8320,-0.5574,-0.0610,0.1621
31.6289,-1.868714,-1.486532,1.319032,-2.030149,-1.736073,3.066971,0.285408,-0.002334,0.009032,-0.021022,-0.000000,0.013571,1.7532,-3.0898,-1.7132,-0.5281,-0.0360,0.1707
31.6389,-1.865822,-1.486544,1.319167,-2.030288,-1.736103,3.067075,0.285779,-0.001311,0.013560,-0.015561,-0.000000,0.011550,1.3007,-3.0127,-1.7376,-0.5758,-0.0445,0.1856
31.6491,-1.862927,-1.486549,1.319259,-2.030456,-1.736093,3.067202,0.304440,-0.003222,0.014188,-0.018145,-0.000000,0.009271,1.9978,-3.1165,-1.5118,-0.5475,-0.0148,0.1628
31.6590,-1.859844,-1.486608,1.319396,-2.030668,-1.736099,3.067274,0.302715,-0.000928,0.015511,-0.016720,0.000422,0.004903,0.8941,-2.7487,-1.4782,-0.5048,-0.0673,0.1663
31.6690,-1.856886,-1.486561,1.319639,-2.030799,-1.736019,3.067315,0.302762,0.000177,0.020592,-0.012401,-0.000002,0.003628,1.7316,-2.8682,-1.4967,-0.5864,-0.0847,0.1398
31.6791,-1.853899,-1.486627,1.319819,-2.030920,-1.736115,3.067331,0.308533,0.000089,0.023192,-0.013228,-0.000000,0.001943,1.6507,-2.8929,-1.5068,-0.5458,-0.0487,0.1486
31.6890,-1.850837,-1.486592,1.320073,-2.031051,-1.736043,3.067343,0.315375,0.000000,0.026210,-0.012674,-0.000142,0.001669,1.3049,-2.8598,-1.4418,-0.5553,-0.0507,0.1573
31.6991,-1.847741,-1.486592,1.320341,-2.031214,-1.736094,3.067389,0.302441,0.000000,0.027883,-0.012687,-0.000203,0.001521,0.4696,-2.7229,-1.3873,-0.5134,-0.0978,0.1600
31.7092,-1.844754,-1.486608,1.320657,-2.031247,-1.736069,3.067382,0.323065,0.000000,0.032003,-0.007648,-0.000000,0.001143,2.0315,-3.0578,-1.4602,-0.5898,-0.0027,0.1462
31.7189,-1.841508,-1.486620,1.320968,-2.031391,-1.736147,3.067359,0.318953,-0.000002,0.031663,-0.010411,0.000000,0.000769,1.2710,-2.9395,-1.3166,-0.5241,-0.0445,0.1573
31.7291,-1.838298,-1.486620,1.321312,-2.031419,-1.736049,3.067390,0.323694,-0.000000,0.033249,-0.006843,-0.000000,0.001602,1.1172,-2.9274,-1.3797,-0.5416,-0.0629,0.1495
31.7391,-1.835094,-1.486588,1.321652,-2.031440,-1.736087,3.067427,0.312232,-0.000000,0.034458,-0.004090,-0.000237,0.001641,1.0829,-2.8633,-1.5543,-0.5748,-0.0728,0.1625
31.7489,-1.831903,-1.486635,1.321947,-2.031522,-1.736049,3.067458,0.328500,-0.000000,0.032313,-0.005457,-0.000014,0.003708,1.9322,-3.0684,-1.4752,-0.5902,-0.0310,0.1820
31.7590,-1.828640,-1.486612,1.322259,-2.031611,-1.736118,3.067491,0.310112,-0.000003,0.028511,-0.007041,0.000001,0.005967,1.0189,-2.8692,-1.3151,-0.5182,-0.0955,0.1588
31.7689,-1.825630,-1.486597,1.322560,-2.031587,-1.736018,3.067554,0.300571,0.000173,0.028751,-0.001325,-0.000002,0.007347,0.7678,-2.7740,-1.5034,-0.5911,-0.1556,0.1899
31.7790,-1.822771,-1.486632,1.322835,-2.031666,-1.736055,3.067653,0.282683,0.000088,0.025567,-0.003450,-0.000000,0.009890,1.2284,-2.8053,-1.3127,-0.5767,-0.1199,0.1790
31.7889,-1.819983,-1.486643,1.323067,-2.031683,-1.736046,3.067718,0.287382,0.000000,0.025445,-0.003606,-0.000129,0.013964,1.3143,-2.8536,-1.2235,-0.5647,-0.0756,0.2079
31.7990,-1.817211,-1.486628,1.323355,-2.031778,-1.736070,3.067894,0.263175,0.000000,0.026085,-0.004246,-0.000197,0.013240,0.6281,-2.6928,-1.2500,-0.5510,-0.1368,0.1931
31.8089,-1.814692,-1.486628,1.323595,-2.031730,-1.736053,3.068033,0.260425,0.000026,0.028162,-0.001300,0.000057,0.015179,0.9941,-2.9024,-1.5269,-0.6080,-0.1161,0.2042
31.8189,-1.812173,-1.486620,1.323855,-2.031825,-1.736091,3.068155,0.242786,0.000000,0.026646,-0.003462,0.000000,0.018302,0.6477,-2.8062,-1.3937,-0.5706,-0.1182,0.1916
31.8290,-1.809768,-1.486612,1.324117,-2.031822,-1.736058,3.068377,0.232561,0.000000,0.025467,-0.003182,0.000000,0.022034,1.1594,-2.8275,-1.3427,-0.5732,-0.1199,0.1991
31.8390,-1.807484,-1.486616,1.324409,-2.031838,-1.736059,3.068609,0.228795,0.000000,0.025370,-0.002640,0.000000,0.025214,1.0652,-2.9106,-1.4392,-0.5740,-0.0945,0.2160
31.8492,-1.805205,-1.486616,1.324618,-2.031882,-1.736063,3.068865,0.244850,-0.000801,0.023328,-0.002343,0.000000,0.026662,2.1514,-3.1197,-1.4785,-0.6101,-0.0036,0.2000
31.8592,-1.802646,-1.486617,1.324830,-2.031931,-1.736142,3.069156,0.247994,-0.000305,0.021150,-0.005848,0.000551,0.028130,1.1374,-2.8625,-1.4427,-0.5304,-0.0658,0.1904
31.8690,-1.800092,-1.486628,1.325014,-2.031922,-1.736061,3.069425,0.261340,-0.000000,0.021288,-0.000905,-0.000000,0.027968,1.8951,-2.9437,-1.4616,-0.5681,-0.0383,0.1869
31.8789,-1.797474,-1.486643,1.325261,-2.031945,-1.736087,3.069700,0.277661,-0.000000,0.017209,-0.000586,-0.000000,0.027387,1.9682,-2.9781,-1.5764,-0.5986,-0.0393,0.1727
31.8888,-1.794684,-1.486647,1.325406,-2.031919,-1.736072,3.069971,0.289671,-0.000000,0.014510,-0.003128,-0.000000,0.025575,1.7580,-2.9298,-1.5280,-0.5859,-0.0389,0.2035
31.8987,-1.791829,-1.486616,1.325541,-2.031974,-1.736103,3.070204,0.287303,-0.000000,0.012537,-0.001978,-0.000000,0.024574,0.9236,-2.7531,-1.4304,-0.5671,-0.0919,0.1762
31.9089,-1.789007,-1.486632,1.325642,-2.031962,-1.736058,3.070420,0.283404,-0.000000,0.011575,-0.000825,-0.000358,0.021980,1.6063,-2.8098,-1.5255,-0.5912,-0.0775,0.1856
31.9189,-1.786244,-1.486624,1.325781,-2.032002,-1.736094,3.070616,0.261280,0.000394,0.009704,-0.002013,-0.000303,0.020651,0.7918,-2.6390,-1.5190,-0.5738,-0.1157,0.1769
31.9288,-1.783693,-1.486632,1.325849,-2.032005,-1.736053,3.070788,0.241209,0.000218,0.006710,-0.000840,-0.000348,0.017612,0.2939,-2.6682,-1.5068,-0.5776,-0.1415,0.1673
31.9389,-1.781452,-1.486656,1.325898,-2.031998,-1.736053,3.070984,0.215336,0.000136,0.004781,-0.000484,-0.000265,0.015165,0.2795,-2.6687,-1.4892,-0.5843,-0.1542,0.1483
31.9489,-1.779382,-1.486652,1.325929,-2.031998,-1.736038,3.071096,0.205223,0.000000,0.005833,-0.000742,0.000038,0.012122,0.9300,-2.7946,-1.4023,-0.5739,-0.0856,0.1738
31.9588,-1.777407,-1.486664,1.325993,-2.032074,-1.736067,3.071213,0.182503,-0.000015,0.007382,-0.003743,0.000026,0.011032,0.4014,-2.6944,-1.2445,-0.5314,-0.1141,0.1745
31.9690,-1.775647,-1.486652,1.326101,-2.032053,-1.736015,3.071317,0.168195,-0.000000,0.011862,-0.000766,0.000000,0.009960,0.4682,-2.6968,-1.3315,-0.5545,-0.1182,0.1575
31.9790,-1.774035,-1.486667,1.326213,-2.032046,-1.736032,3.071411,0.162120,-0.000000,0.012959,-0.000496,0.000000,0.007244,1.8199,-2.8296,-1.3483,-0.5517,-0.0590,0.1531
31.9891,-1.772246,-1.486676,1.326341,-2.032062,-1.736110,3.071448,0.201219,-0.002094,0.015511,-0.000455,0.000757,0.006017,1.7161,-2.9036,-1.2658,-0.5501,0.0323,0.1604
31.9992,-1.770243,-1.486667,1.326525,-2.032042,-1.736082,3.071516,0.196012,-0.000126,0.018326,-0.001230,0.000513,0.005368,1.1508,-2.7076,-1.2815,-0.5473,-0.0610,0.1729
32.0090,-1.768260,-1.486647,1.326740,-2.032042,-1.736079,3.071560,0.222644,-0.000000,0.023520,-0.000634,0.000344,0.004533,2.3180,-2.8503,-1.3103,-0.5401,0.0058,0.1678
32.0189,-1.765958,-1.486636,1.326984,-2.032074,-1.736182,3.071642,0.235757,-0.000000,0.026469,-0.000422,0.000178,0.004151,1.8373,-2.7788,-1.2300,-0.5490,-0.0021,0.1489
32.0291,-1.763476,-1.486636,1.327232,-2.032109,-1.736082,3.071671,0.264401,-0.000000,0.030704,-0.000318,-0.000000,0.004259,2.1565,-2.7289,-0.9992,-0.5279,0.0081,0.1563
32.0391,-1.760854,-1.486640,1.327611,-2.032039,-1.736139,3.071714,0.277687,0.000051,0.038661,-0.000762,0.000000,0.004696,1.6943,-2.7676,-1.1315,-0.5447,-0.0106,0.1516
32.0491,-1.758021,-1.486675,1.327995,-2.032082,-1.736129,3.071740,0.310272,0.000002,0.044449,-0.000546,0.000000,0.003760,2.4484,-2.8277,-0.9664,-0.5698,0.0305,0.1588
32.0591,-1.754863,-1.486644,1.328466,-2.032212,-1.736139,3.071771,0.315034,0.000000,0.048855,-0.007733,0.000296,0.004008,1.2270,-2.6955,-0.9279,-0.5133,-0.0269,0.1583
32.0690,-1.751684,-1.486640,1.329036,-2.032172,-1.736077,3.071804,0.324847,0.000000,0.059599,-0.003228,0.000000,0.003178,1.9150,-2.6889,-1.0804,-0.6222,-0.0078,0.1617
32.0790,-1.748390,-1.486628,1.329675,-2.032238,-1.736115,3.071855,0.333925,0.000381,0.064533,-0.006946,0.000000,0.003303,1.7616,-2.7961,-1.1682,-0.5618,-0.0047,0.1484
32.0890,-1.744968,-1.486671,1.330287,-2.032289,-1.736082,3.071864,0.339639,-0.000108,0.070542,-0.007443,0.000000,0.003021,1.3275,-2.7065,-1.3150,-0.5863,-0.0137,0.1549
32.0990,-1.741569,-1.486652,1.330968,-2.032357,-1.736137,3.071910,0.326156,-0.000068,0.068807,-0.006648,0.000000,0.002623,0.5706,-2.6279,-1.2304,-0.5385,-0.0900,0.1507
32.1090,-1.738351,-1.486648,1.331687,-2.032345,-1.736038,3.071928,0.333950,-0.000000,0.073119,-0.001319,0.000873,0.002203,1.9931,-2.8211,-1.3542,-0.5563,-0.0104,0.1633
32.1191,-1.735036,-1.486667,1.332399,-2.032389,-1.736103,3.071936,0.324292,-0.000000,0.070383,-0.003415,-0.001133,0.002476,1.0297,-2.7100,-1.2030,-0.5369,-0.0406,0.1579
32.1291,-1.731869,-1.486656,1.333109,-2.032385,-1.736010,3.071959,0.316894,-0.000000,0.070372,-0.000949,-0.000001,0.001957,0.9060,-2.6884,-1.3140,-0.5247,-0.0564,0.1341
32.1390,-1.728850,-1.486636,1.333813,-2.032373,-1.736073,3.071994,0.302204,-0.000058,0.067184,-0.000541,-0.000000,0.001992,0.9644,-2.7312,-1.3691,-0.5162,-0.0894,0.1489
32.1492,-1.725867,-1.486656,1.334469,-2.032369,-1.736038,3.071995,0.316659,-0.000132,0.067577,-0.000115,-0.000000,0.004194,1.8096,-2.9046,-1.3844,-0.4899,-0.0268,0.1818
32.1591,-1.722770,-1.486652,1.335120,-2.032401,-1.736063,3.072074,0.298483,-0.000001,0.063072,-0.000087,-0.000000,0.005984,0.8416,-2.7195,-1.2584,-0.4777,-0.0802,0.1614
32.1691,-1.719865,-1.486659,1.335768,-2.032357,-1.736041,3.072112,0.288312,-0.000000,0.063573,-0.000000,-0.000000,0.007790,0.6807,-2.6953,-1.4048,-0.4676,-0.1343,0.1664
32.1789,-1.717108,-1.486636,1.336367,-2.032338,-1.736070,3.072207,0.281351,-0.000000,0.058673,-0.000000,-0.000351,0.009550,2.0386,-2.8347,-1.3728,-0.4569,-0.0508,0.1580
32.1890,-1.714068,-1.486671,1.336942,-2.032396,-1.736079,3.072255,0.319138,0.000000,0.061205,-0.000000,-0.000007,0.010588,2.0148,-2.9530,-1.2104,-0.4478,0.0381,0.1656
32.1990,-1.710881,-1.486640,1.337554,-2.032374,-1.736098,3.072391,0.306080,-0.000000,0.060949,0.000032,-0.000414,0.010350,1.0765,-2.7138,-1.2552,-0.5005,-0.0667,0.1514
32.2090,-1.707845,-1.486643,1.338201,-2.032385,-1.736058,3.072468,0.313435,-0.000000,0.063932,0.000000,-0.000202,0.009731,1.6246,-2.6203,-1.1745,-0.5487,-0.0572,0.1667
32.2190,-1.704727,-1.486648,1.338845,-2.032417,-1.736133,3.072618,0.302511,-0.000000,0.066436,-0.005064,-0.001876,0.009282,0.8519,-2.5691,-1.1681,-0.5551,-0.1156,0.1665
32.2290,-1.701766,-1.486636,1.339516,-2.032528,-1.736046,3.072655,0.294573,-0.000000,0.070646,-0.007940,-0.001130,0.008309,1.4274,-2.5121,-1.0111,-0.5668,-0.1593,0.1711
32.2391,-1.698924,-1.486664,1.340252,-2.032537,-1.736177,3.072716,0.277183,-0.000000,0.077068,-0.007419,-0.009872,0.008068,0.9045,-2.5297,-1.0947,-0.5766,-0.1441,0.1609
32.2489,-1.696271,-1.486676,1.341062,-2.032604,-1.736161,3.072823,0.269720,0.000153,0.088382,-0.006601,-0.005284,0.007065,1.0546,-2.4066,-0.9414,-0.5844,-0.1960,0.1651
32.2589,-1.693690,-1.486660,1.342008,-2.032740,-1.736238,3.072898,0.249235,0.000279,0.093265,-0.011119,-0.010078,0.006525,0.3406,-2.4896,-0.9635,-0.5268,-0.2133,0.1671
32.2690,-1.691364,-1.486664,1.343023,-2.032733,-1.736277,3.072943,0.229225,0.000345,0.109280,-0.003431,-0.007380,0.006306,0.9247,-2.3782,-1.0976,-0.5818,-0.2294,0.1961
32.2790,-1.689183,-1.486664,1.344130,-2.032824,-1.736425,3.072987,0.211962,0.000000,0.119291,-0.006924,-0.012555,0.005679,0.7575,-2.4932,-1.0609,-0.5400,-0.1860,0.1731
32.2889,-1.687155,-1.486660,1.345342,-2.032891,-1.736481,3.073050,0.198012,0.000000,0.128457,-0.004586,-0.009712,0.005694,0.5115,-2.4608,-1.1448,-0.5888,-0.2397,0.1708
32.2990,-1.685278,-1.486664,1.346624,-2.032945,-1.736627,3.073130,0.177491,0.000000,0.128040,-0.008557,-0.013953,0.005405,0.3367,-2.6867,-1.1535,-0.5654,-0.2246,0.1831
32.3090,-1.683605,-1.486664,1.347948,-2.033020,-1.736740,3.073158,0.159776,-0.000492,0.134482,-0.004336,-0.012790,0.004760,0.6614,-2.4998,-1.1341,-0.5604,-0.2250,0.1843
32.3190,-1.682073,-1.486676,1.349322,-2.033111,-1.736882,3.073195,0.135065,0.000000,0.129041,-0.007339,-0.016879,0.004557,0.4202,-2.7554,-1.3185,-0.5776,-0.2121,0.1703
32.3289,-1.680795,-1.486648,1.350643,-2.033092,-1.736996,3.073227,0.117661,-0.000265,0.126890,-0.002204,-0.013815,0.004115,0.3009,-2.7672,-1.5968,-0.6208,-0.2457,0.1650
32.3388,-1.679711,-1.486632,1.351832,-2.033140,-1.737146,3.073286,0.099974,-0.000000,0.115564,-0.003384,-0.016074,0.003472,0.4859,-2.9324,-1.7205,-0.6129,-0.2219,0.1581
32.3489,-1.678751,-1.486628,1.352891,-2.033147,-1.737308,3.073322,0.101135,-0.000000,0.108285,-0.002094,-0.014071,0.003276,0.8755,-2.7982,-1.4437,-0.6114,-0.2078,0.1513
32.3591,-1.677770,-1.486612,1.353929,-2.033248,-1.737489,3.073319,0.093208,-0.000149,0.096154,-0.006229,-0.019419,0.003319,0.6838,-2.8676,-1.3425,-0.5807,-0.2234,0.1662
32.3691,-1.676902,-1.486612,1.354864,-2.033228,-1.737653,3.073335,0.089908,-0.000061,0.093969,-0.002326,-0.019303,0.002976,0.8443,-2.8383,-1.5710,-0.6081,-0.2395,0.1598
32.3789,-1.675987,-1.486628,1.355724,-2.033287,-1.737911,3.073387,0.094228,-0.000000,0.082845,-0.003001,-0.020732,0.003001,1.9509,-3.0004,-1.5143,-0.6377,-0.1948,0.1569
32.3892,-1.674922,-1.486647,1.356499,-2.033335,-1.738143,3.073402,0.135051,-0.000817,0.079899,-0.007178,-0.019762,0.002680,1.7367,-2.9536,-1.4138,-0.6078,-0.2011,0.1531
32.3990,-1.673497,-1.486632,1.357274,-2.033423,-1.738375,3.073453,0.143810,0.000111,0.071058,-0.010841,-0.026166,0.002460,1.4311,-2.8817,-1.3935,-0.5798,-0.2119,0.1414
32.4091,-1.672036,-1.486593,1.357966,-2.033471,-1.738662,3.073455,0.170079,0.000000,0.065985,-0.008464,-0.026258,0.002188,2.3957,-3.0320,-1.4768,-0.6075,-0.2119,0.1600
32.4189,-1.670229,-1.486620,1.358569,-2.033610,-1.739030,3.073471,0.187110,0.000000,0.059493,-0.011519,-0.031918,0.002592,1.9077,-2.9410,-1.6057,-0.6043,-0.1630,0.1457
32.4289,-1.668226,-1.486620,1.359090,-2.033730,-1.739207,3.073463,0.216047,0.000000,0.050092,-0.013238,-0.025557,0.001433,2.2507,-2.9895,-1.4771,-0.5617,-0.2275,0.1641
32.4390,-1.666013,-1.486604,1.359590,-2.033803,-1.739550,3.073522,0.228223,0.001163,0.043767,-0.009204,-0.031223,0.002280,1.6392,-2.9501,-1.4736,-0.5960,-0.1658,0.1697
32.4492,-1.663678,-1.486635,1.360025,-2.033875,-1.739794,3.073562,0.249135,-0.000000,0.038718,-0.010569,-0.024394,0.003604,1.9232,-2.9768,-1.5755,-0.6119,-0.2260,0.1559
32.4591,-1.661158,-1.486620,1.360338,-2.034038,-1.740109,3.073582,0.252016,-0.000000,0.031807,-0.011270,-0.027253,0.005207,1.0385,-2.7907,-1.5073,-0.5555,-0.2134,0.1844
32.4692,-1.658649,-1.486609,1.360628,-2.034110,-1.740277,3.073673,0.252880,-0.000000,0.025638,-0.007406,-0.021906,0.007661,1.4033,-2.7490,-1.5011,-0.6025,-0.2629,0.1751
32.4793,-1.656094,-1.486600,1.360862,-2.034170,-1.740549,3.073745,0.259713,-0.000000,0.022304,-0.006829,-0.022861,0.010266,1.5093,-2.8661,-1.5615,-0.5999,-0.1848,0.1759
32.4891,-1.653449,-1.486640,1.361069,-2.034217,-1.740732,3.073822,0.266212,-0.000000,0.016512,-0.005471,-0.016658,0.013176,1.3066,-2.8209,-1.5346,-0.6045,-0.2145,0.1965
32.4990,-1.650765,-1.486640,1.361216,-2.034321,-1.740920,3.073965,0.256852,0.000000,0.012571,-0.003975,-0.019143,0.013357,0.5881,-2.6791,-1.4818,-0.5371,-0.2202,0.1891
32.5089,-1.648149,-1.486624,1.361321,-2.034274,-1.741048,3.074086,0.269068,0.000000,0.010287,-0.000973,-0.010606,0.015443,1.7269,-2.9081,-1.5989,-0.5066,-0.2297,0.1835
32.5188,-1.645472,-1.486640,1.361388,-2.034298,-1.741237,3.074238,0.263506,0.000834,0.005482,-0.000271,-0.016028,0.016803,1.0390,-2.7941,-1.5387,-0.4647,-0.1656,0.1735
32.5291,-1.642875,-1.486647,1.361424,-2.034282,-1.741253,3.074406,0.262361,0.000287,0.003053,-0.000000,-0.008118,0.017492,1.0150,-2.7055,-1.6451,-0.4159,-0.2811,0.1867
32.5389,-1.640329,-1.486640,1.361460,-2.034234,-1.741414,3.074562,0.248498,-0.000034,0.001600,0.002893,-0.011599,0.017863,0.8028,-2.6203,-1.6479,-0.4041,-0.2053,0.1988
32.5493,-1.637866,-1.486656,1.361421,-2.034246,-1.741434,3.074776,0.257594,-0.000000,0.000421,0.001379,-0.004097,0.019952,1.6489,-2.8455,-1.7526,-0.3699,-0.2184,0.1929
32.5590,-1.635359,-1.486648,1.361417,-2.034246,-1.741553,3.074992,0.243369,0.000576,0.000090,0.001449,-0.010363,0.022261,0.8676,-2.5955,-1.6628,-0.3109,-0.1748,0.1729
32.5690,-1.633060,-1.486652,1.361437,-2.034217,-1.741561,3.075228,0.233364,0.000203,0.000007,0.003165,-0.004425,0.023206,0.5927,-2.5774,-1.6629,-0.3413,-0.2539,0.1911
32.5790,-1.630828,-1.486636,1.361468,-2.034166,-1.741657,3.075448,0.220917,0.000170,-0.000000,0.004233,-0.005551,0.023392,1.2283,-2.6762,-1.7358,-0.3225,-0.1839,0.1917
32.5892,-1.628604,-1.486636,1.361440,-2.034126,-1.741657,3.075691,0.230632,0.000058,-0.000000,0.002501,-0.001106,0.023826,1.4126,-2.8245,-1.6879,-0.2935,-0.1213,0.1835
32.5989,-1.626336,-1.486624,1.361425,-2.034142,-1.741672,3.075920,0.214338,0.000000,-0.000000,0.002534,-0.000271,0.023720,0.7915,-2.5994,-1.6607,-0.2774,-0.1533,0.1884
32.6093,-1.624258,-1.486628,1.361437,-2.034070,-1.741660,3.076170,0.219649,0.000000,0.000147,0.002806,0.000947,0.022543,1.5623,-2.8054,-1.6199,-0.2935,-0.0310,0.1934
32.6190,-1.622066,-1.486609,1.361440,-2.034058,-1.741666,3.076364,0.214527,-0.000227,0.000268,0.001868,0.001691,0.021116,1.1273,-2.6547,-1.6295,-0.2723,0.0398,0.1948
32.6293,-1.619889,-1.486640,1.361468,-2.034046,-1.741534,3.076552,0.222382,-0.000086,0.000271,0.001854,0.011650,0.020002,1.5211,-2.7462,-1.6236,-0.2522,0.0470,0.1736
32.6391,-1.617657,-1.486612,1.361480,-2.033979,-1.741528,3.076775,0.218459,-0.000000,0.000677,0.004598,0.009233,0.018716,1.2361,-2.6603,-1.5906,-0.2769,0.0801,0.1735
32.6489,-1.615439,-1.486640,1.361480,-2.034005,-1.741363,3.076951,0.231545,-0.000000,0.001038,0.002051,0.014754,0.016762,1.5942,-2.7906,-1.6063,-0.2974,0.0695,0.1637
32.6588,-1.613128,-1.486640,1.361461,-2.033998,-1.741287,3.077080,0.225726,-0.000118,0.000620,0.000813,0.011019,0.014487,0.8648,-2.6233,-1.5339,-0.2550,0.0618,0.1752
32.6688,-1.610914,-1.486640,1.361485,-2.033942,-1.741083,3.077224,0.223416,-0.000000,0.002041,0.002889,0.014195,0.012266,1.4897,-2.7282,-1.6723,-0.2909,0.0736,0.1668
32.6790,-1.608642,-1.486605,1.361501,-2.033907,-1.741042,3.077328,0.244552,-0.000000,0.000929,0.001778,0.016658,0.012759,1.9626,-2.9295,-1.5156,-0.2561,0.1418,0.1664
32.6888,-1.606207,-1.486636,1.361528,-2.033914,-1.740876,3.077476,0.262983,-0.000256,0.001968,0.001354,0.019723,0.011504,1.8171,-2.8971,-1.5521,-0.2593,0.1267,0.1830
32.6990,-1.603566,-1.486628,1.361497,-2.033896,-1.740747,3.077595,0.267167,-0.000012,0.000759,0.000926,0.015119,0.012509,1.1359,-2.6782,-1.4781,-0.2440,0.0723,0.1630
32.7090,-1.600888,-1.486616,1.361553,-2.033855,-1.740575,3.077734,0.277107,0.000686,0.003341,0.004143,0.019477,0.014623,1.8967,-2.7925,-1.6777,-0.2848,0.1206,0.1738
32.7189,-1.598206,-1.486616,1.361542,-2.033851,-1.740503,3.077890,0.263456,-0.000000,0.001600,0.001132,0.012770,0.014310,1.2300,-2.4980,-1.4800,-0.2419,0.1695,0.1616
32.7289,-1.595562,-1.486612,1.361553,-2.033855,-1.740215,3.078034,0.253888,0.000485,0.001614,0.001384,0.020569,0.015116,0.6268,-2.5899,-1.5063,-0.2470,0.0516,0.1691
32.7391,-1.593157,-1.486656,1.361612,-2.033850,-1.740098,3.078183,0.235081,0.000000,0.003233,0.002077,0.018328,0.015229,0.7148,-2.5722,-1.5598,-0.2629,0.1097,0.1677
32.7490,-1.590805,-1.486664,1.361615,-2.033815,-1.739864,3.078327,0.245890,-0.001495,0.001536,0.001155,0.025474,0.017312,1.5620,-2.8085,-1.4842,-0.2765,0.1085,0.1670
32.7590,-1.588373,-1.486664,1.361627,-2.033819,-1.739681,3.078545,0.228203,-0.000000,0.000945,0.000678,0.017238,0.018161,0.6538,-2.6489,-1.4191,-0.2511,0.1203,0.1706
32.7691,-1.586145,-1.486636,1.361641,-2.033803,-1.739466,3.078695,0.222678,-0.000000,0.002582,0.001802,0.018336,0.020643,0.7164,-2.6345,-1.5255,-0.2567,0.0724,0.1648
32.7789,-1.583936,-1.486659,1.361646,-2.033798,-1.739369,3.078887,0.227378,0.000118,0.003390,0.000865,0.017423,0.019652,2.8114,-2.9494,-1.5992,-0.2476,0.2072,0.1562
32.7889,-1.581378,-1.486683,1.361684,-2.033783,-1.739276,3.079110,0.303044,-0.001881,0.001875,0.000994,0.025965,0.020533,2.9524,-3.1382,-1.4781,-0.2655,0.2250,0.1524
32.7989,-1.578281,-1.486636,1.361699,-2.033775,-1.739090,3.079326,0.309558,-0.000000,0.001447,0.000594,0.016160,0.020154,1.6893,-2.7455,-1.4083,-0.2733,0.1442,0.1693
32.8092,-1.575107,-1.486632,1.361732,-2.033767,-1.738920,3.079549,0.360331,-0.000433,0.002590,0.000471,0.018872,0.020831,3.2898,-3.1322,-1.5131,-0.2656,0.1417,0.1740
32.8190,-1.571390,-1.486628,1.361780,-2.033750,-1.738995,3.079749,0.384244,0.000844,0.003789,0.001368,0.008065,0.020798,2.3321,-2.8678,-1.8262,-0.2733,0.2499,0.1691
32.8292,-1.567372,-1.486612,1.361697,-2.033783,-1.738637,3.079953,0.424920,0.000396,0.000000,0.000925,0.016515,0.021713,2.7114,-2.9552,-1.6795,-0.2924,0.1279,0.1807
32.8391,-1.563106,-1.486604,1.361792,-2.033700,-1.738684,3.080196,0.431403,0.002879,0.000000,0.000434,0.003562,0.022938,1.9576,-2.8524,-1.6925,-0.2809,0.2105,0.1640
32.8494,-1.558648,-1.486600,1.361769,-2.033714,-1.738552,3.080432,0.472446,0.000308,0.000761,0.001577,0.014546,0.022587,3.1504,-2.8304,-2.0078,-0.3298,0.2028,0.1627
32.8589,-1.553743,-1.486588,1.361728,-2.033759,-1.738497,3.080652,0.482763,0.001559,-0.001325,-0.000348,0.006136,0.021821,1.9554,-2.3048,-1.9286,-0.2900,0.1819,0.1663
32.8690,-1.548755,-1.486596,1.361771,-2.033723,-1.738324,3.080857,0.512409,0.001898,-0.001660,-0.000000,0.012394,0.022717,2.7608,-2.3723,-2.2501,-0.2926,0.1022,0.1617
32.8790,-1.543630,-1.486548,1.361716,-2.033692,-1.738333,3.081080,0.520244,0.006848,-0.001810,-0.000000,0.001895,0.021135,2.0445,-2.4155,-2.3077,-0.2990,0.1692,0.1518
32.8889,-1.538414,-1.486496,1.361720,-2.033714,-1.738189,3.081311,0.532134,0.004963,-0.001089,-0.000000,0.006519,0.018866,1.4499,-2.0501,-2.4205,-0.3593,0.0945,0.1437
32.8988,-1.533244,-1.486448,1.361672,-2.033790,-1.738213,3.081491,0.508073,0.007123,-0.002721,-0.002809,0.001359,0.017414,0.0235,-1.6929,-2.2796,-0.3694,0.0506,0.1608
32.9088,-1.528251,-1.486361,1.361672,-2.033778,-1.738093,3.081652,0.505395,0.006600,-0.000291,-0.001010,0.006087,0.015645,2.1527,-2.0399,-2.2327,-0.4576,0.1172,0.1454
32.9190,-1.523238,-1.486296,1.361680,-2.033795,-1.738174,3.081796,0.475590,0.010244,-0.000316,-0.003305,0.000480,0.014478,0.8899,-1.9252,-2.1823,-0.4924,0.0941,0.1539
32.9290,-1.518541,-1.486181,1.361696,-2.033803,-1.737980,3.081940,0.451851,0.009420,-0.000000,-0.006121,0.008792,0.011910,0.4646,-1.8520,-2.1415,-0.5292,-0.0337,0.1624
32.9390,-1.514222,-1.486085,1.361704,-2.033907,-1.738043,3.082045,0.414198,0.010392,-0.000000,-0.005534,0.000206,0.010539,0.1829,-1.9800,-2.0220,-0.5360,0.0540,0.1473
32.9490,-1.510291,-1.486025,1.361701,-2.033961,-1.737946,3.082156,0.406018,0.005695,0.001032,-0.005528,0.010173,0.008823,1.5144,-2.0605,-2.0288,-0.5966,0.1023,0.1512
32.9591,-1.506380,-1.486017,1.361692,-2.034118,-1.737937,3.082235,0.368061,0.006969,0.000313,-0.012140,0.004070,0.006168,0.1307,-1.8689,-1.8481,-0.4869,0.1085,0.1472
32.9689,-1.502899,-1.485973,1.361677,-2.034165,-1.737776,3.082284,0.335536,0.004252,0.000075,-0.007318,0.011026,0.005042,0.1203,-1.6999,-1.7939,-0.5807,0.0439,0.1579
32.9791,-1.499786,-1.485885,1.361681,-2.034217,-1.737747,3.082346,0.310883,0.004020,0.000106,-0.006607,0.009747,0.004752,1.4897,-1.9259,-1.8561,-0.5730,0.1811,0.1613
32.9891,-1.496598,-1.485885,1.361704,-2.034254,-1.737689,3.082380,0.329258,0.001300,0.000471,-0.007277,0.013467,0.008717,1.5494,-2.0250,-1.9145,-0.6019,0.1777,0.1659
32.9990,-1.493417,-1.485834,1.361730,-2.034354,-1.737581,3.082507,0.301652,0.005459,0.000117,-0.010330,0.005290,0.010915,0.5032,-2.0138,-1.8253,-0.5383,0.1032,0.1902
33.0092,-1.490479,-1.485801,1.361723,-2.034393,-1.737509,3.082611,0.303468,0.003372,0.000139,-0.005642,0.006792,0.012922,1.4775,-2.0918,-1.9020,-0.5805,0.1279,0.1761
33.0190,-1.487456,-1.485774,1.361704,-2.034461,-1.737586,3.082716,0.291447,0.003397,0.000100,-0.005480,0.001477,0.013917,0.9883,-1.9526,-1.9309,-0.5893,0.1816,0.1636
33.0289,-1.484550,-1.485753,1.361680,-2.034565,-1.737395,3.082918,0.292212,0.002070,0.000000,-0.008767,0.009928,0.016835,1.4117,-1.9483,-1.9114,-0.5746,0.1153,0.1751
33.0389,-1.481733,-1.485717,1.361700,-2.034597,-1.737425,3.083064,0.282658,0.003618,0.000000,-0.004090,0.003321,0.018957,1.2805,-2.0857,-1.9415,-0.5738,0.1889,0.1897
33.0490,-1.478933,-1.485713,1.361720,-2.034616,-1.737310,3.083293,0.293655,0.002588,0.000272,-0.002202,0.011514,0.021313,1.8991,-2.1441,-2.0168,-0.6314,0.1793,0.1861
33.0592,-1.476032,-1.485673,1.361692,-2.034693,-1.737250,3.083506,0.288894,0.003273,-0.000689,-0.007243,0.007590,0.022027,0.7029,-1.8368,-2.0414,-0.5476,0.1479,0.1684
33.0690,-1.473271,-1.485633,1.361708,-2.034681,-1.737137,3.083730,0.280645,0.002466,-0.000107,-0.001675,0.010339,0.022746,1.5664,-1.9826,-2.0001,-0.6266,0.1214,0.1768
33.0789,-1.470455,-1.485570,1.361692,-2.034741,-1.737121,3.083965,0.290828,0.003766,-0.000134,-0.003202,0.009014,0.024028,1.7350,-2.1896,-2.0564,-0.5960,0.2058,0.1886
33.0892,-1.467514,-1.485558,1.361692,-2.034753,-1.736982,3.084185,0.300631,0.003210,-0.000081,-0.002335,0.011628,0.025458,1.3789,-2.1119,-2.0992,-0.6369,0.1514,0.1931
33.0988,-1.464514,-1.485494,1.361700,-2.034825,-1.736961,3.084505,0.289377,0.004339,0.000135,-0.005817,0.006836,0.029129,0.6276,-1.9549,-1.9139,-0.5679,0.1014,0.1892
33.1095,-1.461610,-1.485502,1.361688,-2.034816,-1.736865,3.084782,0.312266,0.001994,0.000145,-0.001309,0.015722,0.034494,2.1787,-2.2861,-1.9585,-0.6472,0.1217,0.1970
33.1193,-1.458413,-1.485493,1.361692,-2.034905,-1.736878,3.085196,0.308419,0.004541,0.000090,-0.006983,0.002681,0.040686,1.3515,-2.1173,-1.9918,-0.5888,0.1853,0.2115
33.1293,-1.455265,-1.485426,1.361680,-2.034948,-1.736689,3.085635,0.314642,0.003094,0.000077,-0.008484,0.009618,0.044299,1.2576,-2.0866,-1.9215,-0.5979,0.0539,0.2292
33.1391,-1.452197,-1.485390,1.361716,-2.035028,-1.736702,3.086134,0.304655,0.003378,0.000161,-0.006141,0.001342,0.049915,1.0868,-1.9099,-1.9252,-0.6285,0.1389,0.2234
33.1492,-1.449119,-1.485382,1.361689,-2.035132,-1.736603,3.086636,0.318307,0.003683,0.000101,-0.013231,0.009269,0.055399,1.9006,-2.0156,-1.9704,-0.6628,0.1304,0.2155
33.1590,-1.445989,-1.485334,1.361680,-2.035347,-1.736598,3.087245,0.303828,0.008451,0.000000,-0.016644,0.001944,0.055730,0.7954,-1.7792,-1.8895,-0.5685,0.1034,0.1787
33.1689,-1.443053,-1.485246,1.361700,-2.035443,-1.736483,3.087794,0.291804,0.010726,0.000000,-0.012594,0.005950,0.054136,0.5456,-1.7543,-1.9195,-0.6288,0.0316,0.2099
33.1790,-1.440306,-1.485118,1.361688,-2.035583,-1.736530,3.088330,0.270570,0.013249,0.000000,-0.015095,0.000397,0.052873,0.6322,-1.9089,-1.9999,-0.6266,0.0990,0.1790
33.1889,-1.437678,-1.484998,1.361704,-2.035742,-1.736494,3.088849,0.257706,0.016417,0.000000,-0.017206,0.004407,0.049406,1.0551,-1.7342,-2.2028,-0.6436,0.1030,0.1786
33.1989,-1.435195,-1.484812,1.361665,-2.035970,-1.736470,3.089286,0.231707,0.018248,-0.001513,-0.019768,0.001594,0.044740,0.2404,-1.7296,-2.2932,-0.6011,0.0889,0.1728
33.2092,-1.432992,-1.484644,1.361680,-2.036138,-1.736429,3.089737,0.221713,0.017320,-0.002459,-0.017472,0.006444,0.037232,0.8348,-1.6344,-2.5165,-0.6113,0.1042,0.1996
33.2191,-1.430819,-1.484476,1.361648,-2.036334,-1.736485,3.090058,0.204720,0.018783,-0.004557,-0.019558,0.001221,0.033278,0.7383,-1.5389,-2.5270,-0.5866,0.1233,0.1549
33.2293,-1.428754,-1.484272,1.361600,-2.036525,-1.736358,3.090385,0.204068,0.022428,-0.006273,-0.018771,0.007796,0.029098,0.8613,-1.5701,-2.5309,-0.5704,0.0755,0.1734
33.2390,-1.426811,-1.484021,1.361521,-2.036709,-1.736354,3.090689,0.189186,0.025818,-0.005716,-0.015879,0.001507,0.024738,0.9550,-1.6371,-2.6721,-0.5552,0.1205,0.1631
33.2491,-1.424957,-1.483753,1.361461,-2.036841,-1.736330,3.090917,0.192635,0.028784,-0.004481,-0.014082,0.003393,0.021364,1.3828,-1.5193,-2.5918,-0.5891,0.1712,0.1522
33.2591,-1.423035,-1.483466,1.361432,-2.037048,-1.736346,3.091093,0.185383,0.029748,-0.004624,-0.015992,0.001345,0.016909,0.7761,-1.5823,-2.5349,-0.5473,0.1108,0.1622
33.2689,-1.421210,-1.483154,1.361389,-2.037131,-1.736298,3.091226,0.180177,0.034387,-0.001578,-0.012176,0.003685,0.013561,1.3281,-1.5657,-2.4876,-0.5603,0.1303,0.1679
33.2792,-1.419467,-1.482795,1.361377,-2.037275,-1.736326,3.091322,0.181579,0.035012,-0.000547,-0.010945,0.001284,0.011008,1.3539,-1.5861,-2.3853,-0.5293,0.1473,0.1577
33.2889,-1.417677,-1.482416,1.361417,-2.037340,-1.736270,3.091469,0.183795,0.036746,0.000220,-0.010353,0.003137,0.007636,1.2429,-1.5235,-2.2333,-0.5553,0.1378,0.1649
33.2990,-1.415868,-1.481997,1.361417,-2.037448,-1.736262,3.091502,0.177735,0.039943,0.000993,-0.008536,0.001587,0.005607,0.5989,-1.7183,-2.1539,-0.5480,0.1144,0.1550
33.3090,-1.414145,-1.481593,1.361425,-2.037507,-1.736219,3.091530,0.187638,0.043291,0.003290,-0.003556,0.003310,0.002368,1.4851,-1.7102,-2.0329,-0.5873,0.1795,0.1483
33.3188,-1.412311,-1.481162,1.361457,-2.037540,-1.736250,3.091554,0.184155,0.043580,0.001232,-0.005147,0.001575,0.001714,0.9793,-1.7185,-1.9777,-0.5650,0.1777,0.1264
33.3289,-1.410482,-1.480737,1.361430,-2.037584,-1.736154,3.091566,0.183828,0.045158,0.001526,-0.005743,0.007820,0.000726,1.0935,-1.7226,-1.8864,-0.5699,0.1217,0.0766
33.3391,-1.408669,-1.480298,1.361468,-2.037635,-1.736114,3.091569,0.178475,0.044011,0.001127,-0.003801,0.006395,0.000039,1.0766,-1.8191,-1.8938,-0.5993,0.1637,0.0402
33.3490,-1.406890,-1.479844,1.361473,-2.037699,-1.736058,3.091511,0.191967,0.042518,0.002300,-0.005308,0.012984,-0.003974,1.6795,-1.7044,-1.7503,-0.5813,0.1898,-0.0024
33.3589,-1.404940,-1.479428,1.361524,-2.037770,-1.735907,3.091506,0.186406,0.043015,0.002452,-0.006061,0.008997,-0.006544,0.8064,-1.8333,-1.6061,-0.5669,0.1504,-0.0451
33.3690,-1.403090,-1.479024,1.361576,-2.037796,-1.735823,3.091442,0.182186,0.041820,0.005079,-0.004539,0.010471,-0.006880,0.7803,-1.8244,-1.6128,-0.6037,0.1237,-0.0665
33.3790,-1.401323,-1.478589,1.361640,-2.037807,-1.735786,3.091386,0.171665,0.039123,0.007447,-0.003116,0.008039,-0.007859,1.0717,-1.7881,-1.5195,-0.5897,0.1794,-0.0850
33.3889,-1.399522,-1.478202,1.361727,-2.037843,-1.735650,3.091288,0.179709,0.038129,0.012854,-0.003216,0.010860,-0.010781,1.0327,-1.6522,-1.3346,-0.5766,0.1677,-0.0752
33.3989,-1.397741,-1.477858,1.361855,-2.037875,-1.735555,3.091199,0.166385,0.037141,0.014041,-0.004287,0.006071,-0.012342,0.6446,-1.7883,-1.4653,-0.5513,0.1313,-0.0814
33.4090,-1.396117,-1.477506,1.362003,-2.037922,-1.735455,3.091130,0.163975,0.036182,0.017378,-0.002257,0.007742,-0.012228,1.1096,-1.7404,-1.2271,-0.5915,0.1466,-0.0903
33.4191,-1.394507,-1.477139,1.362179,-2.037963,-1.735462,3.091022,0.156213,0.033728,0.021268,-0.004672,0.005543,-0.012868,0.7748,-1.8266,-1.2168,-0.5452,0.1551,-0.0916
33.4288,-1.392969,-1.476831,1.362430,-2.037991,-1.735311,3.090938,0.153713,0.032995,0.031501,-0.001353,0.008501,-0.014205,1.0341,-1.7389,-1.0643,-0.5686,0.1442,-0.1073
33.4390,-1.391491,-1.476563,1.362809,-2.037995,-1.735334,3.090870,0.147401,0.029957,0.040629,-0.003176,0.003974,-0.014430,1.0560,-1.8333,-1.1134,-0.5489,0.1846,-0.1124
33.4491,-1.390028,-1.476252,1.363225,-2.037999,-1.735251,3.090747,0.152923,0.027572,0.054745,-0.000725,0.007442,-0.014461,1.3153,-1.6104,-0.8929,-0.5535,0.1891,-0.1144
33.4589,-1.388511,-1.476032,1.363848,-2.038067,-1.735246,3.090658,0.151539,0.023201,0.063189,-0.005792,0.004833,-0.013921,0.9874,-1.7168,-0.6845,-0.5052,0.1593,-0.1197
33.4689,-1.387056,-1.475804,1.364539,-2.038039,-1.735151,3.090500,0.149678,0.022761,0.084390,-0.000998,0.006823,-0.012849,1.3771,-1.6719,-0.6992,-0.5242,0.1494,-0.1453
33.4789,-1.385571,-1.475613,1.365480,-2.038079,-1.735116,3.090383,0.147800,0.019465,0.098011,-0.002921,0.002529,-0.010969,1.1897,-1.7662,-0.7119,-0.5196,0.1827,-0.1313
33.4891,-1.384132,-1.475433,1.366516,-2.038079,-1.735035,3.090350,0.148192,0.017579,0.115004,-0.001106,0.005218,-0.007643,1.0836,-1.6929,-0.7472,-0.5199,0.1486,-0.1374
33.4990,-1.382658,-1.475265,1.367738,-2.038103,-1.735027,3.090298,0.140507,0.013140,0.123836,-0.003861,0.003744,-0.005096,0.6126,-1.9261,-0.9383,-0.5533,0.1414,-0.1544
33.5092,-1.381332,-1.475111,1.369067,-2.038088,-1.734948,3.090246,0.141055,0.016624,0.143638,-0.001136,0.007510,-0.003170,1.1760,-1.6718,-0.6834,-0.5089,0.1654,-0.1618
33.5190,-1.379964,-1.475013,1.370556,-2.038143,-1.734979,3.090210,0.135779,0.013054,0.151060,-0.003610,0.002335,-0.003386,0.8547,-1.8683,-0.9396,-0.5225,0.1540,-0.1460
33.5292,-1.378619,-1.474875,1.372086,-2.038119,-1.734899,3.090187,0.133562,0.014451,0.162598,-0.001019,0.004852,-0.003605,0.8812,-1.6635,-1.0765,-0.5529,0.1391,-0.1704
33.5391,-1.377324,-1.474746,1.373724,-2.038147,-1.734907,3.090138,0.127076,0.013559,0.161421,-0.002325,0.001517,-0.005101,0.7252,-1.8495,-1.1456,-0.5935,0.1451,-0.1445
33.5489,-1.376098,-1.474603,1.375315,-2.038159,-1.734844,3.090106,0.128439,0.021310,0.172484,-0.000990,0.003968,-0.006453,1.2383,-1.5450,-0.9000,-0.5674,0.1744,-0.1514
33.5590,-1.374804,-1.474454,1.377088,-2.038231,-1.734878,3.090012,0.123341,0.016765,0.173245,-0.010009,0.001491,-0.006842,0.7276,-1.7396,-1.3037,-0.5602,0.1484,-0.1666
33.5690,-1.373613,-1.474228,1.378769,-2.038242,-1.734793,3.089948,0.117454,0.020771,0.169867,-0.005174,0.003983,-0.008188,0.6321,-1.7030,-1.3719,-0.6569,0.1237,-0.1706
33.5790,-1.372506,-1.474031,1.380467,-2.038342,-1.734796,3.089930,0.109042,0.022328,0.161623,-0.011252,0.001019,-0.007603,0.8108,-1.9812,-1.4972,-0.6021,0.1433,-0.1654
33.5889,-1.371372,-1.473800,1.382084,-2.038437,-1.734767,3.089866,0.110581,0.024646,0.161141,-0.006992,0.002996,-0.006792,0.9312,-1.7025,-1.2029,-0.6240,0.1420,-0.1631
33.5992,-1.370301,-1.473533,1.383718,-2.038514,-1.734755,3.089807,0.101823,0.022009,0.151281,-0.013547,0.001729,-0.005499,0.7000,-1.9277,-1.4851,-0.6076,0.1187,-0.1472
33.6090,-1.369303,-1.473320,1.385169,-2.038586,-1.734703,3.089743,0.098599,0.026452,0.145158,-0.008163,0.001770,-0.006232,0.7120,-1.7569,-1.2716,-0.6795,0.1275,-0.1447
33.6190,-1.368344,-1.473041,1.386556,-2.038754,-1.734723,3.089710,0.090321,0.025484,0.137797,-0.015988,0.000966,-0.006012,0.6788,-1.9664,-1.2733,-0.6284,0.1333,-0.1640
33.6289,-1.367457,-1.472797,1.387923,-2.038913,-1.734688,3.089640,0.085731,0.028503,0.136807,-0.018583,0.000797,-0.004794,0.8482,-1.7794,-1.1548,-0.6305,0.1389,-0.1817
33.6389,-1.366638,-1.472526,1.389312,-2.039165,-1.734696,3.089607,0.075687,0.024517,0.129633,-0.028525,0.001146,-0.003592,0.7165,-1.9365,-1.3908,-0.6232,0.1169,-0.1760
33.6491,-1.365886,-1.472286,1.390544,-2.039415,-1.734691,3.089575,0.073588,0.028726,0.131894,-0.029924,0.000740,-0.004943,0.7128,-1.6185,-1.1174,-0.7128,0.1313,-0.1810
33.6591,-1.365179,-1.472003,1.391835,-2.039945,-1.734680,3.089518,0.065594,0.027333,0.127689,-0.050253,0.001351,-0.006833,0.6685,-1.8613,-1.3479,-0.6460,0.1217,-0.1799
33.6690,-1.364560,-1.471716,1.393102,-2.040461,-1.734660,3.089419,0.060435,0.029961,0.129304,-0.062307,0.000804,-0.009785,0.7786,-1.5803,-1.1254,-0.6628,0.1447,-0.1913
33.6789,-1.363957,-1.471420,1.394407,-2.041206,-1.734656,3.089320,0.057995,0.040475,0.131938,-0.080783,0.001283,-0.010979,0.5886,-1.4136,-1.3514,-0.6162,0.1471,-0.1798
33.6890,-1.363421,-1.471033,1.395624,-2.042108,-1.734671,3.089224,0.051996,0.052034,0.128974,-0.096742,0.001275,-0.012145,0.7202,-1.1000,-1.0596,-0.7258,0.1422,-0.1828
33.6989,-1.362906,-1.470494,1.396861,-2.043294,-1.734656,3.089111,0.048505,0.058343,0.121364,-0.124702,0.001006,-0.011325,0.6345,-1.4337,-1.1944,-0.6860,0.1279,-0.1868
33.7092,-1.362442,-1.469852,1.398069,-2.044661,-1.734659,3.088968,0.044295,0.098840,0.126909,-0.144776,0.000701,-0.010825,0.7531,-0.1960,-0.9677,-0.6368,0.1686,-0.1861
33.7191,-1.362002,-1.468831,1.399218,-2.046371,-1.734666,3.088861,0.042527,0.119750,0.110561,-0.176065,0.001584,-0.010920,0.7606,-0.6642,-1.1907,-0.6166,0.1188,-0.1419
33.7291,-1.361528,-1.467640,1.400215,-2.048178,-1.734675,3.088753,0.042433,0.150149,0.103531,-0.192968,0.000543,-0.011220,0.7512,0.0340,-1.2708,-0.6429,0.1457,-0.1706
33.7390,-1.361103,-1.465976,1.401162,-2.050248,-1.734648,3.088660,0.045661,0.175094,0.085569,-0.214571,0.001011,-0.010457,0.7561,-0.0408,-1.3261,-0.6136,0.1521,-0.1857
33.7490,-1.360609,-1.463981,1.401916,-2.052433,-1.734585,3.088564,0.051129,0.249587,0.081757,-0.227168,0.004409,-0.011592,0.9738,0.8091,-0.9227,-0.6389,0.2077,-0.1660
33.7590,-1.360073,-1.461418,1.402597,-2.054937,-1.734604,3.088428,0.059056,0.257793,0.057944,-0.261420,0.004590,-0.013116,1.0489,-0.2926,-1.3425,-0.5711,0.1709,-0.1695
33.7690,-1.359427,-1.458667,1.403117,-2.057431,-1.734541,3.088350,0.064941,0.286311,0.048857,-0.258420,0.008559,-0.014527,0.9698,-0.3691,-1.4648,-0.6396,0.1965,-0.1847
33.7790,-1.358740,-1.455584,1.403532,-2.060012,-1.734443,3.088168,0.070592,0.299547,0.036320,-0.259094,0.009518,-0.015359,1.0961,-0.5547,-1.5008,-0.6861,0.1557,-0.1831
33.7888,-1.358025,-1.452326,1.403848,-2.062693,-1.734396,3.088019,0.081846,0.335133,0.031499,-0.266709,0.010164,-0.017686,1.3139,-0.0335,-1.1461,-0.6114,0.2086,-0.1781
33.7989,-1.357155,-1.448921,1.404128,-2.065369,-1.734237,3.087790,0.089976,0.318909,0.018412,-0.277588,0.009053,-0.020318,1.1696,-1.4544,-1.7159,-0.6047,0.1538,-0.1733
33.8089,-1.356220,-1.445624,1.404348,-2.067981,-1.734169,3.087586,0.104275,0.325943,0.018322,-0.263764,0.009582,-0.023663,1.5643,-2.0264,-1.9736,-0.7655,0.1738,-0.2002
33.8189,-1.355198,-1.442400,1.404492,-2.070644,-1.734128,3.087343,0.111354,0.308847,0.010907,-0.263349,0.005300,-0.025330,1.3676,-3.1907,-2.2766,-0.7643,0.1394,-0.1979
33.8289,-1.354044,-1.439510,1.404533,-2.073330,-1.734077,3.087070,0.126450,0.283742,0.003299,-0.259101,0.003003,-0.029759,1.6741,-2.0734,-1.9133,-0.6679,0.1682,-0.2023
33.8389,-1.352739,-1.436776,1.404549,-2.075828,-1.734080,3.086802,0.134815,0.255988,-0.000612,-0.255457,0.001272,-0.031083,1.4355,-3.1767,-2.3437,-0.7082,0.1192,-0.2146
33.8491,-1.351369,-1.434397,1.404553,-2.078309,-1.734045,3.086454,0.147368,0.227917,0.000849,-0.260078,0.000624,-0.033295,1.6173,-3.2776,-2.4352,-0.8137,0.1392,-0.2361
33.8590,-1.349930,-1.432297,1.404533,-2.080961,-1.734084,3.086044,0.147830,0.196642,-0.000000,-0.263757,0.001424,-0.036997,1.3199,-3.7176,-2.5161,-0.7614,0.1321,-0.2132
33.8693,-1.348424,-1.430522,1.404529,-2.083638,-1.734020,3.085676,0.155247,0.160613,-0.000890,-0.269601,0.004285,-0.038250,1.5470,-2.9330,-2.2704,-0.7263,0.1551,-0.2212
33.8790,-1.346894,-1.429009,1.404533,-2.086317,-1.733992,3.085271,0.153592,0.135363,-0.000000,-0.279519,0.002430,-0.040351,1.2713,-3.1782,-2.3352,-0.7060,0.1684,-0.1819
33.8893,-1.345384,-1.427776,1.404564,-2.089090,-1.733908,3.084853,0.154229,0.112816,-0.000000,-0.286531,0.005519,-0.039341,1.1318,-3.1215,-2.1796,-0.7598,0.1554,-0.1863
33.8990,-1.343883,-1.426733,1.404556,-2.091999,-1.733869,3.084492,0.145605,0.090887,0.000380,-0.290123,0.005595,-0.037729,0.7176,-3.2271,-2.1591,-0.6691,0.1295,-0.1804
33.9090,-1.342472,-1.425920,1.404533,-2.094899,-1.733809,3.084081,0.136662,0.084930,0.000275,-0.290524,0.006178,-0.036015,1.1198,-2.6855,-1.8742,-0.7379,0.1424,-0.2051
33.9189,-1.341141,-1.425180,1.404533,-2.097890,-1.733793,3.083759,0.124671,0.075868,0.000449,-0.296079,0.004284,-0.035016,0.6898,-2.6650,-1.7846,-0.6762,0.1639,-0.1861
33.9292,-1.339922,-1.424477,1.404540,-2.100872,-1.733702,3.083412,0.113411,0.069435,0.000391,-0.291958,0.005936,-0.034159,0.5640,-2.1556,-1.7190,-0.6164,0.1364,-0.1918
33.9390,-1.338852,-1.423841,1.404527,-2.103745,-1.733657,3.083053,0.097394,0.068468,0.000379,-0.278171,0.005270,-0.033774,0.3414,-1.3795,-1.5218,-0.5136,0.1580,-0.1857
33.9490,-1.337921,-1.423079,1.404508,-2.106526,-1.733594,3.082726,0.084532,0.111260,0.004903,-0.258748,0.005450,-0.031514,0.5727,-0.7671,-1.0606,-0.5589,0.1767,-0.2160
33.9591,-1.337145,-1.422063,1.404466,-2.109155,-1.733632,3.082369,0.073713,0.113472,0.000000,-0.251459,0.003598,-0.031464,0.5985,-1.0837,-1.4950,-0.4885,0.1476,-0.1990
33.9692,-1.336398,-1.420899,1.404520,-2.111528,-1.733528,3.082090,0.067258,0.133396,0.001509,-0.227454,0.006406,-0.031285,0.3871,-0.5940,-1.5096,-0.4989,0.1404,-0.1619
33.9793,-1.335767,-1.419480,1.404508,-2.113654,-1.733450,3.081836,0.057411,0.158079,0.001441,-0.208921,0.005722,-0.027998,0.2690,1.3008,-1.0008,-0.3902,0.1308,-0.1661
33.9896,-1.335240,-1.417544,1.404524,-2.115650,-1.733450,3.081542,0.051942,0.244888,0.002196,-0.178631,0.005333,-0.024418,0.4630,0.8197,-0.5080,-0.4291,0.1812,-0.1738
33.9991,-1.334712,-1.415102,1.404505,-2.117461,-1.733441,3.081318,0.053188,0.248228,-0.001394,-0.180824,0.002207,-0.021621,0.6415,-0.1151,-1.2699,-0.4242,0.1658,-0.1742
34.0090,-1.334164,-1.412400,1.404565,-2.119054,-1.733412,3.081130,0.051842,0.298752,0.010064,-0.153027,0.005997,-0.019265,0.4073,0.5362,-1.6175,-0.4934,0.1321,-0.1553
34.0192,-1.333657,-1.409311,1.404553,-2.120573,-1.733337,3.080958,0.048408,0.311069,0.000028,-0.150730,0.002834,-0.015737,0.5710,-0.5779,-1.8031,-0.5017,0.1138,-0.1650
34.0290,-1.333202,-1.406148,1.404572,-2.121969,-1.733389,3.080811,0.043687,0.337944,0.001679,-0.127710,0.000805,-0.013725,0.7338,0.0965,-1.5028,-0.4333,0.1650,-0.1505
34.0393,-1.332723,-1.402667,1.404596,-2.123055,-1.733289,3.080683,0.043778,0.336561,-0.001474,-0.112909,0.004103,-0.012093,0.6286,-1.0750,-1.7487,-0.5801,0.1103,-0.1686
34.0491,-1.332303,-1.399175,1.404636,-2.124100,-1.733286,3.080562,0.037353,0.357393,0.001772,-0.102656,0.001114,-0.011604,0.5935,-1.5302,-1.4952,-0.5578,0.1189,-0.1820
34.0592,-1.331959,-1.395541,1.404688,-2.125054,-1.733249,3.080446,0.034512,0.337176,0.004480,-0.099624,0.001849,-0.011886,0.6429,-2.9120,-1.9692,-0.6756,0.1000,-0.1741
34.0692,-1.331663,-1.392209,1.404740,-2.126088,-1.733265,3.080333,0.029678,0.316442,0.007545,-0.101203,0.000798,-0.013176,0.6022,-1.8071,-1.5484,-0.5742,0.1239,-0.1757
34.0793,-1.331372,-1.389021,1.404851,-2.127008,-1.733221,3.080185,0.033006,0.291026,0.009409,-0.097963,0.003810,-0.013142,0.7590,-2.6785,-1.7505,-0.6471,0.1044,-0.1817
34.0891,-1.331085,-1.386177,1.404956,-2.127942,-1.733217,3.080062,0.033502,0.270429,0.012381,-0.098347,0.001406,-0.012471,0.9898,-3.1209,-1.8585,-0.6815,0.1246,-0.1644
34.0992,-1.330768,-1.383616,1.405068,-2.128944,-1.733198,3.079926,0.034382,0.237318,0.012970,-0.099723,0.001328,-0.010503,1.0697,-3.8743,-2.0752,-0.7377,0.1184,-0.1799
34.1091,-1.330362,-1.381452,1.405235,-2.129935,-1.733193,3.079854,0.053131,0.210043,0.013371,-0.109668,0.003667,-0.005953,1.4034,-2.5445,-1.7496,-0.7173,0.1429,-0.1804
34.1191,-1.329804,-1.379499,1.405371,-2.131141,-1.733201,3.079838,0.064171,0.187541,0.009316,-0.123554,0.001417,-0.003392,1.4668,-3.2001,-1.9848,-0.7014,0.1570,-0.1743
34.1292,-1.329093,-1.377783,1.405388,-2.132353,-1.733141,3.079829,0.079538,0.166798,0.005590,-0.126718,0.002641,-0.001935,1.5600,-2.9887,-1.9855,-0.7103,0.1435,-0.1659
34.1391,-1.328239,-1.376299,1.405435,-2.133718,-1.733181,3.079794,0.091792,0.147113,0.002265,-0.136034,0.000870,-0.001113,1.6113,-2.6321,-2.0850,-0.6675,0.1350,-0.1387
34.1490,-1.327216,-1.374920,1.405380,-2.135203,-1.733212,3.079787,0.125048,0.152215,0.000000,-0.149708,0.000751,-0.000675,2.1140,-2.0046,-1.9888,-0.6520,0.1939,-0.1431
34.1591,-1.325908,-1.373491,1.405359,-2.136854,-1.733253,3.079790,0.134042,0.140680,-0.007871,-0.167170,0.000562,-0.000459,1.7108,-2.2950,-2.3334,-0.6504,0.0593,-0.1258
34.1693,-1.324506,-1.372129,1.405268,-2.138529,-1.733189,3.079809,0.150973,0.138364,-0.007795,-0.171638,-0.000207,-0.000348,1.6313,-2.2361,-2.5672,-0.6452,0.0128,-0.1307
34.1791,-1.322983,-1.370792,1.405176,-2.140275,-1.733241,3.079790,0.153285,0.144683,-0.009262,-0.175096,-0.003109,-0.000280,1.1732,-1.3600,-2.6202,-0.6688,-0.0179,-0.1191
34.1890,-1.321437,-1.369291,1.405041,-2.142176,-1.733229,3.079790,0.159651,0.177072,-0.011109,-0.187998,-0.003753,-0.000235,1.5869,-1.2280,-2.5039,-0.6073,-0.0529,-0.1138
34.1988,-1.319843,-1.367539,1.404860,-2.144127,-1.733329,3.079775,0.154271,0.170933,-0.021833,-0.198780,-0.010009,-0.000202,1.2088,-1.9050,-2.6597,-0.5603,-0.0811,-0.1006
34.2089,-1.318332,-1.365799,1.404618,-2.146001,-1.733333,3.079790,0.147856,0.188468,-0.019438,-0.191412,-0.006100,-0.000177,0.9030,-1.1576,-2.8012,-0.6421,-0.1109,-0.1054
34.2189,-1.316893,-1.363826,1.404402,-2.147972,-1.733393,3.079787,0.136052,0.193073,-0.027558,-0.205880,-0.008363,-0.000138,0.5554,-1.7494,-3.0545,-0.5955,-0.1454,-0.1105
34.2291,-1.315650,-1.361814,1.404105,-2.150014,-1.733430,3.079766,0.118582,0.205948,-0.035890,-0.202411,-0.009244,-0.000124,0.8571,-1.3030,-2.7966,-0.5924,-0.0974,-0.1064
34.2390,-1.314463,-1.359584,1.403715,-2.152009,-1.733501,3.079787,0.105481,0.211579,-0.042268,-0.204172,-0.009412,-0.000113,0.3042,-1.7753,-2.9563,-0.5705,-0.1540,-0.0738
34.2489,-1.313472,-1.357400,1.403292,-2.153930,-1.733556,3.079794,0.090161,0.231099,-0.044115,-0.196145,-0.006728,-0.000104,0.1683,-1.2571,-3.1393,-0.6389,-0.1444,-0.0804
34.2588,-1.312649,-1.355068,1.402772,-2.156008,-1.733605,3.079790,0.074599,0.228737,-0.055015,-0.201312,-0.009015,-0.000096,0.3044,-2.2451,-3.4226,-0.6366,-0.1512,-0.0895
34.2692,-1.311996,-1.352800,1.402162,-2.157929,-1.733695,3.079787,0.059313,0.231834,-0.067909,-0.197446,-0.007692,-0.000089,0.2085,-1.5542,-2.9985,-0.6319,-0.1434,-0.0678
34.2789,-1.311445,-1.350505,1.401474,-2.159901,-1.733692,3.079794,0.044923,0.235948,-0.069747,-0.189761,-0.006186,-0.000024,-0.0347,-1.7698,-3.1504,-0.6737,-0.1897,-0.0915
34.2890,-1.311096,-1.348178,1.400790,-2.161836,-1.733768,3.079809,0.032252,0.239288,-0.073341,-0.192688,-0.007237,-0.000034,0.1112,-1.9296,-3.1206,-0.6068,-0.1721,-0.1291
34.2989,-1.310802,-1.345905,1.400004,-2.163750,-1.733856,3.079775,0.024521,0.226557,-0.074979,-0.187562,-0.006851,-0.001254,0.2421,-2.4745,-3.2409,-0.6389,-0.1837,-0.1899
34.3087,-1.310608,-1.343772,1.399257,-2.165624,-1.733927,3.079742,0.016937,0.232555,-0.069841,-0.190359,-0.005810,-0.006042,0.0749,-1.2579,-2.8431,-0.6234,-0.1438,-0.2134
34.3189,-1.310504,-1.341525,1.398588,-2.167610,-1.733940,3.079658,0.009589,0.219084,-0.067847,-0.201376,-0.005508,-0.011445,0.1532,-1.9958,-3.0554,-0.6411,-0.1593,-0.2058
34.3291,-1.310449,-1.339385,1.397913,-2.169688,-1.734016,3.079507,0.003098,0.216849,-0.062318,-0.204391,-0.005605,-0.014334,0.1110,-2.0477,-2.8752,-0.6011,-0.1452,-0.2079
34.3391,-1.310448,-1.337253,1.397326,-2.171730,-1.734059,3.079363,0.000571,0.205565,-0.057451,-0.208983,-0.004039,-0.014567,0.0894,-2.0485,-2.7512,-0.6530,-0.1541,-0.2068
34.3488,-1.310515,-1.335189,1.396787,-2.173895,-1.734104,3.079211,-0.003651,0.217871,-0.043834,-0.225972,-0.004435,-0.017607,-0.0210,-1.5107,-2.5284,-0.6853,-0.1246,-0.2003
34.3590,-1.310501,-1.333052,1.396370,-2.176283,-1.734147,3.079027,-0.001351,0.200564,-0.039513,-0.249317,-0.004371,-0.020969,0.0582,-2.1700,-2.6693,-0.5853,-0.1483,-0.2013
34.3688,-1.310528,-1.330977,1.396035,-2.178698,-1.734157,3.078815,-0.002007,0.194969,-0.028049,-0.245183,-0.003579,-0.024584,0.0174,-2.4101,-2.7926,-0.6617,-0.1357,-0.1901
34.3790,-1.310535,-1.329028,1.395826,-2.181128,-1.734188,3.078556,-0.000393,0.186199,-0.020520,-0.246682,-0.002909,-0.026874,-0.0576,-2.3816,-2.7962,-0.7464,-0.1404,-0.1751
34.3889,-1.310537,-1.327149,1.395686,-2.183680,-1.734181,3.078287,-0.002337,0.187130,-0.012034,-0.267453,-0.002348,-0.029307,-0.0468,-2.3242,-2.6203,-0.6732,-0.1547,-0.1982
34.3991,-1.310576,-1.325319,1.395574,-2.186367,-1.734240,3.077957,-0.000938,0.168933,-0.007424,-0.275546,-0.003182,-0.030711,0.0928,-2.7975,-2.7753,-0.6710,-0.1484,-0.2083
34.4091,-1.310564,-1.323655,1.395559,-2.189109,-1.734275,3.077614,-0.000000,0.164092,0.000182,-0.279464,-0.002429,-0.034308,-0.2390,-2.5510,-2.5299,-0.6905,-0.1676,-0.1869
34.4190,-1.310619,-1.322077,1.395578,-2.191944,-1.734288,3.077261,-0.001591,0.150585,0.001222,-0.279370,-0.003227,-0.034514,-0.1985,-2.8374,-2.4567,-0.7447,-0.1635,-0.2101
34.4290,-1.310655,-1.320646,1.395625,-2.194822,-1.734292,3.076874,-0.004613,0.144727,0.004126,-0.285820,-0.002271,-0.038907,-0.4551,-2.4638,-2.2012,-0.7171,-0.1475,-0.1868
34.4391,-1.310688,-1.319288,1.395592,-2.197702,-1.734320,3.076497,-0.007080,0.137649,0.002868,-0.286014,-0.001954,-0.039617,-0.4444,-2.7086,-2.1178,-0.6647,-0.1569,-0.1902
34.4490,-1.310788,-1.317991,1.395638,-2.200548,-1.734360,3.076079,-0.011308,0.138340,0.002001,-0.284362,-0.002437,-0.039863,-0.5189,-2.0578,-1.8010,-0.6507,-0.1461,-0.2195
34.4590,-1.310880,-1.316642,1.395654,-2.203406,-1.734329,3.075675,-0.011013,0.134178,0.001576,-0.286636,-0.001070,-0.040830,-0.4729,-2.5808,-2.0236,-0.5987,-0.1586,-0.1891
34.4691,-1.310957,-1.315412,1.395654,-2.206144,-1.734352,3.075276,-0.011854,0.130487,0.000238,-0.270330,-0.002225,-0.038920,-0.6095,-1.9259,-1.8389,-0.6091,-0.1341,-0.1908
34.4789,-1.311092,-1.314158,1.395646,-2.208758,-1.734375,3.074880,-0.010487,0.132441,0.000472,-0.262969,-0.001204,-0.038100,-0.5640,-1.9047,-1.9901,-0.6782,-0.1709,-0.1767
34.4888,-1.311188,-1.312856,1.395654,-2.211434,-1.734388,3.074515,-0.011098,0.136718,-0.000151,-0.267483,-0.003804,-0.034440,-0.5437,-1.9897,-1.9673,-0.6243,-0.1637,-0.1919
34.4990,-1.311260,-1.311556,1.395631,-2.214064,-1.734443,3.074171,-0.008033,0.132565,-0.000000,-0.264473,-0.006287,-0.035183,-0.4569,-2.3659,-2.2311,-0.5827,-0.1646,-0.1682
34.5090,-1.311343,-1.310205,1.395642,-2.216617,-1.734512,3.073808,-0.010694,0.151311,0.001202,-0.254969,-0.008953,-0.034475,-0.7211,-1.3334,-2.0904,-0.6207,-0.1690,-0.1756
34.5190,-1.311427,-1.308705,1.395587,-2.219175,-1.734587,3.073442,-0.008259,0.156645,-0.003235,-0.251206,-0.008366,-0.031100,-0.6560,-1.7971,-2.3260,-0.6342,-0.1893,-0.1737
34.5294,-1.311507,-1.307146,1.395566,-2.221752,-1.734676,3.073129,-0.009412,0.162374,-0.003336,-0.246032,-0.010136,-0.031337,-0.7269,-1.7311,-2.4900,-0.5506,-0.1732,-0.1626
34.5390,-1.311587,-1.305507,1.395535,-2.224139,-1.734747,3.072864,-0.007811,0.164373,-0.005571,-0.236817,-0.008604,-0.028400,-0.7024,-1.8044,-2.6926,-0.5600,-0.1926,-0.1685
34.5489,-1.311686,-1.303772,1.395482,-2.226388,-1.734870,3.072581,-0.011747,0.191133,-0.005545,-0.218927,-0.009821,-0.025959,-0.9030,-1.1893,-2.6188,-0.5511,-0.1791,-0.1970
34.5592,-1.311767,-1.301862,1.395383,-2.228594,-1.734954,3.072344,-0.009946,0.184004,-0.012406,-0.214427,-0.009074,-0.023667,-0.6419,-1.9995,-2.8797,-0.5443,-0.1756,-0.1827
34.5691,-1.311898,-1.299904,1.395236,-2.230640,-1.735039,3.072124,-0.009827,0.189241,-0.013209,-0.198803,-0.009565,-0.022253,-0.6954,-2.1364,-2.8728,-0.5372,-0.1667,-0.1742
34.5791,-1.311967,-1.297962,1.395131,-2.232507,-1.735099,3.071920,-0.011219,0.187253,-0.012930,-0.177044,-0.006630,-0.020009,-0.8401,-1.9896,-2.8105,-0.5723,-0.1978,-0.1563
34.5889,-1.312134,-1.296046,1.394996,-2.234190,-1.735194,3.071792,-0.017537,0.203085,-0.011208,-0.164924,-0.008214,-0.017284,-0.8215,-2.0751,-2.7507,-0.5999,-0.1849,-0.1430
34.5989,-1.312263,-1.294031,1.394864,-2.235776,-1.735247,3.071584,-0.016698,0.189267,-0.015574,-0.159208,-0.007684,-0.014145,-0.6511,-2.7827,-3.0545,-0.6188,-0.1856,-0.1605
34.6091,-1.312437,-1.292130,1.394736,-2.237264,-1.735307,3.071480,-0.021159,0.189249,-0.015002,-0.149143,-0.006655,-0.012617,-0.8325,-2.3781,-3.0558,-0.5907,-0.1800,-0.1463
34.6190,-1.312653,-1.290298,1.394564,-2.238705,-1.735327,3.071368,-0.023055,0.179397,-0.017831,-0.139080,-0.005636,-0.009911,-0.7218,-2.8919,-3.1751,-0.5828,-0.2110,-0.1577
34.6291,-1.312905,-1.288547,1.394372,-2.240011,-1.735427,3.071304,-0.029684,0.170991,-0.017770,-0.128042,-0.007157,-0.007111,-0.9197,-2.2818,-2.9591,-0.6132,-0.1617,-0.1518
34.6389,-1.313196,-1.286876,1.394229,-2.241260,-1.735435,3.071224,-0.028906,0.155918,-0.017740,-0.122071,-0.004490,-0.006481,-0.8587,-2.8234,-3.1313,-0.5847,-0.1940,-0.1428
34.6493,-1.313535,-1.285427,1.394072,-2.242336,-1.735499,3.071173,-0.037766,0.148893,-0.015862,-0.104644,-0.005421,-0.005770,-1.0517,-3.0719,-3.0674,-0.6007,-0.1854,-0.1388
34.6589,-1.313916,-1.284031,1.393893,-2.243290,-1.735534,3.071156,-0.039343,0.130860,-0.015994,-0.095663,-0.004289,-0.004476,-0.7441,-3.2278,-3.1982,-0.5957,-0.1900,-0.1697
34.6689,-1.314346,-1.282850,1.393772,-2.244178,-1.735575,3.071105,-0.042749,0.112354,-0.015265,-0.080316,-0.005080,-0.003510,-1.0710,-2.6078,-3.0195,-0.5466,-0.2028,-0.1629
34.6790,-1.314802,-1.281796,1.393629,-2.244887,-1.735591,3.071076,-0.042003,0.100167,-0.014619,-0.065747,-0.002754,-0.005737,-0.9532,-3.0568,-3.1385,-0.5612,-0.1852,-0.1648
34.6891,-1.315245,-1.280878,1.393477,-2.245468,-1.735670,3.070981,-0.046245,0.088302,-0.014330,-0.054722,-0.004159,-0.008420,-0.8220,-2.9318,-3.1334,-0.5702,-0.1800,-0.1577
34.6989,-1.315685,-1.280108,1.393361,-2.245969,-1.735687,3.070890,-0.044315,0.076749,-0.015239,-0.046310,-0.002641,-0.010913,-0.6807,-3.0746,-3.1519,-0.5869,-0.1684,-0.1625
34.7090,-1.316125,-1.279453,1.393158,-2.246401,-1.735716,3.070804,-0.045712,0.066967,-0.017496,-0.043120,-0.003889,-0.012871,-0.9729,-2.6715,-3.0458,-0.6016,-0.1751,-0.1671
34.7192,-1.316552,-1.278823,1.392986,-2.246813,-1.735723,3.070642,-0.043713,0.059581,-0.019891,-0.043170,-0.002238,-0.013228,-0.7623,-2.7354,-3.0411,-0.5978,-0.1835,-0.1534
34.7292,-1.317019,-1.278272,1.392770,-2.247234,-1.735771,3.070572,-0.042715,0.054410,-0.021369,-0.045138,-0.003685,-0.011921,-0.8031,-2.7141,-3.0388,-0.5852,-0.1553,-0.1550
34.7392,-1.317419,-1.277750,1.392535,-2.247694,-1.735814,3.070445,-0.039937,0.051404,-0.022803,-0.046953,-0.001967,-0.011939,-0.8552,-2.3029,-2.9095,-0.5873,-0.1808,-0.1594
34.7491,-1.317854,-1.277220,1.392330,-2.248150,-1.735831,3.070332,-0.045762,0.070063,-0.020546,-0.048622,-0.002952,-0.011787,-1.0281,-2.1011,-2.8521,-0.5727,-0.1669,-0.1613
34.7589,-1.318313,-1.276558,1.392031,-2.248739,-1.735858,3.070221,-0.044171,0.068428,-0.025385,-0.058728,-0.001465,-0.011359,-0.6795,-2.3293,-2.8649,-0.5824,-0.1706,-0.1572
34.7689,-1.318674,-1.275919,1.391792,-2.249355,-1.735895,3.070081,-0.043646,0.074186,-0.024213,-0.060969,-0.002670,-0.010911,-0.8514,-2.0847,-2.7753,-0.5736,-0.1503,-0.1585
34.7789,-1.319076,-1.275130,1.391559,-2.249982,-1.735863,3.069967,-0.040068,0.083231,-0.024434,-0.066019,-0.001031,-0.010281,-0.9032,-1.2207,-2.5454,-0.5550,-0.1507,-0.1612
34.7892,-1.319496,-1.274173,1.391300,-2.250749,-1.735887,3.069897,-0.042698,0.119651,-0.018609,-0.072996,-0.000779,-0.008668,-0.9748,-1.3474,-2.5423,-0.5355,-0.1581,-0.1611
34.7990,-1.319879,-1.272973,1.391065,-2.251578,-1.735880,3.069837,-0.036579,0.120181,-0.023134,-0.088733,-0.001434,-0.007500,-0.7975,-1.8016,-2.6834,-0.5487,-0.1777,-0.1704
34.8092,-1.320185,-1.271650,1.390868,-2.252436,-1.735915,3.069784,-0.037182,0.152914,-0.014856,-0.082819,-0.001400,-0.006080,-1.0525,-0.9318,-2.3881,-0.5425,-0.1529,-0.1600
34.8190,-1.320571,-1.270043,1.390724,-2.253403,-1.735902,3.069679,-0.035141,0.161931,-0.016286,-0.095269,-0.000717,-0.005105,-0.8362,-1.1744,-2.4090,-0.5419,-0.1688,-0.1709
34.8288,-1.320919,-1.268194,1.390576,-2.254345,-1.735938,3.069641,-0.038048,0.198881,-0.007999,-0.096615,-0.003092,-0.005161,-0.9515,-0.9049,-2.3182,-0.5278,-0.1302,-0.1722
34.8395,-1.321242,-1.266136,1.390515,-2.255396,-1.735923,3.069628,-0.030936,0.204755,-0.005467,-0.102964,-0.000885,-0.006189,-0.7466,-1.5074,-2.2830,-0.5264,-0.1641,-0.2040
34.8492,-1.321539,-1.263991,1.390503,-2.256425,-1.735962,3.069530,-0.030465,0.228466,0.006819,-0.092482,-0.000696,-0.009202,-0.9448,-1.1875,-1.8567,-0.5431,-0.1455,-0.2141
34.8589,-1.321897,-1.261649,1.390572,-2.257377,-1.735957,3.069419,-0.028532,0.226568,0.008077,-0.095011,-0.000899,-0.014206,-0.6019,-2.2424,-1.8712,-0.6027,-0.1718,-0.2187
34.8692,-1.322141,-1.259324,1.390695,-2.258301,-1.735978,3.069254,-0.026425,0.233931,0.017659,-0.085995,-0.002676,-0.016383,-0.8753,-1.6796,-1.4708,-0.5119,-0.1483,-0.2158
34.8792,-1.322378,-1.256930,1.390879,-2.259015,-1.735931,3.069074,-0.024072,0.236017,0.023055,-0.068068,-0.000364,-0.023514,-0.7785,-2.1774,-1.5842,-0.5634,-0.1468,-0.2343
34.8891,-1.322645,-1.254562,1.391137,-2.259668,-1.735962,3.068792,-0.025239,0.239326,0.025777,-0.055298,-0.000253,-0.037800,-0.5952,-2.4652,-1.5053,-0.6004,-0.1140,-0.2616
34.8990,-1.322845,-1.252287,1.391354,-2.260176,-1.735982,3.068332,-0.019957,0.222131,0.024345,-0.045188,0.000227,-0.053634,-0.5033,-3.2849,-1.7318,-0.6634,-0.0644,-0.2482
34.9089,-1.323048,-1.250102,1.391618,-2.260510,-1.735958,3.067642,-0.019741,0.232495,0.034925,-0.022591,0.002103,-0.086264,-0.7540,-2.0146,-1.1480,-0.5926,-0.0047,-0.2953
34.9192,-1.323225,-1.247902,1.391972,-2.260737,-1.735902,3.066597,-0.016423,0.217864,0.035296,-0.019554,0.003597,-0.121159,-0.5360,-2.8115,-1.3669,-0.5897,0.0322,-0.3321
34.9290,-1.323369,-1.245809,1.392317,-2.260870,-1.735859,3.065242,-0.014810,0.214315,0.043021,-0.004482,0.005328,-0.161291,-0.4882,-2.6333,-1.3405,-0.5087,0.0555,-0.3926
34.9389,-1.323517,-1.243753,1.392772,-2.260839,-1.735803,3.063414,-0.011471,0.197550,0.045183,0.002676,0.008085,-0.197310,-0.4696,-3.2091,-1.3424,-0.3405,0.0369,-0.3542
34.9494,-1.323652,-1.241831,1.393268,-2.260739,-1.735771,3.061202,-0.009880,0.189249,0.058749,0.016362,0.010177,-0.247550,-0.5049,-2.1883,-1.0301,-0.2676,0.0955,-0.4130
34.9591,-1.323713,-1.239981,1.393885,-2.260595,-1.735659,3.058484,-0.006491,0.169430,0.063908,0.010151,0.013182,-0.280447,-0.3626,-3.0117,-1.4883,-0.2612,0.0963,-0.3633
34.9693,-1.323777,-1.238302,1.394621,-2.260443,-1.735519,3.055486,-0.005009,0.155904,0.074489,0.017143,0.013066,-0.300961,-0.4437,-3.3828,-1.4319,-0.2980,0.1078,-0.3003
34.9793,-1.323785,-1.236806,1.395392,-2.260255,-1.735383,3.052334,-0.003389,0.135371,0.076793,0.017049,0.012999,-0.310434,-0.5318,-3.6254,-1.5797,-0.3033,0.1149,-0.2503
34.9893,-1.323833,-1.235531,1.396175,-2.260067,-1.735291,3.049194,-0.006424,0.120842,0.081239,0.023293,0.013666,-0.320926,-0.8025,-3.3923,-1.2565,-0.2376,0.1202,-0.3031
34.9991,-1.323866,-1.234414,1.396970,-2.259851,-1.735116,3.045974,-0.007268,0.097480,0.076916,0.020418,0.015105,-0.317977,-0.7119,-3.5018,-1.4875,-0.2377,0.1249,-0.2351
35.0092,-1.323937,-1.233477,1.397746,-2.259571,-1.734988,3.042934,-0.010837,0.084583,0.080587,0.027161,0.015877,-0.300116,-0.7950,-3.2859,-1.3443,-0.2184,0.1246,-0.2170
35.0191,-1.324076,-1.232781,1.398525,-2.259340,-1.734844,3.040051,-0.011960,0.067983,0.081646,0.027964,0.016629,-0.277998,-0.6981,-3.5499,-1.5474,-0.1904,0.1264,-0.1852
35.0288,-1.324196,-1.232176,1.399366,-2.259043,-1.734734,3.037507,-0.013513,0.054142,0.086069,0.033290,0.015545,-0.246557,-0.8397,-3.0211,-1.1708,-0.1889,0.1319,-0.2026
35.0396,-1.324340,-1.231705,1.400191,-2.258746,-1.734568,3.035199,-0.014193,0.039596,0.086792,0.030449,0.015395,-0.216852,-0.7861,-3.0796,-1.1900,-0.1700,0.1488,-0.1484
35.0489,-1.324511,-1.231363,1.401105,-2.258419,-1.734440,3.033263,-0.016624,0.031879,0.093661,0.034552,0.014108,-0.183464,-0.7993,-2.9444,-1.0986,-0.1852,0.1391,-0.1391
35.0589,-1.324676,-1.231096,1.402040,-2.258153,-1.734297,3.031673,-0.017591,0.023539,0.095045,0.030804,0.014404,-0.148867,-0.6771,-3.1819,-1.3019,-0.1742,0.1412,-0.0492
35.0690,-1.324871,-1.230920,1.403031,-2.257798,-1.734200,3.030462,-0.020112,0.017361,0.099843,0.032631,0.012068,-0.114560,-0.7372,-2.9404,-1.1997,-0.1752,0.1539,-0.1258
35.0791,-1.325074,-1.230749,1.404044,-2.257510,-1.734073,3.029441,-0.020264,0.011204,0.101465,0.032419,0.011994,-0.084500,-0.6272,-2.8997,-1.1922,-0.1678,0.1353,-0.1036
35.0891,-1.325250,-1.230708,1.405010,-2.257177,-1.734012,3.028745,-0.019107,0.007368,0.103196,0.035063,0.009702,-0.056480,-0.7046,-2.9879,-1.1902,-0.1718,0.1486,-0.0971
35.0990,-1.325449,-1.230684,1.406060,-2.256813,-1.733916,3.028348,-0.018889,0.001600,0.102511,0.031294,0.008669,-0.032115,-0.7307,-3.1433,-1.3453,-0.1721,0.1330,-0.0881
35.1091,-1.325610,-1.230672,1.407094,-2.256449,-1.733828,3.028159,-0.018272,-0.000000,0.103450,0.037999,0.007129,-0.013931,-0.8022,-2.9615,-1.1375,-0.1883,0.1556,-0.1319
35.1190,-1.325774,-1.230688,1.408098,-2.256114,-1.733749,3.028082,-0.016953,0.000000,0.099956,0.034737,0.008074,-0.001677,-0.6665,-3.2593,-1.3344,-0.1682,0.1422,-0.0489
35.1291,-1.325961,-1.230700,1.409092,-2.255738,-1.733732,3.028114,-0.016686,-0.000599,0.098470,0.037316,0.006557,0.004711,-0.7042,-3.1501,-1.5663,-0.1806,0.1453,0.0007
35.1391,-1.326117,-1.230684,1.410039,-2.255388,-1.733692,3.028170,-0.015416,-0.000173,0.090370,0.035996,0.006682,0.006850,-0.5995,-3.3657,-1.4974,-0.2124,0.1257,0.0164
35.1491,-1.326257,-1.230657,1.410903,-2.254988,-1.733585,3.028186,-0.014132,0.005696,0.093233,0.040347,0.006524,0.003882,-0.6518,-2.7566,-1.4419,-0.1694,0.1356,0.0192
35.1589,-1.326385,-1.230633,1.411844,-2.254605,-1.733548,3.028210,-0.013140,0.002273,0.085187,0.034832,0.005277,0.001473,-0.5400,-2.8055,-1.4106,-0.1792,0.1484,0.0167
35.1691,-1.326509,-1.230604,1.412691,-2.254233,-1.733536,3.028195,-0.012019,0.008580,0.082105,0.034671,0.003952,0.000629,-0.5627,-2.6468,-1.3843,-0.2062,0.1497,-0.0181
35.1789,-1.326610,-1.230493,1.413490,-2.253973,-1.733500,3.028219,-0.011047,0.016390,0.080040,0.030003,0.004947,0.000299,-0.7399,-2.2173,-0.9964,-0.1527,0.1294,-0.0568
35.1889,-1.326736,-1.230262,1.414293,-2.253669,-1.733422,3.028149,-0.013443,0.035096,0.090545,0.032971,0.004932,-0.002266,-0.6955,-2.2554,-0.9640,-0.1410,0.1538,-0.0954
35.1990,-1.326860,-1.229968,1.415192,-2.253424,-1.733397,3.028159,-0.011841,0.032158,0.088669,0.024717,0.004663,-0.003333,-0.6955,-2.3746,-1.0907,-0.1592,0.1484,-0.1560
35.2092,-1.326961,-1.229613,1.416096,-2.253148,-1.733373,3.028138,-0.013206,0.048431,0.095903,0.027551,0.004110,-0.004172,-0.7377,-1.7858,-0.9955,-0.1789,0.1542,-0.1303
35.2190,-1.327084,-1.229048,1.417034,-2.252974,-1.733306,3.028092,-0.012629,0.056463,0.095668,0.017029,0.004745,-0.005042,-0.7444,-1.9105,-1.2772,-0.1700,0.1095,-0.1570
35.2293,-1.327216,-1.228418,1.417988,-2.252783,-1.733313,3.028054,-0.014781,0.081012,0.097390,0.019555,0.001911,-0.005108,-0.7139,-1.6791,-0.8782,-0.1423,0.1761,-0.1764
35.2389,-1.327348,-1.227589,1.418924,-2.252666,-1.733261,3.028009,-0.012570,0.087197,0.090995,0.011926,0.003152,-0.005209,-0.7089,-1.8813,-1.1066,-0.1414,0.1538,-0.1727
35.2491,-1.327480,-1.226638,1.419854,-2.252522,-1.733253,3.027955,-0.011151,0.109021,0.092782,0.016002,0.002106,-0.004329,-0.6068,-1.6408,-1.1073,-0.1495,0.1625,-0.1773
35.2589,-1.327579,-1.225510,1.420725,-2.252426,-1.733229,3.027930,-0.008436,0.114411,0.084730,0.008763,0.002173,-0.003554,-0.5680,-2.2671,-1.4196,-0.1924,0.1329,-0.1859
35.2692,-1.327620,-1.224283,1.421521,-2.252318,-1.733229,3.027898,-0.003517,0.129274,0.080485,0.010564,0.001261,-0.003470,-0.5207,-1.7081,-1.1674,-0.1791,0.1525,-0.1607
35.2789,-1.327628,-1.222983,1.422327,-2.252234,-1.733198,3.027858,-0.001158,0.130629,0.073176,0.007692,0.001168,-0.002251,-0.3088,-2.2403,-1.4049,-0.1403,0.1369,-0.1888
35.2891,-1.327644,-1.221656,1.423034,-2.252099,-1.733224,3.027819,0.000493,0.136304,0.069239,0.016605,0.001212,-0.002461,-0.1614,-2.5191,-1.3652,-0.1691,0.1312,-0.1757
35.2990,-1.327617,-1.220290,1.423706,-2.251907,-1.733228,3.027811,0.002891,0.130723,0.062558,0.019520,0.001166,-0.002452,0.1214,-3.0444,-1.6585,-0.2035,0.1260,-0.1559
35.3091,-1.327596,-1.219014,1.424301,-2.251647,-1.733153,3.027811,0.002855,0.128353,0.060732,0.030215,0.001428,-0.001728,0.1457,-2.4675,-1.3628,-0.1546,0.1367,-0.1566
35.3194,-1.327557,-1.217754,1.424857,-2.251324,-1.733144,3.027771,0.003547,0.119264,0.055245,0.031180,0.002761,-0.001473,0.2920,-3.1551,-1.5804,-0.1509,0.1572,-0.1662
35.3294,-1.327509,-1.216634,1.425431,-2.250939,-1.733085,3.027787,0.003077,0.109788,0.054823,0.041766,0.005153,-0.001230,0.2375,-3.0280,-1.6064,-0.1848,0.1475,-0.1484
35.3390,-1.327497,-1.215613,1.425915,-2.250534,-1.733006,3.027762,0.003248,0.103370,0.050168,0.044856,0.007621,-0.001451,0.2826,-3.5210,-1.5232,-0.1889,0.1615,-0.1529
35.3491,-1.327473,-1.214711,1.426450,-2.250016,-1.732953,3.027785,0.002240,0.092211,0.061049,0.053374,0.012139,-0.001006,0.3019,-2.8510,-1.0030,-0.1696,0.1824,-0.1537
35.3591,-1.327495,-1.213866,1.427072,-2.249548,-1.732809,3.027750,0.001399,0.074891,0.064694,0.047382,0.014190,-0.001039,0.3335,-3.1689,-1.0951,-0.1720,0.1523,-0.1814
35.3693,-1.327471,-1.213195,1.427768,-2.249046,-1.732671,3.027730,0.001200,0.065420,0.075090,0.049165,0.014003,-0.000971,0.2745,-3.1240,-1.1333,-0.1994,0.1672,-0.1475
35.3791,-1.327467,-1.212601,1.428519,-2.248582,-1.732510,3.027739,0.000754,0.054117,0.083049,0.046388,0.016306,-0.000689,0.3627,-3.2211,-0.8051,-0.1705,0.1613,-0.1664
35.3891,-1.327433,-1.212100,1.429461,-2.248153,-1.732378,3.027714,0.000497,0.047702,0.108881,0.047229,0.019378,-0.000758,0.2992,-2.9472,-0.5473,-0.1542,0.1897,-0.1499
35.3991,-1.327464,-1.211756,1.430666,-2.247726,-1.732162,3.027699,0.000369,0.032343,0.123548,0.037181,0.022348,-0.000704,0.3228,-3.1578,-0.8858,-0.1844,0.1778,-0.1595
35.4091,-1.327455,-1.211453,1.431976,-2.247373,-1.731904,3.027668,0.000294,0.029526,0.143900,0.038451,0.025779,-0.000525,0.3083,-2.9345,-0.6378,-0.1907,0.1840,-0.1538
35.4191,-1.327455,-1.211226,1.433466,-2.247088,-1.731659,3.027674,0.000168,0.019741,0.156216,0.027725,0.027069,-0.000402,0.3036,-3.1860,-0.8536,-0.1863,0.1747,-0.1586
35.4291,-1.327455,-1.211089,1.435188,-2.246855,-1.731415,3.027706,0.000092,0.015161,0.177448,0.025884,0.027091,-0.000329,0.2275,-2.6997,-0.8259,-0.1542,0.1799,-0.1662
35.4390,-1.327428,-1.210966,1.436994,-2.246612,-1.731081,3.027671,0.000114,0.011944,0.192231,0.021434,0.028466,-0.000295,0.2610,-2.8594,-0.7596,-0.1315,0.1568,-0.1456
35.4491,-1.327425,-1.210855,1.438988,-2.246408,-1.730840,3.027699,0.000664,0.013648,0.222796,0.024560,0.027150,-0.000273,0.4865,-2.6979,-0.0852,-0.1449,0.1620,-0.1475
35.4589,-1.327404,-1.210846,1.441355,-2.246289,-1.730593,3.027690,0.001656,0.003538,0.239186,0.009743,0.024847,-0.000230,0.4780,-3.1265,-0.3180,-0.1178,0.1639,-0.1345
35.4689,-1.327377,-1.210799,1.443927,-2.246116,-1.730357,3.027694,0.005378,0.005903,0.274730,0.014840,0.023035,-0.000178,0.6143,-3.0102,-0.4416,-0.1717,0.1618,-0.1439
35.4791,-1.327336,-1.210806,1.446758,-2.246060,-1.730144,3.027678,0.005853,-0.001388,0.296212,0.007739,0.021891,-0.000174,0.4814,-2.7222,-0.4262,-0.0732,0.1581,-0.1365
35.4890,-1.327269,-1.210822,1.449790,-2.245967,-1.729898,3.027694,0.005848,-0.000170,0.316237,0.007346,0.019416,-0.000153,0.4430,-2.8335,-0.2534,-0.1422,0.1327,-0.1423
35.4989,-1.327225,-1.210794,1.453049,-2.245967,-1.729785,3.027647,0.003988,-0.002586,0.325424,0.001133,0.015981,-0.000134,0.4892,-3.3682,-0.9750,-0.2376,0.1509,-0.1238
35.5090,-1.327204,-1.210767,1.456368,-2.245890,-1.729588,3.027678,0.003524,0.008331,0.349788,0.011173,0.016290,-0.000119,0.4479,-2.8941,-0.3258,-0.1889,0.1268,-0.1453
35.5193,-1.327173,-1.210751,1.459878,-2.245872,-1.729411,3.027678,0.001387,-0.003568,0.350649,0.000900,0.011743,-0.000123,0.3999,-3.1461,-0.6659,-0.1987,0.1360,-0.1275
35.5290,-1.327164,-1.210751,1.463445,-2.245779,-1.729289,3.027694,0.000868,-0.000637,0.354062,0.005918,0.010843,-0.000114,0.3339,-3.2677,-1.1560,-0.2682,0.1133,-0.1332
35.5389,-1.327149,-1.210722,1.466866,-2.245792,-1.729226,3.027663,0.000475,0.000565,0.342871,0.000920,0.009101,-0.000104,0.2433,-3.5876,-1.2591,-0.2576,0.1240,-0.1408
35.5491,-1.327180,-1.210707,1.470266,-2.245735,-1.729148,3.027694,0.000123,0.006174,0.352910,0.010562,0.007252,-0.000096,0.2377,-3.0747,-0.6021,-0.1754,0.1158,-0.1333
35.5589,-1.327166,-1.210703,1.473728,-2.245762,-1.729136,3.027697,0.000000,-0.004502,0.337010,0.000280,0.004041,-0.000090,0.1168,-3.3900,-1.2795,-0.2387,0.1381,-0.1394
35.5690,-1.327188,-1.210703,1.477118,-2.245651,-1.729041,3.027663,-0.000397,-0.000007,0.323968,0.005111,0.005850,-0.000084,0.0608,-3.6117,-1.5920,-0.3306,0.1093,-0.1322
35.5791,-1.327185,-1.210683,1.480257,-2.245663,-1.729006,3.027681,-0.000196,0.002720,0.310683,0.000412,0.005137,-0.000089,0.1571,-3.0461,-0.3316,-0.1698,0.1208,-0.1335
35.5892,-1.327213,-1.210678,1.483445,-2.245709,-1.728942,3.027690,-0.000127,0.006714,0.344857,0.003652,0.005199,-0.000084,0.1377,-2.6869,-0.1873,-0.1072,0.1289,-0.1453
35.5990,-1.327151,-1.210687,1.486875,-2.245660,-1.728940,3.027713,-0.000141,-0.004918,0.340629,-0.000969,0.003449,-0.000080,0.0465,-3.1716,-0.9849,-0.2892,0.1453,-0.1257
35.6091,-1.327185,-1.210652,1.490318,-2.245646,-1.728873,3.027659,-0.000112,-0.000931,0.339772,-0.000676,0.004880,-0.000000,0.1239,-3.3858,-1.2337,-0.4158,0.1245,-0.1330
35.6191,-1.327208,-1.210675,1.493622,-2.245725,-1.728810,3.027678,-0.000082,0.000000,0.320357,-0.006566,0.004710,-0.000000,0.0360,-3.8399,-1.6932,-0.4989,0.0983,-0.1280
35.6294,-1.327216,-1.210632,1.496709,-2.245672,-1.728817,3.027663,-0.000095,0.000435,0.293422,-0.008344,0.002859,-0.000000,0.1095,-3.6182,-1.5728,-0.5597,0.1354,-0.1500
35.6391,-1.327188,-1.210560,1.499485,-2.245790,-1.728793,3.027678,0.000085,0.001661,0.265229,-0.011536,0.003419,-0.000000,0.1672,-3.6584,-1.5202,-0.5018,0.1166,-0.1249
35.6490,-1.327213,-1.210563,1.502008,-2.245807,-1.728721,3.027647,0.000000,0.001014,0.256976,-0.004375,0.004412,-0.000016,0.0726,-3.1924,-1.1705,-0.5218,0.1242,-0.1368
35.6591,-1.327213,-1.210603,1.504447,-2.245979,-1.728726,3.027690,0.000000,-0.000161,0.237883,-0.016391,0.001629,-0.000000,0.0480,-3.6014,-1.5096,-0.4899,0.1442,-0.1349
35.6692,-1.327216,-1.210627,1.506764,-2.246094,-1.728670,3.027663,-0.000176,0.000559,0.227936,-0.009915,0.003944,-0.000000,0.1125,-3.3227,-1.1856,-0.5414,0.1154,-0.1197
35.6791,-1.327173,-1.210616,1.509007,-2.246200,-1.728665,3.027656,-0.000000,0.002198,0.240279,-0.007645,0.002297,-0.000000,0.0878,-2.7115,-0.5993,-0.4310,0.1208,-0.1339
35.6891,-1.327204,-1.210655,1.511422,-2.246330,-1.728640,3.027651,-0.000000,-0.000431,0.259463,-0.008051,0.001231,-0.000000,0.0829,-2.6478,-0.1474,-0.4541,0.0763,-0.1303
35.6991,-1.327201,-1.210698,1.514105,-2.246538,-1.728692,3.027685,-0.000000,-0.003445,0.275271,-0.023015,0.000253,-0.000000,0.0580,-3.1075,-0.6591,-0.5030,0.0280,-0.1299
35.7091,-1.327216,-1.210664,1.517011,-2.246709,-1.728663,3.027663,-0.000000,0.009446,0.312522,-0.015286,0.000000,-0.000000,0.0202,-2.7630,0.1829,-0.4854,-0.0432,-0.1388
35.7192,-1.327213,-1.210667,1.520221,-2.246990,-1.728682,3.027666,-0.001402,-0.003597,0.326784,-0.033549,-0.003020,-0.000000,-0.1128,-3.0623,-0.5178,-0.4696,-0.0915,-0.1583
35.7291,-1.327228,-1.210635,1.523568,-2.247231,-1.728757,3.027678,-0.001726,-0.001018,0.339293,-0.032913,-0.005769,-0.000000,-0.2373,-3.2422,-0.9058,-0.6172,-0.1000,-0.1272
35.7391,-1.327230,-1.210618,1.526987,-2.247619,-1.728781,3.027663,-0.003119,0.000531,0.335770,-0.042132,-0.005681,-0.000000,-0.4518,-3.5673,-0.9574,-0.6093,-0.1269,-0.1284
35.7494,-1.327312,-1.210587,1.530326,-2.248021,-1.728839,3.027678,-0.006482,0.005181,0.350802,-0.036716,-0.005162,-0.000000,-0.4631,-3.0821,-0.4229,-0.5436,-0.1247,-0.1267
35.7590,-1.327392,-1.210599,1.533762,-2.248499,-1.728908,3.027659,-0.008969,-0.004939,0.340008,-0.052411,-0.005791,-0.000000,-0.3694,-3.3263,-1.1945,-0.5162,-0.0916,-0.1188
35.7691,-1.327464,-1.210611,1.537185,-2.248898,-1.728920,3.027681,-0.007861,-0.000129,0.330230,-0.042989,-0.002086,-0.000000,-0.6078,-3.5699,-1.4886,-0.6569,-0.1270,-0.1210
35.7789,-1.327555,-1.210579,1.540352,-2.249342,-1.728898,3.027651,-0.008646,0.000381,0.309792,-0.042367,-0.001183,-0.000000,-0.7314,-3.4824,-1.2495,-0.5792,-0.1142,-0.1401
35.7890,-1.327647,-1.210567,1.543391,-2.249703,-1.728882,3.027666,-0.012712,0.001487,0.304503,-0.034170,-0.000614,-0.000000,-0.7961,-3.1669,-0.9132,-0.6269,-0.0810,-0.1245
35.7990,-1.327779,-1.210575,1.546346,-2.250123,-1.728913,3.027694,-0.014574,0.000003,0.283113,-0.042432,-0.000360,-0.000000,-0.7238,-3.6278,-1.5525,-0.5939,-0.0593,-0.1270
35.8092,-1.327935,-1.210567,1.549115,-2.250440,-1.728913,3.027681,-0.016669,0.006765,0.278656,-0.028221,-0.000198,-0.000000,-0.7996,-3.2591,-0.8251,-0.5963,-0.0312,-0.1319
35.8191,-1.328115,-1.210575,1.551829,-2.250829,-1.728916,3.027644,-0.019933,0.000374,0.271606,-0.034933,0.000072,-0.000000,-0.8654,-3.2982,-1.0281,-0.5321,-0.0069,-0.1199
35.8289,-1.328334,-1.210575,1.554511,-2.251148,-1.728889,3.027666,-0.026007,0.001673,0.274539,-0.027106,0.000804,-0.000000,-0.9138,-3.0814,-0.5032,-0.5432,0.0164,-0.1341
35.8390,-1.328574,-1.210580,1.557217,-2.251496,-1.728865,3.027666,-0.029748,-0.002118,0.269611,-0.034058,0.001528,-0.000000,-1.0151,-3.1397,-1.0556,-0.5063,0.0444,-0.1207
35.8490,-1.328885,-1.210580,1.559896,-2.251776,-1.728869,3.027663,-0.039656,-0.001194,0.272205,-0.026048,0.001819,-0.000000,-1.3313,-2.8831,-0.7633,-0.5587,0.0679,-0.1326
35.8589,-1.329351,-1.210599,1.562563,-2.252072,-1.728856,3.027674,-0.045278,-0.001228,0.261563,-0.030377,0.002299,-0.000000,-1.1792,-3.4081,-1.3947,-0.5776,0.0750,-0.1339
35.8689,-1.329855,-1.210575,1.565138,-2.252296,-1.728810,3.027647,-0.058810,0.000975,0.251318,-0.024699,0.002161,-0.000000,-1.4263,-3.2651,-1.2057,-0.6115,0.0723,-0.1341
35.8791,-1.330497,-1.210539,1.567550,-2.252589,-1.728754,3.027666,-0.066664,0.000950,0.238285,-0.028013,0.004611,-0.000000,-1.2840,-3.2122,-1.1469,-0.5579,0.0438,-0.1459
35.8889,-1.331197,-1.210536,1.569900,-2.252774,-1.728742,3.027654,-0.076427,0.000424,0.231947,-0.021368,0.002596,-0.000001,-1.3845,-3.1898,-1.3462,-0.6556,0.0601,-0.1720
35.8989,-1.332012,-1.210548,1.572170,-2.253073,-1.728726,3.027639,-0.081266,0.000312,0.217136,-0.029101,0.002486,-0.002400,-0.9803,-3.5183,-1.6625,-0.6398,0.0968,-0.1898
35.9091,-1.332900,-1.210548,1.574234,-2.253309,-1.728741,3.027591,-0.092826,0.005262,0.205166,-0.022566,0.001808,-0.005251,-1.3541,-3.1995,-0.9691,-0.6325,0.1018,-0.1986
35.9191,-1.333883,-1.210567,1.576201,-2.253606,-1.728700,3.027528,-0.095649,0.000000,0.191736,-0.029426,0.003873,-0.006941,-0.8863,-3.2928,-1.1549,-0.5997,0.1008,-0.1812
35.9291,-1.334808,-1.210555,1.578057,-2.253843,-1.728724,3.027431,-0.097888,0.000574,0.183405,-0.023418,0.001742,-0.008715,-0.9830,-3.2237,-1.4260,-0.6231,0.1370,-0.1791
35.9390,-1.335784,-1.210551,1.579843,-2.254105,-1.728677,3.027378,-0.092481,0.000215,0.169007,-0.024964,0.003115,-0.008526,-0.6572,-3.3438,-1.3946,-0.6030,0.1211,-0.1749
35.9491,-1.336720,-1.210555,1.581475,-2.254303,-1.728673,3.027297,-0.088692,0.000554,0.165963,-0.018853,0.002394,-0.009176,-0.9939,-2.9828,-1.0540,-0.5876,0.1295,-0.1925
35.9589,-1.337608,-1.210551,1.583097,-2.254555,-1.728639,3.027194,-0.084034,0.000003,0.154316,-0.022881,0.003112,-0.008281,-0.6122,-3.2506,-1.2182,-0.5753,0.1317,-0.1768
35.9694,-1.338398,-1.210527,1.584589,-2.254735,-1.728634,3.027141,-0.076593,0.002551,0.145321,-0.017100,0.002197,-0.007750,-0.6376,-3.3595,-1.2802,-0.6000,0.1370,-0.1726
35.9790,-1.339149,-1.210508,1.586020,-2.254914,-1.728613,3.027019,-0.070878,-0.000001,0.137772,-0.015195,0.002401,-0.007277,-0.4486,-3.1618,-0.9590,-0.5407,0.1422,-0.1662
35.9891,-1.339804,-1.210547,1.587430,-2.255058,-1.728617,3.026985,-0.063732,0.000357,0.147868,-0.009982,0.002032,-0.006728,-0.8121,-3.0014,-0.8492,-0.5395,0.1274,-0.1533
35.9991,-1.340401,-1.210551,1.588823,-2.255195,-1.728574,3.026946,-0.056051,-0.003194,0.141138,-0.013823,0.001845,-0.006535,-0.5786,-3.1825,-0.9547,-0.5675,0.1450,-0.1570
36.0089,-1.340912,-1.210539,1.590245,-2.255280,-1.728597,3.026908,-0.050553,-0.000000,0.145719,-0.008921,0.001571,-0.005524,-0.6181,-3.0229,-0.8308,-0.5556,0.1334,-0.1563
36.0191,-1.341403,-1.210536,1.591682,-2.255397,-1.728557,3.026832,-0.044488,-0.001133,0.144168,-0.009768,0.001824,-0.005186,-0.5553,-3.1316,-0.9664,-0.5492,0.1324,-0.1675
36.0289,-1.341785,-1.210531,1.593162,-2.255436,-1.728534,3.026778,-0.037746,0.000704,0.151524,-0.003484,0.001197,-0.005342,-0.7976,-3.0528,-1.0424,-0.5741,0.1314,-0.1612
36.0390,-1.342187,-1.210543,1.594646,-2.255496,-1.728490,3.026730,-0.035880,0.000147,0.148091,-0.007063,0.001080,-0.005250,-0.7323,-3.2800,-1.1178,-0.5543,0.1181,-0.1576
36.0490,-1.342550,-1.210543,1.596102,-2.255527,-1.728505,3.026639,-0.036987,0.000000,0.148411,-0.003493,0.000989,-0.005757,-0.9542,-3.1061,-1.1438,-0.5921,0.0884,-0.1737
36.0591,-1.342879,-1.210524,1.597534,-2.255611,-1.728490,3.026609,-0.036400,0.000000,0.142548,-0.006662,0.000471,-0.006972,-0.8309,-3.3278,-1.3864,-0.5864,0.0979,-0.1839
36.0692,-1.343261,-1.210555,1.598935,-2.255599,-1.728478,3.026529,-0.039446,0.000596,0.133973,-0.002383,0.000309,-0.010371,-0.9744,-3.2131,-1.2216,-0.6147,0.0930,-0.1763
36.0790,-1.343644,-1.210508,1.600223,-2.255695,-1.728496,3.026393,-0.041951,0.000000,0.124874,-0.005653,0.000322,-0.012436,-1.0593,-3.2027,-1.1160,-0.5735,0.0793,-0.1728
36.0890,-1.344064,-1.210543,1.601458,-2.255692,-1.728482,3.026273,-0.047413,0.000000,0.119656,-0.002509,0.000293,-0.013144,-1.1023,-3.1466,-1.2686,-0.6079,0.0837,-0.1680
36.0990,-1.344546,-1.210508,1.602612,-2.255743,-1.728473,3.026114,-0.048621,0.000000,0.110607,-0.004785,0.000244,-0.014936,-1.0610,-3.2970,-1.3874,-0.6168,0.1100,-0.1808
36.1091,-1.345046,-1.210555,1.603687,-2.255752,-1.728466,3.025903,-0.060294,0.000210,0.113841,-0.001547,0.000172,-0.020130,-1.3973,-2.9611,-1.3551,-0.5575,0.1078,-0.1897
36.1189,-1.345661,-1.210547,1.604760,-2.255812,-1.728433,3.025698,-0.062839,-0.000893,0.105274,-0.005040,0.003528,-0.025709,-1.1512,-3.0373,-1.1496,-0.5455,0.1149,-0.1985
36.1291,-1.346327,-1.210539,1.605821,-2.255827,-1.728411,3.025417,-0.068224,-0.000162,0.106867,-0.001452,0.003860,-0.032832,-1.1895,-3.0943,-1.1017,-0.5858,0.1402,-0.2064
36.1390,-1.347022,-1.210536,1.606856,-2.255857,-1.728370,3.025034,-0.072197,-0.000080,0.103511,-0.004510,0.008133,-0.039978,-1.0685,-3.1103,-0.9942,-0.5715,0.1341,-0.2099
36.1490,-1.347785,-1.210508,1.607906,-2.255872,-1.728286,3.024578,-0.084166,-0.000001,0.115536,-0.001082,0.006919,-0.053554,-1.3767,-2.7728,-0.9296,-0.5380,0.1363,-0.2568
36.1591,-1.348652,-1.210539,1.609043,-2.255908,-1.728233,3.023953,-0.084284,-0.002062,0.115317,-0.004183,0.009508,-0.065969,-0.9549,-3.1666,-1.0798,-0.5560,0.1397,-0.2288
36.1690,-1.349479,-1.210562,1.610217,-2.255908,-1.728173,3.023210,-0.087220,0.000356,0.117248,-0.001695,0.007794,-0.077028,-1.0419,-3.1772,-1.1195,-0.5792,0.1648,-0.2239
36.1790,-1.350325,-1.210496,1.611367,-2.255913,-1.728031,3.022376,-0.085847,0.000151,0.114629,-0.002918,0.010604,-0.085431,-0.5772,-3.1863,-1.0791,-0.5833,0.1328,-0.2427
36.1890,-1.351160,-1.210531,1.612537,-2.255983,-1.728017,3.021460,-0.081663,0.000237,0.121261,-0.008795,0.008130,-0.097450,-1.0986,-2.9958,-1.0899,-0.6037,0.1619,-0.2384
36.1991,-1.351943,-1.210504,1.613729,-2.256100,-1.727898,3.020436,-0.075450,-0.000515,0.114957,-0.016644,0.009655,-0.102322,-0.7546,-3.2862,-1.1525,-0.6214,0.1529,-0.2454
36.2091,-1.352687,-1.210519,1.614863,-2.256260,-1.727849,3.019339,-0.070868,-0.000029,0.114717,-0.014138,0.006877,-0.110525,-0.6268,-3.1769,-1.1106,-0.5981,0.1479,-0.2136
36.2189,-1.353327,-1.210516,1.615989,-2.256435,-1.727774,3.018218,-0.063329,0.000293,0.109615,-0.016922,0.006695,-0.109730,-0.4863,-3.2705,-1.1229,-0.6155,0.1740,-0.1922
36.2291,-1.353933,-1.210547,1.617058,-2.256569,-1.727683,3.017114,-0.055692,-0.000190,0.107888,-0.016061,0.007678,-0.107652,-0.5245,-3.1568,-0.8871,-0.6082,0.1496,-0.2444
36.2390,-1.354449,-1.210527,1.618120,-2.256749,-1.727611,3.016054,-0.046471,-0.000000,0.103058,-0.020867,0.006771,-0.107399,-0.6038,-3.2178,-1.2313,-0.5738,0.1432,-0.1864
36.2490,-1.354858,-1.210516,1.619178,-2.256932,-1.727591,3.015005,-0.043762,-0.000000,0.100614,-0.017936,0.005497,-0.100985,-0.6994,-3.2239,-1.1952,-0.6046,0.1558,-0.1504
36.2590,-1.355293,-1.210527,1.620120,-2.257164,-1.727546,3.014021,-0.038103,-0.000000,0.092367,-0.020819,0.004904,-0.089123,-0.3751,-3.3219,-1.3671,-0.6126,0.1391,-0.1566
36.2689,-1.355604,-1.210535,1.621039,-2.257371,-1.727483,3.013258,-0.034020,-0.000000,0.085660,-0.018844,0.004139,-0.079865,-0.7096,-3.2023,-1.2441,-0.6100,0.1453,-0.1827
36.2790,-1.355915,-1.210500,1.621866,-2.257520,-1.727438,3.012474,-0.027997,0.000000,0.080590,-0.018889,0.005282,-0.070840,-0.6982,-3.1981,-1.1562,-0.5732,0.1362,-0.1534
36.2890,-1.356187,-1.210516,1.622655,-2.257697,-1.727387,3.011853,-0.027368,0.000000,0.078866,-0.014462,0.004008,-0.059211,-0.6180,-3.1411,-1.2110,-0.5824,0.1287,-0.1435
36.2991,-1.356408,-1.210516,1.623410,-2.257884,-1.727385,3.011320,-0.024479,-0.000006,0.073557,-0.015686,0.003439,-0.049217,-0.5253,-3.2387,-1.2157,-0.5792,0.1426,-0.1173
36.3090,-1.356648,-1.210508,1.624085,-2.258024,-1.727318,3.010899,-0.021360,-0.000191,0.073041,-0.012070,0.003458,-0.038615,-0.6252,-3.0577,-1.0595,-0.5641,0.1405,-0.1388
36.3191,-1.356867,-1.210539,1.624812,-2.258160,-1.727279,3.010587,-0.018495,-0.000000,0.069396,-0.013178,0.003521,-0.029119,-0.6139,-3.1771,-1.0451,-0.5402,0.1250,-0.1541
36.3290,-1.357038,-1.210539,1.625526,-2.258231,-1.727267,3.010307,-0.016796,-0.000000,0.069603,-0.008805,0.002750,-0.023480,-0.5760,-3.1926,-1.2342,-0.5735,0.1606,-0.1538
36.3390,-1.357194,-1.210531,1.626155,-2.258340,-1.727180,3.010098,-0.014988,-0.000000,0.068337,-0.009525,0.002648,-0.018258,-0.5891,-3.1928,-1.2250,-0.5538,0.1398,-0.1705
36.3488,-1.357331,-1.210531,1.626849,-2.258409,-1.727198,3.009933,-0.015955,-0.000000,0.069839,-0.004103,0.002600,-0.016705,-0.7144,-3.0481,-1.1363,-0.5495,0.1345,-0.1623
36.3590,-1.357475,-1.210519,1.627540,-2.258481,-1.727187,3.009817,-0.015697,0.000028,0.067948,-0.005685,0.002578,-0.015680,-0.6301,-3.1973,-1.1270,-0.5392,0.1330,-0.1747
36.3691,-1.357588,-1.210524,1.628214,-2.258532,-1.727159,3.009645,-0.015905,0.000000,0.069160,-0.003975,0.002673,-0.015397,-0.7020,-3.0887,-1.1994,-0.5736,0.1400,-0.1722
36.3791,-1.357789,-1.210509,1.628865,-2.258586,-1.727107,3.009509,-0.015382,-0.000100,0.065547,-0.005033,0.002368,-0.015939,-0.6411,-3.1514,-1.0802,-0.5465,0.1428,-0.1834
36.3891,-1.357930,-1.210516,1.629547,-2.258609,-1.727118,3.009313,-0.015942,-0.000001,0.068414,-0.003045,0.002232,-0.019605,-0.7220,-3.0734,-1.1188,-0.5566,0.1189,-0.1667
36.3989,-1.358102,-1.210516,1.630237,-2.258657,-1.727094,3.009089,-0.015809,-0.000000,0.064688,-0.005101,0.002021,-0.021456,-0.5960,-3.2081,-1.0876,-0.5686,0.1377,-0.1735
36.4092,-1.358241,-1.210512,1.630904,-2.258650,-1.727075,3.008857,-0.015219,-0.000000,0.067327,-0.002830,0.001348,-0.024365,-0.6990,-3.0633,-1.2207,-0.5690,0.1129,-0.1708
36.4190,-1.358409,-1.210531,1.631555,-2.258730,-1.727060,3.008648,-0.014125,-0.000000,0.065175,-0.004314,0.000612,-0.025870,-0.5482,-3.1924,-1.1731,-0.5616,0.0929,-0.1667
36.4292,-1.358553,-1.210527,1.632213,-2.258757,-1.727075,3.008349,-0.013255,-0.000000,0.067619,-0.003032,0.000330,-0.026295,-0.5668,-3.0527,-1.1155,-0.5605,0.0287,-0.1500
36.4388,-1.358661,-1.210562,1.632919,-2.258821,-1.727060,3.008124,-0.012501,0.000000,0.065307,-0.004920,-0.000235,-0.025294,-0.5887,-3.2491,-1.1685,-0.5687,-0.0487,-0.1765
36.4492,-1.358796,-1.210539,1.633563,-2.258829,-1.727134,3.007876,-0.013364,0.000000,0.065726,-0.004227,-0.002106,-0.024117,-0.6624,-3.2334,-1.3096,-0.6234,-0.0786,-0.1623
36.4589,-1.358921,-1.210519,1.634198,-2.258887,-1.727170,3.007672,-0.012828,0.000000,0.062447,-0.008983,-0.005210,-0.021769,-0.5657,-3.2439,-1.3710,-0.5945,-0.0809,-0.1523
36.4690,-1.359041,-1.210500,1.634788,-2.258981,-1.727195,3.007478,-0.014458,0.000000,0.054641,-0.009536,-0.007194,-0.018636,-0.7021,-3.2331,-1.2255,-0.6227,-0.0942,-0.1698
36.4796,-1.359188,-1.210500,1.635327,-2.259102,-1.727247,3.007279,-0.015792,0.000000,0.049370,-0.012486,-0.007881,-0.017391,-0.7470,-3.2497,-1.3560,-0.5968,-0.1177,-0.1567
36.4890,-1.359360,-1.210496,1.635806,-2.259232,-1.727318,3.007119,-0.018380,0.000000,0.043459,-0.011190,-0.007880,-0.014215,-0.7777,-3.2442,-1.3686,-0.6252,-0.1316,-0.2053
36.4990,-1.359567,-1.210519,1.636213,-2.259330,-1.727394,3.007006,-0.020249,0.000000,0.037404,-0.010971,-0.007942,-0.012512,-0.7060,-3.2447,-1.4184,-0.5988,-0.1317,-0.1751
36.5090,-1.359789,-1.210531,1.636526,-2.259414,-1.727435,3.006871,-0.025509,0.000000,0.028372,-0.010814,-0.008118,-0.011586,-0.8942,-3.2700,-1.4065,-0.5958,-0.1342,-0.1915
36.5190,-1.360034,-1.210512,1.636755,-2.259540,-1.727529,3.006750,-0.025621,0.000000,0.021509,-0.011100,-0.006986,-0.011532,-0.7869,-3.2439,-1.4447,-0.6005,-0.1527,-0.1860
36.5290,-1.360325,-1.210527,1.636923,-2.259599,-1.727570,3.006658,-0.030224,0.000000,0.013167,-0.009279,-0.005703,-0.013218,-0.7662,-3.2650,-1.3683,-0.6203,-0.1441,-0.1860
36.5390,-1.360582,-1.210531,1.637029,-2.259726,-1.727599,3.006519,-0.030935,0.000000,0.006858,-0.009312,-0.005497,-0.013180,-0.7574,-3.2290,-1.5961,-0.6172,-0.1540,-0.1896
36.5491,-1.360905,-1.210496,1.637027,-2.259747,-1.727673,3.006406,-0.036315,0.000000,0.000004,-0.006450,-0.006328,-0.014081,-0.8888,-3.1406,-1.8898,-0.6516,-0.1679,-0.1676
36.5591,-1.361308,-1.210504,1.636986,-2.259920,-1.727695,3.006243,-0.035995,0.000000,-0.006905,-0.007767,-0.004591,-0.014634,-0.7025,-3.2290,-2.1085,-0.6036,-0.1756,-0.1672
36.5691,-1.361679,-1.210516,1.636911,-2.259965,-1.727762,3.006105,-0.038442,0.000000,-0.008720,-0.004651,-0.004912,-0.014625,-0.8102,-3.1675,-2.2036,-0.6340,-0.1544,-0.1616
36.5792,-1.362044,-1.210536,1.636815,-2.259990,-1.727825,3.005978,-0.037941,0.000000,-0.010972,-0.005819,-0.004525,-0.014631,-0.6778,-3.1773,-2.3225,-0.6280,-0.1565,-0.1604
36.5891,-1.362443,-1.210524,1.636707,-2.260047,-1.727868,3.005853,-0.038160,0.000000,-0.014631,-0.004998,-0.005609,-0.013231,-0.7852,-3.2033,-2.4749,-0.6377,-0.1556,-0.1664
36.5991,-1.362823,-1.210516,1.636552,-2.260098,-1.727854,3.005674,-0.036210,0.000000,-0.015165,-0.004711,-0.003662,-0.012201,-0.6056,-3.1465,-2.3655,-0.6155,-0.1647,-0.1757
36.6093,-1.363190,-1.210535,1.636396,-2.260115,-1.727902,3.005574,-0.034511,0.000000,-0.014545,-0.004400,-0.004214,-0.011098,-0.5771,-3.2033,-2.4689,-0.6322,-0.1540,-0.1658
36.6191,-1.363522,-1.210527,1.636260,-2.260198,-1.727973,3.005465,-0.031503,0.000000,-0.013965,-0.004042,-0.004210,-0.010380,-0.4371,-3.1726,-2.5112,-0.6129,-0.1582,-0.1740
36.6291,-1.363821,-1.210493,1.636147,-2.260227,-1.728005,3.005350,-0.028242,0.000000,-0.012165,-0.003507,-0.004026,-0.008514,-0.5556,-3.1869,-2.5484,-0.6294,-0.1769,-0.1649
36.6391,-1.364097,-1.210512,1.635997,-2.260255,-1.728026,3.005293,-0.024298,0.000000,-0.012120,-0.004141,-0.003450,-0.006837,-0.4990,-3.1667,-2.5753,-0.6328,-0.1714,-0.1504
36.6492,-1.364305,-1.210516,1.635877,-2.260315,-1.728060,3.005249,-0.022255,0.000000,-0.011244,-0.005767,-0.004099,-0.006092,-0.4672,-3.1771,-2.5927,-0.6439,-0.1479,-0.1425
36.6589,-1.364506,-1.210531,1.635800,-2.260368,-1.728093,3.005174,-0.018254,0.000000,-0.009711,-0.008454,-0.002996,-0.005332,-0.5098,-3.1513,-2.5933,-0.6410,-0.1720,-0.1466
36.6690,-1.364693,-1.210551,1.635704,-2.260467,-1.728098,3.005176,-0.015523,0.000000,-0.009394,-0.011577,-0.003197,-0.003488,-0.5158,-3.1984,-2.5232,-0.6444,-0.1767,-0.1630
36.6789,-1.364817,-1.210516,1.635613,-2.260574,-1.728110,3.005093,-0.012800,0.000000,-0.007118,-0.011767,-0.002644,-0.003688,-0.5139,-3.2858,-2.5007,-0.6290,-0.1799,-0.1467
36.6891,-1.364968,-1.210536,1.635557,-2.260737,-1.728137,3.005085,-0.011054,-0.001562,-0.005002,-0.012481,-0.003692,-0.004372,-0.4719,-3.5249,-2.5306,-0.6393,-0.1693,-0.1539
36.6989,-1.365053,-1.210548,1.635517,-2.260818,-1.728143,3.005048,-0.007774,-0.001904,-0.003090,-0.010336,-0.002953,-0.003418,-0.4671,-3.6362,-2.6385,-0.6205,-0.1840,-0.1501
36.7090,-1.365125,-1.210568,1.635470,-2.260933,-1.728185,3.005028,-0.005225,-0.004444,-0.002719,-0.010236,-0.002592,-0.003189,-0.4753,-3.7772,-2.5670,-0.6426,-0.1906,-0.1173
36.7190,-1.365141,-1.210632,1.635477,-2.261040,-1.728225,3.005013,-0.003059,-0.005309,-0.001712,-0.010094,-0.002069,-0.001056,-0.3993,-3.8627,-2.5144,-0.6261,-0.1917,-0.1129
36.7289,-1.365168,-1.210707,1.635458,-2.261126,-1.728225,3.005001,-0.002529,-0.007305,-0.001240,-0.010377,-0.002504,-0.000395,-0.4209,-3.9141,-2.5405,-0.6292,-0.1823,-0.0598
36.7389,-1.365162,-1.210751,1.635446,-2.261229,-1.728217,3.005001,-0.001371,-0.007192,-0.000973,-0.008740,-0.001685,-0.000022,-0.3596,-3.8914,-2.4854,-0.6286,-0.1767,0.0007
36.7489,-1.365162,-1.210854,1.635446,-2.261333,-1.728237,3.005032,-0.000607,-0.008160,-0.000551,-0.009057,-0.001516,0.002918,-0.4628,-4.0164,-2.5619,-0.6039,-0.1935,0.0335
36.7590,-1.365162,-1.210926,1.635441,-2.261409,-1.728257,3.005052,-0.000691,-0.007644,-0.000800,-0.006706,-0.001744,0.005900,-0.4285,-3.9774,-2.5324,-0.6213,-0.1618,0.0570
36.7690,-1.365196,-1.211001,1.635469,-2.261472,-1.728285,3.005112,-0.000460,-0.008461,-0.000707,-0.006435,-0.001283,0.007670,-0.4573,-3.8669,-2.5454,-0.6348,-0.1830,0.0378
36.7789,-1.365174,-1.211081,1.635426,-2.261548,-1.728250,3.005157,-0.000436,-0.008173,-0.001038,-0.006140,-0.001077,0.007664,-0.4418,-3.9069,-2.4558,-0.6022,-0.1754,0.0678
36.7891,-1.365192,-1.211137,1.635441,-2.261573,-1.728269,3.005229,-0.000388,-0.006684,-0.000897,-0.005394,-0.001156,0.008405,-0.4800,-4.0201,-2.5819,-0.6254,-0.1839,0.0916
36.7991,-1.365201,-1.211201,1.635402,-2.261640,-1.728278,3.005273,-0.000775,-0.006398,-0.001774,-0.004174,-0.001157,0.008230,-0.4799,-3.9406,-2.5395,-0.6470,-0.1771,0.0602
36.8090,-1.365217,-1.211226,1.635390,-2.261669,-1.728314,3.005358,-0.000746,-0.005681,-0.002314,-0.004905,-0.000951,0.007957,-0.4920,-3.9457,-2.6025,-0.6072,-0.1825,0.0671
36.8190,-1.365217,-1.211312,1.635370,-2.261720,-1.728294,3.005409,-0.000822,-0.004328,-0.003193,-0.004565,-0.000900,0.007179,-0.5307,-3.9716,-2.6957,-0.6278,-0.1749,0.0723
36.8292,-1.365225,-1.211329,1.635310,-2.261713,-1.728301,3.005457,-0.001442,-0.003387,-0.007154,-0.004175,-0.000883,0.006680,-0.4703,-4.0007,-2.6567,-0.6288,-0.1829,0.0898
36.8391,-1.365225,-1.211356,1.635249,-2.261765,-1.728317,3.005501,-0.001401,-0.002548,-0.009861,-0.003126,-0.000747,0.005795,-0.5693,-3.9754,-2.7837,-0.6179,-0.1562,0.0813
36.8490,-1.365234,-1.211377,1.635130,-2.261817,-1.728348,3.005525,-0.001566,-0.002188,-0.012040,-0.002524,-0.000643,0.004806,-0.5044,-4.0258,-2.7490,-0.6061,-0.1697,0.0847
36.8591,-1.365264,-1.211423,1.634994,-2.261778,-1.728329,3.005537,-0.001807,-0.002037,-0.013036,-0.000710,-0.000652,0.001637,-0.5508,-3.9907,-2.7119,-0.5626,-0.1859,0.0767
36.8690,-1.365266,-1.211412,1.634836,-2.261781,-1.728298,3.005565,-0.002538,-0.001957,-0.014933,-0.000396,-0.000751,0.000721,-0.5286,-4.0466,-2.7635,-0.5118,-0.1794,0.0492
36.8789,-1.365297,-1.211433,1.634695,-2.261828,-1.728326,3.005530,-0.002244,-0.002005,-0.013048,-0.000220,-0.000623,0.000432,-0.5144,-3.9765,-2.6667,-0.4474,-0.1712,0.0098
36.8889,-1.365321,-1.211448,1.634582,-2.261793,-1.728341,3.005541,-0.002350,-0.002325,-0.012330,0.000174,-0.000586,0.000168,-0.5710,-4.0122,-2.7068,-0.3731,-0.1821,-0.0418
36.8989,-1.365360,-1.211484,1.634468,-2.261773,-1.728338,3.005537,-0.002645,-0.002332,-0.011405,0.003004,-0.000558,-0.002191,-0.5350,-4.0034,-2.7108,-0.3182,-0.1885,-0.0530
36.9090,-1.365369,-1.211508,1.634344,-2.261757,-1.728319,3.005521,-0.002778,-0.002238,-0.010361,0.004190,-0.000501,-0.003106,-0.5890,-4.0451,-2.6894,-0.3005,-0.1725,-0.0902
36.9190,-1.365393,-1.211516,1.634255,-2.261717,-1.728346,3.005521,-0.002998,-0.002445,-0.009015,0.003627,-0.000514,-0.005459,-0.5623,-3.9893,-2.6555,-0.2813,-0.1767,-0.0959
36.9291,-1.365447,-1.211528,1.634157,-2.261662,-1.728353,3.005453,-0.003015,-0.002987,-0.008365,0.003532,-0.000531,-0.007101,-0.5401,-4.0080,-2.6503,-0.2738,-0.1756,-0.0976
36.9390,-1.365453,-1.211580,1.634116,-2.261669,-1.728330,3.005421,-0.003195,-0.002812,-0.007106,0.001646,-0.000469,-0.006757,-0.5121,-4.0039,-2.6400,-0.2629,-0.1704,-0.0806
36.9489,-1.365461,-1.211623,1.634037,-2.261664,-1.728346,3.005381,-0.003040,-0.003201,-0.005381,0.001288,-0.000431,-0.006519,-0.5477,-4.0224,-2.6642,-0.2507,-0.1738,-0.1005
36.9589,-1.365528,-1.211624,1.633992,-2.261652,-1.728396,3.005321,-0.003134,-0.003014,-0.004570,0.003195,-0.000381,-0.005963,-0.5230,-4.0454,-2.6182,-0.2346,-0.1731,-0.1125
36.9689,-1.365540,-1.211667,1.633956,-2.261602,-1.728339,3.005258,-0.002991,-0.003231,-0.003694,0.002552,-0.000322,-0.005097,-0.5376,-4.0159,-2.7145,-0.2254,-0.1766,-0.1287
36.9789,-1.365557,-1.211718,1.633920,-2.261542,-1.728365,3.005256,-0.003408,-0.002973,-0.003615,0.003857,-0.000325,-0.004269,-0.6520,-4.0699,-2.7009,-0.2183,-0.1832,-0.1448
36.9888,-1.365620,-1.211704,1.633896,-2.261518,-1.728358,3.005220,-0.003013,-0.003284,-0.006110,0.003726,-0.000304,-0.004711,-0.6365,-4.0528,-2.7796,-0.2207,-0.1765,-0.1323
36.9988,-1.365672,-1.211747,1.633804,-2.261508,-1.728370,3.005169,-0.005500,-0.002746,-0.008468,0.005281,-0.000336,-0.005384,-0.6325,-4.0578,-2.8184,-0.2164,-0.1658,-0.1343
37.0091,-1.365751,-1.211787,1.633720,-2.261406,-1.728392,3.005133,-0.008355,-0.002747,-0.012667,0.004960,-0.000341,-0.004773,-0.6775,-4.0769,-2.7853,-0.2096,-0.1912,-0.1314
37.0191,-1.365800,-1.211833,1.633597,-2.261362,-1.728389,3.005100,-0.009446,-0.002738,-0.012993,0.004909,-0.001214,-0.002891,-0.6867,-4.0257,-2.7858,-0.2097,-0.2051,-0.1418
37.0291,-1.365930,-1.211839,1.633465,-2.261338,-1.728406,3.005061,-0.012421,-0.003605,-0.013995,0.004310,-0.005278,-0.004227,-0.6935,-4.0355,-2.7509,-0.2116,-0.2077,-0.1446
37.0388,-1.366043,-1.211898,1.633303,-2.261309,-1.728454,3.005021,-0.015814,-0.003324,-0.015122,0.004490,-0.008030,-0.003665,-0.9077,-3.9778,-2.7247,-0.2179,-0.2045,-0.1423
37.0493,-1.366208,-1.211918,1.633174,-2.261250,-1.728533,3.005032,-0.022174,-0.003391,-0.015441,0.004148,-0.007784,-0.003550,-1.0879,-3.9816,-2.7221,-0.2252,-0.2047,-0.1337
37.0593,-1.366479,-1.211950,1.633003,-2.261198,-1.728589,3.004996,-0.025153,-0.002863,-0.016531,0.003958,-0.004343,-0.002640,-0.9931,-3.7493,-2.7688,-0.2150,-0.1935,-0.1482
37.0691,-1.366793,-1.211938,1.632823,-2.261182,-1.728628,3.004977,-0.038618,-0.000000,-0.019051,0.002519,-0.002688,-0.002979,-0.9958,-3.8820,-2.7767,-0.2018,-0.2191,-0.1424
37.0791,-1.367164,-1.211947,1.632656,-2.261146,-1.728620,3.004929,-0.040451,-0.000787,-0.018476,0.004199,-0.001006,-0.001973,-1.0531,-3.8147,-2.7465,-0.1984,-0.1876,-0.1392
37.0890,-1.367611,-1.211935,1.632474,-2.261126,-1.728613,3.004892,-0.048523,-0.000119,-0.018951,0.003588,-0.000654,-0.002637,-1.1375,-3.7742,-2.7444,-0.2042,-0.1674,-0.1414
37.0991,-1.368100,-1.211947,1.632279,-2.261102,-1.728613,3.004849,-0.051516,-0.000071,-0.019027,0.003659,-0.000492,-0.002464,-0.9791,-3.8651,-2.7324,-0.2146,-0.1488,-0.1425
37.1090,-1.368654,-1.211981,1.632061,-2.261069,-1.728610,3.004818,-0.062560,-0.000185,-0.019224,0.002318,-0.000367,-0.001405,-1.0527,-4.0324,-2.7197,-0.2101,-0.1409,-0.1358
37.1192,-1.369277,-1.211952,1.631896,-2.261030,-1.728601,3.004825,-0.061740,-0.002054,-0.017301,0.002638,-0.000256,-0.001356,-0.9992,-4.0246,-2.7275,-0.2053,-0.1104,-0.1295
37.1291,-1.369940,-1.212041,1.631706,-2.261027,-1.728640,3.004836,-0.065553,-0.004690,-0.017123,0.001806,-0.000213,-0.001079,-0.9576,-4.0640,-2.6768,-0.2093,-0.1001,-0.1527
37.1390,-1.370602,-1.212058,1.631573,-2.261017,-1.728617,3.004820,-0.065152,-0.007176,-0.015060,0.001933,-0.000004,-0.001236,-0.7428,-4.0989,-2.6665,-0.1906,-0.0792,-0.1288
37.1490,-1.371276,-1.212161,1.631399,-2.260997,-1.728625,3.004824,-0.063546,-0.009256,-0.013244,0.002590,-0.000000,-0.001058,-0.9720,-4.1551,-2.7517,-0.1882,-0.0926,-0.1269
37.1587,-1.371929,-1.212249,1.631278,-2.260986,-1.728628,3.004808,-0.061048,-0.011144,-0.011442,0.002682,-0.000000,-0.000904,-0.7218,-4.0741,-2.7219,-0.2006,-0.1182,-0.1383
37.1692,-1.372545,-1.212360,1.631155,-2.260962,-1.728672,3.004836,-0.056214,-0.012320,-0.010364,0.001698,-0.000241,-0.000817,-0.7005,-4.0948,-2.6605,-0.1914,-0.1641,-0.1421
37.1791,-1.373064,-1.212519,1.631063,-2.260930,-1.728665,3.004777,-0.052136,-0.013139,-0.009892,0.002564,-0.002566,-0.001195,-0.5140,-4.1626,-2.7431,-0.2118,-0.2009,-0.1373
37.1891,-1.373556,-1.212658,1.630983,-2.260922,-1.728724,3.004791,-0.045266,-0.017922,-0.011542,0.001098,-0.007234,-0.001382,-0.7112,-4.1810,-2.7689,-0.2014,-0.1969,-0.1366
37.1989,-1.373984,-1.212791,1.630879,-2.260902,-1.728781,3.004769,-0.039345,-0.015518,-0.011448,0.001888,-0.007422,-0.000845,-0.6423,-4.1669,-2.7005,-0.2094,-0.1784,-0.1390
37.2093,-1.374395,-1.212974,1.630771,-2.260902,-1.728891,3.004772,-0.036963,-0.015652,-0.012727,0.001060,-0.007929,-0.001037,-0.5935,-4.1976,-2.7326,-0.1995,-0.1850,-0.1315
37.2191,-1.374746,-1.213141,1.630624,-2.260881,-1.728894,3.004811,-0.031256,-0.015850,-0.012414,0.002046,-0.007292,-0.000603,-0.5504,-4.0813,-2.6987,-0.2091,-0.1939,-0.0891
37.2291,-1.375003,-1.213297,1.630468,-2.260886,-1.728949,3.004772,-0.024783,-0.016633,-0.014709,0.001554,-0.008063,-0.000373,-0.7435,-4.1641,-2.7598,-0.2221,-0.1876,-0.0288
37.2391,-1.375230,-1.213433,1.630306,-2.260866,-1.729096,3.004752,-0.021430,-0.015850,-0.015572,0.001351,-0.009127,-0.000001,-0.5852,-4.2147,-2.6813,-0.2020,-0.1775,0.0502
37.2490,-1.375434,-1.213581,1.630158,-2.260830,-1.729156,3.004793,-0.017754,-0.019394,-0.015249,0.001266,-0.011425,0.004517,-0.6123,-4.3237,-2.7288,-0.2360,-0.2291,0.0998
37.2590,-1.375571,-1.213811,1.630036,-2.260845,-1.729295,3.004884,-0.014148,-0.020715,-0.014212,0.000812,-0.013433,0.009727,-0.6634,-4.2260,-2.6367,-0.2320,-0.2102,0.0926
37.2691,-1.375691,-1.214053,1.629905,-2.260845,-1.729423,3.005000,-0.011632,-0.025931,-0.013697,0.000604,-0.016499,0.013996,-0.6709,-4.3447,-2.7820,-0.2048,-0.2131,0.1098
37.2791,-1.375799,-1.214305,1.629792,-2.260849,-1.729616,3.005104,-0.008739,-0.025736,-0.012376,0.000801,-0.019642,0.014619,-0.5991,-4.1409,-2.6967,-0.1736,-0.2129,0.1084
37.2889,-1.375874,-1.214580,1.629649,-2.260818,-1.729780,3.005239,-0.005625,-0.028487,-0.012450,0.001319,-0.022460,0.017996,-0.5901,-4.2474,-2.6498,-0.1951,-0.2482,0.1386
37.2990,-1.375906,-1.214875,1.629549,-2.260806,-1.730004,3.005353,-0.003714,-0.029057,-0.009825,0.000920,-0.026368,0.021238,-0.5252,-4.0054,-2.6303,-0.1882,-0.2340,0.1316
37.3092,-1.375933,-1.215193,1.629438,-2.260806,-1.730335,3.005552,-0.001713,-0.028703,-0.008290,0.001217,-0.032752,0.024470,-0.6662,-4.1549,-2.6723,-0.2115,-0.2312,0.1473
37.3191,-1.375926,-1.215504,1.629381,-2.260806,-1.730674,3.005773,-0.001634,-0.027639,-0.005983,0.000635,-0.036609,0.026567,-0.4908,-4.0772,-2.5916,-0.1887,-0.2356,0.1404
37.3290,-1.375942,-1.215767,1.629306,-2.260782,-1.731034,3.006032,-0.000961,-0.028300,-0.005396,0.001002,-0.038079,0.028118,-0.5362,-3.9699,-2.5431,-0.1935,-0.2437,0.1518
37.3388,-1.375938,-1.216023,1.629274,-2.260797,-1.731441,3.006281,-0.000547,-0.026372,-0.003770,0.000653,-0.040499,0.027924,-0.6243,-3.9487,-2.5430,-0.1980,-0.2431,0.1464
37.3490,-1.375938,-1.216290,1.629262,-2.260770,-1.731844,3.006526,-0.000483,-0.026980,-0.002455,0.000885,-0.040458,0.028295,-0.5898,-4.0358,-2.6687,-0.2049,-0.2529,0.1581
37.3590,-1.375938,-1.216553,1.629265,-2.260747,-1.732252,3.006810,-0.000367,-0.025920,-0.001839,0.000691,-0.038282,0.026814,-0.5864,-3.9300,-2.5445,-0.1941,-0.2276,0.1827
37.3690,-1.375947,-1.216785,1.629257,-2.260770,-1.732635,3.007034,-0.000811,-0.025784,-0.001291,0.000595,-0.035869,0.024005,-0.6131,-3.9633,-2.5715,-0.1964,-0.1969,0.1727
37.3790,-1.375947,-1.217067,1.629233,-2.260739,-1.732943,3.007309,-0.000926,-0.026996,-0.001219,0.000602,-0.029415,0.022952,-0.5835,-3.9943,-2.6791,-0.2011,-0.1999,0.1660
37.3889,-1.375955,-1.217333,1.629202,-2.260761,-1.733145,3.007456,-0.000825,-0.028244,-0.005028,0.000453,-0.024076,0.020912,-0.6363,-4.0291,-2.7819,-0.2265,-0.2145,0.1849
37.3991,-1.375986,-1.217578,1.629123,-2.260746,-1.733404,3.007700,-0.000839,-0.023768,-0.007879,0.000382,-0.020810,0.019813,-0.6740,-4.0019,-2.7052,-0.2264,-0.2197,0.1730
37.4091,-1.375986,-1.217789,1.629039,-2.260761,-1.733568,3.007884,-0.000981,-0.024724,-0.011159,0.000299,-0.017124,0.017936,-0.6081,-4.0787,-2.7921,-0.2252,-0.1932,0.1694
37.4191,-1.376002,-1.218016,1.628915,-2.260746,-1.733724,3.008071,-0.001037,-0.023607,-0.013585,0.000234,-0.012809,0.015996,-0.6052,-4.0789,-2.8549,-0.2274,-0.2064,0.1757
37.4290,-1.376026,-1.218290,1.628798,-2.260749,-1.733797,3.008187,-0.001560,-0.025680,-0.015565,0.000225,-0.010819,0.012766,-0.5994,-4.1409,-2.7767,-0.2236,-0.1925,0.1690
37.4390,-1.376022,-1.218510,1.628600,-2.260727,-1.733897,3.008292,-0.001615,-0.024573,-0.015246,0.000217,-0.006966,0.011120,-0.5029,-4.0191,-2.7139,-0.2067,-0.1981,0.1608
37.4490,-1.376050,-1.218808,1.628495,-2.260742,-1.733988,3.008384,-0.000756,-0.025113,-0.014676,0.000185,-0.006787,0.009816,-0.4414,-4.0335,-2.6463,-0.2088,-0.2075,0.1627
37.4589,-1.376022,-1.219016,1.628349,-2.260749,-1.734048,3.008488,-0.000010,-0.025226,-0.013335,0.000180,-0.008877,0.006625,-0.3655,-3.8989,-2.7014,-0.2175,-0.2288,0.1524
37.4689,-1.376014,-1.219282,1.628232,-2.260746,-1.734198,3.008548,0.002177,-0.024343,-0.012471,0.000205,-0.012261,0.006049,-0.1899,-4.0485,-2.7223,-0.1916,-0.2178,0.1605
37.4791,-1.375995,-1.219491,1.628081,-2.260702,-1.734315,3.008592,0.001245,-0.023747,-0.011590,0.000292,-0.011482,0.006311,0.0412,-4.0092,-2.6820,-0.1945,-0.2094,0.1534
37.4891,-1.375990,-1.219733,1.627967,-2.260746,-1.734368,3.008624,0.002718,-0.024714,-0.011238,0.000265,-0.010719,0.005734,0.0800,-3.9832,-2.6133,-0.2066,-0.1857,0.1345
37.4991,-1.375947,-1.219957,1.627920,-2.260746,-1.734472,3.008688,0.003308,-0.023376,-0.008069,0.000215,-0.008477,0.005687,0.1562,-3.9761,-2.5726,-0.1952,-0.1747,0.1600
37.5090,-1.375930,-1.220181,1.627802,-2.260737,-1.734531,3.008744,0.004710,-0.025267,-0.007562,0.000237,-0.003938,0.004199,0.1957,-4.1087,-2.7312,-0.2182,-0.2111,0.1617
37.5191,-1.375863,-1.220442,1.627776,-2.260734,-1.734564,3.008792,0.003915,-0.024106,-0.008437,0.000213,-0.002649,0.003617,0.1633,-3.9693,-2.7477,-0.2090,-0.1888,0.1484
37.5291,-1.375846,-1.220644,1.627689,-2.260722,-1.734556,3.008846,0.007312,-0.024164,-0.009840,0.000242,-0.001636,0.004550,0.2225,-4.0135,-2.7685,-0.2113,-0.1959,0.1652
37.5389,-1.375767,-1.220883,1.627551,-2.260722,-1.734599,3.008821,0.004870,-0.022673,-0.011182,0.000232,-0.001164,0.003824,0.2131,-3.9903,-2.7200,-0.2095,-0.1833,0.1548
37.5491,-1.375747,-1.221120,1.627466,-2.260715,-1.734572,3.008884,0.002515,-0.025245,-0.014014,0.000200,-0.000715,0.003668,0.2450,-4.0194,-2.7435,-0.2269,-0.1870,0.1552
37.5588,-1.375747,-1.221341,1.627299,-2.260706,-1.734568,3.008920,0.000775,-0.023214,-0.013023,0.000176,-0.000488,0.003251,0.1958,-4.0097,-2.7333,-0.2156,-0.1732,0.1562
37.5692,-1.375750,-1.221583,1.627187,-2.260722,-1.734553,3.008953,-0.000231,-0.023116,-0.013458,0.000211,-0.000383,0.003045,-0.0259,-4.0747,-2.8154,-0.2172,-0.1646,0.1588
37.5790,-1.375758,-1.221838,1.627039,-2.260734,-1.734599,3.008980,-0.001213,-0.023006,-0.013047,0.000177,-0.000302,0.002834,-0.1612,-4.0317,-2.6956,-0.2080,-0.1532,0.1725
37.5893,-1.375771,-1.222046,1.626901,-2.260718,-1.734568,3.009004,-0.002544,-0.023541,-0.012828,0.000177,-0.000250,0.002791,-0.2810,-4.0848,-2.7754,-0.2064,-0.1632,0.1514
37.5991,-1.375779,-1.222289,1.626804,-2.260726,-1.734606,3.009009,-0.002694,-0.022539,-0.011282,0.000155,-0.000213,0.002126,-0.3973,-3.9428,-2.7461,-0.2181,-0.1774,0.1740
37.6091,-1.375838,-1.222519,1.626699,-2.260718,-1.734580,3.009079,-0.003118,-0.023661,-0.011324,0.000158,-0.000185,0.002406,-0.4567,-4.0199,-2.7394,-0.2186,-0.1658,0.1511
37.6191,-1.375854,-1.222740,1.626619,-2.260745,-1.734615,3.009057,-0.003594,-0.023482,-0.010725,0.000142,-0.000164,0.001850,-0.5052,-3.9706,-2.7031,-0.2248,-0.2242,0.1598
37.6289,-1.375860,-1.222982,1.626495,-2.260729,-1.734658,3.009088,-0.003373,-0.025228,-0.009761,0.000145,-0.004452,0.001686,-0.5235,-4.0274,-2.8053,-0.2165,-0.2262,0.1618
37.6390,-1.375926,-1.223233,1.626427,-2.260709,-1.734668,3.009069,-0.003139,-0.023588,-0.007730,0.000134,-0.007415,0.001735,-0.5403,-3.9531,-2.6845,-0.2099,-0.2084,0.1474
37.6491,-1.375938,-1.223445,1.626349,-2.260737,-1.734740,3.009131,-0.002601,-0.023088,-0.006495,0.000124,-0.007832,0.000910,-0.5124,-3.9373,-2.6269,-0.2239,-0.2272,0.1187
37.6589,-1.375994,-1.223676,1.626311,-2.260709,-1.734824,3.009116,-0.002076,-0.022437,-0.004941,0.000115,-0.009059,0.000497,-0.5199,-3.9724,-2.6267,-0.1987,-0.2209,0.0741
37.6689,-1.375971,-1.223887,1.626256,-2.260726,-1.734923,3.009084,-0.001405,-0.021614,-0.003600,0.000103,-0.008774,0.000001,-0.5955,-4.0931,-2.6571,-0.2131,-0.2087,-0.0122
37.6790,-1.376002,-1.224118,1.626217,-2.260691,-1.735007,3.009069,-0.001083,-0.020791,-0.002438,0.000094,-0.009217,-0.002489,-0.5525,-3.9219,-2.6738,-0.1969,-0.2228,-0.0436
37.6889,-1.376014,-1.224325,1.626205,-2.260729,-1.735122,3.009052,-0.001524,-0.019532,-0.001928,0.000101,-0.008550,-0.005905,-0.5468,-3.9141,-2.5960,-0.2038,-0.2224,-0.0509
37.6990,-1.376014,-1.224516,1.626181,-2.260729,-1.735163,3.008957,-0.000978,-0.018235,-0.001529,0.000105,-0.008279,-0.008123,-0.6606,-3.8313,-2.6678,-0.1956,-0.2053,-0.0607
37.7090,-1.376026,-1.224677,1.626181,-2.260722,-1.735228,3.008882,-0.000857,-0.020154,-0.001368,0.000112,-0.006679,-0.008389,-0.5675,-4.0065,-2.7514,-0.2154,-0.2111,-0.0577
37.7190,-1.376022,-1.224887,1.626169,-2.260686,-1.735310,3.008856,-0.000527,-0.021391,-0.001650,0.000105,-0.006263,-0.007650,-0.6255,-3.9556,-2.6937,-0.2150,-0.2141,-0.0694
37.7291,-1.376010,-1.225071,1.626180,-2.260686,-1.735339,3.008772,-0.000413,-0.023304,-0.001618,0.000099,-0.006056,-0.007805,-0.5560,-4.0941,-2.7085,-0.2337,-0.2172,-0.0820
37.7390,-1.376019,-1.225333,1.626148,-2.260689,-1.735418,3.008755,-0.000276,-0.023647,-0.001359,0.000093,-0.005948,-0.008095,-0.6694,-4.1609,-2.7181,-0.2501,-0.2331,-0.0870
37.7490,-1.376030,-1.225565,1.626114,-2.260698,-1.735471,3.008679,-0.002187,-0.032048,-0.001706,0.000001,-0.008163,-0.007627,-0.7921,-4.1669,-2.7522,-0.2633,-0.2357,-0.0933
37.7590,-1.376082,-1.225879,1.626090,-2.260717,-1.735586,3.008647,-0.004863,-0.032839,-0.001250,0.000000,-0.011190,-0.006915,-0.7755,-4.1469,-2.6882,-0.2451,-0.2001,-0.0824
37.7689,-1.376165,-1.226223,1.626100,-2.260722,-1.735730,3.008526,-0.007939,-0.036852,-0.002391,0.000000,-0.011437,-0.006169,-0.8646,-4.1142,-2.7037,-0.2270,-0.2218,-0.1049
37.7790,-1.376214,-1.226600,1.626077,-2.260663,-1.735782,3.008520,-0.010516,-0.037009,-0.002093,0.000000,-0.011510,-0.006180,-0.9880,-4.0715,-2.7831,-0.2491,-0.2182,-0.0965
37.7889,-1.376389,-1.226998,1.626044,-2.260686,-1.735902,3.008475,-0.017974,-0.039588,-0.004680,0.000000,-0.012630,-0.006365,-0.9120,-4.0876,-2.8420,-0.2566,-0.2356,-0.0972
37.7990,-1.376538,-1.227374,1.625919,-2.260706,-1.736064,3.008416,-0.017996,-0.038503,-0.008950,0.000000,-0.012410,-0.005880,-0.9247,-3.9461,-2.7255,-0.2388,-0.2186,-0.0937
37.8089,-1.376740,-1.227729,1.625857,-2.260701,-1.736158,3.008357,-0.021727,-0.037547,-0.013082,0.000000,-0.012014,-0.005037,-1.0136,-4.1296,-2.7996,-0.2435,-0.2340,-0.1071
37.8188,-1.376964,-1.228131,1.625717,-2.260698,-1.736321,3.008308,-0.023262,-0.036480,-0.014777,0.000000,-0.013001,-0.005308,-1.0529,-3.8624,-2.7615,-0.2375,-0.2088,-0.0885
37.8290,-1.377231,-1.228510,1.625589,-2.260706,-1.736427,3.008288,-0.031081,-0.037211,-0.016929,0.000000,-0.016798,-0.005121,-1.0694,-4.0145,-2.6484,-0.2431,-0.2247,-0.1062
37.8390,-1.377530,-1.228841,1.625387,-2.260713,-1.736577,3.008236,-0.032900,-0.035318,-0.015093,0.000000,-0.017241,-0.005624,-1.0635,-3.8144,-2.6866,-0.2297,-0.2284,-0.1078
37.8490,-1.377890,-1.229200,1.625246,-2.260695,-1.736788,3.008232,-0.038787,-0.034064,-0.013885,0.000003,-0.018826,-0.004712,-1.0645,-3.8783,-2.6622,-0.1953,-0.2279,-0.1223
37.8589,-1.378270,-1.229576,1.625103,-2.260670,-1.736930,3.008214,-0.040766,-0.029875,-0.012685,0.001564,-0.019281,-0.004270,-0.9766,-3.8926,-2.7271,-0.1414,-0.2102,-0.1014
37.8688,-1.378721,-1.229825,1.624999,-2.260646,-1.737113,3.008141,-0.047098,-0.029272,-0.012426,0.006195,-0.018969,-0.004124,-1.0981,-3.9023,-2.6628,-0.1481,-0.2261,-0.0997
37.8790,-1.379212,-1.230121,1.624883,-2.260571,-1.737300,3.008104,-0.046798,-0.028050,-0.011360,0.008604,-0.017679,-0.004201,-1.0882,-3.8559,-2.6421,-0.1857,-0.2227,-0.1084
37.8889,-1.379710,-1.230372,1.624798,-2.260514,-1.737476,3.008091,-0.052086,-0.027319,-0.009062,0.007690,-0.017097,-0.003986,-1.0983,-3.9376,-2.6793,-0.1756,-0.2311,-0.1024
37.8990,-1.380223,-1.230638,1.624711,-2.260403,-1.737618,3.008064,-0.051807,-0.026317,-0.007131,0.008815,-0.015796,-0.003799,-0.8563,-3.9124,-2.5276,-0.1976,-0.2085,-0.1083
37.9090,-1.380718,-1.230874,1.624685,-2.260319,-1.737800,3.008043,-0.052690,-0.028578,-0.006209,0.009246,-0.015297,-0.002957,-1.1378,-4.0806,-2.6853,-0.1587,-0.2248,-0.1102
37.9191,-1.381261,-1.231158,1.624624,-2.260218,-1.737941,3.008007,-0.051349,-0.028721,-0.003197,0.013379,-0.012941,-0.002349,-0.8925,-4.0237,-2.6265,-0.1744,-0.2237,-0.0988
37.9290,-1.381765,-1.231472,1.624603,-2.260091,-1.738091,3.007945,-0.050094,-0.031175,-0.002497,0.013215,-0.011831,-0.002932,-0.7385,-4.0393,-2.6873,-0.1460,-0.2202,-0.1204
37.9390,-1.382244,-1.231802,1.624595,-2.259907,-1.738207,3.007924,-0.045719,-0.033293,-0.001637,0.015826,-0.010662,-0.001919,-0.7087,-4.1275,-2.7145,-0.1700,-0.2238,-0.1086
37.9489,-1.382675,-1.232145,1.624552,-2.259750,-1.738280,3.007928,-0.042233,-0.049170,-0.002110,0.017036,-0.006829,-0.001977,-0.8077,-4.5279,-2.7701,-0.1817,-0.2000,-0.0932
37.9589,-1.383064,-1.232635,1.624552,-2.259526,-1.738299,3.007935,-0.039000,-0.052580,-0.001273,0.022880,-0.002400,-0.001355,-0.7488,-4.2886,-2.6889,-0.1485,-0.1892,-0.1107
37.9691,-1.383471,-1.233165,1.624552,-2.259290,-1.738300,3.007915,-0.036295,-0.061508,-0.000665,0.024464,-0.000951,-0.001557,-0.5873,-4.5446,-2.7464,-0.1569,-0.1683,-0.1113
37.9792,-1.383795,-1.233823,1.624555,-2.259038,-1.738303,3.007895,-0.030086,-0.071430,-0.000590,0.026093,-0.000501,-0.001056,-0.5347,-5.0589,-2.8363,-0.2092,-0.0971,-0.0942
37.9889,-1.384083,-1.234674,1.624540,-2.258779,-1.738312,3.007861,-0.024464,-0.106370,-0.000552,0.021423,-0.000056,-0.001066,-0.5944,-5.1029,-2.7999,-0.2019,-0.0577,-0.1191
37.9990,-1.384349,-1.235722,1.624583,-2.258515,-1.738280,3.007884,-0.021940,-0.112160,0.003444,0.025931,0.002837,-0.000914,-0.6801,-4.7342,-2.3447,-0.1640,-0.0459,-0.1170
38.0089,-1.384518,-1.236952,1.624595,-2.258258,-1.738283,3.007855,-0.020701,-0.130618,0.002289,0.021920,0.001557,-0.000976,-0.5486,-5.1085,-2.2227,-0.1822,0.0048,-0.1241
38.0190,-1.384742,-1.238350,1.624600,-2.258065,-1.738231,3.007844,-0.018865,-0.136351,0.005478,0.024800,0.003731,-0.003116,-0.6714,-4.7780,-1.9618,-0.1718,0.0078,-0.1272
38.0289,-1.384909,-1.239838,1.624627,-2.257826,-1.738165,3.007807,-0.019447,-0.155169,0.003395,0.019912,0.004728,-0.006129,-0.6849,-4.9488,-1.8740,-0.1861,0.0133,-0.1326
38.0393,-1.385085,-1.241488,1.624667,-2.257638,-1.738149,3.007763,-0.019227,-0.153618,0.006126,0.020786,0.005000,-0.007442,-0.7988,-4.3409,-1.6915,-0.1293,0.0558,-0.1351
38.0491,-1.385304,-1.243022,1.624696,-2.257465,-1.738105,3.007700,-0.020800,-0.155481,0.004778,0.017455,0.004287,-0.008313,-0.9200,-4.2246,-1.5527,-0.1613,0.0452,-0.1537
38.0590,-1.385485,-1.244600,1.624781,-2.257325,-1.738087,3.007607,-0.022233,-0.146191,0.005012,0.015827,0.004575,-0.009254,-0.7885,-3.7363,-1.3804,-0.1154,0.0461,-0.1330
38.0690,-1.385712,-1.246059,1.624795,-2.257122,-1.738048,3.007523,-0.025057,-0.139648,0.005324,0.014531,0.004332,-0.009416,-0.8466,-4.1181,-1.4829,-0.1789,0.0409,-0.1620
38.0790,-1.385948,-1.247446,1.624843,-2.257033,-1.738075,3.007455,-0.029063,-0.125915,0.005530,0.013312,0.003174,-0.009513,-0.9707,-3.5294,-1.3619,-0.1382,0.0454,-0.1567
38.0889,-1.386243,-1.248635,1.624875,-2.256956,-1.738004,3.007367,-0.033010,-0.113583,0.003431,0.009400,0.003303,-0.008228,-1.0900,-3.4320,-1.3549,-0.1495,0.0517,-0.1541
38.0989,-1.386563,-1.249672,1.624912,-2.256880,-1.737976,3.007291,-0.034983,-0.098626,0.002514,0.005906,0.003105,-0.008553,-0.9755,-3.0540,-1.3792,-0.1193,0.0656,-0.1678
38.1092,-1.386938,-1.250510,1.624924,-2.256793,-1.737937,3.007198,-0.041935,-0.083205,0.001744,0.003970,0.002489,-0.007624,-1.2159,-3.6362,-1.4959,-0.1623,0.0758,-0.1754
38.1191,-1.387376,-1.251248,1.624942,-2.256784,-1.737897,3.007123,-0.047125,-0.070672,0.000440,0.004186,0.003766,-0.007196,-1.0122,-3.4407,-1.5339,-0.1573,0.0560,-0.1698
38.1291,-1.387854,-1.251864,1.624920,-2.256728,-1.737908,3.007048,-0.050658,-0.060940,-0.000206,0.004893,0.003002,-0.007349,-0.9697,-3.4886,-1.8269,-0.1647,0.0490,-0.1829
38.1390,-1.388324,-1.252433,1.624927,-2.256656,-1.737865,3.007002,-0.051098,-0.051274,-0.000898,0.003975,0.002631,-0.006741,-0.9435,-3.3826,-1.9965,-0.1683,0.0662,-0.1708
38.1490,-1.388889,-1.252845,1.624915,-2.256636,-1.737857,3.006943,-0.057814,-0.040704,-0.004019,0.002977,0.001802,-0.004166,-1.1334,-3.8054,-2.2389,-0.1863,0.0662,-0.1709
38.1589,-1.389446,-1.253211,1.624863,-2.256580,-1.737820,3.006945,-0.056672,-0.033118,-0.006229,0.004274,0.002863,-0.001925,-0.8493,-3.7617,-2.4602,-0.1642,0.0421,-0.1450
38.1690,-1.390002,-1.253496,1.624773,-2.256529,-1.737801,3.006938,-0.057365,-0.029715,-0.009738,0.003700,0.001485,-0.000851,-0.8679,-3.7013,-2.5643,-0.1614,0.0635,-0.0986
38.1790,-1.390600,-1.253766,1.624696,-2.256508,-1.737816,3.006922,-0.054806,-0.025885,-0.011818,0.004225,0.002029,-0.000535,-0.6934,-3.8157,-2.6295,-0.1785,0.0644,-0.0980
38.1890,-1.391120,-1.253990,1.624583,-2.256468,-1.737793,3.006938,-0.052805,-0.027013,-0.012578,0.002157,0.001422,-0.000390,-0.8777,-3.9231,-2.7096,-0.2094,0.0793,-0.0928
38.1991,-1.391675,-1.254229,1.624429,-2.256464,-1.737797,3.006919,-0.047742,-0.023494,-0.011903,0.004104,0.001525,-0.000307,-0.7234,-3.8844,-2.7548,-0.1934,0.0922,-0.1147
38.2092,-1.392171,-1.254472,1.624316,-2.256417,-1.737793,3.006875,-0.047771,-0.029570,-0.016583,0.001885,0.001397,-0.000212,-0.6676,-4.2031,-2.8716,-0.2187,0.0797,-0.1248
38.2190,-1.392596,-1.254740,1.624188,-2.256372,-1.737785,3.006871,-0.042725,-0.031158,-0.017012,0.002755,0.001495,-0.000219,-0.4958,-4.3170,-2.8677,-0.2046,0.0879,-0.1555
38.2292,-1.393003,-1.255071,1.623974,-2.256380,-1.737761,3.006898,-0.041403,-0.044718,-0.022599,0.001357,0.001247,-0.001646,-0.6557,-4.4878,-2.9272,-0.2145,0.0666,-0.1639
38.2394,-1.393430,-1.255517,1.623759,-2.256324,-1.737756,3.006894,-0.039766,-0.051052,-0.024643,0.004160,0.000796,-0.002823,-0.6741,-4.4521,-2.8983,-0.2354,0.0633,-0.1758
38.2490,-1.393802,-1.256065,1.623495,-2.256323,-1.737702,3.006831,-0.041958,-0.065409,-0.031343,0.003372,0.000674,-0.004862,-0.7510,-4.8127,-3.1536,-0.2396,0.0237,-0.1748
38.2591,-1.394233,-1.256744,1.623177,-2.256263,-1.737756,3.006770,-0.041560,-0.072493,-0.034046,0.008039,0.000404,-0.005659,-0.7130,-4.4033,-3.1067,-0.2117,-0.0216,-0.1708
38.2691,-1.394673,-1.257525,1.622785,-2.256196,-1.737740,3.006718,-0.045085,-0.087955,-0.043322,0.006159,0.000002,-0.003793,-0.8750,-4.6448,-3.1626,-0.2039,-0.1002,-0.1523
38.2792,-1.395116,-1.258438,1.622330,-2.256084,-1.737752,3.006757,-0.046597,-0.098157,-0.049716,0.010178,-0.001835,-0.003002,-0.7775,-4.5420,-3.1429,-0.2145,-0.1515,-0.1629
38.2889,-1.395626,-1.259416,1.621793,-2.255961,-1.737824,3.006643,-0.052233,-0.108230,-0.055976,0.007895,-0.008064,-0.003639,-0.7705,-4.5714,-3.1378,-0.1794,-0.1974,-0.1247
38.2991,-1.396096,-1.260551,1.621219,-2.255865,-1.737923,3.006685,-0.049434,-0.109796,-0.057237,0.012665,-0.011420,-0.001113,-0.7373,-4.1526,-2.9174,-0.1693,-0.1887,-0.1061
38.3091,-1.396642,-1.261687,1.620634,-2.255780,-1.738036,3.006694,-0.057299,-0.122100,-0.066413,0.006504,-0.015441,-0.000224,-0.9107,-4.5988,-3.3042,-0.2038,-0.2204,-0.0603
38.3191,-1.397190,-1.262932,1.619948,-2.255668,-1.738191,3.006670,-0.057593,-0.118210,-0.070418,0.012618,-0.015297,-0.000002,-0.9510,-4.1306,-2.9847,-0.2069,-0.2556,-0.0148
38.3292,-1.397820,-1.264117,1.619163,-2.255596,-1.738346,3.006715,-0.061903,-0.119024,-0.079319,0.007265,-0.020210,0.002688,-0.9058,-3.9834,-3.0007,-0.1654,-0.2568,0.0007
38.3390,-1.398459,-1.265341,1.618352,-2.255508,-1.738559,3.006691,-0.062170,-0.111695,-0.082580,0.010152,-0.022478,0.002899,-0.8844,-3.6695,-3.0656,-0.1387,-0.2441,0.0433
38.3491,-1.399062,-1.266444,1.617443,-2.255400,-1.738811,3.006750,-0.071909,-0.120414,-0.104836,0.007689,-0.027817,0.005237,-1.1730,-4.1892,-3.2830,-0.1885,-0.2823,0.0797
38.3590,-1.399794,-1.267596,1.616424,-2.255201,-1.739109,3.006795,-0.071961,-0.103819,-0.108021,0.021839,-0.030256,0.006954,-0.8511,-3.8872,-3.1352,-0.1678,-0.2588,0.0453
38.3691,-1.400557,-1.268645,1.615248,-2.255033,-1.739464,3.006835,-0.075567,-0.101722,-0.121288,0.022256,-0.035526,0.006360,-1.0200,-3.8414,-3.0873,-0.1235,-0.2291,0.0737
38.3790,-1.401308,-1.269639,1.613995,-2.254760,-1.739703,3.006938,-0.075631,-0.091444,-0.127482,0.030359,-0.032985,0.006921,-0.6791,-3.8702,-3.3788,-0.1165,-0.2529,0.0514
38.3894,-1.402031,-1.270560,1.612583,-2.254405,-1.740082,3.006970,-0.073137,-0.088582,-0.155858,0.036492,-0.035036,0.005790,-1.0002,-4.0588,-3.5266,-0.1759,-0.2607,0.1044
38.3991,-1.402762,-1.271355,1.610971,-2.253913,-1.740425,3.007010,-0.067086,-0.069869,-0.164550,0.051585,-0.034462,0.005165,-0.7971,-3.8004,-3.1447,-0.1499,-0.2330,0.0968
38.4089,-1.403430,-1.272042,1.609274,-2.253461,-1.740789,3.007078,-0.063871,-0.065580,-0.182495,0.050742,-0.033412,0.005290,-0.6721,-3.7775,-3.2441,-0.0959,-0.2330,0.0820
38.4188,-1.404050,-1.272664,1.607396,-2.252835,-1.741144,3.007079,-0.054920,-0.054738,-0.186168,0.061365,-0.031095,0.005901,-0.6013,-3.3527,-3.1156,-0.1096,-0.2098,0.0950
38.4289,-1.404589,-1.273155,1.605440,-2.252221,-1.741405,3.007114,-0.049729,-0.045014,-0.199075,0.064299,-0.028539,0.005870,-0.7419,-3.7791,-3.0525,-0.1129,-0.2311,0.1028
38.4389,-1.405065,-1.273567,1.603459,-2.251551,-1.741696,3.007154,-0.042001,-0.036804,-0.201183,0.071807,-0.025568,0.005903,-0.5373,-3.5993,-2.8217,-0.1242,-0.2204,0.1027
38.4490,-1.405445,-1.273905,1.601481,-2.250864,-1.741979,3.007198,-0.035282,-0.039196,-0.203459,0.065895,-0.024693,0.005177,-0.5585,-3.9207,-3.0164,-0.0896,-0.2049,0.1041
38.4590,-1.405721,-1.274237,1.599483,-2.250068,-1.742186,3.007254,-0.029165,-0.032437,-0.192094,0.075082,-0.020821,0.004241,-0.5236,-3.7211,-2.8070,-0.1426,-0.2171,0.1124
38.4693,-1.406004,-1.274524,1.597566,-2.249430,-1.742359,3.007231,-0.023043,-0.033742,-0.188677,0.068523,-0.018348,0.004193,-0.5569,-4.0358,-2.8978,-0.1313,-0.2119,0.1115
38.4790,-1.406217,-1.274856,1.595732,-2.248714,-1.742515,3.007252,-0.019317,-0.034368,-0.180891,0.069307,-0.015805,0.004293,-0.5831,-3.9531,-3.0501,-0.1467,-0.2170,0.0994
38.4892,-1.406388,-1.275209,1.593940,-2.248045,-1.742695,3.007303,-0.015403,-0.034904,-0.182117,0.064566,-0.015288,0.004163,-0.6188,-3.9518,-2.9526,-0.1247,-0.1923,0.1090
38.4991,-1.406532,-1.275541,1.592158,-2.247353,-1.742784,3.007350,-0.011322,-0.029409,-0.174284,0.069302,-0.011787,0.003281,-0.5338,-3.8747,-2.7072,-0.1687,-0.2062,0.1145
38.5089,-1.406593,-1.275883,1.590431,-2.246737,-1.742884,3.007382,-0.006345,-0.048392,-0.185581,0.050834,-0.011473,0.003233,-0.5223,-4.5316,-3.3676,-0.1571,-0.1872,0.1111
38.5190,-1.406625,-1.276329,1.588617,-2.246105,-1.742964,3.007382,-0.003303,-0.050899,-0.184067,0.058099,-0.003895,0.001577,-0.4675,-4.3728,-3.2351,-0.2382,-0.1648,0.1107
38.5295,-1.406688,-1.276816,1.586756,-2.245624,-1.742961,3.007387,-0.001687,-0.061979,-0.191380,0.046295,-0.001140,0.000808,-0.4875,-4.7750,-3.1922,-0.1761,-0.1628,0.0660
38.5389,-1.406680,-1.277475,1.584853,-2.245075,-1.742964,3.007394,-0.001111,-0.071260,-0.187532,0.049750,-0.000636,0.000517,-0.4728,-4.8412,-3.1890,-0.2200,-0.1044,0.0533
38.5491,-1.406715,-1.278306,1.582936,-2.244655,-1.742979,3.007382,-0.002535,-0.113933,-0.205910,0.035573,-0.000127,0.000123,-0.6239,-5.4192,-3.7714,-0.2371,-0.0697,0.0188
38.5595,-1.406735,-1.279407,1.580887,-2.244191,-1.742897,3.007394,-0.005653,-0.114488,-0.202466,0.052035,0.003846,0.000000,-0.7829,-4.8743,-3.3431,-0.2011,-0.0409,-0.0226
38.5691,-1.406819,-1.280630,1.578873,-2.243771,-1.742884,3.007355,-0.011251,-0.134878,-0.202448,0.044816,0.003573,-0.000937,-0.8032,-4.8778,-2.9565,-0.1261,0.0120,-0.0088
38.5790,-1.406924,-1.282058,1.576876,-2.243274,-1.742853,3.007348,-0.013488,-0.147006,-0.198857,0.048638,0.005062,-0.000472,-0.7650,-4.7680,-3.4263,-0.1706,0.0262,-0.0129
38.5889,-1.407075,-1.283597,1.574809,-2.242786,-1.742820,3.007367,-0.014391,-0.170584,-0.220145,0.041246,0.005153,-0.000434,-0.8448,-4.9705,-3.6526,-0.1773,0.0177,-0.0466
38.5991,-1.407231,-1.285208,1.572585,-2.242230,-1.742787,3.007355,-0.015694,-0.158404,-0.215445,0.056371,0.005869,-0.002229,-0.8122,-4.1927,-3.1273,-0.1501,0.0308,-0.0611
38.6093,-1.407395,-1.286843,1.570413,-2.241790,-1.742751,3.007358,-0.015226,-0.160072,-0.220296,0.050318,0.005439,-0.003069,-0.7372,-3.9387,-2.8242,-0.0604,0.0325,-0.0887
38.6191,-1.407539,-1.288458,1.568222,-2.241285,-1.742681,3.007288,-0.014777,-0.149276,-0.205598,0.055572,0.003991,-0.006239,-0.7073,-3.2168,-2.4036,-0.0700,0.0723,-0.0948
38.6290,-1.407636,-1.289942,1.566233,-2.240821,-1.742679,3.007271,-0.013311,-0.138844,-0.190279,0.048448,0.003903,-0.008007,-0.7311,-3.5661,-2.7010,-0.0749,0.0753,-0.1015
38.6392,-1.407787,-1.291304,1.564402,-2.240349,-1.742640,3.007226,-0.012754,-0.126260,-0.171309,0.047979,0.003137,-0.006901,-0.7001,-2.9647,-2.4473,-0.0749,0.0739,-0.0953
38.6490,-1.407919,-1.292485,1.562760,-2.239934,-1.742616,3.007155,-0.011757,-0.113658,-0.159926,0.038344,0.002788,-0.007359,-0.6548,-3.0831,-2.5707,-0.0826,0.0840,-0.1218
38.6591,-1.407979,-1.293540,1.561280,-2.239548,-1.742595,3.007142,-0.007239,-0.097830,-0.143307,0.040009,0.004573,-0.007429,-0.7620,-2.7004,-2.2978,-0.0445,0.0598,-0.1295
38.6691,-1.408051,-1.294414,1.559916,-2.239196,-1.742568,3.007106,-0.006219,-0.083818,-0.128287,0.035186,0.002682,-0.007542,-0.6378,-3.1742,-2.6394,-0.0761,0.0754,-0.1393
38.6790,-1.408111,-1.295183,1.558712,-2.238801,-1.742548,3.007059,-0.004494,-0.075377,-0.122264,0.032055,0.002754,-0.006959,-0.6374,-3.3218,-2.8536,-0.1145,0.0793,-0.1373
38.6892,-1.408115,-1.295810,1.557478,-2.238460,-1.742523,3.006998,-0.002446,-0.069490,-0.119978,0.028199,0.001667,-0.006863,-0.6174,-3.5989,-2.9102,-0.1173,0.0826,-0.1619
38.6990,-1.408131,-1.296424,1.556354,-2.238143,-1.742429,3.006922,-0.000890,-0.055533,-0.110861,0.031122,0.002408,-0.006141,-0.6679,-3.6655,-2.8935,-0.1341,0.0574,-0.1622
38.7089,-1.408139,-1.296983,1.555270,-2.237910,-1.742479,3.006886,-0.000811,-0.072003,-0.121514,0.017654,0.001483,-0.005866,-0.4656,-4.3811,-3.2766,-0.1706,0.0555,-0.1695
38.7194,-1.408159,-1.297614,1.554091,-2.237600,-1.742414,3.006826,-0.000247,-0.071943,-0.116254,0.022921,0.001464,-0.005625,-0.5970,-4.1580,-3.3320,-0.1893,0.0833,-0.1784
38.7292,-1.408155,-1.298366,1.552923,-2.237490,-1.742409,3.006758,-0.000220,-0.079994,-0.122764,0.015315,0.001772,-0.005933,-0.5108,-4.6351,-3.0636,-0.1401,0.0636,-0.1485
38.7389,-1.408182,-1.299203,1.551708,-2.237286,-1.742421,3.006723,-0.000584,-0.084953,-0.117324,0.019095,0.001128,-0.004650,-0.4906,-4.5815,-3.0048,-0.1527,0.0743,-0.1707
38.7489,-1.408179,-1.300168,1.550545,-2.237099,-1.742416,3.006682,-0.000391,-0.113628,-0.118537,0.013295,0.001746,-0.004302,-0.4090,-5.2130,-3.1776,-0.1904,0.0772,-0.1807
38.7591,-1.408179,-1.301332,1.549465,-2.236883,-1.742392,3.006646,-0.000645,-0.117021,-0.104126,0.021571,0.002361,-0.005144,-0.6014,-4.5624,-2.8352,-0.1654,0.0663,-0.1467
38.7692,-1.408203,-1.302585,1.548449,-2.236758,-1.742392,3.006571,-0.001276,-0.128011,-0.097323,0.016745,0.001430,-0.004127,-0.5006,-4.6683,-2.7005,-0.1329,0.0771,-0.1543
38.7790,-1.408211,-1.303995,1.547561,-2.236547,-1.742377,3.006582,-0.002405,-0.134939,-0.085929,0.020558,0.001243,-0.003043,-0.6915,-4.2844,-2.5319,-0.1074,0.0809,-0.1739
38.7892,-1.408251,-1.305431,1.546765,-2.236339,-1.742321,3.006527,-0.009359,-0.149883,-0.076360,0.022437,0.001322,-0.003623,-0.9395,-4.5610,-2.8751,-0.1286,0.0558,-0.1869
38.7991,-1.408387,-1.306912,1.546042,-2.236063,-1.742325,3.006530,-0.017127,-0.140557,-0.063556,0.035202,0.000818,-0.002741,-0.9184,-4.0154,-2.7043,-0.1272,0.0711,-0.1811
38.8092,-1.408585,-1.308402,1.545477,-2.235774,-1.742340,3.006490,-0.024746,-0.147023,-0.058138,0.034266,0.000958,-0.003576,-1.1244,-3.7017,-2.7474,-0.0835,0.0554,-0.1588
38.8191,-1.408842,-1.309831,1.544910,-2.235378,-1.742328,3.006462,-0.028248,-0.136464,-0.051839,0.043780,0.000676,-0.002495,-1.2094,-3.2767,-2.5348,-0.0759,0.0471,-0.1719
38.8292,-1.409168,-1.311132,1.544437,-2.234907,-1.742306,3.006449,-0.039689,-0.124668,-0.047999,0.052345,0.000448,-0.001875,-1.2632,-3.9448,-2.7712,-0.1145,0.0459,-0.1841
38.8392,-1.409560,-1.312361,1.543973,-2.234327,-1.742320,3.006438,-0.046660,-0.116310,-0.045946,0.058659,0.000462,-0.002172,-1.2468,-3.3882,-2.6955,-0.0858,0.0690,-0.1315
38.8493,-1.410055,-1.313411,1.543490,-2.233762,-1.742304,3.006415,-0.061407,-0.104811,-0.052405,0.064652,0.000490,-0.001538,-1.4803,-3.3381,-2.7442,-0.0872,0.0515,-0.1537
38.8588,-1.410702,-1.314393,1.542964,-2.233018,-1.742304,3.006397,-0.066947,-0.090385,-0.053047,0.076346,0.000569,-0.001182,-1.2664,-2.9606,-2.7810,-0.1153,0.0608,-0.1625
38.8690,-1.411425,-1.315189,1.542400,-2.232199,-1.742320,3.006373,-0.082342,-0.072614,-0.061801,0.083528,0.000692,-0.001079,-1.5449,-3.4373,-2.8652,-0.1278,0.0384,-0.1620
38.8792,-1.412267,-1.315868,1.541790,-2.231354,-1.742273,3.006382,-0.084759,-0.064516,-0.067412,0.091589,0.000700,-0.001875,-1.4831,-3.3116,-2.8579,-0.0898,0.0620,-0.1255
38.8889,-1.413154,-1.316409,1.541045,-2.230377,-1.742265,3.006358,-0.094240,-0.056611,-0.075180,0.101482,0.000824,-0.001135,-1.4325,-3.2959,-3.0152,-0.0968,0.0676,-0.1661
38.8990,-1.414120,-1.316891,1.540302,-2.229284,-1.742280,3.006346,-0.094570,-0.042707,-0.076622,0.110713,0.000663,-0.001221,-1.0882,-3.4351,-2.9017,-0.1262,0.0780,-0.1554
38.9089,-1.415076,-1.317244,1.539471,-2.228145,-1.742261,3.006346,-0.099141,-0.042880,-0.087228,0.116112,0.001043,-0.000970,-1.2700,-3.8326,-3.3424,-0.1383,0.0626,-0.1454
38.9192,-1.416059,-1.317665,1.538580,-2.226852,-1.742272,3.006334,-0.095586,-0.037592,-0.093739,0.127439,0.000550,-0.000923,-0.9054,-3.6580,-3.0501,-0.1490,0.0935,-0.1500
38.9292,-1.417002,-1.317938,1.537624,-2.225608,-1.742280,3.006353,-0.091668,-0.035625,-0.101803,0.130416,0.000954,-0.000950,-0.7279,-3.8700,-3.0837,-0.1063,0.0975,-0.1453
38.9388,-1.417861,-1.318293,1.536579,-2.224219,-1.742261,3.006325,-0.083111,-0.034910,-0.100618,0.135943,0.000673,-0.001507,-0.5591,-4.0406,-3.1152,-0.1335,0.0977,-0.1447
38.9493,-1.418633,-1.318674,1.535566,-2.222807,-1.742300,3.006313,-0.075134,-0.053645,-0.110115,0.142554,0.000421,-0.000829,-0.7995,-4.4350,-3.2222,-0.1090,0.0640,-0.1615
38.9592,-1.419411,-1.319201,1.534533,-2.221282,-1.742284,3.006286,-0.069488,-0.053441,-0.102877,0.159098,0.000391,-0.000954,-0.6270,-4.3204,-3.0305,-0.1650,0.0902,-0.1587
38.9693,-1.420056,-1.319776,1.533497,-2.219722,-1.742280,3.006305,-0.065059,-0.065813,-0.099942,0.156377,0.000513,-0.000644,-0.5903,-4.3067,-3.0426,-0.1430,0.0768,-0.1319
38.9792,-1.420675,-1.320471,1.532507,-2.218073,-1.742249,3.006286,-0.060746,-0.076403,-0.101009,0.158188,0.000574,-0.000599,-0.5164,-5.0271,-3.2321,-0.1659,0.0700,-0.1490
38.9891,-1.421219,-1.321367,1.531530,-2.216413,-1.742253,3.006274,-0.060220,-0.114511,-0.111000,0.162547,0.000438,-0.000539,-0.7749,-5.1162,-3.5885,-0.1353,0.0478,-0.1543
38.9992,-1.421825,-1.322476,1.530431,-2.214695,-1.742225,3.006274,-0.057903,-0.114811,-0.107111,0.177549,0.000325,-0.000487,-0.6730,-4.6544,-3.2649,-0.1682,0.0547,-0.1508
39.0091,-1.422409,-1.323704,1.529309,-2.212930,-1.742248,3.006274,-0.062618,-0.140068,-0.122444,0.175434,0.000238,-0.000489,-1.0093,-5.1956,-3.7331,-0.1310,0.0077,-0.1701
39.0191,-1.423076,-1.325150,1.528104,-2.210987,-1.742236,3.006250,-0.065627,-0.145194,-0.130702,0.194979,0.000188,-0.000467,-0.9588,-4.7541,-3.6661,-0.1600,-0.0111,-0.1491
39.0291,-1.423751,-1.326714,1.526656,-2.209046,-1.742248,3.006274,-0.076305,-0.168026,-0.159909,0.205233,-0.000158,-0.000677,-1.1220,-5.1184,-3.9190,-0.1316,-0.1056,-0.1383
39.0390,-1.424518,-1.328455,1.524975,-2.206924,-1.742287,3.006273,-0.080151,-0.167493,-0.178543,0.228881,-0.001610,-0.000607,-1.0461,-4.5592,-3.4846,-0.1037,-0.1283,-0.1316
39.0492,-1.425369,-1.330195,1.523073,-2.204559,-1.742300,3.006258,-0.093159,-0.183891,-0.215431,0.258016,-0.003287,-0.000517,-1.3329,-4.7261,-4.3021,0.0093,-0.1643,-0.1425
39.0589,-1.426312,-1.332048,1.520771,-2.201557,-1.742324,3.006269,-0.097815,-0.174185,-0.237252,0.315080,-0.002421,-0.000430,-0.9427,-3.8553,-3.7262,-0.0594,-0.1490,-0.1380
39.0691,-1.427341,-1.333778,1.518166,-2.198333,-1.742325,3.006234,-0.107758,-0.173945,-0.276344,0.342363,-0.004037,-0.000393,-1.2472,-4.5560,-4.0413,-0.0182,-0.1638,-0.1360
39.0790,-1.428441,-1.335582,1.515257,-2.194689,-1.742352,3.006238,-0.110727,-0.168671,-0.310312,0.376514,-0.001381,-0.000352,-1.1914,-3.8018,-3.8814,-0.0351,-0.1629,-0.1477
39.0891,-1.429611,-1.337152,1.512084,-2.190833,-1.742392,3.006226,-0.116842,-0.159674,-0.344402,0.400326,-0.002074,-0.000281,-1.1765,-3.7207,-4.0043,0.0332,-0.1368,-0.1404
39.0991,-1.430770,-1.338685,1.508466,-2.186557,-1.742380,3.006253,-0.115077,-0.138324,-0.360548,0.427087,-0.000967,-0.000299,-0.9356,-3.0923,-3.2904,-0.0450,-0.1035,-0.1387
39.1091,-1.431932,-1.340000,1.504658,-2.182417,-1.742412,3.006222,-0.120907,-0.134779,-0.404045,0.428462,-0.000498,-0.000277,-1.3920,-3.7329,-4.2827,0.1054,-0.1388,-0.1181
39.1189,-1.433140,-1.341230,1.500542,-2.177894,-1.742392,3.006206,-0.114062,-0.110366,-0.432140,0.464037,-0.000829,-0.000255,-1.1142,-3.2141,-3.8530,0.0090,-0.0903,-0.1342
39.1292,-1.434309,-1.342205,1.496063,-2.173266,-1.742375,3.006261,-0.116406,-0.098197,-0.474521,0.482178,-0.000469,-0.000239,-0.9674,-3.5008,-4.2364,0.1118,-0.0873,-0.1486
39.1392,-1.435484,-1.343028,1.491173,-2.168070,-1.742392,3.006245,-0.111316,-0.073917,-0.492196,0.523307,-0.000280,-0.000228,-0.7175,-2.7571,-3.3409,0.0565,-0.0652,-0.1427
39.1490,-1.436602,-1.343660,1.486059,-2.162805,-1.742412,3.006229,-0.110094,-0.066655,-0.542621,0.543071,-0.000209,-0.000221,-1.0859,-3.8127,-4.4872,0.1513,-0.0734,-0.1309
39.1589,-1.437646,-1.344173,1.480570,-2.156938,-1.742381,3.006210,-0.100801,-0.042324,-0.556788,0.586992,-0.000137,-0.000187,-0.6246,-3.1990,-3.5973,-0.0521,-0.0357,-0.1394
39.1690,-1.438605,-1.344484,1.474917,-2.151168,-1.742412,3.006202,-0.095324,-0.029336,-0.555517,0.583687,-0.000114,-0.000155,-0.6772,-3.2087,-2.7216,0.1149,0.0241,-0.1265
39.1791,-1.439520,-1.344814,1.469487,-2.145440,-1.742389,3.006206,-0.084900,-0.020819,-0.522438,0.569733,0.001042,-0.000159,-0.4503,-2.6721,-1.7908,-0.0679,0.0202,-0.1301
39.1889,-1.440288,-1.345006,1.464536,-2.140297,-1.742412,3.006191,-0.074460,-0.011549,-0.466839,0.507778,0.000724,-0.000161,-0.7246,-3.1440,-2.4967,0.0265,0.0114,-0.1467
39.1992,-1.440984,-1.345201,1.460127,-2.135442,-1.742369,3.006198,-0.063110,-0.010111,-0.399795,0.448094,0.000653,-0.000143,-0.5654,-2.6266,-1.8500,-0.1480,0.0501,-0.1404
39.2091,-1.441567,-1.345275,1.456438,-2.131568,-1.742404,3.006226,-0.056686,-0.016620,-0.359365,0.361333,0.000938,-0.000128,-0.7016,-3.2168,-2.5619,-0.0428,0.0289,-0.1248
39.2191,-1.442063,-1.345379,1.453164,-2.127979,-1.742358,3.006179,-0.050108,-0.012481,-0.320285,0.325363,0.000632,-0.000133,-0.5250,-3.0147,-2.6960,-0.2179,0.0808,-0.1270
39.2290,-1.442547,-1.345415,1.450068,-2.125002,-1.742340,3.006210,-0.044301,-0.014468,-0.307723,0.282613,0.003423,-0.000122,-0.6858,-3.5660,-3.2524,-0.1127,0.0873,-0.1426
39.2391,-1.443005,-1.345478,1.447129,-2.122137,-1.742289,3.006190,-0.046026,-0.011473,-0.293887,0.270216,0.005577,-0.000112,-0.7463,-3.7501,-3.3507,-0.1479,0.1038,-0.1449
39.2493,-1.443446,-1.345507,1.444193,-2.119614,-1.742225,3.006245,-0.056184,-0.021184,-0.321299,0.259156,0.005564,-0.000095,-1.3681,-4.3915,-4.7002,-0.0975,0.0765,-0.1388
39.2590,-1.443981,-1.345673,1.440874,-2.116654,-1.742120,3.006210,-0.058433,-0.012073,-0.340889,0.294107,0.010511,-0.000086,-1.2103,-4.0053,-4.4681,-0.2224,0.0698,-0.1253
39.2693,-1.444599,-1.345793,1.437271,-2.113872,-1.742065,3.006198,-0.075069,-0.014001,-0.375052,0.295588,0.007590,-0.000086,-1.5647,-4.2408,-4.2324,-0.0167,0.0998,-0.1322
39.2791,-1.445401,-1.345961,1.433362,-2.110795,-1.741960,3.006198,-0.094421,-0.014206,-0.394004,0.315578,0.009516,-0.000087,-1.7338,-3.8377,-3.9206,-0.1062,0.0731,-0.1256
39.2890,-1.446403,-1.346121,1.429358,-2.107644,-1.741876,3.006190,-0.116480,-0.014986,-0.408540,0.321528,0.009316,-0.000080,-1.8152,-3.5217,-3.3547,-0.0243,0.1098,-0.1359
39.2992,-1.447645,-1.346305,1.425268,-2.104404,-1.741701,3.006210,-0.127114,-0.012916,-0.399977,0.323679,0.014362,-0.000075,-1.3517,-2.9603,-2.4700,-0.0724,0.1219,-0.1236
39.3089,-1.448984,-1.346430,1.421331,-2.101312,-1.741642,3.006221,-0.161183,-0.015858,-0.401581,0.306814,0.008978,-0.000081,-2.1394,-3.4646,-3.3347,-0.0021,0.1328,-0.1257
39.3189,-1.450631,-1.346616,1.417414,-2.098063,-1.741453,3.006198,-0.167828,-0.010116,-0.382032,0.314508,0.017952,-0.000076,-1.5882,-3.0305,-3.0309,-0.1454,0.0865,-0.1239
39.3291,-1.452332,-1.346688,1.413665,-2.095075,-1.741354,3.006217,-0.184855,-0.007643,-0.367017,0.292343,0.014255,-0.000072,-1.6021,-3.0759,-2.6169,-0.0921,0.1539,-0.1423
39.3389,-1.454237,-1.346744,1.410087,-2.092260,-1.741123,3.006217,-0.189352,-0.008690,-0.344419,0.276343,0.018367,-0.000000,-1.3303,-3.4012,-2.9908,-0.0599,0.1080,-0.1292
39.3493,-1.456230,-1.346891,1.406662,-2.089450,-1.741020,3.006205,-0.214739,-0.037203,-0.374216,0.291457,0.010984,-0.000000,-1.8463,-3.9822,-4.2730,0.0362,0.1165,-0.1312
39.3589,-1.458426,-1.347044,1.403028,-2.086089,-1.740854,3.006205,-0.209257,-0.021396,-0.368474,0.353917,0.019154,-0.000000,-0.9213,-3.6428,-3.5850,-0.0457,0.1154,-0.1056
39.3690,-1.460594,-1.347271,1.399211,-2.082602,-1.740720,3.006217,-0.211380,-0.029237,-0.374439,0.370063,0.015285,-0.000070,-0.9454,-4.1766,-3.2003,0.0698,0.1463,-0.1232
39.3790,-1.462690,-1.347626,1.395559,-2.078727,-1.740590,3.006167,-0.200125,-0.036832,-0.367241,0.395839,0.017483,-0.000065,-0.3787,-4.3503,-3.5794,0.0460,0.1364,-0.1409
39.3889,-1.464636,-1.348064,1.391885,-2.074516,-1.740475,3.006202,-0.189404,-0.058130,-0.379415,0.437711,0.012985,-0.000061,-1.0553,-4.6560,-3.8009,0.0123,0.1593,-0.1147
39.3989,-1.466520,-1.348635,1.388138,-2.069922,-1.740280,3.006217,-0.169988,-0.055828,-0.361989,0.464156,0.017016,-0.000057,-0.7021,-4.0278,-2.9799,-0.0821,0.1175,-0.1308
39.4090,-1.468193,-1.349268,1.384589,-2.065432,-1.740285,3.006202,-0.164747,-0.072850,-0.360161,0.455207,0.008669,-0.000064,-0.8516,-4.2452,-3.2965,0.1079,0.1762,-0.1183
39.4190,-1.469771,-1.350023,1.381065,-2.060636,-1.740095,3.006221,-0.148807,-0.073010,-0.340921,0.475191,0.014178,-0.000061,-0.4717,-3.6837,-2.9947,0.0742,0.1643,-0.1304
39.4290,-1.471199,-1.350738,1.377695,-2.055874,-1.740002,3.006214,-0.140282,-0.079195,-0.332785,0.482899,0.012485,-0.000000,-0.8456,-4.2911,-3.2220,0.0722,0.1649,-0.1305
39.4391,-1.472539,-1.351569,1.374466,-2.051087,-1.739825,3.006186,-0.128216,-0.074654,-0.305843,0.479577,0.015847,-0.000000,-0.2956,-3.5876,-2.7074,-0.0278,0.1922,-0.1404
39.4490,-1.473751,-1.352360,1.371573,-2.046662,-1.739772,3.006171,-0.116314,-0.077575,-0.276681,0.443954,0.014427,-0.000000,-0.4305,-3.4070,-2.1845,-0.0494,0.2048,-0.1346
39.4589,-1.474788,-1.353106,1.368999,-2.042424,-1.739559,3.006190,-0.101901,-0.072083,-0.239918,0.400361,0.017641,-0.000000,-0.2700,-3.0237,-1.9822,-0.1718,0.1824,-0.1247
39.4689,-1.475695,-1.353857,1.366850,-2.038812,-1.739424,3.006190,-0.084070,-0.064854,-0.193809,0.328505,0.015958,-0.000000,-0.7752,-3.4369,-2.4803,-0.1455,0.1776,-0.1197
39.4790,-1.476474,-1.354524,1.365097,-2.035819,-1.739241,3.006221,-0.086576,-0.062889,-0.170325,0.287275,0.015488,-0.000000,-1.1842,-3.1163,-2.6894,-0.1362,0.1618,-0.1077
39.4889,-1.477320,-1.355088,1.363467,-2.033065,-1.739073,3.006186,-0.090592,-0.057586,-0.163501,0.265677,0.014938,-0.000000,-1.3351,-3.1063,-2.7718,-0.0853,0.1682,-0.0747
39.4990,-1.478205,-1.355634,1.361940,-2.030361,-1.738889,3.006205,-0.089562,-0.048020,-0.149825,0.262617,0.018855,0.000024,-1.0805,-2.9001,-2.7681,-0.1210,0.1711,0.0012
39.5093,-1.479153,-1.356031,1.360446,-2.027778,-1.738740,3.006206,-0.119988,-0.045287,-0.168833,0.269502,0.014533,0.002567,-1.9699,-3.3402,-3.5387,0.0159,0.1542,0.0237
39.5190,-1.480357,-1.356335,1.358706,-2.024805,-1.738418,3.006250,-0.130464,-0.030994,-0.180961,0.311372,0.020895,0.003475,-1.5029,-3.3275,-3.3959,-0.0532,0.1201,0.0370
39.5291,-1.481680,-1.356614,1.356879,-2.021583,-1.738293,3.006289,-0.149565,-0.024060,-0.198113,0.360431,0.017004,0.003175,-1.9016,-3.3925,-3.5747,0.1058,0.1515,0.0420
39.5389,-1.483236,-1.356864,1.354752,-2.017720,-1.738023,3.006317,-0.161430,-0.019370,-0.212819,0.408564,0.021587,0.003580,-1.6047,-3.3418,-3.5346,0.0859,0.1287,0.0760
39.5492,-1.484972,-1.357020,1.352541,-2.013339,-1.737863,3.006349,-0.190975,-0.019310,-0.239564,0.476541,0.015430,0.003980,-2.1447,-3.5516,-3.7572,0.1470,0.1212,0.0575
39.5591,-1.486904,-1.357169,1.350046,-2.008184,-1.737684,3.006366,-0.190227,-0.012199,-0.248576,0.525543,0.021656,0.005669,-1.4259,-3.3223,-3.3207,-0.0311,0.1036,0.0578
39.5689,-1.488845,-1.357288,1.347496,-2.002937,-1.737550,3.006418,-0.196730,-0.010680,-0.252185,0.528034,0.016750,0.007447,-1.2025,-3.1748,-3.0968,-0.0519,0.1742,0.0639
39.5790,-1.490845,-1.357373,1.344978,-1.997710,-1.737353,3.006469,-0.192639,-0.006790,-0.250365,0.518857,0.017293,0.007207,-1.0286,-3.2623,-3.2596,0.0188,0.1375,0.0796
39.5891,-1.492781,-1.357421,1.342465,-1.992459,-1.737257,3.006545,-0.191204,-0.006204,-0.258430,0.525544,0.012673,0.007445,-1.2036,-3.3730,-3.5657,0.0708,0.1589,0.1009
39.5992,-1.494658,-1.357402,1.339961,-1.987260,-1.737098,3.006577,-0.175715,-0.000922,-0.251770,0.515611,0.014461,0.007993,-0.6559,-3.1293,-3.0775,-0.0794,0.1630,0.1019
39.6091,-1.496431,-1.357421,1.337416,-1.982414,-1.737059,3.006634,-0.170060,-0.000362,-0.249286,0.491453,0.009668,0.008419,-0.7795,-3.4579,-3.1968,0.0051,0.1896,0.0942
39.6190,-1.498079,-1.357413,1.335013,-1.977477,-1.736918,3.006666,-0.156435,-0.000000,-0.240328,0.477129,0.010701,0.009239,-0.2592,-3.1696,-3.0053,-0.1370,0.1778,0.0825
39.6293,-1.499544,-1.357397,1.332675,-1.972899,-1.736882,3.006757,-0.140717,0.000669,-0.234008,0.445642,0.007068,0.008966,-0.7629,-3.4171,-3.2319,-0.1036,0.1755,0.1068
39.6390,-1.500897,-1.357382,1.330377,-1.968557,-1.736728,3.006818,-0.130192,-0.000000,-0.221904,0.412284,0.009538,0.007702,-0.6417,-3.3416,-3.1664,-0.1453,0.1479,0.1180
39.6492,-1.502129,-1.357420,1.328175,-1.964642,-1.736754,3.006909,-0.122813,-0.003878,-0.220538,0.387590,0.004450,0.006335,-0.6604,-3.7976,-3.2028,-0.0240,0.1592,0.1079
39.6589,-1.503337,-1.357437,1.326041,-1.960759,-1.736670,3.006895,-0.110085,-0.003349,-0.210202,0.372789,0.007565,0.003712,-0.4045,-3.5776,-2.9030,-0.1422,0.1480,0.0958
39.6690,-1.504314,-1.357469,1.324029,-1.957320,-1.736596,3.006950,-0.101745,-0.008940,-0.200692,0.343296,0.004379,0.001506,-0.8274,-3.8879,-3.0835,-0.0596,0.1675,0.0813
39.6789,-1.505302,-1.357627,1.322090,-1.953993,-1.736534,3.006934,-0.097196,-0.012361,-0.194837,0.330190,0.005023,0.000739,-1.0768,-3.7129,-3.0844,-0.0916,0.1292,0.0845
39.6891,-1.506239,-1.357759,1.320180,-1.950810,-1.736538,3.006934,-0.099318,-0.015186,-0.189703,0.319993,0.003298,0.000492,-1.0625,-3.6833,-3.0778,-0.0385,0.1406,0.0888
39.6991,-1.507188,-1.357888,1.318334,-1.947566,-1.736462,3.006934,-0.095796,-0.015050,-0.180479,0.312806,0.004972,0.000391,-0.8210,-3.4194,-2.8677,-0.1563,0.1513,0.1057
39.7095,-1.508146,-1.358094,1.316524,-1.944582,-1.736423,3.006965,-0.102186,-0.017142,-0.179721,0.303899,0.002393,0.003246,-1.0731,-3.6754,-3.3580,-0.0411,0.1393,0.1233
39.7191,-1.509118,-1.358259,1.314764,-1.941478,-1.736394,3.007017,-0.094979,-0.014183,-0.173107,0.306272,0.006048,0.004247,-0.8615,-3.4510,-3.2853,-0.1044,0.1096,0.1243
39.7291,-1.510060,-1.358411,1.313011,-1.938503,-1.736371,3.007026,-0.095592,-0.014967,-0.168632,0.297017,0.001905,0.005289,-0.8612,-3.3674,-2.9208,-0.0910,0.1569,0.1222
39.7390,-1.510948,-1.358530,1.311344,-1.935578,-1.736370,3.007027,-0.089306,-0.012853,-0.162191,0.286605,0.003280,0.005221,-0.8744,-3.3095,-2.9527,-0.1070,0.1455,0.1259
39.7493,-1.511824,-1.358667,1.309783,-1.932744,-1.736331,3.007110,-0.095786,-0.018278,-0.168505,0.282086,0.001677,0.005041,-1.1286,-3.6263,-3.4318,-0.0462,0.1231,0.1474
39.7590,-1.512747,-1.358825,1.308174,-1.929865,-1.736291,3.007138,-0.087752,-0.012426,-0.165900,0.280560,0.003452,0.004172,-0.9155,-3.4912,-3.0462,-0.1316,0.1516,0.1189
39.7690,-1.513584,-1.358926,1.306470,-1.927250,-1.736279,3.007166,-0.085920,-0.013350,-0.161921,0.261323,0.001724,0.004810,-0.7943,-3.5538,-3.0807,-0.0808,0.1629,0.1415
39.7793,-1.514427,-1.359057,1.304900,-1.924684,-1.736255,3.007202,-0.083201,-0.013383,-0.155214,0.250857,0.002542,0.003876,-0.9951,-3.6295,-3.1950,-0.0634,0.1438,0.1334
39.7892,-1.515270,-1.359182,1.303342,-1.922218,-1.736277,3.007239,-0.087445,-0.020010,-0.161403,0.256019,0.001099,0.004225,-1.1500,-3.6758,-3.3097,-0.0645,0.1282,0.1493
39.7991,-1.516115,-1.359388,1.301747,-1.919660,-1.736214,3.007309,-0.081189,-0.016269,-0.155172,0.252521,0.003589,0.004731,-0.9233,-3.5763,-2.9180,-0.1326,0.1370,0.1158
39.8090,-1.516930,-1.359580,1.300225,-1.917228,-1.736254,3.007307,-0.083250,-0.029494,-0.160090,0.246257,0.001233,0.003091,-0.8591,-4.1954,-3.4276,-0.0575,0.1259,0.1320
39.8190,-1.517761,-1.359855,1.298681,-1.914643,-1.736241,3.007311,-0.080099,-0.031784,-0.160210,0.255258,0.001114,0.002936,-0.6390,-4.1345,-3.3602,-0.1688,0.1464,0.1254
39.8291,-1.518565,-1.360190,1.297039,-1.912093,-1.736202,3.007367,-0.078937,-0.049304,-0.171874,0.253341,0.001325,0.002877,-0.7866,-4.4091,-3.5429,-0.1249,0.1261,0.1373
39.8390,-1.519337,-1.360692,1.295329,-1.909454,-1.736224,3.007379,-0.076314,-0.053744,-0.177938,0.259465,0.000633,0.003714,-0.7057,-4.5768,-3.4606,-0.1604,0.1311,0.1281
39.8490,-1.520089,-1.361264,1.293542,-1.906855,-1.736202,3.007415,-0.078647,-0.080176,-0.196971,0.261290,0.000653,0.003661,-0.6108,-5.2188,-4.0584,-0.0969,0.1274,0.1577
39.8590,-1.520879,-1.362109,1.291542,-1.903983,-1.736193,3.007439,-0.074059,-0.081973,-0.201818,0.283173,0.000585,0.005719,-0.6429,-4.6697,-3.5488,-0.2020,0.1424,0.1713
39.8690,-1.521638,-1.363011,1.289395,-1.901225,-1.736172,3.007504,-0.071826,-0.105304,-0.219984,0.276281,0.001273,0.008008,-0.8418,-5.2445,-3.5843,-0.1311,0.1175,0.1690
39.8790,-1.522339,-1.364168,1.287202,-1.898421,-1.736163,3.007642,-0.072136,-0.119077,-0.219114,0.283338,0.000709,0.010115,-0.6428,-4.7834,-3.6020,-0.1096,0.1346,0.1756
39.8890,-1.523057,-1.365445,1.284997,-1.895657,-1.736151,3.007712,-0.070269,-0.135343,-0.223886,0.281934,0.000819,0.010613,-0.6600,-4.7311,-3.2566,-0.0701,0.1260,0.1757
39.8990,-1.523742,-1.366906,1.282777,-1.892858,-1.736154,3.007823,-0.066554,-0.136274,-0.213314,0.282780,0.001047,0.010441,-0.6318,-3.8024,-2.8066,-0.1174,0.1470,0.1666
39.9092,-1.524397,-1.368399,1.280692,-1.890219,-1.736166,3.007907,-0.064439,-0.160439,-0.216813,0.265638,0.001105,0.010331,-0.8635,-4.7720,-3.5312,-0.0819,0.1131,0.1688
39.9189,-1.525029,-1.369992,1.278536,-1.887500,-1.736166,3.008034,-0.062042,-0.155285,-0.206268,0.265407,0.000598,0.009664,-0.7633,-3.8209,-3.0472,-0.1626,0.1395,0.1567
39.9291,-1.525644,-1.371553,1.276562,-1.885028,-1.736123,3.008100,-0.060667,-0.157636,-0.202169,0.238612,0.000904,0.010443,-0.8234,-3.7611,-2.8528,-0.0833,0.1366,0.1554
39.9389,-1.526232,-1.373162,1.274606,-1.882673,-1.736173,3.008199,-0.053908,-0.150807,-0.188763,0.224675,0.000659,0.008856,-0.6381,-3.1193,-2.7500,-0.1305,0.1544,0.1737
39.9491,-1.526725,-1.374635,1.272730,-1.880561,-1.736158,3.008264,-0.049975,-0.153241,-0.189953,0.204691,0.000571,0.010532,-0.7653,-3.9610,-3.2856,-0.1040,0.1466,0.1924
39.9589,-1.527236,-1.376070,1.270907,-1.878494,-1.736146,3.008391,-0.045061,-0.135020,-0.178825,0.201749,0.001077,0.012008,-0.8255,-3.0233,-2.7310,-0.1430,0.1631,0.1839
39.9692,-1.527679,-1.377382,1.269131,-1.876666,-1.736146,3.008559,-0.040601,-0.129686,-0.170961,0.183031,0.000925,0.012619,-0.7010,-2.7892,-2.5025,-0.0914,0.1502,0.1846
39.9791,-1.528048,-1.378590,1.267486,-1.874828,-1.736127,3.008640,-0.035263,-0.115037,-0.160405,0.172160,0.000700,0.013883,-0.6523,-2.7612,-2.7366,-0.0711,0.1663,0.1703
39.9892,-1.528328,-1.379662,1.265935,-1.873164,-1.736133,3.008784,-0.027767,-0.107598,-0.159158,0.167495,0.000618,0.014686,-0.7324,-3.3414,-2.9593,-0.0892,0.1373,0.1912
39.9991,-1.528608,-1.380641,1.264390,-1.871440,-1.736118,3.008932,-0.025084,-0.089633,-0.148237,0.171075,0.000524,0.015419,-0.7379,-2.8727,-2.7144,-0.1336,0.1451,0.1703
40.0092,-1.528859,-1.381446,1.262914,-1.869861,-1.736118,3.009095,-0.022090,-0.089032,-0.146665,0.163147,0.000396,0.015351,-0.6631,-3.1848,-2.9499,-0.0272,0.1202,0.1766
40.0190,-1.529072,-1.382264,1.261532,-1.868054,-1.736091,3.009233,-0.019170,-0.078984,-0.139556,0.178819,0.000338,0.015469,-0.6313,-2.9895,-2.9235,-0.0802,0.1248,0.1761
40.0289,-1.529248,-1.382972,1.260137,-1.866286,-1.736075,3.009361,-0.018345,-0.077282,-0.144285,0.187411,0.000266,0.014626,-0.7282,-3.6684,-2.9522,-0.0468,0.1140,0.1786
40.0390,-1.529459,-1.383688,1.258720,-1.864309,-1.736091,3.009512,-0.021693,-0.076701,-0.137465,0.199454,0.000220,0.013938,-0.7860,-3.7685,-3.0201,-0.0846,0.0933,0.1732
40.0490,-1.529671,-1.384454,1.257360,-1.862338,-1.736075,3.009633,-0.028644,-0.096757,-0.138109,0.201449,0.000187,0.012213,-1.1414,-4.5983,-3.3390,-0.0688,0.0722,0.1727
40.0589,-1.530031,-1.385389,1.256040,-1.860151,-1.736073,3.009717,-0.034654,-0.099702,-0.127537,0.221243,0.000163,0.011563,-1.2206,-4.0738,-3.0396,-0.1595,0.0477,0.1756
40.0690,-1.530422,-1.386415,1.254807,-1.858076,-1.736101,3.009829,-0.048724,-0.120286,-0.124147,0.212492,0.000144,0.009830,-1.2244,-4.7664,-3.3297,-0.1012,0.0392,0.1741
40.0791,-1.530988,-1.387651,1.253610,-1.855897,-1.736058,3.009937,-0.064818,-0.138358,-0.115615,0.215387,0.000067,0.008647,-1.3844,-4.7575,-3.1645,-0.1479,0.0327,0.1565
40.0890,-1.531696,-1.389124,1.252491,-1.853765,-1.736061,3.009990,-0.080492,-0.161902,-0.111189,0.210556,-0.000154,0.007588,-1.5948,-4.9058,-3.0989,-0.1440,0.0036,0.1602
40.0990,-1.532603,-1.390854,1.251502,-1.851583,-1.736055,3.010054,-0.091965,-0.169543,-0.092541,0.209784,-0.000088,0.006884,-1.3972,-4.1341,-2.8034,-0.1795,0.0376,0.1636
40.1090,-1.533598,-1.392650,1.250594,-1.849612,-1.736055,3.010102,-0.119097,-0.203144,-0.094471,0.194354,-0.000114,0.006049,-1.8279,-5.0799,-3.2948,-0.1494,-0.0326,0.1736
40.1189,-1.534864,-1.394737,1.249705,-1.847612,-1.736031,3.010193,-0.132262,-0.202933,-0.082170,0.198942,-0.000166,0.005063,-1.4851,-4.3639,-3.0192,-0.1876,0.0093,0.1761
40.1290,-1.536259,-1.396875,1.248939,-1.845733,-1.736028,3.010238,-0.147905,-0.214719,-0.079222,0.184966,-0.000129,0.004840,-1.4937,-4.1655,-3.0140,-0.1394,0.0102,0.1641
40.1389,-1.537742,-1.399102,1.248216,-1.843922,-1.736046,3.010242,-0.153767,-0.211264,-0.072216,0.177487,-0.000104,0.004964,-1.4548,-3.6583,-2.6924,-0.1480,0.0318,0.1641
40.1490,-1.539340,-1.401288,1.247495,-1.842226,-1.736079,3.010341,-0.175146,-0.225051,-0.078335,0.167957,-0.000109,0.006914,-1.7969,-4.4257,-3.0964,-0.1436,-0.0202,0.1706
40.1589,-1.541115,-1.403505,1.246757,-1.840506,-1.736084,3.010422,-0.177233,-0.210555,-0.065646,0.169193,-0.000100,0.009574,-1.1145,-3.2505,-2.8587,-0.1770,0.0352,0.1954
40.1690,-1.542826,-1.405604,1.246039,-1.838994,-1.736141,3.010517,-0.178710,-0.205300,-0.066351,0.153333,-0.000088,0.011134,-1.2685,-3.1109,-2.6193,-0.1101,0.0481,0.1677
40.1790,-1.544605,-1.407583,1.245410,-1.837506,-1.736110,3.010614,-0.178945,-0.190954,-0.062124,0.144022,-0.000059,0.011910,-1.0408,-2.5326,-2.6109,-0.0408,0.0606,0.1762
40.1892,-1.546303,-1.409406,1.244804,-1.836052,-1.736122,3.010718,-0.175611,-0.176670,-0.064257,0.148426,-0.000062,0.012145,-1.2808,-3.1678,-2.8802,-0.0801,0.0405,0.1948
40.1990,-1.548027,-1.411051,1.244132,-1.834500,-1.736094,3.010861,-0.164243,-0.152170,-0.063060,0.151216,-0.000048,0.011250,-0.7576,-2.6573,-2.6349,-0.0946,0.0875,0.1841
40.2090,-1.549665,-1.412487,1.243503,-1.833110,-1.736130,3.010954,-0.159636,-0.138487,-0.066934,0.146135,-0.000044,0.012204,-0.9649,-2.7264,-2.6376,-0.0507,0.0851,0.1771
40.2194,-1.551186,-1.413754,1.242887,-1.831602,-1.736110,3.011074,-0.150036,-0.119925,-0.066820,0.150998,-0.000041,0.011775,-0.5203,-2.3174,-2.4546,-0.0858,0.0985,0.1802
40.2292,-1.552625,-1.414803,1.242211,-1.830151,-1.736137,3.011197,-0.141144,-0.103810,-0.064621,0.150209,0.000016,0.012011,-0.9584,-2.8850,-2.8944,-0.0820,0.0867,0.1917
40.2391,-1.554004,-1.415743,1.241579,-1.828631,-1.736137,3.011290,-0.129024,-0.092141,-0.064673,0.154701,0.000000,0.010753,-0.8447,-2.9186,-2.8137,-0.1223,0.0943,0.1797
40.2491,-1.555268,-1.416540,1.240923,-1.827120,-1.736118,3.011366,-0.129908,-0.092721,-0.066650,0.159533,0.000000,0.010008,-0.8141,-3.6241,-2.8839,-0.0398,0.0736,0.1856
40.2592,-1.556543,-1.417450,1.240354,-1.825325,-1.736113,3.011498,-0.118829,-0.086969,-0.060385,0.179151,0.000000,0.008617,-0.6301,-3.3788,-2.8370,-0.1287,0.0928,0.1904
40.2690,-1.557702,-1.418274,1.239754,-1.823545,-1.736075,3.011538,-0.117455,-0.093821,-0.060265,0.181224,0.000000,0.007207,-1.0238,-3.7274,-2.8881,-0.0829,0.0765,0.1892
40.2794,-1.558869,-1.419162,1.239151,-1.821652,-1.736070,3.011626,-0.112345,-0.108199,-0.060454,0.182713,0.000000,0.006163,-1.0825,-4.3433,-2.9055,-0.1528,0.0574,0.1900
40.2893,-1.560036,-1.420264,1.238682,-1.819775,-1.736079,3.011667,-0.117442,-0.127892,-0.052368,0.179210,0.000000,0.006005,-1.0479,-4.5307,-3.0818,-0.1635,-0.0064,0.1712
40.2991,-1.561231,-1.421547,1.238226,-1.817951,-1.736086,3.011715,-0.115372,-0.131303,-0.041976,0.176514,0.000000,0.005904,-0.8376,-4.2007,-2.8437,-0.2432,-0.0359,0.1752
40.3091,-1.562419,-1.423017,1.237825,-1.816353,-1.736122,3.011794,-0.127343,-0.179966,-0.046090,0.150701,-0.009050,0.005855,-1.5177,-5.5666,-3.2956,-0.1425,-0.1076,0.1664
40.3192,-1.563718,-1.424902,1.237477,-1.814710,-1.736137,3.011803,-0.135031,-0.193905,-0.032697,0.156983,-0.005646,0.004886,-1.2074,-4.9072,-3.0121,-0.2129,-0.1384,0.1715
40.3289,-1.565144,-1.426923,1.237201,-1.813263,-1.736218,3.011840,-0.146796,-0.217951,-0.027617,0.142085,-0.010404,0.003407,-1.3442,-4.9802,-3.0589,-0.2024,-0.1298,0.1783
40.3390,-1.566619,-1.429303,1.236972,-1.811870,-1.736290,3.011914,-0.153793,-0.227855,-0.019133,0.137985,-0.009515,0.003660,-1.3630,-4.5618,-2.9083,-0.2134,-0.1207,0.1714
40.3492,-1.568217,-1.431734,1.236796,-1.810525,-1.736338,3.011931,-0.182710,-0.263620,-0.020291,0.125458,-0.012531,0.003638,-1.8791,-5.4600,-3.2113,-0.2023,-0.1875,0.1912
40.3588,-1.570036,-1.434461,1.236656,-1.809309,-1.736434,3.011967,-0.188714,-0.260134,-0.010233,0.129176,-0.007723,0.003134,-1.3871,-3.9500,-2.7346,-0.1784,-0.1683,0.1638
40.3688,-1.571953,-1.437156,1.236527,-1.808118,-1.736542,3.011995,-0.195916,-0.263618,-0.010518,0.113899,-0.009136,0.003490,-1.4003,-3.4525,-2.4737,-0.1153,-0.1157,0.1588
40.3790,-1.573908,-1.439761,1.236412,-1.807085,-1.736605,3.011999,-0.201054,-0.256755,-0.006978,0.108519,-0.009264,0.002810,-1.8201,-2.5734,-2.2640,-0.0765,-0.1394,0.1460
40.3891,-1.575958,-1.442225,1.236392,-1.805941,-1.736618,3.012059,-0.227783,-0.240473,-0.003291,0.111251,-0.009947,0.001831,-1.8440,-3.4996,-2.5439,-0.0929,-0.1959,0.1723
40.3991,-1.578225,-1.444590,1.236359,-1.804839,-1.736695,3.012064,-0.224211,-0.220063,-0.000340,0.111772,-0.007008,0.002267,-1.0795,-2.5958,-2.1870,-0.1406,-0.1360,0.1593
40.4091,-1.580438,-1.446731,1.236348,-1.803798,-1.736790,3.012106,-0.232953,-0.204484,-0.005479,0.107995,-0.007914,0.002680,-1.5671,-2.2310,-2.1191,-0.0435,-0.1606,0.1485
40.4190,-1.582756,-1.448632,1.236327,-1.802724,-1.736818,3.012096,-0.230384,-0.178969,-0.004022,0.110391,-0.005065,0.002006,-1.0838,-1.8012,-2.2324,-0.0083,-0.1577,0.1624
40.4291,-1.585100,-1.450258,1.236319,-1.801551,-1.736902,3.012124,-0.233281,-0.152702,-0.006076,0.117936,-0.008908,0.002015,-1.5317,-2.4380,-2.7196,-0.0649,-0.1372,0.1531
40.4391,-1.587416,-1.451701,1.236168,-1.800393,-1.736934,3.012125,-0.224497,-0.131828,-0.010695,0.118047,-0.003133,0.002164,-1.2186,-2.2394,-2.6894,-0.1069,-0.1620,0.1648
40.4491,-1.589672,-1.452879,1.236044,-1.799239,-1.737017,3.012159,-0.226930,-0.115590,-0.016966,0.121072,-0.006505,0.001316,-1.3738,-2.5943,-2.6342,-0.0802,-0.1509,0.1667
40.4591,-1.591950,-1.453949,1.235892,-1.797973,-1.737029,3.012144,-0.216668,-0.097397,-0.015895,0.124035,-0.003238,0.001362,-0.7595,-2.5520,-2.6075,-0.1361,-0.1444,0.1539
40.4692,-1.594039,-1.454828,1.235736,-1.796811,-1.737136,3.012171,-0.206275,-0.087195,-0.015881,0.118636,-0.006527,0.001874,-1.4123,-2.8952,-2.7776,-0.1031,-0.1220,0.1807
40.4791,-1.596072,-1.455640,1.235596,-1.795613,-1.737105,3.012195,-0.200153,-0.076986,-0.015078,0.117800,-0.003141,0.001214,-1.1757,-2.7654,-2.6972,-0.1194,-0.1646,0.1549
40.4891,-1.598037,-1.456323,1.235456,-1.794516,-1.737189,3.012219,-0.194661,-0.066777,-0.015660,0.113783,-0.004717,0.001017,-1.0370,-3.1619,-2.6759,-0.1062,-0.1653,0.1613
40.4990,-1.599891,-1.456951,1.235348,-1.793346,-1.737181,3.012227,-0.180694,-0.061261,-0.012185,0.110951,-0.002790,0.000710,-0.6859,-2.9742,-2.7405,-0.1552,-0.1289,0.1685
40.5091,-1.601581,-1.457541,1.235231,-1.792296,-1.737264,3.012207,-0.173690,-0.057673,-0.011140,0.105287,-0.007443,0.000631,-1.2069,-3.2637,-2.7138,-0.1471,-0.1533,0.1667
40.5190,-1.603274,-1.458077,1.235143,-1.791249,-1.737214,3.012244,-0.162774,-0.051384,-0.006101,0.105164,-0.004223,0.000939,-0.7608,-3.3324,-2.6165,-0.1948,-0.1998,0.1572
40.5292,-1.604856,-1.458596,1.235158,-1.790259,-1.737393,3.012224,-0.152736,-0.050552,-0.001984,0.098780,-0.010467,0.000757,-0.6554,-3.3275,-2.4667,-0.1398,-0.1293,0.1619
40.5390,-1.606291,-1.459080,1.235151,-1.789269,-1.737441,3.012212,-0.140408,-0.047457,0.000568,0.094671,-0.008509,0.000696,-0.6767,-3.2949,-2.2926,-0.1368,-0.1780,0.1512
40.5491,-1.607660,-1.459492,1.235159,-1.788304,-1.737556,3.012231,-0.140916,-0.047674,0.004055,0.094673,-0.013313,0.000707,-1.1507,-3.5866,-2.1554,-0.1094,-0.1764,0.1602
40.5590,-1.609003,-1.460006,1.235226,-1.787329,-1.737601,3.012268,-0.131731,-0.044148,0.006352,0.096313,-0.009682,0.000679,-0.6319,-3.4997,-1.9760,-0.1975,-0.1746,0.1516
40.5692,-1.610249,-1.460415,1.235239,-1.786422,-1.737728,3.012283,-0.125151,-0.044319,0.006341,0.089985,-0.011612,0.000610,-0.7585,-3.4737,-1.8097,-0.1687,-0.1604,0.1586
40.5792,-1.611478,-1.460917,1.235305,-1.785525,-1.737819,3.012233,-0.118170,-0.047192,0.006321,0.087935,-0.010160,0.000570,-0.6758,-3.8231,-1.9200,-0.1589,-0.1943,0.1427
40.5892,-1.612605,-1.461467,1.235426,-1.784610,-1.737940,3.012229,-0.117070,-0.061195,0.002765,0.094629,-0.011709,0.000472,-0.9802,-3.7609,-2.0816,-0.1900,-0.2071,0.1615
40.5991,-1.613756,-1.462050,1.235387,-1.783644,-1.737965,3.012264,-0.109635,-0.060415,0.002150,0.097061,-0.009012,0.000402,-0.7712,-3.6112,-2.0398,-0.1961,-0.2106,0.1586
40.6091,-1.614818,-1.462673,1.235363,-1.782691,-1.738084,3.012299,-0.111525,-0.076551,-0.001006,0.094159,-0.012216,0.000280,-1.1673,-4.3402,-2.5422,-0.1601,-0.1976,0.1465
40.6190,-1.615964,-1.463488,1.235370,-1.781661,-1.738128,3.012264,-0.110860,-0.086080,-0.000571,0.102644,-0.008410,0.000296,-1.0874,-4.2118,-2.6361,-0.1603,-0.2105,0.1558
40.6290,-1.617114,-1.464485,1.235332,-1.780602,-1.738263,3.012299,-0.119369,-0.112313,-0.004758,0.103790,-0.009556,0.000276,-1.2301,-4.2530,-2.8989,-0.2085,-0.2338,0.1559
40.6391,-1.618395,-1.465678,1.235299,-1.779575,-1.738288,3.012304,-0.127139,-0.128487,-0.003939,0.105904,-0.008743,0.000355,-1.2608,-4.1568,-2.9587,-0.1812,-0.2296,0.1572
40.6490,-1.619670,-1.466957,1.235271,-1.778471,-1.738376,3.012272,-0.143247,-0.159383,-0.010458,0.108706,-0.013099,0.000321,-1.8468,-5.2522,-3.1942,-0.1744,-0.2462,0.1425
40.6589,-1.621266,-1.468681,1.235203,-1.777238,-1.738491,3.012304,-0.157549,-0.171367,-0.005182,0.124561,-0.010172,0.000366,-1.2408,-4.5217,-2.8301,-0.1880,-0.2287,0.1572
40.6691,-1.622936,-1.470470,1.235187,-1.776025,-1.738607,3.012304,-0.174404,-0.206645,-0.007858,0.122232,-0.014692,0.000320,-1.5826,-4.8674,-3.0769,-0.1470,-0.2390,0.1583
40.6792,-1.624748,-1.472547,1.235126,-1.774738,-1.738720,3.012308,-0.190875,-0.208870,-0.001387,0.131261,-0.013649,0.000282,-1.7061,-4.1670,-2.8771,-0.1638,-0.2529,0.1548
40.6891,-1.626713,-1.474690,1.235111,-1.773426,-1.738859,3.012300,-0.207116,-0.220753,-0.000479,0.129533,-0.014142,0.000237,-1.6758,-4.0927,-2.7100,-0.1712,-0.2398,0.1517
40.6989,-1.628837,-1.476939,1.235150,-1.772172,-1.738999,3.012304,-0.211801,-0.218073,0.000568,0.126404,-0.013011,0.000184,-1.0644,-3.1143,-2.1475,-0.1631,-0.1899,0.1531
40.7090,-1.630954,-1.479131,1.235080,-1.771065,-1.739116,3.012316,-0.220609,-0.217652,0.001096,0.115679,-0.014404,0.000183,-1.7040,-3.7066,-2.1668,-0.1205,-0.2179,0.1568
40.7190,-1.633166,-1.481301,1.235118,-1.769881,-1.739223,3.012316,-0.217879,-0.205226,0.006188,0.115874,-0.010944,0.000183,-1.1339,-2.7910,-1.8862,-0.1170,-0.2167,0.1491
40.7289,-1.635299,-1.483287,1.235147,-1.768783,-1.739403,3.012316,-0.212108,-0.194843,0.002699,0.108161,-0.012981,0.000182,-0.8904,-2.4539,-1.6430,-0.1205,-0.1777,0.1452
40.7390,-1.637288,-1.485180,1.235178,-1.767811,-1.739495,3.012335,-0.197156,-0.173587,0.003636,0.099618,-0.010173,0.000162,-0.6783,-2.2291,-1.4193,-0.0678,-0.1753,0.1379
40.7490,-1.639101,-1.486882,1.235210,-1.766843,-1.739622,3.012288,-0.182070,-0.159453,0.004276,0.098309,-0.010721,0.000149,-1.0127,-2.7692,-1.5967,-0.1030,-0.1902,0.1373
40.7589,-1.640839,-1.488424,1.235262,-1.765844,-1.739715,3.012319,-0.162933,-0.136468,0.005540,0.099021,-0.008052,0.000128,-0.5525,-2.2884,-1.4746,-0.1314,-0.1890,0.1328
40.7691,-1.642367,-1.489684,1.235282,-1.764942,-1.739826,3.012343,-0.143616,-0.121676,0.002953,0.090334,-0.007760,0.000129,-0.5620,-2.2460,-1.4195,-0.0954,-0.1711,0.1393
40.7791,-1.643668,-1.490782,1.235295,-1.764048,-1.739898,3.012297,-0.123594,-0.102498,0.004030,0.090314,-0.006943,0.000120,-0.4722,-2.1491,-1.3757,-0.1004,-0.1782,0.1300
40.7889,-1.644821,-1.491713,1.235350,-1.763162,-1.739934,3.012312,-0.108974,-0.086897,0.002034,0.095517,-0.007798,0.000108,-0.5960,-2.6837,-1.3824,-0.1086,-0.2021,0.1250
40.7991,-1.645809,-1.492485,1.235367,-1.762160,-1.739987,3.012300,-0.090971,-0.072180,0.001913,0.099105,-0.006215,0.000098,-0.3477,-2.4863,-1.4562,-0.1665,-0.1864,0.1531
40.8091,-1.646602,-1.493121,1.235387,-1.761191,-1.740035,3.012312,-0.075726,-0.059861,0.001970,0.098986,-0.006648,0.000105,-0.4767,-2.7092,-1.4287,-0.0893,-0.1851,0.1240
40.8190,-1.647282,-1.493683,1.235423,-1.760184,-1.740097,3.012319,-0.060066,-0.049117,0.003019,0.101467,-0.006045,0.000097,-0.4328,-2.7302,-1.4595,-0.1226,-0.1819,0.1437
40.8291,-1.647807,-1.494083,1.235478,-1.759135,-1.740115,3.012328,-0.047907,-0.039566,0.005703,0.103335,-0.005516,0.000090,-0.5610,-2.8991,-1.3447,-0.1304,-0.1959,0.1318
40.8390,-1.648232,-1.494460,1.235531,-1.758098,-1.740139,3.012335,-0.038205,-0.033613,0.008498,0.105428,-0.003662,0.000084,-0.4828,-2.9363,-1.3935,-0.1364,-0.2114,0.1294
40.8492,-1.648568,-1.494766,1.235624,-1.757064,-1.740214,3.012297,-0.029071,-0.030604,0.010517,0.105631,-0.004705,0.000090,-0.5292,-3.0309,-1.5086,-0.1251,-0.2046,0.1328
40.8589,-1.648844,-1.495038,1.235775,-1.755968,-1.740242,3.012319,-0.023924,-0.027249,0.012263,0.106262,-0.004572,0.000085,-0.4041,-2.9750,-1.4734,-0.1872,-0.2034,0.1291
40.8690,-1.649033,-1.495290,1.235898,-1.754926,-1.740310,3.012316,-0.017273,-0.025613,0.013636,0.100305,-0.004356,0.000080,-0.4603,-3.2278,-1.4500,-0.1396,-0.2182,0.1395
40.8791,-1.649188,-1.495537,1.236003,-1.753944,-1.740311,3.012347,-0.011734,-0.032419,0.011029,0.099145,-0.003703,0.000000,-0.4706,-3.4608,-1.5449,-0.1518,-0.2229,0.1195
40.8890,-1.649268,-1.495810,1.236103,-1.752924,-1.740350,3.012331,-0.005833,-0.039572,0.010284,0.094656,-0.003769,0.000062,-0.4095,-3.6429,-1.6404,-0.1613,-0.2151,0.1334
40.8990,-1.649277,-1.496225,1.236263,-1.752007,-1.740371,3.012347,-0.002385,-0.042537,0.011458,0.089437,-0.002911,0.000058,-0.3319,-3.5612,-1.5806,-0.2053,-0.2181,0.1353
40.9090,-1.649289,-1.496676,1.236386,-1.751153,-1.740417,3.012331,-0.002264,-0.062036,0.009584,0.077543,-0.003922,0.000055,-0.7261,-3.9142,-1.6457,-0.2041,-0.2160,0.1332
40.9190,-1.649365,-1.497357,1.236459,-1.750370,-1.740410,3.012331,-0.009655,-0.065276,0.012418,0.073969,-0.002029,0.000051,-0.7631,-3.8789,-1.5578,-0.2146,-0.2427,0.1298
40.9290,-1.649489,-1.498072,1.236595,-1.749676,-1.740454,3.012316,-0.015129,-0.076439,0.012468,0.063168,-0.002809,0.000000,-0.8606,-3.8968,-1.5269,-0.2354,-0.2340,0.1245
40.9390,-1.649660,-1.498895,1.236739,-1.749124,-1.740470,3.012328,-0.019922,-0.082376,0.015115,0.054732,-0.002574,0.000000,-0.9171,-3.5804,-1.4085,-0.1985,-0.2178,0.1283
40.9492,-1.649881,-1.499817,1.236867,-1.748618,-1.740463,3.012352,-0.031348,-0.094212,0.016269,0.045432,-0.001977,0.000000,-0.9285,-3.8243,-1.4833,-0.2122,-0.2448,0.1492
40.9590,-1.650259,-1.500814,1.237051,-1.748245,-1.740494,3.012328,-0.036597,-0.095893,0.020049,0.036577,-0.001717,0.000000,-0.9254,-3.2279,-1.3530,-0.1897,-0.2168,0.1313
40.9690,-1.650639,-1.501792,1.237228,-1.747907,-1.740518,3.012309,-0.042912,-0.099870,0.020874,0.028574,-0.001164,0.000000,-0.9449,-2.9541,-1.2690,-0.1708,-0.1928,0.1296
40.9789,-1.651111,-1.502746,1.237447,-1.747690,-1.740530,3.012328,-0.046687,-0.092936,0.023008,0.022966,-0.000713,0.000000,-1.2030,-2.6010,-1.0661,-0.1463,-0.2045,0.1363
40.9891,-1.651599,-1.503631,1.237711,-1.747471,-1.740549,3.012331,-0.058664,-0.085010,0.027552,0.018351,-0.000961,0.000000,-1.2075,-2.9333,-1.1994,-0.1856,-0.2187,0.1213
40.9988,-1.652211,-1.504457,1.237979,-1.747343,-1.740569,3.012309,-0.061925,-0.075890,0.029251,0.012756,-0.000934,0.000000,-1.0092,-2.6697,-1.1118,-0.1582,-0.1919,0.1303
41.0089,-1.652882,-1.505168,1.238286,-1.747228,-1.740551,3.012340,-0.071493,-0.067941,0.029874,0.008373,-0.000737,0.000000,-1.3297,-2.4691,-1.0711,-0.1802,-0.2328,0.1263
41.0189,-1.653646,-1.505818,1.238551,-1.747231,-1.740551,3.012347,-0.076979,-0.058001,0.030198,0.003301,-0.001972,0.000000,-1.2143,-2.3510,-1.0042,-0.1511,-0.2366,0.1218
41.0290,-1.654510,-1.506310,1.238860,-1.747191,-1.740626,3.012350,-0.087685,-0.046362,0.030506,0.001176,-0.006607,0.000000,-1.3509,-2.5334,-0.9808,-0.1502,-0.2353,0.1264
41.0391,-1.655434,-1.506713,1.239191,-1.747163,-1.740693,3.012316,-0.092143,-0.039809,0.030855,0.001642,-0.007447,0.000000,-1.2460,-2.4198,-1.1509,-0.1670,-0.2358,0.1228
41.0490,-1.656386,-1.507044,1.239491,-1.747155,-1.740742,3.012328,-0.102541,-0.030651,0.029811,0.001604,-0.007191,0.000000,-1.6236,-2.5558,-1.1741,-0.1848,-0.2281,0.1381
41.0591,-1.657447,-1.507276,1.239786,-1.747109,-1.740797,3.012331,-0.107204,-0.024142,0.027694,0.002186,-0.003810,0.000000,-1.2917,-2.5931,-1.1779,-0.1648,-0.2314,0.1333
41.0691,-1.658566,-1.507514,1.240036,-1.747100,-1.740842,3.012332,-0.118649,-0.018080,0.025751,0.001178,-0.004294,0.000000,-1.2587,-2.6336,-1.1365,-0.1708,-0.1961,0.1237
41.0790,-1.659770,-1.507655,1.240295,-1.747045,-1.740838,3.012324,-0.127918,-0.012173,0.022792,0.002748,-0.001446,0.000000,-1.4320,-2.6917,-1.1545,-0.1665,-0.2467,0.1231
41.0891,-1.661078,-1.507723,1.240504,-1.747044,-1.740878,3.012328,-0.139817,-0.006470,0.021592,0.002977,-0.002771,0.000000,-1.6495,-2.6700,-1.2758,-0.1856,-0.2382,0.1224
41.0990,-1.662545,-1.507767,1.240739,-1.746992,-1.740886,3.012340,-0.146595,-0.003144,0.019342,0.002501,-0.003093,0.000000,-1.1838,-2.8179,-1.3356,-0.1953,-0.2402,0.1307
41.1090,-1.664057,-1.507764,1.240900,-1.746974,-1.740970,3.012290,-0.172401,-0.001388,0.017069,0.002836,-0.009475,0.000000,-2.0297,-2.5119,-1.3079,-0.1032,-0.2368,0.1304
41.1194,-1.665840,-1.507728,1.241044,-1.746927,-1.741041,3.012328,-0.182299,-0.000635,0.014987,0.011587,-0.005271,0.000000,-1.4759,-2.6082,-1.3194,-0.1391,-0.2826,0.1308
41.1289,-1.667661,-1.507747,1.241212,-1.746781,-1.741145,3.012347,-0.196355,-0.000003,0.014091,0.018139,-0.008500,0.000000,-1.5480,-2.6062,-1.4071,-0.1486,-0.2136,0.1142
41.1390,-1.669648,-1.507719,1.241313,-1.746586,-1.741145,3.012312,-0.197354,-0.000000,0.010970,0.015196,-0.005554,0.000000,-1.0232,-2.7313,-1.4876,-0.1674,-0.2259,0.1372
41.1490,-1.671625,-1.507747,1.241381,-1.746423,-1.741229,3.012355,-0.198902,-0.000199,0.008513,0.019194,-0.008763,0.000000,-1.3409,-2.6941,-1.4641,-0.1719,-0.2084,0.1207
41.1591,-1.673597,-1.507719,1.241461,-1.746235,-1.741269,3.012305,-0.188893,-0.000369,0.005257,0.019810,-0.003599,0.000000,-0.9597,-2.8899,-1.4524,-0.1831,-0.2430,0.1197
41.1690,-1.675422,-1.507731,1.241496,-1.746071,-1.741393,3.012293,-0.175077,-0.000881,0.003874,0.021258,-0.007050,0.000000,-0.6619,-2.9015,-1.4201,-0.1453,-0.1848,0.1175
41.1791,-1.677150,-1.507743,1.241532,-1.745813,-1.741438,3.012324,-0.164311,-0.000730,0.002525,0.022990,-0.006422,0.000000,-0.9241,-2.8177,-1.5264,-0.1857,-0.2134,0.1201
41.1891,-1.678805,-1.507728,1.241548,-1.745601,-1.741548,3.012340,-0.169537,-0.000486,0.000447,0.024088,-0.006659,0.000000,-1.1157,-2.7387,-1.7392,-0.1522,-0.2524,0.1116
41.1989,-1.680478,-1.507783,1.241536,-1.745318,-1.741592,3.012328,-0.157335,-0.001714,-0.001293,0.027300,-0.004025,0.000000,-0.5530,-2.9219,-2.0165,-0.1871,-0.2064,0.1179
41.2089,-1.682035,-1.507795,1.241504,-1.745086,-1.741618,3.012321,-0.168085,-0.001516,-0.003184,0.027002,-0.008578,0.000000,-1.8321,-2.5813,-2.2283,-0.1654,-0.2331,0.1192
41.2191,-1.683790,-1.507791,1.241461,-1.744810,-1.741632,3.012324,-0.178534,-0.000000,-0.007757,0.028774,-0.002539,0.000000,-1.7416,-2.8256,-2.3827,-0.1942,-0.2756,0.1086
41.2290,-1.685717,-1.507791,1.241389,-1.744511,-1.741690,3.012309,-0.209434,-0.000532,-0.010086,0.028941,-0.007673,0.000000,-2.0046,-2.6580,-2.5554,-0.1875,-0.2452,0.1167
41.2389,-1.687861,-1.507799,1.241257,-1.744264,-1.741693,3.012324,-0.219096,-0.002927,-0.013620,0.022983,-0.001536,0.000000,-1.8537,-2.6881,-2.5697,-0.1589,-0.2559,0.1162
41.2489,-1.690149,-1.507827,1.241124,-1.744048,-1.741722,3.012312,-0.248894,-0.001072,-0.013609,0.024371,-0.003393,0.000000,-2.1416,-2.6943,-2.5380,-0.1762,-0.2486,0.1080
41.2589,-1.692648,-1.507835,1.241005,-1.743794,-1.741726,3.012309,-0.254721,-0.000984,-0.012759,0.023030,-0.001935,0.000000,-1.3151,-2.9506,-2.6191,-0.2123,-0.2193,0.1050
41.2690,-1.695209,-1.507851,1.240872,-1.743602,-1.741849,3.012316,-0.265487,-0.001698,-0.012317,0.018844,-0.004308,0.000000,-1.9298,-2.8633,-2.6503,-0.1680,-0.1993,0.1088
41.2791,-1.697872,-1.507887,1.240741,-1.743441,-1.741833,3.012321,-0.272992,-0.003422,-0.013017,0.015575,-0.001066,0.000000,-1.7029,-2.7526,-2.6807,-0.1702,-0.2477,0.1052
41.2891,-1.700600,-1.507868,1.240649,-1.743275,-1.741870,3.012324,-0.281861,-0.001755,-0.013763,0.015610,-0.002815,0.000000,-1.2663,-2.9041,-2.6881,-0.1817,-0.2055,0.0478
41.2989,-1.703341,-1.507907,1.240508,-1.743130,-1.741920,3.012328,-0.270134,-0.002391,-0.013102,0.013797,-0.001502,0.000000,-0.6705,-2.9619,-2.7424,-0.2045,-0.1690,0.0149
41.3090,-1.705987,-1.507931,1.240337,-1.743046,-1.741929,3.012304,-0.278705,-0.002191,-0.015902,0.008254,-0.005154,-0.002882,-1.7566,-2.7976,-2.6996,-0.1418,-0.2222,-0.0425
41.3190,-1.708804,-1.507959,1.240212,-1.742927,-1.741948,3.012244,-0.269551,-0.003252,-0.017409,0.009148,-0.001712,-0.005624,-1.0343,-2.9483,-2.7083,-0.2141,-0.1954,-0.0727
41.3288,-1.711480,-1.507959,1.239998,-1.742833,-1.742020,3.012183,-0.265667,-0.002047,-0.019898,0.006762,-0.004893,-0.008431,-0.7578,-2.9725,-2.7840,-0.1972,-0.1389,-0.0709
41.3389,-1.714085,-1.507998,1.239809,-1.742823,-1.741968,3.012136,-0.254148,-0.001795,-0.021113,0.004472,-0.001065,-0.009150,-1.2530,-2.9554,-2.7126,-0.1795,-0.1900,-0.0610
41.3491,-1.716747,-1.507982,1.239562,-1.742783,-1.742001,3.012064,-0.286423,-0.000406,-0.023604,0.004313,-0.010085,-0.008710,-2.0298,-2.7362,-2.8943,-0.1909,-0.2502,-0.0803
41.3590,-1.719599,-1.508007,1.239345,-1.742672,-1.742045,3.011976,-0.277433,-0.004188,-0.024915,0.006259,-0.002322,-0.009318,-1.2058,-2.7978,-2.7995,-0.2259,-0.2441,-0.0960
41.3691,-1.722353,-1.508030,1.239097,-1.742684,-1.742169,3.011880,-0.281680,-0.001820,-0.026598,0.003258,-0.009149,-0.009844,-1.0964,-2.8558,-2.8265,-0.1709,-0.1783,-0.0793
41.3790,-1.725094,-1.508062,1.238813,-1.742636,-1.742215,3.011839,-0.281181,-0.001717,-0.027245,0.003540,-0.007316,-0.010004,-2.0950,-2.6677,-2.6009,-0.1605,-0.2858,-0.0974
41.3889,-1.728035,-1.508042,1.238585,-1.742601,-1.742313,3.011770,-0.315049,0.001435,-0.024023,0.004989,-0.014285,-0.012045,-2.1483,-2.4220,-2.8470,-0.1829,-0.2512,-0.0960
41.3989,-1.731142,-1.508058,1.238344,-1.742571,-1.742392,3.011643,-0.305932,0.000391,-0.024000,0.004993,-0.007021,-0.014033,-1.2202,-2.5946,-2.8531,-0.1916,-0.2305,-0.1154
41.4089,-1.734168,-1.508030,1.238105,-1.742568,-1.742504,3.011531,-0.319945,0.004490,-0.023470,0.001478,-0.013132,-0.014154,-1.9616,-2.1663,-2.6697,-0.1421,-0.2117,-0.1209
41.4191,-1.737355,-1.507994,1.237908,-1.742523,-1.742532,3.011432,-0.321496,0.003925,-0.021232,0.003770,-0.006712,-0.014648,-1.0794,-2.1699,-2.6753,-0.1832,-0.2389,-0.1319
41.4289,-1.740577,-1.507971,1.237681,-1.742465,-1.742728,3.011331,-0.324636,0.005316,-0.018148,0.003561,-0.012757,-0.016502,-1.7702,-1.9177,-2.8392,-0.1757,-0.1798,-0.1424
41.4390,-1.743839,-1.507907,1.237480,-1.742487,-1.742743,3.011186,-0.316662,0.004105,-0.019379,0.001594,-0.004185,-0.016756,-1.1866,-1.9381,-2.7069,-0.1736,-0.2468,-0.1466
41.4490,-1.746980,-1.507844,1.237301,-1.742457,-1.742872,3.011034,-0.317756,0.007696,-0.016071,0.000949,-0.011994,-0.016131,-1.4210,-1.8738,-2.6700,-0.1319,-0.1958,-0.1484
41.4587,-1.750135,-1.507779,1.237200,-1.742407,-1.742899,3.010864,-0.301543,0.005744,-0.013079,0.003300,-0.004432,-0.015540,-0.6368,-2.0832,-2.8454,-0.2140,-0.1901,-0.1439
41.4690,-1.753094,-1.507728,1.237048,-1.742412,-1.743039,3.010723,-0.285024,0.005492,-0.012177,0.001028,-0.008795,-0.015046,-1.0757,-1.8799,-2.7796,-0.1931,-0.1399,-0.1684
41.4789,-1.755866,-1.507659,1.236944,-1.742385,-1.743001,3.010591,-0.279513,0.006477,-0.010092,0.002291,-0.002747,-0.013907,-1.3341,-1.8628,-2.7716,-0.1802,-0.2476,-0.1731
41.4890,-1.758600,-1.507588,1.236880,-1.742400,-1.743136,3.010474,-0.274306,0.007719,-0.008534,0.001022,-0.007854,-0.012659,-1.1359,-2.0330,-2.7259,-0.1806,-0.1904,-0.1841
41.4989,-1.761236,-1.507536,1.236800,-1.742352,-1.743120,3.010342,-0.262411,0.005175,-0.005874,0.003198,-0.003451,-0.012441,-0.4919,-2.0751,-2.8563,-0.2152,-0.1753,-0.1656
41.5092,-1.763778,-1.507496,1.236747,-1.742396,-1.743192,3.010234,-0.267749,0.006889,-0.006210,0.000841,-0.008948,-0.010779,-1.7251,-1.8246,-2.7865,-0.1773,-0.1945,-0.1690
41.5189,-1.766378,-1.507437,1.236665,-1.742325,-1.743199,3.010166,-0.258987,0.003774,-0.007098,0.000645,-0.001715,-0.008855,-1.1311,-1.9226,-2.9025,-0.1841,-0.2404,-0.1638
41.5289,-1.768893,-1.507416,1.236593,-1.742340,-1.743256,3.010047,-0.257755,0.003579,-0.010183,0.000828,-0.006341,-0.007269,-1.0111,-1.8322,-2.9656,-0.1917,-0.1759,-0.1716
41.5390,-1.771411,-1.507365,1.236456,-1.742359,-1.743267,3.009975,-0.244949,0.003128,-0.012430,0.000502,-0.001288,-0.007369,-1.0279,-1.8710,-2.9063,-0.1763,-0.2218,-0.1649
41.5491,-1.773888,-1.507348,1.236383,-1.742314,-1.743327,3.009917,-0.257041,0.005402,-0.013219,0.000692,-0.006764,-0.006544,-1.7665,-1.8134,-2.9089,-0.1804,-0.2345,-0.1519
41.5589,-1.776460,-1.507331,1.236212,-1.742273,-1.743335,3.009889,-0.244014,0.002720,-0.015063,0.002203,-0.001923,-0.006046,-0.8954,-1.8978,-2.8666,-0.1987,-0.2236,-0.1519
41.5689,-1.778911,-1.507281,1.236029,-1.742320,-1.743419,3.009825,-0.237598,0.001370,-0.015899,0.000802,-0.004518,-0.005978,-0.7288,-1.7947,-2.7485,-0.1892,-0.1470,-0.1565
41.5791,-1.781199,-1.507257,1.235884,-1.742320,-1.743430,3.009750,-0.229483,0.003117,-0.015970,0.000384,-0.000997,-0.005267,-1.6422,-1.7079,-2.7484,-0.1748,-0.2295,-0.1550
41.5889,-1.783573,-1.507241,1.235764,-1.742281,-1.743443,3.009730,-0.247864,0.005645,-0.013325,0.004254,-0.003408,-0.004511,-1.6352,-1.6682,-2.8250,-0.1476,-0.2403,-0.1598
41.5990,-1.786019,-1.507217,1.235655,-1.742233,-1.743499,3.009712,-0.233802,0.002147,-0.013939,0.005878,-0.001979,-0.004252,-0.9589,-1.7318,-2.7898,-0.1605,-0.1907,-0.1525
41.6090,-1.788318,-1.507224,1.235503,-1.742174,-1.743488,3.009661,-0.243663,0.004075,-0.013788,0.007330,-0.004364,-0.004369,-1.7203,-1.6620,-2.7715,-0.1274,-0.1994,-0.1677
41.6190,-1.790733,-1.507169,1.235356,-1.742120,-1.743483,3.009609,-0.242763,0.003297,-0.013516,0.008969,-0.001336,-0.003909,-1.2422,-1.7651,-2.8034,-0.1587,-0.1978,-0.1363
41.6289,-1.793104,-1.507083,1.235248,-1.741974,-1.743520,3.009561,-0.248351,0.003890,-0.013077,0.010195,-0.003957,-0.003436,-1.6868,-1.7116,-2.8942,-0.1492,-0.1914,-0.1312
41.6390,-1.795539,-1.507050,1.235084,-1.741925,-1.743550,3.009565,-0.249373,0.003034,-0.015884,0.008167,-0.001031,-0.001989,-1.2893,-1.7090,-2.8317,-0.1517,-0.2114,-0.1409
41.6492,-1.798004,-1.507018,1.234963,-1.741799,-1.743590,3.009541,-0.260544,0.005736,-0.014013,0.010675,-0.003924,-0.002580,-1.7372,-1.6943,-2.9149,-0.1513,-0.2048,-0.1370
41.6589,-1.800615,-1.506993,1.234820,-1.741709,-1.743546,3.009548,-0.256967,0.004690,-0.014518,0.009576,-0.001378,-0.001839,-0.8844,-1.9199,-2.9401,-0.1916,-0.1944,-0.1424
41.6690,-1.803210,-1.506938,1.234663,-1.741667,-1.743638,3.009520,-0.256036,0.004333,-0.016170,0.006807,-0.003016,-0.001495,-1.3884,-1.7346,-2.8812,-0.1314,-0.1890,-0.1482
41.6790,-1.805775,-1.506914,1.234515,-1.741540,-1.743563,3.009480,-0.261166,0.004045,-0.015545,0.006129,-0.001174,-0.002234,-1.5104,-1.6223,-2.8348,-0.1729,-0.2145,-0.1554
41.6890,-1.808414,-1.506835,1.234336,-1.741563,-1.743623,3.009469,-0.265914,0.005576,-0.015517,0.005145,-0.003229,-0.001767,-1.1810,-1.7224,-2.8210,-0.1777,-0.1814,-0.1417
41.6990,-1.811101,-1.506822,1.234211,-1.741510,-1.743556,3.009460,-0.256927,0.003491,-0.014051,0.002940,-0.001008,-0.001668,-0.7073,-1.8619,-2.8093,-0.2058,-0.1571,-0.1189
41.7090,-1.813711,-1.506779,1.234052,-1.741499,-1.743663,3.009436,-0.273713,0.006678,-0.013519,0.000551,-0.000733,-0.001320,-2.0466,-1.7166,-2.7215,-0.2093,-0.2316,-0.1438
41.7189,-1.816441,-1.506750,1.233943,-1.741510,-1.743615,3.009463,-0.269849,0.003026,-0.012309,0.000180,-0.000318,-0.001542,-1.4464,-1.7185,-2.7357,-0.2102,-0.1821,-0.1451
41.7289,-1.819096,-1.506734,1.233843,-1.741506,-1.743664,3.009402,-0.275333,-0.000753,-0.010551,0.000120,-0.001158,-0.001037,-1.2553,-1.8012,-2.7561,-0.1762,-0.1584,-0.1570
41.7390,-1.821798,-1.506761,1.233703,-1.741487,-1.743655,3.009447,-0.272206,-0.000000,-0.010130,0.000404,-0.000582,-0.001256,-1.6785,-1.8036,-2.6189,-0.1570,-0.1635,-0.1326
41.7490,-1.824646,-1.506726,1.233655,-1.741479,-1.743647,3.009409,-0.342201,0.008518,-0.005227,0.002981,-0.009414,-0.000889,-2.8768,-1.6934,-2.7470,-0.1687,-0.2631,-0.1398
41.7590,-1.828057,-1.506698,1.233615,-1.741438,-1.743627,3.009397,-0.345633,-0.000092,-0.005189,0.005423,-0.000368,-0.001347,-1.6218,-1.9854,-2.7405,-0.1920,-0.2007,-0.1366
41.7689,-1.831579,-1.506710,1.233559,-1.741404,-1.743700,3.009388,-0.367887,0.000237,-0.004703,0.005434,-0.001093,-0.000856,-1.5409,-1.8381,-2.6745,-0.1472,-0.1219,-0.1470
41.7790,-1.835278,-1.506738,1.233491,-1.741410,-1.743694,3.009388,-0.375981,-0.001330,-0.004848,0.003690,-0.000000,-0.001069,-2.1566,-1.7172,-2.5665,-0.1365,-0.1516,-0.1372
41.7889,-1.839220,-1.506714,1.233491,-1.741296,-1.743678,3.009376,-0.410273,-0.000437,-0.001484,0.009095,-0.000000,-0.000872,-2.5916,-1.6668,-2.6953,-0.1707,-0.1625,-0.1569
41.7989,-1.843402,-1.506718,1.233486,-1.741234,-1.743675,3.009364,-0.396008,-0.004443,-0.000880,0.005335,0.002107,-0.000871,-1.3426,-1.9489,-2.7757,-0.1882,-0.0122,-0.1353
41.8091,-1.847344,-1.506694,1.233396,-1.741266,-1.743719,3.009333,-0.404251,0.002531,-0.002662,0.001693,0.001727,-0.000804,-1.8514,-1.9689,-2.5438,-0.1377,0.0159,-0.1425
41.8190,-1.851366,-1.506685,1.233455,-1.741164,-1.743622,3.009349,-0.391758,0.000340,-0.000871,0.005016,0.008816,-0.000703,-0.9027,-2.1000,-2.7032,-0.1686,0.0083,-0.1231
41.8293,-1.855179,-1.506639,1.233470,-1.741135,-1.743612,3.009337,-0.382679,0.000251,-0.000554,0.003361,0.006191,-0.000660,-1.5013,-2.0242,-2.7521,-0.1765,0.0895,-0.1541
41.8389,-1.858902,-1.506651,1.233411,-1.741138,-1.743457,3.009325,-0.365314,0.000000,-0.000885,0.002391,0.010885,-0.000565,-1.0617,-1.9980,-2.6945,-0.1417,0.0457,-0.1374
41.8492,-1.862457,-1.506670,1.233379,-1.741104,-1.743488,3.009333,-0.366567,0.003060,-0.001860,0.003628,0.003809,-0.000488,-1.4002,-1.5726,-2.6082,-0.0881,0.0712,-0.1270
41.8590,-1.866041,-1.506646,1.233363,-1.740998,-1.743347,3.009317,-0.344987,0.002357,-0.000591,0.010745,0.007427,-0.000503,-0.3500,-1.8691,-2.7571,-0.1903,0.0506,-0.1212
41.8691,-1.869412,-1.506603,1.233355,-1.740930,-1.743384,3.009329,-0.325749,0.006877,-0.002265,0.008884,0.001669,-0.000458,-1.2158,-1.6320,-2.5943,-0.1068,0.0751,-0.1338
41.8790,-1.872710,-1.506543,1.233328,-1.740829,-1.743339,3.009310,-0.329430,0.009069,-0.001292,0.012079,0.004118,-0.000431,-1.4438,-1.4393,-2.6199,-0.1140,-0.0338,-0.1207
41.8890,-1.875981,-1.506419,1.233335,-1.740709,-1.743339,3.009296,-0.328063,0.012348,-0.001608,0.015049,0.000449,-0.000360,-1.4160,-1.7443,-2.6948,-0.1355,0.0252,-0.1201
41.8989,-1.879200,-1.506319,1.233354,-1.740542,-1.743275,3.009336,-0.314485,0.012589,-0.000824,0.016188,0.003719,-0.000320,-0.6508,-1.9223,-2.8100,-0.1626,0.1194,-0.1205
41.9090,-1.882291,-1.506196,1.233302,-1.740430,-1.743327,3.009288,-0.336371,0.015344,-0.001943,0.017334,0.001316,-0.000284,-2.2745,-1.5727,-2.6091,-0.0727,0.0201,-0.1378
41.9192,-1.885623,-1.506064,1.233311,-1.740152,-1.743176,3.009300,-0.332249,0.013037,-0.000592,0.027416,0.008327,-0.000263,-1.3785,-1.9072,-2.5281,-0.1543,-0.0045,-0.1212
41.9289,-1.888857,-1.506003,1.233311,-1.739892,-1.743219,3.009265,-0.334561,0.011179,0.000026,0.034436,0.003052,-0.000248,-1.3606,-1.7671,-2.2941,-0.1338,0.1087,-0.1256
41.9391,-1.892103,-1.505864,1.233342,-1.739554,-1.743131,3.009313,-0.326593,0.009511,0.000676,0.037140,0.006079,-0.000243,-1.2085,-1.8000,-2.1934,-0.0563,0.0819,-0.1337
41.9488,-1.895407,-1.505777,1.233351,-1.739029,-1.743056,3.009304,-0.351742,0.012194,0.003837,0.059810,0.002310,-0.000248,-2.2263,-1.6062,-1.9980,-0.0900,0.0442,-0.1261
41.9588,-1.898923,-1.505674,1.233355,-1.738366,-1.742976,3.009285,-0.338570,0.005484,0.001716,0.071052,0.011416,-0.000238,-1.0417,-1.8397,-1.9498,-0.1216,0.0329,-0.1190
41.9689,-1.902339,-1.505661,1.233371,-1.737665,-1.743024,3.009285,-0.329284,0.003760,0.001289,0.081764,0.003345,-0.000240,-0.9219,-1.7993,-1.7642,-0.0406,0.1545,-0.1295
41.9788,-1.905550,-1.505606,1.233414,-1.736764,-1.742876,3.009261,-0.316663,0.003692,0.002016,0.095276,0.006039,-0.000227,-1.6162,-1.7808,-1.7157,-0.0766,0.0689,-0.1255
41.9890,-1.908826,-1.505538,1.233450,-1.735691,-1.742904,3.009285,-0.327372,0.005334,0.007019,0.114396,0.001853,-0.000215,-1.7075,-1.7612,-1.7104,-0.0702,0.0896,-0.1116
41.9989,-1.911991,-1.505548,1.233499,-1.734502,-1.742848,3.009273,-0.303954,0.001578,0.004925,0.121881,0.008274,-0.000200,-0.9541,-2.0630,-1.7143,-0.1382,0.0950,-0.1233
42.0089,-1.914929,-1.505514,1.233508,-1.733327,-1.742868,3.009284,-0.287071,0.001055,0.003763,0.126151,0.004419,-0.000186,-0.6034,-1.8718,-1.7149,-0.1029,0.1594,-0.1185
42.0188,-1.917617,-1.505505,1.233582,-1.732058,-1.742752,3.009288,-0.258573,0.001016,0.003682,0.124300,0.007014,-0.000162,-0.0472,-2.1167,-1.7346,-0.1561,0.1402,-0.1168
42.0289,-1.919980,-1.505502,1.233619,-1.730822,-1.742776,3.009273,-0.225800,0.000933,0.004123,0.120543,0.004039,-0.000137,-0.5444,-1.9247,-1.7136,-0.1535,0.1562,-0.1243
42.0388,-1.922037,-1.505478,1.233635,-1.729710,-1.742700,3.009276,-0.200218,0.001545,0.002159,0.109494,0.006971,-0.000143,-0.4434,-2.0201,-1.5972,-0.1479,0.1205,-0.1295
42.0491,-1.923854,-1.505473,1.233643,-1.728626,-1.742676,3.009292,-0.185411,0.001129,0.002627,0.107336,0.001676,-0.000126,-0.8228,-1.7908,-1.6087,-0.1601,0.1110,-0.1155
42.0588,-1.925582,-1.505450,1.233699,-1.727556,-1.742593,3.009288,-0.164726,0.001527,0.002292,0.099047,0.005069,-0.000132,-0.4551,-1.9737,-1.6542,-0.2000,0.1083,-0.1168
42.0689,-1.927143,-1.505457,1.233683,-1.726670,-1.742609,3.009276,-0.153239,0.000804,0.001626,0.090275,0.001305,-0.000119,-0.8626,-1.7968,-1.5664,-0.1289,0.1354,-0.1183
42.0790,-1.928660,-1.505461,1.233703,-1.725792,-1.742525,3.009273,-0.168873,0.002225,0.001669,0.087851,0.002648,-0.000109,-1.6544,-1.6879,-1.4943,-0.1527,0.0301,-0.1279
42.0891,-1.930395,-1.505437,1.233719,-1.724890,-1.742504,3.009276,-0.190011,0.002119,0.002139,0.089042,0.000367,-0.000113,-1.8393,-1.6543,-1.5573,-0.2075,0.0318,-0.1060
42.0989,-1.932407,-1.505433,1.233755,-1.724056,-1.742468,3.009261,-0.196969,0.002127,0.002494,0.083686,0.000420,-0.000106,-1.4911,-1.9290,-1.5958,-0.1990,0.0925,-0.1224
42.1090,-1.934510,-1.505390,1.233748,-1.723266,-1.742472,3.009280,-0.247491,0.006044,0.002976,0.078467,0.000151,-0.000099,-2.7205,-1.5461,-1.5031,-0.1431,-0.0018,-0.1095
42.1191,-1.937130,-1.505385,1.233807,-1.722452,-1.742353,3.009280,-0.265254,0.000678,0.002308,0.076109,0.003855,-0.000093,-1.9425,-1.7773,-1.5387,-0.2008,-0.0019,-0.1121
42.1290,-1.939925,-1.505394,1.233839,-1.721710,-1.742448,3.009276,-0.288818,0.000214,0.003247,0.071769,0.000861,-0.000087,-1.9095,-1.7498,-1.5529,-0.2336,0.0535,-0.1152
42.1389,-1.942869,-1.505370,1.233855,-1.721107,-1.742400,3.009245,-0.299985,0.000253,0.002010,0.060448,0.003319,-0.000073,-2.1025,-1.6994,-1.4515,-0.1605,0.0314,-0.1181
42.1490,-1.946078,-1.505334,1.233891,-1.720482,-1.742381,3.009288,-0.366260,0.007354,0.006868,0.056008,0.000297,-0.000067,-3.1983,-1.6181,-1.4816,-0.1681,-0.0691,-0.1099
42.1589,-1.949763,-1.505322,1.233971,-1.719902,-1.742356,3.009273,-0.372690,0.001002,0.008128,0.050960,0.000000,-0.000062,-1.5099,-1.9128,-1.4140,-0.2446,0.0556,-0.1179
42.1690,-1.953462,-1.505350,1.234031,-1.719551,-1.742440,3.009280,-0.385538,-0.000004,0.010165,0.038986,0.000529,-0.000058,-1.5094,-1.8742,-1.3223,-0.1571,0.1041,-0.1243
42.1791,-1.957346,-1.505341,1.234111,-1.719192,-1.742356,3.009264,-0.380750,-0.000730,0.012412,0.032694,0.003661,-0.000066,-1.3739,-1.8930,-1.2916,-0.1660,0.0703,-0.1042
42.1889,-1.961190,-1.505302,1.234283,-1.718864,-1.742385,3.009261,-0.383293,0.001650,0.016728,0.029970,0.001507,-0.000062,-1.8034,-1.7677,-1.3690,-0.2019,0.1244,-0.1151
42.1990,-1.965036,-1.505293,1.234479,-1.718585,-1.742332,3.009292,-0.355212,0.000387,0.017099,0.021198,0.009240,-0.000001,-0.6862,-2.0515,-1.4629,-0.2027,0.1509,-0.1143
42.2089,-1.968477,-1.505254,1.234623,-1.718433,-1.742325,3.009276,-0.338770,0.004143,0.013932,0.015280,0.006766,-0.000000,-0.7577,-2.1702,-1.4390,-0.1625,0.2019,-0.1070
42.2189,-1.971743,-1.505222,1.234767,-1.718266,-1.742184,3.009268,-0.305760,0.001485,0.014179,0.013565,0.011871,-0.000000,-0.1406,-2.0599,-1.5826,-0.2236,0.1635,-0.1153
42.2290,-1.974598,-1.505201,1.234895,-1.718173,-1.742173,3.009284,-0.273313,0.001559,0.013280,0.008755,0.009434,-0.000000,-0.8818,-2.0144,-1.4888,-0.1925,0.2077,-0.1266
42.2391,-1.977196,-1.505201,1.234995,-1.718113,-1.741986,3.009276,-0.240688,0.001725,0.011678,0.003569,0.014136,-0.000000,-0.2997,-2.1147,-1.5414,-0.2041,0.1776,-0.1017
42.2490,-1.979427,-1.505170,1.235080,-1.718116,-1.742020,3.009261,-0.215211,0.002573,0.009552,0.001510,0.008119,-0.000000,-0.4058,-1.9741,-1.4330,-0.1628,0.2017,-0.1214
42.2590,-1.981331,-1.505143,1.235227,-1.718067,-1.741794,3.009253,-0.184793,0.001343,0.008980,0.003483,0.012573,-0.000000,-0.0699,-2.0008,-1.5768,-0.2005,0.1546,-0.1185
42.2692,-1.982974,-1.505162,1.235251,-1.718048,-1.741753,3.009268,-0.156394,0.000853,0.006410,0.001494,0.007218,-0.000000,-0.5477,-1.9426,-1.4383,-0.1666,0.1812,-0.1149
42.2789,-1.984433,-1.505115,1.235331,-1.718012,-1.741618,3.009249,-0.135308,0.002065,0.003773,0.002162,0.009956,-0.000062,-0.4879,-2.0301,-1.5165,-0.1904,0.1199,-0.1210
42.2890,-1.985677,-1.505119,1.235328,-1.718005,-1.741562,3.009253,-0.121307,0.000995,0.001201,0.002160,0.005290,-0.000058,-0.3883,-1.9390,-1.6191,-0.1616,0.1526,-0.1226
42.2990,-1.986768,-1.505126,1.235328,-1.717949,-1.741473,3.009261,-0.102141,0.001686,0.000411,0.003573,0.006693,-0.000054,-0.4668,-2.0999,-1.8244,-0.2056,0.1452,-0.1199
42.3090,-1.987696,-1.505095,1.235295,-1.717937,-1.741437,3.009253,-0.092721,0.000400,-0.002157,0.002282,0.004386,-0.000051,-0.7718,-1.9276,-2.0726,-0.1636,0.1416,-0.1112
42.3189,-1.988556,-1.505114,1.235275,-1.717913,-1.741364,3.009249,-0.080215,0.000457,-0.003462,0.003147,0.006117,-0.000000,-0.8642,-1.9914,-2.1993,-0.1849,0.1251,-0.1001
42.3290,-1.989307,-1.505114,1.235255,-1.717913,-1.741318,3.009249,-0.074843,0.000204,-0.004390,0.002370,0.004296,-0.000000,-0.6724,-1.9586,-2.3555,-0.1682,0.1269,-0.1027
42.3390,-1.990042,-1.505091,1.235195,-1.717862,-1.741273,3.009264,-0.066109,0.000130,-0.005209,0.002751,0.005448,-0.000000,-0.5641,-1.9894,-2.4452,-0.1733,0.1438,-0.1139
42.3491,-1.990619,-1.505150,1.235171,-1.717869,-1.741230,3.009280,-0.057302,0.000048,-0.005315,0.002721,0.004184,-0.000000,-0.6623,-1.9049,-2.4890,-0.1728,0.1279,-0.1231
42.3589,-1.991182,-1.505107,1.235123,-1.717817,-1.741217,3.009284,-0.048926,0.000038,-0.004766,0.002467,0.005307,-0.000000,-0.6217,-1.9199,-2.5638,-0.1688,0.1338,-0.1164
42.3691,-1.991634,-1.505141,1.235067,-1.717802,-1.741146,3.009249,-0.041702,0.000031,-0.004406,0.001812,0.003208,-0.000000,-0.5569,-1.9266,-2.5393,-0.1799,0.1388,-0.0898
42.3789,-1.992015,-1.505150,1.235008,-1.717763,-1.741154,3.009214,-0.034661,0.000027,-0.004566,0.001498,0.003182,-0.000000,-0.5407,-1.9004,-2.4446,-0.1676,0.1340,-0.0957
42.3890,-1.992307,-1.505103,1.234991,-1.717797,-1.741161,3.009268,-0.027741,0.000023,-0.003036,0.001332,0.001226,-0.000000,-0.5232,-1.9176,-2.5342,-0.1756,0.1181,-0.0962
42.3991,-1.992582,-1.505122,1.234963,-1.717755,-1.741130,3.009295,-0.020602,0.000041,-0.002659,0.001362,0.000620,-0.000000,-0.5000,-1.8810,-2.5387,-0.1701,0.0803,-0.0983
42.4092,-1.992770,-1.505122,1.234971,-1.717765,-1.741126,3.009280,-0.018660,0.000053,-0.001915,0.001416,0.000101,-0.000000,-0.6036,-1.9160,-2.6736,-0.1814,0.0142,-0.1002
42.4190,-1.992953,-1.505110,1.234935,-1.717734,-1.741169,3.009287,-0.016120,0.000050,-0.002357,0.000930,-0.001334,-0.000000,-0.6095,-1.9059,-2.6871,-0.1841,-0.0496,-0.0795
42.4292,-1.993094,-1.505103,1.234899,-1.717734,-1.741138,3.009237,-0.015557,0.000046,-0.005292,0.000626,-0.002444,-0.000000,-0.6498,-1.8781,-2.6866,-0.1945,-0.0973,-0.0954
42.4389,-1.993234,-1.505126,1.234800,-1.717714,-1.741193,3.009264,-0.018016,0.000032,-0.007573,0.000446,-0.004877,-0.000000,-0.7013,-1.7715,-2.7410,-0.2026,-0.1232,-0.0995
42.4490,-1.993445,-1.505098,1.234744,-1.717737,-1.741248,3.009233,-0.024521,0.001217,-0.009385,0.000421,-0.008653,-0.000000,-1.0219,-1.8429,-2.7619,-0.1880,-0.1145,-0.0979
42.4590,-1.993720,-1.505083,1.234680,-1.717718,-1.741277,3.009284,-0.030203,0.001262,-0.010478,0.000449,-0.006665,-0.000000,-0.9325,-1.9071,-2.7377,-0.1997,-0.1348,-0.0841
42.4691,-1.994071,-1.505071,1.234531,-1.717728,-1.741329,3.009284,-0.039863,0.000780,-0.011516,0.000381,-0.007605,-0.000000,-1.1371,-1.8988,-2.8167,-0.1818,-0.1419,-0.0868
42.4788,-1.994515,-1.505083,1.234427,-1.717728,-1.741401,3.009249,-0.044378,0.000569,-0.012001,0.000408,-0.004497,-0.000000,-0.8924,-1.8414,-2.7274,-0.1939,-0.1461,-0.0865
42.4888,-1.994983,-1.505086,1.234276,-1.717707,-1.741429,3.009264,-0.049333,0.000448,-0.009827,0.000346,-0.003807,-0.000000,-0.8646,-1.8279,-2.6083,-0.1932,-0.1150,-0.0683
42.4989,-1.995483,-1.505106,1.234243,-1.717737,-1.741429,3.009268,-0.048900,0.000314,-0.006670,0.000316,-0.001050,-0.000000,-0.7503,-1.8750,-2.4973,-0.1943,-0.0985,-0.0987
42.5092,-1.995966,-1.505083,1.234203,-1.717694,-1.741469,3.009253,-0.047859,0.000186,-0.002797,0.000282,-0.000654,-0.000000,-0.8630,-1.8522,-2.4808,-0.2271,-0.1168,-0.1005
42.5189,-1.996470,-1.505098,1.234187,-1.717707,-1.741441,3.009268,-0.047479,0.000148,-0.001088,0.000187,-0.000432,-0.000000,-0.7109,-1.8728,-2.5007,-0.2562,-0.1107,-0.0915
42.5290,-1.996964,-1.505071,1.234179,-1.717710,-1.741446,3.009280,-0.042580,0.000123,-0.000098,0.000101,-0.000299,-0.000000,-0.7273,-1.8941,-2.3007,-0.3144,-0.1151,-0.0895
42.5389,-1.997384,-1.505110,1.234230,-1.717734,-1.741465,3.009268,-0.037314,0.000037,0.001669,-0.001626,-0.001066,-0.000000,-0.6219,-1.8372,-2.2250,-0.3805,-0.1159,-0.1003
42.5492,-1.997710,-1.505067,1.234215,-1.717746,-1.741493,3.009287,-0.032513,0.000092,0.001101,-0.002468,-0.000993,-0.000000,-0.6693,-1.8333,-2.0004,-0.4118,-0.1119,-0.0972
42.5591,-1.998024,-1.505062,1.234278,-1.717755,-1.741477,3.009249,-0.026781,0.000523,0.001672,-0.003615,-0.000563,-0.000000,-0.6071,-1.9145,-2.0023,-0.4248,-0.0979,-0.0881
42.5691,-1.998273,-1.505071,1.234235,-1.717802,-1.741493,3.009280,-0.022620,0.000370,0.001706,-0.003954,-0.000346,-0.000000,-0.6532,-1.9194,-1.9108,-0.4152,-0.0681,-0.0842
42.5789,-1.998473,-1.505071,1.234275,-1.717824,-1.741469,3.009272,-0.017922,0.000327,0.000992,-0.001871,-0.000250,-0.000000,-0.5213,-1.8574,-1.9243,-0.4533,-0.0525,-0.0782
42.5890,-1.998625,-1.505078,1.234259,-1.717857,-1.741473,3.009249,-0.014202,0.000247,0.001084,-0.003814,-0.000157,-0.000000,-0.5606,-1.8376,-1.8560,-0.4597,0.0013,-0.0920
42.5992,-1.998757,-1.505059,1.234271,-1.717859,-1.741434,3.009253,-0.010777,0.000309,0.000815,-0.005763,0.001565,-0.000000,-0.5337,-1.8323,-1.9010,-0.4695,0.0332,-0.0951
42.6091,-1.998826,-1.505066,1.234255,-1.717937,-1.741453,3.009249,-0.006160,0.000493,0.000644,-0.006127,0.001517,-0.000000,-0.5052,-1.8471,-1.8132,-0.4909,0.0790,-0.0803
42.6191,-1.998865,-1.505050,1.234310,-1.717997,-1.741433,3.009264,-0.002544,0.000718,0.001941,-0.006964,0.003263,-0.000000,-0.4526,-1.9293,-1.7743,-0.4864,0.0892,-0.0815
42.6290,-1.998893,-1.505038,1.234350,-1.718033,-1.741397,3.009249,-0.000904,0.000399,0.004428,-0.007932,0.004132,-0.000000,-0.3847,-1.9224,-1.6597,-0.4787,0.0992,-0.0768
42.6390,-1.998862,-1.505050,1.234379,-1.718132,-1.741345,3.009249,-0.000526,0.000192,0.004953,-0.007346,0.005959,-0.000000,-0.4296,-1.9017,-1.6986,-0.4843,0.0870,-0.0821
42.6492,-1.998862,-1.505062,1.234446,-1.718177,-1.741329,3.009268,-0.000395,0.000063,0.004986,-0.007182,0.004380,-0.000000,-0.7074,-1.9324,-1.6472,-0.4951,0.1101,-0.0847
42.6590,-1.998916,-1.505085,1.234459,-1.718252,-1.741246,3.009268,-0.003061,0.000046,0.004873,-0.006759,0.004576,-0.000000,-0.7842,-1.9016,-1.7208,-0.5101,0.1184,-0.0878
42.6688,-1.998965,-1.505062,1.234475,-1.718315,-1.741222,3.009264,-0.009189,0.000037,0.002931,-0.006207,0.004187,-0.000000,-0.7525,-1.8967,-1.6671,-0.5216,0.1206,-0.0625
42.6789,-1.999069,-1.505062,1.234503,-1.718368,-1.741174,3.009287,-0.013209,0.000031,0.001248,-0.006151,0.004504,-0.000000,-0.7417,-1.9227,-1.6927,-0.5013,0.1081,-0.0814
42.6890,-1.999216,-1.505047,1.234495,-1.718422,-1.741142,3.009264,-0.014139,0.000000,0.000509,-0.005475,0.003650,-0.000000,-0.7651,-1.9118,-1.7701,-0.5024,0.1225,-0.0712
42.6990,-1.999360,-1.505054,1.234503,-1.718500,-1.741122,3.009253,-0.014659,0.000000,0.000260,-0.005536,0.003708,-0.000000,-0.7643,-1.9378,-1.8240,-0.5048,0.1190,-0.0864
42.7089,-1.999516,-1.505035,1.234506,-1.718554,-1.741105,3.009242,-0.014541,0.000000,-0.000119,-0.004621,0.003908,-0.000000,-0.7278,-1.7784,-1.8498,-0.5175,0.1600,-0.0706
42.7191,-1.999675,-1.505054,1.234518,-1.718575,-1.741058,3.009280,-0.014236,0.001511,-0.000179,-0.004786,0.006303,-0.000000,-0.6987,-1.8092,-1.9853,-0.5314,0.1562,-0.0654
42.7291,-1.999819,-1.504999,1.234518,-1.718619,-1.740986,3.009249,-0.013573,0.003523,-0.000466,-0.004935,0.007682,-0.000000,-0.6172,-1.5974,-1.9703,-0.5029,0.1714,-0.0766
42.7390,-1.999928,-1.504979,1.234456,-1.718671,-1.740879,3.009253,-0.011801,0.004899,-0.000380,-0.004663,0.010152,-0.000000,-0.6206,-1.7101,-2.0596,-0.4912,0.1566,-0.0799
42.7490,-2.000035,-1.504931,1.234491,-1.718722,-1.740810,3.009264,-0.010194,0.004974,-0.000407,-0.004091,0.011004,-0.000000,-0.6868,-1.6513,-2.0825,-0.5007,0.1567,-0.0715
42.7590,-2.000109,-1.504867,1.234526,-1.718754,-1.740660,3.009272,-0.008204,0.005042,-0.000295,-0.003228,0.010893,-0.000000,-0.5528,-1.7810,-2.1069,-0.5070,0.1484,-0.0752
42.7689,-2.000218,-1.504819,1.234487,-1.718763,-1.740602,3.009264,-0.005909,0.004117,-0.000232,-0.003624,0.011144,-0.000000,-0.5111,-1.8275,-2.0803,-0.5153,0.1421,-0.0833
42.7790,-2.000235,-1.504787,1.234471,-1.718799,-1.740494,3.009245,-0.003952,0.003230,-0.000191,-0.002963,0.010660,-0.000000,-0.4844,-1.8446,-1.9544,-0.4982,0.1420,-0.0632
42.7889,-2.000229,-1.504763,1.234503,-1.718838,-1.740402,3.009268,-0.000485,0.001575,0.000149,-0.002898,0.010537,-0.000000,-0.2730,-1.8859,-1.6940,-0.5203,0.1514,-0.0877
42.7990,-2.000217,-1.504760,1.234511,-1.718847,-1.740299,3.009264,0.001397,0.000623,0.001612,-0.002761,0.010167,-0.000000,-0.0892,-1.9943,-1.5757,-0.5150,0.1412,-0.0743
42.8091,-2.000184,-1.504791,1.234535,-1.718879,-1.740199,3.009264,0.003816,0.000218,0.003773,-0.004408,0.009851,-0.000000,0.0648,-1.9727,-1.4503,-0.5026,0.1584,-0.0741
42.8192,-2.000120,-1.504787,1.234595,-1.718915,-1.740067,3.009261,0.006408,0.000000,0.006552,-0.002537,0.010991,-0.000000,0.1191,-1.9222,-1.4214,-0.5166,0.1332,-0.0663
42.8290,-2.000037,-1.504787,1.234670,-1.718881,-1.739991,3.009230,0.008136,0.001569,0.010081,-0.001381,0.012166,-0.000000,0.2650,-1.7300,-1.4062,-0.5050,0.1564,-0.0746
42.8389,-1.999968,-1.504760,1.234779,-1.718924,-1.739841,3.009287,0.008506,0.001565,0.010951,-0.002626,0.013220,-0.000000,0.2662,-1.5762,-1.4048,-0.4979,0.1561,-0.0730
42.8490,-1.999911,-1.504731,1.234871,-1.718942,-1.739759,3.009233,0.008321,0.003863,0.012188,-0.001428,0.013761,-0.000000,0.3009,-1.5251,-1.3797,-0.5062,0.1594,-0.0689
42.8589,-1.999801,-1.504679,1.235007,-1.718960,-1.739615,3.009261,0.008049,0.006106,0.014837,-0.002759,0.014166,-0.000000,0.2678,-1.6123,-1.4359,-0.4799,0.1598,-0.0726
42.8690,-1.999752,-1.504604,1.235182,-1.718979,-1.739471,3.009268,0.006095,0.008454,0.015543,-0.001211,0.015576,-0.000000,0.3940,-1.5451,-1.3529,-0.4920,0.1787,-0.0584
42.8790,-1.999701,-1.504551,1.235303,-1.719002,-1.739324,3.009264,0.005003,0.009555,0.017211,-0.002216,0.016055,-0.000000,0.3640,-1.5618,-1.2910,-0.4975,0.1708,-0.0505
42.8891,-1.999664,-1.504421,1.235490,-1.719014,-1.739156,3.009264,0.003600,0.010085,0.020793,-0.001177,0.017752,-0.000000,0.3700,-1.5983,-1.1853,-0.5029,0.1830,-0.0527
42.8990,-1.999637,-1.504333,1.235707,-1.719045,-1.738995,3.009284,0.002508,0.008935,0.023859,-0.002027,0.019117,-0.000000,0.3415,-1.6747,-1.2393,-0.5049,0.1604,-0.0685
42.9091,-1.999617,-1.504284,1.235936,-1.719038,-1.738800,3.009264,0.001420,0.009354,0.029940,-0.001090,0.020177,-0.000000,0.2941,-1.6495,-1.1166,-0.5118,0.2019,-0.0614
42.9189,-1.999624,-1.504204,1.236306,-1.719062,-1.738593,3.009280,0.001022,0.007969,0.033744,-0.004857,0.021200,-0.000000,0.2737,-1.7732,-1.1942,-0.4998,0.1869,-0.0715
42.9291,-1.999620,-1.504121,1.236677,-1.719102,-1.738358,3.009233,0.001867,0.007376,0.038529,-0.005561,0.020663,-0.000000,0.3299,-1.7572,-1.1950,-0.5301,0.1715,-0.0689
42.9390,-1.999608,-1.504045,1.237051,-1.719185,-1.738180,3.009268,0.000954,0.005833,0.041371,-0.008631,0.021044,-0.000000,0.3310,-1.9102,-1.3206,-0.5271,0.1646,-0.0616
42.9490,-1.999612,-1.503997,1.237494,-1.719250,-1.737969,3.009245,0.000681,0.002809,0.044024,-0.008789,0.019515,-0.000000,0.3169,-1.9692,-1.3079,-0.5208,0.1535,-0.0456
42.9588,-1.999612,-1.503966,1.237947,-1.719341,-1.737778,3.009253,0.000583,0.000488,0.044001,-0.010462,0.019139,-0.000000,0.3202,-2.1279,-1.3624,-0.5355,0.1602,-0.0530
42.9689,-1.999593,-1.503989,1.238363,-1.719421,-1.737617,3.009253,0.000504,0.000000,0.042939,-0.009571,0.017426,-0.000000,0.3200,-2.4134,-1.3652,-0.5316,0.1557,-0.0620
42.9790,-1.999593,-1.504021,1.238799,-1.719532,-1.737445,3.009268,0.000343,-0.002661,0.041485,-0.008688,0.016162,-0.000000,0.3022,-2.5374,-1.4631,-0.5303,0.1619,-0.0586
42.9890,-1.999600,-1.504065,1.239167,-1.719601,-1.737324,3.009253,0.000496,-0.004739,0.039808,-0.008697,0.014559,-0.000000,0.3694,-2.6128,-1.3295,-0.5475,0.1432,-0.0601
42.9990,-1.999584,-1.504105,1.239527,-1.719697,-1.737154,3.009268,0.000745,-0.006433,0.035467,-0.007792,0.012470,-0.000000,0.3364,-2.6946,-1.2839,-0.5388,0.1551,-0.0478
