t_rel_s,fx,fy,fz,tx,ty,tz
0.6791,-0.88625,-1.99265,2.64613,-0.33230,-0.09043,0.03292
0.6889,-0.00570,-2.34978,2.77694,-0.31858,-0.07220,0.03273
0.6989,-0.27424,-1.83593,2.65647,-0.33002,-0.09328,0.03631
0.7090,-0.03324,-3.23702,3.46460,-0.30112,-0.07277,0.03136
0.7190,-0.87855,-1.62431,2.73534,-0.34493,-0.09435,0.03095
0.7290,-0.35089,-3.33253,4.16634,-0.29813,-0.07765,0.03204
0.7394,-0.48402,-1.67582,3.01681,-0.33434,-0.08649,0.03782
0.7491,-0.16508,-2.41345,3.21791,-0.32764,-0.09316,0.03493
0.7592,-0.65236,-2.26258,3.38437,-0.33761,-0.07574,0.02752
0.7693,-0.07964,-2.31963,3.68692,-0.32411,-0.05573,0.03241
0.7793,-0.47877,-2.16820,3.28038,-0.33123,-0.07836,0.03475
0.7890,-0.20107,-1.55916,1.76010,-0.35417,-0.08422,0.02942
0.7991,-0.13088,-2.74738,2.11539,-0.33442,-0.07397,0.02912
0.8092,0.30909,-3.08336,2.14286,-0.30295,-0.06552,0.03464
0.8192,-0.27463,-1.39431,0.63091,-0.36790,-0.06441,0.03092
0.8294,-0.37026,-3.66861,1.67579,-0.31084,-0.07930,0.03194
0.8393,0.14211,-2.93878,1.32695,-0.32662,-0.07368,0.03209
0.8491,0.11377,-2.91066,1.33134,-0.31880,-0.08685,0.03128
0.8592,-0.15127,-2.51627,1.08647,-0.33238,-0.08998,0.03055
0.8694,0.31074,-3.83512,2.52272,-0.30193,-0.07369,0.03301
0.8793,-0.24366,-2.52746,1.68383,-0.32991,-0.08307,0.02782
0.8891,-0.04658,-2.87772,1.86731,-0.33176,-0.08276,0.03161
0.8992,-0.29769,-2.74127,1.52524,-0.33379,-0.09138,0.02924
0.9091,0.34940,-3.76195,2.35069,-0.30525,-0.06408,0.03331
0.9192,-0.41046,-1.55081,1.05587,-0.36713,-0.08804,0.02933
0.9292,-0.14983,-3.73152,2.81944,-0.30377,-0.07640,0.02456
0.9392,-0.17475,-1.55448,1.87638,-0.36980,-0.08280,0.02735
0.9493,-0.35749,-2.28311,2.00580,-0.35667,-0.07436,0.02926
0.9596,-0.76017,-1.41999,1.72406,-0.37728,-0.11070,0.03204
0.9691,0.24159,-3.60856,3.66567,-0.30698,-0.07712,0.03173
0.9790,-0.32795,-2.43966,2.77280,-0.33712,-0.08499,0.02780
0.9892,-0.40511,-1.59982,2.14378,-0.36460,-0.08180,0.02751
0.9991,-0.75237,-2.61806,2.50291,-0.34781,-0.09639,0.03099
1.0092,-0.06542,-3.21121,2.96830,-0.32758,-0.07503,0.03689
1.0193,-0.68816,0.46605,-0.09228,-0.44072,-0.11435,0.03522
1.0293,-0.66282,-2.42460,0.53912,-0.36998,-0.09280,0.02950
1.0391,0.03101,-1.72394,-0.27336,-0.40735,-0.07746,0.03214
1.0492,0.12464,-4.27016,1.30780,-0.31423,-0.07794,0.02721
1.0592,-0.49752,-1.20022,0.31448,-0.40357,-0.09256,0.03588
1.0692,-0.17960,-4.61016,4.18321,-0.30930,-0.07582,0.02700
1.0791,-0.43216,-1.83280,3.08862,-0.38717,-0.09587,0.02880
1.0893,-0.23875,-1.99733,3.10526,-0.36770,-0.09217,0.03133
1.0991,-0.81570,-3.29115,3.56249,-0.33859,-0.11066,0.02821
1.1093,0.93603,-3.46747,3.74352,-0.31146,-0.06956,0.02867
1.1193,-0.36791,-1.83041,2.32561,-0.39100,-0.11824,0.01473
1.1290,-0.15946,-3.82213,3.95277,-0.32179,-0.09380,0.00761
1.1391,0.23631,-1.63715,2.92393,-0.37441,-0.07263,-0.00055
1.1489,-0.27866,-2.68765,3.54522,-0.34836,-0.08424,-0.01587
1.1591,-0.77507,-1.92858,3.19497,-0.37603,-0.10594,-0.04670
1.1693,0.37472,-3.38121,4.27702,-0.33311,-0.08916,-0.05274
1.1791,-0.36149,-2.41961,3.45983,-0.36274,-0.09455,-0.06771
1.1892,-0.34724,-1.68823,2.13299,-0.37553,-0.10304,-0.08041
1.1989,0.03671,-3.18842,2.71367,-0.35370,-0.11448,-0.08961
1.2094,0.15364,-3.05731,2.92957,-0.33240,-0.08447,-0.10224
1.2193,0.09035,-1.31375,0.81336,-0.41939,-0.09387,-0.11345
1.2290,0.11061,-3.59970,2.39880,-0.33360,-0.10222,-0.12280
1.2392,0.29150,-1.56250,1.32055,-0.38917,-0.09565,-0.14381
1.2491,-0.20484,-2.26404,2.12074,-0.36564,-0.09855,-0.16171
1.2591,-0.38879,-1.86160,1.30435,-0.39037,-0.11764,-0.17019
1.2692,0.66652,-3.65745,2.96847,-0.33526,-0.07817,-0.16093
1.2797,-0.22418,-2.50166,2.39830,-0.36979,-0.11680,-0.17747
1.2891,-0.10224,-2.82222,2.62048,-0.36563,-0.09568,-0.17527
1.2991,-0.17760,-2.10660,2.53038,-0.38920,-0.11059,-0.16800
1.3093,0.35203,-3.17023,3.47502,-0.34993,-0.08160,-0.16693
1.3192,-0.13288,-0.55407,1.72674,-0.42858,-0.11755,-0.17305
1.3292,0.22855,-3.63278,3.68650,-0.33914,-0.09332,-0.16661
1.3392,0.01123,-1.33808,2.36049,-0.40306,-0.10168,-0.16668
1.3491,0.08602,-3.09561,3.52851,-0.35598,-0.10012,-0.16658
1.3590,-0.10894,-2.39840,3.50129,-0.37538,-0.12299,-0.16449
1.3693,0.46578,-3.24409,3.98741,-0.36031,-0.08990,-0.16158
1.3793,-0.35938,-3.06491,4.32223,-0.35552,-0.12753,-0.16131
1.3893,0.24977,-1.98054,2.81351,-0.38739,-0.10431,-0.16790
1.3992,-0.21643,-2.43268,2.60327,-0.38854,-0.10917,-0.16200
1.4093,0.44477,-3.27544,2.84106,-0.35089,-0.10635,-0.15936
1.4192,-0.03402,-0.29125,0.19880,-0.44070,-0.10364,-0.16933
1.4291,0.17968,-2.65231,1.10280,-0.37711,-0.11933,-0.15923
1.4393,0.42030,-2.40313,0.71452,-0.40298,-0.10840,-0.16055
1.4493,0.32499,-3.12001,1.44749,-0.36487,-0.10303,-0.16198
1.4591,-0.06495,-1.94788,1.06103,-0.39531,-0.12294,-0.15491
1.4690,0.03402,-3.67544,2.92200,-0.35705,-0.09920,-0.14805
1.4789,-0.27918,-2.30992,2.62503,-0.38238,-0.13225,-0.14612
1.4892,0.33258,-2.05339,2.28022,-0.39247,-0.10816,-0.14814
1.4992,-0.21747,-2.91749,2.83559,-0.37774,-0.12369,-0.13790
1.5091,0.48962,-3.06524,2.75959,-0.37169,-0.08752,-0.12965
1.5190,0.14458,-1.92364,1.61975,-0.41654,-0.10714,-0.12003
1.5292,0.21070,-3.49515,3.03331,-0.35009,-0.10194,-0.10421
1.5394,0.48218,-1.21131,1.95119,-0.42636,-0.09511,-0.09401
1.5490,0.04922,-2.76378,2.61843,-0.39376,-0.09620,-0.08160
1.5589,-0.07515,-1.73311,1.86778,-0.42549,-0.11842,-0.07692
1.5693,0.19276,-3.22381,3.12213,-0.38508,-0.08908,-0.06496
1.5790,-0.19794,-2.81889,2.88354,-0.39245,-0.11949,-0.05195
1.5891,0.31145,-2.89990,2.72645,-0.39116,-0.09172,-0.03802
1.5993,-0.09476,-2.48158,2.60773,-0.41242,-0.11630,-0.02822
1.6091,0.24155,-2.80742,3.02164,-0.40324,-0.10154,-0.01412
1.6192,0.32835,-2.15765,2.23587,-0.41456,-0.10394,-0.00102
1.6294,0.22663,-3.37483,3.05149,-0.38625,-0.07530,0.01454
1.6391,0.58146,-2.37863,2.29756,-0.41335,-0.08593,0.01648
1.6490,0.27324,-2.77387,2.62597,-0.39562,-0.09259,0.03090
1.6591,0.42221,-1.96725,1.80209,-0.42231,-0.08075,0.03577
1.6691,0.38707,-3.05320,2.60453,-0.39308,-0.07064,0.04269
1.6792,0.41430,-2.11071,2.06335,-0.42237,-0.07037,0.04551
1.6893,0.82282,-2.14010,1.71004,-0.43765,-0.06872,0.04610
1.6992,-0.11371,-1.94813,1.33257,-0.42657,-0.09287,0.04102
1.7092,-0.20530,-3.17351,2.58282,-0.39328,-0.09501,0.04847
1.7192,-0.32442,-2.02289,1.80792,-0.42381,-0.09706,0.04342
1.7294,-0.64378,-3.50600,3.02206,-0.38183,-0.12151,0.04029
1.7394,-0.85153,-2.66943,3.24017,-0.39776,-0.10414,0.03442
1.7495,-0.90890,-2.33049,2.60082,-0.41993,-0.11185,0.03849
1.7594,-0.78744,-1.94079,1.97131,-0.43925,-0.12880,0.03615
1.7691,-0.66066,-3.30010,3.10288,-0.39242,-0.10099,0.04021
1.7790,-0.10092,-2.18241,2.14738,-0.42141,-0.08950,0.03951
1.7895,-0.26892,-1.65269,1.55390,-0.45296,-0.07831,0.03728
1.7990,-0.50398,-2.26887,1.48882,-0.43428,-0.10109,0.03068
1.8092,-0.03988,-3.22605,2.33431,-0.41055,-0.07906,0.03953
1.8191,-0.13887,-0.27407,-0.27697,-0.49552,-0.07765,0.03742
1.8293,-1.03080,-3.71903,1.75295,-0.38962,-0.10121,0.03794
1.8390,-0.25859,-2.25758,0.83973,-0.43067,-0.09170,0.03984
1.8492,-0.12087,-3.35934,2.30946,-0.40435,-0.07182,0.03861
1.8590,-1.05127,-3.08241,2.78960,-0.41123,-0.12308,0.03455
1.8693,-0.22286,-3.56400,4.07155,-0.39624,-0.07764,0.03940
1.8790,-0.92240,-2.80539,3.54566,-0.42499,-0.10595,0.04032
1.8891,-0.38128,-2.62526,3.55544,-0.43062,-0.07947,0.04044
1.8989,-0.99640,-3.14024,2.90449,-0.41679,-0.09428,0.03359
1.9090,-0.09035,-3.68197,2.88833,-0.40179,-0.08266,0.03698
1.9192,-0.58751,-1.28151,0.25176,-0.48919,-0.08509,0.03761
1.9295,-0.32270,-3.70674,1.61463,-0.42387,-0.08244,0.03660
1.9390,-0.12846,-1.91756,1.17029,-0.46034,-0.09831,0.04034
1.9491,-0.22095,-2.63010,1.50094,-0.44614,-0.08786,0.03601
1.9592,-1.09849,-1.98690,1.17124,-0.47196,-0.10434,0.03653
1.9692,-0.09468,-3.52124,2.89580,-0.40679,-0.07050,0.03419
1.9791,-0.21440,-2.57026,2.15844,-0.44926,-0.08497,0.03637
1.9892,-0.63069,-3.03725,2.82007,-0.42888,-0.08785,0.03572
1.9993,-0.28788,-2.82651,2.51460,-0.44909,-0.08962,0.03879
2.0089,0.01577,-3.45362,3.57666,-0.41867,-0.06209,0.03424
2.0191,-0.32799,-2.19817,2.48281,-0.45582,-0.08889,0.03614
2.0290,-0.07357,-3.15711,3.36803,-0.42181,-0.07672,0.03359
2.0393,-0.57923,-2.31420,3.19671,-0.45359,-0.08753,0.03880
2.0494,-0.09416,-2.62930,3.30540,-0.45267,-0.07865,0.03183
2.0591,-0.80862,-1.99987,2.60723,-0.46638,-0.10230,0.03003
2.0690,-0.01812,-3.13918,3.27531,-0.43373,-0.08066,0.03300
2.0793,-0.01874,-2.53240,2.54373,-0.45576,-0.10749,0.03584
2.0893,-0.03499,-2.92484,2.18053,-0.44992,-0.07622,0.03144
2.0990,-0.45844,-2.94916,2.23594,-0.44929,-0.09397,0.03277
2.1090,0.14154,-3.39390,2.22945,-0.42609,-0.06513,0.03328
2.1193,-0.63600,-1.86129,0.66676,-0.49913,-0.09511,0.03161
2.1289,-0.39506,-3.48462,1.99612,-0.43271,-0.08144,0.03601
2.1392,-0.27580,-2.59097,1.56629,-0.46479,-0.08507,0.03254
2.1493,-0.16980,-2.54385,1.54897,-0.46513,-0.08311,0.03561
2.1589,-0.94009,-2.58672,1.48753,-0.47129,-0.10088,0.03105
2.1691,0.05454,-3.69758,2.88495,-0.42084,-0.08048,0.03400
2.1792,-0.12631,-2.23577,2.01862,-0.46889,-0.08995,0.03451
2.1890,-1.07135,-3.19857,2.76484,-0.44819,-0.11429,0.03024
2.1991,-0.96241,-3.00448,2.53179,-0.45436,-0.12749,0.02805
2.2092,-0.65071,-3.39121,2.59787,-0.44235,-0.07580,0.03598
2.2189,-3.74644,-3.24150,1.39097,-0.46113,-0.24538,0.01968
2.2289,-1.50664,-4.70552,1.41770,-0.40988,-0.13829,0.02775
2.2391,-3.54220,-3.80559,0.59300,-0.45820,-0.23678,0.02415
2.2490,-1.20021,-5.88812,1.05607,-0.38836,-0.12070,0.03433
2.2588,-4.63637,-3.93282,-0.16036,-0.43648,-0.27226,0.02661
2.2689,1.24594,-6.17524,1.45616,-0.37600,-0.03087,0.03090
2.2791,-2.46744,-2.73258,1.02505,-0.46575,-0.23467,0.03285
2.2895,1.85484,-4.00598,2.57653,-0.43342,-0.01932,0.03171
2.2991,-0.47481,-2.56917,3.02614,-0.47573,-0.11067,0.03162
2.3093,3.38960,-2.52545,4.52558,-0.46700,0.05688,0.04094
2.3191,-0.16400,-0.93287,3.40169,-0.50904,-0.10680,0.02619
2.3289,2.81637,-2.53816,4.20594,-0.46285,0.04224,0.03813
2.3390,1.42017,-1.48643,3.25946,-0.49367,-0.02270,0.04503
2.3491,1.65307,-2.47442,3.80488,-0.47342,-0.01583,0.03740
2.3591,0.53742,-1.39393,3.29061,-0.50610,-0.05629,0.03539
2.3692,2.49307,-1.86281,3.72153,-0.50744,0.01202,0.03883
2.3790,1.39471,-1.45425,3.59858,-0.51092,-0.05121,0.03747
2.3892,0.03622,-0.94311,3.21358,-0.51906,-0.06714,0.03544
2.3990,-0.47399,-1.74540,2.91488,-0.50432,-0.07809,0.03397
2.4092,-0.20157,-2.45997,3.09386,-0.50819,-0.04499,0.04594
2.4192,-1.81486,-2.34409,1.49967,-0.50101,-0.14639,0.04124
2.4292,-1.04970,-3.94284,1.19935,-0.47045,-0.09648,0.04165
2.4390,-1.82598,-4.32635,0.70842,-0.46581,-0.14301,0.03419
2.4493,-0.76431,-5.08289,1.33339,-0.43283,-0.08018,0.03428
2.4592,-2.98655,-3.75827,1.03253,-0.47481,-0.16964,0.03095
2.4690,0.06092,-4.01912,2.55823,-0.44364,-0.05100,0.04623
2.4789,-0.94476,-2.72174,2.76545,-0.48998,-0.13151,0.02905
2.4891,0.38345,-2.82841,3.16470,-0.48506,-0.06218,0.03583
2.4993,-0.99881,-1.77105,3.08483,-0.49394,-0.09732,0.03657
2.5091,1.08571,-3.12301,3.71025,-0.47468,-0.02206,0.04067
2.5193,-0.73506,-1.76374,2.62882,-0.51167,-0.10193,0.02925
2.5292,0.81324,-2.46018,2.75313,-0.49459,-0.03233,0.02907
2.5391,0.46254,-1.87098,2.57221,-0.51018,-0.05271,0.03430
2.5491,0.62558,-3.04152,2.75236,-0.49241,-0.04501,0.03620
2.5593,-0.14882,-1.57052,2.25450,-0.52905,-0.08450,0.02803
2.5695,1.29967,-2.55486,2.55379,-0.50678,-0.03203,0.03476
2.5788,0.79560,-2.18732,2.54579,-0.50694,-0.03277,0.02874
2.5892,0.77301,-2.53827,2.41085,-0.50384,-0.05169,0.03068
2.5991,0.19075,-2.68883,2.07999,-0.50104,-0.06818,0.02934
2.6093,1.25514,-3.82895,2.57185,-0.45529,-0.03785,0.03268
2.6191,-0.61030,-2.91927,0.82530,-0.50083,-0.10599,0.01836
2.6292,-0.23587,-5.66435,1.30525,-0.41938,-0.07665,0.02467
2.6391,-0.79062,-3.85857,0.27924,-0.48888,-0.10529,0.01538
2.6494,-0.50664,-5.48734,1.24461,-0.41788,-0.08065,0.01639
2.6595,-0.94939,-3.91510,0.77759,-0.45755,-0.08683,0.01301
2.6691,-0.17052,-3.23038,2.31866,-0.48012,-0.08088,0.01270
2.6791,-0.87829,-1.99273,3.20933,-0.49382,-0.08394,0.01067
2.6893,-0.52875,-2.87772,3.82886,-0.48385,-0.07293,0.00936
2.6992,-0.67936,-1.81231,3.31591,-0.50626,-0.08273,0.01095
2.7092,0.21807,-3.50199,3.81520,-0.47053,-0.05837,0.01330
2.7192,-1.23910,-2.47205,2.21461,-0.49919,-0.11409,0.00163
2.7294,-0.30403,-3.73465,2.10299,-0.47102,-0.08418,-0.00106
2.7390,-0.67805,-2.54912,1.70435,-0.48592,-0.08311,-0.01590
2.7494,-0.28144,-3.61832,2.16618,-0.45422,-0.08735,-0.03140
2.7592,-0.48210,-2.17636,2.43138,-0.49178,-0.08412,-0.05245
2.7690,0.63814,-1.90985,3.41526,-0.50732,-0.06171,-0.06170
2.7790,0.14483,-1.13755,3.37405,-0.52622,-0.05201,-0.06645
2.7892,0.35344,-1.70611,3.83010,-0.50448,-0.05750,-0.08256
2.7991,0.12469,-1.09531,3.34471,-0.52543,-0.06304,-0.09763
2.8090,0.49595,-2.38500,3.47437,-0.49821,-0.06496,-0.10986
2.8190,0.23781,-1.94214,2.74551,-0.49956,-0.07808,-0.12620
2.8291,0.33635,-2.69707,2.99778,-0.48666,-0.06766,-0.14806
2.8391,0.03626,-1.73046,2.97539,-0.49895,-0.08403,-0.16024
2.8490,0.31900,-2.41345,3.01949,-0.49990,-0.08551,-0.16564
2.8591,-0.35112,-1.95786,2.94628,-0.49804,-0.08131,-0.17496
2.8693,0.35701,-2.52092,2.80001,-0.48449,-0.08305,-0.16911
2.8791,0.07853,-2.39764,2.72706,-0.47954,-0.08870,-0.16290
2.8891,0.01179,-2.37510,2.53838,-0.48394,-0.08042,-0.16083
2.8992,0.06339,-2.13070,2.09250,-0.48375,-0.08594,-0.16473
2.9092,0.01896,-2.94578,2.46286,-0.47392,-0.08712,-0.16231
2.9191,0.12925,-2.48692,2.47712,-0.48333,-0.08794,-0.16832
2.9288,0.28309,-2.40951,2.33396,-0.48675,-0.08305,-0.16477
2.9392,-0.20847,-2.70999,2.50039,-0.48628,-0.08005,-0.16673
2.9491,0.05631,-2.60802,2.21904,-0.47762,-0.07089,-0.16476
2.9590,-0.02146,-2.64126,2.16466,-0.48697,-0.07659,-0.16485
2.9693,0.08838,-2.72149,2.02231,-0.48091,-0.09332,-0.15670
2.9791,-0.16966,-2.45301,1.94624,-0.48133,-0.08425,-0.16818
2.9890,0.26588,-3.01289,1.91610,-0.47318,-0.08375,-0.16118
2.9990,-0.12686,-2.92719,1.87082,-0.47237,-0.08716,-0.16455
3.0091,0.15113,-3.04809,1.63471,-0.47216,-0.08195,-0.15518
3.0192,-0.26019,-3.56804,0.69179,-0.47361,-0.09007,-0.16959
3.0290,-0.26901,-3.61250,-0.58367,-0.48023,-0.08591,-0.14888
3.0391,0.37018,-4.39882,-1.77416,-0.44758,-0.09439,-0.16660
3.0490,-0.21932,-6.75105,-1.10383,-0.40009,-0.11714,-0.18251
3.0592,-0.27844,-3.84758,-2.53529,-0.46926,-0.09352,-0.16934
3.0692,-0.36596,-6.38856,0.15272,-0.37055,-0.09147,-0.15879
3.0792,-0.12214,-2.73204,0.40258,-0.49859,-0.10072,-0.16947
3.0890,-0.83954,-2.25338,2.50385,-0.50017,-0.14739,-0.17853
3.0991,-1.02930,-1.25982,4.41080,-0.51077,-0.09603,-0.15595
3.1093,-0.15278,-2.43647,5.73369,-0.46997,-0.07929,-0.16596
3.1192,-1.34581,-0.14344,4.73726,-0.53769,-0.10910,-0.17039
3.1291,-0.53695,-1.81603,5.19416,-0.49183,-0.09735,-0.16453
3.1392,-0.66290,-0.82058,4.61357,-0.51844,-0.09764,-0.16386
3.1493,-0.75732,-1.93399,4.55015,-0.48632,-0.08460,-0.16519
3.1592,-1.71975,-0.05654,3.50582,-0.53718,-0.14919,-0.17322
3.1694,-0.28578,-1.29033,3.97012,-0.51104,-0.07897,-0.16484
3.1792,-0.24237,-0.83163,3.73960,-0.51859,-0.10366,-0.16278
3.1894,-0.35806,-1.28564,3.12226,-0.51783,-0.09934,-0.16557
3.1991,-0.67852,-1.02763,2.31640,-0.51553,-0.11707,-0.16668
3.2092,0.70215,-2.35235,2.42771,-0.49017,-0.06049,-0.16497
3.2191,-0.77844,-2.06973,1.60003,-0.50125,-0.11313,-0.16320
3.2292,-0.09817,-2.72633,1.49029,-0.48318,-0.09091,-0.16452
3.2390,-0.38934,-3.19937,1.75258,-0.47628,-0.11285,-0.16478
3.2493,0.82707,-3.64166,1.77489,-0.46555,-0.07959,-0.16674
3.2592,-0.46424,-2.81097,1.22999,-0.47716,-0.11785,-0.17029
3.2692,0.55941,-3.36518,2.05228,-0.44789,-0.06215,-0.16012
3.2790,0.35966,-3.08046,2.08997,-0.47866,-0.08152,-0.16122
3.2893,0.40007,-3.49179,2.01619,-0.45817,-0.07299,-0.15961
3.2994,-0.23521,-2.82305,1.18440,-0.46458,-0.09678,-0.16338
3.3092,1.06112,-3.91687,1.65110,-0.45505,-0.05444,-0.16161
3.3191,0.18535,-3.36626,0.89636,-0.45171,-0.08437,-0.16441
3.3294,0.74066,-3.80476,0.98082,-0.46039,-0.08663,-0.16454
3.3390,1.16468,-2.83661,0.79303,-0.47735,-0.05358,-0.15600
3.3488,0.79535,-3.18898,1.70455,-0.46173,-0.06988,-0.15101
3.3593,0.60776,-2.69145,1.84412,-0.47963,-0.06704,-0.16612
3.3694,0.75810,-2.54917,2.85529,-0.48547,-0.06092,-0.16410
3.3791,1.01394,-1.71551,3.42008,-0.48478,-0.06248,-0.16488
3.3891,0.46613,-2.23664,4.34304,-0.48236,-0.05106,-0.16669
3.3991,0.31257,-0.80984,4.04076,-0.52583,-0.07913,-0.16082
3.4090,0.14971,-1.02923,4.34748,-0.52628,-0.07669,-0.15900
3.4191,0.16405,-2.15063,2.86054,-0.50887,-0.08297,-0.16544
3.4292,-0.49312,-2.67285,2.31445,-0.46970,-0.09779,-0.16125
3.4391,0.07070,-3.28596,1.07724,-0.47912,-0.09974,-0.16838
3.4492,-0.64848,-3.34805,0.87825,-0.47153,-0.11165,-0.16663
3.4591,-1.30968,-2.82518,0.56810,-0.47805,-0.13593,-0.16898
3.4691,-0.99481,-3.43923,1.83465,-0.45298,-0.09527,-0.16889
3.4790,-0.94562,-2.37332,2.30882,-0.48865,-0.12879,-0.16971
3.4894,-1.33859,-3.00429,2.74057,-0.46755,-0.14188,-0.17743
3.4990,-0.88301,-2.18688,2.17200,-0.48059,-0.12766,-0.17281
3.5091,0.04725,-3.31219,2.50351,-0.45389,-0.08442,-0.16319
3.5193,-1.70076,-1.92934,1.56088,-0.50742,-0.17231,-0.17945
3.5294,-0.44146,-3.10557,1.90381,-0.44919,-0.10236,-0.16779
3.5390,-0.41291,-1.96688,1.65363,-0.49018,-0.11476,-0.17511
3.5491,-0.59503,-3.40901,2.63242,-0.45432,-0.09845,-0.16722
3.5590,-1.20578,-1.44676,1.50581,-0.51692,-0.15475,-0.17872
3.5690,1.32983,-2.94713,2.99756,-0.45264,-0.02807,-0.16010
3.5790,-0.19742,-1.35694,3.31879,-0.49479,-0.10027,-0.16793
3.5893,0.67136,-2.66344,3.50698,-0.47193,-0.06970,-0.16734
3.5992,-0.06248,-1.00869,2.49109,-0.53029,-0.10351,-0.17132
3.6092,1.76182,-2.42369,3.07189,-0.48783,-0.04083,-0.16057
3.6191,0.46661,-1.80095,1.87265,-0.50625,-0.08804,-0.16643
3.6291,0.64131,-2.73272,2.23413,-0.47767,-0.05686,-0.15939
3.6393,0.58712,-2.27014,1.69778,-0.50468,-0.06772,-0.17067
3.6493,1.13493,-3.11290,2.76479,-0.47840,-0.04666,-0.16634
3.6591,-0.59792,-1.81093,2.25957,-0.49887,-0.11045,-0.16691
3.6692,0.60965,-2.79061,3.32088,-0.46991,-0.06230,-0.15966
3.6791,-0.33965,-1.82374,3.36475,-0.50295,-0.08880,-0.16655
3.6892,0.03113,-2.66663,2.78835,-0.48195,-0.09836,-0.17023
3.6990,-0.18609,-2.28137,2.08919,-0.49563,-0.10041,-0.16546
3.7093,0.99657,-3.31585,2.59507,-0.47018,-0.06161,-0.15987
3.7191,-0.46252,-2.24328,1.97459,-0.49571,-0.11372,-0.16924
3.7290,0.46429,-3.06934,2.53948,-0.47431,-0.07661,-0.15980
3.7391,0.15280,-1.94966,2.63638,-0.50521,-0.05889,-0.16453
3.7494,0.28102,-2.46937,3.26670,-0.46682,-0.06767,-0.16114
3.7591,-0.09711,-1.39674,2.73029,-0.51364,-0.08159,-0.16869
3.7692,0.35642,-2.51868,3.33951,-0.47047,-0.04528,-0.15708
3.7790,0.47356,-1.64506,3.20606,-0.49809,-0.07614,-0.16408
3.7935,0.44571,-2.51813,4.03614,-0.48108,-0.08096,-0.16286
3.8035,-0.16268,-1.09866,3.67574,-0.51964,-0.08453,-0.16288
3.8129,0.48300,-1.74124,4.21945,-0.49890,-0.06723,-0.17185
3.8229,-0.48162,-2.01881,4.48531,-0.48362,-0.07588,-0.15850
3.8356,0.20829,-2.15254,3.77856,-0.49671,-0.07838,-0.16523
3.8420,0.20263,-2.02264,3.55698,-0.49861,-0.08014,-0.15921
3.8521,-0.16652,-2.31124,2.84582,-0.49582,-0.07834,-0.16149
3.8656,0.04426,-2.25020,2.74914,-0.48648,-0.09129,-0.16412
3.8754,0.04471,-3.02491,3.26235,-0.47454,-0.09664,-0.16643
3.8846,-0.00567,-2.32944,2.83486,-0.48242,-0.09031,-0.16065
3.8949,-0.65969,-2.60252,2.66453,-0.49247,-0.09933,-0.16540
3.9015,-0.47570,-2.56219,2.79658,-0.47958,-0.09171,-0.16596
3.9134,-0.05551,-2.77977,2.03294,-0.47985,-0.08860,-0.16310
3.9236,-0.54940,-2.52295,2.31438,-0.47941,-0.09893,-0.16556
3.9318,0.09963,-2.15951,1.73792,-0.48364,-0.08648,-0.16541
3.9419,0.12457,-2.03166,1.73987,-0.49445,-0.09718,-0.16565
3.9516,0.23786,-2.13071,1.78640,-0.48640,-0.08267,-0.16512
3.9612,-0.19130,-2.56810,2.12151,-0.47361,-0.10093,-0.16486
3.9708,-0.73901,-2.61445,2.41720,-0.48397,-0.07851,-0.16581
3.9803,-0.22607,-2.32493,2.57443,-0.48680,-0.08716,-0.15808
3.9908,-1.39914,-3.15584,2.85254,-0.47055,-0.12328,-0.16451
4.0003,-1.27318,-3.03418,2.00380,-0.46876,-0.12912,-0.16718
4.0102,-0.65406,-2.61224,1.92114,-0.46788,-0.10905,-0.16191
4.0200,-1.29552,-3.31790,2.34673,-0.45236,-0.13493,-0.16241
4.0296,-0.35998,-2.77704,1.77804,-0.47385,-0.08910,-0.16189
4.0396,-0.56086,-2.29882,1.77072,-0.48600,-0.11110,-0.16498
4.0495,-0.86652,-2.96947,1.47646,-0.46380,-0.11476,-0.16691
4.0598,-1.34742,-3.37768,0.23554,-0.46863,-0.16526,-0.17360
4.0694,0.33787,-4.57763,-0.23451,-0.44578,-0.05854,-0.15394
4.0795,-0.98464,-3.92456,-0.93650,-0.45122,-0.16216,-0.16453
4.0895,-1.02194,-4.65048,-1.20451,-0.44742,-0.13994,-0.17926
4.0995,-1.89711,-3.78921,-1.95777,-0.46968,-0.15937,-0.16530
4.1100,0.05305,-6.62195,-0.88039,-0.37752,-0.07845,-0.15970
4.1195,-2.26040,-3.84530,-1.92623,-0.48401,-0.18437,-0.17291
4.1298,-0.03481,-5.47535,-0.63097,-0.39341,-0.09150,-0.17521
4.1393,0.10836,-3.22600,0.19133,-0.43803,-0.08963,-0.15805
4.1495,0.74728,-2.79004,3.80369,-0.45303,-0.04907,-0.15751
4.1597,-0.52385,0.07654,5.18612,-0.53739,-0.13036,-0.17600
4.1694,2.04100,-1.31851,7.68687,-0.48858,-0.00705,-0.15677
4.1793,1.40713,0.38822,7.36102,-0.53494,-0.02786,-0.14449
4.1896,2.34486,0.59433,6.45208,-0.54179,0.00089,-0.16735
4.1992,1.48932,1.14849,5.15715,-0.57967,-0.03356,-0.16547
4.2093,2.04026,-0.26787,4.91780,-0.54761,0.00053,-0.16781
4.2193,0.34841,-0.54664,3.94949,-0.52431,-0.05596,-0.15446
4.2293,1.28441,-0.81370,3.06689,-0.53495,-0.04902,-0.16185
4.2392,0.73610,-1.10683,3.12766,-0.52929,-0.05514,-0.15885
4.2492,0.84756,-1.40943,3.17970,-0.52027,-0.06787,-0.16458
4.2591,0.27842,-1.17119,3.02925,-0.52090,-0.08271,-0.16149
4.2692,0.47493,-1.36177,3.07693,-0.50589,-0.07536,-0.16740
4.2792,0.38753,-2.20110,3.05027,-0.49860,-0.05937,-0.16294
4.2891,0.02177,-2.51902,3.10956,-0.48370,-0.07606,-0.16358
4.2992,0.05699,-2.72621,2.85175,-0.48594,-0.08808,-0.17157
4.3091,-0.01607,-2.83061,2.60131,-0.47615,-0.08559,-0.16975
4.3194,-0.10018,-3.12647,2.58914,-0.46381,-0.09444,-0.17443
4.3293,0.19567,-2.30259,2.46270,-0.49274,-0.09322,-0.17883
4.3391,-0.05065,-2.57118,2.87266,-0.48407,-0.08476,-0.17170
4.3491,-0.93822,-3.85351,3.67910,-0.44146,-0.11708,-0.18847
4.3592,-1.87074,-2.63180,3.50626,-0.47596,-0.15943,-0.19451
4.3691,-0.88898,-2.88647,2.95489,-0.48113,-0.13234,-0.17996
4.3793,-1.76715,-3.06164,2.67433,-0.46442,-0.14742,-0.18501
4.3894,-0.79995,-3.18105,2.18134,-0.46900,-0.12016,-0.18771
4.3990,-0.78232,-3.03837,1.94627,-0.45415,-0.11622,-0.18809
4.4090,-0.43653,-3.25429,2.07746,-0.45899,-0.09305,-0.17813
4.4190,-0.53467,-3.19122,1.47859,-0.45764,-0.12205,-0.17942
4.4291,-0.18376,-3.06718,1.16495,-0.45604,-0.09002,-0.16561
4.4391,0.23596,-2.81683,1.00483,-0.46159,-0.09117,-0.18815
4.4492,0.81178,-3.37666,0.55563,-0.45311,-0.08532,-0.17289
4.4589,0.30526,-2.87394,-1.13969,-0.47545,-0.08685,-0.17148
4.4689,0.65668,-3.84235,-0.83098,-0.45098,-0.09071,-0.16667
4.4792,1.40605,-3.29106,-1.00005,-0.47302,-0.06140,-0.16515
4.4891,1.17548,-3.78139,-0.87148,-0.45149,-0.08948,-0.16908
4.4991,1.39596,-3.61376,-1.24421,-0.44836,-0.06095,-0.18098
4.5093,1.53150,-3.56765,0.49578,-0.45159,-0.03755,-0.16231
4.5190,0.93008,-2.45972,0.08392,-0.47985,-0.05804,-0.17038
4.5292,0.30649,-3.20815,2.47415,-0.44780,-0.08903,-0.16686
4.5391,1.27129,-1.91359,2.93401,-0.48659,-0.05588,-0.17038
4.5491,0.26377,-2.51646,5.39034,-0.45650,-0.07438,-0.16353
4.5591,-0.14378,-1.42249,5.15281,-0.49939,-0.09067,-0.17074
4.5691,-0.03709,-1.53906,5.68943,-0.48528,-0.08091,-0.16483
4.5792,-0.03556,-0.96323,5.20575,-0.48991,-0.07135,-0.16814
4.5890,0.00400,-2.05081,4.70293,-0.46641,-0.10376,-0.16094
4.5990,0.10385,-1.24495,3.65068,-0.49521,-0.06831,-0.16462
4.6091,-0.05084,-1.40842,4.07470,-0.49136,-0.09878,-0.16455
4.6191,-0.37087,-1.04983,4.02157,-0.49829,-0.09449,-0.16798
4.6293,-0.32845,-1.45248,4.18598,-0.49063,-0.10319,-0.16759
4.6391,0.17018,-0.85139,3.79047,-0.51043,-0.09625,-0.17403
4.6492,-0.38788,-1.76899,3.98019,-0.48579,-0.10183,-0.16372
4.6592,-0.79996,-1.67110,3.65270,-0.49669,-0.12081,-0.16945
4.6689,-0.58170,-1.50703,3.07839,-0.48944,-0.10415,-0.16255
4.6794,-0.68939,-2.48080,2.63814,-0.48106,-0.10316,-0.16708
4.6893,-1.02449,-3.42429,2.88117,-0.46220,-0.13171,-0.16976
4.6991,-0.88464,-2.14604,2.38052,-0.46811,-0.11119,-0.17390
4.7092,-0.62273,-3.32926,2.85710,-0.45495,-0.10951,-0.16527
4.7192,-1.18276,-3.21930,2.62352,-0.45714,-0.15615,-0.16972
4.7294,-0.61082,-2.89894,2.28182,-0.46819,-0.10139,-0.16774
4.7390,-1.02682,-3.20810,2.71044,-0.45273,-0.11344,-0.16582
4.7494,-0.76581,-3.25949,1.95330,-0.44885,-0.10155,-0.16955
4.7591,-0.90988,-2.96637,1.28832,-0.46505,-0.11272,-0.17233
4.7694,-0.30003,-3.22558,1.07662,-0.44881,-0.08846,-0.16829
4.7791,0.22933,-2.87752,0.97190,-0.44670,-0.08376,-0.17523
4.7894,0.63984,-3.15175,0.84381,-0.44930,-0.08822,-0.16861
4.7991,0.28650,-2.88779,0.97003,-0.45990,-0.09454,-0.16980
4.8090,1.33641,-3.14621,1.61966,-0.44122,-0.05044,-0.16859
4.8190,0.69734,-2.76220,1.64569,-0.45411,-0.06999,-0.16921
4.8293,0.80213,-3.40627,2.29287,-0.44182,-0.05462,-0.16820
4.8392,1.08621,-2.09186,2.06542,-0.47465,-0.06302,-0.17503
4.8489,0.75207,-2.53914,2.47150,-0.46389,-0.05913,-0.18122
4.8590,0.86960,-2.51668,2.46230,-0.46699,-0.05561,-0.17373
4.8690,0.57994,-2.38560,2.92396,-0.46686,-0.05988,-0.17187
4.8789,0.91196,-1.81162,3.30639,-0.46988,-0.06444,-0.17966
4.8892,-0.29740,-1.80891,3.71183,-0.48865,-0.08970,-0.17441
4.8990,-0.00476,-1.31773,3.94307,-0.47594,-0.06846,-0.16518
4.9090,-0.18080,-1.81853,4.15730,-0.47194,-0.08852,-0.17468
4.9190,-0.15077,-1.53614,3.72939,-0.48565,-0.08775,-0.18149
4.9293,-0.24828,-1.68390,3.45478,-0.48662,-0.08316,-0.17520
4.9390,-0.43447,-1.41655,3.11989,-0.48500,-0.08251,-0.16373
4.9494,-0.07984,-2.33546,2.94552,-0.46524,-0.09933,-0.17175
4.9591,-0.59660,-2.31864,2.77379,-0.48121,-0.09591,-0.16750
4.9692,-0.36541,-1.97237,2.74477,-0.47855,-0.08124,-0.16479
4.9794,-0.83820,-2.24267,2.91441,-0.46819,-0.09500,-0.16044
4.9891,-0.71541,-2.60650,3.28607,-0.45443,-0.10620,-0.16863
4.9992,-0.54461,-2.22451,3.11869,-0.46221,-0.10269,-0.16717
5.0092,-0.51097,-2.60190,2.99097,-0.45872,-0.08711,-0.15893
5.0190,-0.73442,-2.69358,3.01195,-0.44919,-0.10936,-0.16827
5.0290,-0.30976,-2.45069,2.68814,-0.45761,-0.08618,-0.16589
5.0391,-0.59553,-3.07400,2.93656,-0.44660,-0.10488,-0.16143
5.0492,-0.72009,-2.89516,2.98842,-0.44401,-0.10996,-0.16912
5.0591,-1.30179,-2.82364,3.05876,-0.44816,-0.14019,-0.16619
5.0692,-0.64356,-2.82025,3.16623,-0.45607,-0.07797,-0.16421
5.0793,-1.71892,-2.90895,3.43013,-0.43272,-0.13225,-0.17293
5.0892,-1.62418,-2.76073,3.05288,-0.45382,-0.13122,-0.16792
5.0990,-1.97356,-2.69555,3.17843,-0.44460,-0.14251,-0.16411
5.1091,-0.83555,-2.69031,2.55457,-0.44687,-0.09628,-0.16245
5.1196,-2.89346,-3.07953,2.94782,-0.42951,-0.17810,-0.17481
5.1294,-0.54849,-2.31569,2.13737,-0.45947,-0.07917,-0.16792
5.1389,-1.53527,-3.14025,2.73513,-0.42304,-0.13542,-0.16900
5.1492,-0.71183,-2.51712,2.15602,-0.44827,-0.09976,-0.17246
5.1590,-1.61444,-2.53530,2.09155,-0.44749,-0.15753,-0.17712
5.1695,1.41927,-2.88255,1.77581,-0.43628,-0.01851,-0.16160
5.1793,-0.25201,-3.28974,1.72107,-0.42400,-0.09331,-0.16641
5.1894,0.55388,-3.16813,0.78359,-0.44222,-0.07790,-0.17303
5.1991,0.28418,-2.90719,0.48347,-0.44321,-0.08529,-0.18147
5.2093,1.33717,-3.95537,0.79675,-0.41427,-0.01741,-0.16563
5.2190,-0.35121,-3.42604,0.34482,-0.43472,-0.10928,-0.18117
5.2293,1.05798,-3.92957,0.01887,-0.40723,-0.06163,-0.16156
5.2389,0.45072,-3.28947,0.09776,-0.43693,-0.05947,-0.18230
5.2492,1.00772,-4.09392,0.52808,-0.39606,-0.04092,-0.17359
5.2590,0.33092,-3.47062,0.05581,-0.42458,-0.09087,-0.17951
5.2691,1.42862,-3.85203,0.78671,-0.41092,-0.03714,-0.16886
5.2795,0.99208,-2.37266,1.45402,-0.46000,-0.06355,-0.17492
5.2893,1.54726,-3.49695,3.03193,-0.40744,-0.03004,-0.16881
5.2991,1.27518,-2.22773,3.33843,-0.44424,-0.04810,-0.16405
5.3091,1.94533,-2.41164,4.70710,-0.44050,-0.01478,-0.16625
5.3191,0.86435,-1.47579,4.72691,-0.46931,-0.05837,-0.17056
5.3291,1.55984,-1.51115,5.12017,-0.47826,-0.02262,-0.16276
5.3390,0.88840,-1.22785,4.57218,-0.47780,-0.04685,-0.16753
5.3491,0.38436,-1.61550,4.84459,-0.47674,-0.05386,-0.15797
5.3590,0.00900,-1.10654,4.36335,-0.49402,-0.08726,-0.16109
5.3691,0.13618,-0.80332,3.71406,-0.48895,-0.07777,-0.15918
5.3790,-0.46045,-1.51717,3.84390,-0.47953,-0.09346,-0.15387
5.3892,-0.73830,-1.35418,3.63091,-0.47024,-0.09072,-0.16342
5.3990,-0.25787,-2.10606,3.86906,-0.45275,-0.09173,-0.16064
5.4094,-0.83825,-1.72528,3.23043,-0.47301,-0.10887,-0.15976
5.4193,-0.42848,-2.34243,3.41689,-0.45316,-0.09760,-0.15842
5.4292,-0.59559,-2.35602,3.13453,-0.44893,-0.09367,-0.15828
5.4394,0.04606,-2.35592,3.04006,-0.44135,-0.09581,-0.16023
5.4494,-0.56480,-2.51636,2.57736,-0.44726,-0.10309,-0.16281
5.4591,0.42047,-2.36385,2.45486,-0.44304,-0.08627,-0.15765
5.4693,-0.14832,-2.45436,2.17585,-0.44351,-0.08879,-0.16093
5.4792,0.32651,-2.84166,2.19972,-0.43596,-0.08506,-0.16206
5.4892,-0.02620,-2.41275,1.90206,-0.45530,-0.08331,-0.15574
5.4991,0.27981,-2.83825,2.12261,-0.44780,-0.08373,-0.16234
5.5093,-0.10895,-2.41727,2.00337,-0.45186,-0.08555,-0.16298
5.5192,0.27047,-2.36974,1.79520,-0.44783,-0.08017,-0.16543
5.5291,-0.05693,-2.33158,2.01818,-0.44455,-0.08734,-0.16238
5.5391,0.13476,-2.15210,2.05736,-0.44671,-0.08330,-0.16740
5.5491,0.01930,-2.23199,2.08921,-0.46006,-0.09160,-0.16005
5.5591,0.09608,-2.08348,2.50781,-0.44681,-0.09167,-0.16190
5.5693,-0.38770,-2.30474,2.44050,-0.45119,-0.08944,-0.16096
5.5792,-0.08900,-2.08327,2.27778,-0.44772,-0.09993,-0.15731
5.5890,-0.11455,-2.41766,2.46338,-0.44002,-0.09763,-0.15819
5.5993,-0.40794,-2.50664,2.68690,-0.44461,-0.09091,-0.15981
5.6091,-0.26928,-2.51729,2.66296,-0.44205,-0.09258,-0.16090
5.6191,-0.46856,-2.52311,2.72673,-0.44878,-0.09428,-0.16498
5.6294,-0.03801,-2.63507,2.50983,-0.44802,-0.09516,-0.15712
5.6391,-0.22189,-2.36745,2.65549,-0.44642,-0.09182,-0.15948
5.6491,0.00804,-2.52867,2.36208,-0.43893,-0.08375,-0.16034
5.6590,0.35430,-2.76234,2.32786,-0.44723,-0.08860,-0.15705
5.6691,0.05842,-2.44787,2.50897,-0.43595,-0.08806,-0.15514
5.6791,0.15133,-2.48282,2.28547,-0.43899,-0.08906,-0.15798
5.6894,-0.00929,-2.60848,2.33886,-0.44556,-0.09057,-0.16181
5.6990,-0.09860,-2.51695,2.40173,-0.44635,-0.08854,-0.16026
5.7092,-0.11501,-2.52968,2.50664,-0.45542,-0.08905,-0.15691
5.7190,-0.05436,-2.56125,2.32278,-0.44007,-0.09335,-0.15768
5.7293,-0.05087,-2.39501,2.41270,-0.44939,-0.09493,-0.15776
5.7390,-0.37386,-2.37247,2.49401,-0.43929,-0.10367,-0.15746
5.7491,-0.28714,-2.45861,2.34514,-0.44395,-0.10158,-0.15160
5.7593,-0.07454,-2.57198,2.35797,-0.44466,-0.09280,-0.13376
5.7691,-0.00699,-2.78698,2.53792,-0.43954,-0.09465,-0.11650
5.7793,-0.06998,-2.22606,2.37178,-0.45693,-0.09099,-0.09486
5.7893,-0.01100,-2.10418,2.00532,-0.45773,-0.09316,-0.07474
5.7992,-0.24902,-2.38573,2.25937,-0.45111,-0.09271,-0.05867
5.8090,-0.23196,-2.53899,2.32317,-0.44345,-0.08932,-0.03960
5.8190,-0.16969,-2.41432,2.18311,-0.45539,-0.07592,-0.02858
5.8293,-0.18319,-2.66606,2.27370,-0.44006,-0.08418,-0.01876
5.8394,-0.20798,-2.73177,2.09917,-0.44706,-0.08485,-0.01044
5.8491,0.09060,-2.65217,2.18079,-0.43488,-0.08173,-0.00420
5.8591,-0.31071,-2.69979,2.19963,-0.43688,-0.07734,0.00073
5.8691,-0.06823,-2.69010,2.17269,-0.43352,-0.09380,0.01008
5.8790,-0.37301,-2.22624,1.95566,-0.45218,-0.08798,0.01564
5.8892,-0.36064,-2.93265,2.26591,-0.44409,-0.08475,0.02570
5.8991,-0.04078,-2.47370,2.30384,-0.44879,-0.09042,0.03064
5.9090,-0.27515,-2.61004,2.46600,-0.44415,-0.07745,0.03526
5.9193,-0.46507,-2.77490,2.55454,-0.44798,-0.08551,0.04251
5.9291,-0.28519,-2.76742,2.60530,-0.44488,-0.07638,0.03531
5.9389,-0.10387,-2.43310,2.28320,-0.44812,-0.08799,0.03329
5.9490,-0.10388,-2.57704,2.50102,-0.43941,-0.08088,0.03031
5.9591,-0.14851,-2.26905,2.46599,-0.44607,-0.07823,0.03106
5.9693,-0.23901,-2.46687,2.33193,-0.45140,-0.08187,0.02203
5.9791,-0.40201,-2.66015,2.34854,-0.44913,-0.07685,0.02284
5.9890,-0.14412,-2.71608,2.35302,-0.44940,-0.08181,0.01841
5.9990,-0.07364,-2.65750,2.35325,-0.45220,-0.08602,0.01568
6.0090,-0.59309,-2.48691,2.42839,-0.44472,-0.09599,0.01404
6.0190,-0.31414,-2.61298,2.26718,-0.45131,-0.07932,0.01566
6.0291,-0.39728,-2.69437,2.22803,-0.44784,-0.08300,0.01429
6.0390,-0.50465,-2.49648,2.23762,-0.44547,-0.08653,0.00979
6.0492,-0.35533,-2.73775,2.29981,-0.44564,-0.08791,0.01187
6.0590,-0.27229,-2.39627,2.35799,-0.44050,-0.07823,0.01136
6.0690,-0.02732,-2.43243,2.24836,-0.45162,-0.08583,0.01267
6.0791,-0.30319,-2.68522,2.26045,-0.45532,-0.08631,0.01724
6.0893,0.03475,-2.60903,2.44239,-0.44536,-0.08454,0.01756
6.0990,-0.05588,-2.54133,2.15132,-0.45531,-0.08188,0.02442
6.1091,-0.34693,-2.69928,2.37698,-0.44961,-0.08556,0.02715
6.1191,-0.31206,-2.32703,2.13751,-0.45429,-0.07737,0.03118
6.1291,-0.40210,-2.60740,2.24606,-0.44478,-0.07762,0.02819
6.1392,-0.27520,-2.63190,2.31083,-0.45525,-0.08774,0.03259
6.1490,-0.14564,-2.69932,2.34983,-0.44264,-0.07822,0.03059
6.1591,-0.23677,-2.46629,2.17873,-0.45170,-0.08695,0.03395
6.1694,-0.05099,-2.91729,2.39879,-0.45003,-0.08575,0.02875
6.1791,-0.35329,-2.49486,2.25649,-0.45680,-0.08380,0.02788
6.1890,-0.17265,-2.80779,2.58573,-0.44819,-0.07732,0.02935
6.1990,-0.44867,-2.57069,2.37501,-0.44921,-0.07951,0.02256
6.2094,-0.19471,-2.59902,2.44181,-0.44624,-0.08692,0.02958
6.2190,-0.17817,-2.62988,2.50476,-0.44408,-0.08611,0.02461
6.2289,0.00136,-2.59159,2.78047,-0.43752,-0.08192,0.02245
6.2390,-0.42942,-2.22339,2.65812,-0.45303,-0.07643,0.02509
6.2489,-0.39279,-2.74673,2.56379,-0.45181,-0.06982,0.02652
6.2589,-0.14616,-2.89198,2.36461,-0.44250,-0.08692,0.02866
6.2689,0.04153,-2.63175,2.14972,-0.44803,-0.08313,0.02277
6.2790,-0.30693,-2.78414,2.37973,-0.44438,-0.08345,0.02711
6.2891,0.00710,-2.66889,2.30885,-0.44757,-0.09124,0.02501
6.2990,-0.53231,-2.65621,2.44931,-0.44765,-0.08014,0.02630
6.3091,-0.26254,-2.80016,2.51034,-0.44986,-0.09397,0.02449
6.3191,-0.15407,-2.55190,2.34913,-0.44777,-0.09213,0.02277
6.3290,-0.15763,-2.66817,2.21951,-0.45045,-0.08359,0.02412
6.3392,-0.11349,-2.49636,2.31328,-0.45169,-0.08753,0.02207
6.3490,-0.20414,-2.51210,2.22727,-0.45531,-0.08605,0.02583
6.3590,-0.21194,-2.60432,2.12530,-0.45107,-0.08536,0.01992
6.3690,-0.16946,-2.54411,2.25211,-0.45272,-0.08264,0.02326
6.3790,-0.13900,-2.59353,2.16049,-0.44955,-0.08472,0.02456
6.3889,0.01723,-2.46791,2.42169,-0.44506,-0.08314,0.02515
6.3993,-0.39458,-2.88317,2.28442,-0.45136,-0.08033,0.02258
6.4093,-0.19529,-2.83388,2.25796,-0.44993,-0.07887,0.02477
6.4190,-0.38466,-2.90776,2.44760,-0.44833,-0.08034,0.02337
6.4293,-0.60630,-2.98732,2.38768,-0.45249,-0.07673,0.02870
6.4391,-0.21894,-2.97320,2.48223,-0.44484,-0.08687,0.02295
6.4490,-0.34956,-2.65659,2.24367,-0.45142,-0.08531,0.02057
6.4591,-0.29465,-2.66604,2.35488,-0.44605,-0.07561,0.02322
6.4691,-0.19751,-2.81273,2.36164,-0.45389,-0.08580,0.03449
6.4790,-0.15964,-2.90855,2.22475,-0.44511,-0.07722,0.03252
6.4892,-0.00638,-2.69327,2.17261,-0.44408,-0.08974,0.03089
6.4991,-0.02201,-2.60738,2.35329,-0.44321,-0.07777,0.03129
6.5093,-0.53567,-2.61374,2.27665,-0.45566,-0.07369,0.03215
6.5191,-0.30131,-2.59797,2.41202,-0.44645,-0.07859,0.03001
6.5293,-0.19151,-2.51504,2.15376,-0.44970,-0.07714,0.03203
6.5391,-0.31221,-2.77388,2.35481,-0.45595,-0.07394,0.02945
6.5491,-0.68303,-2.52229,1.99633,-0.46103,-0.07489,0.03395
6.5594,-0.51453,-2.75390,1.75360,-0.46375,-0.07353,0.03134
6.5694,-0.62553,-2.72855,1.90800,-0.45146,-0.07909,0.02315
6.5792,-0.13550,-2.68664,2.04849,-0.45354,-0.07794,0.02892
6.5891,-0.21905,-2.90987,2.14938,-0.45711,-0.08161,0.03410
6.5990,-0.18444,-2.77175,2.26704,-0.45757,-0.07655,0.03251
6.6089,-0.13686,-2.62389,2.31774,-0.45391,-0.08259,0.03193
6.6190,-0.22198,-2.89633,2.42739,-0.46114,-0.08516,0.02896
6.6292,-0.41316,-2.81257,2.53957,-0.45252,-0.06900,0.02735
6.6391,-0.27334,-2.45577,2.38257,-0.45638,-0.08132,0.02764
6.6494,-0.49028,-2.55462,2.33912,-0.44671,-0.07645,0.03276
6.6591,0.00214,-2.51412,2.32063,-0.44566,-0.08854,0.03279
6.6693,-0.18681,-2.90738,2.54620,-0.45759,-0.08145,0.03247
6.6790,-0.49054,-2.74823,2.61120,-0.45207,-0.07301,0.02901
6.6892,-0.28847,-2.77517,2.46756,-0.45229,-0.07263,0.02681
6.6993,-0.03351,-2.64315,2.28648,-0.45410,-0.08893,0.02753
6.7096,-0.38535,-2.79996,2.27861,-0.45568,-0.07880,0.02805
6.7196,-0.50370,-2.59424,2.26720,-0.44617,-0.07654,0.02998
6.7292,-0.31742,-2.72469,2.19415,-0.44895,-0.08251,0.02874
6.7391,-0.49763,-2.70861,2.20606,-0.44868,-0.07211,0.02883
6.7490,-0.42466,-2.91339,2.15268,-0.45406,-0.08537,0.02648
6.7593,-0.15236,-2.82631,2.20001,-0.45460,-0.08488,0.03104
6.7694,-0.36245,-2.73187,2.15292,-0.45123,-0.06648,0.02241
6.7791,-0.32381,-2.71242,2.41782,-0.44787,-0.06885,0.02758
6.7894,-0.47631,-2.80059,2.26589,-0.46360,-0.07838,0.02909
6.7991,-0.19217,-2.88280,2.31919,-0.46316,-0.08070,0.03134
6.8091,-0.11342,-2.82467,2.28549,-0.45945,-0.08364,0.03507
6.8193,-0.36893,-2.73367,2.19892,-0.46469,-0.06950,0.03225
6.8292,-0.60049,-2.91803,2.25721,-0.46109,-0.06583,0.03260
6.8393,-0.10156,-2.84329,2.27639,-0.45432,-0.07730,0.03031
6.8493,-0.38034,-2.51820,2.30251,-0.45296,-0.07396,0.03033
6.8590,-0.45212,-2.22670,2.23669,-0.47476,-0.07866,0.02810
6.8689,-0.37407,-2.40263,2.25854,-0.46130,-0.07843,0.02976
6.8794,-0.32442,-2.59684,2.26878,-0.45620,-0.08212,0.03284
6.8893,-0.41995,-2.92907,2.27984,-0.45638,-0.07592,0.03194
6.8992,-0.69393,-3.08999,2.30724,-0.45984,-0.07181,0.03151
6.9092,-0.15236,-2.99203,2.34619,-0.45857,-0.07898,0.03377
6.9192,-0.54012,-2.83821,2.41393,-0.45965,-0.07096,0.02811
6.9290,-0.31449,-2.71787,2.37287,-0.45048,-0.07126,0.02769
6.9391,-0.15534,-2.94721,2.36510,-0.46391,-0.07931,0.02816
6.9495,-0.19349,-2.81484,2.41197,-0.45416,-0.07795,0.03165
6.9592,-0.39367,-2.84359,2.25524,-0.45326,-0.08277,0.02696
6.9692,-0.23760,-2.97692,2.33100,-0.46163,-0.07839,0.02904
6.9790,-0.29847,-2.79076,2.34215,-0.46319,-0.07791,0.02752
6.9892,-0.31823,-2.98738,2.39115,-0.45935,-0.07124,0.03330
6.9990,-0.30624,-2.73349,2.23210,-0.45847,-0.08037,0.03190
7.0091,-0.26906,-2.71840,2.50374,-0.45979,-0.06621,0.03146
7.0191,-0.02888,-3.02473,2.36948,-0.45823,-0.06791,0.02919
7.0293,-0.22186,-2.98000,2.45060,-0.45570,-0.06953,0.02851
7.0392,-0.33850,-2.76125,2.48643,-0.46768,-0.06628,0.02802
7.0492,-0.25464,-2.66030,2.43490,-0.46077,-0.07257,0.03031
7.0590,-0.34550,-2.61243,2.32501,-0.45399,-0.07281,0.02655
7.0693,-0.28402,-2.67489,2.37473,-0.45543,-0.08067,0.02768
7.0791,-0.83278,-2.86589,2.51314,-0.45040,-0.07427,0.03058
7.0892,-0.56303,-2.62976,2.22463,-0.45276,-0.08215,0.02751
7.0989,-0.32384,-2.87887,2.29641,-0.45659,-0.08265,0.02873
7.1090,-0.60999,-2.69258,2.32426,-0.45296,-0.07695,0.02865
7.1191,-0.22728,-2.92483,2.56835,-0.43775,-0.06388,0.02408
7.1290,-0.56093,-2.51979,2.40846,-0.45107,-0.06948,0.03126
7.1393,-0.07980,-2.88642,2.22542,-0.45952,-0.06356,0.02876
7.1489,-0.07236,-3.17416,2.34849,-0.45117,-0.08197,0.02989
7.1591,0.07157,-2.90185,2.18899,-0.45689,-0.05496,0.03096
7.1692,-0.25235,-3.08324,2.18394,-0.46739,-0.07730,0.02513
7.1792,-0.06754,-2.71202,2.36187,-0.45422,-0.06441,0.02644
7.1893,-0.11355,-2.81489,2.36314,-0.45806,-0.08958,0.02601
7.1991,-0.15399,-2.67436,2.42741,-0.45844,-0.06694,0.02626
7.2089,-0.65127,-2.32849,2.34600,-0.45067,-0.07755,0.03049
7.2191,-0.70159,-2.83880,2.32102,-0.45672,-0.06615,0.03117
7.2293,-0.74782,-2.56287,2.27207,-0.46256,-0.07814,0.02824
7.2393,-0.65305,-2.87981,2.09611,-0.45287,-0.06959,0.02577
7.2493,-0.52674,-2.90320,2.07183,-0.45323,-0.08532,0.03061
7.2589,-0.35206,-2.96134,1.90150,-0.45686,-0.07731,0.02844
7.2691,-0.37820,-2.97229,2.00615,-0.45215,-0.07993,0.02947
7.2791,-0.22254,-2.81840,1.94595,-0.45304,-0.07459,0.02921
7.2894,-0.31725,-2.50503,1.74833,-0.46646,-0.09075,0.02627
7.2991,-0.36884,-3.02406,2.20406,-0.45026,-0.06310,0.02670
7.3093,-0.78301,-2.57077,2.23766,-0.45947,-0.07030,0.02491
7.3192,-0.12186,-2.49031,2.32262,-0.46107,-0.07516,0.02534
7.3292,-0.73583,-2.49515,2.26475,-0.45993,-0.08318,0.02945
7.3392,-0.32928,-2.65657,2.16848,-0.46465,-0.06815,0.02549
7.3492,-0.90279,-2.63411,2.19571,-0.46679,-0.08528,0.02664
7.3594,-0.35810,-2.87700,2.21015,-0.45830,-0.07840,0.02669
7.3692,-0.49012,-2.98201,2.27612,-0.45656,-0.08450,0.02584
7.3793,-0.22992,-2.72082,2.20856,-0.44977,-0.08300,0.02327
7.3893,-0.76122,-2.81913,2.31694,-0.45835,-0.08136,0.03056
7.3991,-0.73534,-2.82883,2.25872,-0.45961,-0.07921,0.02495
7.4092,-0.63473,-3.05265,2.25453,-0.44871,-0.07712,0.02529
7.4192,-0.52368,-2.64319,1.98296,-0.46576,-0.08511,0.02882
7.4294,-0.80207,-2.77470,1.97954,-0.45923,-0.07617,0.02711
7.4392,-0.33067,-2.81844,1.88683,-0.46988,-0.07753,0.02685
7.4492,-0.30390,-2.69683,2.03202,-0.45931,-0.07145,0.02436
7.4590,-0.39216,-2.42960,2.02923,-0.47091,-0.07580,0.02166
7.4691,-0.26051,-2.67859,2.25459,-0.45788,-0.07001,0.02567
7.4791,-0.28290,-2.50727,2.37564,-0.45941,-0.07158,0.03391
7.4891,-0.13641,-2.82370,2.37824,-0.46011,-0.07090,0.02773
7.4990,-0.55619,-2.54886,2.20927,-0.45659,-0.07718,0.02702
7.5091,-0.00930,-2.85106,2.41447,-0.44945,-0.08679,0.03047
7.5191,-0.86668,-2.92273,2.25908,-0.45581,-0.07184,0.02683
7.5291,-0.44634,-3.05229,2.27761,-0.45074,-0.07521,0.03252
7.5390,-0.26513,-2.58267,2.22920,-0.46192,-0.08831,0.02511
7.5491,-0.31959,-3.06886,2.44435,-0.46039,-0.07152,0.02594
7.5592,-0.33216,-2.86676,2.52404,-0.45673,-0.08492,0.02410
7.5692,0.17118,-2.93567,2.46474,-0.45528,-0.07316,0.02575
7.5791,-0.42760,-2.72361,2.34601,-0.45448,-0.06993,0.02542
7.5892,-0.27892,-3.08356,2.30938,-0.45783,-0.07601,0.02443
7.5992,-0.59265,-2.79083,2.17852,-0.46351,-0.07619,0.02630
7.6092,-0.40238,-2.86850,2.35409,-0.45966,-0.07179,0.02021
7.6192,-0.48033,-2.66882,2.24564,-0.46316,-0.07471,0.02468
7.6292,-0.47156,-2.84814,2.35949,-0.45398,-0.07790,0.02658
7.6390,-0.22929,-2.72852,2.39418,-0.45879,-0.07922,0.02234
7.6491,-0.57268,-2.65606,2.51284,-0.45596,-0.06403,0.02185
7.6591,-0.41203,-3.15519,2.33395,-0.45649,-0.07479,0.02316
7.6691,-0.38602,-2.97394,2.50674,-0.45036,-0.07584,0.02429
7.6789,-0.45176,-2.81322,2.51099,-0.45581,-0.07401,0.02470
7.6893,-0.77123,-2.94616,2.55664,-0.46277,-0.08931,0.02386
7.6991,-0.71760,-2.62707,2.52088,-0.45912,-0.07239,0.02539
7.7092,-0.39741,-2.80471,2.42595,-0.45711,-0.07577,0.02486
7.7190,-0.31055,-2.65205,2.45549,-0.45871,-0.08093,0.02633
7.7290,-0.21131,-2.97578,2.59789,-0.45850,-0.07335,0.02345
7.7390,-0.39728,-2.71958,2.46948,-0.45459,-0.06823,0.02071
7.7490,-0.00822,-2.71651,2.27754,-0.46451,-0.07634,0.02225
7.7590,0.04348,-2.81300,2.42001,-0.46707,-0.08377,0.02646
7.7691,0.01570,-3.07780,2.46077,-0.45952,-0.08454,0.02537
7.7791,-0.54882,-2.66876,2.11669,-0.45923,-0.07449,0.02261
7.7891,-0.21453,-2.90774,2.27116,-0.46349,-0.08623,0.02021
7.7990,-0.40127,-2.70944,2.33123,-0.45686,-0.07701,0.01903
7.8096,-0.56827,-2.79376,2.34008,-0.45740,-0.07435,0.02138
7.8190,-0.57947,-2.48885,2.30240,-0.46244,-0.08007,0.02463
7.8293,-0.37886,-2.61354,2.10772,-0.47868,-0.07809,0.02242
7.8393,-0.30016,-2.67326,2.05891,-0.46770,-0.07334,0.02011
7.8492,-0.61561,-2.96010,2.28337,-0.45908,-0.06846,0.02598
7.8590,-0.35241,-2.61124,2.09072,-0.45996,-0.07635,0.02262
7.8693,-0.41415,-2.98839,2.32455,-0.45767,-0.06882,0.02602
7.8791,-0.53451,-2.84751,2.49582,-0.46235,-0.08118,0.01957
7.8892,-0.25895,-2.75362,2.52297,-0.45167,-0.07152,0.02286
7.8993,-0.51386,-2.55263,2.29837,-0.45603,-0.07466,0.02070
7.9092,-0.23225,-2.64771,2.40441,-0.45420,-0.07852,0.02195
7.9194,-0.20640,-2.79576,2.28551,-0.45854,-0.08238,0.02247
7.9292,-0.49971,-2.79678,2.22407,-0.45888,-0.07512,0.01573
7.9392,-0.40420,-2.98143,2.24144,-0.46551,-0.07812,0.02265
7.9493,-0.19924,-2.86820,2.47448,-0.46139,-0.08104,0.02447
7.9589,-0.52445,-2.90794,2.44730,-0.46115,-0.07549,0.02257
7.9693,-0.25577,-2.98901,2.70424,-0.46046,-0.08387,0.02384
7.9790,-0.30114,-2.76418,2.48471,-0.46284,-0.07923,0.01792
7.9891,-0.36523,-2.91970,2.37887,-0.45765,-0.07849,0.02299
7.9995,-0.62608,-2.80983,2.26065,-0.46411,-0.07221,0.02346
8.0091,-0.22703,-2.62122,2.38784,-0.45627,-0.07726,0.02029
8.0192,-0.11628,-2.61764,2.51228,-0.45332,-0.08647,0.02580
8.0292,-0.32704,-2.86457,2.55566,-0.46069,-0.07698,0.02005
8.0394,-0.08518,-2.88333,2.46994,-0.46713,-0.08663,0.01974
8.0491,-0.55780,-2.84561,2.55012,-0.45890,-0.07176,0.02295
8.0590,-0.40397,-2.74486,2.39421,-0.45758,-0.07996,0.02452
8.0690,-0.01928,-2.41020,2.26007,-0.44955,-0.08771,0.02042
8.0791,-0.52480,-2.85018,2.32111,-0.46312,-0.07273,0.02288
8.0894,-0.37443,-2.78844,2.32788,-0.45704,-0.07788,0.02301
8.0993,-0.39194,-2.81509,2.25937,-0.46177,-0.07472,0.01398
8.1092,-0.43349,-2.82837,2.49670,-0.46360,-0.08083,0.01849
8.1193,0.03761,-2.77398,2.31112,-0.46488,-0.08991,0.02030
8.1293,-0.18883,-2.35868,2.40439,-0.45266,-0.09277,0.02421
8.1392,-0.31053,-2.59984,2.33150,-0.45874,-0.08398,0.01704
8.1490,-0.50129,-2.74093,2.47290,-0.44955,-0.07474,0.02349
8.1591,-0.39439,-2.83901,2.33999,-0.46465,-0.08889,0.01999
8.1692,-0.23068,-2.84933,2.42370,-0.46674,-0.07890,0.02140
8.1790,-0.15203,-2.63184,2.30978,-0.46036,-0.08585,0.01807
8.1891,-0.20894,-2.86733,2.35647,-0.46549,-0.07458,0.02156
8.1990,-0.25240,-2.72759,2.36286,-0.45828,-0.08564,0.01952
8.2092,-0.11856,-2.69971,2.48802,-0.46234,-0.07493,0.02216
8.2188,-0.28026,-2.39722,2.26299,-0.45919,-0.08045,0.01602
8.2293,0.06516,-2.75185,2.19648,-0.46143,-0.09088,0.01693
8.2390,-0.04042,-2.70299,2.19625,-0.46567,-0.08181,0.02364
8.2490,-0.18277,-2.78562,2.17927,-0.46649,-0.07210,0.01503
8.2591,-0.02285,-2.75188,2.09546,-0.46647,-0.06704,0.02153
8.2692,0.02723,-2.70033,2.28885,-0.45405,-0.07970,0.02162
8.2791,-0.12427,-2.84038,2.35600,-0.45848,-0.07593,0.01742
8.2894,-0.46390,-2.89503,2.36851,-0.46680,-0.08132,0.02036
8.2991,-0.29381,-2.79694,2.36533,-0.46047,-0.08268,0.01764
8.3090,-0.69304,-2.61599,2.24336,-0.46440,-0.08543,0.01867
8.3193,-0.32300,-2.85859,2.40518,-0.45741,-0.08655,0.02281
8.3292,-0.30682,-2.88539,2.28632,-0.46137,-0.08665,0.02483
8.3392,-0.36072,-2.84335,2.16416,-0.45888,-0.08727,-0.03967
8.3492,-0.35703,-3.23112,1.16949,-0.43939,-0.08423,-0.01611
8.3590,-0.12072,-2.83538,2.66028,-0.47184,-0.07719,0.01374
8.3692,-0.27223,-2.89034,2.03417,-0.45384,-0.08615,0.01245
8.3791,-0.30402,-2.97224,2.29900,-0.46751,-0.08248,0.02139
8.3889,-0.26661,-2.78554,2.41428,-0.46294,-0.08132,0.01787
8.3990,-0.13643,-2.73201,2.66096,-0.45666,-0.08767,0.21816
8.4090,-0.42280,-2.82156,2.51252,-0.45540,-0.08010,0.09368
8.4191,-0.26558,-2.81883,2.29922,-0.46353,-0.08225,0.04793
8.4294,-0.49125,-2.56081,2.37093,-0.45744,-0.07111,0.03442
8.4391,-0.23356,-2.90438,2.30265,-0.46674,-0.07687,0.03408
8.4492,-0.25569,-2.57393,2.28888,-0.46246,-0.07961,0.02726
8.4590,-0.31599,-2.69270,2.46200,-0.46668,-0.07552,0.03192
8.4690,-0.58515,-2.69000,2.23647,-0.46844,-0.07266,0.03327
8.4793,-0.21186,-2.66493,2.28710,-0.46787,-0.08209,-0.06036
8.4893,-0.34129,-2.66177,2.26609,-0.46513,-0.08037,-0.01807
8.4990,-0.34769,-2.41533,2.08120,-0.47936,-0.07907,0.00311
8.5092,-0.59508,-2.85443,2.33710,-0.46162,-0.07405,0.01344
8.5193,0.00454,-2.90896,2.38191,-0.45196,-0.07737,0.01516
8.5292,-0.19262,-3.12556,2.32696,-0.44981,-0.07418,0.01921
8.5391,-0.23394,-2.77898,2.47690,-0.45782,-0.08346,0.01970
8.5491,-0.01883,-3.06022,2.86636,-0.44695,-0.07144,0.01699
8.5590,-0.08443,-2.94730,2.64718,-0.44697,-0.07453,0.01471
8.5692,-0.28155,-3.12654,2.65336,-0.46053,-0.07619,-0.01091
8.5792,-0.26537,-3.05492,2.59204,-0.44974,-0.08231,-0.05344
8.5892,-0.14963,-3.37308,2.85248,-0.43967,-0.07381,-0.10079
8.5991,-0.01454,-2.97773,2.96105,-0.44859,-0.07558,-0.13311
8.6090,0.53496,-2.96471,2.86562,-0.45207,-0.08269,-0.16723
8.6191,0.40805,-3.23688,3.45152,-0.41890,-0.07311,-0.16708
8.6290,0.12586,-3.01950,3.56071,-0.44201,-0.08778,-0.16328
8.6394,-0.04980,-3.15983,3.71490,-0.41717,-0.09155,-0.15823
8.6491,-0.18468,-2.49916,3.20838,-0.45010,-0.09378,-0.16513
8.6589,-0.09475,-2.74747,2.75385,-0.42758,-0.07237,-0.15866
8.6691,-0.25500,-2.35512,2.31178,-0.45716,-0.09532,-0.16164
8.6792,-0.28774,-2.67285,2.22541,-0.43431,-0.09620,-0.15703
8.6894,-0.31960,-2.32569,1.85572,-0.45669,-0.12554,-0.15365
8.6993,-0.36566,-2.76364,2.39805,-0.43125,-0.10914,-0.16380
8.7091,-0.28588,-2.64609,2.33035,-0.44773,-0.08852,-0.15738
8.7194,0.21980,-3.31567,3.14322,-0.41475,-0.07661,-0.15894
8.7291,-0.30135,-2.32771,2.78850,-0.45306,-0.09480,-0.15831
8.7392,0.32563,-2.89150,2.86891,-0.42902,-0.09351,-0.15625
8.7494,-0.26077,-2.25873,2.94380,-0.43794,-0.09632,-0.16146
8.7593,0.16003,-2.39349,3.25846,-0.43805,-0.08921,-0.14996
8.7692,-0.20054,-1.63571,2.58223,-0.46713,-0.10076,-0.15504
8.7793,0.43817,-2.53047,2.78248,-0.43648,-0.08102,-0.15487
8.7890,0.06331,-1.90913,2.45634,-0.45048,-0.09892,-0.15612
8.7993,0.05115,-2.38942,2.82256,-0.42473,-0.08002,-0.15242
8.8092,-0.67846,-1.76717,2.22754,-0.45646,-0.09401,-0.15527
8.8192,0.04145,-2.69788,2.91532,-0.40686,-0.07510,-0.15960
8.8291,-0.27100,-1.49085,2.38850,-0.45907,-0.09634,-0.15318
8.8394,-0.22560,-2.60752,2.55089,-0.40877,-0.08630,-0.15471
8.8489,-0.30861,-2.00432,1.91226,-0.44616,-0.09692,-0.15503
8.8593,0.22196,-2.66164,2.09461,-0.41866,-0.09021,-0.14908
8.8695,-0.10362,-2.04619,1.56933,-0.44138,-0.10238,-0.15292
8.8792,0.24602,-2.77642,1.83920,-0.41130,-0.07888,-0.15200
8.8894,-0.03265,-2.12000,1.94975,-0.42676,-0.09515,-0.15522
8.8992,-0.25802,-2.37825,2.37037,-0.42512,-0.09146,-0.15226
8.9093,-0.32086,-2.07186,2.13337,-0.43982,-0.10340,-0.15254
8.9190,-0.21423,-2.73263,3.20584,-0.39656,-0.09694,-0.14989
8.9292,0.07792,-2.10199,2.75508,-0.42106,-0.09201,-0.15330
8.9389,-0.58681,-2.54040,3.28359,-0.40044,-0.08801,-0.15191
8.9492,-0.02514,-2.47252,3.31432,-0.40917,-0.07585,-0.16053
8.9594,-0.02788,-2.47909,4.19253,-0.39415,-0.09687,-0.15715
8.9693,-0.04112,-1.79546,3.28204,-0.42439,-0.08468,-0.16413
8.9790,-0.32109,-2.34093,3.35250,-0.40569,-0.09558,-0.16934
8.9894,0.90801,-2.87639,3.48329,-0.39360,-0.06156,-0.17695
8.9992,-0.12209,-2.38269,3.67992,-0.38581,-0.07283,-0.17164
9.0092,0.10789,-2.17940,2.76369,-0.40834,-0.07436,-0.18560
9.0191,0.67884,-3.25876,3.18358,-0.37378,-0.06277,-0.17613
9.0292,0.66406,-2.00738,2.24791,-0.42272,-0.05806,-0.19358
9.0394,0.43481,-2.92787,2.11959,-0.38374,-0.06408,-0.19423
9.0493,0.33972,-2.33523,1.37421,-0.40909,-0.07381,-0.19793
9.0591,1.73279,-3.18609,1.74039,-0.37551,-0.02617,-0.18073
9.0695,0.18000,-2.35180,0.98527,-0.42270,-0.08878,-0.17806
9.0792,1.41625,-3.52153,1.44315,-0.38172,-0.04490,-0.17445
9.0893,1.00052,-2.78748,1.60302,-0.39824,-0.07897,-0.18027
9.0990,1.61766,-3.23305,2.34626,-0.39760,-0.04298,-0.17800
9.1092,0.19958,-2.97060,2.32846,-0.40078,-0.10956,-0.17203
9.1194,1.26988,-2.96792,2.32666,-0.38731,-0.04129,-0.15550
9.1291,0.01714,-2.29979,1.88904,-0.40674,-0.11532,-0.17082
9.1391,-0.52249,-2.61601,1.80123,-0.41192,-0.10346,-0.16421
9.1492,-0.61944,-2.36878,1.44377,-0.40685,-0.11350,-0.16889
9.1591,-0.45154,-3.31807,1.86148,-0.37669,-0.08819,-0.16295
9.1691,-2.00995,-2.03774,1.38064,-0.41864,-0.14068,-0.16848
9.1792,-1.02517,-2.60551,1.63843,-0.39871,-0.11326,-0.16235
9.1894,-1.81173,-2.24049,1.95447,-0.40915,-0.13451,-0.16880
9.1990,-0.85999,-2.77762,2.04794,-0.39020,-0.11807,-0.16065
9.2096,-1.36658,-1.99202,2.03019,-0.41031,-0.14026,-0.16120
9.2191,-0.64747,-2.63680,2.10350,-0.39813,-0.11828,-0.14939
9.2293,-0.91217,-2.59745,2.12440,-0.40670,-0.15078,-0.13218
9.2391,-0.23494,-2.58438,2.13259,-0.39215,-0.11635,-0.11616
9.2494,-0.77468,-2.21222,2.07328,-0.40060,-0.12365,-0.11074
9.2590,-0.04270,-2.59344,2.49556,-0.39430,-0.11463,-0.10596
9.2690,-0.27460,-2.68407,2.96939,-0.38729,-0.11710,-0.09049
9.2794,-0.07125,-2.60582,3.07579,-0.40520,-0.10457,-0.07281
9.2891,-0.14826,-2.82725,3.09006,-0.38890,-0.12533,-0.06452
9.2991,0.12224,-3.05148,3.05017,-0.38289,-0.10987,-0.05055
9.3092,0.84572,-2.79826,2.63909,-0.38179,-0.03943,-0.03828
9.3190,-0.31867,-2.86919,2.79628,-0.39084,-0.10497,-0.03879
9.3290,1.00187,-3.01603,1.87808,-0.36928,-0.03251,-0.02173
9.3391,-2.38792,-3.11981,2.07626,-0.36569,-0.25745,0.00803
9.3491,0.41500,-3.24780,2.42589,-0.36858,-0.06365,0.12617
9.3589,0.59729,-3.14855,2.21990,-0.38062,-0.06247,-0.08588
9.3691,-0.45124,-2.74441,2.21054,-0.39858,-0.10664,0.01177
9.3790,-0.23835,-3.43646,2.24988,-0.37121,-0.08574,0.00438
9.3895,-0.30318,-2.86690,1.88545,-0.39809,-0.09930,0.01290
9.3991,0.04384,-3.40308,2.36018,-0.36297,-0.09482,-0.00485
9.4092,0.09860,-2.90524,2.37441,-0.38376,-0.08909,-0.00401
9.4192,0.10765,-3.33506,2.56483,-0.37570,-0.09017,-0.01954
9.4291,0.08409,-2.85629,2.73168,-0.38661,-0.09030,-0.03759
9.4393,0.43713,-2.69428,2.85603,-0.38023,-0.08416,-0.06467
9.4492,0.10033,-2.75288,2.75472,-0.39451,-0.09004,-0.09212
9.4590,0.16500,-2.67478,2.84043,-0.38180,-0.08987,-0.11569
9.4690,-0.11591,-2.84235,2.66310,-0.38188,-0.08836,-0.14121
9.4790,0.08786,-2.65835,2.67079,-0.37239,-0.09455,-0.13481
9.4890,-0.25533,-3.00881,2.85335,-0.37896,-0.09124,-0.13321
9.4988,-0.11393,-2.96377,2.85852,-0.36934,-0.08728,-0.14065
9.5092,-0.03585,-3.11783,2.85853,-0.37182,-0.09466,-0.13508
9.5193,-0.19031,-3.42588,2.90814,-0.37051,-0.09268,-0.13670
9.5293,0.05893,-3.00316,2.80510,-0.37746,-0.10435,-0.13358
9.5390,0.13835,-3.10990,2.59026,-0.38219,-0.08884,-0.13587
9.5491,0.03004,-2.69994,2.51272,-0.38139,-0.10121,-0.13388
9.5591,0.34189,-2.68274,2.62840,-0.39190,-0.09421,-0.13252
9.5694,0.03218,-2.59362,2.58477,-0.38229,-0.09316,-0.13292
9.5791,0.22441,-2.68901,2.58592,-0.37745,-0.08974,-0.13502
9.5891,0.12005,-2.72608,2.75597,-0.38472,-0.08670,-0.13436
9.5992,0.02980,-2.83824,2.76618,-0.37796,-0.09447,-0.13577
9.6089,-0.03117,-2.96695,2.71490,-0.38060,-0.08923,-0.13390
9.6189,0.26991,-2.74465,2.60129,-0.37910,-0.11060,-0.13567
9.6290,-0.15514,-2.90746,2.61127,-0.38658,-0.09949,-0.13664
9.6388,0.11351,-2.73315,2.77576,-0.37662,-0.09678,-0.13496
9.6493,0.08886,-2.71817,2.63816,-0.38211,-0.09941,-0.13556
9.6591,0.12336,-2.96148,2.59339,-0.37474,-0.10056,-0.13720
9.6693,0.19500,-3.04988,2.82377,-0.37192,-0.09676,-0.13427
9.6792,-0.07670,-2.98785,2.80739,-0.37121,-0.10023,-0.12979
9.6892,0.51818,-3.28734,2.70778,-0.38472,-0.08836,-0.12946
9.6992,0.40296,-2.85797,2.84586,-0.36464,-0.09918,-0.13512
9.7090,0.12982,-2.63629,2.68242,-0.37026,-0.08143,-0.13152
9.7191,0.12638,-3.21309,2.93534,-0.37110,-0.08501,-0.12203
9.7292,0.48708,-2.87147,2.45073,-0.37672,-0.08208,-0.11152
9.7391,0.39795,-2.90980,2.53990,-0.37525,-0.08791,-0.10220
9.7490,0.15993,-3.25443,2.77889,-0.38092,-0.09287,-0.08102
9.7594,0.16244,-3.04517,2.93241,-0.37692,-0.08427,-0.05929
9.7690,0.11990,-2.95754,2.64849,-0.37979,-0.10487,-0.04369
9.7790,-0.29378,-3.08946,2.93999,-0.38265,-0.09598,-0.02801
9.7891,-0.24553,-3.01103,2.66592,-0.38722,-0.11508,-0.01003
9.7992,0.03581,-2.85039,2.74706,-0.38108,-0.09634,0.00224
9.8090,-0.37124,-2.70863,2.65764,-0.38749,-0.09861,0.00699
9.8189,-0.05869,-3.12173,2.93056,-0.37621,-0.08330,0.01951
9.8295,-0.20217,-2.74249,3.05520,-0.38092,-0.07705,0.02375
9.8391,0.28201,-2.69255,3.27537,-0.38326,-0.08459,0.03646
9.8492,0.25148,-2.77047,3.36208,-0.39741,-0.07135,0.04178
9.8590,0.30454,-3.36259,4.15737,-0.37839,-0.05701,0.04547
9.8695,0.23100,-2.34636,4.03347,-0.39554,-0.06134,0.03744
9.8790,0.43736,-2.79320,4.69199,-0.36558,-0.07753,0.03879
9.8892,0.72697,-1.88553,4.22548,-0.39616,-0.05856,0.03226
9.8991,0.43179,-2.63931,4.51420,-0.38702,-0.05882,0.04134
9.9090,0.29816,-2.05703,3.52305,-0.40683,-0.06963,0.04068
9.9195,0.64232,-3.23742,3.40263,-0.37072,-0.06609,0.04044
9.9292,0.10105,-2.11889,2.16951,-0.40516,-0.06791,0.03773
9.9390,0.14757,-3.08089,1.75616,-0.38004,-0.07934,0.03458
9.9490,0.11367,-2.90652,0.96861,-0.38533,-0.11088,0.03193
9.9594,0.00327,-3.96893,1.57550,-0.34707,-0.07615,0.03564
9.9692,-0.94490,-2.54796,0.87603,-0.38729,-0.11779,0.03480
9.9790,-0.34833,-4.10378,1.30201,-0.35238,-0.11101,0.03058
9.9895,-0.39210,-3.29893,1.35146,-0.36255,-0.11313,0.03125
9.9990,0.30390,-4.30914,1.68481,-0.34190,-0.09407,0.03793
10.0092,-0.83665,-2.84086,1.48460,-0.38609,-0.11828,0.02974
10.0192,-0.13958,-4.24737,2.37817,-0.32567,-0.09280,0.03648
10.0293,-0.22519,-2.97638,2.17198,-0.36606,-0.09507,0.03303
10.0391,0.36363,-3.33822,2.39693,-0.34401,-0.07862,0.03335
10.0490,-0.50598,-2.81985,2.55422,-0.36894,-0.09843,0.03052
10.0589,0.45258,-4.05601,3.42428,-0.33319,-0.06599,0.04094
10.0692,-0.22091,-3.02309,2.87479,-0.37672,-0.08894,0.03326
10.0790,-0.00614,-3.39874,3.27847,-0.35920,-0.07469,0.03138
10.0893,-0.51250,-2.59316,3.10110,-0.37312,-0.09984,0.03588
10.0991,0.52560,-3.81850,3.36262,-0.33009,-0.08087,0.03356
10.1090,-0.31084,-2.69422,2.91065,-0.37429,-0.11504,0.03655
10.1193,0.07721,-3.95813,3.58013,-0.33044,-0.08090,0.03803
10.1292,-0.45328,-2.40925,2.81326,-0.36639,-0.10580,0.04015
10.1394,-0.20238,-3.66127,3.23084,-0.33834,-0.10249,0.03302
10.1490,-0.07496,-3.22245,3.41969,-0.34570,-0.10680,0.03769
10.1590,0.04222,-3.51074,4.40278,-0.32550,-0.08083,0.03572
10.1693,-0.41172,-1.94876,2.94726,-0.38468,-0.09011,0.03378
10.1793,-0.07225,-3.36981,3.26251,-0.33520,-0.09489,0.03965
10.1890,0.17691,-3.16772,3.36158,-0.33925,-0.07880,0.03555
10.1990,0.53417,-3.16397,3.84046,-0.34132,-0.07313,0.03642
10.2092,-0.69990,-1.16246,2.58061,-0.39768,-0.09179,0.03792
10.2190,0.41244,-5.58762,4.85177,-0.25411,-0.06230,0.03970
10.2292,-0.23032,-2.59878,3.92080,-0.35600,-0.07212,0.03246
10.2389,-0.01538,-4.02292,4.72909,-0.27796,-0.08216,0.03513
10.2493,-0.24653,-1.17344,2.24144,-0.40078,-0.10857,0.04013
10.2589,0.55284,-2.37374,1.63677,-0.34866,-0.04914,0.03597
10.2695,-1.35483,0.20710,-0.59976,-0.44271,-0.12900,0.03855
10.2788,0.21438,-2.24453,-0.17020,-0.35745,-0.04614,0.04210
10.2893,-1.12525,-2.50872,0.76515,-0.34515,-0.13510,0.03847
10.2991,0.79321,-3.52589,1.15099,-0.32971,-0.05415,0.03729
10.3089,-0.78371,-1.95967,1.82619,-0.37885,-0.10830,0.03652
10.3190,-0.32860,-5.18101,4.74581,-0.24065,-0.09232,0.04219
10.3290,0.67167,-2.85590,4.52313,-0.30028,-0.04354,0.03676
10.3392,-0.14583,-6.30670,5.82944,-0.20719,-0.09435,0.03709
10.3491,0.35902,-3.33177,4.47732,-0.31089,-0.07743,0.04084
10.3590,0.67869,-4.46820,5.19219,-0.24009,-0.03210,0.03884
10.3693,-0.48713,-1.18099,2.11785,-0.35103,-0.09452,0.03216
10.3791,0.20068,-3.51848,1.94430,-0.29554,-0.06877,0.03405
10.3891,0.26138,-4.11868,2.37962,-0.27056,-0.08507,0.03908
10.3996,1.11596,-2.59762,2.24209,-0.31557,-0.04660,0.03979
10.4093,-1.45107,-0.71791,1.19452,-0.39442,-0.13506,0.03498
10.4189,-0.28478,-3.89021,3.11634,-0.27042,-0.07421,0.03782
10.4293,0.62699,-1.00814,1.53121,-0.36297,-0.05110,0.04313
10.4391,-0.93817,-2.99048,2.20015,-0.29977,-0.11089,0.04398
10.4492,-1.00208,-1.72930,1.79371,-0.33949,-0.11554,0.03878
10.4592,1.13988,-3.69929,2.61588,-0.27965,-0.03877,0.04447
10.4692,-1.11027,-0.99219,0.91733,-0.35933,-0.12719,0.03808
10.4791,0.01755,-3.02539,1.99873,-0.30403,-0.06505,0.04619
10.4890,-0.34453,-2.66315,2.41939,-0.30636,-0.08409,0.05035
10.4991,0.72857,-3.46654,2.62306,-0.29034,-0.02778,0.03805
10.5091,-0.80430,-1.08248,1.74808,-0.36032,-0.11403,0.04904
10.5190,0.85211,-3.71556,3.02753,-0.26082,-0.04055,0.04828
10.5291,0.41993,-1.32641,1.51245,-0.33482,-0.06090,0.04607
10.5393,-0.36917,-3.44076,2.48150,-0.28286,-0.08772,0.04299
10.5493,0.21519,-2.60803,2.52012,-0.31943,-0.06864,0.04441
10.5592,0.65161,-3.36377,3.56490,-0.25314,-0.03388,0.05037
10.5690,-0.94337,-1.59821,2.22315,-0.32380,-0.11413,0.04637
10.5790,-0.65426,-2.22874,2.14323,-0.31910,-0.08844,0.04832
10.5894,-0.23179,-2.19912,1.69727,-0.32625,-0.08480,0.04931
10.5991,-0.03054,-3.31522,2.12637,-0.26301,-0.08334,0.04971
10.6095,-1.02573,-0.81309,0.56463,-0.35305,-0.10705,0.04567
10.6191,-0.14656,-4.20036,1.77176,-0.24764,-0.08024,0.04257
10.6291,-0.37055,-0.61595,0.87683,-0.35986,-0.08490,0.04516
10.6389,-0.58066,-3.13082,1.56035,-0.29098,-0.07323,0.05194
10.6492,-0.28927,-1.97231,1.68425,-0.32414,-0.10080,0.04464
10.6591,0.59642,-2.76170,2.10722,-0.28902,-0.03893,0.05061
10.6691,-0.68948,-1.41420,1.47717,-0.32977,-0.11119,0.04570
10.6790,0.51375,-2.77668,1.91090,-0.29161,-0.06068,0.05030
10.6890,-0.24160,-2.09306,2.28891,-0.31298,-0.07735,0.05371
10.6990,0.59773,-3.16538,3.17703,-0.27257,-0.04769,0.05169
10.7091,-0.36132,-1.56276,2.45962,-0.32112,-0.08960,0.04736
10.7195,0.76303,-2.71438,3.23333,-0.29685,-0.04062,0.05486
10.7289,-0.30301,-1.32555,2.92612,-0.32282,-0.08072,0.04975
10.7391,-0.07837,-2.58097,3.56886,-0.29315,-0.06054,0.04938
10.7494,-0.18953,-1.79226,3.58272,-0.31405,-0.06373,0.05575
10.7590,-0.51128,-2.61019,4.55822,-0.27534,-0.06800,0.05280
10.7694,-1.06959,-1.49372,3.54267,-0.32809,-0.07164,0.04886
10.7790,-1.09153,-2.67895,3.87369,-0.28356,-0.09864,0.04428
10.7894,-0.19918,-1.71293,3.00059,-0.31367,-0.06034,0.05163
10.7990,-0.71892,-2.87332,3.33827,-0.28417,-0.08702,0.05023
10.8093,-0.66352,-2.38146,1.79665,-0.31258,-0.08387,0.04830
10.8191,-0.56616,-2.47418,1.92425,-0.30528,-0.07501,0.04999
10.8292,-0.44214,-2.15723,1.54400,-0.32550,-0.04897,0.04436
10.8390,-0.47575,-3.26872,1.87725,-0.27697,-0.08212,0.04680
10.8492,0.02375,-1.96927,1.45116,-0.31421,-0.05363,0.04643
10.8590,-0.46833,-3.36096,2.54303,-0.25910,-0.07154,0.04382
10.8694,-0.17689,-2.36887,1.63113,-0.30423,-0.06878,0.05221
10.8792,-0.37475,-3.44194,2.12531,-0.26545,-0.07791,0.04215
10.8894,-0.29145,-2.86648,1.89019,-0.28691,-0.05954,0.04452
10.8989,-0.18772,-3.82822,1.83269,-0.26834,-0.05865,0.04189
10.9093,0.03792,-2.73836,1.30410,-0.29172,-0.06127,0.04633
10.9191,-0.08314,-3.25586,1.96750,-0.26979,-0.07362,0.04344
10.9292,-0.37424,-2.65173,2.06113,-0.29927,-0.06128,0.04672
10.9390,0.12721,-3.37167,2.55435,-0.27112,-0.06560,0.04660
10.9492,0.44270,-3.23552,3.11760,-0.28194,-0.06031,0.05004
10.9589,0.00718,-2.84943,4.33957,-0.27522,-0.06377,0.04255
10.9691,-0.51608,-1.87424,3.88013,-0.30342,-0.07723,0.04446
10.9790,-0.51343,-2.66782,4.03394,-0.27442,-0.07771,0.04489
10.9892,0.16240,-2.41750,4.36811,-0.28237,-0.04053,0.04522
10.9991,-0.71510,-2.47000,5.03137,-0.28997,-0.07321,0.04203
11.0090,-0.52151,-1.97735,3.89266,-0.31718,-0.06790,0.04403
11.0191,-0.52620,-3.09964,5.22328,-0.27179,-0.06586,0.04840
11.0291,0.40776,-1.38252,4.21527,-0.32124,-0.02720,0.05081
11.0393,-1.54506,-2.99952,4.87630,-0.26758,-0.10624,0.04626
11.0492,0.33566,-2.07035,3.96572,-0.30258,-0.03889,0.04654
11.0591,-0.45527,-3.43334,5.24907,-0.25506,-0.07410,0.05059
11.0690,-0.65484,-1.48903,3.12407,-0.30807,-0.06338,0.04726
11.0793,-0.81128,-3.77863,3.44474,-0.24720,-0.08710,0.04883
11.0890,0.18536,-2.46039,2.64861,-0.29632,-0.03772,0.05165
11.0990,-0.48846,-3.60626,2.56116,-0.25789,-0.08810,0.04160
11.1093,-0.45814,-2.18481,1.08787,-0.30388,-0.07388,0.04309
11.1191,0.34236,-4.14657,2.13157,-0.23120,-0.06336,0.04785
11.1293,-0.40648,-1.21875,0.83911,-0.32155,-0.06022,0.04261
11.1392,-0.75296,-3.62950,1.54864,-0.24449,-0.09993,0.04121
11.1491,0.14682,-2.06573,1.51804,-0.28407,-0.05200,0.04687
11.1591,0.15864,-3.44110,3.07370,-0.23819,-0.05796,0.04741
11.1692,-0.85306,-1.34176,2.19658,-0.32325,-0.10077,0.03614
11.1792,-0.28256,-3.43700,2.05514,-0.26254,-0.06805,0.04304
11.1894,0.14994,-1.51407,2.27261,-0.31606,-0.02328,0.05023
11.1991,-0.61882,-1.91078,3.28904,-0.28675,-0.07261,0.04355
11.2092,-0.79256,-1.16216,2.19809,-0.31518,-0.10441,0.04125
11.2190,0.38747,-1.39584,2.92110,-0.29463,-0.03913,0.05357
11.2292,-0.42275,-0.52514,2.42831,-0.33812,-0.04298,0.04716
11.2395,-1.63720,-2.46229,2.82959,-0.27555,-0.11876,0.03727
11.2489,0.27136,-1.04550,2.30451,-0.31414,-0.03313,0.04135
11.2590,-1.03180,-2.08347,2.41026,-0.30394,-0.07061,0.04025
11.2689,-0.66780,-1.66147,1.83081,-0.30131,-0.07601,0.04615
11.2791,-0.44647,-3.18886,1.40820,-0.25954,-0.08593,0.04441
11.2890,0.09860,-3.55870,0.66966,-0.25589,-0.04930,0.04587
11.2991,-0.54083,-6.66702,0.70287,-0.17565,-0.09048,0.03844
11.3094,0.29350,-4.40909,-0.39153,-0.22958,-0.06012,0.03877
11.3191,-0.63294,-4.51504,0.49086,-0.20799,-0.08950,0.04286
11.3292,-0.48233,-2.12562,1.00344,-0.29452,-0.07963,0.04749
11.3391,-0.88464,-4.10243,2.91340,-0.25273,-0.09890,0.04261
11.3490,0.19250,-2.09330,3.53575,-0.28765,-0.03246,0.04431
11.3592,-0.01022,-1.24488,5.27638,-0.33476,-0.03750,0.04355
11.3691,-0.96394,-0.88741,4.16262,-0.32979,-0.08858,0.04800
11.3793,0.31001,0.18011,2.28770,-0.38180,-0.06689,0.05061
11.3891,0.80466,-1.53506,3.42224,-0.30976,-0.00119,0.04702
11.3991,-1.39710,-0.55109,3.03405,-0.35572,-0.10285,0.04606
11.4091,-1.30670,-1.75097,1.42357,-0.32036,-0.07558,0.04179
11.4190,-0.30301,-1.73568,2.44028,-0.30568,-0.07868,0.05238
11.4293,1.42508,-1.43713,2.06065,-0.32973,0.01763,0.05112
11.4390,-3.08703,-0.81994,2.45881,-0.35176,-0.17681,0.04132
11.4491,0.79554,-4.51170,4.49290,-0.21912,-0.02884,0.05205
11.4592,0.05161,-1.14538,3.51159,-0.32714,-0.06177,0.04991
11.4691,0.11051,-3.99922,3.49231,-0.25258,-0.04316,0.04997
11.4792,-1.71980,-4.03436,2.98640,-0.23981,-0.15091,0.04304
11.4891,1.51392,-3.64233,2.65427,-0.24125,0.00687,0.05164
11.4990,-2.12111,-3.65516,4.07244,-0.24386,-0.14950,0.05006
11.5091,0.37584,-3.55415,2.99700,-0.23817,-0.04228,0.04671
11.5193,-0.08931,-2.71919,2.82540,-0.28461,-0.10174,0.04880
11.5292,0.77482,-4.34116,3.87299,-0.24058,-0.01265,0.05351
11.5391,-0.39296,-1.78878,2.02582,-0.31996,-0.09491,0.05019
11.5491,0.36923,-4.37821,2.38875,-0.23611,-0.04425,0.04943
11.5592,-0.56819,-2.72101,2.98174,-0.27971,-0.08635,0.04910
11.5691,0.87538,-2.18980,1.89922,-0.30156,0.01535,0.04834
11.5790,-1.84396,-3.23548,2.77779,-0.28677,-0.14798,0.05145
11.5891,1.82845,-2.27217,2.68249,-0.30503,0.01160,0.05488
11.5991,-1.27675,-3.03549,3.72229,-0.28495,-0.12494,0.04408
11.6093,0.14682,-4.17406,3.48585,-0.24194,-0.04174,0.04642
11.6192,0.27260,-6.31589,3.27382,-0.17971,-0.06582,0.05266
11.6292,0.36934,-7.00874,2.36775,-0.15340,-0.02599,0.04494
11.6391,-1.15282,-6.87226,1.87215,-0.15439,-0.11814,0.05183
11.6491,0.26319,-4.84107,0.61377,-0.22213,-0.05408,0.04743
11.6589,-0.62270,-3.60567,0.73249,-0.25353,-0.09615,0.04702
11.6690,-0.21644,-3.39394,1.01109,-0.26994,-0.07498,0.04771
11.6792,-0.57708,-3.58759,2.13116,-0.24892,-0.09073,0.04752
11.6889,-0.44463,-1.73739,2.43707,-0.31078,-0.04628,0.05122
11.6991,-0.78207,0.15274,1.74220,-0.39123,-0.06823,0.05686
11.7089,-0.22114,-2.55882,2.66135,-0.29019,-0.08139,0.05480
11.7190,0.62740,0.48222,1.29698,-0.40036,-0.04908,0.05369
11.7289,-0.57907,-1.06084,1.88609,-0.35655,-0.07213,0.05267
11.7390,-0.93929,-0.30372,0.96084,-0.39878,-0.11127,0.05579
11.7490,0.64618,-2.03932,1.33799,-0.31322,-0.02230,0.05373
11.7590,-1.75410,0.26018,0.29414,-0.41567,-0.10152,0.05663
11.7692,-0.32621,-2.22835,1.35574,-0.30923,-0.06077,0.05901
11.7790,-0.57187,0.10210,-0.31951,-0.40244,-0.08191,0.05491
11.7894,0.76994,-4.26670,1.40011,-0.25696,-0.04326,0.05274
11.7992,-1.49233,-1.35739,-0.02142,-0.35970,-0.12383,0.05245
11.8091,0.08064,-4.29781,1.28828,-0.25631,-0.04184,0.05861
11.8190,-1.22959,-1.32806,0.20923,-0.37146,-0.11980,0.05204
11.8290,0.39636,-3.48754,1.44990,-0.28602,-0.02807,0.05686
11.8391,-1.36175,-2.58701,0.87433,-0.33406,-0.12719,0.05747
11.8492,0.66920,-5.27669,2.47117,-0.22806,-0.03034,0.05976
11.8590,-0.47396,-1.57630,0.70177,-0.37038,-0.08285,0.05700
11.8690,0.29130,-4.73295,3.02826,-0.26047,-0.05372,0.05384
11.8790,-0.67126,-3.04817,2.96307,-0.31341,-0.08200,0.05326
11.8891,1.53175,-4.98161,3.33436,-0.25291,-0.01064,0.04982
11.8991,-0.72901,-1.59510,2.11574,-0.36678,-0.08832,0.05242
11.9092,1.06211,-3.55070,2.54675,-0.29408,-0.05285,0.05085
11.9191,-0.37030,-0.91255,0.90046,-0.39606,-0.07341,0.05033
11.9293,0.12584,-4.50942,3.02034,-0.27382,-0.06590,0.04185
11.9390,0.23271,-4.24499,4.16367,-0.27240,-0.07376,0.04051
11.9493,1.03960,-3.92864,4.71672,-0.27208,-0.02040,0.04067
11.9591,0.20014,-1.56165,3.95236,-0.36709,-0.05358,0.04627
11.9690,0.27956,-4.81830,6.59648,-0.26724,-0.04482,0.05010
11.9791,0.59143,-3.63845,5.96696,-0.30351,-0.03795,0.04959
11.9891,0.65692,-6.59459,7.17808,-0.21097,-0.02364,0.05607
11.9992,0.24675,-5.24725,6.25651,-0.25109,-0.06380,0.05458
12.0089,1.00455,-5.25708,5.55292,-0.26453,-0.02015,0.05190
12.0190,-0.27551,-3.55469,4.42790,-0.31147,-0.05338,0.04863
12.0293,1.05506,-3.29242,3.32377,-0.31964,-0.02512,0.05167
12.0390,1.15659,-3.38180,2.42039,-0.33072,-0.00951,0.05573
12.0491,2.17500,-2.64363,1.82951,-0.33105,0.00756,0.05919
12.0590,4.02743,-1.11832,-0.35666,-0.40986,0.11830,0.06553
12.0693,1.18132,-3.27922,1.31340,-0.32431,-0.03554,0.05679
12.0791,3.97628,-2.86041,1.23382,-0.32751,0.10037,0.06479
12.0891,2.75073,-3.55410,2.10547,-0.32359,0.03274,0.05854
12.0992,3.10953,-4.20600,2.61009,-0.29429,0.03883,0.06106
12.1090,-0.30702,-3.73902,3.42470,-0.30882,-0.06576,0.05457
12.1191,2.96117,-3.81998,3.30269,-0.31313,0.11074,0.06590
12.1292,-2.49085,-4.46196,4.49931,-0.30183,-0.16730,0.05087
12.1391,0.09239,-4.10977,4.27903,-0.30635,-0.03014,0.05625
12.1490,-3.34978,-3.88767,4.73308,-0.31816,-0.17799,0.04755
12.1591,-0.20265,-3.86425,3.83834,-0.29279,-0.03294,0.05723
12.1691,-4.27903,-3.49169,4.00076,-0.32125,-0.20353,0.05339
12.1789,-2.21106,-2.73549,3.63395,-0.33874,-0.12438,0.05234
12.1889,-1.78685,-3.54127,3.93923,-0.31518,-0.12132,0.05178
12.1990,-2.09835,-3.59717,3.87277,-0.30774,-0.10991,0.05331
12.2093,-2.99084,-2.23242,3.54355,-0.35109,-0.16092,0.05541
12.2190,-0.41600,-2.97304,2.95368,-0.33476,-0.04724,0.05279
12.2294,-1.63018,-3.37112,3.32527,-0.31787,-0.12132,0.05009
12.2391,0.13897,-3.46887,2.83901,-0.31366,-0.04362,0.05152
12.2492,-1.48794,-2.49017,2.55609,-0.35473,-0.10681,0.05397
12.2593,0.98556,-3.11143,2.30405,-0.32067,-0.01001,0.05412
12.2691,-1.42373,-2.56357,2.35742,-0.34791,-0.11323,0.05598
12.2791,0.20678,-2.72264,2.20036,-0.34062,-0.03009,0.05639
12.2891,-1.06301,-2.98157,2.60221,-0.32772,-0.06879,0.05277
12.2992,0.24452,-3.49761,2.25503,-0.30969,-0.04457,0.05112
12.3090,-1.21782,-3.25015,2.27854,-0.33433,-0.09559,0.05496
12.3192,0.12886,-2.91003,2.02416,-0.33319,-0.03766,0.05241
12.3290,-1.51429,-2.99277,2.82293,-0.33159,-0.09935,0.05294
12.3390,-1.14043,-2.44064,2.63220,-0.33879,-0.08021,0.05130
12.3494,-1.51613,-2.55057,2.78712,-0.33409,-0.08468,0.04933
12.3591,-0.55873,-3.24974,2.87770,-0.32765,-0.04065,0.05293
12.3691,-1.35888,-2.39679,2.71669,-0.34319,-0.10360,0.04699
12.3791,-0.59528,-2.49391,2.69272,-0.35170,-0.05926,0.05389
12.3891,0.27018,-2.87642,2.93410,-0.32889,-0.05725,0.05247
12.3990,0.07238,-2.64206,2.90991,-0.33084,-0.02653,0.05495
12.4089,-0.16891,-2.57860,2.97197,-0.34394,-0.05730,0.05181
12.4191,0.49416,-2.72281,2.80293,-0.33648,-0.01151,0.05550
12.4291,-0.09303,-3.13804,3.10273,-0.31948,-0.06446,0.05131
12.4391,0.58275,-3.33716,3.14250,-0.33097,-0.02539,0.05520
12.4490,-0.07606,-3.05391,2.79699,-0.32886,-0.05859,0.05650
12.4591,0.74426,-3.64061,2.96096,-0.30615,-0.00820,0.05413
12.4690,-0.92221,-2.78950,2.80055,-0.33544,-0.07991,0.04997
12.4792,0.58790,-3.04711,2.73394,-0.32157,-0.01515,0.05712
12.4890,0.03659,-2.79312,2.32444,-0.33496,-0.04948,0.05416
12.4992,0.77205,-3.39814,2.06541,-0.31259,-0.01847,0.05486
12.5089,-0.55902,-2.88477,1.73424,-0.33666,-0.06591,0.05300
12.5192,1.33723,-3.23275,1.81818,-0.33039,0.03964,0.05697
12.5292,0.25339,-3.31239,1.96434,-0.32340,-0.05574,0.05565
12.5390,0.92949,-2.80665,2.42153,-0.33906,-0.02170,0.05445
12.5489,0.55420,-2.43987,2.36181,-0.33320,-0.02052,0.05375
12.5592,2.06505,-2.94965,2.14987,-0.32171,0.06421,0.06284
12.5691,-0.71684,-2.74060,2.11403,-0.33143,-0.08802,0.05173
12.5791,1.44473,-2.33932,1.75479,-0.33803,0.01000,0.05834
12.5890,1.87236,-3.37562,1.74223,-0.30320,0.01813,0.05983
12.5991,2.05416,-3.43509,1.37221,-0.31276,0.02265,0.06460
12.6094,-0.80028,-1.98065,1.22802,-0.34434,-0.08884,0.05218
12.6191,3.17335,-3.16665,0.87309,-0.32203,0.09292,0.06166
12.6290,-1.94484,-3.98227,2.27711,-0.31209,-0.13511,0.06060
12.6391,1.11947,-3.40070,1.81011,-0.32583,0.03582,0.06780
12.6490,-1.49366,-3.31625,2.45362,-0.32086,-0.11291,0.06003
12.6590,1.36997,-3.60748,2.07531,-0.31054,0.03468,0.06339
12.6691,-3.50327,-3.10744,2.63985,-0.33068,-0.16435,0.06245
12.6789,0.67945,-2.61507,1.95211,-0.33831,0.00226,0.06642
12.6891,-0.98887,-3.00116,2.49245,-0.31365,-0.06852,0.06850
12.6991,0.76521,-3.26671,1.99415,-0.32077,0.01182,0.05829
12.7090,-2.16695,-1.93539,2.43483,-0.34586,-0.13064,0.06389
12.7190,3.04989,-2.40357,1.13656,-0.32770,0.14401,0.06769
12.7289,-1.90251,-3.50699,2.23318,-0.27997,-0.10006,0.05852
12.7391,1.46014,-1.80744,0.81660,-0.34185,0.04399,0.05321
12.7491,-0.03168,-2.85543,2.09894,-0.30194,-0.03892,0.06399
12.7589,3.00782,-3.54514,1.49989,-0.28219,0.11330,0.06909
12.7692,-2.71970,-2.83391,2.31529,-0.29930,-0.15927,0.05175
12.7790,0.71618,-1.62409,2.25932,-0.34470,0.02584,0.06062
12.7890,-0.40377,-3.58344,3.90445,-0.28571,-0.02193,0.06412
12.7991,-0.46243,-2.63636,3.41193,-0.31121,-0.00458,0.06219
12.8090,-4.12698,-1.74723,3.51167,-0.32885,-0.18470,0.05265
12.8189,-0.00407,-1.45556,3.17666,-0.34514,0.01545,0.05811
12.8289,-3.81772,-3.33218,4.08721,-0.29405,-0.15228,0.05568
12.8390,-1.04327,-1.70602,2.29903,-0.33450,-0.02492,0.05811
12.8490,-2.68336,-1.87322,3.15915,-0.33215,-0.11279,0.05837
12.8590,0.69363,-2.65166,3.01393,-0.32037,0.03494,0.05828
12.8690,-2.61476,-2.58517,3.25368,-0.30958,-0.13924,0.05334
12.8789,-0.31737,-1.43765,3.38736,-0.34981,-0.00366,0.05776
12.8890,-0.39056,-2.33938,3.91521,-0.32270,-0.02318,0.05883
12.8990,0.28587,-2.42750,3.55020,-0.31212,-0.00216,0.05279
12.9091,-2.24938,-2.11642,3.71063,-0.33357,-0.11436,0.05376
12.9190,2.22937,-1.96755,3.12374,-0.32822,0.11015,0.06494
12.9290,-1.32037,-2.97540,3.24089,-0.29920,-0.09723,0.05424
12.9390,0.12655,-1.54172,2.32650,-0.34213,-0.00551,0.04979
12.9491,0.33181,-2.34965,2.90254,-0.32108,-0.01637,0.05570
12.9591,2.19821,-2.94382,2.79852,-0.28985,0.10769,0.06440
12.9691,-1.89978,-2.54775,2.59949,-0.30975,-0.08977,0.04786
12.9790,-0.31467,-2.05329,2.43466,-0.32746,-0.00139,0.05256
12.9893,0.40766,-3.09685,2.84300,-0.29724,0.02987,0.06033
12.9992,0.00669,-2.79368,2.29618,-0.29374,0.01474,0.05193
13.0091,-3.64146,-1.76800,1.91448,-0.33079,-0.14637,0.04307
13.0192,1.52027,-2.33609,1.67550,-0.31775,0.07914,0.05768
13.0291,-2.35149,-3.23561,2.35618,-0.27460,-0.13182,0.04076
13.0393,-0.32883,-2.26442,2.12274,-0.32019,-0.01336,0.04930
13.0491,-1.14375,-1.91531,2.55785,-0.32920,-0.04679,0.05351
13.0588,2.09756,-3.28271,2.56890,-0.29466,0.08955,0.04945
13.0691,-2.25846,-2.37015,2.45223,-0.31244,-0.11881,0.04265
13.0791,0.69092,-1.93997,2.46169,-0.32090,0.04923,0.05854
13.0894,-0.48765,-2.39663,2.20482,-0.32531,-0.01171,0.05313
13.0989,0.23131,-3.07849,1.47777,-0.30294,-0.00140,0.04628
13.1090,-3.25864,-2.30058,1.95213,-0.33195,-0.13278,0.04417
13.1190,1.75224,-2.68151,1.18426,-0.32291,0.09440,0.05751
13.1289,-2.99169,-3.16235,1.67155,-0.29105,-0.14553,0.03925
13.1390,-0.51386,-2.11295,0.82163,-0.32610,-0.01946,0.04418
13.1492,-0.85234,-2.66039,1.37510,-0.31075,-0.04707,0.05210
13.1590,2.65457,-3.37414,0.95612,-0.29204,0.12684,0.05945
13.1690,-3.66665,-2.72921,1.28688,-0.30028,-0.17632,0.04279
13.1791,0.35423,-1.80411,1.21575,-0.34374,0.02065,0.05568
13.1891,0.05887,-4.12503,2.80955,-0.28158,-0.01562,0.05332
13.1991,-0.98680,-2.63484,3.03707,-0.30673,-0.02130,0.04828
13.2090,-3.12946,-2.00608,3.37958,-0.32214,-0.14032,0.04534
13.2191,1.36296,-2.08620,3.53044,-0.33658,0.07764,0.05200
13.2289,-2.23297,-3.27623,3.94685,-0.29623,-0.12023,0.04369
13.2390,0.04875,-1.77061,2.81669,-0.33244,0.01737,0.04998
13.2492,-1.03146,-1.75633,3.21624,-0.32925,-0.06095,0.05072
13.2592,2.18585,-2.50546,3.10100,-0.32930,0.09179,0.05391
13.2690,-2.65139,-2.15403,2.93944,-0.33160,-0.12979,0.04007
13.2791,0.27980,-1.62826,2.91505,-0.33701,0.02604,0.05449
13.2891,-0.73950,-2.15255,3.31010,-0.31603,-0.02968,0.05539
13.2991,-0.51419,-2.52862,2.91300,-0.31950,-0.01795,0.04486
13.3090,-2.95026,-1.80353,3.04918,-0.33794,-0.13020,0.05232
13.3192,1.54223,-2.44787,2.72728,-0.32457,0.08676,0.05599
13.3294,-2.39286,-2.80529,2.74229,-0.30804,-0.13623,0.04479
13.3391,-0.50854,-1.87888,1.97880,-0.33297,-0.02860,0.05110
13.3490,0.40040,-2.25215,2.23217,-0.31960,-0.00484,0.05698
13.3592,3.29766,-2.84105,2.17965,-0.30641,0.15081,0.06775
13.3693,-2.71753,-2.27577,1.58526,-0.31243,-0.15589,0.05326
13.3790,0.87505,-1.41393,1.38159,-0.35458,0.04358,0.06248
13.3893,2.01495,-3.01138,2.18542,-0.30939,0.03838,0.05944
13.3991,0.01743,-2.88652,2.68747,-0.30487,0.00314,0.06001
13.4090,-3.11761,-1.33139,2.16946,-0.35643,-0.12811,0.05137
13.4192,2.41374,-1.95316,1.95831,-0.35121,0.10615,0.06012
13.4290,-2.16673,-2.79011,2.48988,-0.30456,-0.12043,0.04882
13.4393,0.12989,-2.00953,1.65057,-0.34663,0.02559,0.06024
13.4492,-1.07654,-2.38301,1.97276,-0.32169,-0.06697,0.05871
13.4591,2.76050,-3.05439,2.38175,-0.32151,0.12749,0.06316
13.4693,-4.33372,-2.84542,2.36596,-0.31818,-0.22152,0.03980
13.4791,0.74951,-1.83281,2.65639,-0.33536,0.01457,0.06053
13.4892,-0.12288,-2.35946,3.05825,-0.32747,-0.00042,0.06194
13.4989,2.26257,-2.67200,2.14837,-0.32702,0.08221,0.05644
13.5091,-2.55609,-1.84064,2.04668,-0.33997,-0.12591,0.05105
13.5191,4.61911,-1.92483,1.25437,-0.33934,0.20397,0.07073
13.5290,-1.06516,-3.02643,1.83892,-0.30525,-0.08488,0.04771
13.5391,0.13632,-1.78466,1.62681,-0.34911,-0.00142,0.05070
13.5493,-1.20947,-1.76657,2.74363,-0.34444,-0.04735,0.05076
13.5591,1.84491,-2.65946,2.63694,-0.32691,0.07547,0.06573
13.5691,-5.75083,-2.71136,2.82975,-0.31690,-0.24947,0.03599
13.5791,-1.91993,-1.73486,2.30085,-0.33905,-0.06309,0.04961
13.5889,-0.26835,-3.03069,2.80584,-0.31264,-0.01659,0.05966
13.5990,-1.61341,-3.01758,3.01158,-0.32011,-0.04526,0.05035
13.6092,-4.84474,-2.35299,2.93174,-0.32612,-0.19259,0.04498
13.6190,1.19484,-2.10597,2.49781,-0.34406,0.05576,0.05265
13.6291,-3.16895,-3.49905,3.18008,-0.30521,-0.14138,0.04359
13.6391,-0.70449,-2.67453,2.84103,-0.31949,0.00537,0.05591
13.6490,-2.11743,-2.05317,2.69467,-0.33373,-0.10185,0.04745
13.6590,2.39353,-2.85259,2.32970,-0.32909,0.07853,0.05638
13.6692,-3.28888,-2.56022,2.74069,-0.32750,-0.16365,0.04655
13.6790,0.99809,-2.18083,2.33893,-0.32468,0.04040,0.05652
13.6890,-0.37185,-2.38312,2.56758,-0.33928,-0.01561,0.05721
13.6989,-0.37111,-2.96605,2.03081,-0.32178,-0.02227,0.04946
13.7091,-2.61164,-2.10094,2.38449,-0.33492,-0.10132,0.04864
13.7189,1.34398,-2.38048,2.30829,-0.33713,0.06067,0.06418
13.7294,-2.31697,-2.87353,2.61485,-0.31296,-0.10545,0.04929
13.7391,-0.89971,-2.48265,2.33277,-0.32782,-0.02145,0.05054
13.7491,-3.17887,-2.31221,2.81576,-0.33321,-0.12239,0.04165
13.7590,-0.64732,-2.90017,2.96607,-0.31129,-0.02201,0.05347
13.7694,-4.62047,-2.64141,3.34733,-0.31864,-0.16533,0.04343
13.7789,-2.20798,-2.43482,2.87318,-0.33718,-0.07873,0.04382
13.7892,-0.85761,-3.08837,2.95952,-0.31160,-0.03615,0.04928
13.7991,-1.22466,-2.78526,2.57360,-0.32162,-0.04143,0.05100
13.8093,-2.03751,-2.73878,2.60200,-0.33194,-0.07652,0.04427
13.8191,2.15335,-2.48875,2.50714,-0.32811,0.09252,0.05523
13.8292,0.81024,-3.08093,2.51319,-0.30733,-0.01427,0.05174
13.8391,1.73500,-2.43697,2.20993,-0.34166,0.06555,0.05990
13.8495,0.41386,-2.56148,2.52622,-0.32836,-0.00853,0.05183
13.8592,4.03848,-2.88267,2.14547,-0.31844,0.14266,0.05352
13.8690,-1.70014,-2.83924,2.76043,-0.30600,-0.08914,0.04432
13.8789,1.66601,-2.75819,2.43332,-0.33064,0.07368,0.05358
13.8894,0.42495,-2.61907,2.39249,-0.33127,-0.00717,0.05370
13.8992,0.94488,-2.96149,1.78990,-0.32082,0.03676,0.04836
13.9094,-2.78135,-2.21101,2.24815,-0.31617,-0.13299,0.04526
13.9192,0.78706,-2.32462,2.59573,-0.33157,0.05655,0.05856
13.9291,-3.17949,-2.85756,3.00007,-0.30813,-0.15085,0.04569
13.9390,-1.51968,-2.71996,2.89230,-0.32910,-0.04558,0.04315
13.9488,-3.26314,-1.96622,3.04653,-0.33600,-0.11932,0.04177
13.9589,-0.23619,-2.71118,2.69676,-0.32087,0.01324,0.05082
13.9689,-4.55034,-2.89726,3.00058,-0.32164,-0.18621,0.03591
13.9791,-1.45638,-2.03828,2.62339,-0.33771,-0.05708,0.04016
13.9890,0.02763,-2.70321,2.71809,-0.31295,-0.00899,0.04077
13.9989,-0.17616,-2.36981,2.78138,-0.30684,0.00642,0.02000
14.0089,-1.99832,-2.08236,2.38602,-0.33003,-0.09376,-0.00174
14.0191,2.58743,-2.53644,2.27328,-0.32523,0.10980,-0.01252
14.0293,0.41967,-2.79123,2.21769,-0.31423,-0.03096,-0.03422
14.0390,1.46126,-2.15688,2.22514,-0.31344,0.05364,-0.04230
14.0488,-0.05303,-2.20313,2.31150,-0.31997,-0.03211,-0.05772
14.0590,2.78272,-2.39566,1.63455,-0.33120,0.10625,-0.07296
14.0691,-2.28173,-2.79150,2.17730,-0.31494,-0.12658,-0.08861
14.0791,0.79641,-2.13505,2.16358,-0.32266,0.04294,-0.09121
14.0890,-0.25196,-2.36193,2.63431,-0.32444,-0.02306,-0.09539
14.0989,-0.50446,-2.32606,2.36604,-0.32413,-0.03622,-0.11342
14.1089,-1.98110,-1.75986,2.52436,-0.32849,-0.10191,-0.12198
14.1189,1.42813,-2.22539,2.64697,-0.33107,0.08971,-0.11947
14.1290,-2.03154,-2.40186,2.61582,-0.31203,-0.10681,-0.14274
14.1390,-0.67568,-2.14261,2.12732,-0.33363,-0.03949,-0.14202
14.1489,-1.25642,-2.13362,2.38194,-0.33156,-0.06446,-0.14804
14.1588,0.74818,-2.12164,2.37768,-0.32913,0.04011,-0.14844
14.1691,-3.13179,-2.61830,2.88499,-0.31534,-0.18749,-0.16441
14.1790,-1.24088,-1.67133,2.75733,-0.33410,-0.05048,-0.16701
14.1890,0.17137,-2.21726,2.54430,-0.31675,-0.02883,-0.15885
14.1989,-0.87671,-2.53213,2.43383,-0.31742,-0.04432,-0.16872
14.2091,-2.69155,-2.10047,2.68587,-0.32651,-0.13411,-0.16145
14.2191,1.68580,-1.94792,2.02704,-0.34109,0.04697,-0.15817
14.2291,-1.76454,-2.54643,2.14147,-0.31620,-0.08872,-0.17048
14.2391,0.27343,-2.23270,2.32081,-0.32495,-0.00123,-0.15069
14.2489,-0.74794,-2.02239,2.33981,-0.33467,-0.05675,-0.15493
14.2589,1.55603,-2.42481,1.93264,-0.33442,0.04989,-0.15700
14.2691,-2.95218,-2.75615,2.62692,-0.31148,-0.14871,-0.16284
14.2790,0.12104,-1.72382,2.68320,-0.33253,0.00247,-0.14953
14.2892,-0.50543,-2.39125,2.53932,-0.33517,-0.03111,-0.15475
14.2989,-0.44966,-2.67382,2.32251,-0.32290,-0.03446,-0.16083
14.3092,-2.15442,-2.29871,3.14907,-0.32321,-0.12884,-0.15725
14.3190,2.19086,-2.07265,2.39960,-0.33859,0.07904,-0.14694
14.3289,-1.25444,-3.23941,2.88543,-0.31134,-0.09954,-0.15763
14.3392,0.12119,-2.59514,2.76540,-0.32065,-0.01816,-0.15208
14.3492,-0.46278,-2.52697,2.90037,-0.32217,-0.03447,-0.15164
14.3590,1.27944,-2.53475,2.85051,-0.31771,0.04824,-0.15271
14.3694,-3.02070,-3.16479,3.05929,-0.30767,-0.14518,-0.17196
14.3793,-0.86196,-2.26445,2.61970,-0.33150,-0.05075,-0.16347
14.3891,-0.15936,-3.07083,2.94514,-0.31527,-0.01621,-0.16198
14.3991,-0.81953,-2.97937,2.78985,-0.30189,-0.04917,-0.15751
14.4092,-2.60351,-2.30172,3.07588,-0.31357,-0.13192,-0.15898
14.4191,1.43876,-2.50600,2.54466,-0.31506,0.04238,-0.15762
14.4290,-0.79755,-2.76970,2.66893,-0.30569,-0.07380,-0.16232
14.4392,0.43111,-2.61432,2.66074,-0.31383,-0.01542,-0.14817
14.4490,-0.87392,-2.23073,2.65818,-0.31429,-0.05687,-0.15595
14.4591,2.31781,-2.34987,2.31371,-0.32426,0.06233,-0.15258
14.4692,-2.04659,-2.74562,2.86852,-0.30409,-0.11736,-0.16397
14.4791,0.37881,-2.17563,2.76981,-0.32383,-0.00532,-0.14671
14.4892,0.36663,-2.49179,2.96289,-0.32129,-0.00937,-0.15642
14.4992,-0.21987,-2.54621,2.63058,-0.31953,-0.02407,-0.15986
14.5090,-1.96114,-2.07838,2.74371,-0.33670,-0.12335,-0.15820
14.5191,2.19113,-2.29712,2.44805,-0.33178,0.07293,-0.14600
14.5292,-1.45842,-2.34474,2.39360,-0.32372,-0.10286,-0.15935
14.5390,0.15612,-2.47769,2.13185,-0.32381,-0.01435,-0.15047
14.5491,-0.21336,-2.09637,2.31825,-0.32663,-0.02567,-0.14731
14.5593,3.05402,-2.13721,2.11206,-0.33927,0.12226,-0.14427
14.5693,-2.83546,-2.89233,2.29394,-0.31682,-0.18135,-0.16056
14.5789,0.89306,-1.37558,2.15393,-0.34628,0.02508,-0.14925
14.5893,1.70337,-2.68621,2.54000,-0.33127,0.03605,-0.14337
14.5991,-0.03611,-2.25787,2.56895,-0.33395,0.00386,-0.14529
14.6089,-3.06604,-1.51754,2.51057,-0.34213,-0.14356,-0.15386
14.6191,3.66685,-2.24281,2.06749,-0.33329,0.14721,-0.14951
14.6290,-0.59029,-2.46734,2.25377,-0.30726,-0.06038,-0.16531
14.6391,0.69437,-2.45688,2.40486,-0.31451,0.02108,-0.15164
14.6490,-0.23666,-2.37944,2.13787,-0.32953,-0.03693,-0.15201
14.6591,3.82525,-2.23511,1.83935,-0.33685,0.11981,-0.14780
14.6690,-3.72071,-2.67621,2.67742,-0.31220,-0.18761,-0.16929
14.6791,0.54813,-2.73692,2.57351,-0.29912,0.00270,-0.15588
14.6891,-4.53309,-2.53509,3.31465,-0.31555,-0.20519,-0.17086
14.6992,-3.29219,-2.78304,3.16083,-0.31425,-0.14652,-0.16201
14.7092,-4.36990,-2.21376,3.18366,-0.32808,-0.17462,-0.16788
14.7191,-0.78962,-2.08606,2.81438,-0.32038,-0.03036,-0.15710
14.7291,-3.22565,-1.90664,2.57457,-0.33024,-0.16992,-0.16259
14.7390,-1.03944,-2.60793,2.46689,-0.32073,-0.06346,-0.15808
14.7491,0.29023,-1.71794,2.16712,-0.34253,-0.02822,-0.14964
14.7592,4.09820,-1.59177,1.70140,-0.34425,0.15152,-0.14654
14.7699,-2.21793,-2.72693,2.60876,-0.30833,-0.15764,-0.17022
14.7790,1.64260,-2.03125,2.02948,-0.33955,0.04484,-0.15634
14.7892,1.63783,-2.14149,1.83478,-0.33089,0.01655,-0.15706
14.7992,0.88992,-2.65115,2.02926,-0.33041,0.02763,-0.15285
14.8094,-2.39299,-2.52136,2.32264,-0.31031,-0.13921,-0.15850
14.8189,1.50951,-2.06088,1.85326,-0.32568,0.02632,-0.15129
14.8290,-1.61564,-2.48261,2.23444,-0.32024,-0.09179,-0.15985
14.8391,-1.43286,-2.83199,2.71752,-0.30190,-0.04297,-0.15552
14.8493,-3.56443,-2.29905,2.72930,-0.31184,-0.15478,-0.16049
14.8591,-0.67165,-2.47029,2.50450,-0.33388,-0.04736,-0.16282
14.8693,-3.35069,-2.74785,3.16807,-0.30971,-0.14396,-0.16070
14.8792,-1.95233,-2.24840,3.02533,-0.31556,-0.10819,-0.15607
14.8891,-1.92653,-2.16455,3.16512,-0.31851,-0.09557,-0.16201
14.8992,-1.34306,-2.75526,2.80872,-0.31686,-0.08677,-0.16340
14.9090,-1.78202,-2.33383,2.88561,-0.33177,-0.08414,-0.15836
14.9191,0.01027,-2.25236,2.13941,-0.32718,-0.03719,-0.15544
14.9289,-1.03346,-2.29218,2.37085,-0.33427,-0.06607,-0.16039
14.9390,-0.09144,-2.40152,2.42636,-0.32846,-0.05157,-0.15580
14.9490,-0.30728,-2.55378,2.67456,-0.32057,-0.04893,-0.14990
14.9590,0.15790,-2.36522,2.35881,-0.32817,-0.01929,-0.15019
14.9692,-1.33054,-2.61961,2.55812,-0.32076,-0.07143,-0.15842
14.9790,-0.11954,-2.15045,2.30237,-0.33411,-0.03994,-0.15791
14.9891,-0.36248,-2.50320,2.35165,-0.31292,-0.05156,-0.15485
14.9991,-0.52268,-2.52856,2.41820,-0.31377,-0.04578,-0.15335
15.0091,-1.53820,-2.69878,2.52296,-0.30779,-0.07478,-0.15778
15.0190,-0.24883,-2.85038,2.29990,-0.31474,-0.04467,-0.15623
15.0291,-0.65109,-2.57136,2.38780,-0.32220,-0.05356,-0.15206
15.0395,-0.62001,-2.55370,2.55580,-0.31865,-0.05393,-0.15071
15.0490,-0.83198,-2.67933,2.50691,-0.32000,-0.05866,-0.15695
15.0589,-0.53321,-2.27888,2.20072,-0.32499,-0.05904,-0.15477
15.0689,-1.70313,-2.50754,2.26567,-0.32547,-0.07717,-0.15641
15.0791,-1.17628,-2.10816,2.10788,-0.32417,-0.06488,-0.15341
15.0889,-0.98010,-2.13765,1.88146,-0.32065,-0.06067,-0.15790
15.0991,-0.73216,-2.93830,1.87873,-0.31960,-0.06759,-0.15431
15.1091,-1.07523,-2.84987,1.42970,-0.32053,-0.06624,-0.15396
15.1190,-0.49773,-2.41646,0.11498,-0.32571,-0.04433,-0.15525
15.1292,-0.47636,-3.41660,0.31577,-0.29126,-0.06646,-0.15599
15.1390,-0.72463,-2.74060,-0.77856,-0.31274,-0.06349,-0.15323
15.1490,-0.19103,-3.60285,-0.37539,-0.29323,-0.03578,-0.15022
15.1591,-0.82968,-3.57872,-0.87648,-0.29397,-0.06052,-0.15502
15.1692,-0.24636,-3.81932,0.60321,-0.28296,-0.03926,-0.15185
15.1791,-0.35841,-2.06264,0.81303,-0.32175,-0.06204,-0.14935
15.1890,0.35317,-3.73580,2.33421,-0.29512,-0.02181,-0.15850
15.1992,-0.69901,-3.42799,2.59864,-0.29696,-0.05896,-0.15700
15.2090,-0.53517,-2.67444,3.39760,-0.31186,-0.05582,-0.15608
15.2190,0.10174,-1.82367,3.08809,-0.33322,-0.04856,-0.15833
15.2290,-0.19291,-3.32873,3.98006,-0.30488,-0.03945,-0.16019
15.2391,-0.71274,-1.92066,3.14717,-0.34047,-0.06032,-0.16143
15.2495,-0.02242,-2.02139,2.98975,-0.34651,-0.03517,-0.16102
15.2591,-0.59195,-1.68947,2.51870,-0.35911,-0.05165,-0.15635
15.2691,-0.56527,-2.21078,3.40347,-0.33648,-0.04375,-0.15745
15.2791,-0.48359,-1.36925,3.23762,-0.37295,-0.03075,-0.15475
15.2893,-0.01861,-1.96146,3.10704,-0.35096,-0.03301,-0.15889
15.2991,-0.51423,-1.87806,2.99274,-0.35061,-0.04107,-0.15639
15.3092,-0.24503,-2.02943,3.13315,-0.35638,-0.04403,-0.15832
15.3190,-0.55782,-1.54580,1.94840,-0.37164,-0.02407,-0.15709
15.3291,-0.18544,-3.22866,2.30994,-0.31395,-0.03192,-0.16087
15.3391,-1.13102,-1.52201,1.43348,-0.35618,-0.06334,-0.16132
15.3491,-0.12551,-2.41663,1.69482,-0.34140,-0.03209,-0.15637
15.3590,-0.87926,-2.60548,0.86998,-0.34794,-0.06198,-0.15347
15.3691,0.02091,-3.41764,1.94459,-0.31730,-0.02899,-0.15788
15.3791,-0.99143,-1.42574,2.10779,-0.36631,-0.07210,-0.15477
15.3893,0.14233,-2.82312,-0.11128,-0.33687,-0.02701,-0.15683
15.3990,-1.05528,-3.68157,-1.55139,-0.31296,-0.05397,-0.15995
15.4091,-0.80380,-3.28149,-1.37676,-0.30666,-0.06605,-0.15977
15.4189,-0.27167,-1.82873,-2.38791,-0.35191,-0.04501,-0.16154
15.4293,0.41563,-4.48730,1.14982,-0.27236,-0.01264,-0.15893
15.4388,-1.08530,-1.99620,1.85551,-0.33739,-0.06521,-0.15810
15.4493,1.16133,-2.51127,4.01245,-0.34060,0.00581,-0.15652
15.4591,-0.34730,-2.55799,5.07409,-0.33036,-0.04713,-0.15758
15.4694,-0.11873,-3.36443,6.20323,-0.31138,-0.03016,-0.15395
15.4791,-0.32932,-1.44150,4.53258,-0.37546,-0.03414,-0.15640
15.4891,-0.70682,-2.71176,3.38557,-0.34919,-0.04327,-0.15523
15.4990,-0.72650,-1.95638,2.50573,-0.36488,-0.05825,-0.15468
15.5094,-1.41584,-1.99766,3.47435,-0.35900,-0.07606,-0.15563
15.5191,-0.80589,-0.81886,2.84242,-0.40928,-0.04518,-0.15735
15.5293,0.37558,-3.51314,4.72208,-0.32292,-0.00698,-0.15698
15.5391,-1.29085,-1.60870,4.25156,-0.36417,-0.06563,-0.15845
15.5496,0.66197,-2.97328,4.08856,-0.35862,0.00675,-0.15773
15.5591,-0.25352,-2.48283,2.92797,-0.35624,-0.04164,-0.15797
15.5694,-0.22329,-2.67238,2.83526,-0.35181,-0.03915,-0.16063
15.5791,-0.42433,-1.42502,2.82073,-0.37642,-0.04405,-0.15568
15.5892,0.28468,-3.13179,2.38830,-0.36013,-0.02307,-0.15957
15.5991,-0.68771,-2.36786,1.53640,-0.35835,-0.04758,-0.15875
15.6093,-1.06026,-2.25642,2.04928,-0.34593,-0.06865,-0.16228
15.6190,-0.17742,-2.11548,1.58605,-0.37191,-0.03202,-0.16188
15.6292,-0.40142,-3.69113,2.76206,-0.32592,-0.04286,-0.15772
15.6392,-1.23755,-1.93979,2.49266,-0.37711,-0.06739,-0.16171
15.6494,-0.34458,-2.01835,2.65673,-0.37744,-0.04050,-0.15864
15.6592,-0.55626,-2.38172,2.35204,-0.36657,-0.06743,-0.15906
15.6689,-0.24866,-2.28315,2.94691,-0.36524,-0.03963,-0.15951
15.6792,-1.15136,-1.03681,2.43333,-0.39850,-0.06579,-0.16328
15.6892,0.19372,-2.19433,2.38082,-0.36939,-0.03560,-0.15936
15.6991,-0.90898,-1.78745,2.03782,-0.38102,-0.05044,-0.15934
15.7090,-0.58505,-1.71887,2.16927,-0.38928,-0.06693,-0.16222
15.7191,-0.32473,-1.67947,1.33438,-0.40207,-0.03496,-0.15428
15.7290,-0.14770,-2.78858,2.28540,-0.35167,-0.02450,-0.15442
15.7390,-1.15475,-1.21630,1.89936,-0.39446,-0.07914,-0.15919
15.7494,0.14207,-1.73998,2.26206,-0.38458,-0.01349,-0.15552
15.7591,-0.47502,-2.05325,2.09727,-0.37827,-0.06151,-0.15670
15.7690,-0.19256,-3.01803,2.77875,-0.34981,-0.03218,-0.15738
15.7790,-0.64248,-1.36428,3.00137,-0.39866,-0.06559,-0.15713
15.7892,-0.16825,-2.84960,3.22008,-0.36358,-0.03154,-0.15534
15.7990,-0.69937,-2.29530,2.46868,-0.36992,-0.04696,-0.15581
15.8093,-0.70362,-2.25961,2.69868,-0.37539,-0.06071,-0.15905
15.8191,-0.33627,-1.40600,1.59833,-0.39989,-0.04285,-0.15617
15.8290,-0.14896,-3.12019,2.08157,-0.35982,-0.05224,-0.15659
15.8394,-0.93388,-2.19568,1.55339,-0.38026,-0.06498,-0.15693
15.8495,0.13733,-2.47667,1.72770,-0.37438,-0.02333,-0.16072
15.8594,-0.50350,-2.87018,1.67842,-0.36465,-0.04856,-0.16068
15.8690,-0.27879,-2.40355,1.83305,-0.38231,-0.03950,-0.16056
15.8791,-0.54361,-2.28261,1.91085,-0.38053,-0.06019,-0.15838
15.8893,0.14609,-3.30718,1.86062,-0.35821,-0.02430,-0.15712
15.8990,-0.81629,-2.50287,1.29357,-0.37179,-0.06587,-0.15518
15.9095,-0.55130,-2.65614,2.12099,-0.37126,-0.04591,-0.15235
15.9190,-0.35626,-2.60700,1.81822,-0.37511,-0.04863,-0.16112
15.9290,-0.06508,-3.24955,2.75403,-0.35958,-0.04610,-0.16090
15.9392,-0.62189,-1.74262,2.94159,-0.39578,-0.05267,-0.15801
15.9492,0.03262,-2.57672,3.61738,-0.36494,-0.03274,-0.15982
15.9591,-0.81787,-1.99868,2.96591,-0.40095,-0.05035,-0.16038
15.9694,-0.31924,-2.81909,3.30807,-0.37345,-0.04442,-0.15880
15.9789,-0.92762,-1.87714,3.29651,-0.41153,-0.04200,-0.15441
15.9893,-0.01520,-2.65721,3.62462,-0.37603,-0.04421,-0.15305
15.9995,-0.43454,-1.81282,2.78655,-0.40858,-0.05604,-0.16047
16.0092,-0.48862,-2.38760,3.38080,-0.39342,-0.05309,-0.15470
16.0191,-0.17823,-2.04210,2.13037,-0.40878,-0.04793,-0.15837
16.0290,-0.15931,-3.62039,2.13846,-0.34987,-0.04553,-0.15690
16.0394,-0.93078,-2.10909,1.33065,-0.40450,-0.06895,-0.16062
16.0496,0.30486,-2.67062,1.78451,-0.38029,-0.03395,-0.15650
16.0591,-0.70709,-2.64938,1.72383,-0.38812,-0.05622,-0.16071
16.0692,-0.00128,-3.80318,2.84630,-0.35637,-0.03012,-0.16131
16.0791,-0.65814,-2.32148,3.06114,-0.40036,-0.04227,-0.15948
16.0892,0.34111,-2.91928,4.06267,-0.37814,-0.03598,-0.15578
16.0991,-0.51893,-2.29295,4.56568,-0.39216,-0.05012,-0.15850
16.1092,-0.18740,-2.45328,4.31519,-0.40377,-0.05040,-0.15865
16.1191,-0.28835,-1.60485,2.96957,-0.41523,-0.05454,-0.15777
16.1293,-0.20795,-2.71700,2.56151,-0.37743,-0.05005,-0.16128
16.1390,-1.02680,-1.72526,1.71961,-0.42157,-0.07123,-0.15805
16.1491,-0.03005,-2.57270,1.61144,-0.39109,-0.04761,-0.15647
16.1590,-0.80512,-2.01708,0.98132,-0.40259,-0.05689,-0.15550
16.1691,0.08088,-3.21985,1.53916,-0.38099,-0.03732,-0.16075
16.1792,-0.14132,-2.62614,1.97682,-0.40122,-0.04825,-0.16103
16.1891,-0.03948,-3.46904,1.16142,-0.37858,-0.04856,-0.15844
16.1990,-0.71243,-2.69989,-0.38359,-0.39392,-0.06599,-0.16544
16.2090,-0.12642,-3.72462,0.01034,-0.35283,-0.05992,-0.15740
16.2189,-0.93489,-1.47778,-1.37909,-0.42791,-0.06967,-0.16218
16.2291,0.31493,-3.89776,0.95556,-0.35827,-0.03376,-0.15636
16.2389,-1.32696,-2.25442,1.14990,-0.40935,-0.10207,-0.16498
16.2491,0.77233,-2.33881,2.43997,-0.40271,-0.02728,-0.16537
16.2591,-0.86403,-2.11955,2.87792,-0.40796,-0.07164,-0.16523
16.2690,-0.09125,-2.87554,3.81999,-0.38496,-0.04509,-0.16208
16.2788,-0.45201,-1.17502,3.58655,-0.44818,-0.06620,-0.16574
16.2892,0.03517,-2.42187,3.56980,-0.41220,-0.04070,-0.15736
16.2991,-0.46301,-2.00663,3.26931,-0.42863,-0.05073,-0.16196
16.3090,-0.56419,-1.83400,3.40877,-0.40310,-0.06331,-0.16175
16.3192,0.26002,-0.86895,2.32596,-0.44380,-0.05166,-0.15918
16.3292,-0.20750,-2.86005,3.44523,-0.38874,-0.04338,-0.15703
16.3390,-0.74886,-1.01189,3.01368,-0.44446,-0.06997,-0.15941
16.3490,0.70043,-1.99940,3.65670,-0.41208,-0.03842,-0.15606
16.3591,-0.08507,-2.28242,3.33128,-0.41016,-0.05757,-0.16008
16.3694,0.12492,-2.92782,3.60617,-0.38992,-0.04233,-0.15775
16.3791,-0.37127,-1.90643,3.45916,-0.42921,-0.05658,-0.15692
16.3894,-0.13752,-3.57693,3.93659,-0.38527,-0.04210,-0.15233
16.3992,-0.63465,-2.91561,3.49358,-0.40221,-0.06297,-0.15828
16.4093,-0.19322,-2.98475,3.41636,-0.39595,-0.06114,-0.15632
16.4191,-0.22802,-2.82786,3.44483,-0.39844,-0.06301,-0.15560
16.4293,-0.44626,-3.18577,3.96169,-0.38606,-0.06076,-0.15412
16.4390,-0.31594,-2.51614,3.44931,-0.40426,-0.05050,-0.15302
16.4494,0.09535,-2.82143,3.33213,-0.40298,-0.04442,-0.15283
16.4591,-0.42007,-2.81099,3.28342,-0.39410,-0.05819,-0.15500
16.4692,-0.00823,-2.60145,2.82587,-0.40405,-0.04314,-0.15407
16.4793,-0.20797,-2.35988,2.65829,-0.40883,-0.05766,-0.16194
16.4891,0.02300,-2.42342,2.63829,-0.40384,-0.04063,-0.15352
16.4989,-0.20142,-2.22068,2.59455,-0.43200,-0.04744,-0.15753
16.5093,0.23998,-2.58548,2.70271,-0.39774,-0.04934,-0.15771
16.5191,-0.05619,-2.66515,2.81191,-0.40362,-0.04454,-0.14893
16.5292,-0.48189,-2.66278,2.32880,-0.41417,-0.05560,-0.15623
16.5393,-0.42227,-2.20276,2.26304,-0.40714,-0.06982,-0.15698
16.5493,-0.35553,-3.36123,1.74449,-0.37517,-0.05640,-0.15758
16.5590,-0.37984,-2.19419,0.68884,-0.41632,-0.07531,-0.15756
16.5691,-0.34550,-2.85437,0.46558,-0.40357,-0.07708,-0.15746
16.5790,-0.89050,-1.83430,0.22154,-0.42764,-0.07911,-0.15590
16.5892,-0.61123,-3.05397,-0.34608,-0.40513,-0.05737,-0.15766
16.5988,-0.92297,-2.14339,-1.23602,-0.42897,-0.08884,-0.15950
16.6095,-0.43517,-3.45418,-0.28218,-0.38430,-0.06214,-0.15808
16.6190,-1.17217,-1.68625,-1.77810,-0.42017,-0.09975,-0.16027
16.6290,-0.22445,-4.54366,-0.74408,-0.34860,-0.05292,-0.15473
16.6393,-2.10199,-1.97625,-1.32029,-0.42645,-0.12972,-0.15828
16.6492,0.08280,-3.59791,-0.09852,-0.36047,-0.03297,-0.15255
16.6592,-1.84375,-2.87904,-0.24004,-0.37877,-0.12662,-0.16062
16.6695,0.16358,-5.45287,2.69744,-0.29791,-0.05187,-0.15547
16.6790,-1.40711,-2.08174,3.33883,-0.40231,-0.10659,-0.15217
16.6891,0.34267,-4.32993,4.25835,-0.34542,-0.03944,-0.15975
16.6992,-1.04757,-3.19231,3.88593,-0.37370,-0.08302,-0.15988
16.7094,-0.27974,-2.49204,3.92318,-0.39175,-0.06092,-0.15689
16.7190,-0.46687,-0.56625,1.58878,-0.46198,-0.07536,-0.16062
16.7295,0.43434,-3.05273,3.02955,-0.37000,-0.04494,-0.16286
16.7392,-0.97777,-0.34545,4.07312,-0.45213,-0.07403,-0.15434
16.7491,1.41364,-2.65648,5.52484,-0.39601,-0.00331,-0.15397
16.7589,0.66577,-1.61863,5.37915,-0.40829,-0.04266,-0.15307
16.7696,0.83944,-3.21269,5.71569,-0.35631,-0.00799,-0.15715
16.7790,0.75667,-0.89819,4.54763,-0.42307,-0.04166,-0.14782
16.7890,1.09901,-3.54860,4.71259,-0.35192,-0.00862,-0.15708
16.7992,-0.24317,-0.78652,3.44876,-0.42661,-0.04373,-0.15722
16.8090,0.09965,-1.48007,3.32278,-0.42222,-0.03232,-0.15943
16.8190,0.47925,-1.84718,3.76593,-0.41118,-0.01807,-0.15203
16.8292,0.22689,-2.73778,3.95115,-0.38839,-0.02367,-0.15860
16.8390,-0.44650,-1.03700,3.49953,-0.42842,-0.04610,-0.15815
16.8493,0.41240,-2.44723,3.79833,-0.39061,-0.03040,-0.15568
16.8592,-0.30616,-2.33504,3.71659,-0.40203,-0.05552,-0.15281
16.8690,-0.36932,-1.83900,2.92518,-0.39975,-0.05048,-0.15848
16.8792,-0.19662,-1.82855,2.64633,-0.39982,-0.07480,-0.15252
16.8892,-0.53003,-2.21483,2.59679,-0.38395,-0.05352,-0.16127
16.8992,-0.67019,-1.44228,2.15495,-0.40880,-0.06411,-0.15827
16.9089,-0.59308,-1.71189,2.15971,-0.40123,-0.04898,-0.16017
16.9192,-0.63975,-2.12475,2.75040,-0.39329,-0.05910,-0.15448
16.9291,-0.31882,-1.61944,2.38217,-0.40261,-0.05534,-0.16000
16.9392,-0.75573,-1.87312,2.50661,-0.39629,-0.05341,-0.15546
16.9492,-0.31201,-2.65450,2.24470,-0.36367,-0.05021,-0.15290
16.9590,-0.51501,-1.80262,1.41579,-0.40255,-0.06719,-0.15754
16.9690,-0.56264,-2.26479,1.05382,-0.38515,-0.04920,-0.15787
16.9791,-0.57134,-2.36854,1.20665,-0.37822,-0.07037,-0.16103
16.9892,-0.75038,-3.63430,0.46348,-0.33630,-0.06995,-0.16196
16.9991,-1.12174,-3.06885,-0.30464,-0.36535,-0.08310,-0.16316
17.0092,-0.69221,-3.01333,0.11642,-0.35834,-0.05539,-0.15898
17.0192,-1.13330,-2.38210,-0.32308,-0.37174,-0.08050,-0.16580
17.0291,-0.29441,-3.71327,0.39359,-0.33796,-0.04516,-0.16291
17.0390,-1.13691,-2.17024,0.50081,-0.36667,-0.08352,-0.16440
17.0493,0.54238,-3.20555,1.15608,-0.34204,-0.02731,-0.15730
17.0591,-0.43257,-3.40878,0.54687,-0.34339,-0.06196,-0.16136
17.0691,0.42866,-3.14451,1.00234,-0.34475,-0.03706,-0.15304
17.0790,-1.00866,-1.09518,0.45422,-0.41179,-0.07196,-0.15649
17.0893,0.60722,-2.60654,0.76689,-0.35913,-0.01977,-0.15734
17.0990,-0.32095,-1.44048,0.80633,-0.39908,-0.05464,-0.15401
17.1093,0.46842,-2.49005,2.42589,-0.36606,-0.03254,-0.14989
17.1191,-0.15287,-2.05564,2.87797,-0.37826,-0.03086,-0.15560
17.1290,0.59740,-3.38729,4.39170,-0.33233,-0.02949,-0.15198
17.1390,-0.32656,-1.22815,4.65066,-0.39054,-0.04866,-0.15431
17.1489,0.79317,-3.02142,4.94140,-0.33286,-0.01639,-0.15362
17.1591,-0.45588,-2.21782,3.69568,-0.36701,-0.03657,-0.15808
17.1690,0.32458,-2.40419,3.43269,-0.36548,-0.04167,-0.15726
17.1790,-0.22437,-1.05368,2.70026,-0.39832,-0.06942,-0.15570
17.1894,-0.06851,-3.08596,3.29530,-0.35100,-0.03728,-0.15152
17.1993,-0.30662,-1.15972,2.71888,-0.38522,-0.06090,-0.15375
17.2093,-0.09133,-2.20826,3.22718,-0.36069,-0.05094,-0.15350
17.2191,-0.25224,-1.53932,2.76656,-0.39173,-0.06127,-0.15339
17.2290,0.02706,-2.53832,2.82233,-0.36318,-0.03815,-0.15659
17.2391,-0.62819,-1.28573,2.32637,-0.39489,-0.06889,-0.15503
17.2493,-0.25948,-2.55776,2.71504,-0.36217,-0.03530,-0.15558
17.2591,-0.92910,-1.75621,1.83035,-0.38146,-0.05908,-0.15492
17.2691,0.00074,-2.30323,2.26223,-0.36442,-0.05385,-0.14901
17.2793,-0.36347,-1.74916,2.41110,-0.38940,-0.05757,-0.15369
17.2892,-0.10494,-2.67549,2.75697,-0.34473,-0.04563,-0.14487
17.2992,-0.64080,-1.59081,2.68749,-0.37560,-0.04958,-0.15381
17.3093,0.01896,-2.75633,3.24047,-0.34482,-0.05111,-0.14784
17.3193,-0.53897,-2.35519,3.34192,-0.34548,-0.04444,-0.15294
17.3291,-0.43003,-2.49470,3.56158,-0.34519,-0.05699,-0.15493
17.3392,-0.73487,-2.08177,3.58338,-0.35517,-0.05006,-0.15256
17.3493,-0.31800,-3.43414,3.56483,-0.31580,-0.04776,-0.15081
17.3591,-0.66750,-2.32393,3.27658,-0.36248,-0.06773,-0.15368
17.3692,-0.30877,-2.64337,3.25379,-0.34652,-0.05084,-0.15281
17.3790,-0.20195,-2.51406,3.24925,-0.35326,-0.05365,-0.15235
17.3895,-0.21167,-2.01374,2.76686,-0.35691,-0.04668,-0.15354
17.3992,-0.05919,-1.66860,2.31295,-0.37680,-0.06109,-0.15511
17.4094,0.29897,-3.00439,2.47539,-0.34481,-0.03341,-0.15530
17.4193,-0.30555,-1.60467,2.06266,-0.36985,-0.06599,-0.15827
17.4292,-0.29403,-2.24855,2.17131,-0.36466,-0.05500,-0.15245
17.4393,-0.55112,-2.06137,1.98453,-0.36588,-0.05613,-0.15215
17.4495,-0.72138,-2.62864,2.24878,-0.33475,-0.06635,-0.14685
17.4591,-2.36805,-2.25409,2.53619,-0.35627,-0.11516,-0.14706
17.4691,-0.50075,-2.82602,2.58188,-0.33989,-0.06713,-0.12813
17.4791,-1.82333,-2.39533,2.69082,-0.34619,-0.11138,-0.10872
17.4890,-2.11592,-3.06142,2.78406,-0.33245,-0.11623,-0.09181
17.4992,-2.92874,-2.52789,2.68663,-0.34750,-0.12986,-0.07127
17.5093,-1.26932,-3.01645,2.35259,-0.33010,-0.05352,-0.05068
17.5191,-2.89704,-2.93021,1.81749,-0.33616,-0.15733,-0.03945
17.5291,-1.30926,-2.62835,1.49640,-0.33741,-0.06567,-0.01005
17.5391,-1.64624,-1.63602,1.40787,-0.36014,-0.09833,0.00532
17.5494,-0.26832,-2.97814,1.10560,-0.33222,-0.02614,0.02611
17.5590,-1.58509,-2.27270,0.08985,-0.35751,-0.09331,0.03486
17.5691,0.54923,-2.99908,-0.28510,-0.32886,0.00590,0.05105
17.5792,0.33135,-1.33750,-0.34647,-0.37122,-0.01550,0.05020
17.5891,1.39027,-2.81098,-0.85133,-0.32097,0.00427,0.05170
17.5994,0.08953,-1.74561,-1.72804,-0.37779,-0.03683,0.04529
17.6090,1.35110,-2.57381,-0.61101,-0.34548,0.01430,0.04681
17.6190,0.66603,-0.92895,-1.14439,-0.40260,0.00198,0.04240
17.6292,1.79992,-4.14120,0.40870,-0.31971,0.03729,0.04610
17.6390,-0.30924,-1.90654,0.64500,-0.38353,-0.02483,0.04816
17.6491,2.09944,-4.29038,2.34685,-0.30338,0.06136,0.04923
17.6591,-0.00417,-3.38426,3.20158,-0.31453,-0.03902,0.04320
17.6693,1.40796,-4.72839,4.59055,-0.28212,0.02966,0.04895
17.6792,-0.61333,-2.25371,4.64101,-0.34826,-0.02770,0.05153
17.6891,0.52242,-4.45666,5.41642,-0.29213,0.00751,0.04744
17.6992,-1.00844,-2.39581,4.61886,-0.35927,-0.03215,0.04686
17.7091,-0.23424,-3.13238,5.15838,-0.31634,-0.03420,0.04578
17.7191,-0.70017,-2.57793,4.72585,-0.34638,-0.02123,0.04121
17.7292,-0.75030,-3.29283,4.57311,-0.31223,-0.04627,0.04104
17.7391,-0.70188,-2.02239,4.37481,-0.35676,-0.03603,0.03678
17.7490,-0.90258,-2.31406,4.29900,-0.35339,-0.03296,0.03951
17.7591,-0.49321,-2.12375,3.69686,-0.35784,-0.05306,0.04257
17.7691,-0.25473,-1.94449,3.25778,-0.36993,-0.02947,0.04301
17.7790,-0.05295,-1.89721,2.71874,-0.35111,-0.03300,0.03498
17.7890,-0.33470,-3.12616,2.56213,-0.34024,-0.03887,0.03727
17.7992,-0.49998,-2.06423,2.02863,-0.35616,-0.03616,0.03819
17.8092,-0.28769,-2.52979,2.17552,-0.33524,-0.02944,0.04071
17.8192,-0.56607,-2.49494,2.23459,-0.34300,-0.03485,0.04068
17.8291,-0.59383,-2.42637,2.17587,-0.33014,-0.04852,0.03479
17.8392,-0.47329,-2.11552,1.94588,-0.35259,-0.04317,0.04067
17.8489,-0.55981,-2.85636,1.91420,-0.32654,-0.03573,0.04258
17.8593,-0.49173,-2.46665,1.60338,-0.34226,-0.04980,0.04191
17.8691,-0.46590,-1.92385,1.65950,-0.35794,-0.03468,0.03946
17.8792,-0.57926,-2.49079,2.06453,-0.33324,-0.03243,0.04435
17.8894,-0.27011,-2.34645,2.25114,-0.34121,-0.02173,0.04826
17.8991,-0.16886,-2.52950,2.46031,-0.34241,-0.02231,0.05058
17.9093,-0.22219,-2.74618,2.59393,-0.32507,-0.02599,0.04869
17.9192,-0.51057,-2.83845,2.43974,-0.34074,-0.02948,0.04850
17.9293,-0.28800,-2.06351,2.18503,-0.34485,-0.01467,0.04185
17.9390,-0.47986,-2.45121,2.02976,-0.33181,-0.02913,0.04828
17.9491,-0.77444,-2.70006,1.96664,-0.34187,-0.04052,0.05045
17.9591,-0.76581,-2.16769,2.13065,-0.34097,-0.04030,0.04462
17.9691,-0.65532,-2.72351,2.34730,-0.32629,-0.04549,0.04421
17.9791,-0.81102,-2.82795,2.18006,-0.32867,-0.03846,0.04424
17.9891,-1.08839,-2.76124,2.21169,-0.32844,-0.03234,0.03887
17.9988,-0.55499,-2.78371,2.23689,-0.33389,-0.03661,0.04726
18.0090,-0.38848,-2.88507,2.08363,-0.34050,-0.03840,0.04390
18.0191,-0.00295,-2.41464,2.07348,-0.33599,-0.03536,0.04767
18.0289,-0.53132,-2.88905,2.18461,-0.33908,-0.02123,0.04309
18.0391,-0.01811,-2.92275,2.15414,-0.33732,-0.03724,0.04612
18.0491,-0.08576,-2.87964,2.39418,-0.33839,-0.02418,0.04651
18.0591,-0.03268,-2.67707,2.55203,-0.32150,-0.02446,0.04132
18.0691,0.04395,-3.02958,2.56059,-0.31813,-0.03227,0.04453
18.0796,-0.34865,-2.90486,2.40813,-0.32594,-0.02377,0.05010
18.0892,-0.15657,-2.78961,2.39052,-0.32832,-0.03927,0.04360
18.0990,-0.54238,-2.81314,2.51961,-0.32012,-0.04131,0.04191
18.1090,-0.48842,-2.85489,2.35865,-0.32736,-0.04045,0.04403
18.1192,0.03719,-2.63408,2.23059,-0.32267,-0.04098,0.04484
18.1289,-0.40450,-2.72557,2.38903,-0.32752,-0.05505,0.04265
18.1393,-0.49949,-3.04857,2.10572,-0.30981,-0.03518,-0.07477
18.1492,-0.19392,-2.70541,2.37797,-0.31327,-0.02507,-0.01154
18.1591,-0.44401,-3.03997,2.45955,-0.30686,-0.03593,0.01729
18.1691,-0.51065,-2.51640,2.67987,-0.32987,-0.03538,-0.00178
18.1792,0.01462,-2.78366,2.73596,-0.31891,-0.02418,-0.03327
18.1892,-0.05569,-2.35914,2.48902,-0.33125,-0.03958,-0.06235
18.1990,-0.08379,-2.68692,2.56371,-0.31373,-0.03223,-0.05408
18.2091,-0.01179,-2.20473,2.30354,-0.32868,-0.04934,-0.09403
18.2191,-0.14765,-2.33138,2.33489,-0.30669,-0.03881,-0.14105
18.2291,-0.32901,-2.33116,2.33640,-0.32518,-0.03875,-0.12813
18.2391,-0.48366,-2.15142,2.44049,-0.32749,-0.04466,-0.13310
18.2491,-0.37768,-2.22517,2.47668,-0.29343,-0.03145,-0.13244
18.2592,-0.77487,-2.73210,2.57197,-0.28879,-0.06911,-0.15857
18.2694,-0.56430,-0.75826,3.04502,-0.41046,-0.08017,-0.17160
18.2790,0.07097,-2.05544,2.49935,-0.31235,-0.05601,-0.13372
18.2892,-0.33713,-2.35432,2.19532,-0.31271,-0.05930,-0.14298
18.2990,0.05062,-2.28986,1.86290,-0.31279,-0.03933,-0.14566
18.3094,0.23106,-2.13889,1.82949,-0.32002,-0.04152,-0.15536
18.3189,-0.05416,-2.64449,1.95485,-0.30497,-0.06583,-0.31199
18.3292,-0.18049,-2.38737,2.20876,-0.30606,-0.04620,-0.22051
18.3391,-0.21956,-2.21570,2.51230,-0.31052,-0.06079,-0.17243
18.3491,-0.44613,-2.80523,2.45990,-0.30882,-0.05868,-0.16555
18.3588,-0.98101,-3.06048,2.38356,-0.30532,-0.07315,-0.15925
18.3691,-0.01334,-2.69826,2.58260,-0.30498,-0.06237,-0.15776
18.3790,-0.65910,-2.71869,2.85721,-0.30534,-0.07825,-0.15565
18.3892,-0.56396,-2.42440,2.70455,-0.30418,-0.06504,-0.15587
18.3994,-0.52585,-2.41061,2.54029,-0.30820,-0.08335,-0.12802
18.4092,0.01018,-2.34260,2.30040,-0.31713,-0.04721,-0.09863
18.4192,-0.32973,-2.93035,2.35856,-0.30304,-0.05678,-0.10662
18.4292,-0.05676,-2.34037,2.32117,-0.30807,-0.05344,-0.12787
18.4392,-0.29171,-2.41703,2.21283,-0.31192,-0.05339,-0.13430
18.4494,0.21267,-2.50513,2.23952,-0.31005,-0.04475,-0.14021
18.4590,0.17006,-2.21628,2.36100,-0.30686,-0.04548,-0.14198
18.4691,0.55251,-2.34155,2.22178,-0.30931,-0.04056,-0.13667
18.4793,-0.04245,-2.26889,2.20120,-0.31522,-0.04666,-0.14764
18.4892,0.81932,-2.46787,2.31416,-0.29550,-0.03770,-0.15293
18.4991,0.35517,-2.32018,2.40193,-0.29848,-0.02380,-0.15030
18.5092,0.15319,-2.64904,2.49411,-0.30671,-0.03487,-0.15422
18.5191,0.16137,-2.50985,2.33615,-0.30645,-0.04633,-0.15227
18.5293,0.30891,-2.38174,2.46096,-0.30916,-0.03870,-0.14459
18.5390,0.00008,-2.60943,2.43621,-0.32029,-0.05475,-0.15302
18.5491,0.09980,-2.46052,2.28260,-0.31215,-0.02909,-0.14366
18.5592,0.21293,-2.40246,2.28242,-0.30896,-0.05770,-0.15134
18.5693,-0.11350,-2.62029,2.31136,-0.31659,-0.05224,-0.14310
18.5792,0.41604,-2.29624,2.35201,-0.30833,-0.06327,-0.14766
18.5891,0.18767,-2.53192,2.30623,-0.30782,-0.04094,-0.15572
18.5990,0.20835,-2.43658,2.24203,-0.30745,-0.03226,-0.15184
18.6093,-0.05653,-2.32601,2.29701,-0.31693,-0.04859,-0.25459
18.6194,-0.36272,-2.44523,2.05938,-0.30928,-0.05512,-0.18430
18.6293,-0.05072,-2.19122,2.22960,-0.32276,-0.03904,-0.09633
18.6390,-0.08914,-2.13117,2.38165,-0.31176,-0.06000,-0.17486
18.6493,-0.23735,-2.38347,2.30462,-0.30720,-0.04575,-0.16284
18.6590,-0.55709,-2.58838,2.42972,-0.31340,-0.04847,-0.14338
18.6691,-0.43630,-2.57799,2.51201,-0.30959,-0.04266,-0.09239
18.6792,-0.30860,-2.28792,2.49482,-0.30558,-0.04806,-0.12631
18.6891,0.01012,-2.37868,2.28871,-0.31013,-0.05599,-0.13300
18.6990,-0.19195,-2.37302,2.38939,-0.30838,-0.04690,-0.12288
18.7092,-0.36591,-2.17642,2.24764,-0.30325,-0.05281,-0.13532
18.7193,-0.09217,-2.64978,2.41837,-0.31329,-0.05394,-0.13092
18.7292,0.12218,-2.63538,2.46518,-0.31128,-0.04451,-0.13657
18.7390,-0.15423,-2.38255,2.49305,-0.31247,-0.03999,-0.14887
18.7492,-0.03949,-2.57065,2.43123,-0.30106,-0.04268,-0.12985
18.7591,-0.16582,-2.59951,2.41771,-0.30628,-0.05720,-0.14367
18.7690,-0.26617,-2.58968,2.46637,-0.31178,-0.05438,-0.12920
18.7791,-0.13528,-2.32563,2.65439,-0.31462,-0.04309,-0.11454
18.7893,-0.16264,-2.51223,2.67983,-0.30769,-0.03249,-0.10397
18.7991,-0.11251,-2.67893,2.37424,-0.30053,-0.04087,-0.20750
18.8095,-0.05960,-2.36772,2.24068,-0.32308,-0.04948,-0.10417
18.8191,-0.40013,-2.41184,2.03356,-0.31129,-0.04930,-0.07072
18.8293,-0.27532,-2.38467,2.00890,-0.32318,-0.04926,-0.04871
18.8391,-0.15705,-2.54383,2.03625,-0.31912,-0.04635,-0.03401
18.8492,0.17117,-2.79507,2.01466,-0.32242,-0.05364,-0.02643
18.8592,-0.40243,-2.45797,2.05454,-0.31077,-0.03935,-0.02019
18.8694,-0.11432,-2.68165,2.17805,-0.31834,-0.03684,-0.00666
18.8792,-0.62850,-1.92648,2.08105,-0.32736,-0.04108,0.03485
18.8893,-0.17808,-2.61417,2.10510,-0.31132,-0.04032,0.01775
18.8990,-0.24973,-2.64579,2.05530,-0.31777,-0.03522,0.02448
18.9091,-0.31554,-2.58820,2.30485,-0.31913,-0.04193,0.02739
18.9191,-0.34400,-2.64720,2.09876,-0.31077,-0.04967,0.01732
18.9289,-0.62956,-2.56776,2.18379,-0.31962,-0.05030,0.02277
18.9391,-0.23116,-2.80191,2.18176,-0.31266,-0.03544,0.03019
18.9493,-0.38539,-2.72420,2.35609,-0.31209,-0.05225,0.02892
18.9593,-0.18719,-2.44616,2.20754,-0.31568,-0.04305,0.03840
18.9693,-0.11527,-2.66110,2.21257,-0.31881,-0.03003,0.02962
18.9793,-0.15063,-2.63807,2.10875,-0.31442,-0.04172,0.01394
18.9894,-0.27858,-2.42634,2.17687,-0.31312,-0.06458,0.02137
18.9991,-0.17201,-2.39085,2.06347,-0.31572,-0.05328,0.02160
19.0094,-0.04905,-2.37650,2.17202,-0.31076,-0.03061,0.01482
19.0193,-0.24191,-2.73406,2.17529,-0.32114,-0.02987,0.01165
19.0293,-0.19788,-2.60793,2.32944,-0.31251,-0.02762,0.01156
19.0393,-0.30603,-2.67220,2.23791,-0.31723,-0.04724,0.00740
19.0494,-0.23646,-2.68540,2.04348,-0.31086,-0.05765,0.01684
19.0592,-0.15523,-2.77064,2.27242,-0.31705,-0.04187,0.02559
19.0692,-0.23307,-2.58173,2.15763,-0.31551,-0.03784,0.01873
19.0792,-0.41861,-2.87233,1.72552,-0.30650,-0.05418,-0.12188
19.0892,-0.07734,-2.54466,2.11810,-0.31359,-0.04073,-0.01931
19.0990,-0.33116,-2.60235,2.09830,-0.31167,-0.05232,0.01159
19.1092,-0.32705,-2.35832,1.96626,-0.31762,-0.04299,0.03303
19.1191,-0.05656,-2.43124,2.05235,-0.31212,-0.03889,0.04663
19.1292,-0.26614,-2.61384,2.01211,-0.31333,-0.05573,-0.11365
19.1394,0.13852,-2.53075,2.34047,-0.32312,-0.03241,0.04198
19.1492,-0.32419,-2.66931,2.15906,-0.30292,-0.03199,0.02829
19.1591,-0.46776,-2.67757,2.32227,-0.32019,-0.03065,0.01990
19.1694,-0.20167,-2.75897,2.17135,-0.31281,-0.03898,0.02353
19.1791,-0.19244,-2.69069,2.03148,-0.31391,-0.04103,0.01896
19.1892,-0.37853,-3.22919,2.15413,-0.29694,-0.03541,0.04793
19.1992,-0.61733,-2.67141,2.39431,-0.32106,-0.04911,0.06356
19.2091,-0.46086,-2.48603,1.98148,-0.31545,-0.03711,0.04353
19.2193,-0.00021,-2.56706,1.95401,-0.31884,-0.03925,0.04038
19.2294,-0.28362,-2.43409,1.98244,-0.32156,-0.06284,0.04682
19.2392,-0.34016,-2.46467,2.15148,-0.30773,-0.05968,0.04169
19.2494,-0.47944,-2.56904,2.26569,-0.31283,-0.03065,0.03933
19.2592,-0.12475,-2.54721,2.31215,-0.31337,-0.02951,0.05519
19.2694,-0.47134,-2.68671,2.43093,-0.31641,-0.03665,0.04562
19.2791,-0.26930,-2.63296,2.31218,-0.31432,-0.04711,0.04539
19.2891,-0.17875,-2.29456,2.36312,-0.30639,-0.02963,0.05320
19.2992,-0.26416,-2.61966,2.35528,-0.30875,-0.05016,0.04902
19.3093,-0.65763,-2.51377,2.21909,-0.31219,-0.04443,0.06182
19.3191,-0.24259,-2.52861,2.21106,-0.32232,-0.02603,0.05304
19.3291,-0.15899,-2.45595,2.10075,-0.32186,-0.02233,0.04580
19.3391,-0.44122,-2.72940,2.36635,-0.32484,-0.04723,0.04532
19.3490,-0.83563,-2.71838,2.30408,-0.31742,-0.04196,0.04422
19.3592,-0.54273,-2.55271,2.24304,-0.32730,-0.04941,0.04557
19.3693,-0.49506,-2.80084,2.32931,-0.30778,-0.03112,0.04362
19.3789,-0.52845,-2.62544,2.28572,-0.32787,-0.02660,0.03465
19.3890,-0.60360,-2.54670,2.23653,-0.31610,-0.04294,0.03816
19.3990,-0.19656,-2.78456,2.35027,-0.31834,-0.04137,0.03467
19.4090,-0.65638,-2.69865,2.13803,-0.32454,-0.03864,0.03236
19.4190,-0.42360,-2.82493,2.17881,-0.32093,-0.04165,0.04242
19.4294,0.13596,-2.62348,2.21987,-0.32556,-0.02800,0.05389
19.4390,-0.34896,-2.44548,2.33255,-0.32590,-0.03265,0.04345
19.4490,-0.17065,-2.52082,2.17914,-0.32748,-0.03422,0.04389
19.4590,-0.49426,-2.36940,2.19171,-0.32031,-0.04527,0.03438
19.4695,-0.54919,-2.56438,2.10393,-0.32146,-0.04913,0.04442
19.4793,-0.25350,-2.42909,2.44108,-0.32331,-0.04056,0.04705
19.4892,-0.40705,-2.86511,2.47127,-0.31980,-0.01900,0.03923
19.4991,-0.66159,-2.71530,2.26092,-0.32166,-0.03764,0.04654
19.5092,-0.05987,-2.83788,2.38538,-0.32373,-0.03439,0.05310
19.5193,-0.71779,-2.56600,2.16933,-0.32569,-0.05717,0.04880
19.5290,-0.26843,-2.94074,2.23563,-0.33250,-0.04707,0.05563
19.5391,-0.19491,-2.70243,2.12430,-0.32428,-0.02829,0.04251
19.5492,0.03866,-3.10314,2.45648,-0.32237,-0.03592,0.05143
19.5592,-0.32838,-2.94878,2.88347,-0.32795,-0.03270,0.03631
19.5694,0.19884,-2.86286,2.55968,-0.33056,-0.01545,0.03352
19.5791,-0.28437,-3.12245,2.52437,-0.32245,-0.04357,0.04877
19.5892,-0.35025,-2.79485,2.77568,-0.32957,-0.02585,0.05051
19.5991,-0.07504,-2.38364,2.56468,-0.32921,-0.02243,-0.06476
19.6094,-0.16161,-2.53301,2.55843,-0.32942,-0.03350,0.00383
19.6192,-0.40107,-3.07404,2.43087,-0.32447,-0.04152,0.06826
19.6291,-0.62262,-2.60998,2.61816,-0.33831,-0.03075,0.07529
19.6392,-0.31371,-2.78623,2.83810,-0.33085,-0.04773,0.08228
19.6493,-0.31625,-2.59933,2.57333,-0.33097,-0.03647,-0.08974
19.6590,-0.38227,-3.18717,2.75916,-0.30693,-0.02894,0.18198
19.6692,-0.44253,-2.88558,2.86687,-0.31674,-0.04416,0.02440
19.6798,-0.08004,-3.21293,2.95372,-0.31552,-0.03847,-0.02734
19.6892,-0.37102,-2.79679,2.94724,-0.31371,-0.02087,0.14288
19.6991,-0.02654,-3.46329,2.84059,-0.30513,-0.03504,-0.07519
19.7092,-0.01924,-3.10327,2.63765,-0.30266,-0.03281,0.08651
19.7190,-0.17989,-4.02766,3.26898,-0.29399,-0.01348,0.03927
19.7295,-0.09710,-3.35993,3.03409,-0.30046,-0.03117,-0.03544
19.7393,0.18733,-3.79046,2.82035,-0.28552,-0.02608,0.07835
19.7491,-0.20304,-3.00325,2.65763,-0.30449,-0.04653,-0.09307
19.7592,-0.11072,-2.75940,2.63972,-0.30363,-0.02583,-0.00388
19.7693,-0.54747,-2.01262,1.80568,-0.33667,-0.04986,-0.05889
19.7791,-0.44419,-2.59619,1.84506,-0.32213,-0.04460,-0.07565
19.7891,-0.53323,-2.04624,1.86668,-0.32299,-0.04356,-0.09328
19.7991,-0.24739,-2.45717,2.58261,-0.30865,-0.04827,-0.11287
19.8092,-0.46350,-1.97378,2.01880,-0.33409,-0.04658,-0.13346
19.8191,-0.17353,-2.86222,2.66880,-0.30086,-0.04805,-0.15485
19.8291,-0.20396,-2.10973,2.40766,-0.32383,-0.04685,-0.16658
19.8394,0.01052,-2.95880,2.87719,-0.29751,-0.03997,-0.15858
19.8491,-0.32767,-2.14577,2.53917,-0.32447,-0.04415,-0.15915
19.8591,0.03687,-2.20405,2.62239,-0.31294,-0.04182,-0.15941
19.8691,-0.29411,-1.94241,1.81546,-0.32235,-0.04652,-0.16114
19.8792,0.02972,-2.54294,2.06806,-0.30418,-0.04132,-0.15940
19.8892,-0.27180,-1.90776,2.22127,-0.31411,-0.05859,-0.15320
19.8991,-0.03690,-2.15010,2.38110,-0.30601,-0.04699,-0.15719
19.9091,0.11277,-2.22813,2.25876,-0.30512,-0.05083,-0.15759
19.9191,-0.27638,-2.83940,2.66647,-0.27901,-0.04515,-0.15326
19.9289,-0.18049,-1.50966,2.03815,-0.31580,-0.06413,-0.15014
19.9392,0.12652,-2.11864,2.01115,-0.30217,-0.05091,-0.15834
19.9491,-0.28255,-1.91378,1.83297,-0.30969,-0.06246,-0.15450
19.9590,-0.19117,-2.19663,2.28850,-0.31644,-0.05882,-0.15128
19.9691,-0.23316,-1.51172,1.98191,-0.32735,-0.06180,-0.15370
19.9791,-0.40205,-2.32589,2.21145,-0.30146,-0.05880,-0.15056
19.9892,-0.01860,-2.62422,2.48900,-0.28998,-0.06791,-0.15330
19.9992,-0.12285,-2.10012,3.02195,-0.30380,-0.05379,-0.15066
20.0091,-0.18175,-2.56391,2.68502,-0.31147,-0.04957,-0.15497
20.0193,-0.03497,-2.97202,2.92345,-0.27946,-0.05717,-0.15337
20.0292,-0.32621,-1.59785,2.40043,-0.31499,-0.04857,-0.15037
20.0393,0.10941,-2.85495,2.37931,-0.29374,-0.04076,-0.14844
20.0493,-0.14484,-2.21617,2.09262,-0.30492,-0.05049,-0.14828
20.0592,0.30744,-2.40102,2.33538,-0.28900,-0.04201,-0.15110
20.0691,0.11356,-2.22640,1.78522,-0.31288,-0.04722,-0.15348
20.0791,0.13204,-2.42931,2.15287,-0.28871,-0.03688,-0.15199
20.0891,0.05313,-2.36682,2.17180,-0.29695,-0.04514,-0.14838
20.0994,0.28607,-2.77635,2.30886,-0.28635,-0.04560,-0.15101
20.1092,0.09907,-2.72681,2.49677,-0.28611,-0.03988,-0.14890
20.1190,0.09907,-3.06849,3.46705,-0.27131,-0.05004,-0.15231
20.1292,-0.16638,-1.74731,2.99028,-0.29648,-0.04612,-0.14470
20.1391,0.42628,-3.47679,3.50863,-0.25729,-0.04002,-0.15163
20.1491,-0.32097,-2.87174,3.40071,-0.26814,-0.05185,-0.15440
20.1593,0.12212,-2.74102,3.99106,-0.27432,-0.03414,-0.15464
20.1693,0.35825,-1.88484,3.13908,-0.29420,-0.05857,-0.15301
20.1791,0.27449,-3.31818,3.06593,-0.26437,-0.04139,-0.15370
20.1893,0.55429,-4.04673,3.87402,-0.24338,-0.02940,-0.14400
20.1992,0.25455,-2.65068,4.51299,-0.27035,-0.03334,-0.14223
20.2090,0.31927,-2.61415,3.50218,-0.27337,-0.02459,-0.14864
20.2191,0.49581,-4.48116,3.78279,-0.21503,-0.03361,-0.15121
20.2293,-0.08415,-0.64988,1.83877,-0.32127,-0.05901,-0.14986
20.2392,0.58969,-3.02761,2.00619,-0.25140,-0.02202,-0.15030
20.2492,-0.58703,-1.23416,1.03221,-0.30318,-0.06777,-0.14949
20.2593,-0.30611,-2.00068,1.07460,-0.28823,-0.04222,-0.15269
20.2692,-0.76481,-0.85707,0.33888,-0.31935,-0.06403,-0.15041
20.2791,-0.42215,-1.89402,1.22808,-0.29059,-0.05195,-0.14924
20.2890,-0.84801,-1.44653,1.46442,-0.30140,-0.05658,-0.15366
20.2990,-0.16713,-1.60895,1.54844,-0.29668,-0.05744,-0.14957
20.3092,-0.38038,-1.02430,1.43302,-0.29394,-0.05498,-0.15427
20.3194,-0.27703,-2.08409,2.80626,-0.28014,-0.06295,-0.14677
20.3290,-0.47410,-0.63058,2.21845,-0.31844,-0.05743,-0.15175
20.3391,-0.13651,-2.60166,2.75969,-0.26616,-0.03662,-0.15421
20.3491,-0.31731,-1.22297,2.61134,-0.30955,-0.05654,-0.15259
20.3591,0.24331,-2.49988,3.97167,-0.26795,-0.03207,-0.14693
20.3693,-0.04956,-1.12002,3.01648,-0.30099,-0.04686,-0.14679
20.3790,0.42201,-2.77853,2.83283,-0.26092,-0.04157,-0.14977
20.3892,-0.34598,-1.04024,2.19175,-0.30666,-0.07238,-0.15195
20.3992,0.41825,-2.20266,2.63217,-0.28096,-0.03713,-0.15071
20.4096,-0.08096,-1.67470,1.69138,-0.28943,-0.05854,-0.14662
20.4190,-0.00670,-2.52781,1.98920,-0.28027,-0.05532,-0.14940
20.4292,-0.51381,-0.91515,1.58582,-0.31068,-0.08305,-0.14971
20.4392,-0.32743,-3.05606,2.35045,-0.25585,-0.05577,-0.14992
20.4492,-0.97865,-2.27960,1.98667,-0.27173,-0.08319,-0.14440
20.4589,-0.90977,-2.06024,2.18679,-0.26668,-0.07641,-0.14714
20.4690,-0.95175,-2.23980,1.81302,-0.27285,-0.06295,-0.15447
20.4793,-1.33694,-2.96158,2.16582,-0.25540,-0.07121,-0.14545
20.4891,-1.35485,-2.47825,2.27269,-0.25738,-0.08061,-0.14745
20.4991,-0.98442,-2.60391,2.64932,-0.26219,-0.06751,-0.14831
20.5090,-0.46840,-2.92597,2.55118,-0.25425,-0.06069,-0.15484
20.5189,-1.06023,-3.20257,3.03684,-0.25104,-0.09786,-0.14903
20.5290,-0.24259,-1.69599,2.68484,-0.29212,-0.04696,-0.14729
20.5388,-0.02005,-2.70317,2.81221,-0.24286,-0.05492,-0.14908
20.5493,-0.21283,-1.91236,2.48700,-0.27153,-0.04117,-0.14835
20.5589,-0.16894,-2.59805,2.86934,-0.25692,-0.05365,-0.14926
20.5692,1.05981,-1.70024,2.02471,-0.27996,-0.01039,-0.14750
20.5792,0.01282,-2.47290,2.28871,-0.24919,-0.03139,-0.14458
20.5894,1.05148,-1.72298,2.32480,-0.28506,-0.01181,-0.14190
20.5990,0.55366,-2.53715,3.12193,-0.26146,-0.02169,-0.14591
20.6094,1.29364,-2.06189,2.15242,-0.27923,-0.00510,-0.13936
20.6191,0.46879,-2.73706,2.84163,-0.24834,-0.02516,-0.14484
20.6291,0.65835,-1.36591,1.90649,-0.29039,-0.01659,-0.14766
20.6392,0.88898,-2.83903,2.42256,-0.24825,-0.02898,-0.14611
20.6491,0.25799,-1.78441,2.14628,-0.28420,-0.04081,-0.14185
20.6591,0.42339,-2.35856,3.08194,-0.25319,-0.03458,-0.14618
20.6692,0.03000,-1.87706,2.64250,-0.27843,-0.03608,-0.14026
20.6791,0.02036,-2.97499,3.08283,-0.23785,-0.03567,-0.13774
20.6894,-0.52663,-2.00592,2.45900,-0.26854,-0.04885,-0.13479
20.6991,-0.08627,-2.54922,2.56556,-0.25046,-0.01759,-0.12644
20.7091,-0.44257,-1.70382,1.66702,-0.28344,-0.03674,-0.12353
20.7193,-0.05922,-2.94904,2.79164,-0.24634,-0.04997,-0.11455
20.7292,-0.23468,-1.85007,2.45747,-0.29834,-0.03659,-0.11132
20.7393,0.17149,-2.82625,2.72511,-0.24336,-0.03069,-0.09461
20.7494,-0.31137,-1.74467,2.46785,-0.29020,-0.03685,-0.08642
20.7592,0.66144,-2.99872,3.71672,-0.25050,-0.02670,-0.07691
20.7693,0.35433,-1.64607,2.61474,-0.29058,-0.02753,-0.06574
20.7790,0.43899,-3.16574,2.23995,-0.24776,-0.03013,-0.06923
20.7891,-0.08504,-1.73708,1.89565,-0.30056,-0.03835,-0.06726
20.7990,0.41217,-2.90110,2.45886,-0.25681,-0.01472,-0.05767
20.8094,0.29703,-2.10011,1.62782,-0.28303,-0.03422,-0.04896
20.8191,0.06975,-3.42048,2.57240,-0.23849,-0.03848,-0.04242
20.8290,-0.59666,-1.69848,2.06013,-0.28626,-0.04285,-0.04520
20.8391,0.32934,-4.06258,2.89314,-0.22640,-0.02727,-0.03782
20.8494,-0.79095,-2.29683,2.35191,-0.27944,-0.06449,-0.03899
20.8590,0.00729,-3.44843,3.14257,-0.23922,-0.04687,-0.03633
20.8695,-0.67451,-2.05353,2.08561,-0.28006,-0.05414,-0.03736
20.8790,0.18150,-3.43143,2.13585,-0.23394,-0.04497,-0.03167
20.8894,-0.52908,-1.91576,1.79001,-0.27992,-0.05707,-0.02134
20.8992,0.15095,-3.12577,2.08896,-0.24355,-0.02902,-0.02171
20.9092,-0.38638,-1.95051,1.16844,-0.28032,-0.04209,-0.02466
20.9192,-0.11323,-3.25105,2.29039,-0.25721,-0.03685,-0.01761
20.9293,-0.06484,-1.11074,1.77525,-0.30411,-0.03089,-0.02629
20.9392,0.27825,-3.55407,2.29008,-0.24522,-0.01784,-0.04059
20.9495,-0.15457,-1.43678,1.36723,-0.28838,-0.04274,-0.03475
20.9590,0.55085,-3.31498,3.08602,-0.24604,-0.02386,-0.02818
20.9694,0.00466,-1.63702,1.95707,-0.28656,-0.04012,-0.03068
20.9790,0.29400,-2.83668,1.76794,-0.26287,-0.02994,-0.03854
20.9892,-0.26809,-1.23221,2.80002,-0.29569,-0.04179,-0.04507
20.9990,0.51356,-2.19143,4.43081,-0.25951,-0.01186,-0.04354
21.0090,0.25673,-2.13454,3.66364,-0.28229,-0.03530,-0.05486
21.0191,0.42569,-3.64898,4.99621,-0.21756,-0.03441,-0.06895
21.0290,-0.38748,-1.02292,3.53035,-0.31605,-0.04068,-0.07158
21.0390,0.84707,-4.24782,4.35180,-0.20707,-0.02011,-0.07164
21.0491,-0.79334,-1.78011,2.61806,-0.26433,-0.06144,-0.08492
21.0590,0.32792,-2.96881,2.77495,-0.23843,-0.01989,-0.08999
21.0691,-0.71846,-1.05243,0.94956,-0.29159,-0.07348,-0.09960
21.0792,0.36883,-3.08193,0.99096,-0.23088,-0.01945,-0.09652
21.0893,-1.02116,-1.61510,0.87718,-0.28573,-0.07732,-0.10156
21.0991,0.66651,-2.32074,1.74617,-0.26798,-0.01770,-0.10381
21.1092,-0.57643,-2.03725,1.17016,-0.28096,-0.05163,-0.11728
21.1194,0.10147,-3.57555,3.18393,-0.21845,-0.02906,-0.11359
21.1290,-0.54811,-0.70454,2.47111,-0.31941,-0.05512,-0.11787
21.1393,0.54081,-4.28474,2.92604,-0.22533,-0.02542,-0.12253
21.1492,-0.89583,-1.18550,1.67026,-0.29904,-0.06680,-0.13001
21.1594,0.22297,-2.84174,2.76817,-0.25492,-0.02811,-0.12393
21.1695,-0.22848,-1.63932,1.67074,-0.28198,-0.05067,-0.12559
21.1791,0.22837,-3.20360,1.06213,-0.23585,-0.05143,-0.13634
21.1893,-0.76899,-1.22013,1.21312,-0.29244,-0.05592,-0.13324
21.1991,0.17828,-2.33727,2.85966,-0.24663,-0.03552,-0.12961
21.2091,-0.20361,-1.85933,1.88727,-0.28744,-0.03518,-0.13283
21.2192,-0.02758,-3.00592,3.06729,-0.24523,-0.04732,-0.13692
21.2293,-0.32177,-1.09416,2.37939,-0.30592,-0.04507,-0.13199
21.2392,0.86612,-3.92548,3.33584,-0.21430,-0.00774,-0.13659
21.2492,-0.91336,-2.78377,1.75323,-0.24828,-0.07962,-0.13884
21.2591,0.20042,-2.11899,0.56088,-0.27403,-0.02224,-0.14002
21.2693,-1.12323,-2.19208,-0.72364,-0.26390,-0.08630,-0.14377
21.2796,-0.02574,-2.39659,-0.71450,-0.26130,-0.03520,-0.13710
21.2891,-1.06686,-2.01720,0.88533,-0.25756,-0.06233,-0.13596
21.2991,0.76477,-2.89730,2.31607,-0.24661,-0.01639,-0.13107
21.3093,-0.36452,-3.01066,3.06024,-0.24763,-0.04617,-0.14470
21.3190,-1.11159,-2.79155,4.84859,-0.25451,-0.07718,-0.14336
21.3291,-0.34777,-1.87492,4.59981,-0.27977,-0.05190,-0.13905
21.3390,-1.09964,-3.26497,4.86489,-0.23494,-0.06284,-0.14058
21.3491,-2.34862,-0.95078,3.37805,-0.29955,-0.09303,-0.13485
21.3591,-2.43660,-2.88391,3.39907,-0.26246,-0.13667,-0.13689
21.3693,-1.45572,-1.08693,2.03176,-0.30403,-0.07300,-0.11246
21.3793,-2.54614,-2.41898,2.14492,-0.26577,-0.11749,-0.09393
21.3892,-4.08049,-0.76481,2.15520,-0.31295,-0.17842,-0.08035
21.3991,-2.75126,-3.18539,2.92363,-0.25211,-0.16914,-0.06003
21.4095,-0.12897,-2.03469,2.44296,-0.27934,-0.03754,-0.02172
21.4193,-3.07270,-2.27853,3.81177,-0.27159,-0.15159,-0.00122
21.4293,-0.94896,-1.72867,2.58612,-0.29820,-0.04691,0.03127
21.4391,-0.55707,-3.15208,2.52163,-0.25665,-0.05940,0.05357
21.4491,1.41213,-1.75006,1.15807,-0.28293,0.03720,0.05304
21.4591,0.29603,-3.22697,1.75458,-0.24245,-0.01983,0.06355
21.4695,2.25319,-2.52151,0.27429,-0.27038,0.03976,0.05591
21.4793,1.74384,-2.96431,0.62535,-0.25202,0.02409,0.05225
21.4890,2.21022,-2.42325,0.59286,-0.28595,0.06092,0.05529
21.4992,1.79245,-3.27218,1.55883,-0.25892,0.04438,0.05979
21.5093,2.94890,-2.24763,0.94633,-0.28528,0.06341,0.05921
21.5192,1.75639,-3.95999,1.64512,-0.22962,0.03287,0.05101
21.5293,2.11648,-2.06970,0.43347,-0.30058,0.04938,0.04561
21.5396,1.23343,-3.65490,0.18970,-0.25140,0.01471,0.05080
21.5494,0.50471,-1.69249,0.43041,-0.29860,0.00455,0.04449
21.5590,0.02228,-2.47962,1.97748,-0.27737,-0.01246,0.04941
21.5693,0.44027,-2.23089,1.95179,-0.28728,-0.00492,0.05035
21.5791,0.01427,-3.13081,2.74718,-0.25938,-0.02132,0.04524
21.5891,-0.81827,-2.08934,3.35447,-0.30282,-0.02796,0.04284
21.5992,0.17808,-2.50059,4.41789,-0.27004,-0.02707,0.05035
21.6091,-0.50095,-2.11248,3.64511,-0.29549,-0.03525,0.04614
21.6191,-0.81677,-3.24708,4.73891,-0.26007,-0.03684,0.05003
21.6291,-1.11837,-0.96511,3.59811,-0.31659,-0.05149,0.04962
21.6391,0.00856,-2.97567,4.05867,-0.25606,-0.01212,0.04212
21.6493,-1.37524,-1.60278,2.79403,-0.29556,-0.05952,0.04619
21.6589,-0.61951,-2.73250,2.94312,-0.28587,-0.01568,0.04752
21.6695,-0.85210,-1.53831,1.61721,-0.31586,-0.04981,0.04824
21.6789,0.24477,-3.25370,1.63390,-0.25498,-0.01109,0.04828
21.6891,-0.69479,-2.06593,0.94191,-0.30061,-0.03660,0.05010
21.6990,0.34932,-3.07097,1.36014,-0.26804,-0.00783,0.05181
21.7091,-0.67913,-2.50868,0.91488,-0.29128,-0.03174,0.04513
21.7191,0.04492,-3.06331,1.71603,-0.26010,-0.03424,0.04322
21.7291,0.06135,-2.60913,1.28319,-0.28333,-0.00835,0.04860
21.7391,0.32914,-3.98230,1.89538,-0.23446,-0.01862,0.04593
21.7491,-0.70953,-1.85373,1.60891,-0.29136,-0.03308,0.04035
21.7590,-0.35007,-2.96674,2.32651,-0.26436,-0.02416,0.03690
21.7692,-0.21030,-2.15851,1.68368,-0.28956,-0.02394,0.04463
21.7790,-0.46119,-3.45835,1.72420,-0.25686,-0.03432,0.03694
21.7892,-3.56239,-1.56604,2.64533,-0.31655,-0.13784,0.03092
21.7992,-1.61147,-3.13344,4.13471,-0.26979,-0.08481,0.03703
21.8091,-2.39102,-2.59620,3.69468,-0.28634,-0.08314,0.03665
21.8189,-5.92414,-2.88390,4.33594,-0.26600,-0.26846,0.04094
21.8292,-3.55930,-2.09386,2.97641,-0.29218,-0.11607,0.03795
21.8389,-4.80437,-3.29230,2.52458,-0.27330,-0.23527,0.03014
21.8489,-2.65118,-2.65357,1.28871,-0.27182,-0.09871,0.04033
21.8591,-7.48234,-2.75864,1.55864,-0.26381,-0.32151,0.03592
21.8691,-0.62277,-2.02874,0.19489,-0.30472,0.00290,0.05706
21.8792,-3.74574,-3.20601,0.53333,-0.26964,-0.19607,0.03392
21.8892,0.59621,-2.45255,0.31553,-0.28918,-0.01571,0.04128
21.8990,-0.99655,-3.43663,1.77344,-0.25818,-0.07946,0.04790
21.9092,3.05227,-2.15159,1.22364,-0.28504,0.08329,0.05579
21.9192,0.21743,-2.95373,2.23069,-0.27487,-0.04435,0.04135
21.9291,3.04107,-2.06844,1.75039,-0.28375,0.08485,0.04157
21.9392,2.28356,-2.96788,2.42658,-0.26101,0.06212,0.04763
21.9493,3.24836,-2.20108,2.52512,-0.28971,0.08736,0.04579
21.9593,2.02220,-2.82143,3.55842,-0.27002,0.02594,0.03276
21.9692,4.37958,-1.88395,2.43010,-0.30241,0.14668,0.02571
21.9791,3.53520,-3.32620,2.98113,-0.25932,0.08661,0.00989
21.9894,3.69512,-1.49735,3.02087,-0.30000,0.09473,-0.00871
21.9992,2.21854,-2.23804,3.52803,-0.28080,0.06903,-0.03966
22.0092,2.77754,-2.00334,2.93505,-0.29021,0.07083,-0.06240
22.0192,0.38515,-1.93882,3.11768,-0.29675,-0.01135,-0.08771
22.0292,0.41115,-0.20971,1.65798,-0.33924,-0.00526,-0.12599
22.0391,0.57879,-2.52666,2.33644,-0.25810,-0.00770,-0.16636
22.0495,-0.88262,-1.79906,1.60790,-0.28147,-0.05749,-0.17328
22.0591,-1.73217,-2.31975,1.95698,-0.27438,-0.10566,-0.16765
22.0690,-0.82282,-2.35118,1.37306,-0.28178,-0.03556,-0.16424
22.0792,-1.22453,-3.02431,1.68802,-0.25320,-0.07726,-0.16574
22.0891,-2.78275,-1.85398,1.36551,-0.27569,-0.14715,-0.17037
22.0994,-3.24456,-3.04931,1.97187,-0.24519,-0.15149,-0.16698
22.1091,-1.30942,-2.89175,1.29400,-0.27600,-0.05463,-0.15937
22.1191,-4.62612,-3.16140,1.82439,-0.25431,-0.21850,-0.17855
22.1292,-1.08622,-2.35510,1.49093,-0.26721,-0.06204,-0.16406
22.1390,-1.65173,-2.93955,1.79891,-0.25290,-0.11157,-0.16449
22.1494,0.13964,-2.32478,2.03629,-0.28371,-0.01077,-0.15930
22.1592,-2.34968,-2.92934,3.36470,-0.25525,-0.15847,-0.16871
22.1694,1.92650,-2.03193,3.20205,-0.28904,0.03430,-0.16248
22.1791,-0.29362,-3.31806,3.67209,-0.23818,-0.04918,-0.15957
22.1893,0.00191,-1.81313,3.61934,-0.28107,-0.04062,-0.16354
22.1991,-0.28511,-2.11388,4.01656,-0.28241,-0.05299,-0.16000
22.2094,2.07550,-1.88242,3.08665,-0.27788,0.02298,-0.15597
22.2193,-0.28713,-2.75332,3.92047,-0.25312,-0.06016,-0.15928
22.2293,0.43432,-1.00915,2.65514,-0.30517,-0.01665,-0.16126
22.2392,0.99611,-2.80679,2.99805,-0.25935,-0.01880,-0.15154
22.2492,1.19907,-2.06892,1.80790,-0.28845,0.00463,-0.15517
22.2591,-0.50236,-2.07563,1.99528,-0.27355,-0.06715,-0.15802
22.2693,1.96986,-1.48172,1.02043,-0.29536,0.01958,-0.15311
22.2792,0.87641,-2.91235,1.30699,-0.25933,-0.04598,-0.15386
22.2893,0.39882,-1.91901,0.89759,-0.27143,-0.04284,-0.16017
22.2992,-0.78180,-2.89464,1.56730,-0.24399,-0.05679,-0.14989
22.3093,0.54632,-2.35835,0.91412,-0.26711,-0.00869,-0.15618
22.3191,-1.95222,-3.07377,1.44760,-0.24816,-0.14275,-0.17218
22.3293,-0.79348,-2.60588,1.54702,-0.26007,-0.04528,-0.15244
22.3391,-1.94602,-3.20298,2.03880,-0.24067,-0.10084,-0.15832
22.3490,-1.34343,-2.45288,1.90838,-0.26211,-0.07219,-0.16360
22.3591,-3.46603,-2.60154,2.40871,-0.25576,-0.19527,-0.17475
22.3693,1.01449,-2.31225,2.06196,-0.25583,0.01785,-0.15924
22.3791,-1.49696,-2.98101,2.48104,-0.24768,-0.10555,-0.15601
22.3894,-1.17319,-1.60260,1.88432,-0.27959,-0.07647,-0.16544
22.3991,-1.58893,-2.60873,2.33679,-0.26265,-0.13458,-0.17530
22.4090,1.85822,-2.57902,2.22988,-0.27115,0.06205,-0.15297
22.4192,-2.09958,-2.10806,2.34601,-0.25880,-0.14262,-0.16882
22.4293,1.51246,-1.76849,1.79115,-0.27731,0.01717,-0.15514
22.4393,0.28590,-2.30817,2.03993,-0.26640,-0.07029,-0.16121
22.4492,1.69041,-2.35494,2.05735,-0.27278,0.01762,-0.16002
22.4590,-1.23999,-2.35432,2.73470,-0.25613,-0.10597,-0.15880
22.4693,2.65807,-2.29206,2.53139,-0.27273,0.06417,-0.14885
22.4791,0.10578,-2.86031,2.50127,-0.25798,-0.04745,-0.16187
22.4893,1.18947,-2.10646,2.16943,-0.27023,-0.01090,-0.16403
22.4991,1.03235,-2.11906,2.19668,-0.25915,-0.03532,-0.15303
22.5093,2.25859,-2.76521,2.17997,-0.25829,0.05838,-0.15337
22.5193,0.02953,-2.52763,2.45562,-0.26327,-0.06842,-0.15536
22.5294,1.59650,-1.68580,2.01141,-0.28174,0.03022,-0.15073
22.5392,1.06629,-2.47655,2.62566,-0.26143,-0.01330,-0.15639
22.5493,0.85167,-1.92703,2.49337,-0.26908,-0.00543,-0.15271
22.5594,-0.48430,-2.26851,3.22173,-0.25793,-0.06120,-0.16356
22.5694,1.50931,-2.64919,3.19707,-0.25938,0.03603,-0.15802
22.5793,-0.00701,-2.96209,3.48832,-0.24731,-0.03160,-0.15560
22.5895,-1.29222,-1.52478,3.39073,-0.28508,-0.10354,-0.16383
22.5990,-0.84038,-2.56113,3.68076,-0.26723,-0.08211,-0.16534
22.6091,-0.04528,-1.82877,3.39310,-0.27558,-0.03431,-0.15304
22.6190,-2.49630,-2.36997,3.21813,-0.25829,-0.13873,-0.16294
22.6291,-0.95104,-1.30632,1.94576,-0.29235,-0.06372,-0.16375
22.6392,-0.98516,-2.32927,2.04887,-0.26488,-0.08982,-0.15635
22.6493,-0.39554,-2.15728,1.42469,-0.26684,-0.04075,-0.16015
22.6591,-1.06504,-2.08203,1.55148,-0.26115,-0.09834,-0.15813
22.6693,1.53307,-1.95854,1.32872,-0.27141,0.02577,-0.15303
22.6790,0.31090,-2.64214,1.76373,-0.26393,-0.06399,-0.16598
22.6890,1.73304,-2.03512,1.14222,-0.27239,0.01888,-0.16166
22.6994,0.96314,-2.39295,1.24654,-0.26294,-0.01960,-0.16044
22.7091,2.28842,-2.22811,1.22975,-0.27040,0.04513,-0.15376
22.7197,0.46951,-2.76642,1.59754,-0.24993,-0.03571,-0.15828
22.7291,2.06394,-2.01839,1.33053,-0.27212,0.01454,-0.15041
22.7391,0.72311,-2.52455,1.88224,-0.26344,-0.01406,-0.14935
22.7492,1.05866,-2.13517,1.73090,-0.26224,0.01085,-0.15612
22.7591,-0.08587,-2.50388,2.10412,-0.25904,-0.04838,-0.15469
22.7691,1.11866,-2.43422,2.03385,-0.26234,-0.00091,-0.15125
22.7791,-0.05705,-2.57047,2.54546,-0.26118,-0.02794,-0.15617
22.7891,0.03114,-1.98675,2.48977,-0.26968,-0.03518,-0.15386
22.7990,-0.22977,-2.12740,2.83379,-0.26633,-0.04544,-0.15382
22.8093,0.19768,-2.23559,3.15609,-0.26476,-0.02359,-0.15555
22.8191,-0.38986,-2.19413,3.10571,-0.26575,-0.04940,-0.15293
22.8290,0.14010,-2.02351,2.73295,-0.26970,-0.03249,-0.15640
22.8390,-0.09038,-2.24063,2.53941,-0.26676,-0.04303,-0.15685
22.8493,-0.07463,-2.17861,2.49948,-0.25822,-0.02335,-0.15893
22.8591,-0.34428,-2.03530,2.39698,-0.26661,-0.06238,-0.15409
22.8695,0.08166,-2.14212,2.26768,-0.25552,-0.02822,-0.16165
22.8793,-0.14121,-2.46375,2.35912,-0.26518,-0.04860,-0.15476
22.8892,-0.37753,-2.03813,2.13163,-0.26736,-0.05134,-0.15578
22.8991,-0.55503,-2.47968,2.52039,-0.25110,-0.07336,-0.15281
22.9090,-0.31221,-2.50476,2.33137,-0.26446,-0.04092,-0.15528
22.9193,-1.28385,-2.68573,2.16137,-0.25493,-0.08201,-0.15848
22.9289,-0.52230,-2.21150,2.21799,-0.26467,-0.04565,-0.15186
22.9390,-0.53604,-2.14399,2.49921,-0.26191,-0.06815,-0.14965
22.9491,0.07176,-2.07369,2.48730,-0.26802,-0.05148,-0.15258
22.9589,-0.93460,-2.10829,2.63402,-0.27084,-0.06682,-0.15892
22.9695,0.42373,-2.38020,2.40152,-0.26709,-0.01702,-0.15235
22.9791,0.02279,-2.16178,2.43691,-0.26729,-0.03752,-0.15187
22.9892,-0.05619,-1.99600,2.30495,-0.27770,-0.03597,-0.15461
22.9992,-0.10839,-2.39999,2.35172,-0.26295,-0.04736,-0.15703
23.0090,0.53693,-2.51862,2.38588,-0.27015,-0.02193,-0.15058
23.0190,-0.82779,-2.41381,2.46946,-0.26574,-0.06950,-0.15218
23.0291,-0.48702,-2.23321,2.29639,-0.26488,-0.02665,-0.15606
23.0392,-0.45724,-2.72676,2.32361,-0.26463,-0.04523,-0.15373
23.0493,-0.32498,-2.40800,2.10871,-0.26087,-0.02666,-0.15865
23.0591,-0.50163,-2.45698,2.09438,-0.26053,-0.05515,-0.15064
23.0693,0.64098,-2.29491,1.92721,-0.27068,-0.00587,-0.15157
23.0792,-0.24175,-2.46794,2.14465,-0.26393,-0.05699,-0.15460
23.0895,0.30170,-2.24918,2.27901,-0.26233,-0.03884,-0.14883
23.0991,-0.19819,-2.19559,2.53155,-0.26306,-0.05468,-0.14890
23.1090,0.33516,-2.36516,2.49464,-0.26829,-0.01950,-0.14864
23.1190,-0.62373,-2.19798,2.55686,-0.26496,-0.07442,-0.15298
23.1290,-0.16639,-2.30464,2.47682,-0.26517,-0.02027,-0.15176
23.1391,-0.28161,-2.24934,2.36906,-0.26200,-0.04121,-0.15589
23.1491,0.22808,-2.10527,2.25885,-0.26696,-0.01808,-0.15424
23.1592,0.30409,-2.05702,2.30277,-0.27300,-0.04199,-0.15311
23.1693,0.89732,-1.91531,2.25836,-0.27092,-0.00353,-0.14976
23.1791,0.50289,-2.47469,2.20461,-0.26860,-0.02511,-0.14934
23.1894,0.68915,-2.04836,2.14863,-0.27276,-0.01779,-0.15022
23.1993,-0.02088,-2.30491,2.10114,-0.26547,-0.03271,-0.15201
23.2093,0.43114,-2.12703,2.17396,-0.26430,-0.02043,-0.14825
23.2191,-0.27750,-2.22401,2.22611,-0.25601,-0.04017,-0.15158
23.2294,0.29800,-2.01438,2.23405,-0.26499,-0.02980,-0.14947
23.2390,-0.25907,-2.25997,2.30771,-0.26587,-0.04117,-0.14993
23.2492,0.06366,-2.21993,2.25704,-0.27122,-0.03075,-0.15082
23.2591,-0.62241,-2.35089,2.64252,-0.26581,-0.05852,-0.14826
23.2694,0.03467,-2.25296,2.35519,-0.25909,-0.03831,-0.15199
23.2790,-0.42024,-2.43627,2.49527,-0.27211,-0.05368,-0.14974
23.2894,-0.76825,-2.55946,2.54114,-0.26206,-0.06868,-0.15256
23.2991,-1.29445,-2.26193,2.69805,-0.25935,-0.08680,-0.15474
23.3093,-0.82377,-2.50546,2.65849,-0.25477,-0.05873,-0.15116
23.3193,-1.39575,-2.49467,2.43084,-0.26133,-0.11396,-0.15927
23.3294,-1.03101,-2.15159,2.40643,-0.24952,-0.06808,-0.15714
23.3393,-1.22904,-2.30379,2.37880,-0.26340,-0.07759,-0.15434
23.3492,-1.15911,-2.34897,2.34838,-0.26400,-0.06860,-0.15319
23.3593,-1.53479,-2.20804,2.42610,-0.25723,-0.10819,-0.16117
23.3693,-0.36969,-2.43040,2.62170,-0.25533,-0.03516,-0.14964
23.3792,-1.11397,-2.38630,2.58279,-0.26028,-0.06701,-0.15096
23.3891,-0.81437,-1.54614,2.13125,-0.27747,-0.04803,-0.15762
23.3995,-1.03314,-1.79665,2.28633,-0.26744,-0.07633,-0.16184
23.4093,1.00757,-2.32417,2.15526,-0.26349,-0.00879,-0.14828
23.4190,-0.87664,-1.51459,1.98176,-0.28707,-0.08890,-0.15904
23.4292,0.91223,-1.80785,2.21247,-0.27363,0.00085,-0.15516
23.4393,-0.23159,-2.06210,2.01240,-0.28176,-0.06653,-0.15812
23.4491,1.32433,-2.27543,1.99043,-0.27356,-0.00712,-0.15839
23.4593,-0.66370,-1.87486,1.96215,-0.27874,-0.07377,-0.15786
23.4690,1.92386,-2.23940,2.10874,-0.27041,0.03399,-0.14973
23.4793,-0.39739,-1.83596,2.27205,-0.27714,-0.07504,-0.16663
23.4894,0.69199,-2.49450,2.38357,-0.26963,-0.01451,-0.16229
23.4991,-0.67982,-2.03415,2.82563,-0.26676,-0.07836,-0.15274
23.5092,0.82907,-2.57585,3.02836,-0.25669,0.01586,-0.15845
23.5191,-1.42121,-2.39044,3.03822,-0.26863,-0.12582,-0.16676
23.5289,0.27997,-2.33625,3.12033,-0.26408,-0.01718,-0.16119
23.5391,-0.54067,-2.55730,2.90831,-0.25969,-0.05980,-0.15516
23.5491,-0.65938,-2.04451,2.49386,-0.27080,-0.04261,-0.15980
23.5592,-1.64868,-2.74952,2.58461,-0.26065,-0.11394,-0.17044
23.5688,0.43929,-2.94239,2.60137,-0.24972,-0.00841,-0.15438
23.5793,-1.27306,-2.84223,2.77914,-0.25199,-0.06113,-0.15892
23.5893,-1.12085,-2.59892,2.58838,-0.26723,-0.06031,-0.16534
23.5990,-0.79525,-2.99058,2.97367,-0.26720,-0.07629,-0.16572
23.6093,0.99247,-2.88277,2.85164,-0.25501,-0.00839,-0.15387
23.6192,-0.85431,-2.32178,2.48711,-0.25367,-0.09848,-0.15835
23.6291,1.15060,-2.42176,2.25348,-0.27013,0.00627,-0.15586
23.6391,-0.09245,-2.38404,2.17630,-0.25503,-0.05839,-0.16095
23.6491,1.20114,-2.39475,1.82134,-0.26627,-0.00414,-0.15440
23.6592,-0.72433,-2.44072,2.20352,-0.27417,-0.08205,-0.15809
23.6691,1.79211,-2.54840,2.09916,-0.26781,0.03721,-0.15392
23.6793,-0.41585,-2.46933,2.41151,-0.27039,-0.07261,-0.16017
23.6893,0.72455,-2.05860,2.39547,-0.27381,-0.00260,-0.15995
23.6989,0.04278,-2.22678,3.02885,-0.26608,-0.06542,-0.15685
23.7090,1.23890,-1.89642,2.64604,-0.27325,0.01411,-0.15690
23.7194,-0.56833,-2.05321,2.74916,-0.27158,-0.08960,-0.16318
23.7295,1.31275,-1.71417,2.42341,-0.28636,0.01310,-0.16209
23.7390,0.04575,-2.34788,2.80129,-0.26879,-0.03778,-0.15782
23.7491,1.20774,-1.67731,2.37747,-0.28844,0.00286,-0.16344
23.7593,0.36918,-1.96795,2.61014,-0.27783,-0.05158,-0.16657
23.7690,1.29816,-2.19377,2.33847,-0.28330,0.01655,-0.17314
23.7791,0.61336,-2.05069,2.41743,-0.26784,-0.03006,-0.16938
23.7894,0.58223,-1.17919,1.32732,-0.30012,-0.01367,-0.17932
23.7993,0.33046,-2.27869,1.44211,-0.26711,-0.04596,-0.17613
23.8094,0.47840,-2.17328,1.50245,-0.26249,-0.02985,-0.16791
23.8191,-1.40795,-1.55196,0.95997,-0.30317,-0.09298,-0.17166
23.8297,-1.32721,-2.38038,1.38766,-0.27149,-0.07142,-0.17615
23.8393,-1.59320,-2.55430,1.55897,-0.26632,-0.09596,-0.16854
23.8492,-1.84627,-2.68309,1.87899,-0.25728,-0.09985,-0.16948
23.8593,-3.30497,-2.28509,2.17314,-0.26357,-0.17388,-0.17204
23.8692,-0.66300,-2.69114,2.44140,-0.25735,-0.04957,-0.16830
23.8791,-2.24134,-2.89566,2.58644,-0.27430,-0.13322,-0.17455
23.8892,-1.09785,-2.93242,3.04919,-0.25073,-0.07514,-0.16603
23.8989,-1.91606,-2.83453,3.52565,-0.25796,-0.11660,-0.16367
23.9092,1.04438,-3.51382,3.61837,-0.25484,0.00903,-0.15975
23.9194,-1.41176,-2.72290,3.40370,-0.27584,-0.13169,-0.16676
23.9295,1.31950,-2.35255,3.31845,-0.28155,0.00695,-0.15557
23.9393,0.64478,-2.33048,3.49568,-0.27454,-0.04770,-0.15568
23.9492,1.11611,-2.58158,3.34150,-0.28506,0.00786,-0.16247
23.9592,-0.61650,-2.24709,3.44926,-0.28111,-0.09583,-0.15989
23.9692,2.03887,-2.51634,3.16972,-0.28243,0.03246,-0.15224
23.9791,0.55863,-2.61993,3.23284,-0.27017,-0.02900,-0.14929
23.9890,1.92462,-2.23003,2.17772,-0.28802,0.01982,-0.15305
23.9991,0.49952,-2.57836,2.32058,-0.28471,-0.03818,-0.15862
24.0090,2.42107,-2.54239,1.88857,-0.27825,0.04086,-0.15554
24.0194,0.24351,-2.55752,1.95013,-0.27723,-0.04374,-0.16051
24.0292,1.71422,-2.22252,2.04345,-0.28585,0.01683,-0.15595
24.0393,0.35644,-2.83034,2.37425,-0.27342,-0.04461,-0.16134
24.0494,0.52646,-2.26922,1.90136,-0.27771,-0.02734,-0.16247
24.0592,-1.50188,-2.21885,1.80979,-0.28779,-0.12583,-0.15924
24.0690,-0.18077,-2.24244,1.87985,-0.27809,-0.04791,-0.16141
24.0791,-1.16529,-2.36873,1.92941,-0.26716,-0.09897,-0.16905
24.0891,-1.35506,-2.32868,1.73459,-0.26878,-0.09372,-0.16353
24.0990,-1.64224,-2.21406,1.88158,-0.27535,-0.10241,-0.16093
24.1090,-0.19259,-2.34213,1.80711,-0.28186,-0.04343,-0.15953
24.1191,-1.44088,-1.70259,1.65440,-0.29063,-0.12474,-0.16814
24.1292,0.01876,-2.61442,1.83127,-0.27298,-0.04763,-0.15732
24.1394,0.31323,-2.55277,1.90818,-0.27762,-0.06624,-0.16495
24.1491,-0.08305,-2.58492,1.87763,-0.28419,-0.04199,-0.16337
24.1593,-1.05320,-2.72055,2.13023,-0.27325,-0.09656,-0.16646
24.1692,1.17653,-2.63562,2.43150,-0.27012,-0.01720,-0.15180
24.1791,-0.16085,-3.03658,2.78747,-0.26326,-0.07582,-0.15155
24.1891,-2.33113,-1.49011,3.50756,-0.29871,-0.13821,-0.16315
24.1991,-1.61110,-2.16221,4.22030,-0.28778,-0.12334,-0.15851
24.2091,-0.78047,-2.62211,4.65283,-0.27180,-0.06813,-0.15286
24.2192,-3.36704,-2.18806,4.56312,-0.28110,-0.16116,-0.16120
24.2294,-1.22916,-1.26374,3.78131,-0.30691,-0.05690,-0.15984
24.2390,-1.45595,-2.29564,3.79510,-0.27701,-0.11081,-0.16451
24.2491,0.28488,-2.23759,2.96209,-0.28348,-0.02952,-0.15938
24.2591,-1.86957,-1.93894,2.78951,-0.29225,-0.12126,-0.15521
24.2694,2.81219,-2.30330,2.06802,-0.27842,0.05521,-0.15320
24.2790,-0.40234,-2.28239,2.20833,-0.27522,-0.10321,-0.16422
24.2895,2.69741,-2.42842,1.41652,-0.28723,0.05799,-0.15451
24.2990,0.12572,-3.11047,1.64788,-0.27148,-0.05106,-0.15082
24.3094,3.40763,-2.87350,1.01408,-0.27138,0.07022,-0.15063
24.3191,-0.69300,-3.01760,1.39893,-0.27462,-0.10966,-0.16199
24.3291,2.65476,-3.08586,0.82024,-0.26916,0.04683,-0.15180
24.3392,0.44367,-3.29812,1.16504,-0.26161,-0.04832,-0.15358
24.3491,1.53137,-2.82772,1.24028,-0.27320,-0.00702,-0.15454
24.3591,-1.36704,-2.94675,2.21411,-0.26681,-0.09923,-0.16251
24.3692,1.57716,-2.72296,2.39757,-0.27191,0.01477,-0.14635
24.3791,0.08612,-2.98579,2.83993,-0.26061,-0.03761,-0.15488
24.3892,-0.65086,-2.04038,3.27528,-0.28786,-0.06878,-0.16143
24.3991,-0.69589,-2.27230,3.86691,-0.29320,-0.07962,-0.16317
24.4091,0.58040,-2.20663,3.91073,-0.29087,-0.00364,-0.15325
24.4193,-2.59903,-2.49131,4.32107,-0.27250,-0.15656,-0.16345
24.4289,-0.56620,-1.02636,3.44212,-0.31936,-0.03927,-0.15759
24.4390,-1.48437,-2.82046,3.88787,-0.27416,-0.11721,-0.16196
24.4491,-1.06350,-1.68067,3.11526,-0.29618,-0.07385,-0.16411
24.4589,-3.84332,-1.11664,2.99778,-0.31234,-0.20718,-0.16795
24.4692,0.44574,-2.06693,2.51989,-0.29853,-0.00839,-0.15933
24.4790,-2.01938,-2.70228,2.43460,-0.28482,-0.13904,-0.16908
24.4892,-0.14432,-2.48312,1.72081,-0.29551,-0.05147,-0.17428
24.4990,-1.14812,-2.76099,2.02758,-0.28277,-0.09183,-0.16355
24.5092,2.73795,-2.80962,1.70508,-0.28114,0.05901,-0.16622
24.5192,-0.59963,-2.85461,2.01442,-0.27829,-0.12775,-0.18059
24.5292,3.28967,-2.68794,1.69908,-0.29163,0.06666,-0.16616
24.5391,1.14883,-3.31594,2.12082,-0.27475,-0.02794,-0.15979
24.5491,2.47285,-3.06674,1.78310,-0.28094,0.03747,-0.16043
24.5592,0.06479,-2.59726,1.97829,-0.29573,-0.08816,-0.16191
24.5690,2.87314,-3.22459,2.15031,-0.27808,0.05015,-0.15321
24.5792,0.79374,-3.26095,2.31854,-0.28557,-0.03567,-0.14954
24.5892,0.92001,-2.48440,2.19959,-0.29849,-0.04138,-0.15601
24.5991,-0.01583,-2.88006,2.81048,-0.28708,-0.05776,-0.15851
24.6095,1.08067,-2.84078,2.60882,-0.30138,-0.02072,-0.15206
24.6193,-0.47345,-2.62010,2.60446,-0.29343,-0.08023,-0.15335
24.6294,0.58761,-2.37086,2.51637,-0.31062,-0.02919,-0.15475
24.6393,0.22506,-3.02357,2.76834,-0.29366,-0.07026,-0.15550
24.6491,-0.06829,-2.79754,2.53821,-0.30094,-0.07094,-0.15487
24.6592,-1.71007,-2.10509,2.54241,-0.31578,-0.15529,-0.15781
24.6693,0.45131,-2.52677,2.60939,-0.30183,-0.02945,-0.14690
24.6792,-1.15849,-2.56043,2.54344,-0.30737,-0.11262,-0.15665
24.6891,-1.22200,-2.61612,2.51512,-0.30796,-0.09492,-0.15946
24.6994,-1.65573,-1.99854,2.90638,-0.31355,-0.11567,-0.14611
24.7092,0.34162,-3.17348,2.95610,-0.29866,-0.02712,-0.15582
24.7193,-1.59836,-2.42258,2.82611,-0.31072,-0.14869,-0.15770
24.7295,0.57171,-2.79218,2.82423,-0.30501,-0.03091,-0.14803
24.7391,-0.07032,-2.89981,3.14550,-0.29479,-0.07410,-0.14720
24.7493,0.83294,-2.38325,2.65410,-0.30217,-0.03310,-0.14984
24.7591,-1.02322,-2.17231,2.70567,-0.32113,-0.12932,-0.15557
24.7692,2.11338,-2.90594,2.68195,-0.29648,0.01708,-0.14635
24.7792,0.01182,-2.86297,3.00346,-0.29226,-0.06484,-0.15014
24.7892,0.23467,-1.78908,2.06198,-0.34088,-0.07129,-0.15174
24.7993,-0.78788,-2.38141,2.31329,-0.31031,-0.09252,-0.15315
24.8094,1.24885,-3.32731,2.40687,-0.29017,-0.02790,-0.14509
24.8192,-1.59495,-2.27713,1.83206,-0.31900,-0.12003,-0.15342
24.8292,0.65993,-2.64091,2.16907,-0.31707,-0.02986,-0.14710
24.8392,-0.84018,-2.79268,2.23867,-0.30440,-0.09967,-0.15748
24.8491,0.58840,-2.78576,1.93017,-0.29867,-0.05687,-0.15387
24.8592,-2.35815,-1.92919,2.17127,-0.31975,-0.15189,-0.15337
24.8693,1.82651,-3.18082,2.68382,-0.27946,0.01980,-0.14003
24.8794,-1.27986,-2.91068,2.67088,-0.30906,-0.11962,-0.15566
24.8892,0.23646,-2.30904,2.14891,-0.31515,-0.04321,-0.15540
24.8991,-1.02176,-1.83082,2.45598,-0.32054,-0.10309,-0.14612
24.9092,2.01085,-3.30721,2.36326,-0.29086,0.00891,-0.14780
24.9189,-1.74991,-1.28323,1.55498,-0.35699,-0.16076,-0.16128
24.9289,1.84961,-2.41000,2.32193,-0.31149,0.00153,-0.14720
24.9392,-0.05445,-1.97955,2.08880,-0.32464,-0.08387,-0.14168
24.9490,1.27906,-2.18894,2.09558,-0.32485,-0.01072,-0.14846
24.9592,-1.43843,-1.48919,1.97173,-0.35068,-0.14018,-0.16335
24.9690,1.87312,-3.68987,3.37519,-0.29337,0.03307,-0.14744
24.9790,0.19573,-2.63829,2.82150,-0.31023,-0.05464,-0.14823
24.9891,-1.33766,0.32984,1.22982,-0.40685,-0.08435,-0.16573
24.9991,-1.41608,-1.47418,1.43163,-0.36292,-0.14115,-0.17713
25.0092,0.99317,-3.27574,2.74140,-0.29752,-0.00587,-0.15107
25.0191,-2.61896,-0.79254,1.34002,-0.35365,-0.14752,-0.15959
25.0290,0.22969,-2.45718,2.64796,-0.32784,-0.01034,-0.16216
25.0391,-1.78607,-2.64459,3.03128,-0.33024,-0.13323,-0.17107
25.0492,1.87747,-3.73300,3.54485,-0.28082,0.02819,-0.17031
25.0591,-1.78168,-2.63365,3.86040,-0.30602,-0.13867,-0.16520
25.0690,3.62616,-4.56237,4.30212,-0.25948,0.09883,-0.15736
25.0790,-0.19117,-3.05220,3.85257,-0.30565,-0.07325,-0.16901
25.0892,2.61759,-3.64073,3.31209,-0.28691,0.04795,-0.15694
25.0990,0.15306,-3.01630,3.39325,-0.28837,-0.05114,-0.15111
25.1091,2.37534,-4.15212,3.51709,-0.28234,0.05216,-0.15791
25.1192,-1.12479,-2.72622,2.85940,-0.32486,-0.10370,-0.15637
25.1291,1.77339,-3.20067,3.52079,-0.29412,0.03341,-0.15903
25.1391,-0.52164,-3.30453,3.48088,-0.29708,-0.06978,-0.15559
25.1491,-0.13911,-2.80406,3.27769,-0.32014,-0.04325,-0.15681
25.1591,-2.80300,-2.43208,3.83074,-0.32787,-0.14895,-0.16332
25.1692,0.93711,-3.24240,4.09291,-0.29131,0.01341,-0.14852
25.1792,-0.98514,-3.22004,3.81649,-0.30209,-0.08631,-0.15400
25.1893,-2.10718,-2.33696,3.24039,-0.33496,-0.09316,-0.16560
25.1992,-1.54454,-2.48274,3.27679,-0.32562,-0.09524,-0.15480
25.2094,0.66245,-3.28026,3.36401,-0.30749,-0.00209,-0.14904
25.2193,-2.85630,-2.75313,3.34666,-0.30805,-0.14401,-0.15988
25.2292,0.72428,-2.07975,2.59475,-0.33570,0.01758,-0.15095
25.2391,-1.11714,-2.93671,3.03175,-0.31068,-0.08962,-0.16047
25.2492,0.85236,-2.71561,2.26137,-0.31332,0.01262,-0.15501
25.2590,-1.91829,-1.45093,1.92734,-0.34544,-0.11141,-0.15674
25.2691,2.43762,-2.95558,2.05454,-0.30567,0.06347,-0.15500
25.2794,-1.03505,-2.55117,2.15070,-0.32838,-0.09461,-0.15889
25.2893,1.69775,-2.64621,1.69630,-0.32296,0.04428,-0.15383
25.2990,-0.08106,-1.72847,1.48070,-0.33782,-0.03808,-0.15072
25.3093,2.82833,-3.01155,1.67001,-0.30859,0.06498,-0.14637
25.3191,-0.16066,-2.08557,1.39995,-0.34208,-0.06099,-0.15936
25.3291,2.68154,-3.31438,1.82030,-0.31012,0.06797,-0.15168
25.3389,0.92449,-3.25148,2.26051,-0.31088,-0.00310,-0.14503
25.3492,2.25839,-3.11740,2.07106,-0.31101,0.04690,-0.14616
25.3591,0.56331,-2.14172,2.34676,-0.32144,-0.01837,-0.15219
25.3692,1.73488,-3.62499,2.93553,-0.29418,0.05076,-0.15099
25.3792,0.76357,-2.86218,2.68940,-0.31229,-0.00855,-0.14913
25.3893,0.11593,-2.53681,2.56786,-0.32140,-0.01349,-0.15339
25.3992,-0.02356,-2.62492,2.53492,-0.32487,-0.03848,-0.15652
25.4091,0.35788,-2.95684,2.64155,-0.31658,-0.01349,-0.15211
25.4192,-1.91360,-1.59378,1.68904,-0.36252,-0.09196,-0.15589
25.4292,-1.23956,-1.92113,1.58723,-0.34031,-0.05932,-0.15006
25.4394,-1.75428,-2.20097,1.35385,-0.33767,-0.09976,-0.15811
25.4494,-1.71720,-2.34160,1.59684,-0.33886,-0.05741,-0.15850
25.4592,-3.45193,-0.54523,0.91262,-0.39660,-0.15616,-0.15900
25.4693,-0.26376,-2.46917,2.04573,-0.32782,-0.01831,-0.14718
25.4790,-1.98831,-2.07487,2.02075,-0.35719,-0.11507,-0.15469
25.4890,-0.27732,-2.63797,2.41465,-0.34079,-0.03705,-0.15344
25.4991,-1.13648,-2.23858,2.57862,-0.34398,-0.10376,-0.14832
25.5093,1.60782,-3.60013,3.04744,-0.29368,0.03206,-0.14385
25.5193,-0.86609,-1.87234,2.11390,-0.35463,-0.08002,-0.15721
25.5290,1.65159,-3.58625,2.73623,-0.31390,0.02087,-0.14965
25.5390,0.08277,-3.05246,2.93811,-0.31530,-0.03515,-0.15181
25.5491,1.59361,-3.31171,2.64877,-0.30768,0.03110,-0.15448
25.5588,-0.62951,-2.23165,2.39180,-0.34714,-0.05843,-0.15695
25.5694,2.29021,-4.17003,3.22497,-0.29519,0.03557,-0.14978
25.5792,0.88370,-2.97397,3.00740,-0.32515,-0.01409,-0.14938
25.5893,0.96712,-2.99679,2.86921,-0.31501,-0.00337,-0.15074
25.5995,-0.14199,-2.69239,2.76434,-0.35229,-0.04020,-0.14969
25.6095,1.39766,-3.73057,3.41890,-0.30835,0.01304,-0.14544
25.6190,-1.10308,-1.97340,2.60697,-0.35614,-0.07834,-0.15501
25.6293,0.39052,-3.58414,3.28593,-0.31348,-0.01616,-0.15371
25.6390,-0.96325,-3.07626,3.02918,-0.34567,-0.06730,-0.15008
25.6492,0.16989,-3.32666,3.25991,-0.32387,-0.01583,-0.15460
25.6591,-1.80750,-1.99975,2.61703,-0.35653,-0.10794,-0.15216
25.6693,0.50283,-3.36829,3.11578,-0.31750,0.00187,-0.15333
25.6793,-1.08647,-2.14854,2.69605,-0.35309,-0.06676,-0.14810
25.6892,0.31769,-3.12649,2.75919,-0.33472,-0.02630,-0.14908
25.6990,-0.54415,-2.50859,2.55417,-0.34990,-0.04918,-0.15736
25.7094,0.90808,-3.20154,2.56382,-0.31473,0.01492,-0.15072
25.7192,-1.11776,-2.36976,2.06518,-0.36242,-0.07672,-0.15407
25.7291,0.92748,-3.60325,2.77504,-0.33267,0.00828,-0.15443
25.7390,-0.07986,-2.34097,2.61192,-0.34011,-0.05296,-0.15115
25.7491,0.32146,-3.53462,3.18716,-0.32875,-0.01133,-0.15159
25.7591,-0.86109,-2.35803,2.82485,-0.36046,-0.06976,-0.15629
25.7693,0.89538,-3.36297,3.25884,-0.34108,0.02467,-0.14849
25.7791,-0.56200,-2.90372,3.26480,-0.34870,-0.04137,-0.14601
25.7892,-1.17109,-1.88152,2.20444,-0.36793,-0.05841,-0.15193
25.7992,-1.29148,-2.37437,1.96840,-0.36781,-0.07064,-0.15407
25.8090,-0.19020,-3.07408,2.84783,-0.33279,-0.03134,-0.14623
25.8193,-1.82032,-1.73490,2.20873,-0.38355,-0.08830,-0.15218
25.8292,-0.22713,-2.53660,2.62156,-0.36094,-0.02868,-0.14957
25.8390,-0.92426,-2.68206,2.73510,-0.36928,-0.05341,-0.15088
25.8491,1.11871,-3.26241,2.90386,-0.33197,0.00651,-0.14961
25.8593,-0.47977,-2.36103,2.94221,-0.36588,-0.04426,-0.14357
25.8692,2.02701,-3.54843,3.19501,-0.33210,0.04098,-0.14896
25.8792,0.40980,-2.46588,3.05849,-0.35651,-0.03835,-0.14955
25.8892,1.61662,-3.29567,2.66881,-0.34169,0.02307,-0.14936
25.8991,0.12437,-2.46975,2.29293,-0.36424,-0.03393,-0.14666
25.9094,1.55245,-3.15941,2.30729,-0.34485,0.01130,-0.14853
25.9195,0.16726,-2.20837,1.75532,-0.37028,-0.04082,-0.14897
25.9292,1.18931,-3.23391,2.39072,-0.34991,0.00072,-0.14645
25.9393,0.34798,-2.38560,2.28624,-0.36001,-0.01058,-0.14764
25.9491,0.94968,-2.58480,2.15292,-0.35470,0.00014,-0.14903
25.9590,0.10305,-2.12303,1.98995,-0.37018,-0.02574,-0.14968
25.9693,0.72976,-3.01896,2.58980,-0.34392,-0.00222,-0.14885
25.9790,0.52698,-2.45831,2.27053,-0.36395,-0.01571,-0.14679
25.9891,0.29978,-2.96972,2.77261,-0.34903,-0.01016,-0.14925
25.9993,0.11915,-2.63223,2.65200,-0.36856,-0.02852,-0.14685
26.0092,0.64630,-3.20454,3.04474,-0.35343,-0.01706,-0.14833
26.0190,-0.05881,-2.69502,3.10026,-0.36498,-0.03431,-0.14846
26.0291,-0.19255,-2.82769,3.19996,-0.35667,-0.01648,-0.15399
26.0390,-0.41264,-2.38587,2.78507,-0.35840,-0.02011,-0.15021
26.0494,-0.00983,-3.06807,2.96481,-0.34393,-0.02073,-0.15244
26.0591,-0.22358,-2.86420,2.89089,-0.36439,-0.03315,-0.14927
26.0691,-0.20318,-2.80304,3.03337,-0.35243,-0.01700,-0.14925
26.0794,-0.27099,-2.64083,2.89464,-0.36570,-0.02343,-0.14365
26.0891,-0.67951,-3.13111,3.14420,-0.35922,-0.02521,-0.15344
26.0992,-0.62997,-2.60979,3.04452,-0.37967,-0.04021,-0.14694
26.1091,-0.75575,-2.87440,3.07964,-0.35425,-0.02256,-0.14588
26.1192,-1.42573,-2.59197,2.90751,-0.36949,-0.06352,-0.14893
26.1292,-0.87432,-2.65508,2.97737,-0.36934,-0.03480,-0.15269
26.1391,-1.61546,-2.62992,3.25955,-0.36221,-0.06171,-0.14991
26.1491,-1.28137,-2.49380,3.09177,-0.36756,-0.05597,-0.14945
26.1592,-2.03692,-2.58254,3.23213,-0.37254,-0.08173,-0.15442
26.1687,-1.05657,-2.70004,2.93031,-0.36964,-0.03663,-0.14606
26.1792,-1.32456,-2.74389,2.81205,-0.37270,-0.06903,-0.14566
26.1891,-1.14093,-2.11635,2.10388,-0.38115,-0.05252,-0.15116
26.1990,-1.36855,-2.61699,2.16334,-0.37992,-0.08152,-0.15212
26.2090,0.05516,-2.92252,2.15183,-0.36522,-0.00739,-0.13866
26.2192,-1.43441,-2.43586,1.68685,-0.37660,-0.07386,-0.14787
26.2296,0.29473,-2.94676,1.69397,-0.35812,0.00337,-0.14618
26.2394,-0.35824,-2.48304,1.69420,-0.37766,-0.04669,-0.14996
26.2493,0.74050,-3.05655,1.93140,-0.35961,0.00714,-0.14906
26.2591,-0.49575,-2.06054,1.42006,-0.38338,-0.04304,-0.15035
26.2694,0.89021,-2.95498,1.66359,-0.35738,0.02111,-0.14331
26.2791,-0.38130,-2.53973,1.32602,-0.37864,-0.03279,-0.14809
26.2890,1.21289,-2.91233,0.73735,-0.36030,0.00476,-0.15265
26.2990,-0.01030,-2.52048,0.03075,-0.38155,-0.02905,-0.14683
26.3095,0.83162,-3.24736,0.59263,-0.35522,0.00695,-0.14613
26.3190,-0.19165,-2.06664,-0.47083,-0.40135,-0.03567,-0.15265
26.3291,0.13556,-3.94216,0.76546,-0.35165,-0.02710,-0.15209
26.3393,0.17820,-2.49899,0.59801,-0.38627,-0.02128,-0.14423
26.3491,-0.49230,-3.25388,1.94988,-0.36279,-0.01927,-0.13876
26.3591,-0.28805,-2.61842,1.62162,-0.37909,-0.04729,-0.15365
26.3692,-0.13354,-3.37445,3.37039,-0.34083,-0.02241,-0.15213
26.3789,0.21059,-2.02519,3.27705,-0.38018,-0.01520,-0.14307
26.3892,-0.26933,-2.56352,4.25966,-0.36221,-0.03618,-0.15444
26.3992,-0.35496,-1.91370,3.73227,-0.39404,-0.02889,-0.14776
26.4090,0.54347,-2.66117,4.35054,-0.36686,0.00025,-0.14419
26.4191,-0.17123,-1.99938,3.38500,-0.39493,-0.02620,-0.14489
26.4292,-0.12528,-2.76332,3.42179,-0.37560,-0.01894,-0.14167
26.4393,-0.18045,-1.91729,2.39818,-0.40448,-0.02673,-0.14617
26.4492,0.26876,-3.05860,2.56023,-0.38385,-0.02149,-0.14747
26.4591,-0.35412,-2.16160,1.65811,-0.39030,-0.03242,-0.14807
26.4692,0.22033,-3.32874,2.53295,-0.35959,-0.01676,-0.14709
26.4795,0.21642,-2.85261,2.11671,-0.37644,-0.01677,-0.15212
26.4891,-0.14309,-3.58751,2.28909,-0.35816,-0.02950,-0.15197
26.4993,-0.18684,-2.99471,1.66336,-0.37958,-0.03714,-0.15056
26.5093,0.16065,-3.33136,2.04658,-0.36734,-0.02210,-0.14625
26.5191,-0.18197,-3.07544,1.56967,-0.37205,-0.02413,-0.15159
26.5290,-0.36868,-3.76704,2.03755,-0.35898,-0.04481,-0.14730
26.5390,0.05557,-2.34592,1.72903,-0.38504,-0.01895,-0.14912
26.5491,-0.27320,-3.22483,2.75796,-0.36391,-0.02309,-0.14723
26.5592,-0.61740,-2.42828,2.25465,-0.39269,-0.03137,-0.14900
26.5691,0.10627,-3.34477,3.57642,-0.37173,-0.00150,-0.14534
26.5790,0.26356,-2.19322,3.45595,-0.39861,-0.00652,-0.14447
26.5892,-0.69903,-3.14138,3.26137,-0.39175,-0.01678,-0.14655
26.5990,-0.10389,-2.13906,2.32947,-0.39539,-0.01548,-0.14752
26.6092,0.24169,-2.81365,2.58612,-0.38488,-0.01689,-0.15059
26.6193,-0.33047,-2.05118,2.06263,-0.39096,-0.02894,-0.15988
26.6291,-0.71913,-3.43817,2.77124,-0.37453,-0.04364,-0.14750
26.6390,0.06757,-2.42256,2.15947,-0.40508,-0.00632,-0.14959
26.6492,-0.53187,-3.19505,2.92756,-0.36099,-0.03660,-0.15425
26.6592,-0.65759,-2.17672,2.38069,-0.40073,-0.03318,-0.15240
26.6690,-0.31361,-3.09941,3.26257,-0.36885,-0.03167,-0.14966
26.6791,0.21500,-2.53121,2.67610,-0.40161,-0.00315,-0.15765
26.6893,-0.45141,-3.14023,2.81175,-0.38283,-0.03003,-0.15464
26.6991,-0.21631,-1.95737,2.52787,-0.40039,-0.03797,-0.14935
26.7091,-0.12074,-3.20074,3.21135,-0.37941,-0.02018,-0.14743
26.7192,-0.18896,-2.03045,2.61819,-0.41065,-0.02141,-0.15289
26.7290,-0.23880,-3.04045,2.94598,-0.37767,-0.02737,-0.14779
26.7390,0.23517,-1.87830,2.60983,-0.41054,-0.00103,-0.15315
26.7493,-0.63011,-2.79368,3.00956,-0.38849,-0.03614,-0.15004
26.7591,-0.12418,-1.73060,1.78467,-0.41673,-0.05222,-0.15214
26.7690,0.11679,-2.66222,2.72037,-0.38749,-0.02455,-0.15343
26.7791,0.04302,-1.67922,2.73380,-0.41590,-0.01330,-0.14418
26.7892,-0.66293,-2.86731,3.95887,-0.36971,-0.05276,-0.14798
26.7988,-0.24461,-1.94914,3.61702,-0.41299,-0.02919,-0.15205
26.8091,-0.42090,-2.66471,4.21510,-0.38354,-0.03426,-0.15003
26.8191,-0.38608,-1.96637,3.35106,-0.40095,-0.03232,-0.14889
26.8292,-0.62220,-2.70039,2.80629,-0.40303,-0.03656,-0.14965
26.8389,0.22713,-2.11934,1.87430,-0.41300,-0.02161,-0.14604
26.8492,-0.41920,-2.23799,1.80192,-0.40405,-0.04570,-0.14816
26.8588,-0.39619,-2.07820,1.26589,-0.40871,-0.02131,-0.14787
26.8691,-0.42000,-2.59931,1.76804,-0.40125,-0.02271,-0.13739
26.8793,-0.24069,-2.34499,1.94767,-0.40471,-0.01181,-0.12740
26.8892,-0.49948,-2.71577,1.83304,-0.38550,-0.03444,-0.12195
26.8991,-0.30213,-2.41033,1.13834,-0.40788,-0.03169,-0.11025
26.9092,-0.40687,-3.38702,1.98691,-0.36621,-0.02572,-0.10914
26.9191,-1.31607,-3.09517,0.90333,-0.40183,-0.05482,-0.11193
26.9292,-1.09698,-3.50430,1.17767,-0.38101,-0.05670,-0.11033
26.9392,-0.29016,-2.41231,1.00869,-0.40448,-0.03737,-0.10679
26.9492,-1.39329,-3.46025,2.06022,-0.36329,-0.06640,-0.10845
26.9590,-1.32190,-2.67164,1.25718,-0.40495,-0.07275,-0.11539
26.9695,-0.83999,-3.37182,3.04001,-0.36736,-0.04448,-0.10773
26.9791,-1.37955,-2.27979,3.80912,-0.39336,-0.06091,-0.10891
26.9896,-2.41819,-3.59654,4.77975,-0.37578,-0.09640,-0.11025
26.9992,-2.52597,-2.50067,4.24510,-0.41270,-0.12247,-0.11998
27.0094,-1.30932,-3.46617,4.99206,-0.38104,-0.04326,-0.10357
27.0191,-5.06783,-2.01420,4.59090,-0.41683,-0.20967,-0.10642
27.0291,-3.18305,-2.65668,4.05712,-0.39684,-0.10597,-0.10051
27.0394,-3.38848,-1.90893,3.49820,-0.42783,-0.15791,-0.10716
27.0494,-1.77139,-3.30464,2.96615,-0.39314,-0.07307,-0.09651
27.0592,-4.87530,-1.46877,2.69840,-0.42472,-0.18459,-0.08693
27.0694,0.45307,-2.69695,2.08012,-0.38876,0.02455,-0.07325
27.0791,-2.16958,-1.79870,2.24219,-0.42956,-0.12390,-0.09456
27.0891,1.39736,-3.09619,1.44544,-0.40036,0.02208,-0.09412
27.0991,1.15097,-2.12352,1.41207,-0.40688,0.00425,-0.08289
27.1092,3.30385,-3.93350,2.42036,-0.35868,0.06440,-0.07346
27.1190,1.68663,-3.64842,2.09656,-0.37995,0.01157,-0.09209
27.1289,3.49546,-3.93264,1.94470,-0.36247,0.07520,-0.10413
27.1390,3.37230,-4.13472,2.40738,-0.34919,0.10499,-0.09166
27.1490,2.94952,-2.95536,2.67972,-0.37859,0.06550,-0.08265
27.1590,2.49000,-2.13540,2.50303,-0.42051,0.07756,-0.11737
27.1689,3.28210,-2.10214,3.24368,-0.40801,0.07849,-0.10937
27.1791,2.23402,-1.95690,3.93131,-0.41243,0.06249,-0.10666
27.1890,1.33418,-2.56512,3.84870,-0.39417,0.01756,-0.13449
27.1992,0.74232,-1.97765,2.93748,-0.41563,-0.01698,-0.14122
27.2093,0.64131,-2.42310,2.99603,-0.39329,0.00458,-0.13030
27.2192,-1.27116,-3.91195,3.50166,-0.34595,-0.05064,-0.14459
27.2290,-1.15497,-2.93480,2.74359,-0.38199,-0.04884,-0.13503
27.2391,-0.77445,-3.31657,2.61960,-0.37707,-0.03450,-0.13633
27.2492,-1.94355,-3.61262,2.97834,-0.36981,-0.08335,-0.14429
27.2591,-1.72969,-3.78121,2.63959,-0.35942,-0.06816,-0.14907
27.2694,-1.39754,-2.81248,2.45209,-0.38762,-0.05229,-0.13325
27.2790,-1.90431,-3.37159,2.69690,-0.35977,-0.05279,-0.14196
27.2891,-2.14012,-3.32473,1.64162,-0.38025,-0.09139,-0.14628
27.2992,-1.24907,-2.20154,1.26372,-0.39337,-0.06520,-0.14380
27.3092,-0.90596,-2.64179,1.45566,-0.39277,-0.03676,-0.12594
27.3190,-2.56646,-2.99443,1.26570,-0.37674,-0.09450,-0.15245
27.3291,-0.81249,-2.33138,1.33050,-0.39420,-0.05858,-0.14856
27.3390,-0.25365,-1.58704,1.65142,-0.39765,-0.03633,-0.13542
27.3491,-1.37885,-3.06408,2.62982,-0.36799,-0.06839,-0.13228
27.3590,-1.33819,-1.38095,1.95640,-0.41958,-0.07673,-0.14536
27.3691,0.92144,-2.41326,2.88051,-0.38286,0.00554,-0.13092
27.3791,0.05218,-1.92182,3.47330,-0.41293,-0.03259,-0.13214
27.3891,0.21946,-2.45997,4.17706,-0.38703,0.00123,-0.13380
27.3992,-0.10497,-1.14888,3.60315,-0.42473,-0.02248,-0.13578
27.4094,1.71865,-2.42412,3.69128,-0.38649,0.04590,-0.13515
27.4193,1.05539,-2.18968,3.19916,-0.38539,0.00593,-0.13699
27.4292,0.82275,-2.00039,2.70389,-0.39041,-0.00057,-0.13155
27.4392,1.69689,-1.55047,2.07509,-0.40303,0.01810,-0.13433
27.4495,0.81537,-2.84139,1.73181,-0.38727,0.01241,-0.14018
27.4591,0.74733,-2.87778,0.91812,-0.39515,-0.01269,-0.13611
27.4695,0.84028,-2.65617,1.05028,-0.37366,-0.01641,-0.13166
27.4790,0.44801,-2.83271,0.82336,-0.37525,-0.00612,-0.13520
27.4893,-0.54018,-3.51858,0.99057,-0.36563,-0.05045,-0.14229
27.4991,-0.10984,-2.67677,0.97136,-0.38083,-0.03465,-0.13674
27.5092,-0.36544,-3.14872,2.04280,-0.35779,-0.02906,-0.12568
27.5191,-0.59090,-2.62299,2.16463,-0.38138,-0.04268,-0.14153
27.5294,-0.21320,-3.11656,2.97505,-0.37003,-0.03383,-0.12945
27.5392,-0.07479,-2.85657,3.72116,-0.36838,-0.02480,-0.10497
27.5495,-0.59031,-3.00811,4.01842,-0.37881,-0.03501,-0.09171
27.5590,0.03654,-2.41726,3.16316,-0.39482,-0.02337,-0.07406
27.5692,0.11428,-2.59418,3.52667,-0.37198,-0.02787,-0.05515
27.5791,0.17378,-2.15024,3.36996,-0.41046,0.00776,-0.02731
27.5893,-0.30370,-2.03629,3.23307,-0.40444,-0.01961,-0.01556
27.5991,0.17597,-1.33082,2.66885,-0.41606,-0.01487,-0.00621
27.6093,-0.25547,-1.81987,3.10573,-0.41234,-0.01421,0.00601
27.6191,0.03642,-1.78928,2.29014,-0.41484,-0.00719,0.02370
27.6291,-0.69039,-2.25588,2.29061,-0.39580,-0.02592,0.02888
27.6392,-0.31207,-2.12423,1.65216,-0.41364,-0.00438,0.03315
27.6493,-0.46508,-2.76941,1.51859,-0.39270,-0.02916,0.04176
27.6591,-0.46825,-2.29262,0.62874,-0.40050,-0.01580,0.04780
27.6692,-0.85923,-3.08727,1.04483,-0.37153,-0.03347,0.05049
27.6794,-0.09578,-2.43234,0.93181,-0.39516,-0.01018,0.05334
27.6892,-0.89126,-3.38789,1.04714,-0.37930,-0.04702,0.04789
27.6994,-0.37890,-2.46359,1.04984,-0.39445,-0.01730,0.04906
27.7093,-0.33105,-3.28786,2.05659,-0.36767,-0.02093,0.05387
27.7191,-0.64545,-3.01486,1.49111,-0.37833,-0.02744,0.03921
27.7293,-0.64611,-3.53435,2.56028,-0.36223,-0.03570,0.04630
27.7391,0.05680,-2.46404,2.63552,-0.38971,-0.00431,0.04906
27.7493,-0.80971,-2.96781,3.46131,-0.38114,-0.03714,0.04285
27.7591,0.21249,-2.03437,3.47661,-0.40003,-0.02279,0.04429
27.7693,-0.33167,-2.85367,4.35464,-0.37876,-0.01395,0.04576
27.7792,0.26152,-2.45517,4.06569,-0.40687,-0.01895,0.04294
27.7891,-0.19264,-2.23880,3.83739,-0.39939,-0.02000,0.04327
27.7992,0.07677,-1.45077,3.29916,-0.41869,-0.02599,0.04657
27.8093,-0.45130,-2.71538,3.34180,-0.40372,-0.01836,0.04381
27.8193,-0.38032,-1.97061,3.10757,-0.40291,-0.02163,0.04711
27.8293,-0.44996,-2.39116,3.21601,-0.39600,-0.02531,0.04871
27.8392,-0.48958,-2.11864,2.96217,-0.40247,-0.01834,0.04724
27.8493,-0.27891,-2.61358,2.79337,-0.39714,-0.02576,0.05035
27.8590,-0.47374,-2.32406,2.37841,-0.40313,-0.01561,0.05320
27.8690,-0.21905,-2.73805,2.50261,-0.39063,-0.01980,0.05021
27.8791,-0.09907,-2.91620,2.14671,-0.39709,-0.01218,0.04846
27.8891,-0.16136,-2.94673,2.20049,-0.39089,-0.01827,0.04824
27.8990,-0.16495,-2.63434,1.98567,-0.39764,-0.01096,0.05353
27.9093,-0.62612,-2.92622,2.24869,-0.39418,-0.01587,0.04576
27.9191,-0.39577,-2.82152,2.20364,-0.39018,-0.00685,0.04978
27.9292,-0.32147,-2.98441,2.18951,-0.39430,-0.02367,0.04858
27.9391,-0.66783,-2.72565,2.00318,-0.39476,-0.02763,0.04936
27.9488,-0.62032,-2.75625,1.93377,-0.39858,-0.02586,0.05158
27.9589,-0.70589,-2.72655,1.71117,-0.39789,-0.01757,0.05275
27.9693,-0.63828,-2.88310,1.85700,-0.39813,-0.02839,0.04866
27.9791,-0.39461,-2.91727,1.97698,-0.40335,-0.02150,0.05204
27.9891,-0.65928,-3.07691,2.19535,-0.40544,-0.03938,0.05225
27.9991,-0.38275,-2.93242,2.02326,-0.40240,-0.02721,0.05079
28.0090,-0.63408,-2.99484,2.32985,-0.40343,-0.03688,0.05372
28.0189,-0.20368,-3.13609,2.44215,-0.39533,-0.02639,0.05125
28.0291,-0.62345,-2.92940,2.45202,-0.39505,-0.03030,0.05270
28.0389,-0.19203,-3.04915,2.68114,-0.40750,-0.00855,-0.01802
28.0492,-0.82162,-3.08534,2.08932,-0.40087,-0.02758,0.01140
28.0589,-0.04982,-3.01942,2.63917,-0.41206,-0.00855,0.02460
28.0693,-0.28549,-2.91015,2.79648,-0.39761,-0.02133,0.03951
28.0792,0.01830,-2.74610,2.70162,-0.40185,-0.01049,0.03387
28.0893,0.02989,-2.94241,2.96547,-0.41793,-0.00604,0.15238
28.0992,-0.33276,-2.79080,3.10224,-0.40962,-0.00947,0.08704
28.1091,-0.27424,-2.68096,3.14043,-0.41111,-0.00913,0.06680
28.1191,-0.48036,-2.90452,2.87540,-0.40809,-0.01716,0.05418
28.1294,-0.44275,-3.28134,2.53197,-0.40097,-0.01988,0.05411
28.1390,-0.59093,-2.98356,2.08721,-0.41427,-0.01991,0.04898
28.1493,-0.51640,-2.36723,1.63915,-0.41374,-0.02753,0.05315
28.1591,-0.40126,-3.14535,1.89421,-0.40227,-0.02952,0.05623
28.1691,-0.36642,-3.16149,2.21322,-0.39489,-0.02382,-0.00077
28.1790,-0.37086,-2.90651,2.20557,-0.40343,-0.01761,0.00239
28.1890,-0.12001,-2.85531,2.32536,-0.40730,-0.02691,0.01991
28.1990,-0.30188,-3.12096,2.29773,-0.41564,-0.01103,0.03697
28.2090,-0.41249,-2.94700,2.41571,-0.40766,-0.01015,0.03315
28.2190,-0.39276,-2.72767,2.13480,-0.41667,-0.02589,0.03842
28.2295,-0.06153,-2.90510,1.88680,-0.41829,-0.02094,0.04421
28.2391,-0.32137,-2.82824,1.78214,-0.41476,-0.01782,0.04053
28.2493,-0.23818,-2.99646,2.14498,-0.41076,-0.02733,0.05002
28.2591,-0.36430,-2.69117,2.12595,-0.42035,-0.02410,0.04827
28.2694,-0.35282,-3.24864,2.12189,-0.40821,-0.02308,0.04650
28.2791,-0.57861,-3.18470,2.39445,-0.40703,-0.01679,0.05585
28.2892,-0.49122,-3.11377,2.25591,-0.39938,-0.01362,0.05634
28.2990,-0.46468,-3.32065,2.13157,-0.41149,-0.03139,0.04945
28.3094,-0.41715,-3.30535,2.62189,-0.41054,-0.02469,0.05915
28.3193,-0.69040,-3.04918,2.47265,-0.41202,-0.02804,0.05712
28.3293,0.29714,-3.23942,2.42300,-0.40783,-0.02097,0.05596
28.3391,-0.27629,-3.09525,2.31105,-0.40300,-0.01998,0.05592
28.3494,-0.37486,-3.45793,2.38857,-0.41453,-0.02396,0.05761
28.3590,-0.17871,-3.07851,2.53051,-0.42255,-0.02140,0.05621
28.3695,0.12006,-3.14549,2.53532,-0.40713,-0.01686,0.05370
28.3791,-0.45713,-3.23889,2.51311,-0.40765,-0.02314,0.05960
28.3891,-0.71983,-2.80510,2.52916,-0.41373,-0.01527,0.05927
28.3991,-0.58148,-3.38771,2.40679,-0.41107,-0.03253,0.06022
28.4093,-0.53082,-3.40245,2.61368,-0.40435,-0.01635,0.05375
28.4191,-0.50103,-3.25047,2.45078,-0.40981,-0.02538,0.05684
28.4292,-0.77152,-3.44709,2.60287,-0.40528,-0.02936,0.05615
28.4391,-0.47153,-3.38768,2.49735,-0.41938,-0.02960,0.05844
28.4490,-0.60791,-3.53584,2.53068,-0.41131,-0.02190,0.05578
28.4590,-0.26383,-3.45407,2.85963,-0.40880,-0.01800,0.05476
28.4694,-0.17023,-3.47361,2.60028,-0.40397,-0.02122,0.05668
28.4791,-0.10842,-3.17913,2.77472,-0.41361,-0.01315,0.05938
28.4891,-0.08866,-3.27146,2.66009,-0.41141,0.00053,0.05395
28.4991,-0.17092,-2.93304,2.42648,-0.41599,-0.01443,0.04773
28.5094,-0.34653,-3.11631,2.17034,-0.41092,-0.01237,0.04914
28.5190,-0.12561,-2.78163,2.19218,-0.41532,-0.01297,0.05122
28.5294,-0.52412,-2.70824,1.92097,-0.42076,-0.00741,0.04854
28.5391,-0.43673,-2.53745,2.08944,-0.41991,-0.01935,0.05021
28.5494,-0.55258,-3.04763,2.40346,-0.41383,-0.02570,0.04904
28.5591,-0.70704,-3.06367,2.69217,-0.40644,-0.03285,0.04691
28.5691,-0.37001,-3.24843,2.63006,-0.40957,-0.03723,0.05314
28.5790,-0.56144,-2.89162,2.71217,-0.40140,-0.02731,0.05284
28.5894,-0.51149,-3.18623,2.78126,-0.40957,-0.02325,0.04348
28.5989,-0.56470,-3.17193,2.62931,-0.40642,-0.02224,0.04466
28.6091,-0.52550,-3.21553,2.48118,-0.41612,-0.01441,0.04903
28.6191,-0.26333,-2.97168,2.60310,-0.42238,-0.01486,0.04756
28.6294,-0.05184,-2.99882,2.31858,-0.40182,-0.01894,0.04004
28.6391,-0.15640,-2.92682,2.03937,-0.41117,-0.01748,0.03808
28.6491,-0.36166,-3.11986,2.30149,-0.40803,-0.01680,0.03643
28.6590,-0.38874,-3.12792,2.26744,-0.42006,-0.01799,0.03214
28.6691,-0.20519,-2.98252,2.28043,-0.41490,-0.02826,0.02604
28.6791,-0.43455,-2.76796,2.53875,-0.40485,-0.02153,0.01189
28.6892,-0.43987,-3.10608,2.47600,-0.39108,-0.01949,0.00429
28.6991,-0.54667,-3.02060,2.62649,-0.40367,-0.01762,-0.00780
28.7092,-0.40316,-3.14365,2.51109,-0.40036,-0.01843,-0.02358
28.7191,-0.11745,-2.55925,2.53180,-0.41599,-0.03403,-0.03952
28.7292,-0.41478,-2.87889,2.34215,-0.41169,-0.01901,-0.05526
28.7390,-0.17229,-2.71138,2.39705,-0.41392,-0.02631,-0.06464
28.7492,-0.55961,-2.90697,2.39403,-0.40391,-0.01241,-0.07861
28.7591,-0.15121,-2.55029,2.49887,-0.40803,-0.02538,-0.08217
28.7694,-0.26130,-2.89329,2.76377,-0.39646,-0.02126,-0.09553
28.7791,-0.03934,-2.96902,2.64235,-0.40272,-0.02792,-0.09770
28.7892,-0.31026,-2.92986,2.58339,-0.39826,-0.02726,-0.10832
28.7991,-0.38701,-2.82315,2.55521,-0.40427,-0.02241,-0.10955
28.8092,-0.08870,-2.86582,2.52337,-0.39907,-0.02470,-0.12169
28.8190,-0.01475,-3.02676,2.60824,-0.40517,-0.01959,-0.12570
28.8290,-0.36219,-3.02772,2.84851,-0.39324,-0.02481,-0.13933
28.8390,0.00689,-3.05574,2.80786,-0.39771,-0.03123,-0.15553
28.8491,-0.01237,-3.45962,3.11148,-0.38733,-0.02589,-0.15606
28.8591,-0.41118,-3.27360,3.07296,-0.40016,-0.03679,-0.14811
28.8690,-0.01607,-3.16627,2.86153,-0.39257,-0.03909,-0.14758
28.8790,-0.07998,-3.09162,2.79865,-0.39302,-0.04289,-0.14973
28.8891,0.02218,-3.33486,2.94510,-0.38017,-0.04180,-0.14938
28.8993,-0.17688,-3.17629,2.78542,-0.39842,-0.03210,-0.14261
28.9093,-0.12968,-3.29443,2.77262,-0.37504,-0.02341,-0.14005
28.9191,-0.17226,-2.96082,2.90972,-0.39511,-0.03078,-0.13537
28.9293,-0.18799,-2.99529,2.81068,-0.39179,-0.02683,-0.13744
28.9391,-0.12353,-3.12339,2.77348,-0.38557,-0.03080,-0.13968
28.9492,-0.37651,-2.87110,2.57707,-0.39588,-0.03476,-0.13380
28.9593,-0.08821,-2.87833,2.63290,-0.39865,-0.02122,-0.13453
28.9692,-0.32242,-2.55718,2.54522,-0.39277,-0.04431,-0.13435
28.9790,-0.14013,-2.74963,2.63612,-0.39518,-0.03349,-0.13324
28.9892,-0.60568,-2.49437,2.57547,-0.38884,-0.03104,-0.12894
28.9990,-0.20909,-2.86205,2.64246,-0.39253,-0.02810,-0.12566
29.0092,-0.20638,-3.17190,2.53075,-0.37739,-0.02400,-0.11620
29.0192,-0.83879,-3.32617,2.67291,-0.37513,-0.03297,-0.11816
29.0292,1.99405,-2.23053,1.95184,-0.40354,0.05011,-0.11575
29.0390,-4.41203,-2.74149,2.53740,-0.41578,-0.20577,-0.10567
29.0491,-0.33977,-2.44598,2.95705,-0.40592,-0.01949,0.06072
29.0590,-0.01256,-2.91584,2.14414,-0.39950,-0.00529,-0.08323
29.0690,-0.23900,-3.14914,2.86135,-0.39904,-0.02613,-0.10460
29.0790,-0.08172,-2.74965,2.60560,-0.38894,-0.04130,-0.10119
29.0893,-0.24830,-2.84052,2.25513,-0.41185,-0.04062,-0.08907
29.0991,-0.12580,-3.51669,2.90247,-0.37168,-0.03732,-0.08369
29.1093,-0.29849,-2.44397,2.40606,-0.40761,-0.04085,-0.08011
29.1194,0.08172,-3.21847,2.41771,-0.39412,-0.01956,-0.07535
29.1294,-0.82687,-2.91069,2.80254,-0.40273,-0.05485,-0.07221
29.1390,-0.03662,-3.08490,2.30049,-0.40462,-0.02202,-0.06828
29.1493,-0.19443,-2.92003,2.54637,-0.39427,-0.04227,-0.07066
29.1591,0.08192,-3.13380,2.61264,-0.38639,-0.01745,-0.06435
29.1693,-0.02326,-2.74525,2.55612,-0.39824,-0.02685,-0.06553
29.1792,0.20899,-3.27195,2.57516,-0.39248,-0.02377,-0.05822
29.1891,0.09670,-2.86315,2.55947,-0.38996,-0.02151,-0.05420
29.1991,0.18849,-2.91051,2.56421,-0.39723,-0.02254,-0.05463
29.2089,0.13687,-3.02654,2.40756,-0.39740,-0.03284,-0.04923
29.2191,0.05786,-3.10183,2.59829,-0.39064,-0.02439,-0.05183
29.2294,-0.04592,-3.22579,2.61647,-0.39767,-0.03743,-0.05151
29.2391,-0.21114,-3.02818,2.53385,-0.39809,-0.03006,-0.05021
29.2490,-0.43022,-2.82167,2.52936,-0.39107,-0.02938,-0.04758
29.2591,-0.15641,-3.20555,2.58554,-0.39198,-0.03612,-0.04350
29.2689,-0.38873,-3.00980,2.43891,-0.40095,-0.03747,-0.04976
29.2794,-0.33435,-3.11298,2.45091,-0.38687,-0.02715,-0.04034
29.2894,-0.37247,-2.83095,2.44822,-0.39678,-0.04527,-0.04412
29.2990,-0.05458,-2.83698,2.51135,-0.39221,-0.03982,-0.04797
29.3092,-0.44839,-2.62244,2.43372,-0.39425,-0.04355,-0.04495
29.3191,-0.21341,-3.21633,2.43769,-0.39165,-0.02436,-0.03982
29.3291,-0.46363,-3.00269,2.65755,-0.39397,-0.02832,-0.03909
29.3392,-0.08641,-2.92266,2.54681,-0.39224,-0.02691,-0.03848
29.3491,0.07318,-2.85918,2.60072,-0.39045,-0.03171,-0.04075
29.3589,0.21469,-2.76297,2.62592,-0.39305,-0.02615,-0.04232
29.3691,0.10518,-2.85460,2.55514,-0.40187,-0.04081,-0.04044
29.3790,-0.01450,-3.07165,2.73753,-0.39292,-0.02950,-0.04087
29.3891,0.50918,-3.12520,3.27634,-0.38715,-0.02445,-0.03610
29.3990,0.09107,-2.89742,3.64860,-0.39922,-0.01774,-0.02394
29.4091,0.11492,-2.86394,3.40388,-0.40594,-0.02957,-0.01524
29.4191,0.41801,-3.29078,3.99581,-0.38430,-0.01083,0.00110
29.4289,0.13683,-2.88378,3.94512,-0.39289,-0.00895,0.02225
29.4392,-0.17218,-3.18274,4.21977,-0.39033,-0.01247,0.04118
29.4490,0.19100,-2.59165,3.20355,-0.40046,-0.01339,0.04952
29.4590,-0.07621,-3.33633,3.23959,-0.38309,-0.01952,0.06092
29.4692,-0.87266,-2.51914,2.47080,-0.40166,-0.02122,0.05789
29.4791,-0.12858,-3.06242,2.39277,-0.38564,-0.01843,0.05896
29.4892,-0.46709,-2.45234,2.34393,-0.39792,-0.02703,0.05630
29.4991,-0.33489,-3.51124,2.70573,-0.37832,-0.01322,0.05795
29.5091,-0.83652,-2.78544,2.18398,-0.39714,-0.03737,0.05325
29.5189,-0.13150,-3.38915,2.22520,-0.38353,-0.02821,0.05797
29.5293,-0.67717,-2.50588,1.66766,-0.39247,-0.04135,0.05168
29.5392,-0.34398,-3.59315,1.64086,-0.38103,-0.04078,0.05413
29.5490,-0.07313,-3.07030,1.96462,-0.38901,-0.03811,0.05879
29.5590,0.16910,-3.15788,3.03383,-0.36367,-0.01766,0.05697
29.5694,-0.42807,-2.55514,2.53514,-0.40625,-0.03245,0.05902
29.5794,-0.37662,-2.97623,3.01797,-0.37832,-0.01878,0.05518
29.5892,0.38757,-3.21703,4.56798,-0.38166,-0.01180,0.05843
29.5992,0.41150,-3.15188,5.80017,-0.36314,0.00353,0.05879
29.6093,0.03511,-1.91117,4.79805,-0.42424,-0.01648,0.06033
29.6192,0.59505,-4.02612,6.56458,-0.33978,0.01078,0.06603
29.6291,0.78135,-2.15486,5.45471,-0.39790,0.02925,0.05576
29.6391,-0.53702,-3.26608,6.10364,-0.35644,-0.02903,0.05835
29.6493,0.16810,-1.55826,3.79868,-0.42236,-0.00211,0.06304
29.6592,0.27261,-2.83999,4.11322,-0.37739,0.00854,0.06088
29.6693,-0.85102,-0.95370,1.59276,-0.46094,-0.04259,0.05164
29.6790,-0.74728,-3.33122,1.51339,-0.36774,-0.05574,0.04930
29.6893,-1.28821,-1.07757,-0.57217,-0.44528,-0.04111,0.05616
29.6991,-0.97165,-3.03791,-0.95218,-0.37866,-0.05334,0.05108
29.7091,-1.46502,-1.73827,-2.00631,-0.41562,-0.08772,0.05269
29.7191,-0.76560,-4.50848,-0.08490,-0.32831,-0.04385,0.05456
29.7293,-0.98670,-2.39520,-0.18848,-0.38811,-0.05710,0.05454
29.7390,-0.59963,-4.23442,1.42832,-0.33325,-0.04201,0.05039
29.7491,-0.50132,-3.42325,2.72472,-0.35141,-0.02417,0.05204
29.7592,0.90039,-4.62158,5.26735,-0.30659,0.00589,0.05742
29.7691,-0.23533,-2.32528,4.11052,-0.38150,-0.02027,0.05029
29.7791,-0.45576,-3.49105,4.33135,-0.34790,-0.03687,0.05409
29.7892,1.43747,-3.47644,5.89161,-0.33190,0.05277,0.05754
29.7993,1.01174,-4.22454,6.92847,-0.31670,0.01735,0.04827
29.8091,-0.24797,-1.60143,5.09569,-0.38583,-0.01115,0.06006
29.8192,-0.16663,-3.88768,5.68758,-0.31007,-0.00823,0.06004
29.8291,1.95778,-1.76003,3.64960,-0.39445,0.05324,0.05580
29.8391,-0.73353,-3.10149,3.84522,-0.33732,-0.03647,0.05076
29.8495,-0.82139,-1.26657,1.92622,-0.40274,-0.03181,0.05223
29.8593,0.28844,-2.89612,1.31695,-0.35481,0.00664,0.04882
29.8692,-0.93411,-1.10448,-0.66809,-0.40453,-0.05000,0.04874
29.8792,-1.03174,-3.80413,-0.43090,-0.30977,-0.04102,0.05416
29.8894,-1.20772,-1.02144,-2.01815,-0.40868,-0.06262,0.04909
29.8990,-0.43820,-3.71721,-2.00609,-0.34672,-0.03460,0.04905
29.9092,-1.49365,-2.24596,-2.05430,-0.36894,-0.08682,0.04878
29.9196,-0.19011,-4.55712,0.02273,-0.29802,-0.02115,0.05319
29.9293,-0.98340,-2.56304,0.62953,-0.35619,-0.05395,0.05287
29.9391,-0.43271,-4.24207,2.14837,-0.31086,-0.05194,0.05193
29.9493,0.23156,-3.37992,3.42450,-0.32215,-0.00118,0.05210
29.9591,1.77708,-4.28623,5.47336,-0.28520,0.05715,0.06026
29.9690,0.22413,-2.43014,4.01011,-0.34273,-0.00038,0.04999
29.9791,0.38775,-3.49098,3.99686,-0.32112,0.01270,0.05098
29.9891,1.71434,-3.75010,4.71475,-0.30847,0.05952,0.06014
29.9992,1.78226,-3.42132,5.24169,-0.30129,0.06469,0.05825
30.0155,-0.61969,-1.57201,2.71289,-0.37149,-0.02356,0.04812
30.0191,1.19569,-3.28042,3.36683,-0.31462,0.02127,0.05800
30.0294,1.24122,-1.84805,2.31500,-0.35665,0.03649,0.05728
30.0390,0.19698,-2.75699,2.61488,-0.32690,0.01724,0.05418
30.0490,-0.79147,-1.09608,2.13349,-0.37203,-0.04550,0.04848
30.0591,0.92192,-2.46933,2.81168,-0.34194,0.03884,0.05386
30.0691,-1.38426,-1.64874,1.59935,-0.38106,-0.08298,0.04936
30.0792,-0.01814,-2.88600,2.31358,-0.31656,0.00433,0.05396
30.0891,-1.32096,-1.55841,2.28414,-0.35947,-0.05841,0.05329
30.0992,0.28676,-3.60796,2.33035,-0.32070,-0.01483,0.04976
30.1095,-2.19706,-2.28565,1.40562,-0.35585,-0.09489,0.04487
30.1190,0.27040,-3.57438,3.10897,-0.29471,0.01333,0.05693
30.1292,-1.40667,-2.02454,2.14759,-0.35707,-0.06232,0.05129
30.1391,-1.51782,-3.81646,2.71531,-0.29431,-0.06739,0.04628
30.1491,-0.91190,-2.63326,2.78063,-0.31086,-0.05623,0.05150
30.1590,0.38118,-4.09857,3.99073,-0.26198,0.02968,0.06178
30.1694,-1.64244,-2.11505,2.44963,-0.35493,-0.06010,0.05555
30.1791,-0.59483,-3.41379,2.19144,-0.30166,-0.04068,0.05407
30.1893,-0.30306,-2.92113,2.41640,-0.31785,-0.01087,0.05983
30.1990,0.35488,-3.36190,3.19920,-0.29274,0.01500,0.05689
30.2093,-1.22539,-1.86266,1.49847,-0.34959,-0.06152,0.05483
30.2193,-0.14917,-3.89589,3.21242,-0.28390,-0.01735,0.06191
30.2292,-0.10575,-2.22984,2.42946,-0.33431,-0.01237,0.05040
30.2391,-0.83645,-3.61603,3.88204,-0.27782,-0.02186,0.05756
30.2494,-0.98481,-1.46788,2.91981,-0.34295,-0.05296,0.05803
30.2590,-0.48247,-3.61812,3.73563,-0.28130,-0.02677,0.05864
30.2689,-1.90960,-1.79244,2.04548,-0.35280,-0.07967,0.05247
30.2791,-1.36163,-3.10589,2.32405,-0.28536,-0.04944,0.05349
30.2892,-1.46057,-1.65122,2.35124,-0.32630,-0.06879,0.05754
30.2989,-0.91517,-3.45442,2.87802,-0.28939,-0.03157,0.05198
30.3092,-1.63982,-2.28202,2.26973,-0.32690,-0.09301,0.04825
30.3190,0.34262,-3.64065,5.04049,-0.26034,0.00802,0.06208
30.3291,-0.22971,-1.68444,3.36576,-0.34670,-0.01398,0.05057
30.3392,-0.68773,-4.35316,4.77935,-0.25360,-0.04301,0.05898
30.3490,0.29301,-2.13347,3.14634,-0.32378,-0.00198,0.05764
30.3591,0.39987,-3.46852,4.04367,-0.27367,0.00860,0.05753
30.3691,-0.69072,-1.17793,1.55558,-0.33529,-0.03433,0.05308
30.3791,-0.77979,-2.88568,0.99727,-0.29181,-0.04922,0.04919
30.3895,0.15643,-2.24354,0.59570,-0.30652,-0.00903,0.05349
30.3995,-0.18841,-2.83423,1.54756,-0.28765,-0.00711,0.05337
30.4094,-0.92258,-1.66205,0.27865,-0.32682,-0.05866,0.04903
30.4190,0.95607,-3.55736,2.09572,-0.25736,0.01275,0.05652
30.4292,0.50076,-2.20321,1.66093,-0.31838,0.01042,0.05206
30.4393,-0.32384,-3.31385,2.83596,-0.26893,-0.02609,0.05193
30.4490,0.38769,-2.12438,2.19796,-0.30275,-0.00191,0.05307
30.4591,1.00534,-3.29586,2.99742,-0.26944,0.03110,0.05670
30.4694,-0.54049,-2.38255,1.38969,-0.29928,-0.03737,0.04917
30.4790,-0.22137,-2.52616,1.59522,-0.28015,-0.02539,0.05548
30.4890,0.14084,-2.09791,1.78805,-0.30742,-0.00868,0.05488
30.4992,-0.13043,-3.36058,2.24663,-0.27144,0.00201,0.04908
30.5091,-1.07438,-2.12746,1.47666,-0.29911,-0.08029,0.04756
30.5191,0.17480,-2.92239,2.79047,-0.26903,0.00474,0.05438
30.5293,-1.19500,-1.63550,2.29615,-0.30474,-0.03742,0.04841
30.5393,-0.93631,-3.59376,2.45983,-0.25778,-0.05095,0.04541
30.5493,-1.11234,-2.58908,2.28559,-0.29597,-0.04794,0.04586
30.5593,-0.09985,-3.28224,3.11383,-0.25497,-0.01313,0.05283
30.5691,-1.38836,-1.74230,2.04605,-0.30378,-0.06562,0.05295
30.5793,-0.98746,-3.60640,2.20075,-0.24893,-0.05963,0.04649
30.5895,-1.03905,-2.39824,2.17971,-0.28855,-0.04277,0.04887
30.5991,-0.68193,-3.12434,2.80121,-0.25888,-0.03022,0.04985
30.6092,-1.24122,-2.17003,2.09143,-0.28454,-0.06788,0.04651
30.6191,-0.08412,-3.18092,2.78360,-0.25618,0.00072,0.04772
30.6293,0.05456,-2.03363,1.95158,-0.29463,-0.01977,0.04985
30.6391,-0.18068,-3.19990,2.82536,-0.25323,-0.02392,0.04856
30.6491,0.72205,-2.23106,2.53069,-0.28115,0.01321,0.05610
30.6592,1.59650,-3.03514,3.78014,-0.25058,0.04571,0.05197
30.6694,0.54993,-2.21163,2.96693,-0.28820,-0.01005,0.05278
30.6791,0.37979,-2.06791,3.27240,-0.28325,0.00175,0.04807
30.6891,0.47437,-1.92892,3.13279,-0.29558,0.00232,0.05475
30.6990,-0.33166,-3.14615,2.99789,-0.26312,-0.01847,0.04930
30.7090,-1.10317,-1.99547,1.85894,-0.28850,-0.05435,0.04687
30.7191,-0.29457,-3.16992,2.11470,-0.25065,-0.00802,0.05340
30.7289,-1.36390,-1.79252,1.40233,-0.28695,-0.06492,0.04763
30.7391,-1.15507,-3.74935,1.28581,-0.23910,-0.06687,0.04872
30.7492,-1.81682,-2.03009,0.26244,-0.29254,-0.07911,0.04699
30.7590,-1.16970,-3.37726,0.25093,-0.25576,-0.06080,0.04970
30.7691,-2.03501,-2.41279,0.03362,-0.26934,-0.09171,0.04759
30.7790,-1.01667,-2.90906,-0.20000,-0.26414,-0.06495,0.04517
30.7890,-1.95176,-2.11783,0.29601,-0.26934,-0.07708,0.04692
30.7992,-0.73078,-3.03136,0.85939,-0.26745,-0.04961,0.04935
30.8091,-1.20751,-2.71535,1.41212,-0.26334,-0.06381,0.05157
30.8189,-0.71381,-2.59589,1.86992,-0.27245,-0.04691,0.04915
30.8293,-0.47301,-2.53200,2.51444,-0.25968,-0.03163,0.05159
30.8390,-0.26314,-3.13072,2.90280,-0.25074,-0.03269,0.04913
30.8491,0.20914,-2.91883,2.91251,-0.26332,-0.01496,0.05338
30.8589,-0.10147,-2.61586,2.79912,-0.26199,-0.01701,0.05088
30.8691,0.40598,-3.11675,2.89815,-0.25533,-0.01037,0.04547
30.8792,-0.09099,-2.84166,3.11229,-0.26046,-0.03681,0.05234
30.8892,0.31846,-3.49028,3.64396,-0.23944,-0.01524,0.04838
30.8992,0.07017,-2.83002,3.65564,-0.24766,-0.02093,0.05024
30.9092,0.12055,-3.32872,4.02914,-0.25304,-0.01064,0.04633
30.9192,0.24131,-3.46475,4.81049,-0.24139,-0.02340,0.04850
30.9293,-0.01659,-3.11760,4.38291,-0.24736,-0.02957,0.04651
30.9391,-0.49850,-3.41793,4.40828,-0.24125,-0.04376,0.04604
30.9493,0.02642,-3.08215,3.61530,-0.26152,-0.01905,0.04226
30.9591,-0.23890,-2.96144,3.82337,-0.24557,-0.02999,0.04219
30.9693,-0.18756,-2.18352,2.81595,-0.27425,-0.02406,0.03637
30.9791,-0.16359,-3.46385,2.90179,-0.23339,-0.04116,0.03325
30.9891,0.09714,-2.67781,2.04235,-0.26908,-0.03030,0.03130
30.9990,-0.57171,-3.11607,2.05250,-0.24291,-0.03021,0.03191
31.0096,-0.21382,-2.86121,1.45893,-0.25821,-0.02998,0.03030
31.0192,-0.39689,-3.38400,1.62297,-0.23927,-0.02941,0.02674
31.0290,-0.40448,-2.86104,1.37125,-0.24694,-0.03940,0.02747
31.0390,-0.64632,-3.49088,1.68904,-0.23612,-0.03344,0.02232
31.0491,-0.44974,-3.01196,1.68548,-0.24173,-0.03584,0.02487
31.0590,-0.48241,-3.25802,1.84335,-0.23445,-0.03924,0.01558
31.0693,-0.37674,-2.71005,1.87467,-0.24206,-0.02743,0.00561
31.0791,-0.34155,-3.15394,1.97530,-0.24174,-0.03510,-0.00920
31.0893,-0.15297,-2.66254,1.92548,-0.24309,-0.03822,-0.02511
31.0991,-0.29114,-3.10869,2.27775,-0.24242,-0.02676,-0.04279
31.1090,-0.15051,-2.71724,2.27880,-0.24240,-0.02927,-0.06543
31.1190,0.03541,-2.96818,2.81112,-0.24245,-0.02302,-0.08106
31.1290,0.26609,-2.57813,2.82661,-0.25441,-0.02670,-0.09752
31.1393,-0.13867,-2.83085,3.19007,-0.23975,-0.02015,-0.11033
31.1493,0.05884,-2.34016,3.19416,-0.24909,-0.02061,-0.12070
31.1590,-0.08916,-2.48968,3.11934,-0.23698,-0.02493,-0.13597
31.1693,-0.19007,-2.26932,2.83225,-0.25415,-0.02886,-0.14552
31.1791,-0.44805,-2.57325,3.08937,-0.23771,-0.04246,-0.15874
31.1892,-0.07085,-2.42469,2.89534,-0.24154,-0.03175,-0.16245
31.1992,-0.03225,-2.78142,3.17147,-0.23828,-0.03412,-0.16007
31.2091,-0.23622,-2.57794,3.06508,-0.25009,-0.03378,-0.15242
31.2192,-0.01075,-2.75532,3.04038,-0.24893,-0.03353,-0.15396
31.2290,0.17092,-2.23349,2.43432,-0.25064,-0.04588,-0.15465
31.2391,-0.42649,-2.77468,2.75002,-0.23593,-0.03821,-0.15330
31.2491,-0.36899,-2.43588,2.28904,-0.25428,-0.03770,-0.14946
31.2592,-0.41228,-2.97783,2.23045,-0.24968,-0.05810,-0.15118
31.2691,-0.21213,-2.19187,2.14875,-0.24099,-0.04213,-0.14798
31.2791,-0.53008,-2.78276,2.49938,-0.22691,-0.04469,-0.15019
31.2893,-0.79035,-2.69624,2.30886,-0.23320,-0.05729,-0.15430
31.2991,-1.03856,-2.74550,2.51784,-0.23714,-0.07119,-0.15333
31.3091,-0.98028,-2.62597,2.47749,-0.23780,-0.05802,-0.15062
31.3192,-1.85721,-3.14866,2.64299,-0.23932,-0.13115,-0.15153
31.3293,-1.45729,-2.36556,2.66420,-0.24378,-0.08448,-0.14966
31.3391,-2.19898,-2.99222,3.21900,-0.22643,-0.12526,-0.15501
31.3495,-2.06157,-2.53352,2.85678,-0.24193,-0.11539,-0.15077
31.3593,-3.59602,-2.55198,3.00503,-0.23709,-0.19341,-0.16366
31.3691,-1.32543,-2.50822,3.32359,-0.24515,-0.06262,-0.14660
31.3791,-2.44113,-3.32261,3.68918,-0.22690,-0.14170,-0.14888
31.3893,-2.53649,-2.32321,3.01043,-0.25379,-0.12740,-0.15894
31.3991,-2.75878,-2.42942,2.93328,-0.24995,-0.14381,-0.15784
31.4095,0.04867,-2.89954,3.56043,-0.22478,-0.02761,-0.14862
31.4191,-2.69538,-2.94569,3.61087,-0.21993,-0.17625,-0.15868
31.4293,0.86001,-1.82376,2.70055,-0.25111,0.01769,-0.15731
31.4391,-1.10261,-3.13668,3.10830,-0.23615,-0.09997,-0.16027
31.4489,0.85510,-3.01615,2.56340,-0.21876,-0.01223,-0.15982
31.4591,-2.66761,-1.91820,2.87088,-0.25846,-0.17426,-0.15852
31.4692,3.34326,-2.86805,2.88054,-0.21825,0.12908,-0.14575
31.4790,-2.14409,-3.04564,2.83444,-0.22270,-0.14950,-0.16805
31.4893,1.34608,-3.00259,2.25432,-0.22917,0.02395,-0.15863
31.4993,-0.42293,-1.86124,2.97143,-0.25900,-0.05051,-0.14994
31.5094,2.92408,-3.59146,2.71307,-0.21057,0.08776,-0.14879
31.5192,-1.60347,-2.34087,2.45094,-0.24350,-0.14766,-0.16708
31.5291,3.09659,-2.64494,2.19444,-0.22858,0.07555,-0.14516
31.5392,1.24029,-2.82010,2.76999,-0.21438,0.00155,-0.15314
31.5491,2.03837,-2.78792,2.07661,-0.21828,0.02773,-0.15354
31.5592,-0.84487,-2.01060,2.26744,-0.24932,-0.10450,-0.15761
31.5693,2.34939,-2.24914,2.24653,-0.23950,0.06964,-0.14941
31.5791,-0.07133,-2.97030,2.92982,-0.21031,-0.03091,-0.14977
31.5892,-0.51700,-2.26705,2.47130,-0.23866,-0.05303,-0.15408
31.5991,-1.00108,-2.43802,2.85736,-0.23251,-0.07816,-0.15761
31.6092,0.58165,-2.62390,3.16682,-0.21718,-0.00281,-0.14705
31.6191,-2.63973,-2.37113,3.06826,-0.23087,-0.14957,-0.16742
31.6290,0.60353,-1.17819,2.11769,-0.26055,0.00849,-0.15303
31.6391,-1.14481,-3.25526,2.99597,-0.22375,-0.11424,-0.15390
31.6492,0.52900,-2.98022,2.33987,-0.21971,-0.03365,-0.15705
31.6591,-2.38614,-1.61529,2.68852,-0.26152,-0.14552,-0.15623
31.6694,2.09126,-2.63643,2.59984,-0.22739,0.07195,-0.13961
31.6793,-1.52580,-2.23587,2.49368,-0.23606,-0.12726,-0.15854
31.6891,0.58404,-3.20884,2.42995,-0.21810,-0.01521,-0.15066
31.6993,-1.16315,-1.65257,2.62819,-0.25160,-0.08416,-0.15288
31.7093,2.09728,-3.19896,2.70586,-0.20080,0.05032,-0.14220
31.7192,-3.23047,-2.04053,2.44979,-0.24502,-0.21673,-0.16062
31.7292,1.51335,-2.56714,2.51699,-0.23942,0.04401,-0.14733
31.7392,-1.03582,-3.37556,3.40469,-0.21280,-0.10222,-0.14904
31.7490,1.23367,-3.29988,2.58345,-0.20031,0.00905,-0.15263
31.7590,-1.62284,-1.56160,2.63886,-0.25670,-0.12803,-0.15956
31.7693,2.84250,-2.81036,2.76085,-0.20854,0.10067,-0.14425
31.7792,0.42041,-2.50300,2.45711,-0.23392,-0.03596,-0.15509
31.7890,1.28229,-2.37194,2.37430,-0.22730,0.01338,-0.15540
31.7992,0.07517,-1.86196,2.24854,-0.24688,-0.05699,-0.15145
31.8094,2.45946,-3.10594,2.67556,-0.21734,0.05760,-0.14619
31.8191,-1.00697,-2.27649,2.95137,-0.22374,-0.10449,-0.15249
31.8293,1.55019,-2.09404,2.31103,-0.23589,0.03751,-0.14776
31.8392,-0.31856,-2.55045,2.67462,-0.22000,-0.06687,-0.16028
31.8493,0.15504,-3.44508,2.50222,-0.21243,-0.04758,-0.15845
31.8593,-2.76235,-1.48283,2.83392,-0.25890,-0.16266,-0.15925
31.8694,1.41306,-2.60089,3.13164,-0.21724,0.03980,-0.14246
31.8790,-1.53671,-3.30975,3.36479,-0.21086,-0.13402,-0.16451
31.8889,-0.51965,-2.30975,2.75606,-0.21947,-0.08272,-0.15829
31.8989,-1.34918,-1.50224,3.32044,-0.23987,-0.09956,-0.15182
31.9093,1.53630,-3.14421,2.93902,-0.20750,0.01421,-0.14963
31.9190,-0.84677,-2.09001,2.74544,-0.24743,-0.09261,-0.15450
31.9291,3.00160,-2.91987,2.50571,-0.22490,0.07109,-0.15082
31.9391,1.85467,-2.62947,2.58229,-0.21970,0.00346,-0.14655
31.9490,2.37530,-3.04467,2.24646,-0.21829,0.03211,-0.14879
31.9592,0.43790,-1.67598,1.83636,-0.25133,-0.06509,-0.15700
31.9692,2.92786,-2.81447,2.24677,-0.22436,0.04996,-0.14115
31.9791,0.71810,-3.07697,2.47978,-0.22105,-0.02420,-0.15331
31.9893,-1.54463,-2.35321,2.35779,-0.24061,-0.09672,-0.15866
31.9993,-1.06938,-2.60675,2.51287,-0.22418,-0.08897,-0.15301
32.0094,-0.40629,-2.77476,3.19951,-0.23077,-0.05146,-0.14985
32.0191,-3.71693,-2.73787,3.20504,-0.21113,-0.20662,-0.15626
32.0292,-0.06871,-0.91104,2.34729,-0.27540,-0.02840,-0.15025
32.0391,-2.43553,-3.35561,3.44200,-0.22107,-0.15092,-0.15987
32.0495,-0.91110,-2.15967,2.63793,-0.22710,-0.07936,-0.15687
32.0592,-3.55418,-0.48804,2.69775,-0.28657,-0.20114,-0.15630
32.0692,1.13592,-2.16392,2.89634,-0.24034,0.01524,-0.14684
32.0792,-2.00129,-2.11039,2.80325,-0.25806,-0.13678,-0.16378
32.0891,0.37861,-2.83022,2.36416,-0.22109,-0.04627,-0.15791
32.0992,-1.03514,-1.13315,2.81926,-0.27278,-0.08598,-0.14333
32.1091,2.76906,-3.57684,2.69034,-0.20411,0.06777,-0.14052
32.1192,-2.20421,-2.32650,2.25898,-0.25582,-0.17691,-0.16146
32.1293,3.50521,-2.69823,2.36729,-0.22216,0.08626,-0.13881
32.1391,-0.14147,-2.92929,3.14414,-0.21338,-0.03784,-0.14553
32.1493,1.63832,-3.56550,2.45120,-0.20554,0.02276,-0.14657
32.1592,-0.94834,-1.80714,2.28585,-0.25861,-0.11935,-0.15204
32.1692,2.19859,-3.12429,2.97450,-0.21629,0.05413,-0.14539
32.1791,0.32498,-2.90890,3.13147,-0.22032,-0.04618,-0.14947
32.1892,-1.14876,-2.60403,2.64941,-0.23559,-0.09845,-0.15748
32.1991,-1.34938,-1.80879,2.61064,-0.25365,-0.09846,-0.15823
32.2092,0.78602,-2.79130,3.27223,-0.21798,0.01218,-0.13794
32.2190,-2.16385,-2.55016,2.68625,-0.22927,-0.12247,-0.15703
32.2291,2.39554,-1.92591,1.77849,-0.24999,0.06192,-0.14494
32.2393,0.04154,-2.50583,2.41647,-0.24506,-0.07374,-0.15038
32.2491,2.29959,-3.32066,1.94920,-0.21046,0.03451,-0.15131
32.2590,-0.24502,-0.48414,1.46609,-0.28908,-0.05345,-0.15165
32.2691,2.74992,-2.67782,1.87391,-0.22598,0.05918,-0.14428
32.2790,0.29863,-1.83881,1.87521,-0.26301,-0.05762,-0.15443
32.2892,1.99020,-3.02488,2.08815,-0.22716,0.02987,-0.15402
32.2991,0.08835,-1.49487,1.71910,-0.27096,-0.04018,-0.15094
32.3090,1.85693,-2.61735,2.12808,-0.23151,0.03092,-0.13866
32.3192,0.39114,-2.10004,2.17241,-0.25743,-0.04498,-0.15240
32.3292,2.55512,-3.12248,2.76784,-0.21541,0.04665,-0.14650
32.3390,1.24596,-2.95845,3.14318,-0.22459,0.00583,-0.14563
32.3491,1.47436,-3.22527,2.88103,-0.21452,-0.00156,-0.14958
32.3592,-0.17100,-2.38760,2.77343,-0.25951,-0.05961,-0.14867
32.3692,1.34353,-2.68624,3.16496,-0.22355,0.00993,-0.14159
32.3791,-0.41061,-2.88574,3.17222,-0.23581,-0.06569,-0.15167
32.3893,-2.01473,-2.47879,3.18388,-0.22772,-0.09699,-0.15662
32.3991,-1.71892,-2.22830,3.06809,-0.23896,-0.11179,-0.15442
32.4092,-0.98263,-2.99606,3.95651,-0.22120,-0.06877,-0.15021
32.4191,-3.57711,-2.98394,3.91673,-0.21778,-0.18716,-0.15780
32.4291,-0.59473,-1.92317,3.47496,-0.25028,-0.04195,-0.14499
32.4391,-2.18561,-2.98779,3.80487,-0.23153,-0.12899,-0.15260
32.4493,-0.24991,-3.20541,3.46881,-0.21849,-0.04548,-0.14771
32.4592,-1.80032,-2.14453,3.25040,-0.25478,-0.11803,-0.14839
32.4693,1.11952,-2.42142,3.13950,-0.24299,0.01529,-0.14253
32.4794,-0.82991,-2.88240,3.14840,-0.23700,-0.09695,-0.14999
32.4893,0.40200,-3.17334,2.58550,-0.22625,-0.02985,-0.15331
32.4991,-0.53790,-1.94909,2.78280,-0.25989,-0.07218,-0.13903
32.5090,1.04810,-3.15811,2.96302,-0.22166,0.02841,-0.14448
32.5190,-1.67956,-2.78995,2.64094,-0.22846,-0.12538,-0.15832
32.5292,2.20777,-2.43350,2.64130,-0.24290,0.04199,-0.14002
32.5391,-0.22981,-3.30618,3.17719,-0.21261,-0.06366,-0.15010
32.5493,1.43278,-2.59705,2.33823,-0.23855,0.00436,-0.14936
32.5591,-0.35466,-1.85437,2.11407,-0.25696,-0.07421,-0.14996
32.5692,1.76076,-2.94730,2.50662,-0.22969,0.03521,-0.14582
32.5794,0.33913,-3.07131,2.72280,-0.23064,-0.03905,-0.15075
32.5893,0.39593,-2.14584,2.56627,-0.23282,-0.03455,-0.15079
32.5991,-0.48149,-2.15527,2.62417,-0.25374,-0.06837,-0.15214
32.6094,0.98251,-2.82770,2.95188,-0.22491,-0.00486,-0.14586
32.6191,-1.68207,-2.74610,2.87421,-0.23078,-0.12197,-0.15434
32.6293,0.95668,-2.23692,2.68386,-0.24204,0.00727,-0.14836
32.6393,-1.40623,-3.20778,3.29388,-0.22263,-0.10783,-0.15622
32.6490,0.35116,-2.52791,2.36425,-0.23791,-0.02688,-0.14498
32.6590,-1.06976,-1.78108,2.55800,-0.25853,-0.10887,-0.14775
32.6691,1.71184,-3.02185,2.69950,-0.23076,0.01803,-0.13868
32.6792,-0.59018,-2.96229,2.67104,-0.24033,-0.07517,-0.15230
32.6889,-0.50584,-3.13592,2.64374,-0.20958,-0.08439,-0.15610
32.6990,-1.61789,-1.63287,3.29126,-0.25318,-0.09376,-0.14546
32.7090,0.26335,-2.89469,3.14636,-0.22629,-0.01563,-0.14560
32.7190,-1.91463,-2.74893,3.11170,-0.23553,-0.14723,-0.15520
32.7291,1.91145,-2.04547,2.69211,-0.24971,0.04483,-0.14595
32.7392,0.24844,-2.80600,2.96113,-0.22887,-0.03507,-0.14876
32.7491,1.55669,-2.65791,1.96604,-0.23049,-0.01414,-0.14767
32.7591,0.18999,-2.46523,2.02761,-0.25116,-0.06694,-0.14775
32.7693,2.50245,-2.80653,2.51144,-0.23172,0.05497,-0.14408
32.7791,-0.18551,-3.37923,2.74530,-0.22184,-0.05704,-0.14485
32.7892,-2.64578,-2.82152,2.76437,-0.23644,-0.17525,-0.16340
32.7991,-2.97950,-2.63786,3.03260,-0.23403,-0.14908,-0.16015
32.8092,-0.57429,-2.04652,3.60963,-0.23729,-0.03760,-0.14420
32.8191,-6.61439,-3.68629,4.40298,-0.19611,-0.34163,-0.17578
32.8292,-0.19444,-0.61002,2.79019,-0.28418,-0.02051,-0.15419
32.8393,-2.81000,-3.56652,4.19764,-0.21830,-0.17904,-0.16427
32.8494,-0.93825,-3.80599,3.50199,-0.20468,-0.09462,-0.15943
32.8591,-3.84379,-0.59171,3.06011,-0.29886,-0.20756,-0.16193
32.8692,0.72367,-2.57600,3.35578,-0.23067,0.00962,-0.15251
32.8791,-1.78891,-3.28706,3.26850,-0.22976,-0.14787,-0.16537
32.8891,1.73180,-3.23280,2.67659,-0.21940,0.00092,-0.15248
32.8990,-0.67642,-1.36176,2.65200,-0.26443,-0.07558,-0.14277
32.9090,3.24466,-3.06607,2.04447,-0.22312,0.09706,-0.15010
32.9190,-2.50286,-2.64159,2.75332,-0.24177,-0.18082,-0.16339
32.9291,4.62116,-2.42344,2.18331,-0.24242,0.16102,-0.13725
32.9393,1.80996,-2.37912,2.94629,-0.23777,0.00913,-0.14119
32.9491,2.73704,-3.88001,2.37306,-0.20117,0.05874,-0.14733
32.9592,0.70521,-1.18618,1.57035,-0.28876,-0.03938,-0.15238
32.9692,4.37854,-2.45110,1.80540,-0.23306,0.14681,-0.14275
32.9792,0.66799,-2.63199,2.74649,-0.23573,-0.01965,-0.15028
32.9892,-0.16417,-3.36378,2.50947,-0.23065,-0.03973,-0.16349
32.9991,0.89409,-1.99454,2.12614,-0.26757,-0.01589,-0.15923
33.0094,1.39061,-3.22180,3.18197,-0.21125,0.03894,-0.14642
33.0192,-2.43134,-2.93058,3.50266,-0.22160,-0.16505,-0.16409
33.0293,2.22178,-1.53188,1.78861,-0.26938,0.04643,-0.15000
33.0390,-0.59847,-2.81268,2.99500,-0.23851,-0.07710,-0.15170
33.0492,0.66911,-3.66463,2.72523,-0.21040,-0.03486,-0.15890
33.0593,-1.08765,-1.35403,2.55668,-0.27382,-0.08403,-0.15212
33.0691,1.45624,-2.57602,2.91815,-0.22804,0.02385,-0.14498
33.0791,-1.79350,-1.99853,3.03549,-0.25654,-0.10989,-0.16296
33.0893,-0.17792,-3.14974,2.95619,-0.21927,-0.05969,-0.16328
33.0990,-1.14734,-1.00994,3.08657,-0.27379,-0.08046,-0.15543
33.1096,0.78412,-3.37697,3.37712,-0.20843,-0.00849,-0.15556
33.1194,-3.41646,-2.29177,3.02586,-0.25712,-0.21927,-0.17619
33.1294,2.02708,-2.00551,2.41846,-0.25035,0.05140,-0.15247
33.1392,-1.08051,-3.06336,3.67619,-0.21647,-0.09506,-0.15550
33.1492,1.42373,-2.88883,2.53640,-0.21159,-0.01870,-0.15870
33.1591,-0.48280,-1.45643,1.94825,-0.27323,-0.07149,-0.16372
33.1690,2.05378,-2.61413,2.33643,-0.23537,0.05147,-0.15214
33.1791,0.47523,-2.42459,2.69488,-0.24199,-0.03146,-0.16368
33.1892,1.77361,-2.78050,2.39854,-0.21832,-0.00499,-0.15946
33.1991,0.72914,-2.19491,2.06575,-0.26124,-0.02342,-0.15992
33.2092,2.52418,-3.36361,2.23942,-0.22108,0.05959,-0.15347
33.2191,-1.07881,-2.78381,2.60995,-0.23525,-0.09493,-0.15971
33.2296,1.87720,-2.12089,2.01550,-0.24852,0.03818,-0.15161
33.2394,-0.04609,-2.58514,2.36569,-0.23349,-0.06896,-0.16067
33.2492,0.47404,-3.39938,2.40753,-0.21892,-0.02918,-0.15903
33.2592,-1.19918,-1.68805,2.32165,-0.25735,-0.05870,-0.15914
33.2692,0.40641,-2.19595,2.35352,-0.23628,0.01282,-0.15343
33.2794,-0.83857,-2.18584,2.38875,-0.25669,-0.07561,-0.15463
33.2891,0.12438,-2.71290,2.44166,-0.23977,-0.04361,-0.15866
33.2991,-0.31580,-1.48177,2.78719,-0.25727,-0.05169,-0.15042
33.3092,0.82095,-2.32760,2.89165,-0.23894,-0.01024,-0.15277
33.3189,-1.74407,-2.55875,2.84910,-0.24703,-0.10433,-0.16253
33.3290,0.19738,-1.95972,2.80602,-0.25341,0.00125,-0.15579
33.3392,-1.09844,-2.57031,3.22720,-0.22945,-0.05463,-0.15315
33.3492,-0.11495,-2.48706,2.92628,-0.23903,-0.06154,-0.14956
33.3590,-0.69055,-1.99385,2.57068,-0.25123,-0.06841,-0.14657
33.3693,0.50491,-2.21488,2.75835,-0.24815,0.00883,-0.12810
33.3795,-0.62508,-2.57448,3.14251,-0.23453,-0.06239,-0.10502
33.3890,0.34782,-2.33953,2.49566,-0.25192,-0.00962,-0.08992
33.3991,0.02517,-2.24915,2.45565,-0.24905,-0.02271,-0.06502
33.4091,0.69956,-2.85031,2.62523,-0.22853,0.01017,-0.04297
33.4191,-0.82799,-2.16287,2.44335,-0.26169,-0.06575,-0.02070
33.4291,0.91466,-2.33786,2.09209,-0.25187,0.02610,0.00223
33.4393,-0.85313,-2.34140,2.42026,-0.25117,-0.05170,0.02432
33.4492,-0.09791,-2.88722,2.18663,-0.24282,-0.02311,0.04286
33.4594,-1.27782,-1.40039,2.01961,-0.29808,-0.06293,0.05148
33.4690,0.13631,-2.12843,2.15817,-0.25861,0.00174,0.05184
33.4791,-1.03557,-1.67450,1.94547,-0.27106,-0.08244,0.04218
33.4892,0.06570,-2.54817,2.02756,-0.25665,-0.02345,0.04315
33.4991,-0.66289,-1.64592,2.02599,-0.28390,-0.02735,0.04579
33.5092,0.38074,-3.00618,2.24502,-0.23378,-0.00790,0.04447
33.5192,-1.49904,-1.74331,1.73680,-0.28090,-0.06224,0.03836
33.5293,0.71010,-3.01847,2.20093,-0.24872,0.01017,0.04716
33.5392,-0.86267,-2.38551,2.54141,-0.25040,-0.03971,0.04597
33.5490,0.29088,-2.97385,2.42830,-0.22769,-0.01922,0.04586
33.5591,-0.79162,-1.86432,1.77211,-0.28259,-0.04909,0.04299
33.5693,0.13596,-4.16632,2.76274,-0.22929,0.00113,0.04921
33.5791,-0.53942,-2.60464,2.46201,-0.26625,-0.03375,0.04910
33.5890,0.30769,-3.13632,2.68425,-0.23635,-0.00563,0.04526
33.5992,-0.28066,-2.51782,2.53847,-0.27172,-0.03174,0.04663
33.6091,0.67179,-4.01056,3.34931,-0.21535,0.00799,0.04713
33.6190,-0.43975,-2.16092,2.75861,-0.27863,-0.03434,0.04632
33.6293,0.46326,-2.95951,2.72866,-0.24692,0.01347,0.04916
33.6390,-0.58058,-2.58041,2.53598,-0.26884,-0.02892,0.05024
33.6491,0.48090,-3.93578,3.07589,-0.22047,0.00444,0.04894
33.6592,-0.19072,-1.67805,2.24799,-0.28591,-0.01746,0.04914
33.6692,0.46260,-2.99683,2.59492,-0.24641,-0.00859,0.04756
33.6790,-0.19770,-2.57786,2.42393,-0.27260,-0.02235,0.04869
33.6891,0.05591,-3.43946,2.22513,-0.24716,-0.00710,0.05300
33.6990,-0.72335,-2.23334,1.58518,-0.28064,-0.03333,0.04405
33.7093,-0.09552,-3.83209,1.93724,-0.22725,-0.01569,0.04949
33.7193,-0.81563,-1.99686,0.48996,-0.29116,-0.05171,0.04898
33.7292,-0.58794,-3.63233,0.78116,-0.23483,-0.04906,0.04309
33.7390,-0.44763,-3.09558,0.42210,-0.24999,-0.04736,0.04644
33.7491,-1.20667,-3.69834,0.08756,-0.23927,-0.05715,0.04583
33.7591,-1.80173,-2.13418,-1.41306,-0.29711,-0.07542,0.04452
33.7691,-1.10040,-4.16236,0.69843,-0.22956,-0.06517,0.04443
33.7791,-0.56467,-3.70776,1.07173,-0.24132,-0.02420,0.05057
33.7891,-1.54580,-2.62392,1.51735,-0.26477,-0.07303,0.04640
33.7990,-0.87306,-2.94732,1.94408,-0.27523,-0.04212,0.04622
33.8090,-0.09077,-3.80252,4.42672,-0.22578,-0.02325,0.05612
33.8191,-1.08223,-3.38228,5.05475,-0.25030,-0.04390,0.05023
33.8290,-1.42169,-1.92339,5.67334,-0.29131,-0.03161,0.05428
33.8390,-0.26144,-2.54560,5.90767,-0.27279,-0.04113,0.05358
33.8492,-0.53262,-2.80027,5.87287,-0.27004,-0.02877,0.05222
33.8591,-1.37636,-1.98539,5.65763,-0.28829,-0.06681,0.05849
33.8694,-0.09487,-1.93058,5.22324,-0.27830,0.00303,0.06130
33.8792,-0.61193,-3.16698,5.18379,-0.24935,-0.04048,0.05301
33.8894,0.31688,-3.04459,5.04006,-0.25603,-0.01003,0.04994
33.8991,-0.21927,-2.52395,4.92219,-0.27350,-0.01475,0.05061
33.9092,0.11270,-2.32849,4.32176,-0.27592,0.00486,0.06149
33.9189,-0.30485,-1.81561,3.48194,-0.30699,-0.02179,0.05496
33.9293,0.55362,-2.21529,2.88605,-0.27928,0.01375,0.05186
33.9391,0.06528,-3.01924,2.48981,-0.26365,0.00062,0.04636
33.9491,0.08985,-2.54953,0.98355,-0.27764,-0.00268,0.05473
33.9591,-0.72580,-1.70526,-0.78546,-0.32071,-0.03885,0.05210
33.9689,-0.16552,-2.58626,-0.04199,-0.28299,-0.02698,0.05230
33.9790,0.24067,-3.67184,-0.15227,-0.23972,0.01142,0.05012
33.9891,-0.62021,-1.37221,-2.04202,-0.33597,-0.02597,0.05839
33.9992,-2.14202,-1.56997,-2.67576,-0.32428,-0.06542,0.04468
34.0090,-0.05030,-3.73958,-0.18395,-0.25362,-0.03885,0.05763
34.0192,0.33769,-3.67243,-0.57487,-0.24505,0.00728,0.06363
34.0292,-1.62428,-0.95813,-0.18313,-0.32306,-0.08941,0.05319
34.0390,0.47978,-3.93384,1.33470,-0.23762,-0.00579,0.05039
34.0492,0.12076,-2.44876,2.38049,-0.28660,-0.01883,0.05061
34.0590,0.57874,-3.89509,2.83567,-0.24629,0.02209,0.05135
34.0693,-0.43388,-2.68150,3.91091,-0.27669,-0.00984,0.05382
34.0790,1.41332,-3.36968,4.15788,-0.26761,0.03311,0.05424
34.0888,0.07133,-3.37019,5.09824,-0.25907,-0.01132,0.05076
34.0990,0.03362,-2.72942,5.61813,-0.25355,-0.01337,0.05393
34.1091,0.34424,-3.37150,6.12848,-0.24943,0.00387,0.05621
34.1189,-1.10262,-2.76689,5.30743,-0.26841,-0.07753,0.04522
34.1290,-0.15281,-2.84592,5.06410,-0.28497,-0.01495,0.04846
34.1392,-1.78540,-3.34848,5.05788,-0.25427,-0.07720,0.04962
34.1491,-1.72226,-2.36792,4.03123,-0.28084,-0.06141,0.04724
34.1592,-3.57371,-2.30107,2.90551,-0.28198,-0.14795,0.03938
34.1690,-1.63160,-2.49963,3.39289,-0.28988,-0.05601,0.04472
34.1793,-2.41309,-3.60696,3.77359,-0.26296,-0.09687,0.04849
34.1892,-1.04674,-2.10772,1.73063,-0.29379,-0.05185,0.04762
34.1990,-2.20285,-1.05166,0.79431,-0.32945,-0.10398,0.03703
34.2094,-0.10431,-3.28977,1.99414,-0.25807,-0.03787,0.04211
34.2191,0.02722,-2.76816,1.51808,-0.26333,-0.02277,0.04865
34.2292,-0.48307,-2.40474,1.85521,-0.28023,-0.03063,0.04676
34.2391,0.61341,-2.72187,1.81083,-0.28550,-0.00774,0.05101
34.2490,1.78424,-3.72375,2.56994,-0.25278,0.04059,0.04336
34.2590,1.50618,-3.04906,2.16733,-0.26385,0.04033,0.04620
34.2693,1.14813,-2.93357,2.77002,-0.26193,0.00782,0.05068
34.2792,2.13864,-3.33744,2.76507,-0.27113,0.05761,0.04869
34.2890,1.26338,-2.96703,2.12068,-0.27021,0.02255,0.04578
34.2990,0.56246,-2.97918,2.26605,-0.26164,0.01173,0.04581
34.3089,0.87882,-3.23559,2.65818,-0.24784,0.01176,0.05769
34.3190,0.94870,-2.78321,1.77567,-0.27532,0.01306,0.05710
34.3292,0.01254,-2.91325,2.19737,-0.27442,-0.02745,0.05367
34.3392,0.36079,-2.98702,2.31442,-0.25668,0.00445,0.05196
34.3489,-0.48381,-2.60678,2.25762,-0.27434,-0.03544,0.05634
34.3590,-0.36147,-2.15961,1.56035,-0.29231,-0.03517,0.05028
34.3690,-0.95279,-2.73602,2.67390,-0.27754,-0.03725,0.05101
34.3791,-0.25512,-3.50573,3.31716,-0.26216,-0.02509,0.05887
34.3891,-0.23041,-2.25437,3.40197,-0.29602,-0.03702,0.05787
34.3992,-0.37089,-2.53377,3.61451,-0.27234,-0.05084,0.05420
34.4092,0.11046,-2.90804,4.00118,-0.27335,-0.03132,0.06060
34.4191,-0.28023,-3.07607,3.61571,-0.28182,-0.02389,0.05035
34.4291,-0.67338,-1.51452,3.57203,-0.29857,-0.03261,0.05747
34.4392,0.16840,-3.07344,3.56583,-0.27062,-0.00076,0.05316
34.4493,-0.64521,-2.43324,3.41500,-0.27258,-0.03674,0.05356
34.4591,-0.10891,-2.68067,2.38596,-0.26606,-0.00965,0.05386
34.4693,-0.84732,-1.93869,2.37105,-0.30733,-0.05056,0.05883
34.4791,0.23188,-3.27280,2.51982,-0.26031,-0.00937,0.05487
34.4890,-0.82348,-2.30032,2.29905,-0.29620,-0.04757,0.05288
34.4991,-0.35936,-3.22328,2.07058,-0.26421,-0.02168,0.06021
34.5092,-0.54849,-2.59473,2.13144,-0.27036,-0.03701,0.05616
34.5192,0.14012,-2.88386,1.52941,-0.26020,-0.01771,0.05676
34.5294,-0.96364,-2.26207,1.64370,-0.29307,-0.05857,0.05771
34.5392,0.29852,-3.43545,1.69114,-0.26543,-0.00188,0.06042
34.5491,-0.64056,-2.27494,1.44562,-0.28522,-0.03708,0.05555
34.5593,-0.08045,-2.59338,0.91364,-0.28511,-0.01871,0.05373
34.5692,-0.85244,-2.49143,1.94672,-0.28361,-0.05355,0.04965
34.5791,0.40272,-2.98796,2.43752,-0.26122,-0.00629,0.05898
34.5890,-0.32470,-2.28467,2.73843,-0.28165,-0.02087,0.05902
34.5990,-0.03285,-3.00716,2.56904,-0.28471,-0.02408,0.05311
34.6091,-0.18712,-3.25527,3.47828,-0.25977,-0.02903,0.05753
34.6193,0.92316,-2.35095,2.96805,-0.27559,0.00263,0.05677
34.6292,-0.59495,-2.48044,3.49490,-0.28034,-0.04554,0.05341
34.6390,0.64428,-2.75643,3.44107,-0.27436,0.01232,0.05763
34.6494,-0.10666,-3.07898,3.74150,-0.26676,-0.01646,0.05211
34.6591,0.48676,-2.93447,3.62783,-0.26499,-0.00588,0.05504
34.6690,-0.31119,-2.63147,3.97380,-0.27177,-0.02298,0.05458
34.6791,0.91891,-2.74820,3.61971,-0.26086,-0.00077,0.05578
34.6893,-0.24247,-3.03903,3.96197,-0.26635,-0.03609,0.05239
34.6990,0.41031,-2.97175,3.30282,-0.27367,-0.02031,0.05181
34.7093,-0.42607,-2.61915,3.39117,-0.26179,-0.03940,0.05211
34.7193,0.01385,-2.89013,3.07144,-0.26704,-0.01174,0.05458
34.7292,-0.35832,-3.29033,3.18440,-0.26189,-0.05061,0.05439
34.7389,-0.06330,-3.10369,2.98885,-0.25935,-0.01700,0.05285
34.7491,-0.47480,-2.81175,2.65704,-0.26947,-0.04325,0.05247
34.7590,-0.36273,-2.45289,1.75606,-0.28479,-0.02813,0.04880
34.7694,-1.05354,-2.99656,2.04151,-0.26486,-0.04907,0.05355
34.7790,-0.19326,-2.83851,1.50067,-0.27225,-0.01390,0.05037
34.7894,-0.76652,-2.21759,1.02254,-0.29460,-0.04902,0.04987
34.7993,-0.97724,-2.42688,0.48463,-0.28510,-0.04514,0.05342
34.8093,-0.77537,-2.60175,1.22117,-0.26315,-0.04662,0.05593
34.8191,-0.24860,-1.45990,-0.13724,-0.29771,-0.00574,0.05226
34.8290,-1.67819,-1.98806,0.49497,-0.29275,-0.08107,0.05371
34.8395,-0.18617,-2.52836,0.31590,-0.28413,-0.01671,0.05403
34.8492,-0.90159,-2.35810,0.98194,-0.28763,-0.04442,0.04735
34.8590,-0.28133,-2.40661,1.04975,-0.27569,-0.02256,0.05419
34.8692,-1.24843,-1.72822,2.12346,-0.30107,-0.06152,0.05805
34.8793,0.58304,-3.44975,2.55027,-0.25937,0.01520,0.05281
34.8892,-0.98798,-2.53210,3.04752,-0.28927,-0.05953,0.05592
34.8990,0.40255,-2.58453,3.21511,-0.27495,-0.02132,0.06238
34.9089,-0.38640,-2.70802,3.78908,-0.27979,-0.02794,0.07017
34.9189,-0.34652,-2.12485,2.47650,-0.30536,-0.02818,0.06941
34.9290,-0.62884,-2.25803,3.05133,-0.28122,-0.04638,0.07336
34.9390,-0.24589,-2.17322,2.69438,-0.29690,-0.01603,0.07023
34.9495,-1.37661,-2.11579,3.12434,-0.28445,-0.04485,0.07738
34.9589,-1.02192,-1.88307,2.81688,-0.30113,-0.03277,0.07082
34.9690,-0.94646,-3.09729,4.30415,-0.27917,-0.02400,0.07029
34.9791,-0.33505,-2.84352,4.37935,-0.26772,-0.01465,0.06911
34.9894,-0.15021,-3.32755,4.47749,-0.25487,-0.01172,0.06955
34.9992,0.24978,-2.64950,4.02519,-0.28365,0.01417,0.07451
35.0093,0.83771,-3.75881,4.27593,-0.24629,0.01387,0.07576
35.0189,0.22490,-2.29092,3.41851,-0.29580,0.00217,0.06921
35.0290,0.00073,-3.19149,3.59371,-0.27273,-0.00994,0.07102
35.0391,0.05791,-2.05780,2.95437,-0.29991,0.00532,0.06783
35.0493,-0.23955,-3.03406,3.28067,-0.26858,-0.00832,0.06575
35.0590,-0.60537,-2.18045,2.85620,-0.30036,-0.01320,0.05984
35.0692,-0.56493,-3.31812,3.13609,-0.27712,-0.00678,0.06496
35.0789,-0.72995,-2.46403,2.58077,-0.28623,-0.01059,0.05849
35.0892,-0.76401,-2.91190,2.64314,-0.28121,-0.00739,0.05302
35.0990,-0.53862,-2.47588,2.46206,-0.28175,0.00160,0.05351
35.1093,-0.57287,-3.60105,2.81202,-0.25054,-0.00362,0.05193
35.1193,-0.54117,-2.34920,2.39380,-0.29302,-0.00206,0.05812
35.1293,-0.40981,-3.15954,2.68742,-0.26487,-0.01121,0.04610
35.1391,-0.60311,-2.44419,2.63570,-0.28644,-0.01870,0.03901
35.1493,-0.55186,-3.17326,2.82108,-0.25398,-0.01078,0.03131
35.1589,-1.05604,-2.23297,2.51473,-0.28622,-0.01158,0.02795
35.1692,-0.70970,-3.44308,2.75140,-0.25998,-0.00863,0.02898
35.1790,-0.72906,-2.27125,2.32295,-0.29607,-0.01779,0.03181
35.1892,-0.93892,-1.85294,1.44842,-0.30363,-0.00837,0.03175
35.1991,-0.98660,-1.76499,1.21614,-0.30543,-0.02241,0.03342
35.2093,-0.85433,-2.89262,1.69985,-0.26883,-0.01610,0.04066
35.2191,-0.35367,-1.87992,1.08498,-0.31923,0.00628,0.04963
35.2294,-1.12764,-2.67444,1.53523,-0.28398,-0.02305,0.04506
35.2391,-0.61629,-2.32952,0.97376,-0.30229,-0.00901,0.04446
35.2492,-0.64515,-3.39754,1.66646,-0.27585,-0.01914,0.04161
35.2591,-0.65563,-2.30813,1.11474,-0.29884,-0.01424,0.04263
35.2692,-1.21683,-3.36819,2.12482,-0.26906,-0.01919,0.04370
35.2791,-0.96791,-2.90675,1.92992,-0.28419,-0.00772,0.04776
35.2889,-1.12965,-3.06629,2.66071,-0.27561,-0.00160,0.04111
35.2989,-0.79389,-2.61574,3.11278,-0.28062,-0.01675,0.04092
35.3092,-0.41686,-3.16195,3.62972,-0.26947,-0.00930,0.04081
35.3191,-0.60014,-2.57744,3.26206,-0.29833,0.00653,0.04259
35.3295,-0.64046,-3.17730,3.80002,-0.26681,0.00754,0.04202
35.3391,-0.52488,-2.65691,3.61940,-0.29077,0.01054,0.04563
35.3492,-0.33079,-2.46576,3.31401,-0.29326,-0.00370,0.04740
35.3593,-0.59916,-1.72022,2.74341,-0.31827,-0.00963,0.04220
35.3694,-0.72429,-2.51163,3.13748,-0.29687,-0.00971,0.04385
35.3794,-0.71753,-2.37292,3.05445,-0.31283,0.00301,0.04970
35.3892,-0.83553,-1.37733,2.65880,-0.32179,-0.01808,0.03964
35.3989,-1.08219,-1.99730,2.02514,-0.33118,-0.01120,0.04149
35.4091,-0.95339,-2.68749,2.66167,-0.29974,-0.00989,0.04471
35.4189,-0.99659,-1.16519,1.86007,-0.33775,-0.00725,0.04943
35.4292,-0.86415,-1.81120,2.06844,-0.32670,-0.01662,0.04559
35.4391,-0.53500,-1.88209,1.85256,-0.33328,-0.01517,0.04542
35.4492,-0.61096,-2.56276,2.18217,-0.29702,0.00397,0.04239
35.4590,-1.35351,0.66011,0.53938,-0.41659,-0.03375,0.04369
35.4689,-0.90143,-2.70815,1.76594,-0.31185,-0.02080,0.04305
35.4789,-1.05365,-1.49421,1.52604,-0.34597,-0.03135,0.03897
35.4892,-0.45654,-2.53015,1.58953,-0.31291,-0.00120,0.04376
35.4989,-1.53262,-0.71641,1.58025,-0.37415,-0.04522,0.04577
35.5091,-0.00046,-3.82140,2.45840,-0.26703,0.01917,0.04460
35.5194,-0.90191,-0.35029,1.43652,-0.40200,-0.03119,0.04258
35.5291,0.34377,-3.95783,2.76512,-0.27218,-0.00594,0.04652
35.5390,-0.33401,-2.00456,2.73534,-0.33088,-0.01623,0.04431
35.5493,0.22569,-3.83658,2.92322,-0.27284,0.03161,0.04196
35.5590,-1.40186,-0.26287,2.07988,-0.40674,-0.04715,0.04007
35.5691,0.21883,-4.92690,3.38057,-0.24741,0.00250,0.04231
35.5789,-0.68463,-3.53908,3.28839,-0.30596,-0.00360,0.04411
35.5892,-0.89291,-2.01119,2.05031,-0.33055,0.00417,0.04390
35.5991,-0.94340,-1.57567,1.23491,-0.37250,-0.03398,0.04149
35.6093,-0.63548,-3.76930,2.74605,-0.30305,-0.02143,0.04440
35.6192,-0.42192,-2.96514,2.57270,-0.33591,0.00156,0.04339
35.6294,-0.49081,-5.03119,4.27498,-0.26045,-0.01585,0.04056
35.6389,-0.09234,-3.65469,4.22281,-0.29850,0.00094,0.04614
35.6491,0.79242,-4.97189,4.19346,-0.25756,0.03806,0.04213
35.6592,-1.47419,-1.77256,2.85776,-0.37015,-0.03900,0.04683
35.6690,-0.53437,-3.82921,2.80781,-0.29489,0.02158,0.04616
35.6793,-0.33663,-1.98181,2.09735,-0.34139,-0.01195,0.03957
35.6890,-0.52947,-2.39390,1.21025,-0.35081,0.00489,0.04028
35.6992,-1.80546,-0.55792,0.69347,-0.41017,-0.04234,0.04215
35.7093,-1.10603,-2.13122,1.32872,-0.34835,-0.00636,0.04164
35.7190,-1.33195,-0.62376,0.98096,-0.40854,-0.01825,0.04804
35.7293,-0.68371,-3.31992,2.37259,-0.32948,-0.02488,0.04149
35.7389,-0.40379,-2.84504,3.00608,-0.34211,-0.00535,0.04315
35.7495,0.04272,-3.35603,2.91942,-0.31627,0.01874,0.04215
35.7591,-1.56292,-1.25293,1.92806,-0.39467,-0.02363,0.04098
35.7692,-0.28023,-4.02861,3.02461,-0.30707,0.01222,0.04047
35.7790,-0.10453,-2.89444,3.15471,-0.33657,0.00350,0.04368
35.7888,0.23147,-4.17946,3.35781,-0.30888,0.01686,0.04071
35.7988,-0.62240,-2.69149,2.91790,-0.35179,-0.01196,0.04602
35.8093,-0.16887,-4.64616,3.51820,-0.29248,0.01572,0.04432
35.8191,-0.51722,-1.54565,2.37435,-0.38704,-0.00915,0.04527
35.8291,-0.68063,-2.99922,2.38926,-0.33973,-0.00936,0.04289
35.8391,-0.57512,-2.40397,2.10897,-0.36670,0.00314,0.04385
35.8491,-0.11197,-3.50468,2.28084,-0.33498,0.01452,0.03751
35.8592,0.22433,-2.26645,1.75304,-0.38400,0.02401,0.04553
35.8692,0.23541,-4.31250,3.13160,-0.30324,0.01533,0.03917
35.8792,0.81843,-2.28676,2.96120,-0.35103,0.03621,0.04416
35.8890,0.29713,-4.05180,3.34780,-0.32048,0.02257,0.04417
35.8990,0.63927,-2.76997,2.71318,-0.34344,0.00574,0.05110
35.9092,0.58956,-4.44482,3.11374,-0.30295,0.01402,0.04968
35.9192,0.24443,-2.10883,2.34908,-0.36386,0.01622,0.04986
35.9292,-0.86579,-3.72776,2.79001,-0.32729,-0.03720,0.05066
35.9391,-0.47043,-3.23584,2.65706,-0.34252,0.01142,0.04727
35.9492,-0.93113,-3.48601,2.91901,-0.32424,-0.02513,0.04081
35.9590,-1.28171,-2.34987,2.56560,-0.36384,-0.02305,0.04666
35.9690,-1.38661,-3.56196,3.06859,-0.32392,-0.03642,0.04477
35.9791,-0.89004,-3.14690,3.04602,-0.34125,-0.02786,0.04578
35.9892,-1.28923,-2.49035,2.82665,-0.35194,-0.03572,0.04350
35.9994,-1.01485,-2.31355,2.20377,-0.36492,-0.02219,0.04587
36.0091,-1.51985,-2.80293,2.50343,-0.36286,-0.02636,0.04265
36.0192,-0.93089,-1.77616,1.93926,-0.39252,-0.02572,0.04209
36.0291,-1.55284,-2.87033,2.73687,-0.35321,-0.03429,0.04239
36.0392,-0.76317,-2.56488,2.50598,-0.37428,-0.01327,0.04702
36.0492,-0.34729,-3.31505,2.77065,-0.33174,-0.00949,0.05067
36.0592,-0.93370,-2.38402,2.37776,-0.36918,-0.00147,0.04865
36.0692,-0.31097,-4.11240,2.68266,-0.32809,-0.00461,0.04682
36.0791,-0.33753,-2.38897,2.48106,-0.37703,0.00525,0.04894
36.0893,-0.21016,-3.66698,2.83599,-0.33127,0.01814,0.04622
36.0990,-0.19577,-2.87760,2.39716,-0.37328,0.01689,0.04803
36.1091,0.11640,-3.71468,2.62709,-0.34057,0.00045,0.04321
36.1191,0.03772,-2.18063,2.13206,-0.38468,0.02989,0.04490
36.1292,-0.36154,-3.39620,2.51499,-0.34618,-0.01651,0.04836
36.1395,0.04488,-2.38504,2.02537,-0.36593,0.00934,0.04592
36.1491,-0.23847,-2.72813,2.06627,-0.35896,-0.00083,0.05131
36.1592,-0.58382,-1.93939,1.76547,-0.39215,0.01206,0.05240
36.1691,-1.18669,-3.16203,2.39633,-0.35071,-0.02244,0.04524
36.1791,-0.44850,-2.70708,2.32379,-0.37040,0.01268,0.05169
36.1891,-1.16190,-3.05821,2.73387,-0.34527,-0.02980,0.04954
36.1992,-0.94206,-2.62147,2.54984,-0.37299,-0.00579,0.05344
36.2092,-0.97750,-2.94229,2.79367,-0.35241,-0.03080,0.05132
36.2191,-1.45372,-2.47883,2.38083,-0.38038,-0.03180,0.04688
36.2293,-1.37620,-2.88142,2.48986,-0.34912,-0.03952,0.05065
36.2391,-0.93105,-2.44472,2.14285,-0.37617,-0.02349,0.04537
36.2491,-1.01769,-3.21593,2.73681,-0.34601,-0.02571,0.05434
36.2591,-1.17947,-2.53663,2.68769,-0.36940,-0.02291,0.04638
36.2689,-0.83878,-3.28365,2.69326,-0.35070,-0.02973,0.04912
36.2790,-0.93751,-2.51253,2.62503,-0.36991,0.00223,0.04718
36.2892,-0.58313,-3.21174,2.47758,-0.35551,-0.01657,0.05114
36.2994,-0.76511,-2.66957,2.47646,-0.37137,-0.01803,0.05055
36.3091,-0.79891,-3.02892,2.18224,-0.36216,-0.01158,0.04896
36.3192,-1.03030,-2.42015,1.96731,-0.37973,-0.01140,0.04747
36.3291,-0.73775,-2.74792,2.33506,-0.35787,-0.01758,0.04580
36.3392,-0.68683,-2.66653,2.36874,-0.36715,-0.01909,0.04929
36.3490,-0.47991,-2.69338,2.22589,-0.36606,-0.01756,0.05298
36.3591,-0.72687,-2.05065,1.94284,-0.37926,-0.01268,0.04916
36.3693,-0.63333,-2.91237,2.14964,-0.36698,-0.00986,0.04803
36.3793,-0.42731,-2.43359,1.86299,-0.38296,-0.00924,0.05027
36.3892,-0.79442,-2.86646,2.30601,-0.35947,-0.00251,0.04886
36.3990,-0.58916,-2.51046,2.39315,-0.37906,-0.00491,0.04721
36.4092,-0.53909,-2.94846,2.42668,-0.35615,-0.00826,0.04472
36.4191,-0.67373,-2.32098,2.12893,-0.38053,-0.02307,0.04951
36.4293,-0.80359,-2.80216,2.12579,-0.36820,-0.00930,0.05390
36.4390,-0.81236,-2.63835,2.02966,-0.37620,-0.01172,0.04914
36.4494,-0.72853,-3.06467,2.32866,-0.35713,-0.01450,0.04736
36.4591,-0.92399,-2.62040,2.25134,-0.38019,-0.00552,0.04775
36.4691,-0.54072,-3.30181,2.51366,-0.35541,-0.00286,0.04660
36.4793,-0.55044,-2.78580,2.53282,-0.37611,0.00591,0.04993
36.4890,-0.02688,-3.21500,2.59781,-0.35776,-0.00143,0.04810
36.4991,-0.36069,-2.88024,2.55983,-0.37007,-0.00329,0.04840
36.5092,-0.17213,-3.35394,2.24476,-0.36514,-0.00088,0.05116
36.5188,-0.21986,-2.85656,2.35345,-0.36905,0.00240,0.04864
36.5294,-0.55500,-3.24829,2.61562,-0.35653,-0.01013,0.04920
36.5391,-0.24315,-2.86491,2.49956,-0.36620,-0.00316,0.04515
36.5493,-0.32863,-3.68181,2.72116,-0.34832,-0.00372,0.04682
36.5592,-0.45128,-2.34322,2.27772,-0.38651,0.00359,0.04559
36.5691,-0.64358,-3.16267,2.42885,-0.37037,-0.00756,0.04594
36.5792,-0.66227,-2.61309,2.04341,-0.37976,-0.00392,0.04565
36.5891,-0.88280,-3.04214,2.13027,-0.36884,-0.01825,0.04682
36.5992,-0.71186,-2.49779,2.19068,-0.37420,-0.00127,0.04865
36.6094,-1.04490,-2.72726,2.27186,-0.37502,-0.01739,0.04888
36.6192,-0.94262,-2.78652,2.38551,-0.37338,-0.01532,0.04702
36.6291,-1.09154,-2.60120,2.25582,-0.38078,-0.02458,0.04970
36.6392,-0.73505,-2.78929,2.10834,-0.36946,-0.01418,0.04936
36.6493,-1.07240,-2.71726,2.01702,-0.37675,-0.02428,0.04560
36.6591,-0.81128,-2.65436,2.15078,-0.37090,-0.01133,0.04298
36.6695,-1.11375,-2.55073,2.07851,-0.37856,-0.02082,0.04338
36.6791,-0.77634,-2.52269,2.14580,-0.36945,-0.00647,0.04538
36.6891,-0.91893,-2.44432,2.18293,-0.38008,-0.02142,0.04578
36.6990,-0.67726,-2.32487,2.33294,-0.36478,-0.00922,0.04511
36.7092,-1.07158,-2.80565,2.49322,-0.36803,-0.01557,0.04097
36.7190,-0.77958,-2.79602,2.33796,-0.36248,-0.01200,0.04309
36.7290,-0.91595,-2.29120,2.12073,-0.37194,-0.01853,0.04197
36.7390,-0.74095,-2.60511,2.16774,-0.37698,-0.01421,0.04484
36.7490,-0.58981,-2.47783,2.10610,-0.36712,-0.01019,0.04191
36.7591,-0.57021,-2.53990,2.26135,-0.36845,-0.00224,0.03741
36.7691,-0.56327,-2.66780,2.13955,-0.37336,-0.01508,0.02984
36.7788,-0.45595,-2.85166,2.11378,-0.37725,-0.01406,0.01837
36.7888,-0.54267,-2.66084,2.12699,-0.36409,-0.01025,-0.00370
36.7992,-0.93116,-2.65292,1.88204,-0.36719,-0.00660,-0.02222
36.8090,-0.86264,-2.71955,2.19838,-0.37822,-0.00440,-0.04312
36.8190,-0.55947,-2.61230,2.20121,-0.35938,-0.01204,-0.05109
36.8289,-0.51825,-2.87202,2.25321,-0.35764,-0.00825,-0.06793
36.8392,-0.74698,-2.87535,2.45308,-0.36251,0.00396,-0.07169
36.8491,-0.60565,-2.69341,2.36254,-0.36264,-0.00743,-0.07905
36.8593,-0.76567,-2.44505,2.27815,-0.35901,-0.00140,-0.08030
36.8691,-0.30406,-2.44673,2.21913,-0.36765,-0.01940,-0.08059
36.8790,-0.60615,-2.36347,2.25457,-0.36774,-0.00892,-0.07695
36.8889,-0.66431,-2.39008,2.16673,-0.37367,-0.00956,-0.07342
36.8990,-0.60533,-2.35226,2.26309,-0.35109,-0.00946,-0.06793
36.9094,-0.61182,-2.60020,2.38500,-0.37550,-0.00920,-0.06126
36.9191,-0.47085,-2.56914,2.18745,-0.36576,-0.00765,-0.06198
36.9292,-0.84766,-2.30688,2.30329,-0.36737,-0.00766,-0.05551
36.9391,-0.44147,-2.70016,2.14025,-0.37481,-0.01580,-0.04736
36.9493,-0.41430,-2.60088,1.99535,-0.38294,-0.01899,-0.03351
36.9590,-0.66445,-2.38484,2.08137,-0.36724,-0.01436,-0.01818
36.9693,-0.60164,-2.43853,2.00018,-0.37504,-0.01507,-0.00797
36.9790,-0.63678,-2.70016,2.10041,-0.37888,-0.01527,0.00336
36.9891,-0.23518,-2.75131,2.21383,-0.36907,-0.01261,0.01453
36.9992,-0.54357,-2.89614,2.41171,-0.36691,-0.01126,0.02118
37.0088,-0.31499,-2.60939,2.20949,-0.36706,-0.00300,0.03085
37.0192,-0.55032,-2.96888,2.25616,-0.36353,0.00123,0.02997
37.0291,-0.31407,-2.56689,2.11761,-0.37412,-0.00509,0.04062
37.0390,-0.34377,-2.32397,2.06433,-0.36997,0.00048,0.04580
37.0490,-0.45644,-2.67953,2.04595,-0.37968,0.00801,0.04426
37.0594,0.08758,-2.83739,2.09924,-0.36439,0.01557,0.04238
37.0692,-0.26833,-2.53188,1.87987,-0.37739,-0.00327,0.04136
37.0792,-0.00181,-2.42171,2.05660,-0.37882,0.01344,0.04435
37.0892,-0.39183,-2.63378,2.09178,-0.37230,-0.00093,0.03967
37.0993,0.15899,-2.65363,2.12117,-0.37927,0.02518,-0.02478
37.1091,-0.56503,-2.55609,2.53118,-0.39290,-0.01398,0.10007
37.1193,0.10200,-2.43971,2.39850,-0.37855,0.01907,0.03524
37.1292,-1.01532,-2.63719,2.06756,-0.38072,-0.00987,0.04100
37.1390,-0.44316,-2.51900,2.08317,-0.37822,0.00301,0.03702
37.1491,-0.92086,-2.58828,2.43176,-0.37802,-0.02722,0.04582
37.1589,-0.46042,-2.52188,2.28735,-0.37315,-0.00860,0.04647
37.1694,-0.92577,-2.49554,2.11806,-0.37434,-0.04140,0.09843
37.1791,-1.12101,-2.52648,2.20761,-0.36510,-0.01902,0.07871
37.1894,-1.30142,-2.56324,2.41427,-0.37214,-0.02828,0.06476
37.1990,-0.97059,-2.64099,2.48738,-0.37094,-0.02156,0.05864
37.2093,-1.35145,-2.55383,2.21625,-0.38692,-0.05449,0.06296
37.2192,-0.69326,-3.01977,2.40293,-0.35902,0.00237,0.05836
37.2294,-0.53572,-1.78602,1.99427,-0.37685,0.01508,0.04744
37.2393,-0.89356,-2.72229,2.28578,-0.36842,-0.05866,-0.04093
37.2491,-0.54628,-2.86729,2.14098,-0.36839,-0.01764,0.01080
37.2591,-0.40819,-2.55275,2.37674,-0.36595,-0.00921,0.00943
37.2692,-0.81859,-2.51476,2.56649,-0.36089,-0.02358,-0.00993
37.2792,-0.75618,-2.49905,2.44366,-0.36352,-0.03430,-0.04779
37.2889,-1.08587,-2.27614,2.18347,-0.36828,-0.01662,-0.08220
37.2991,0.25394,-2.45271,2.33801,-0.35525,0.05599,-0.11720
37.3093,-0.46648,-2.31426,2.33161,-0.36512,-0.04021,-0.15107
37.3194,-0.32942,-2.47758,2.38106,-0.36302,-0.00693,-0.09116
37.3294,-0.36570,-2.33987,1.99455,-0.37245,-0.00993,-0.11721
37.3390,-0.41079,-2.23661,1.85813,-0.36437,-0.02818,-0.12643
37.3492,-0.37902,-2.40323,2.24668,-0.36260,-0.01961,-0.12779
37.3591,-0.34951,-2.41652,2.07548,-0.35300,-0.00935,-0.13141
37.3691,-0.51623,-2.49428,2.21929,-0.35415,-0.02326,-0.13851
37.3792,-0.90770,-2.39074,2.26879,-0.35339,-0.02036,-0.14906
37.3890,-0.29089,-2.91437,2.17136,-0.34369,-0.01682,-0.15910
37.3992,-0.61455,-2.34662,2.58691,-0.35380,-0.01474,-0.13867
37.4092,-0.78599,-2.69481,2.10072,-0.35596,-0.01618,-0.14321
37.4192,-0.43990,-2.52485,2.44633,-0.35744,-0.01473,-0.13755
37.4291,-0.00458,-2.21733,2.32821,-0.35430,-0.02540,-0.13984
37.4391,-0.69242,-2.20534,2.41613,-0.35314,-0.01846,-0.14446
37.4491,-0.46922,-2.24075,2.44772,-0.36591,-0.01209,-0.15800
37.4590,-0.37859,-2.49661,2.01579,-0.36323,-0.01754,-0.14739
37.4690,-0.47498,-2.13636,2.02829,-0.36042,-0.03012,-0.14232
37.4791,-0.55912,-2.34898,1.94907,-0.35128,-0.02234,-0.14865
37.4892,-0.62036,-2.24776,1.99136,-0.35936,-0.01786,-0.14441
37.4992,-0.63910,-1.91768,2.23083,-0.34881,-0.03385,-0.14495
37.5094,-0.26190,-2.31197,2.09155,-0.36139,-0.01729,-0.15234
37.5192,-0.25845,-2.44410,2.25190,-0.34745,-0.01365,-0.14950
37.5292,-0.34993,-2.19175,2.43769,-0.35063,-0.02710,-0.15060
37.5391,-0.53402,-2.45509,2.41488,-0.34522,-0.02329,-0.14833
37.5492,-0.01423,-2.20139,2.13999,-0.35349,-0.00950,-0.13500
37.5590,-0.05301,-2.21453,2.34636,-0.34898,-0.00299,-0.14642
37.5692,-0.43314,-2.00216,2.22322,-0.35913,-0.00311,-0.15119
37.5792,-0.05173,-2.30299,2.29223,-0.35580,-0.02242,-0.15442
37.5891,-0.57044,-2.28923,2.18958,-0.35510,-0.02406,-0.14850
37.5992,-0.44490,-2.13278,2.32285,-0.35300,-0.02295,-0.14530
37.6092,-0.30036,-2.25083,2.32185,-0.35571,-0.00804,-0.14635
37.6192,-0.44339,-2.18333,2.41457,-0.34837,-0.01547,-0.14298
37.6290,-0.39818,-2.15911,2.61597,-0.35341,-0.01518,-0.15834
37.6391,-0.46112,-2.19977,2.30251,-0.34913,-0.03971,-0.14985
37.6492,-0.61813,-2.01685,2.43970,-0.35968,-0.02631,-0.14318
37.6590,-0.43067,-2.16865,2.05231,-0.35648,-0.02909,-0.14095
37.6690,-0.28309,-2.14546,2.05121,-0.35195,-0.01376,-0.13686
37.6790,-0.40069,-2.26877,2.19065,-0.35414,0.00278,-0.13593
37.6891,-0.43429,-2.19763,2.04145,-0.35701,-0.01596,-0.12972
37.6992,-0.67843,-2.14713,2.36261,-0.35416,-0.03808,-0.11680
37.7092,-0.39069,-2.34561,1.97173,-0.36545,-0.02839,-0.10107
37.7191,-0.22451,-2.50201,2.17298,-0.35159,-0.01604,-0.08502
37.7292,-0.33083,-2.69165,2.54253,-0.35092,0.00127,-0.06773
37.7391,-0.00667,-2.48755,2.31182,-0.35786,-0.00220,-0.05498
37.7491,-0.12024,-2.44643,2.41691,-0.35274,-0.00383,-0.04041
37.7592,-0.46476,-2.21964,2.66392,-0.35773,-0.02357,-0.00818
37.7690,-0.42022,-2.50154,2.43512,-0.36001,-0.01470,-0.01055
37.7791,-0.30964,-2.14557,2.40246,-0.36449,0.00219,-0.00210
37.7891,-0.03209,-2.36914,2.25178,-0.35331,-0.00089,0.00317
37.7992,-0.28482,-2.58610,2.29400,-0.35614,0.00608,0.01372
37.8090,-0.47451,-2.41237,2.07085,-0.36073,-0.01275,0.02434
37.8189,-0.67138,-2.74015,1.96883,-0.36321,-0.02562,0.03944
37.8292,-0.51265,-2.65867,2.13336,-0.36178,-0.00213,0.04262
37.8392,-0.28097,-2.15552,1.88815,-0.36511,0.00975,0.03885
37.8491,-0.51948,-2.50832,1.75392,-0.36440,0.02122,0.04275
37.8590,-0.04274,-2.14807,1.70430,-0.35289,-0.00454,0.04449
37.8691,-0.60039,-2.42579,1.60563,-0.36917,-0.00781,0.04677
37.8791,-0.10865,-2.30368,1.59227,-0.36561,-0.00812,0.05603
37.8891,-0.66213,-2.46375,2.18495,-0.36794,-0.00116,0.05186
37.8991,-0.22254,-2.49411,2.11259,-0.36107,0.01352,0.04427
37.9091,-0.51845,-2.00391,2.10305,-0.36178,-0.01962,0.04035
37.9192,-0.96027,-2.42805,2.40551,-0.35849,-0.01492,0.04147
37.9293,-1.33905,-2.47385,2.34640,-0.36002,-0.01090,0.05321
37.9391,-0.65116,-2.23716,2.29106,-0.36157,-0.01945,0.05473
37.9491,-1.31072,-2.63678,2.51211,-0.36129,-0.02335,0.04484
37.9591,-0.55096,-2.55899,2.99322,-0.35255,0.00428,0.04263
37.9692,-0.90135,-2.66343,3.01215,-0.36399,-0.00716,0.03889
37.9790,-1.05801,-2.53993,3.15535,-0.34573,-0.03376,0.04356
37.9890,-0.74331,-2.71648,3.68003,-0.34994,-0.01706,0.05152
37.9993,-0.34263,-2.64120,4.26052,-0.35166,0.00221,0.05582
38.0095,-1.19835,-2.64198,3.64464,-0.35490,-0.00987,0.04102
38.0190,-0.79483,-2.39276,3.74777,-0.35776,-0.00810,0.04338
38.0290,-0.38100,-2.86772,2.93736,-0.35665,-0.00125,0.04120
38.0394,-1.28570,-2.05886,2.91632,-0.37557,-0.01693,0.04739
38.0492,-0.41962,-2.38950,1.73605,-0.36152,-0.02208,0.04871
38.0592,-0.67925,-2.52877,1.77068,-0.37915,0.00137,0.06272
38.0693,-0.51411,-2.65153,1.25334,-0.35614,-0.00751,0.05252
38.0795,-0.73303,-2.42244,1.13451,-0.36577,-0.01769,0.04335
38.0890,-0.56625,-2.60553,0.84660,-0.35473,-0.00949,0.04272
38.0990,-0.76809,-2.52701,0.80324,-0.36051,-0.02069,0.03909
38.1090,-0.42509,-2.85903,0.59684,-0.36418,-0.03091,0.05342
38.1192,-0.25055,-2.71292,1.11174,-0.35617,0.01411,0.05502
38.1291,-0.40689,-2.70292,1.16739,-0.34461,-0.00343,0.05124
38.1390,-0.13762,-2.85536,1.80957,-0.35509,0.00035,0.04234
38.1491,-0.24965,-2.85040,1.79316,-0.36049,-0.00067,0.03435
38.1590,-0.05121,-2.59154,2.02082,-0.35178,0.00863,0.04810
38.1691,-0.87724,-2.55660,2.27469,-0.35941,-0.01786,0.04813
38.1791,-0.55661,-2.44389,2.18589,-0.35172,0.00626,0.04722
38.1891,-1.32802,-2.48326,2.23447,-0.36609,-0.01087,0.04569
38.1991,-0.58000,-2.47339,2.47623,-0.35008,-0.00736,0.04261
38.2093,-1.72292,-2.07891,2.08288,-0.37134,-0.04793,-0.15092
38.2192,-1.07680,-2.94490,2.76887,-0.35746,-0.01482,-0.02182
38.2289,-1.06076,-2.72802,3.13290,-0.36456,-0.01347,0.02089
38.2392,-0.52923,-2.71493,3.48005,-0.36522,-0.00429,0.05648
38.2491,-0.60606,-2.60470,3.49240,-0.37069,0.00472,0.09632
38.2592,0.20737,-3.19711,3.68548,-0.34542,0.01989,0.00175
38.2693,-0.31520,-2.59261,3.29532,-0.36562,-0.00679,-0.05320
38.2790,0.43172,-2.50174,3.15112,-0.35145,0.01178,0.16771
38.2892,-0.64265,-2.56138,3.32184,-0.35079,-0.00250,-0.07288
38.2991,-0.05582,-2.93670,3.12653,-0.34128,0.00360,0.07091
38.3092,-0.79819,-2.43580,2.52274,-0.36041,-0.02289,0.07272
38.3192,0.15180,-3.13843,3.05359,-0.33369,0.01977,-0.04121
38.3293,-0.23485,-2.28703,2.26215,-0.36242,-0.00785,0.13667
38.3391,-0.30740,-2.89161,1.91324,-0.34511,-0.00843,-0.04366
38.3492,-0.27324,-2.65396,1.79287,-0.34557,-0.00307,0.03860
38.3593,0.41077,-3.47801,2.81771,-0.32242,0.03046,0.05248
38.3691,-0.65499,-2.18130,1.87687,-0.35161,-0.02000,-0.06359
38.3791,0.09430,-2.77349,1.86940,-0.33918,0.00812,0.00514
38.3894,-0.57649,-3.30079,1.95654,-0.32114,-0.03340,-0.02425
38.3992,-0.23996,-3.59247,2.73224,-0.30036,0.00906,-0.03527
38.4090,-1.35413,-1.89198,1.60992,-0.35952,-0.04387,-0.04630
38.4190,-0.70002,-3.83375,1.95089,-0.29429,-0.02886,-0.05610
38.4291,-1.18165,-2.54796,1.71698,-0.34220,-0.05645,-0.06305
38.4390,-1.00708,-2.76095,1.93845,-0.32914,-0.03341,-0.06816
38.4491,-1.67798,-1.21046,1.75817,-0.37677,-0.05900,-0.07514
38.4592,-0.53296,-3.08362,2.65682,-0.31145,-0.02037,-0.08365
38.4690,-1.30778,-1.18566,1.99863,-0.36701,-0.03369,-0.09228
38.4791,-0.54543,-2.77686,2.44564,-0.32702,-0.02201,-0.10078
38.4893,-0.90179,-1.72154,2.33120,-0.35690,-0.03691,-0.10075
38.4992,-0.22956,-2.75943,2.31169,-0.32870,-0.01508,-0.10911
38.5094,-0.97887,-2.05955,2.17355,-0.36181,-0.02223,-0.11406
38.5191,-0.58550,-3.45545,3.98968,-0.28673,-0.00839,-0.11655
38.5291,-0.61937,-1.95488,3.39024,-0.33805,-0.00769,-0.11037
38.5391,-0.37272,-3.32847,4.08185,-0.30104,-0.01794,-0.10647
38.5489,-0.14642,-2.71385,4.03541,-0.32968,-0.00559,-0.10908
38.5589,0.69171,-2.99621,5.00573,-0.29978,0.01969,-0.09639
38.5693,-0.45466,-1.29617,3.36487,-0.36694,-0.00620,-0.10371
38.5794,-0.08745,-1.87141,3.12740,-0.34647,-0.00225,-0.09960
38.5890,0.18783,-2.98243,3.52734,-0.31049,0.00671,-0.10285
38.5991,-0.21848,-3.01894,4.03777,-0.30441,0.00060,-0.08934
38.6094,-0.81303,-1.01804,1.85144,-0.35726,-0.00403,-0.09527
38.6192,-0.92540,-1.87364,1.74787,-0.32470,-0.02577,-0.09065
38.6293,-1.11176,-0.69759,0.11837,-0.38372,-0.02177,-0.08176
38.6393,-1.08555,-1.84829,-0.00602,-0.34304,-0.03858,-0.07242
38.6491,-1.88671,-1.00886,-0.11285,-0.37554,-0.05937,-0.05948
38.6592,-0.63532,-2.58164,0.48017,-0.32513,-0.01906,-0.05395
38.6692,-1.24443,-1.06850,-0.21763,-0.37135,-0.04391,-0.04319
38.6791,-0.99701,-2.70780,0.98590,-0.31568,-0.03081,-0.02097
38.6893,-0.80050,-2.32497,1.42074,-0.33476,-0.02764,-0.00757
38.6991,0.33386,-3.20304,2.16924,-0.30690,0.00554,0.01445
38.7093,-0.43349,-2.60954,2.16645,-0.33299,-0.02485,0.01277
38.7191,0.20270,-3.73769,3.87461,-0.28847,0.00677,0.04348
38.7294,-0.21356,-2.12611,2.87170,-0.33377,0.01311,0.04527
38.7390,-0.57555,-2.61733,3.40712,-0.32620,-0.01282,0.04872
38.7492,-0.41802,-1.89716,3.10134,-0.34444,-0.00656,0.04337
38.7589,0.22154,-2.42931,3.87180,-0.31205,0.01878,0.04938
38.7689,-0.92170,-1.10176,2.70775,-0.35823,-0.03051,0.04925
38.7791,-0.84826,-1.63069,2.40964,-0.34273,-0.02271,0.04549
38.7894,-0.28172,-1.45651,1.91150,-0.34710,0.01222,0.04270
38.7991,-0.20381,-2.34200,2.05183,-0.32321,-0.00457,0.04701
38.8093,-0.89445,-1.32087,0.98166,-0.35443,-0.00784,0.04466
38.8190,-0.31934,-2.19655,1.24416,-0.33817,0.01137,0.04168
38.8292,-0.24167,-1.95545,0.79559,-0.34101,-0.00127,0.04663
38.8392,-0.28054,-2.35386,0.94820,-0.32797,0.00063,0.04334
38.8490,-0.07970,-2.33327,0.72876,-0.33220,0.00226,0.04577
38.8590,0.84777,-3.52236,1.05868,-0.29730,0.04604,0.04328
38.8691,-0.06668,-2.91612,0.87935,-0.30380,-0.00721,0.04081
38.8793,0.47900,-2.83562,0.98891,-0.31043,0.02657,0.04563
38.8892,0.15625,-2.20158,1.10796,-0.32457,-0.00066,0.05006
38.8988,0.66846,-3.31836,1.46602,-0.29102,0.02840,0.04206
38.9093,-0.66056,-2.48145,1.63477,-0.32147,-0.02738,0.03758
38.9190,0.06049,-3.53207,2.43328,-0.28207,0.01730,0.04262
38.9293,-1.01419,-2.07271,2.38176,-0.31610,-0.03464,0.04378
38.9390,-0.69575,-3.06157,2.64084,-0.28990,-0.02819,0.03893
38.9495,-1.63868,-1.85392,3.04041,-0.32027,-0.03875,0.04163
38.9593,-0.46757,-2.95613,3.66902,-0.30474,0.00472,0.04258
38.9694,-1.41257,-1.83305,3.09519,-0.33018,-0.04828,0.04885
38.9793,-1.32067,-2.29517,3.06134,-0.32679,-0.02364,0.04528
38.9892,-0.52431,-3.21857,3.90263,-0.29208,-0.00563,0.04157
38.9992,-0.11130,-2.79700,4.94385,-0.30500,0.01486,0.04605
39.0091,-0.34936,-2.18097,3.58797,-0.32045,-0.01104,0.04436
39.0192,0.80502,-4.17821,4.86128,-0.26919,0.03704,0.04788
39.0291,0.82326,-3.83691,4.10236,-0.28121,0.02324,0.04885
39.0392,0.34453,-3.08986,3.82776,-0.27980,0.03419,0.04674
39.0492,-0.01265,-2.97278,3.15856,-0.30578,0.02796,0.05500
39.0592,1.77109,-5.69132,4.13672,-0.20873,0.06051,0.04445
39.0693,0.22542,-2.73970,2.04077,-0.30608,0.00324,0.03863
39.0791,0.12188,-3.90291,2.45069,-0.25762,0.01936,0.04965
39.0892,-0.29211,-2.81710,2.23556,-0.30478,-0.00076,0.05506
39.0992,0.89932,-5.15636,2.68016,-0.22804,0.03406,0.04442
39.1091,-1.46128,-1.59139,0.68241,-0.35182,-0.05091,0.04955
39.1189,0.40390,-4.67725,2.15350,-0.23252,0.01475,0.04845
39.1293,-0.72436,-2.28510,1.84063,-0.30356,-0.02666,0.05551
39.1393,-0.04613,-5.62631,2.63232,-0.20837,0.01627,0.04329
39.1495,-2.04580,-0.62561,0.74248,-0.37235,-0.05261,0.04680
39.1590,0.22808,-5.29408,2.98811,-0.21122,0.02740,0.04800
39.1693,-1.73739,-0.95120,1.74151,-0.34563,-0.05680,0.04905
39.1792,-1.03985,-2.51443,0.87092,-0.29637,-0.02917,0.03579
39.1890,-3.40776,1.13086,-0.92524,-0.42586,-0.11972,0.04018
39.1994,-0.60134,-1.86284,-0.29677,-0.33659,-0.00819,0.03941
39.2094,-3.21694,1.94504,-1.32195,-0.46046,-0.09165,0.05667
39.2192,-1.44104,-3.31697,1.28018,-0.28062,-0.03672,0.04979
39.2291,-1.48462,-1.18940,1.67075,-0.35122,-0.02840,0.04179
39.2392,-0.57811,-3.12315,3.18228,-0.28673,-0.00884,0.04822
39.2494,-1.13990,-2.02837,3.48143,-0.32723,-0.01457,0.05523
39.2590,2.13682,-6.71497,5.47618,-0.16396,0.08917,0.05017
39.2694,0.41721,-2.38204,3.62064,-0.29692,0.01649,0.04652
39.2792,1.48554,-3.67247,3.20296,-0.25024,0.08138,0.05583
39.2891,1.13195,-2.57399,2.06084,-0.29303,0.04600,0.05932
39.2990,1.94835,-3.04455,1.43909,-0.29106,0.07893,0.04874
39.3090,-1.12217,0.75199,-0.17951,-0.40332,-0.03461,0.04526
39.3189,2.77885,-3.23278,1.58493,-0.28226,0.10270,0.05772
39.3295,-0.32704,-1.71541,0.92941,-0.32720,-0.01611,0.05440
39.3389,1.26535,-2.02672,0.39223,-0.30805,0.06237,0.04215
39.3494,-0.83392,-0.88352,1.23120,-0.36240,-0.03305,0.04465
39.3591,1.78097,-5.22191,4.37734,-0.19543,0.09126,0.05728
39.3690,-1.47430,-0.99723,2.81809,-0.36746,-0.04601,0.04720
39.3791,-0.15160,-2.55815,2.56840,-0.29554,0.01051,0.04301
39.3890,-2.19565,-2.48883,3.22762,-0.29752,-0.07837,0.04803
39.3989,0.37170,-3.85798,3.62172,-0.24115,0.03928,0.04627
39.4091,-3.84680,-0.06733,2.13616,-0.38024,-0.13684,0.05012
39.4191,-1.40837,-2.44060,2.96888,-0.31277,-0.02087,0.03664
39.4291,-2.21832,-1.42152,2.14396,-0.32943,-0.07347,0.04078
39.4392,-1.56067,-2.90411,2.35399,-0.28228,-0.02804,0.04316
39.4490,-3.55628,-0.75320,1.26033,-0.35162,-0.11255,0.03516
39.4590,-1.32885,-1.14317,0.77148,-0.35382,-0.04278,0.04296
39.4689,-2.57525,-1.31630,0.55290,-0.35274,-0.09475,0.03560
39.4791,-1.56151,-1.80029,0.81393,-0.32681,-0.03202,0.04536
39.4890,-0.99282,-1.58598,0.90594,-0.32804,-0.01220,0.05042
39.4991,0.10979,-3.87423,1.55611,-0.26956,0.00176,0.04190
39.5091,-0.35422,-1.77463,1.04871,-0.32297,-0.03550,0.04031
39.5193,2.44255,-3.31809,2.11834,-0.27851,0.10297,0.04707
39.5291,0.75073,-2.83197,1.98134,-0.27748,0.02299,0.03520
39.5390,2.53892,-3.11969,1.40700,-0.28972,0.09273,0.01604
39.5489,0.69102,-1.85446,1.50471,-0.31305,0.02260,0.01840
39.5591,2.72938,-4.28317,2.70590,-0.23575,0.11012,0.01799
39.5691,-0.01999,-3.31692,1.60843,-0.28042,-0.02599,-0.00290
39.5791,0.21807,-2.06695,1.14775,-0.32512,0.02858,-0.01723
39.5893,-1.03321,-2.80782,2.03424,-0.29241,-0.05154,-0.02900
39.5993,-0.08658,-4.44230,2.81851,-0.22579,0.01526,-0.04333
39.6092,-2.83743,-1.75545,1.85614,-0.32867,-0.09434,-0.06180
39.6191,-1.19239,-3.53833,2.57436,-0.26686,-0.02965,-0.07834
39.6294,-2.52387,-2.81204,2.81772,-0.28937,-0.09124,-0.09211
39.6391,-1.18764,-3.16840,2.99664,-0.29124,-0.02580,-0.10895
39.6493,-2.87823,-1.10201,2.64927,-0.35847,-0.09098,-0.11324
39.6590,-0.92284,-2.62231,3.09024,-0.29840,-0.02877,-0.11778
39.6694,-2.04465,-1.24207,2.61108,-0.33184,-0.06672,-0.12415
39.6794,-0.29125,-2.48881,2.90247,-0.29557,-0.00742,-0.11759
39.6892,-0.81805,-1.53606,2.59708,-0.33416,-0.03137,-0.11199
39.6991,-0.24138,-3.17952,2.84560,-0.29086,0.00576,-0.11984
39.7096,-1.10476,-1.33551,1.97323,-0.34103,-0.03460,-0.11856
39.7191,0.55695,-3.01783,2.11240,-0.29535,0.01703,-0.12326
39.7289,-0.90156,-2.09935,1.75253,-0.31810,-0.03927,-0.12805
39.7392,-0.43997,-2.86268,1.62949,-0.32167,-0.02240,-0.13894
39.7491,-0.87915,-2.39188,2.13249,-0.31382,-0.02933,-0.14358
39.7591,0.08001,-3.32783,2.62046,-0.28715,0.00371,-0.15258
39.7691,-0.59407,-2.26493,2.18028,-0.33001,-0.03037,-0.15303
39.7791,-0.24415,-2.47125,2.34650,-0.31088,-0.02701,-0.16098
39.7893,-0.56304,-2.68200,2.56851,-0.30884,-0.02044,-0.16283
39.7991,0.12746,-3.00732,2.76980,-0.29440,0.01044,-0.16458
39.8093,-1.03882,-1.59905,2.05212,-0.34755,-0.03725,-0.16155
39.8190,0.09541,-3.13481,3.44340,-0.28916,0.00882,-0.16244
39.8292,-0.32735,-2.63179,3.63295,-0.30984,-0.02012,-0.16246
39.8392,0.01506,-2.74572,3.99098,-0.29591,-0.01633,-0.15797
39.8495,-0.66948,-1.53934,3.89849,-0.33331,-0.02618,-0.15745
39.8591,0.18584,-4.27164,5.84790,-0.24985,0.01734,-0.16116
39.8691,-0.77927,-1.84131,4.33646,-0.32502,-0.02117,-0.16255
39.8791,-0.20334,-2.43672,4.25739,-0.30027,-0.00738,-0.16160
39.8890,-0.63702,-1.72348,3.58587,-0.31718,-0.01418,-0.15248
39.8991,0.01442,-2.53771,3.41692,-0.31251,-0.00672,-0.15567
39.9092,-0.96622,-0.66304,2.24861,-0.36761,-0.04620,-0.16681
39.9190,-0.46862,-2.89474,3.22193,-0.29336,0.00204,-0.15696
39.9291,-0.66328,-1.14536,1.95243,-0.34659,-0.01627,-0.15706
39.9390,-1.26835,-2.77853,2.15792,-0.30722,-0.04350,-0.15979
39.9492,-1.04328,-1.20628,1.24479,-0.35533,-0.04922,-0.16334
39.9590,-0.48705,-3.25792,1.94981,-0.27164,-0.02864,-0.16207
39.9691,-1.25021,-1.50156,0.60618,-0.33181,-0.04400,-0.16521
39.9792,-1.13455,-2.62266,0.63465,-0.29868,-0.04189,-0.16914
39.9893,-1.12519,-2.37109,0.79603,-0.31289,-0.04278,-0.16337
39.9991,-0.64562,-3.25507,1.48984,-0.27847,-0.01854,-0.16456
40.0093,-1.29887,-1.20079,0.79768,-0.33447,-0.04568,-0.15976
40.0192,-0.57331,-3.24410,1.95547,-0.28271,-0.02639,-0.16362
40.0291,-0.18479,-2.02474,1.78185,-0.31212,-0.02061,-0.15564
40.0392,-0.36334,-2.51594,2.46277,-0.30091,-0.02092,-0.15430
40.0493,-0.22282,-1.20576,2.31994,-0.32821,-0.01319,-0.15202
40.0591,0.95766,-2.97873,3.95299,-0.27916,0.03881,-0.15118
40.0693,0.30186,-1.21276,3.28723,-0.33723,0.00315,-0.15712
40.0792,0.96758,-1.92330,3.62873,-0.31036,0.01626,-0.15010
40.0891,1.15933,-1.48987,3.73842,-0.32177,0.04511,-0.14365
40.0994,1.28868,-2.40789,3.92204,-0.29174,0.04720,-0.15457
40.1094,0.43470,-0.93875,2.79257,-0.34793,0.00366,-0.15057
40.1190,1.66093,-2.15386,3.60733,-0.29111,0.06125,-0.14098
40.1291,0.71889,-1.64211,2.57019,-0.32411,0.01701,-0.14889
40.1391,0.69427,-2.39659,2.41309,-0.30869,0.02087,-0.15375
40.1492,-0.02029,-2.17289,1.62245,-0.31124,-0.01653,-0.15407
40.1591,0.73198,-3.15184,2.32075,-0.27890,0.03170,-0.14523
40.1691,-0.81385,-1.89539,0.95837,-0.31987,-0.04659,-0.15675
40.1791,-0.96326,-1.98347,0.70844,-0.31366,-0.04507,-0.15618
40.1893,-1.39212,-2.09384,0.74341,-0.31432,-0.05035,-0.15864
40.1991,-0.70223,-4.14352,1.11357,-0.26083,-0.01860,-0.15554
40.2092,-2.28394,-2.11462,0.45972,-0.31085,-0.07911,-0.15398
40.2191,-0.53543,-2.70280,0.75618,-0.28140,-0.02176,-0.15895
40.2293,-1.95673,-2.46870,1.03964,-0.30128,-0.08198,-0.15971
40.2392,-0.76741,-3.06704,1.49849,-0.28409,-0.03225,-0.15724
40.2493,-1.61071,-1.65236,1.45030,-0.31758,-0.06067,-0.15175
40.2593,-0.00902,-3.13133,2.67979,-0.28511,-0.01416,-0.14920
40.2691,-1.36459,-1.65990,2.64494,-0.30994,-0.05058,-0.16013
40.2795,-0.06243,-2.20417,3.08092,-0.29600,0.00460,-0.14869
40.2894,0.05406,-1.62947,3.96898,-0.31438,-0.01803,-0.14175
40.2992,0.55843,-2.35113,4.25491,-0.30345,0.01852,-0.14563
40.3092,-0.36655,-0.72350,3.81634,-0.34234,-0.02962,-0.15727
40.3195,1.37304,-2.17261,5.47840,-0.30360,0.06286,-0.14020
40.3290,0.40684,-1.54988,4.65016,-0.32951,0.00223,-0.15054
40.3391,0.52074,-1.43473,4.07994,-0.33243,0.00360,-0.14749
40.3493,1.06465,-1.45602,3.43431,-0.32674,0.01328,-0.14339
40.3590,1.18480,-2.05097,3.73739,-0.30467,0.04784,-0.13519
40.3691,-0.16947,-1.48500,1.71824,-0.33441,-0.01317,-0.16113
40.3791,-0.21990,-1.83989,0.86462,-0.32546,-0.01041,-0.15114
40.3894,0.47593,-2.06289,0.61056,-0.32362,0.01725,-0.14529
40.3991,-0.37824,-3.62994,0.83956,-0.25020,-0.02794,-0.14995
40.4092,-0.84168,-2.77217,-0.28432,-0.30043,-0.05279,-0.15234
40.4192,0.88301,-1.71030,-0.59345,-0.32675,0.01994,-0.15549
40.4291,-1.86423,-3.28272,0.64745,-0.27748,-0.09281,-0.15649
40.4391,0.27454,-3.58703,0.31075,-0.26433,-0.00579,-0.15164
40.4491,-1.81935,-2.84595,0.72569,-0.28782,-0.07467,-0.15035
40.4592,0.13553,-3.35987,1.26632,-0.26957,-0.01158,-0.15819
40.4693,-1.82847,-2.44862,1.44906,-0.30555,-0.09119,-0.15357
40.4792,-0.38876,-3.07083,1.83340,-0.27877,-0.00597,-0.14994
40.4892,-1.39383,-1.83518,1.69251,-0.31750,-0.06066,-0.14911
40.4991,-0.60693,-3.25456,2.59442,-0.28213,-0.03623,-0.15818
40.5092,-1.67254,-1.61908,2.15199,-0.32046,-0.07856,-0.15646
40.5191,0.03406,-2.30689,2.25286,-0.29736,0.00985,-0.14827
40.5292,-2.40874,-2.05647,2.33317,-0.30784,-0.09134,-0.15453
40.5392,-1.54647,-1.73290,2.28774,-0.32262,-0.02694,-0.15282
40.5495,-1.24458,-1.65498,2.65734,-0.32397,-0.05555,-0.14805
40.5591,-0.56922,-2.48224,2.91754,-0.29807,-0.01969,-0.14951
40.5693,-1.08060,-1.80971,2.40988,-0.31806,-0.05412,-0.15245
40.5793,-0.32791,-2.18275,2.45896,-0.31102,-0.02572,-0.15213
40.5893,-0.23507,-2.47242,3.23484,-0.28999,-0.03424,-0.15628
40.5992,-0.11047,-2.70384,3.46792,-0.28456,-0.00461,-0.14901
40.6091,-0.83082,-2.01916,2.77397,-0.32035,-0.04917,-0.14776
40.6190,0.71977,-2.29444,3.35387,-0.29349,0.01733,-0.14219
40.6291,0.35440,-3.29257,3.63878,-0.27707,-0.00619,-0.14475
40.6391,0.43569,-1.73354,3.24730,-0.30366,-0.00505,-0.14113
40.6493,0.51591,-1.91465,3.49124,-0.30652,0.01825,-0.14568
40.6592,1.63225,-2.69714,4.43742,-0.27878,0.06283,-0.14187
40.6692,0.83321,-1.59431,3.75713,-0.31345,0.00439,-0.15497
40.6794,0.86800,-1.66607,3.89231,-0.30957,0.02963,-0.14094
40.6893,1.15668,-1.88111,3.34566,-0.31886,0.03556,-0.13996
40.6990,0.66027,-2.15847,2.79403,-0.31382,-0.00723,-0.15531
40.7091,-0.78312,-1.49217,1.63911,-0.33460,-0.03322,-0.15736
40.7191,-0.05186,-2.06943,1.54654,-0.31079,0.01177,-0.14553
40.7291,-1.59696,-2.70119,1.47567,-0.29851,-0.06320,-0.15081
40.7392,-1.41744,-2.14897,1.03047,-0.31227,-0.04349,-0.15799
40.7491,-2.30700,-2.03783,0.81637,-0.32235,-0.07935,-0.15136
40.7589,-1.55615,-3.49601,1.11539,-0.26225,-0.05946,-0.14840
40.7693,-2.23419,-2.66549,0.78387,-0.30335,-0.08808,-0.15684
40.7791,-1.88476,-2.89755,0.97283,-0.28728,-0.07569,-0.15212
40.7890,-2.12796,-2.35764,1.07740,-0.30408,-0.08708,-0.15083
40.7992,-1.59866,-3.19887,1.57772,-0.28196,-0.05240,-0.15147
40.8092,-2.03562,-2.13292,1.59798,-0.29733,-0.08334,-0.15007
40.8192,-1.25361,-2.05042,1.71632,-0.29970,-0.04873,-0.15701
40.8292,-1.18151,-2.04155,1.75521,-0.31647,-0.06388,-0.14902
40.8391,-0.82603,-2.16640,1.78787,-0.30583,-0.04222,-0.15298
40.8495,-1.17258,-2.41461,2.21742,-0.30729,-0.03987,-0.14404
40.8590,-0.61839,-2.33295,2.39722,-0.29473,-0.02634,-0.14783
40.8692,-0.75108,-1.94468,2.45337,-0.30561,-0.04264,-0.14213
40.8792,-0.35167,-2.40253,2.58493,-0.30583,-0.03013,-0.14527
40.8891,-0.39409,-2.28131,3.14806,-0.30254,-0.02382,-0.14224
40.8992,-0.26266,-2.20371,3.41875,-0.30483,-0.02275,-0.14362
40.9091,-0.32534,-1.77090,3.56115,-0.30728,-0.02621,-0.14265
40.9191,0.20188,-2.44876,3.74476,-0.30301,0.00752,-0.14147
40.9291,0.22448,-2.00546,3.30278,-0.30885,0.01080,-0.14359
40.9391,0.10460,-2.22320,3.02902,-0.30567,-0.01472,-0.14613
40.9494,0.65066,-2.25915,2.72100,-0.29912,0.01198,-0.13311
40.9591,-0.11136,-2.23886,2.46215,-0.30292,-0.02043,-0.14433
40.9691,0.12739,-2.35061,1.96630,-0.30702,-0.00717,-0.14647
40.9790,-0.04851,-2.41065,1.89092,-0.30789,-0.01335,-0.14068
40.9892,-0.09563,-2.59644,1.52370,-0.30353,0.00314,-0.14262
40.9990,-0.27834,-2.66236,1.42076,-0.29364,-0.02178,-0.13609
41.0093,-0.33317,-2.69709,1.37929,-0.29380,-0.01879,-0.14557
41.0192,0.26409,-2.38599,1.11769,-0.29986,0.00311,-0.14308
41.0292,-0.56497,-2.83859,1.39085,-0.29874,-0.01197,-0.14952
41.0388,0.22571,-2.28915,1.21958,-0.30371,0.00278,-0.13949
41.0490,-0.02343,-2.57055,1.52593,-0.30512,-0.01231,-0.14563
41.0592,0.56963,-2.40988,1.71614,-0.28412,0.01089,-0.14765
41.0692,-0.17376,-2.78252,2.04955,-0.30532,-0.03318,-0.14467
41.0790,0.54857,-2.38428,2.07645,-0.29906,0.00904,-0.13542
41.0892,0.03479,-1.92797,2.33056,-0.30420,-0.00601,-0.13656
41.0992,0.58871,-2.65623,2.14058,-0.30376,0.01484,-0.14200
41.1092,-0.17030,-2.12276,2.35649,-0.31058,-0.01723,-0.14300
41.1191,1.56657,-2.16255,2.24531,-0.30682,0.06267,-0.13518
41.1290,-0.30266,-2.70227,2.46757,-0.29672,-0.02388,-0.14340
41.1391,1.08612,-2.18970,2.23134,-0.30784,0.04656,-0.13841
41.1494,-1.01471,-3.04838,2.93730,-0.29720,-0.04144,-0.13800
41.1592,0.19391,-2.61619,2.60435,-0.28638,0.00950,-0.13636
41.1693,-1.63230,-2.07024,2.58484,-0.30905,-0.07806,-0.14292
41.1793,-1.66395,-2.67088,2.98164,-0.29058,-0.05638,-0.14265
41.1892,-0.99557,-2.18620,2.76620,-0.30046,-0.02901,-0.13834
41.1994,-0.94912,-2.69837,2.61251,-0.29977,-0.03249,-0.13838
41.2090,-1.40719,-1.83644,2.50658,-0.30469,-0.07187,-0.14777
41.2194,1.63919,-2.29222,2.09562,-0.31520,0.07969,-0.13722
41.2291,0.46918,-3.34082,2.78032,-0.27166,-0.03258,-0.14695
41.2389,1.61454,-1.98797,2.03052,-0.30767,0.05668,-0.13453
41.2492,1.06283,-1.99402,1.96022,-0.31454,0.01177,-0.13825
41.2591,2.37503,-2.53808,2.00771,-0.30317,0.07077,-0.14011
41.2694,-0.07838,-2.59746,2.27244,-0.30514,-0.04986,-0.14857
41.2793,0.51354,-2.12440,2.10276,-0.29608,0.02333,-0.13989
41.2892,-0.48691,-2.25757,2.50395,-0.31209,-0.01846,-0.13716
41.2992,-0.16639,-2.93855,2.56144,-0.28689,0.00509,-0.13884
41.3092,-1.65974,-1.81830,2.50347,-0.31504,-0.06889,-0.14150
41.3192,0.55675,-2.48934,2.49720,-0.28742,0.05662,-0.12109
41.3289,-1.80358,-2.50290,2.73354,-0.29733,-0.08533,-0.12191
41.3390,0.01534,-1.89333,2.43195,-0.32485,0.00255,-0.10573
41.3495,-0.73482,-2.04254,2.59268,-0.31348,-0.03813,-0.08054
41.3591,0.98874,-2.40349,2.75332,-0.29998,0.07634,-0.05473
41.3691,-1.88608,-1.72258,2.10457,-0.32467,-0.09433,-0.04536
41.3791,0.46752,-1.54535,1.88199,-0.33539,0.04401,-0.02702
41.3890,-0.10429,-2.53251,2.41605,-0.31565,-0.00002,0.00131
41.3989,0.31871,-2.57682,2.28473,-0.30808,0.03780,0.02652
41.4091,-1.26235,-1.87822,1.67368,-0.33887,-0.06200,0.03875
41.4192,1.43577,-2.36941,2.14672,-0.32725,0.10983,0.06374
41.4291,-1.69976,-3.18882,2.24850,-0.29908,-0.07548,0.05716
41.4391,0.65598,-1.86111,1.30956,-0.31030,0.05392,0.06539
41.4491,-2.07761,-2.02048,2.46804,-0.31847,-0.07521,0.06080
41.4588,0.34071,-2.95879,2.27117,-0.29783,0.05588,0.05133
41.4691,-3.69459,-2.24908,2.60417,-0.31742,-0.13621,0.04842
41.4790,-0.43040,-2.51023,2.53098,-0.30243,0.02533,0.05604
41.4892,-2.40266,-2.06479,2.67629,-0.31952,-0.06638,0.04932
41.4990,-0.38450,-2.96412,2.50668,-0.29725,-0.00028,0.04596
41.5093,-2.07718,-1.44733,2.22909,-0.33296,-0.07793,0.04541
41.5191,0.93689,-3.07848,2.62449,-0.31209,0.06407,0.06107
41.5293,-1.47529,-2.48847,2.73833,-0.31070,-0.06227,0.05139
41.5392,0.11938,-1.81850,2.03356,-0.33133,0.01317,0.04896
41.5493,-0.70272,-2.54901,2.82868,-0.30903,-0.01669,0.04922
41.5591,0.23278,-2.37855,2.42913,-0.29443,0.04017,0.05410
41.5692,-2.25797,-2.42986,2.24620,-0.31481,-0.07419,0.04635
41.5791,-0.60695,-1.95564,1.94718,-0.32904,-0.01797,0.04713
41.5894,-0.81624,-2.67196,2.43503,-0.30562,-0.01456,0.05210
41.5991,-0.96334,-2.62471,2.01143,-0.31040,0.01325,0.05054
41.6090,-0.99794,-2.07631,1.84367,-0.32703,-0.05227,0.04829
41.6191,0.52486,-2.55920,2.05656,-0.32097,0.06528,0.05021
41.6291,-1.02695,-3.10022,2.52945,-0.29578,-0.03859,0.04753
41.6391,0.05908,-1.74627,1.79607,-0.32551,0.04312,0.05254
41.6496,-0.73440,-2.30709,2.58575,-0.32072,-0.01270,0.05266
41.6591,1.44956,-2.53619,2.27586,-0.29924,0.08147,0.04912
41.6692,-2.06013,-2.17219,2.37181,-0.31293,-0.08360,0.04882
41.6791,0.64406,-2.37198,2.00998,-0.31031,0.05771,0.05431
41.6891,-1.03060,-2.06509,2.39550,-0.32034,-0.03050,0.05060
41.6991,0.27605,-2.75986,2.13400,-0.31213,0.03486,0.04729
41.7093,-2.35563,-1.88893,2.33361,-0.33737,-0.08779,0.04419
41.7190,1.18083,-2.63462,2.13524,-0.30627,0.08663,0.05843
41.7290,-1.81330,-2.40555,2.45133,-0.30807,-0.06224,0.04922
41.7391,-0.24228,-1.66389,1.74656,-0.33619,0.03404,0.04744
41.7491,0.37002,-2.28520,2.22096,-0.31797,0.01894,0.05753
41.7591,2.69989,-2.42129,1.85091,-0.32236,0.16265,0.06103
41.7690,-0.52826,-3.02692,1.48009,-0.30224,-0.04242,0.04857
41.7794,1.66060,-0.93123,0.87390,-0.36517,0.09099,0.05419
41.7890,1.09069,-2.76596,2.01922,-0.30964,0.06736,0.05372
41.7991,0.73958,-2.91967,2.29531,-0.29231,0.06481,0.05852
41.8094,-2.45663,-1.64139,2.08260,-0.33765,-0.10310,0.04583
41.8194,0.99867,-2.44017,2.49704,-0.31281,0.08457,0.05863
41.8293,-3.92017,-3.24165,3.84915,-0.29220,-0.13909,0.03851
41.8390,-0.73807,-2.05469,2.23467,-0.31206,0.02535,0.05258
41.8493,-3.72831,-1.46662,2.51977,-0.33735,-0.11444,0.05403
41.8590,0.38603,-3.42887,2.36553,-0.28790,0.05931,0.04970
41.8691,-3.17726,-2.25833,2.33713,-0.31384,-0.11741,0.04210
41.8791,-0.57415,-2.23157,2.01755,-0.30881,-0.01507,0.05271
41.8893,-1.41805,-1.61263,2.26651,-0.31719,-0.02169,0.05357
41.8990,0.34017,-3.25889,2.09459,-0.29913,0.02566,0.03904
41.9091,-2.16904,-1.64464,2.04112,-0.33106,-0.07936,0.04563
41.9193,1.29706,-2.40135,2.13033,-0.30765,0.10500,0.05939
41.9290,-1.85619,-3.40245,2.75244,-0.28904,-0.05569,0.04750
41.9392,-0.01713,-1.47494,1.36918,-0.34506,0.03821,0.04850
41.9489,-0.50400,-2.11595,2.37600,-0.32796,-0.01446,0.04798
41.9590,1.81056,-3.27038,2.30363,-0.27946,0.08949,0.05977
41.9690,-2.59379,-1.97423,1.97500,-0.33638,-0.09458,0.04153
41.9789,-0.37197,-1.74638,1.85360,-0.34797,0.01348,0.04690
41.9892,-1.23947,-2.37862,2.43059,-0.31001,-0.02424,0.05389
41.9990,-0.67663,-2.91168,2.57663,-0.29214,0.00194,0.04709
42.0090,-3.30909,-2.25239,2.56934,-0.32012,-0.11321,0.03995
42.0190,-1.57682,-2.11537,2.72451,-0.32640,-0.02293,0.03454
42.0290,-4.37842,-2.94418,3.67367,-0.29400,-0.11931,0.04165
42.0389,-1.95417,-2.08077,2.51696,-0.31688,-0.04622,0.04080
42.0488,-2.93047,-2.24338,2.78006,-0.31712,-0.09529,0.04547
42.0591,-0.74275,-2.87141,2.71391,-0.29794,0.00521,0.04168
42.0691,-2.25071,-2.28224,2.51030,-0.32758,-0.09193,0.04227
42.0791,-0.69592,-2.00797,2.07513,-0.32727,0.01700,0.04710
42.0892,0.78618,-2.03469,2.11696,-0.31721,0.05573,0.05227
42.0990,1.84682,-3.08637,1.74664,-0.30511,0.06513,0.04505
42.1091,0.11041,-2.31488,1.59291,-0.31107,0.00996,0.04492
42.1193,3.21942,-2.43212,1.62768,-0.32187,0.17982,0.05657
42.1292,0.04270,-3.58600,2.23317,-0.29974,-0.02089,0.03753
42.1390,1.33018,-1.70988,1.40795,-0.34618,0.07628,0.03741
42.1491,0.93598,-2.51498,1.92173,-0.30894,0.02510,0.04679
42.1590,3.07519,-3.99675,2.12266,-0.28881,0.16949,0.05715
42.1691,-1.44764,-2.59080,1.62413,-0.31880,-0.06408,0.04215
42.1792,0.88552,-1.87809,1.10264,-0.34604,0.07398,0.04436
42.1890,-1.58689,-2.67152,2.52192,-0.29356,-0.03820,0.04513
42.1991,-0.53309,-2.95973,2.55819,-0.29420,0.01036,0.04457
42.2090,-3.85103,-2.06895,2.58909,-0.33673,-0.12231,0.03974
42.2190,-1.41508,-2.29257,3.00981,-0.30949,-0.01287,0.04340
42.2290,-4.70517,-2.43416,3.67731,-0.32289,-0.15558,0.03676
42.2393,-2.34528,-2.65146,2.90789,-0.30962,-0.03280,0.04276
42.2491,-4.78538,-1.64292,3.39419,-0.32251,-0.16665,0.04144
42.2590,-1.30745,-2.85758,2.91567,-0.30733,-0.02433,0.03886
42.2692,-3.88093,-2.64421,3.07128,-0.32298,-0.12708,0.03523
42.2790,-1.58194,-2.64996,2.68201,-0.31173,-0.02325,0.03967
42.2892,-2.45564,-2.21711,2.68561,-0.33161,-0.08103,0.04081
42.2991,-0.93624,-2.55066,2.76813,-0.30601,-0.01815,0.04272
42.3092,-1.50809,-2.44672,2.81331,-0.31628,-0.05064,0.04047
42.3190,-0.25566,-2.58236,2.56938,-0.31941,-0.00192,0.04618
42.3295,-1.09019,-2.34696,2.34056,-0.31321,-0.03849,0.04226
42.3391,-0.69660,-2.21336,2.17778,-0.32580,-0.01115,0.03895
42.3491,-0.89598,-2.70030,2.30901,-0.32192,-0.03168,0.03896
42.3590,-0.53297,-2.98850,2.14762,-0.31002,-0.01677,0.04175
42.3693,-1.04723,-2.81737,2.09575,-0.30751,-0.02407,0.04315
42.3790,-0.85805,-2.60080,2.20279,-0.31464,-0.02257,0.04304
42.3890,-1.18686,-2.56704,2.26912,-0.31540,-0.02548,0.03702
42.3993,-0.75511,-2.95481,2.23682,-0.31999,-0.01325,0.03784
42.4094,-0.88718,-2.56123,2.31328,-0.31910,-0.03237,0.04209
42.4191,-0.46693,-2.63410,2.32761,-0.31379,-0.01787,0.04137
42.4292,-0.95415,-2.55917,2.24945,-0.31433,-0.01920,0.04129
42.4391,-0.66772,-2.51644,2.37625,-0.32107,0.00260,0.04093
42.4493,-0.18543,-2.29958,2.35005,-0.32223,-0.00594,0.04258
42.4591,0.12717,-2.60991,2.15226,-0.32136,0.02831,0.03978
42.4694,-0.36825,-2.57093,2.28013,-0.32839,-0.00328,0.03966
42.4789,0.09590,-2.43010,2.09738,-0.32642,0.01858,0.04540
42.4889,-0.46511,-2.36104,2.07969,-0.33378,-0.00287,0.04153
42.4990,-0.25434,-2.42939,1.92317,-0.33044,0.00588,0.04056
42.5089,-1.05680,-2.66567,1.93840,-0.32342,-0.02160,0.04294
42.5190,-0.63332,-2.50104,1.92439,-0.31708,0.00113,0.04110
42.5294,-1.00754,-2.81047,2.28650,-0.31503,-0.03615,0.03953
42.5390,-0.70705,-2.69815,2.24592,-0.30878,-0.01812,0.03607
42.5493,-1.22259,-3.04173,2.36766,-0.31448,-0.03692,0.04052
42.5593,-0.75645,-2.80612,2.46077,-0.30347,-0.01836,0.03913
42.5692,-1.11235,-2.54439,2.30643,-0.32061,-0.02968,0.03592
42.5790,-0.83167,-2.67099,2.24654,-0.31215,-0.01207,0.03615
42.5891,-1.18141,-2.52950,2.28779,-0.31325,-0.01814,0.04160
42.5994,-0.59452,-2.65240,2.11801,-0.31492,-0.01479,0.03547
42.6094,-1.25055,-2.50277,2.41687,-0.31505,-0.02062,0.03732
42.6192,-0.89044,-2.44004,2.46619,-0.32318,-0.01038,0.03942
42.6291,-0.76401,-2.67578,2.30337,-0.32752,-0.02300,0.04167
42.6391,-0.48495,-2.59658,2.18339,-0.31683,-0.00848,0.03801
42.6493,-0.45677,-2.60782,2.11917,-0.32068,-0.01292,0.03533
42.6591,-0.18109,-2.72029,2.21527,-0.30781,0.00716,0.03724
42.6690,-0.35886,-2.91552,2.10034,-0.31377,0.00815,0.04021
42.6789,-0.35442,-2.78023,1.92102,-0.31748,0.00159,0.03245
42.6893,-0.05336,-2.67219,2.06277,-0.31283,-0.00018,0.03709
42.6991,-0.57786,-2.51427,2.20440,-0.31667,0.00124,0.03435
42.7091,-0.47996,-2.65187,2.24958,-0.31753,-0.02161,0.03318
42.7193,-0.42976,-2.75463,2.11002,-0.31953,-0.02841,0.03893
42.7293,-0.71256,-2.66241,2.11567,-0.32144,-0.01809,0.03342
42.7391,-0.35282,-2.58314,2.03568,-0.31728,-0.03029,0.03650
42.7490,-0.63701,-2.70655,2.20059,-0.31440,-0.02118,0.03781
42.7591,-0.58460,-2.49350,2.19100,-0.31527,-0.01273,0.03952
42.7691,-0.90266,-2.65039,2.31163,-0.31929,-0.01349,0.03869
42.7791,-0.64719,-2.64210,2.31567,-0.32488,-0.00924,0.03718
42.7892,-0.96370,-2.27473,2.49310,-0.31665,-0.02406,0.03877
42.7991,-0.67810,-2.42548,2.25345,-0.31620,-0.01121,0.03434
42.8091,-1.00471,-2.10247,2.14109,-0.33141,-0.02682,0.03684
42.8194,-0.53165,-2.28339,1.98598,-0.32577,-0.01191,0.03785
42.8291,-0.82466,-2.21509,2.04934,-0.31645,-0.00823,0.03303
42.8390,-0.58030,-2.45786,1.77546,-0.32275,-0.00588,0.03690
42.8492,-0.73780,-2.95896,2.07619,-0.31310,-0.00594,0.03844
42.8591,-0.19084,-2.58355,1.88987,-0.32452,-0.00883,0.03893
42.8690,-0.31919,-2.84268,1.91206,-0.31263,-0.00929,0.03766
42.8791,-0.78090,-2.66911,1.99744,-0.30854,-0.00657,0.03201
42.8892,-0.51706,-2.56102,1.85479,-0.31161,-0.01542,0.03415
42.8991,-0.53143,-2.40659,1.88012,-0.32144,-0.02260,0.03274
42.9094,-0.58855,-2.51325,1.89573,-0.31549,-0.01844,0.03156
42.9190,-0.51378,-2.49729,1.86508,-0.32353,-0.01788,0.03324
42.9293,-0.50858,-2.56936,2.16840,-0.31482,-0.01122,0.03299
42.9394,-0.60376,-2.34954,2.03849,-0.33173,-0.00126,0.03284
42.9492,-0.59106,-2.47875,2.40097,-0.31707,-0.01013,0.03587
42.9591,-0.35898,-2.49110,2.45402,-0.32375,-0.01397,0.03524
42.9691,-0.49036,-2.49037,2.63923,-0.31852,-0.00522,0.02977
42.9790,-0.48651,-2.49034,2.37246,-0.32041,-0.01139,0.03246
42.9891,-0.26280,-2.69631,2.43531,-0.30709,-0.00830,0.03441
42.9991,-0.29646,-2.61982,2.27466,-0.30669,-0.01920,0.03622
