t_rel_s,q1,q2,q3,q4,q5,q6,qd1,qd2,qd3,qd4,qd5,qd6
0.0313,-1.7506795772367896,-1.933019465941011,1.8250170142592825,-1.47223257443605,-1.5795958928636225,2.900350634879793,,,,,,
0.0645,-1.7506794269062138,-1.933019465941011,1.8265664867498301,-1.4722325759700308,-1.5780924367747746,2.900350326595524,0.00000,0.00000,0.04676,-0.00000,0.04537,-0.00001
0.0985,-1.7506794254029079,-1.933019465941011,1.8265819814747357,-1.4722325759853705,-1.5780774022138861,2.8973130415526676,0.00000,0.00000,0.00046,-0.00000,0.00044,-0.08920
0.1310,-1.7506794253878748,-1.933019465941011,1.8235448544619715,-1.472232575985524,-1.5765586108882708,2.8927267457622188,0.00000,0.00000,-0.09351,-0.00000,0.04676,-0.14121
0.1645,-1.7521980663677315,-1.9360567479010249,1.8235144831918437,-1.4737512169655325,-1.5780620639550211,2.8850876779042807,-0.04538,-0.09076,-0.00091,-0.04538,-0.04492,-0.22826
0.1980,-1.7552505347375431,-1.937605761700632,1.820476897519129,-1.4722477623953256,-1.5765584575056821,2.8774180823256676,-0.09116,-0.04626,-0.09072,0.04490,0.04490,-0.22905
0.2310,-1.7552810594212414,-1.937621251838628,1.8158905987223817,-1.470714086869617,-1.5765434214411886,2.8758227453898733,-0.00092,-0.00047,-0.13860,0.04635,0.00045,-0.04821
0.2646,-1.7537627236880713,-1.937621406740008,1.8112888127943936,-1.467661468154346,-1.5780619120605501,2.878844073980529,0.04526,-0.00000,-0.13718,0.09100,-0.04527,0.09007
0.2979,-1.7522288993507336,-1.9376214082890217,1.8066868719950933,-1.46459366000718,-1.5765584559867374,2.880392928246442,0.04611,-0.00000,-0.13834,0.09222,0.04520,0.04656
0.3312,-1.7522135611073602,-1.9376214083045118,1.803603570627087,-1.4630443409457012,-1.5750247804459925,2.8819270577691087,0.00046,-0.00000,-0.09243,0.04645,0.04598,0.04599
0.3645,-1.7522134077249263,-1.9376214083046668,1.8050913785934135,-1.46151020677508,-1.573490802710578,2.881942399064336,0.00000,-0.00000,0.04475,0.04615,0.04614,0.00046
0.3991,-1.752213406191102,-1.9376214083046683,1.8035876156930701,-1.4614948654333737,-1.573475462933224,2.881942552477288,0.00000,-0.00000,-0.04340,0.00044,0.00044,0.00000
0.4312,-1.7522134061757637,-1.9376214083046683,1.8035725780640668,-1.4614947120199566,-1.5734753095354503,2.8819425540114176,0.00000,0.00000,-0.00047,0.00000,0.00000,0.00000
0.4647,-1.7506947651956035,-1.9376214083046683,1.8035724276877767,-1.4599760695058155,-1.5734753080014725,2.8819425540267587,0.04524,0.00000,-0.00000,0.04524,0.00000,0.00000
0.4979,-1.7506795787858018,-1.9376214083046683,1.806609708144027,-1.459960883080674,-1.5734753079861328,2.8834611950069178,0.00046,0.00000,0.09160,0.00046,0.00000,0.04580
0.5312,-1.7506794269217039,-1.9376214083046683,1.8096773629086031,-1.4614793721964296,-1.5734753079859793,2.8834763814167195,0.00000,0.00000,0.09195,-0.04552,0.00000,0.00046
0.5677,-1.7506794254030629,-1.9391400492846744,1.8142639623962693,-1.4599759161075803,-1.5749939489659848,2.8834765332808177,0.00000,-0.04167,0.12586,0.04125,-0.04167,0.00000
0.5978,-1.7506794253878764,-1.9406738766744815,1.8173471103511598,-1.4614795225266988,-1.575009135375785,2.8819578938194526,0.00000,-0.05096,0.10243,-0.04996,-0.00050,-0.05045
0.6310,-1.7521980663677315,-1.9406892149483796,1.818896582810715,-1.4630131995708966,-1.5750092872398829,2.881942707424839,-0.04571,-0.00046,0.04664,-0.04616,-0.00000,-0.00046
0.9960,-1.75221325277753,-1.9406893683311186,1.8204307185153177,-1.4660658183013522,-1.5750092887585239,2.8834611965408987,-0.00004,-0.00000,0.00420,-0.00836,-0.00000,0.00416
0.9966,-1.752213404641628,-1.940689369864946,1.8219647008523703,-1.4676149854686633,-1.5734906477937034,2.883476381432059,-0.00023,-0.00000,2.32969,-2.35275,2.30639,0.02306
0.9972,-1.752213406160269,-1.9406893698802843,1.8219800406757407,-1.4676304771403363,-1.5749941023640621,2.881957892300965,-0.00000,-0.00000,0.02470,-0.02495,-2.42110,-2.44531
0.9978,-1.7537320471554616,-1.9406893698804375,1.8219801940739746,-1.4721865549970736,-1.5750091369097656,2.875868143489626,-2.57205,-0.00000,0.00026,-7.71641,-0.02546,-10.31392
0.9984,-1.7537472335654134,-1.940689369880439,1.8250174775679708,-1.472232115775641,-1.5765279282352296,2.874288605021507,-0.02859,-0.00000,5.71768,-0.08577,-2.85912,-2.97348
0.9987,-1.75526602640952,-1.9452452928204598,1.8265664913829172,-1.4752698533434405,-1.5780617571284907,2.8727541686568183,-4.88520,-14.65412,4.98240,-9.77088,-4.93356,-4.93551
0.9989,-1.756799855317968,-1.951365415969887,1.832656545441094,-1.478337512679132,-1.5795957363974302,2.869701542333159,-5.85237,-23.35149,23.23677,-11.70474,-5.85294,-11.64738
0.9992,-1.7568151936070524,-1.9590198221014152,1.8403106508817095,-1.484442753192516,-1.5826483581501332,2.8696710160699226,-0.05749,-28.69161,28.69049,-22.88475,-11.44238,-0.11442
0.9995,-1.7568153469899435,-1.9651709300827573,1.8479803968361495,-1.48905972853767,-1.5826788843676602,2.86967071080729,-0.00055,-21.94551,27.36361,-16.47214,-0.10891,-0.00109
0.9997,-1.7568153485237723,-1.9682697231225845,1.8586875811557417,-1.4951804622111489,-1.5826791896298356,2.869670707754664,-0.00001,-12.33326,42.61481,-24.36064,-0.00121,-0.00001
1.0000,-1.7568153485391105,-1.9698193520329899,1.8679064988789784,-1.4997975924879041,-1.5826791926824573,2.8711893487041436,-0.00000,-6.28138,37.36864,-18.71541,-0.00001,6.15577
1.0310,-1.755296707559257,-1.971353489302101,1.877110533936251,-1.5028810457506852,-1.5841978336929905,2.8712045351136384,0.04895,-0.04945,0.29666,-0.09939,-0.04895,0.00049
1.0646,-1.7552815211494583,-1.972887471654798,1.889351702126878,-1.5105050851833468,-1.585731661083102,2.871204686977733,0.00045,-0.04572,0.36486,-0.22724,-0.04572,0.00000
1.0979,-1.7552813692853604,-1.972902811478325,1.8955486777288117,-1.513618607537687,-1.5857469993570033,2.8712046884963742,0.00000,-0.00046,0.18611,-0.09351,-0.00046,0.00000
1.1312,-1.7552813677667194,-1.9744216058565671,1.9001665704248514,-1.515168383741237,-1.5857471527397422,2.869686047531555,0.00000,-0.04560,0.13866,-0.04653,-0.00000,-0.04560
1.1646,-1.75680000873154,-1.9759554347803565,1.9078059542518455,-1.5151838815032725,-1.5872657952535765,2.8696708611219064,-0.04542,-0.04587,0.22847,-0.00046,-0.04542,-0.00045
1.1978,-1.7568151951411883,-1.9820453369896214,1.9154755529901495,-1.5151840364808928,-1.5887996226587218,2.86967070925781,-0.00046,-0.18332,0.23088,-0.00000,-0.04617,-0.00000
1.2312,-1.7568153470052847,-1.9866621589517348,1.9201081719175528,-1.5151840380306691,-1.5903336019127798,2.869670707739169,-0.00000,-0.13838,0.13886,-0.00000,-0.04598,-0.00000
1.2644,-1.7568153485239257,-1.989745609131369,1.9186358571268203,-1.515184038046167,-1.5918675826853275,2.8696707077239827,-0.00000,-0.09269,-0.04426,-0.00000,-0.04611,-0.00000
1.2978,-1.758333989519119,-1.9912950846131723,1.9155838520188992,-1.5151840380463217,-1.5918829224930529,2.869670707723831,-0.04555,-0.04647,-0.09154,-0.00000,-0.00046,-0.00000
1.3310,-1.759867816909078,-1.9913105793679904,1.9125160500078067,-1.5151840380463233,-1.5918830758911302,2.869670707723829,-0.04619,-0.00047,-0.09239,-0.00000,-0.00000,-0.00000
1.3644,-1.7644390781229975,-1.9913107343155385,1.9094480900276822,-1.5151840380463235,-1.591883077425111,2.869670707723829,-0.13672,-0.00000,-0.09176,-0.00000,-0.00000,0.00000
1.3978,-1.7705593546551637,-1.9928293768450207,1.9048614874878607,-1.5136653970663168,-1.5918830774404507,2.869670707723829,-0.18365,-0.04557,-0.13763,0.04557,-0.00000,0.00000
1.4310,-1.775176480360506,-1.9928445632703156,1.9002596985224418,-1.5136502106565166,-1.591883077440604,2.869670707723829,-0.13883,-0.00046,-0.13837,0.00046,-0.00000,0.00000
1.4644,-1.7767412925975665,-1.9943633561145755,1.8956577576927673,-1.5136500587924187,-1.5918830774406056,2.869670707723829,-0.04690,-0.04552,-0.13793,0.00000,-0.00000,0.00000
1.4979,-1.7797942226799501,-1.9943785440430182,1.8895371743644431,-1.5136500572737777,-1.5918830774406056,2.869670707723829,-0.09111,-0.00045,-0.18265,0.00000,0.00000,0.00000
1.5319,-1.7813433929607807,-1.9943786959223027,1.8864386865711467,-1.5136500572585911,-1.5918830774406056,2.868152066743821,-0.04559,-0.00000,-0.09118,0.00000,0.00000,-0.04469
1.5647,-1.784396166623603,-1.9943786974410953,1.8833704197332002,-1.5121314162784327,-1.5918830774406056,2.869655521314029,-0.09306,-0.00000,-0.09353,0.04629,0.00000,0.04583
1.5985,-1.7874639763202442,-1.9928600564762764,1.8818210960848138,-1.5136348708486378,-1.5918830774406056,2.868151914879723,-0.09078,0.04494,-0.04585,-0.04449,0.00000,-0.04449
1.6311,-1.7874946544172106,-1.9928448700666281,1.8802869618683233,-1.5136499053943397,-1.5918830774406056,2.8681368788153803,-0.00094,0.00047,-0.04700,-0.00046,0.00000,-0.00046
1.6643,-1.7890136021781873,-1.9928447182025317,1.8802716205261585,-1.5136500557397967,-1.5918830774406056,2.8681367284547368,-0.04581,0.00000,-0.00046,-0.00000,0.00000,-0.00000
1.6989,-1.789028791655797,-1.9928447166838907,1.8802714671127367,-1.5136500572432514,-1.5903644364605987,2.86813672695113,-0.00044,0.00000,-0.00000,-0.00000,0.04389,-0.00000
1.7311,-1.79054758453058,-1.9913260756886975,1.8802714655786026,-1.5151686982382926,-1.5903492500507985,2.8681367269360942,-0.04718,0.04717,-0.00000,-0.04717,0.00047,-0.00000
1.7651,-1.790562772459328,-1.9913108892787457,1.8802714655632613,-1.515183884648243,-1.5903490981867006,2.8681367269359437,-0.00045,0.00045,-0.00000,-0.00045,0.00000,-0.00000
1.7978,-1.7920815653186222,-1.9913107374146461,1.8802714655631079,-1.5151840365123426,-1.5903490966680596,2.8681367269359423,-0.04655,0.00000,-0.00000,-0.00000,0.00000,-0.00000
1.8310,-1.7920967532472152,-1.9913107358960052,1.8772341836030924,-1.5151840380309836,-1.5918677376328803,2.8681367269359423,-0.00046,0.00000,-0.09146,-0.00000,-0.04573,0.00000
1.8645,-1.795134187086514,-1.9897920949008117,1.8696106058834585,-1.516702679026177,-1.5918829240425285,2.8666180859559365,-0.09065,0.04532,-0.22752,-0.04532,-0.00045,-0.04532
1.8978,-1.7951645614249072,-1.9897769084908599,1.8695343701062621,-1.5167178654361289,-1.591883075906625,2.866602899546136,-0.00091,0.00046,-0.00229,-0.00046,-0.00000,-0.00046
1.9312,-1.796683506148298,-1.9897767566267603,1.8649776848084698,-1.5151993763202214,-1.591883077425266,2.8650841067020303,-0.04546,0.00000,-0.13637,0.04544,-0.00000,-0.04545
1.9644,-1.799735977555546,-1.9897767551081194,1.8618948359954783,-1.5151841914290625,-1.5918830774404522,2.8589943548535635,-0.09209,0.00000,-0.09301,0.00046,-0.00000,-0.18373
1.9978,-1.802803784229632,-1.9897767550929328,1.858826725547335,-1.5151840395801508,-1.591883077440604,2.8543775343950566,-0.09162,0.00000,-0.09163,0.00000,-0.00000,-0.13788
2.0311,-1.807390385236393,-1.989776755092781,1.8587960444428535,-1.5151840380616617,-1.5918830774406056,2.848256802270446,-0.13779,0.00000,-0.00092,0.00000,-0.00000,-0.18388
2.0645,-1.8119921741864804,-1.9897767550927794,1.8587957376318087,-1.5151840380464767,-1.5918830774406056,2.842121031029172,-0.13802,0.00000,-0.00001,0.00000,0.00000,-0.18403
2.0978,-1.8181127559960093,-1.9897767550927794,1.8587957345636983,-1.5151840380463248,-1.5918830774406056,2.8375037503767393,-0.18355,0.00000,-0.00000,0.00000,0.00000,-0.13847
2.1311,-1.8257671667141384,-1.9897767550927794,1.858795734533017,-1.5151840380463235,-1.5934017184206126,2.831383013650187,-0.23017,0.00000,-0.00000,0.00000,-0.04567,-0.18405
2.1652,-1.8364741976813674,-1.9897767550927794,1.8587957345327104,-1.5151840380463235,-1.596454186790426,2.8252472423628956,-0.31352,0.00000,-0.00000,0.00000,-0.08938,-0.17967
2.1978,-1.8487303958310934,-1.9912953960727864,1.8572770935527003,-1.5151840380463235,-1.6010406344141446,2.819111320729995,-0.37633,-0.04663,-0.04663,0.00000,-0.14083,-0.18841
2.2311,-1.8594834446726385,-1.9913105824825865,1.8542246251828869,-1.5151840380463235,-1.6056424218304022,2.8129753975936382,-0.32283,-0.00046,-0.09164,0.00000,-0.13815,-0.18421
2.2644,-1.8793333079011416,-1.9913107343466845,1.8359704087391073,-1.5121467560863102,-1.6208748495046326,2.8022835515022284,-0.59687,-0.00000,-0.54889,0.09133,-0.45803,-0.32149
2.2979,-1.8886436524134673,-1.9913107358653255,1.8206014567746016,-1.5090791013066964,-1.6316576606414221,2.794583428141281,-0.27780,-0.00000,-0.45858,0.09153,-0.32174,-0.22976
2.3311,-1.8948113197786185,-1.991310735880512,1.802224075494875,-1.5060111427988863,-1.6423959756128377,2.7853945810276293,-0.18539,-0.00000,-0.55239,0.09222,-0.32277,-0.27620
2.3644,-1.900947560372297,-1.9913107358806639,1.7807793279619828,-1.4999058992937815,-1.6516152046425927,2.776190846676453,-0.18442,-0.00000,-0.64452,0.18349,-0.27708,-0.27662
2.3976,-1.9040462047382474,-1.9913107358806652,1.7593039067665588,-1.49528892391871,-1.660819242812931,2.7685056044329075,-0.09326,-0.00000,-0.64633,0.13895,-0.27701,-0.23130
2.4311,-1.9025585502019,-1.9913107358806652,1.7363095378545028,-1.4876495492649253,-1.6669858471146612,2.76387282907045,0.04442,0.00000,-0.68664,0.22812,-0.18414,-0.13834
2.4648,-1.9025436736565364,-1.9913107358806652,1.7148186204452875,-1.4799799506183533,-1.6685661541376855,2.76230786033682,0.00044,0.00000,-0.63891,0.22801,-0.04698,-0.04653
2.4979,-1.902543524891083,-1.9882734539206521,1.6978986604911206,-1.4738286907118607,-1.6685819572079157,2.7622922106494836,0.00000,0.09152,-0.50981,0.18534,-0.00048,-0.00047
2.5311,-1.9040621643834352,-1.9836871581610311,1.684061692071518,-1.4692112551727754,-1.668582115238618,2.76229205415261,-0.04580,0.13832,-0.41731,0.13926,-0.00000,-0.00000
2.5644,-1.9040773507783588,-1.9806040132434222,1.6793673994473013,-1.4676464398373776,-1.668582116818925,2.7622920525876413,-0.00046,0.09251,-0.14085,0.04695,-0.00000,-0.00000
2.5978,-1.904077502642308,-1.977535899834232,1.6823577384810726,-1.4676307916840237,-1.6685821168347281,2.7622920525719916,-0.00000,0.09209,0.08976,0.00047,-0.00000,-0.00000
2.6311,-1.9040775041609477,-1.974467936740126,1.6869435648114306,-1.46763063520249,-1.6685821168348862,2.7622920525718353,-0.00000,0.09191,0.13737,0.00000,-0.00000,-0.00000
2.6645,-1.904077504176134,-1.9653254112291443,1.6900267050347482,-1.4676306336376748,-1.6670634758548808,2.7622920525718335,-0.00000,0.27420,0.09247,0.00000,0.04555,-0.00000
2.6979,-1.9025588631962789,-1.9530848581339806,1.693094818396995,-1.4691492746020336,-1.6670482894450807,2.7638106935518394,0.04538,0.36581,0.09169,-0.04538,0.00045,0.04538
2.7310,-1.9025436767864803,-1.9468878886830014,1.6946441405106243,-1.4691644610116772,-1.6670481375809827,2.7638258799616393,0.00046,0.18730,0.04683,-0.00046,0.00000,0.00046
2.7642,-1.9025435249223823,-1.9437886370284785,1.6961782747117669,-1.4691646128757736,-1.6640108541023284,2.7638260318257375,0.00000,0.09328,0.04617,-0.00000,0.09142,0.00000
2.7976,-1.9025435234037413,-1.9422390035319264,1.702268179973806,-1.4691646143944146,-1.6624618402875349,2.7638260333443783,0.00000,0.04640,0.18234,-0.00000,0.04638,0.00000
2.8316,-1.9025435233885548,-1.9422235071969607,1.7175154888264939,-1.4737205373496214,-1.6609277091693804,2.763826033359565,0.00000,0.00046,0.44935,-0.13427,0.04521,0.00000
2.8644,-1.9025435233884032,-1.9407047112536044,1.7282984487750686,-1.4752847375591802,-1.660912367858199,2.7638260333597167,0.00000,0.04626,0.32845,-0.04765,0.00047,0.00000
2.8978,-1.9025435233884016,-1.9406895232941708,1.735999483274588,-1.4768190205412823,-1.660912214445087,2.7638260333597184,0.00000,0.00045,0.23062,-0.04595,0.00000,0.00000
2.9316,-1.9040621643684086,-1.9406893714145765,1.7451883394996242,-1.4768343633711034,-1.659393571930949,2.7638260333597184,-0.04487,0.00000,0.27151,-0.00045,0.04487,0.00000
2.9645,-1.9040773507782085,-1.9406893698957806,1.7559107149219215,-1.4783531577794087,-1.6593783855058075,2.7623073923797126,-0.00046,0.00000,0.32640,-0.04623,0.00046,-0.04623
2.9979,-1.9040775026423065,-1.9361334469405724,1.7681670665161988,-1.479886986703498,-1.6593782336415561,2.762292205969912,-0.00000,0.13630,0.36668,-0.04589,0.00000,-0.00045
3.0312,-1.9040775041609475,-1.9284946828109866,1.774364193952169,-1.481420965972746,-1.6593782321229136,2.7622920541058145,-0.00000,0.22945,0.18614,-0.04608,0.00000,-0.00000
3.0644,-1.904077504176134,-1.9223437312496627,1.778982088166549,-1.4859922287054588,-1.6593782321077273,2.7622920525871733,-0.00000,0.18556,0.13931,-0.13790,0.00000,-0.00000
3.0978,-1.907114786136299,-1.9222822217340496,1.7835841900487135,-1.4905938642728065,-1.6593782321075754,2.760773411591981,-0.09078,0.00184,0.13756,-0.13754,0.00000,-0.04539
3.1317,-1.9117010818959213,-1.9207629656588876,1.7897047749875619,-1.4967144445485068,-1.6593782321075738,2.760758225182029,-0.13535,0.04484,0.18063,-0.18063,0.00000,-0.00045
3.1648,-1.9178215087735446,-1.920747773098136,1.7973591857369842,-1.5043688552512982,-1.6593782321075738,2.7607580733179296,-0.18502,0.00046,0.23139,-0.23139,0.00000,-0.00000
3.1976,-1.9239572769623476,-1.9207476211725285,1.8035102937645058,-1.5120386042583598,-1.6593782321075738,2.760758071799289,-0.18681,0.00000,0.18727,-0.23351,0.00000,-0.00000
3.2310,-1.9300931985642626,-1.9207476196532725,1.8081277277848014,-1.5181898656684574,-1.6593782321075738,2.7607580717841023,-0.18381,0.00000,0.13832,-0.18426,0.00000,-0.00000
3.2643,-1.9347104807203026,-1.9222662606180858,1.8127298250650248,-1.5258445831825924,-1.6593782321075738,2.7607580717839504,-0.13849,-0.04555,0.13804,-0.22960,0.00000,-0.00000
3.2979,-1.939312576481883,-1.9222814470277338,1.8158131279978404,-1.5319956942777608,-1.6593782321075738,2.7607580717839486,-0.13729,-0.00045,0.09198,-0.18350,0.00000,-0.00000
3.3311,-1.9439145203795194,-1.9222815988918303,1.8203998839671889,-1.5381317693087397,-1.6578595911275669,2.7592394308039405,-0.13856,-0.00000,0.13810,-0.18475,0.04572,-0.04572
3.3646,-1.9469978217785089,-1.9222816004104712,1.8265203154469092,-1.5412304120190632,-1.6578444047177667,2.7592242443941406,-0.09206,-0.00000,0.18275,-0.09252,0.00045,-0.00045
3.3976,-1.9485472957725058,-1.9238002414056647,1.8326560836817338,-1.5458173213861865,-1.6593628938336757,2.759224092530043,-0.04695,-0.04601,0.18591,-0.13898,-0.04601,-0.00000
3.4314,-1.9500814314924528,-1.9238154278156165,1.838792005284109,-1.5489004724398714,-1.657859437744828,2.7592240910114016,-0.04539,-0.00045,0.18155,-0.09123,0.04448,-0.00000
3.4645,-1.950096772849652,-1.925334220659723,1.8449279284201603,-1.5534872268904287,-1.6578444031839394,2.759224090996215,-0.00046,-0.04589,0.18538,-0.13858,0.00045,-0.00000
3.4979,-1.953134208223238,-1.9268680495681711,1.851063851571548,-1.5596076583549616,-1.6593628938183376,2.7592240909960633,-0.09079,-0.04585,0.18341,-0.18294,-0.04539,-0.00000
3.5311,-1.9546832235569809,-1.9268833878572555,1.8556811337430819,-1.564224785609627,-1.6593780787246815,2.759224090996062,-0.04665,-0.00046,0.13907,-0.13906,-0.00046,-0.00000
3.5646,-1.9546987137103182,-1.9284021822201534,1.858764588524811,-1.5642709568821735,-1.659378230573745,2.759224090996062,-0.00046,-0.04544,0.09226,-0.00138,-0.00000,0.00000
3.5976,-1.9546988686118516,-1.9268987291837754,1.8603140640526348,-1.5642714185948992,-1.6593782320922355,2.76074273197607,-0.00000,0.04551,0.04690,-0.00001,-0.00000,0.04597
3.6316,-1.954698870160867,-1.9284023356334186,1.8648854817479334,-1.5642714232120263,-1.6578595911274134,2.759239277405862,-0.00000,-0.04418,0.13432,-0.00000,0.04462,-0.04417
3.6645,-1.956217511156363,-1.9284173716979152,1.8694871188649067,-1.5642714232581976,-1.6593630456977722,2.7607428838401677,-0.04622,-0.00046,0.14004,-0.00000,-0.04575,0.04576
3.6977,-1.954714056586312,-1.929936163038566,1.874089058176097,-1.5642714232586592,-1.6593780802434759,2.760757919904511,0.04520,-0.04566,0.13836,-0.00000,-0.00045,0.00045
3.7311,-1.9546990220406115,-1.9314699919319795,1.8771723595292222,-1.5642714232586639,-1.6593782305889329,2.7607580702651546,0.00045,-0.04602,0.09251,-0.00000,-0.00000,0.00000
3.7645,-1.9546988716951545,-1.9314853302209138,1.8787218335227605,-1.5642714232586639,-1.6593782320923873,2.7607580717687608,0.00000,-0.00046,0.04641,0.00000,-0.00000,0.00000
3.7978,-1.956217511171706,-1.9314854836038031,1.8817746102227093,-1.5642714232586639,-1.659378232107422,2.7592394308037886,-0.04555,-0.00000,0.09156,0.00000,-0.00000,-0.04555
3.8316,-1.9562326975664714,-1.931485485137632,1.8863610609297294,-1.5642714232586639,-1.6593782321075723,2.7592242443941393,-0.00045,-0.00000,0.13570,0.00000,-0.00000,-0.00045
3.8646,-1.956232849430419,-1.9314854851529704,1.8894442073968127,-1.5657900642386706,-1.6593782321075738,2.7592240925300424,-0.00000,-0.00000,0.09352,-0.04607,-0.00000,-0.00000
3.8976,-1.9562328509490587,-1.9314854851531236,1.8909936798414906,-1.5673238916284777,-1.6593782321075738,2.7592240910114016,-0.00000,-0.00000,0.04693,-0.04646,0.00000,-0.00000
3.9311,-1.956232850964245,-1.9314854851531251,1.8970837384859647,-1.5734137938224029,-1.6593782321075738,2.759224090996215,-0.00000,-0.00000,0.18190,-0.18190,0.00000,-0.00000
3.9645,-1.957751491944404,-1.9299668441731181,1.9032192029924364,-1.5795492567643694,-1.6593782321075738,2.7592240909960633,-0.04548,0.04548,0.18376,-0.18376,0.00000,-0.00000
3.9976,-1.9608039603142196,-1.9299516577633182,1.9093551215575284,-1.587203816293823,-1.6593782321075738,2.759224090996062,-0.09203,0.00046,0.18498,-0.23077,0.00000,-0.00000
4.0312,-1.9669090489179444,-1.9314701468792272,1.9139724036831998,-1.5948735667891514,-1.6593782321075738,2.759224090996062,-0.18173,-0.04520,0.13744,-0.22831,0.00000,0.00000
4.0646,-1.9745633047040154,-1.9299666907903792,1.9185744994444769,-1.6025434691941385,-1.6593782321075738,2.759224090996062,-0.22944,0.04507,0.13795,-0.22991,0.00000,0.00000
4.0979,-1.98223305216191,-1.9299516562294907,1.9246950843221167,-1.6102133731182224,-1.6593782321075738,2.759224090996062,-0.23047,0.00045,0.18392,-0.23048,0.00000,0.00000
4.1310,-1.989902954536523,-1.9269142239238688,1.9338681360509338,-1.6194019180375037,-1.6593782321075738,2.757705450016056,-0.23170,0.09176,0.27711,-0.27758,0.00000,-0.04588
4.1655,-2.0036474223803307,-1.9223279266607918,1.9445903534282694,-1.6331615723067578,-1.6593782321075738,2.757690263606256,-0.39793,0.13278,0.31043,-0.39837,0.00000,-0.00044
4.1977,-2.0128967129388093,-1.9222820636881608,1.9538094214820834,-1.642411014729491,-1.6593782321075738,2.75617147076215,-0.28719,0.00142,0.28626,-0.28720,0.00000,-0.04716
4.2312,-2.0205824107444283,-1.9222816050584346,1.9645320990226693,-1.6516153550337591,-1.6593782321075738,2.750081718913683,-0.22941,0.00001,0.32006,-0.27474,0.00000,-0.18177
4.2647,-2.031289754582532,-1.9222816004721373,1.9783070946181358,-1.6623378852968491,-1.6608968730875808,2.7363530525751365,-0.31993,0.00000,0.41159,-0.32039,-0.04538,-0.41021
4.2978,-2.04202731488096,-1.9222816004262744,1.9905939724141448,-1.673075597459528,-1.660912059497381,2.721029356111684,-0.32388,0.00000,0.37061,-0.32388,-0.00046,-0.46221
4.3315,-2.0542838183239986,-1.9222816004258156,2.0028659690321597,-1.683813461441202,-1.660912211361479,2.7041710683669735,-0.36416,0.00000,0.36462,-0.31904,-0.00000,-0.50089
4.3646,-2.0665555111984832,-1.9222816004258112,2.0166564578184003,-1.6930326859610594,-1.659393571900113,2.688816075689459,-0.37053,0.00000,0.41639,-0.27837,0.04585,-0.46363
4.3976,-2.0879392018473233,-1.9222816004258112,2.0350180544663443,-1.7098299289863326,-1.6593783855054993,2.6689201930225956,-0.64810,0.00000,0.55651,-0.50910,0.00046,-0.60301
4.4311,-2.1033394485538794,-1.9222816004258112,2.047350798272878,-1.7191097472966261,-1.659378233641553,2.6550534653758655,-0.45996,0.00000,0.36835,-0.27716,0.00000,-0.41416
4.4644,-2.118679860821013,-1.9222816004258112,2.0596232535509977,-1.7267957503797629,-1.6578595911429066,2.6442843112393506,-0.46034,0.00000,0.36828,-0.23064,0.04557,-0.32316
4.4977,-2.1325010337637456,-1.9222816004258112,2.0703764649638265,-1.7344658153106283,-1.6578444047179202,2.6335461328379393,-0.41455,0.00000,0.32253,-0.23005,0.00046,-0.32208
4.5311,-2.1447883733332267,-1.9222816004258112,2.078077201977989,-1.739098438899957,-1.6578442528536703,2.6273641871338977,-0.36850,0.00000,0.23094,-0.13893,0.00000,-0.18540
4.5644,-2.152504451628955,-1.9222816004258112,2.084228773268157,-1.743700688075871,-1.6578442513350278,2.625783726696851,-0.23135,0.00000,0.18444,-0.13799,0.00000,-0.04739
4.5977,-2.1556188943719268,-1.9222816004258112,2.085808929961066,-1.74374671056763,-1.6578442513198415,2.6257679220924803,-0.09365,0.00000,0.04751,-0.00138,0.00000,-0.00048
4.6310,-2.157168679779363,-1.9238002414058182,2.085824731527995,-1.7437471707925476,-1.6578442513196896,2.625767764046437,-0.04649,-0.04555,0.00047,-0.00001,0.00000,-0.00000
4.6645,-2.1571841776334373,-1.923815427815618,2.085824889543664,-1.7437471753947968,-1.657844251319688,2.6257677624659763,-0.00046,-0.00045,0.00000,-0.00000,0.00000,-0.00000
4.6978,-2.155665691631971,-1.925334220659723,2.087343532103828,-1.7437471754408194,-1.659362892299695,2.6257677624501716,0.04570,-0.04571,0.04571,-0.00000,-0.04571,-0.00000
4.7312,-2.155650506771957,-1.9253494085881642,2.088877359509436,-1.7437471754412794,-1.659378078709495,2.62728640343002,0.00045,-0.00045,0.04590,-0.00000,-0.00045,0.04545
4.7647,-2.1556503549233565,-1.9268682014474556,2.0949672617035193,-1.7422285344612771,-1.6593782305735931,2.6273015898398184,0.00000,-0.04531,0.18168,0.04530,-0.00000,0.00045
4.7978,-2.1556503534048708,-1.9314393123160685,2.104140006605501,-1.7422133480514772,-1.6593782320922341,2.6273017417039166,0.00000,-0.13801,0.27694,0.00046,-0.00000,0.00000
4.8313,-2.1556503533896856,-1.9330036644047615,2.113343579934561,-1.742213196187379,-1.662415514067434,2.6303390251825713,0.00000,-0.04676,0.27513,0.00000,-0.09079,0.09079
4.8646,-2.1556503533895337,-1.9375752308656693,2.1225474615478928,-1.742213194668738,-1.6654831688471994,2.630369398017358,0.00000,-0.13715,0.27613,0.00000,-0.09203,0.00091
4.8977,-2.1556503533895324,-1.942176869470298,2.128714064284053,-1.7406945536735452,-1.6655138453949971,2.630369701745706,0.00000,-0.13915,0.18648,0.04592,-0.00093,0.00001
4.9311,-2.1556503533895324,-1.9482974497763714,2.1348502942314416,-1.7376420853035792,-1.665514152160475,2.631888345762995,0.00000,-0.18314,0.18361,0.09134,-0.00001,0.04544
4.9647,-2.1556503533895324,-1.952914578519453,2.1394675794709364,-1.7345742786598664,-1.6639955142481233,2.631903532203168,0.00000,-0.13732,0.13733,0.09124,0.04517,0.00045
4.9977,-2.1556503533895324,-1.9559980317668968,2.145588316243358,-1.7345436005934292,-1.6639803278689997,2.6319036840675696,0.00000,-0.09334,0.18528,0.00093,0.00046,0.00000
5.0312,-2.1556503533895324,-1.9605847892393922,2.151724087531109,-1.734543293812765,-1.6624615350252017,2.631903685586214,0.00000,-0.13712,0.18343,0.00001,0.04541,0.00000
5.0645,-2.1556503533895324,-1.965186579754137,2.160897291124028,-1.7345432907449583,-1.6624463470967636,2.6319036856014004,0.00000,-0.13827,0.27563,0.00000,0.00046,0.00000
5.0977,-2.1556503533895324,-1.9652325976592844,2.1685822280599907,-1.736061931694287,-1.6609275542374726,2.6319036856015523,0.00000,-0.00139,0.23143,-0.04573,0.04574,0.00000
5.1310,-2.1556503533895324,-1.9713076217583638,2.1838454872294184,-1.7375957590837867,-1.6609123663088798,2.6334223265815613,0.00000,-0.18216,0.45767,-0.04599,0.00046,0.04554
5.1645,-2.1556503533895324,-1.9774429359193815,2.1915913247211467,-1.7376110973576817,-1.6609122144295938,2.633437512991361,0.00000,-0.18344,0.23159,-0.00046,0.00000,0.00045
5.1978,-2.1556503533895324,-1.9835788529810185,2.197743347016091,-1.7360926097604141,-1.660912212910801,2.6334376648554594,0.00000,-0.18412,0.18461,0.04557,0.00000,0.00000
5.2310,-2.1556503533895324,-1.9836402121516348,2.200842149199054,-1.7360774248844415,-1.659393571915606,2.6334376663741,0.00000,-0.00185,0.09342,0.00046,0.04578,0.00000
5.2645,-2.1541317124095256,-1.9851594667233479,2.2023917782008904,-1.734558632055675,-1.659378385505654,2.634956307369293,0.04532,-0.04534,0.04625,0.04533,0.00045,0.04532
5.2978,-2.1525978850197185,-1.9851746592690651,2.2039259154709154,-1.7345434441273873,-1.6593782336415546,2.6349714937792448,0.04602,-0.00046,0.04603,0.00046,0.00000,0.00046
5.3310,-2.1525825467458204,-1.9851748111945222,2.206978538803629,-1.7345432922481043,-1.6578595911429066,2.63649028662335,0.00046,-0.00000,0.09205,0.00000,0.04580,0.04580
5.3647,-2.1510637523830747,-1.985174812713777,2.2085277060169637,-1.7345432907293117,-1.6548071227579069,2.6395427565118053,0.04504,-0.00000,0.04594,0.00000,0.09053,0.09053
5.3979,-2.151048564439447,-1.9851748127289695,2.208543197689097,-1.7330246497341166,-1.65325795709405,2.63957328121069,0.00046,-0.00000,0.00047,0.04579,0.04671,0.00092
5.4312,-2.1495297715800046,-1.9851748127291213,2.208543352605818,-1.7345281043041718,-1.6517238244574048,2.641092227437687,0.04551,-0.00000,0.00000,-0.04505,0.04597,0.04551
5.4645,-2.1495145836514102,-1.983656171749116,2.2100619951349922,-1.7345431388498722,-1.6501898421510313,2.6426260578799625,0.00046,0.04565,0.04565,-0.00045,0.04611,0.04611
5.4978,-2.1464771498121107,-1.9836409853393158,2.2131144635202973,-1.7345432891953292,-1.6440999384079409,2.6426413961843855,0.09125,0.00046,0.09170,-0.00000,0.18295,0.00046
5.5314,-2.1464467754737178,-1.982122192495211,2.216182270164164,-1.7345432906987839,-1.6349271934904692,2.6441601905474355,0.00090,0.04516,0.09122,-0.00000,0.27275,0.04516
5.5643,-2.1449278307503263,-1.9805883635867638,2.219250230190616,-1.7330246497338113,-1.6226863382012402,2.6456940194710743,0.04617,0.04662,0.09325,0.04616,0.37206,0.04662
5.5976,-2.1449126413030926,-1.9790543843176724,2.223836832730901,-1.7345281043041687,-1.6073775198482796,2.6472279987403162,0.00046,0.04603,0.13762,-0.04511,0.45934,0.04603
5.6311,-2.14491248940862,-1.9775204035449745,2.228438621696324,-1.7345431388498722,-1.5935566628446893,2.6533179024530367,0.00000,0.04587,0.13760,-0.00045,0.41326,0.18210
5.6647,-2.1433938469096687,-1.9759864227572406,2.2330405625259986,-1.736061930175336,-1.5843066083946127,2.6624906473702037,0.04515,0.04561,0.13683,-0.04516,0.27503,0.27273
5.6979,-2.143378660484679,-1.9744524419693563,2.2391611458543226,-1.7375957590685973,-1.5781395439300845,2.6701755797194093,0.00046,0.04622,0.18441,-0.04621,0.18581,0.23155
5.7310,-2.141859867640422,-1.9729184611814705,2.2437782746276262,-1.7391297383375368,-1.5765592323054327,2.6778456339429355,0.04594,0.04640,0.13965,-0.04640,0.04780,0.23199
5.7643,-2.1388073977519664,-1.9729031213735917,2.2483803688553796,-1.7406637191102332,-1.5765434291891862,2.6855155393852046,0.09154,0.00046,0.13801,-0.04600,0.00047,0.23001
5.7977,-2.134220950113061,-1.9729029679755128,2.249945030777664,-1.7421976998979667,-1.5765432711580236,2.6931854433396625,0.13748,0.00000,0.04690,-0.04598,0.00000,0.22991
5.8314,-2.126581880736638,-1.9713843254615262,2.251479318376894,-1.743731680685851,-1.576543269577712,2.6993367062992335,0.22642,0.04501,0.04548,-0.04547,0.00000,0.18232
5.8645,-2.120430926122847,-1.9683318570763724,2.2530133022328926,-1.7437470204937298,-1.576543269561909,2.703954141868849,0.18574,0.09218,0.04632,-0.00046,0.00000,0.13943
5.8979,-2.1127762116766755,-1.960708127492487,2.2560659240314664,-1.7452658148718156,-1.5750246285817442,2.704000316224545,0.22963,0.22871,0.09158,-0.04556,0.04556,0.00139
5.9312,-2.1005505366921593,-1.9484827623565935,2.2652082961294924,-1.7452810028155965,-1.5765280831519493,2.702482136988096,0.36656,0.36655,0.27411,-0.00046,-0.04508,-0.04552
5.9645,-2.0958723570022944,-1.9407673038052007,2.2683370018104867,-1.7467997956750405,-1.5765431176976512,2.702466955195731,0.14044,0.23163,0.09393,-0.04560,-0.00045,-0.00046
5.9976,-2.0927882932453814,-1.9361342262796668,2.27140557082731,-1.7498522655636486,-1.5750246270631016,2.7024668033778076,0.09320,0.14001,0.09273,-0.09224,0.04589,-0.00000
6.0329,-2.088201529667792,-1.9345692545244044,2.272954897497485,-1.757475995162569,-1.575009442156756,2.7024668018596283,0.12987,0.04431,0.04387,-0.21586,0.00043,-0.00000
6.0655,-2.0866370210520095,-1.9345536048068517,2.2760076727242002,-1.765145437358592,-1.5750092903076927,2.7024668018444467,0.04800,0.00048,0.09366,-0.23531,0.00000,-0.00000
6.0977,-2.085102734985845,-1.9345534483096762,2.277556841456475,-1.7758526186405996,-1.575009288789202,2.700948160864289,0.04771,0.00000,0.04817,-0.33296,0.00000,-0.04723
6.1314,-2.085087392125183,-1.9345534467447045,2.279090974123804,-1.7850715363334604,-1.575009288774017,2.6994143334744796,0.00046,0.00000,0.04552,-0.27357,0.00000,-0.04552
6.1643,-2.085087238696577,-1.9345534467290548,2.279106315450477,-1.795794212370437,-1.5750092887738651,2.6993989952005815,0.00000,0.00000,0.00047,-0.32549,0.00000,-0.00047
6.1978,-2.0850872371622904,-1.9330348057488913,2.279106468863744,-1.8034946440308404,-1.5750092887738638,2.6993988418178425,0.00000,0.04532,0.00000,-0.22978,0.00000,-0.00000
6.2309,-2.0850872371469475,-1.9315009783590829,2.2791064703978763,-1.8111648532474782,-1.5750092887738636,2.699398840284015,0.00000,0.04635,0.00000,-0.23177,0.00000,-0.00000
6.2645,-2.083568596166787,-1.9238924351851507,2.279106470413218,-1.821872042199692,-1.5750092887738636,2.6978801992886705,0.04523,0.22658,0.00000,-0.31886,0.00000,-0.04523
6.2978,-2.0850720507369926,-1.911667221913358,2.279106470413371,-1.8326096009492618,-1.5750092887738636,2.6978650128787174,-0.04518,0.36738,0.00000,-0.32267,0.00000,-0.00046
6.3311,-2.085087085282695,-1.8918026370405514,2.2775878294333665,-1.850940668296839,-1.5750092887738636,2.69634622003461,-0.00045,0.59677,-0.04562,-0.55070,0.00000,-0.04563
6.3646,-2.085087235628152,-1.8824921453117824,2.277572643023566,-1.8663103887703822,-1.5750092887738636,2.6948123911261628,-0.00000,0.27801,-0.00045,-0.45894,0.00000,-0.04580
6.3979,-2.0850872371316065,-1.8748058354944608,2.2775724911594684,-1.878613213815172,-1.5750092887738636,2.694797052837078,-0.00000,0.23085,-0.00000,-0.36950,0.00000,-0.00046
6.4310,-2.0850872371466407,-1.8686544084762609,2.27605384866082,-1.8908853699056742,-1.5750092887738636,2.6932782584741815,-0.00000,0.18543,-0.04578,-0.36993,0.00000,-0.04578
6.4644,-2.083568596166784,-1.859481048326038,2.27300138027582,-1.906194501266647,-1.5750092887738636,2.6932630705305525,0.04551,0.27489,-0.09147,-0.45875,0.00000,-0.00046
6.4978,-2.0835534097569854,-1.8472401868844812,2.2714522146119633,-1.9184967204203114,-1.5750092887738636,2.6932629186511163,0.00046,0.36695,-0.04644,-0.36879,0.00000,-0.00000
6.5311,-2.0835532578928873,-1.8349686504300118,2.269918081975318,-1.9307688704519022,-1.5750092887738636,2.6917442761523143,0.00000,0.36844,-0.04606,-0.36846,0.00000,-0.04560
6.5643,-2.0835532563742465,-1.8135849613453714,2.268384099668945,-1.9475966427322926,-1.5750092887738636,2.691729089727326,0.00000,0.64346,-0.04616,-0.50637,0.00000,-0.00046
6.5977,-2.08355325635906,-1.7997033556344646,2.2668501188658743,-1.958395407315144,-1.5750092887738636,2.6917289378630764,0.00000,0.41630,-0.04600,-0.32385,0.00000,-0.00000
6.6311,-2.083553256358908,-1.7874154117373007,2.266834779057844,-1.9676152408410132,-1.5750092887738636,2.691728936344434,0.00000,0.36755,-0.00046,-0.27578,0.00000,-0.00000
6.6648,-2.0835532563589068,-1.7736247634782683,2.265315984679756,-1.9783379260363192,-1.5750092887738636,2.6917289363292474,0.00000,0.40963,-0.04511,-0.31850,0.00000,-0.00000
6.6979,-2.0835532563589068,-1.764375011115637,2.263782155755969,-1.9905942807283266,-1.5750092887738636,2.6917289363290955,0.00000,0.27917,-0.04629,-0.36992,0.00000,-0.00000
6.7310,-2.0835532563589068,-1.756689308691977,2.2607295355067176,-2.0013473311352943,-1.5750092887738636,2.691728936329094,0.00000,0.23219,-0.09222,-0.32486,0.00000,-0.00000
6.7645,-2.0835532563589068,-1.7550938106877334,2.256143086364205,-2.0105667075194047,-1.5765279297538703,2.6917289363290937,0.00000,0.04767,-0.13703,-0.27544,-0.04537,-0.00000
6.7978,-2.085071897338914,-1.755077855707691,2.2500226579527522,-2.0197707471632866,-1.5765431161636705,2.6917289363290937,-0.04558,0.00048,-0.18370,-0.27626,-0.00046,0.00000
6.8313,-2.085087083748714,-1.7550776961578907,2.2438868897486106,-2.028974633439766,-1.5765432680277685,2.6917289363290937,-0.00045,0.00000,-0.18319,-0.27479,-0.00000,0.00000
6.8647,-2.085087235612812,-1.7550776945623927,2.2331950452065215,-2.038178518182572,-1.5826178334664365,2.6947662182891072,-0.00000,0.00000,-0.31967,-0.27518,-0.18162,0.09081
6.8977,-2.085087237131453,-1.7550776945464377,2.222457639901054,-2.0413078389900132,-1.5841972201008303,2.6947965911087075,-0.00000,0.00000,-0.32551,-0.09487,-0.04788,0.00092
6.9310,-2.0850872371466393,-1.756596335526285,2.2117197789879515,-2.0428577731780946,-1.5842130139671742,2.6932782538568976,-0.00000,-0.04555,-0.32204,-0.04648,-0.00047,-0.04554
6.9644,-2.0850872371467912,-1.7596488038960976,2.2025005544987795,-2.042873272519975,-1.585731812885844,2.6932630704843796,-0.00000,-0.09162,-0.27673,-0.00047,-0.04559,-0.00046
6.9977,-2.0850872371467926,-1.7627166105398084,2.19177787539384,-2.0413547865333874,-1.5857470008750305,2.6932629186506545,-0.00000,-0.09205,-0.32175,0.04556,-0.00046,-0.00000
7.0311,-2.0850872371467926,-1.7642659295862526,2.1825588027227503,-2.0398209606935147,-1.5842285117749162,2.693262917132317,0.00000,-0.04636,-0.27585,0.04590,0.04544,-0.00000
7.0646,-2.0866058781267993,-1.765800063756724,2.1763920480760124,-2.0398056224351158,-1.584213326883915,2.6947815580971395,-0.04533,-0.04579,-0.18407,0.00046,0.00045,0.04533
7.0980,-2.0866210645365997,-1.7688526870584427,2.173293098569531,-2.039805469052532,-1.5857318160150113,2.6963153854867943,-0.00046,-0.09153,-0.09292,0.00000,-0.04553,0.04599
7.1311,-2.0866212164006974,-1.7688832132914598,2.168706186134446,-2.038286826538699,-1.584228359926316,2.6948120827806843,-0.00000,-0.00092,-0.13843,0.04583,0.04537,-0.04537
7.1646,-2.0866212179193386,-1.7704021595337962,2.168660317010095,-2.0352343581535473,-1.584213325365429,2.6947970497536233,-0.00000,-0.04529,-0.00137,0.09101,0.00045,-0.00045
7.1977,-2.086621217934525,-1.7688987080162133,2.1686598583188514,-2.033685192489689,-1.58421317501982,2.693278258443347,-0.00000,0.04548,-0.00001,0.04686,0.00000,-0.04594
7.2316,-2.086621217934677,-1.7688836735010376,2.1686598537319393,-2.0321510598530437,-1.584213173516364,2.6932630705302443,-0.00000,0.00044,-0.00000,0.04526,0.00000,-0.00045
7.2642,-2.088139858914685,-1.7643276002158648,2.16865985368607,-2.0321357185266775,-1.5857318144813357,2.6932629186511132,-0.04650,0.13951,-0.00000,0.00047,-0.04650,-0.00000
7.2984,-2.088155045324485,-1.7597261165429934,2.1686598536856114,-2.03365420609342,-1.5857470008909855,2.693262917132322,-0.00044,0.13456,-0.00000,-0.04440,-0.00044,-0.00000
7.3310,-2.0881551971885832,-1.7581614607262577,2.1686598536856065,-2.0351880319490947,-1.585747152755082,2.693262917117134,-0.00000,0.04800,-0.00000,-0.04705,-0.00000,-0.00000
7.3644,-2.0927111216472443,-1.7566271731880831,2.1686598536856065,-2.038240652167665,-1.585747154273723,2.6917442761369745,-0.13637,0.04593,0.00000,-0.09137,-0.00000,-0.04546
7.3977,-2.0942753218718377,-1.7535745483526874,2.1671412127056,-2.0382711783698504,-1.5857471542889094,2.691729089727173,-0.04699,0.09170,-0.04562,-0.00092,-0.00000,-0.00046
7.4309,-2.095809604854091,-1.7459508172043,2.161051462375773,-2.039790124611879,-1.5857471542890613,2.6902102968830683,-0.04624,0.22976,-0.18353,-0.04578,-0.00000,-0.04577
7.4646,-2.0958249476839135,-1.733725452052762,2.1503600780124272,-2.0398053140742993,-1.5857471542890627,2.6886764679746196,-0.00046,0.36268,-0.31718,-0.00045,-0.00000,-0.04550
7.4981,-2.0958251011122115,-1.7199354295811853,2.1381040363287394,-2.0413241069489305,-1.5872657952690699,2.6886611296855354,-0.00000,0.41191,-0.36609,-0.04537,-0.04536,-0.00046
7.5317,-2.0958251026464945,-1.7030924785763946,2.122795066111834,-2.0413392948776767,-1.5872809816788698,2.6886609763026446,-0.00000,0.50059,-0.45500,-0.00045,-0.00045,-0.00000
7.5653,-2.097343743641844,-1.69684948514632,2.1135301305296244,-2.0398208057769573,-1.5872811335429677,2.6886609747688155,-0.04521,0.18586,-0.27583,0.04521,-0.00000,-0.00000
7.6003,-2.0988775710318044,-1.6907124912919924,2.1043256352937623,-2.041324261865957,-1.5872811350616087,2.688660974753477,-0.04385,0.17544,-0.26313,-0.04298,-0.00000,-0.00000
7.6312,-2.0988929093057043,-1.6845765574334222,2.0951217444613626,-2.041339296426847,-1.5872811350767952,2.688660974753324,-0.00050,0.19871,-0.29807,-0.00049,-0.00000,-0.00000
7.6647,-2.1004117036684495,-1.6799592751548156,2.0874365006530047,-2.041339446772456,-1.5872811350769471,2.688660974753322,-0.04539,0.13799,-0.22968,-0.00000,-0.00000,-0.00000
7.6977,-2.1034641735720907,-1.6753571793920095,2.084322366254907,-2.042858089255919,-1.5887997760569557,2.688660974753322,-0.09229,0.13914,-0.09415,-0.04592,-0.04592,0.00000
7.7312,-2.106531980231141,-1.6737925174543744,2.079735301970906,-2.0428732756807535,-1.5903336034467621,2.688660974753322,-0.09175,0.04680,-0.13719,-0.00045,-0.04587,0.00000
7.7646,-2.1111185812377515,-1.6737768708349983,2.0766521493680523,-2.042873427545002,-1.5918675827006672,2.688660974753322,-0.13735,0.00047,-0.09233,-0.00000,-0.04594,0.00000
7.7979,-2.1142017292078314,-1.6737767143688045,2.0735840358820106,-2.0428734290636443,-1.5918829224932063,2.688660974753322,-0.09261,0.00000,-0.09216,-0.00000,-0.00046,0.00000
7.8311,-2.118788483627552,-1.6737767128041425,2.070516072787137,-2.0443920700588376,-1.5918830758911318,2.688660974753322,-0.13779,0.00000,-0.09216,-0.04562,-0.00000,0.00000
7.8643,-2.1218716331317635,-1.673776712788496,2.070485393156188,-2.0444072564687894,-1.591883077425111,2.688660974753322,-0.09285,0.00000,-0.00092,-0.00046,-0.00000,0.00000
7.8976,-2.123421105606812,-1.6737767127883394,2.0704850863598785,-2.044407408332889,-1.5918830774404507,2.688660974753322,-0.04653,0.00000,-0.00001,-0.00000,-0.00000,0.00000
7.9315,-2.124955241311569,-1.6737767127883378,2.072003724271922,-2.042888768871523,-1.590364436460597,2.688660974753322,-0.04537,0.00000,0.04491,0.04491,0.04491,0.00000
7.9643,-2.1249705826686167,-1.6737767127883378,2.075056192611056,-2.0428735824769095,-1.5918678910308055,2.688660974753322,-0.00047,0.00000,0.09295,0.00046,-0.04578,0.00000
7.9978,-2.124970736082187,-1.6737767127883378,2.076605358274454,-2.0428734306129632,-1.5903642845965007,2.688660974753322,-0.00000,0.00000,0.04632,0.00000,0.04495,0.00000
8.0312,-2.1264893785963297,-1.6722580718083309,2.078139490911095,-2.041354788114317,-1.5903492485321578,2.688660974753322,-0.04537,0.04537,0.04583,0.04537,0.00045,0.00000
8.0645,-2.129541846981485,-1.6722428853985307,2.0781548322374617,-2.0413396016893306,-1.5903490981715143,2.688660974753322,-0.09175,0.00046,0.00046,0.00046,0.00000,0.00000
8.0980,-2.1341282946053566,-1.6722427335344328,2.078154985650725,-2.041339449825081,-1.5903490966679077,2.688660974753322,-0.13698,0.00000,0.00000,0.00000,0.00000,0.00000
8.1312,-2.140248723001623,-1.670724091035785,2.078154987184858,-2.0413394483064384,-1.5903490966528717,2.688660974753322,-0.18435,0.04574,0.00000,0.00000,0.00000,0.00000
8.1645,-2.1463844912056125,-1.6691902636307916,2.075117705240185,-2.0428580892712587,-1.5918677376327284,2.688660974753322,-0.18391,0.04597,-0.09104,-0.04552,-0.04552,0.00000
8.1978,-2.152520412807679,-1.6600630794767008,2.0735686914407316,-2.0428732756809067,-1.59036428306252,2.687142333773316,-0.18465,0.27467,-0.04662,-0.00046,0.04524,-0.04570
8.2310,-2.1601749769237335,-1.652378602735126,2.068997278362717,-2.042873427545003,-1.5903492485168178,2.687127147363516,-0.23012,0.23102,-0.13743,-0.00000,0.00045,-0.00046
8.2647,-2.169363368444935,-1.6462271940476834,2.0659142822719234,-2.0428734290636443,-1.5903490981713608,2.68560835451941,-0.27295,0.18273,-0.09158,-0.00000,0.00000,-0.04512
8.2979,-2.177048457260181,-1.644647038980802,2.061327529370995,-2.042873429078831,-1.5903490966679064,2.6855931665909694,-0.23174,0.04765,-0.13831,-0.00000,0.00000,-0.00046
8.3314,-2.189274435988388,-1.644631237430133,2.053688456941952,-2.0428734290789827,-1.5903490966528717,2.681037091771665,-0.36435,0.00047,-0.22765,-0.00000,0.00000,-0.13578
8.3644,-2.19395261871569,-1.6431124384346194,2.047537502297634,-2.042873429078984,-1.5903490966527214,2.674916967103446,-0.14195,0.04609,-0.18664,-0.00000,0.00000,-0.18571
8.3976,-2.200073964462991,-1.6415786094646583,2.0429200698111707,-2.042873429078984,-1.5903490966527198,2.66726256095673,-0.18396,0.04609,-0.13876,0.00000,0.00000,-0.23003
8.4310,-2.2031724598804767,-1.6415632711749586,2.038317972546286,-2.042873429078984,-1.5903490966527198,2.6611114529752347,-0.09286,0.00046,-0.13792,0.00000,0.00000,-0.18434
8.4643,-2.2077593677746723,-1.6400444768120548,2.0321973876536097,-2.042873429078984,-1.5903490966527198,2.6564940189554,-0.13767,0.04558,-0.18370,0.00000,0.00000,-0.13858
8.4986,-2.212361159793635,-1.6339547249483988,2.0260616178846558,-2.042873429078984,-1.5903490966527198,2.6549292036351932,-0.13410,0.17746,-0.17880,0.00000,0.00000,-0.04560
8.5314,-2.2154444596738383,-1.6263006225297276,2.0199256962669394,-2.0413547880989773,-1.5903490966527198,2.6549135554819916,-0.09428,0.23404,-0.18762,0.04644,0.00000,-0.00048
8.5644,-2.218512574632653,-1.618630876605507,2.015308414110742,-2.0413396016891774,-1.5903490966527198,2.6549133990004594,-0.09283,0.23205,-0.13970,0.00046,0.00000,-0.00000
8.5978,-2.221580537742255,-1.6155168971862517,2.013743600309173,-2.041339449825079,-1.5903490966527198,2.654913397435644,-0.09180,0.09318,-0.04682,0.00000,0.00000,-0.00000
8.6309,-2.2261671403133714,-1.6139671164120521,2.015246593151164,-2.0413394483064384,-1.5903490966527198,2.654913397419996,-0.13862,0.04684,0.04542,0.00000,0.00000,-0.00000
8.6645,-2.235324852219123,-1.6139516186043104,2.0167802640595904,-2.0428580892712587,-1.5903490966527198,2.6549133974198393,-0.27294,0.00046,0.04571,-0.04526,0.00000,-0.00000
8.6978,-2.2414909932582083,-1.612432822646226,2.0198328827286884,-2.0428732756809067,-1.5903490966527198,2.654913397419838,-0.18481,0.04552,0.09149,-0.00046,0.00000,-0.00000
8.7311,-2.247627218588626,-1.612417634686645,2.021382049895386,-2.042873427545003,-1.5903490966527198,2.654913397419838,-0.18437,0.00046,0.04655,-0.00000,0.00000,0.00000
8.7644,-2.2537631447619573,-1.6108988418270422,2.0244348235270664,-2.0428734290636443,-1.5903490966527198,2.654913397419838,-0.18445,0.04566,0.09177,-0.00000,0.00000,0.00000
8.7986,-2.2598990679437176,-1.6108836538984461,2.0275026332233974,-2.042873429078831,-1.5903490966527198,2.653394756439832,-0.17949,0.00044,0.08974,-0.00000,0.00000,-0.04442
8.8312,-2.2645163501155556,-1.6108835020191603,2.032089234260381,-2.0443920700589895,-1.5903490966527198,2.650342288070018,-0.14131,0.00000,0.14037,-0.04648,0.00000,-0.09342
8.8643,-2.267599804897288,-1.6108835005003674,2.0382096641907776,-2.0444072564687907,-1.5918677376327268,2.648793122406314,-0.09318,0.00000,0.18495,-0.00046,-0.04589,-0.04681
8.8977,-2.272186562385125,-1.6108835004851794,2.042826791430102,-2.0459260493128957,-1.591882924042527,2.647258989769669,-0.13725,0.00000,0.13816,-0.04545,-0.00045,-0.04591
8.9309,-2.276788352900024,-1.6108835004850275,2.0474288856425154,-2.0474598782213436,-1.591883075906625,2.6426877255032823,-0.13894,0.00000,0.13895,-0.04631,-0.00000,-0.13802
8.9654,-2.2829089347252003,-1.6108835004850262,2.053549470504667,-2.0474752165104277,-1.591883077425266,2.635048807960585,-0.17707,0.00000,0.17707,-0.00044,-0.00000,-0.22099
8.9976,-2.290563345443486,-1.6108835004850262,2.059685240273316,-2.0474753698933186,-1.5903644364604452,2.627379213885124,-0.23823,0.00000,0.19097,-0.00000,0.04727,-0.23870
9.0313,-2.295195812490689,-1.612402141465033,2.065821161891029,-2.0474753714271476,-1.5903492500507972,2.6197093130443356,-0.13752,-0.04508,0.18215,-0.00000,0.00045,-0.22769
9.0647,-2.3013167010811886,-1.612417327874833,2.0719570850272335,-2.047475371442486,-1.5918677391667075,2.6135580501158997,-0.18315,-0.00045,0.18360,-0.00000,-0.04544,-0.18406
9.0979,-2.3044151919271068,-1.612417479738931,2.078093008178623,-2.0489940124226464,-1.5918829240578667,2.6104592555266017,-0.09330,-0.00000,0.18476,-0.04573,-0.00046,-0.09331
9.1312,-2.3090020997755865,-1.612417481257572,2.084228931330163,-2.049009198832448,-1.5918830759067784,2.6058723446406886,-0.13768,-0.00000,0.18418,-0.00046,-0.00000,-0.13768
9.1645,-2.3105666098340776,-1.6139361222527655,2.0903648544817064,-2.0520466326565594,-1.5918830774252675,2.6058264755318294,-0.04699,-0.04562,0.18430,-0.09124,-0.00000,-0.00138
9.1979,-2.3105822549346624,-1.6139513086627173,2.094982136653242,-2.056632929934821,-1.5918830774404522,2.604307375860735,-0.00047,-0.00045,0.13818,-0.13725,-0.00000,-0.04546
9.2312,-2.3105824113856683,-1.6139514605268168,2.1011028733949844,-2.0627533568276304,-1.591883077440604,2.6042921848640237,-0.00000,-0.00000,0.18395,-0.18394,-0.00000,-0.00046
9.2646,-2.3121010539301854,-1.6139514620454578,2.105720003702422,-2.068889125016586,-1.5918830774406056,2.604292032954057,-0.04546,-0.00000,0.13820,-0.18366,-0.00000,-0.00000
9.2978,-2.3121162403556306,-1.6139514620606443,2.111840738925524,-2.071987764658489,-1.5918830774406056,2.604292031434957,-0.00046,-0.00000,0.18429,-0.09330,0.00000,-0.00000
9.3312,-2.3121163922198846,-1.6139514620607962,2.116457869217775,-2.0750560330149215,-1.5918830774406056,2.6027733904397583,-0.00000,-0.00000,0.13811,-0.09178,0.00000,-0.04543
9.3645,-2.3105977527585204,-1.6139514620607978,2.1180226815007046,-2.0766053566784928,-1.5934017184206126,2.6027582040298065,0.04563,-0.00000,0.04702,-0.04656,-0.04563,-0.00046
9.3977,-2.310582566363907,-1.6139514620607978,2.1210756115835476,-2.0781394908951354,-1.5994914687504396,2.605795334125721,0.00046,0.00000,0.09203,-0.04625,-0.18357,0.09155
9.4310,-2.3105824144999607,-1.6139514620607978,2.125662063824396,-2.0811921141973153,-1.6025896482137514,2.60126978248666,0.00000,0.00000,0.13752,-0.09153,-0.09289,-0.13569
9.4643,-2.3105824129813213,-1.6154701030408047,2.1287452103068185,-2.0857785633703574,-1.6026206300083845,2.6012245269702694,0.00000,-0.04566,0.09270,-0.13790,-0.00093,-0.00136
9.4979,-2.312101053946142,-1.620041212390625,2.1318133237316563,-2.091898991782115,-1.6011022988463242,2.6027427153951117,-0.04515,-0.13592,0.09123,-0.18198,0.04515,0.04514
9.5310,-2.3105975993757832,-1.620086923484123,2.128806722905891,-2.094997478026246,-1.6041243974947172,2.605795179239374,0.04546,-0.00138,-0.09092,-0.09370,-0.09139,0.09231
9.5643,-2.3090639238500734,-1.6216060215750647,2.127258015917626,-2.0965471038686943,-1.6056732594612078,2.607344344857824,0.04601,-0.04557,-0.04646,-0.04649,-0.04647,0.04648
9.5977,-2.309048587094816,-1.6216212125559741,2.1272425288477437,-2.0965626001271187,-1.602651466120859,2.602803913573987,0.00046,-0.00046,-0.00046,-0.00046,0.09052,-0.13600
9.6321,-2.3090484337272636,-1.6216213644657833,2.1242050920170312,-2.096562755089703,-1.6026212481874555,2.6027585092611485,0.00000,-0.00000,-0.08834,-0.00000,0.00088,-0.00132
9.6644,-2.3090484321935882,-1.6216213659848813,2.1196187947087037,-2.095044115659322,-1.6026209460081215,2.6027580552180205,0.00000,-0.00000,-0.14204,0.04703,0.00001,-0.00001
9.6980,-2.3105670731582575,-1.6216213660000725,2.113498367815593,-2.0965475702450247,-1.5995836610263146,2.601239409697583,-0.04518,-0.00000,-0.18210,-0.04473,0.09037,-0.04518
9.7317,-2.310582259567904,-1.6201027250202176,2.1088812406066415,-2.095043963810875,-1.604109211116517,2.6027428642223844,-0.00045,0.04511,-0.13715,0.04466,-0.13443,0.04466
9.7645,-2.310582411432001,-1.620087538610419,2.105797787374539,-2.0950289277465335,-1.604154466617419,2.6027578987676327,-0.00000,0.00046,-0.09401,0.00046,-0.00138,0.00046
9.7979,-2.3090637719706355,-1.6216060277263278,2.1057669528422176,-2.096547418365897,-1.604154919172428,2.604276690093093,0.04546,-0.04545,-0.00092,-0.04545,-0.00001,0.04546
9.8312,-2.3090485855760217,-1.6216212126174867,2.096654798616854,-2.0889693983720568,-1.605673564677985,2.6073291599663615,0.00046,-0.00046,-0.27337,0.22734,-0.04556,0.09157
9.8645,-2.309048433712076,-1.6185840825063846,2.0950450360945934,-2.085856336212105,-1.6056887511330404,2.607359684665094,0.00000,0.09130,-0.04839,0.09358,-0.00046,0.00092
9.8980,-2.3090484321934364,-1.6185537112052737,2.0950289384693708,-2.0858252055905053,-1.6056889029975911,2.6073599899120814,0.00000,0.00091,-0.00048,0.00093,-0.00000,0.00001
9.9312,-2.30904843217825,-1.6170347665122564,2.0950287774931184,-2.079750330364262,-1.6041702635362298,2.6058413519845436,0.00000,0.04583,-0.00000,0.18328,0.04582,-0.04582
9.9645,-2.3105670731581043,-1.6170195770653262,2.0980660578433694,-2.076652299651986,-1.6026364361616092,2.604307524625262,-0.04556,0.00046,0.09113,0.09295,0.04602,-0.04602
9.9976,-2.310582259567903,-1.61550078419085,2.1011337126068854,-2.0751026783648565,-1.6011024569078565,2.6027735453716616,-0.00046,0.04581,0.09252,0.04674,0.04626,-0.04626
10.0313,-2.3090637704519943,-1.6139669552820983,2.1026830301345276,-2.0720499001919714,-1.6026057580953255,2.604276846559133,0.04509,0.04554,0.04600,0.09064,-0.04464,0.04464
10.0656,-2.3090485855608356,-1.6139516169930108,2.1011798823297974,-2.0705007314302364,-1.604139432087207,2.6058105205510143,0.00044,0.00045,-0.04387,0.04521,-0.04476,0.04476
10.0981,-2.309048433711924,-1.6139514636101198,2.0996462098717434,-2.068966598762612,-1.604154768827126,2.6073444982709404,0.00000,0.00000,-0.04714,0.04715,-0.00047,0.04715
10.1310,-2.3090484321934346,-1.613951462076291,2.0981122321671557,-2.068951257435936,-1.605673563174532,2.610397120008152,0.00000,0.00000,-0.04665,0.00047,-0.04619,0.09284
10.1643,-2.30904843217825,-1.6139514620609527,2.096578251410103,-2.068951104022669,-1.605688751118006,2.6104276462255243,0.00000,0.00000,-0.04606,0.00000,-0.00046,0.00092
10.1978,-2.309048432178098,-1.6139514620607993,2.0965629116025326,-2.0719883844485496,-1.604170262017434,2.608909310507692,0.00000,0.00000,-0.00046,-0.09063,0.04531,-0.04530
10.2310,-2.3090484321780966,-1.6139514620607978,2.096562758204457,-2.0720187572528084,-1.6041550771264284,2.6058568451904995,0.00000,0.00000,-0.00000,-0.00091,0.00046,-0.09194
10.2644,-2.310567073158103,-1.6139514620607978,2.0950441156904693,-2.072019060980851,-1.6041549252775182,2.6058263205373278,-0.04552,0.00000,-0.04552,-0.00001,0.00000,-0.00091
10.2977,-2.310582259567903,-1.6124328210807908,2.0950289292653297,-2.0720190640181317,-1.6041549237590291,2.605826015290796,-0.00046,0.04556,-0.00046,-0.00000,0.00000,-0.00001
10.3312,-2.3105824114320006,-1.6124176346709906,2.096547418381085,-2.073537705028511,-1.6041549237438442,2.6058260122383308,-0.00000,0.00045,0.04542,-0.04543,0.00000,-0.00000
10.3644,-2.310582412950642,-1.6124174828068927,2.0965626032722424,-2.0735528914386148,-1.6041549237436923,2.607344653187814,-0.00000,0.00000,0.00046,-0.00046,0.00000,0.04563
10.3980,-2.3105824129658283,-1.6124174812882517,2.096562755121154,-2.073553043302716,-1.6041549237436907,2.6073598395973088,-0.00000,0.00000,0.00000,-0.00000,0.00000,0.00045
10.4314,-2.31058241296598,-1.6124174812730652,2.095044115659636,-2.07203440384135,-1.6041549237436907,2.6073599914614034,-0.00000,0.00000,-0.04556,0.04556,0.00000,0.00000
10.4645,-2.3105824129659815,-1.6139361222529205,2.0904730063250008,-2.068981935486723,-1.6041549237436907,2.6073599929800446,-0.00000,-0.04586,-0.13805,0.09219,0.00000,0.00000
10.4977,-2.3090637719859752,-1.6154699496427258,2.079796808371607,-2.0659141288431635,-1.6056735647236975,2.6073599929952307,0.04574,-0.04620,-0.32158,0.09241,-0.04574,0.00000
10.5312,-2.3090485855761753,-1.615485287916624,2.0660222775720123,-2.05525296391668,-1.6056887511334976,2.6073599929953826,0.00045,-0.00046,-0.41085,0.31799,-0.00045,0.00000
10.5646,-2.309048433712077,-1.6170040822793699,2.0522167634439548,-2.036922660507334,-1.6056889029975956,2.6073599929953843,0.00000,-0.04552,-0.41374,0.54934,-0.00000,0.00000
10.5977,-2.3090484321934364,-1.623093834143024,2.0429668624226336,-2.018515665713159,-1.6056889045162366,2.6073599929953843,0.00000,-0.18396,-0.27942,0.55604,-0.00000,0.00000
10.6310,-2.30904843217825,-1.6261920136216739,2.024650671652339,-1.9818842122450546,-1.605688904531423,2.6073599929953843,0.00000,-0.09303,-0.55001,1.10000,-0.00000,0.00000
10.6647,-2.309048432178098,-1.6277416363964674,2.0168743048446025,-1.9663314879103055,-1.605688904531575,2.6073599929953843,0.00000,-0.04592,-0.23044,0.46089,-0.00000,0.00000
10.6978,-2.30752979119809,-1.6292757736042223,2.0076846952964837,-1.9525081918468972,-1.6056889045315763,2.6088786339753907,0.04586,-0.04633,-0.27753,0.41748,-0.00000,0.04586
10.7309,-2.3075146047882895,-1.6308097559563066,1.9984809533209624,-1.9402208310462083,-1.6056889045315765,2.6088938203851906,0.00046,-0.04639,-0.27833,0.37158,-0.00000,0.00046
10.7645,-2.3075144529241918,-1.6353810187198474,1.9877584290411594,-1.926430188618141,-1.60872618649159,2.6104126132292946,0.00000,-0.13605,-0.31912,0.41043,-0.09039,0.04520
10.7979,-2.3075144514055506,-1.6415012952675105,1.977020716938314,-1.911105872393792,-1.610275200291197,2.6104278011577358,0.00000,-0.18344,-0.32184,0.45931,-0.04643,0.00046
10.8309,-2.3059958104103573,-1.6476370619530143,1.9693201349172518,-1.8972848604114878,-1.6102906904291932,2.6119465940170277,0.04593,-0.18559,-0.23292,0.41804,-0.00047,0.04594
10.8645,-2.3059806240004055,-1.653772983539896,1.964687206157021,-1.8849975224516107,-1.610290845330573,2.613480422925627,0.00045,-0.18288,-0.13808,0.36622,-0.00000,0.04571
10.8976,-2.305980472136306,-1.6614275476557987,1.9646408768694186,-1.874244162211964,-1.6118094878595934,2.6150144021947206,0.00000,-0.23101,-0.00140,0.32453,-0.04583,0.04629
10.9311,-2.3029431886576512,-1.6690972981969916,1.9646404135765427,-1.8665434237095335,-1.610306033304877,2.6180670239474235,0.09081,-0.22931,-0.00001,0.23024,0.04495,0.09127
10.9642,-2.3029128158228644,-1.6782858415824444,1.9646404089436138,-1.860391852404482,-1.61029099875933,2.6180975501649506,0.00092,-0.27700,-0.00000,0.18544,0.00045,0.00092
10.9977,-2.3013938711145103,-1.6905268548563537,1.9661590498772912,-1.8542557727714046,-1.6102908484138745,2.619616496407134,0.04536,-0.36558,0.04535,0.18325,0.00000,0.04536
11.0311,-2.29986004068742,-1.7043170338091533,1.9692115182466416,-1.8496384890350535,-1.6118094878904266,2.619631685869556,0.04600,-0.41358,0.09155,0.13848,-0.04555,0.00046
11.0644,-2.299844702383149,-1.7196413453987491,1.9692420429303352,-1.8450363932576697,-1.6103060333051855,2.61963183776418,0.00046,-0.45977,0.00092,0.13807,0.04511,0.00000
11.0978,-2.2983259080200993,-1.7334623573347065,1.9707609891571787,-1.8389158083798685,-1.610290998759333,2.621150480263132,0.04547,-0.41378,0.04548,0.18324,0.00045,0.04547
11.1310,-2.292236156156442,-1.747268336274127,1.972294819599454,-1.82974275665105,-1.6102908484138745,2.6242029486481355,0.18328,-0.41551,0.04616,0.27608,0.00000,0.09187
11.1645,-2.278507489817744,-1.7595555239035758,1.9723101579038769,-1.820539180253721,-1.61029084691042,2.630308037252014,0.40977,-0.36674,0.00046,0.27470,0.00000,0.18222
11.1978,-2.263183793354289,-1.768790241659911,1.9723103112869211,-1.8098166576297001,-1.6102908468953854,2.636443652058078,0.46023,-0.27735,0.00000,0.32204,0.00000,0.18428
11.2316,-2.2448068646295734,-1.7764757937375084,1.973828953800758,-1.803634868483433,-1.610290846895235,2.6425795721261665,0.54430,-0.22764,0.04498,0.18310,0.00000,0.18174
11.2646,-2.229436685542258,-1.7856644951383251,1.9753627812059034,-1.7974984866719428,-1.6102908468952335,2.650234136226881,0.46518,-0.27810,0.04642,0.18572,0.00000,0.23167
11.2978,-2.218652496891337,-1.79638686901238,1.9768967604599617,-1.7913625589338011,-1.61180948787524,2.6579038867679223,0.32520,-0.32334,0.04626,0.18503,-0.04580,0.23128
11.3310,-2.210951450104794,-1.8071245796111683,1.9799493822125156,-1.7837079947563859,-1.6118246742850402,2.6670924301533745,0.23178,-0.32318,0.09188,0.23038,-0.00046,0.27655
11.3645,-2.204799875716902,-1.817862443577204,1.9845358313700616,-1.774519603234571,-1.6103061851691316,2.6732588795072547,0.18368,-0.32063,0.13695,0.27436,0.04534,0.18413
11.3988,-2.200182437033003,-1.8286003090769112,1.986100336841644,-1.7637972324593052,-1.6102910002779725,2.6793951079208216,0.13464,-0.31311,0.04562,0.31266,0.00044,0.17893
11.4312,-2.1925430577461293,-1.8378195336119492,1.99067190483638,-1.7560968038515183,-1.6102908484290608,2.687049675104991,0.23553,-0.28424,0.14095,0.23741,0.00000,0.23600
11.4645,-2.1848734590532266,-1.8470235717373402,1.993754902476341,-1.7453893127053934,-1.6087722059305647,2.6947194256768663,0.23022,-0.27628,0.09254,0.32141,0.04559,0.23023
11.4981,-2.171128994246237,-1.8623020219186617,1.9998602963727676,-1.7346517509338846,-1.6072383785255728,2.7069452510226393,0.40940,-0.45509,0.18186,0.31983,0.04569,0.36416
11.5315,-2.1588424217581124,-1.8700480113205098,2.005995914231759,-1.7269511704161353,-1.6057043992715163,2.714660714176131,0.36791,-0.23195,0.18373,0.23059,0.04593,0.23103
11.5646,-2.1450517872131702,-1.8762000351345551,2.0090945523703625,-1.7238368826509447,-1.6041704184989691,2.7223310737076996,0.41723,-0.18613,0.09375,0.09422,0.04641,0.23206
11.5975,-2.132764753027667,-1.8823361192927224,2.012162820711762,-1.7238057397732927,-1.6041550786912435,2.731519623183057,0.37263,-0.18609,0.09305,0.00094,0.00047,0.27866
11.6311,-2.1174554728857435,-1.888472044054331,2.013712144375183,-1.723805428344516,-1.6041549252931664,2.7392047135778443,0.45578,-0.18268,0.04613,0.00001,0.00000,0.22880
11.6645,-2.1005973293042497,-1.8946079672219749,2.0137276376118174,-1.7207681432702144,-1.6041549237591857,2.7514306923218457,0.50481,-0.18374,0.00046,0.09095,0.00000,0.36610
11.6978,-2.08372369708836,-1.8961879674336575,2.0137277925441834,-1.716181847479451,-1.6041549237438457,2.7606647979893277,0.50626,-0.04740,0.00000,0.13760,0.00000,0.27705
11.7310,-2.066849909986127,-1.8962037674357741,2.0106905121334937,-1.7100614206015166,-1.6041549237436923,2.7713876259060486,0.50878,-0.00048,-0.09158,0.18454,0.00000,0.32331
11.7645,-2.0530134032950436,-1.8962039254357954,2.00914149834938,-1.70392565241271,-1.6026362827636838,2.786681263985283,0.41318,-0.00000,-0.04626,0.18322,0.04535,0.45669
11.7978,-2.039207269408072,-1.8962039270157955,2.0060887262515252,-1.6977897308107948,-1.6011024553738773,2.8005019691861373,0.41486,-0.00000,-0.09173,0.18438,0.04609,0.41530
11.8310,-2.010215029449073,-1.8931666450715825,1.9999836346105193,-1.688616525714735,-1.5965311941599587,2.827975713878269,0.87242,0.09140,-0.18371,0.27603,0.13756,0.82672
11.8643,-1.9962573382294222,-1.8900989902921266,1.995366660754089,-1.6854875117037609,-1.5904109176277923,2.8403995791652443,0.41903,0.09210,-0.13861,0.09394,0.18374,0.37298
11.8978,-1.9794127105371513,-1.887031031784319,1.9892459270954976,-1.6839375805836443,-1.5827565099624368,2.852672945658168,0.50367,0.09173,-0.18302,0.04634,0.22887,0.36698
11.9311,-1.9625392134801536,-1.885481711219234,1.9831101558388846,-1.6839220812724431,-1.5735681200057425,2.8664634481431586,0.50663,0.04652,-0.18423,0.00047,0.27588,0.41406
11.9644,-1.9441467867495021,-1.883947577033576,1.978492875186298,-1.683921926279331,-1.5674016721861486,2.881787762968076,0.55195,0.04604,-0.13856,0.00000,0.18505,0.45988
11.9978,-1.925739170722114,-1.8824135947117127,1.9754094204197588,-1.685440565709407,-1.5643027257479387,2.895608774936387,0.55097,0.04591,-0.09229,-0.04546,0.09276,0.41368
12.0312,-1.9073314028017587,-1.8808796139084871,1.9723413039120798,-1.686974393083714,-1.5612344543235432,2.9109333948561376,0.55133,0.04594,-0.09189,-0.04594,0.09190,0.45899
12.0643,-1.8858863514024606,-1.8747897101804278,1.972310622747003,-1.690027013317471,-1.5612037716092992,2.9262730508554027,0.64702,0.18374,-0.00093,-0.09210,0.00093,0.46281
12.0980,-1.862892286188365,-1.8580237603630727,1.9692730339753388,-1.693094821479822,-1.5612034647821569,2.9431314981954695,0.68275,0.49782,-0.09019,-0.09109,0.00001,0.50057
12.1309,-1.8383640898561158,-1.8350764861647977,1.9646867351476018,-1.6931254995614458,-1.5612034617138855,2.963042415408959,0.74475,0.69675,-0.13925,-0.00093,0.00000,0.60456
12.1646,-1.8138205522126847,-1.8135860397027193,1.960084949219304,-1.6931258063422618,-1.5612034616832027,2.976909293401154,0.72938,0.63865,-0.13675,-0.00001,0.00000,0.41209
12.1978,-1.7953514250761688,-1.798184725438031,1.958520290380014,-1.69312580941007,-1.5612034616828958,2.98919709002113,0.55714,0.46460,-0.04720,-0.00000,0.00000,0.37068
12.2312,-1.776943042044723,-1.7874002254353363,1.9585046437916211,-1.6961630914007615,-1.5612034616828927,3.0045063777873993,0.55088,0.32273,-0.00047,-0.09089,0.00000,0.45814
12.2645,-1.7630911893943468,-1.7812178165152825,1.9585044873257371,-1.6977121052006754,-1.5612034616828927,3.0152899575251078,0.41589,0.18562,-0.00000,-0.04651,0.00000,0.32376
12.2977,-1.7508035430277893,-1.779637351446075,1.9600231267410853,-1.7038021592587014,-1.5612034616828927,3.030584203122554,0.36975,0.04756,0.04570,-0.18326,0.00000,0.46023
12.3311,-1.7385315387240692,-1.7781029058153761,1.9615569541152453,-1.7129749056793224,-1.5612034616828927,3.0489608373386083,0.36707,0.04590,0.04588,-0.27436,0.00000,0.54966
12.3647,-1.7247410498609712,-1.775050279399056,1.961572292388987,-1.7206598380435625,-1.5612034616828927,3.0673682954408505,0.41074,0.09092,0.00046,-0.22889,0.00000,0.54826
12.3977,-1.7094167351722727,-1.768945189214866,1.9615724457717243,-1.7313671742272527,-1.5612034616828927,3.0888133437419683,0.46515,0.18531,0.00000,-0.32501,0.00000,0.65094
12.4312,-1.68800251830529,-1.7628095743929961,1.9615724473055518,-1.7405860934691304,-1.5612034616828927,3.1042142040250473,0.63890,0.18306,0.00000,-0.27505,0.00000,0.45949
12.4644,-1.6710833253565456,-1.7551550133447436,1.9585351653608765,-1.7467528465815758,-1.5612034616828927,3.119554622427946,0.50877,0.23018,-0.09133,-0.18544,0.00000,0.46129
12.5016,-1.6663582104870382,-1.7505225447942414,1.9569861515614229,-1.7528890780327278,-1.5596848207028862,3.1212266675919826,0.12719,0.12470,-0.04170,-0.16517,0.04088,0.04501
12.5317,-1.6587177544383094,-1.7504762201087363,1.955452020443422,-1.7544690813272459,-1.559669634293086,3.125799310983643,0.25367,0.00154,-0.05093,-0.05246,0.00050,0.15182
12.5645,-1.657122708897815,-1.7504757568618812,1.9523993971722284,-1.754484881360191,-1.558150841448981,3.1273636783975656,0.04869,0.00001,-0.09318,-0.00048,0.04636,0.04775
12.5976,-1.6571067584424102,-1.7489571112494058,1.9447756660394822,-1.7560036803405272,-1.5581356535205402,3.128897963051713,0.00048,0.04580,-0.22992,-0.04580,0.00046,0.04627
12.6312,-1.6555879579578492,-1.747423283813274,1.9371062238281207,-1.7560188683303306,-1.5581355016412557,3.128913305898254,0.04517,0.04561,-0.22808,-0.00045,0.00000,0.00046
12.6644,-1.6540541289729966,-1.7443706635788987,1.9309549654859803,-1.7560190202102286,-1.5581355001224628,3.130432100306726,0.04624,0.09203,-0.18545,-0.00000,0.00000,0.04579
12.6978,-1.654038790683148,-1.742821496396549,1.9233002480025247,-1.754500380749021,-1.558135500107275,3.1304472882508105,0.00046,0.04645,-0.22951,0.04553,0.00000,0.00046
12.7311,-1.6494827143602298,-1.7306568768846708,1.911074572987636,-1.7575224763144226,-1.558135500107123,3.1304474401302516,0.13677,0.36518,-0.36701,-0.09072,0.00000,0.00000
12.7649,-1.6403253077169595,-1.7168674618694912,1.9003218293774398,-1.76058997923009,-1.5596541410871285,3.130447441649046,0.27102,0.40811,-0.31823,-0.09078,-0.04495,0.00000
12.7977,-1.6235286828704523,-1.7015431579192717,1.8865465331212767,-1.7651765771992673,-1.5596693274969284,3.1319660826442415,0.51195,0.46708,-0.41986,-0.13980,-0.00046,0.04629
12.8317,-1.6005811019218856,-1.684684864099695,1.8742596523186608,-1.7697783661189794,-1.5642254023010467,3.1319812690541933,0.67515,0.49599,-0.36150,-0.13539,-0.13405,0.00045
12.8645,-1.5836465753323254,-1.6708485123414376,1.8619876556705803,-1.77286166596819,-1.5688268859891081,3.131981420918293,0.51507,0.42084,-0.37326,-0.09378,-0.13996,0.00000
12.8978,-1.571328102226375,-1.6600796619638074,1.8497158078640452,-1.7774484219067024,-1.5688729008259887,3.131981422436934,0.37005,0.32350,-0.36865,-0.13779,-0.00138,0.00000
12.9315,-1.5666489945552957,-1.6508601275799908,1.8435185254659525,-1.7790129304460944,-1.567354719994351,3.1319814224521205,0.13917,0.27422,-0.18433,-0.04653,0.04516,0.00000
12.9644,-1.562046280538564,-1.646212009296132,1.8389006297019512,-1.7805472165114948,-1.5673395381860347,3.131981422452272,0.13959,0.14097,-0.14005,-0.04653,0.00046,0.00000
12.9978,-1.558962971438383,-1.6416096051732734,1.8373358097643047,-1.7805625593721488,-1.5612648224479242,3.1335000634322796,0.09225,0.13770,-0.04682,-0.00046,0.18175,0.04544
13.0310,-1.5422270875673063,-1.6354890172120171,1.832764238624908,-1.785118635740776,-1.5596854343105364,3.135033890822086,0.50472,0.18458,-0.13787,-0.13740,0.04763,0.04626
13.0645,-1.525354677948521,-1.6263159654523638,1.831199881933507,-1.7897201194444825,-1.561188281409169,3.135049229095984,0.50329,0.27362,-0.04666,-0.13726,-0.04483,0.00046
13.0978,-1.5069622620922525,-1.6171123890547274,1.8296655973865863,-1.7958406982015471,-1.5612033098801554,3.135049382478723,0.55211,0.27628,-0.04606,-0.18373,-0.00045,0.00000
13.1312,-1.490073287153615,-1.6063898664307033,1.8266129725811033,-1.8034951088891515,-1.5612034601648654,3.138086665972564,0.50560,0.32100,-0.09139,-0.22915,-0.00000,0.09093
13.1646,-1.4792739105441812,-1.5986894363044293,1.8250638053530421,-1.8081275759360478,-1.5612034616677124,3.1457102437075366,0.32419,0.23116,-0.04650,-0.13906,-0.00000,0.22885
13.1979,-1.4715727118780528,-1.5925378680831386,1.8250483136807614,-1.8127298235465372,-1.5612034616827408,3.1548983253649276,0.23104,0.18455,-0.00046,-0.13807,-0.00000,0.27565
13.2311,-1.4639024949913577,-1.5879204294609057,1.8250481587640386,-1.820369050922676,-1.5627221026628981,3.167139334021556,0.23069,0.13887,-0.00000,-0.22976,-0.04567,0.36816
13.2644,-1.457751228902463,-1.5817996911546564,1.8265667981948777,-1.825001366136458,-1.5612186480926928,3.1763735899881618,0.18495,0.18403,0.04566,-0.13928,0.04520,0.27765
13.2979,-1.45009651134154,-1.5771825608315733,1.8281006255691932,-1.826566330268602,-1.5612036135469907,3.1825404964678556,0.22850,0.13782,0.04579,-0.04671,0.00045,0.18409
13.3310,-1.44090811828589,-1.5740991075683293,1.8281159638429363,-1.8281006208899304,-1.5612034632015337,3.1871580884726725,0.27732,0.09306,0.00046,-0.04631,0.00000,0.13936
13.3645,-1.4301857474952868,-1.57254963205569,1.8281161172256737,-1.8296346047761507,-1.5612034616980792,3.1932788283127485,0.32058,0.04633,0.00000,-0.04586,0.00000,0.18300
13.3977,-1.4148921139873123,-1.5725341373005635,1.8265974777794942,-1.8342058675550332,-1.5612034616830446,3.196377317671163,0.46018,0.00047,-0.04569,-0.13755,0.00000,0.09323
13.4312,-1.3980341268721588,-1.5710153413730052,1.825063650405026,-1.8372888621428354,-1.5627221026629012,3.1979269435447533,0.50346,0.04536,-0.04581,-0.09207,-0.04535,0.04628
13.4644,-1.3841977781809456,-1.569481512433723,1.8250483121312813,-1.8418756150287339,-1.5627372890726998,3.199461080783497,0.41636,0.04616,-0.00046,-0.13802,-0.00046,0.04617
13.4989,-1.3749475688139936,-1.566428892184317,1.8250481587485439,-1.8464774054976132,-1.5642560819168043,3.1979577811758766,0.26820,0.08851,-0.00000,-0.13343,-0.04404,-0.04359
13.5309,-1.3687805028002964,-1.563361084021809,1.8250481572147166,-1.8480420643823086,-1.5642712698452454,3.1979427481798,0.19255,0.09579,-0.00000,-0.04885,-0.00047,-0.00047
13.5645,-1.3626442682201314,-1.5587744830001633,1.8235295162193712,-1.8480577109711556,-1.5642714217245297,3.199461238829848,0.18269,0.13655,-0.04521,-0.00047,-0.00000,0.04521
13.5978,-1.35802698293431,-1.5587286169899468,1.8219956888294109,-1.848057867437044,-1.562752782263316,3.199476423736348,0.13879,0.00138,-0.04611,-0.00000,0.04565,0.00046
13.6311,-1.3519062461614237,-1.5572095173498386,1.8174244276154912,-1.8480578690017029,-1.562737595868704,3.200995216565419,0.18378,0.04561,-0.13725,-0.00000,0.00046,0.04560
13.6644,-1.3336213470336151,-1.5556756853734304,1.8113041510833248,-1.8480578690173495,-1.562737444004758,3.2010104044937098,0.54896,0.04605,-0.18375,-0.00000,0.00000,0.00046
13.6980,-1.3182520882422677,-1.5541417060736593,1.8066870253779825,-1.848057869017506,-1.5672933654261387,3.2010105563729927,0.45771,0.04568,-0.13750,-0.00000,-0.13568,0.00000
13.7311,-1.3074679087943084,-1.546533161380628,1.8036035721609158,-1.8480578690175076,-1.568857565620359,3.2010105578917853,0.32603,0.23002,-0.09322,-0.00000,-0.04729,0.00000
13.7649,-1.2997668620997946,-1.5312706661336297,1.7990168146887247,-1.8480578690175076,-1.5673545666422946,3.201010557906973,0.22793,0.45174,-0.13576,0.00000,0.04449,0.00000
13.7977,-1.298171210652842,-1.5174502723610983,1.7959336651539894,-1.8495765099975146,-1.567339536652514,3.201010557907125,0.04854,0.42038,-0.09378,-0.04619,0.00046,0.00000
13.8310,-1.2966366131583662,-1.506681581563326,1.794384192678635,-1.8495916964073145,-1.5688580273326227,3.201010557907127,0.04613,0.32368,-0.04657,-0.00046,-0.04564,0.00000
13.8648,-1.2966212671834216,-1.4989806897553146,1.7928500569738746,-1.8495918482714127,-1.5658359302794103,3.201010557907127,0.00045,0.22799,-0.04542,-0.00000,0.08947,0.00000
13.8978,-1.2951024727436642,-1.4958663988772205,1.792834715616827,-1.8495918497900534,-1.562768427348865,3.201010557907127,0.04597,0.09426,-0.00046,-0.00000,0.09285,0.00000
13.9311,-1.2935686438192606,-1.4958352559684396,1.7928345622032564,-1.851110490785247,-1.564256393299566,3.201010557907127,0.04605,0.00093,-0.00000,-0.04559,-0.04467,0.00000
13.9645,-1.2905160235700026,-1.4958349445393517,1.7928345606691207,-1.855681600135219,-1.5642712729590729,3.201010557907127,0.09151,0.00001,-0.00000,-0.13704,-0.00045,0.00000
13.9977,-1.29048549736751,-1.494316300445054,1.7928345606537794,-1.860283234168739,-1.5627527807756616,3.201010557907127,0.00092,0.04572,-0.00000,-0.13855,0.04572,0.00000
14.0312,-1.2904851921054852,-1.488226550084084,1.792834560653626,-1.8664038144291013,-1.5627375958538274,3.201010557907127,0.00001,0.18197,-0.00000,-0.18289,0.00045,0.00000
14.0644,-1.2904851890528648,-1.4744978837604128,1.789797278693611,-1.8695023021917185,-1.5627374440046091,3.201010557907127,0.00000,0.41250,-0.09126,-0.09310,0.00000,0.00000
14.0978,-1.2889665480423325,-1.4652487512171362,1.783692341953984,-1.8710519280493516,-1.5642560834661234,3.201010557907127,0.04559,0.27764,-0.18326,-0.04652,-0.04559,0.00000
14.1311,-1.2874327206522196,-1.4575630549916687,1.7760380876865536,-1.871067424307928,-1.5642712698607386,3.201010557907127,0.04595,0.23026,-0.22932,-0.00046,-0.00045,0.00000
14.1645,-1.2843801004183044,-1.4498929931293802,1.7698869812238522,-1.8710675792705138,-1.5657900627046915,3.197973275947113,0.09149,0.22987,-0.18435,-0.00000,-0.04552,-0.09103
14.1977,-1.2843495742159654,-1.4407044466307164,1.7667881881992116,-1.8725862218001461,-1.567323891613138,3.1979429031275126,0.00092,0.27674,-0.09333,-0.04574,-0.04620,-0.00091
14.2310,-1.284349268953942,-1.4330193562656959,1.762201277328945,-1.8756386901854565,-1.5673392299022224,3.196423958419311,0.00001,0.23101,-0.13788,-0.09176,-0.00046,-0.04566
14.2644,-1.2828306249213155,-1.425349300462012,1.756080844300215,-1.8832624197693433,-1.5673393832851132,3.191852846032209,0.04545,0.22955,-0.18318,-0.22817,-0.00000,-0.13681
14.3028,-1.2812967975009832,-1.4176793950039412,1.7529823580099142,-1.889413220985209,-1.5643021028589283,3.187251211968316,0.03999,0.19996,-0.08078,-0.16036,0.07918,-0.11997
14.3348,-1.2812814592267798,-1.4176026959493606,1.7529513731470112,-1.8894747289973677,-1.5642717300546667,3.187205195627677,0.00048,0.00240,-0.00097,-0.00192,0.00095,-0.00144
14.3680,-1.2767253829040164,-1.405452801118761,1.7499137813383683,-1.900105830937537,-1.5657900673066307,3.1902420174242847,0.13704,0.36546,-0.09137,-0.31978,-0.04567,0.09135
14.4004,-1.2706052582207625,-1.3901448923703865,1.7483647644402753,-1.912361269796993,-1.5673238916591574,3.185716462702231,0.18914,0.47307,-0.04787,-0.37874,-0.04740,-0.13986
14.4332,-1.27054405697393,-1.3899918132829028,1.7483492742712943,-1.9124838241855875,-1.5673392299026827,3.18567120715501,0.00186,0.00466,-0.00047,-0.00373,-0.00047,-0.00138
14.4652,-1.267506163001448,-1.373285231711953,1.7468304783895976,-1.9261528185495347,-1.567339383285118,3.188708036559552,0.09486,0.52169,-0.04743,-0.42684,-0.00000,0.09483
14.4986,-1.264438502101709,-1.3579317560961761,1.7437780084707672,-1.9399572773132348,-1.5673393848189423,3.1857011228935836,0.09202,0.46054,-0.09156,-0.41407,-0.00000,-0.09019
14.5317,-1.2613705435326978,-1.3486663754599775,1.743747483771579,-1.9507258087609196,-1.5673393848342805,3.18718969473693,0.09269,0.27993,-0.00092,-0.32534,-0.00000,0.04497
14.5649,-1.25070937708696,-1.3379432347935687,1.743747178524587,-1.9645012628954577,-1.5688580258144404,3.1841672984953493,0.32107,0.32294,-0.00001,-0.41486,-0.04574,-0.09102
14.5982,-1.2399722785624565,-1.3287241575068638,1.7452658164521242,-1.9737508633168435,-1.568873212224242,3.1841370745329334,0.32245,0.27687,0.04561,-0.27778,-0.00046,-0.00091
14.6317,-1.2307530616971698,-1.3210387618339627,1.748318284791413,-1.9859924871611119,-1.56887336408834,3.1826181313133035,0.27495,0.22921,0.09104,-0.36509,-0.00000,-0.04530
14.6650,-1.2215490236484772,-1.311850061997193,1.7498674504548122,-1.996745390259602,-1.5673547246269746,3.182602941881107,0.27677,0.27631,0.04658,-0.32335,0.04567,-0.00046
14.6981,-1.2108264964079425,-1.3056836110787975,1.7514015830914533,-2.005964765170628,-1.5688581792123673,3.182602789986785,0.32332,0.18594,0.04626,-0.27800,-0.04533,-0.00000
14.7314,-1.1970515023154755,-1.2995473826495867,1.7514169244178197,-2.0151688047997784,-1.5688732137582213,3.182602788467842,0.41411,0.18447,0.00046,-0.27670,-0.00045,-0.00000
14.7648,-1.1878019064945111,-1.2934114564452677,1.7529357188110903,-2.0258913320561174,-1.5688733641036798,3.182602788452652,0.27687,0.18367,0.04546,-0.32096,-0.00000,-0.00000
14.7978,-1.1801162056362675,-1.2857568922831906,1.752950906755023,-2.0351104032087215,-1.5688733656071343,3.1810841474724945,0.23307,0.23212,0.00046,-0.27957,-0.00000,-0.04605
14.8313,-1.1770020666676713,-1.278087141741536,1.7544696996144689,-2.0427957988202814,-1.568873365622169,3.182587602042699,0.09294,0.22890,0.04533,-0.22936,-0.00000,0.04487
14.8645,-1.1739336433179712,-1.2719358803160916,1.7560035285230702,-2.0504658576764307,-1.5688733656223193,3.181083995608395,0.09227,0.18497,0.04612,-0.23064,-0.00000,-0.04521
14.8978,-1.1693470361444542,-1.2673184447618173,1.7590561487721696,-2.0596544041450335,-1.5688733656223208,3.181068959544052,0.13779,0.13872,0.09171,-0.27604,-0.00000,-0.00045
14.9311,-1.1662638881127054,-1.2611977064862476,1.765161238894688,-2.07341405842978,-1.5673547246423143,3.1780315272233945,0.09254,0.18371,0.18324,-0.41298,0.04558,-0.09116
14.9644,-1.166233056632388,-1.2565805761634712,1.7682595717559266,-2.084182141832675,-1.5673395382325142,3.1719265889801602,0.00093,0.13859,0.09300,-0.32321,0.00046,-0.18324
14.9978,-1.1662327483175847,-1.2504598409402163,1.768290555084539,-2.0934016685467447,-1.5658207453884092,3.159716411757674,0.00001,0.18350,0.00093,-0.27640,0.04553,-0.36606
15.0312,-1.1662327452344365,-1.24280542868795,1.768290864917825,-2.1010870687139196,-1.567324198439975,3.142889259205374,0.00000,0.22928,0.00001,-0.23021,-0.04503,-0.50404
15.0645,-1.1662327452036052,-1.2381729616254067,1.768290868016158,-2.111794409575639,-1.5673392329704907,3.1290532188597906,0.00000,0.13927,0.00000,-0.32190,-0.00045,-0.41596
15.0980,-1.1662327452032968,-1.2335707140147611,1.7667722270671347,-2.11949468788429,-1.565820742335789,3.1167657306162795,0.00000,0.13714,-0.04525,-0.22946,0.04525,-0.36615
15.1317,-1.1677513861832998,-1.2320060505586476,1.7637197586976308,-2.1241276136073965,-1.5642869164494353,3.1060123688737984,-0.04504,0.04640,-0.09053,-0.13740,0.04549,-0.31891
15.1644,-1.1692852135731076,-1.2319904039240865,1.762170593033929,-2.127211224824641,-1.5657902191705784,3.09831163035634,-0.04697,0.00048,-0.04744,-0.09444,-0.04604,-0.23584
15.1977,-1.1723378338070196,-1.230471606477734,1.7591178194172783,-2.1272420609368137,-1.5658052521977899,3.092160059051137,-0.09168,0.04561,-0.09168,-0.00093,-0.00045,-0.18475
15.2310,-1.1738870009893647,-1.2289377775232646,1.7560500097210983,-2.127242369297935,-1.5642867615480551,3.0890612613780712,-0.04654,0.04608,-0.09216,-0.00001,0.04562,-0.09309
15.2644,-1.1769397746212023,-1.2182919523736722,1.751463408684116,-2.127242372381547,-1.5642715766415578,3.085992991441327,-0.09133,0.31848,-0.13721,-0.00000,0.00045,-0.09179
15.2978,-1.1769703023575206,-1.2014804433421014,1.7423056967937056,-2.1272423724123826,-1.5673087067525067,3.0844436677619536,-0.00091,0.50356,-0.27431,-0.00000,-0.09097,-0.04641
15.3311,-1.1769706076348838,-1.1830886364917041,1.7346209147747675,-2.127242372412691,-1.567339078053616,3.0844281745251596,-0.00001,0.55201,-0.23065,-0.00000,-0.00091,-0.00047
15.3649,-1.1784892516676635,-1.1661996676431257,1.7269508620545442,-2.1272423724126943,-1.562783458826607,3.082909378612784,-0.04495,0.49994,-0.22704,-0.00000,0.13485,-0.04496
15.3978,-1.181541720068005,-1.1554002910945922,1.7238368795673287,-2.1287610133927015,-1.5627379026343369,3.0828941906536604,-0.09277,0.32822,-0.09464,-0.04615,0.00138,-0.00046
15.4310,-1.1891654496520423,-1.1446618104690591,1.7146938938624157,-2.131813481762515,-1.568812010992441,3.075300833874035,-0.22941,0.32313,-0.27512,-0.09185,-0.18278,-0.22849
15.4644,-1.1937976098879026,-1.1415171437027907,1.710046541065346,-2.134881288406226,-1.568872752076022,3.0691503363862127,-0.13870,0.09416,-0.13915,-0.09186,-0.00182,-0.18416
15.5006,-1.1968812134502753,-1.1338924921350941,1.7054441445973552,-2.140986530392691,-1.5688733594868578,3.061495626511301,-0.08511,0.21044,-0.12702,-0.16850,-0.00002,-0.21127
15.5311,-1.1999493314459126,-1.1201484767993555,1.7008421976926549,-2.1516780696726028,-1.5688733655609661,3.059900438432544,-0.10093,0.45212,-0.15139,-0.35171,-0.00000,-0.05248
15.5645,-1.206054576545897,-1.0987500629259037,1.6977588962635943,-2.160896830945443,-1.5688733656217073,3.059884486551756,-0.18250,0.63966,-0.09217,-0.27558,-0.00000,-0.00048
15.5978,-1.2106715519369167,-1.0833496689871014,1.6946907812892904,-2.171619505418219,-1.5688733656223146,3.061402968012956,-0.13882,0.46304,-0.09225,-0.32239,-0.00000,0.04566
15.6310,-1.210717721690827,-1.0740838191676727,1.6931414591595404,-2.182357219022994,-1.5688733656223208,3.062936793807574,-0.00139,0.27865,-0.04659,-0.32291,-0.00000,0.04613
15.6645,-1.210718183388366,-1.0679165967494515,1.6916073249582357,-2.1946137239990957,-1.5688733656223208,3.0614334910855145,-0.00001,0.18432,-0.04585,-0.36631,0.00000,-0.04493
15.6978,-1.2107181880053413,-1.0678549245252693,1.6915919836162228,-2.205366775908905,-1.5688733656223208,3.0614184580582937,-0.00000,0.00185,-0.00046,-0.32268,0.00000,-0.00045
15.7312,-1.210718188051511,-1.0663356668230206,1.6915918302028026,-2.21610479328805,-1.5688733656223208,3.062936948708028,-0.00000,0.04554,-0.00000,-0.32185,0.00000,0.04551
15.7644,-1.209199547071965,-1.066320474245998,1.6900731876886619,-2.223805378361875,-1.5688733656223208,3.062952133614525,0.04570,0.00046,-0.04570,-0.23172,0.00000,0.00046
15.7979,-1.2107030016421774,-1.0663203223202278,1.6900580012635205,-2.2284383071526337,-1.5703920066023278,3.0629522854635898,-0.04486,0.00000,-0.00045,-0.13823,-0.04531,0.00000
15.8309,-1.2107180361878795,-1.0663203208009702,1.687020567439255,-2.2300032774205487,-1.570407193012128,3.064470927962088,-0.00046,0.00000,-0.09208,-0.04744,-0.00046,0.04604
15.8645,-1.2091995455533286,-1.0663203207857774,1.6839529111409992,-2.231537568103234,-1.5719259858562329,3.0660047553670795,0.04524,0.00000,-0.09140,-0.04571,-0.04525,0.04570
15.8977,-1.2107030016269908,-1.0663203207856256,1.6824035935980097,-2.2300342700300546,-1.5719411737846738,3.0660200936411295,-0.04517,0.00000,-0.04655,0.04517,-0.00046,0.00046
15.9312,-1.2107180361877277,-1.066320320785624,1.6808694594425733,-2.231537878029329,-1.5719413256639583,3.0660202470238698,-0.00045,0.00000,-0.04585,-0.04494,-0.00000,0.00000
15.9646,-1.210718186533335,-1.066320320785624,1.6808541181010188,-2.2300342731293155,-1.5749786091427647,3.0690575305177115,-0.00000,0.00000,-0.00046,0.04507,-0.09105,0.09105
15.9979,-1.210718188036791,-1.067838961765631,1.674779400767576,-2.2300192370803154,-1.579564904917573,3.0721251853126637,-0.00000,-0.04555,-0.18219,0.00045,-0.13755,0.09201
16.0311,-1.2107181880518256,-1.0678541481754311,1.670162730654221,-2.2285004457398183,-1.5826480498353346,3.072155861860613,-0.00000,-0.00046,-0.13921,0.04580,-0.09297,0.00093
16.0644,-1.210718188051976,-1.067854300039529,1.6655606410130672,-2.2254479758663996,-1.5841975222645193,3.0721561686260928,-0.00000,-0.00000,-0.13784,0.09143,-0.04641,0.00001
16.0977,-1.2107181880519775,-1.069372942538176,1.6639959791366492,-2.2208615282276454,-1.5842130169888111,3.0721561716937473,-0.00000,-0.04572,-0.04710,0.13807,-0.00047,0.00000
16.1310,-1.2107181880519775,-1.0693881289631624,1.6670176144778983,-2.220815663751258,-1.584213171936054,3.072156171724424,0.00000,-0.00046,0.09054,0.00137,-0.00000,0.00000
16.1644,-1.2107181880519775,-1.0693882808274122,1.6731223947513383,-2.2238524870665075,-1.5811758915255125,3.0660816078047026,0.00000,-0.00000,0.18295,-0.09101,0.09102,-0.18204
16.1977,-1.2107181880519775,-1.067869641366049,1.676220724514086,-2.2238828552996597,-1.582664159701414,3.0645022211854993,0.00000,0.04555,0.09294,-0.00091,-0.04464,-0.04738
16.2311,-1.2122368290319836,-1.0678544549714353,1.6762517078117134,-2.2117340311419373,-1.582679042383173,3.064486427319307,-0.04557,0.00046,0.00093,0.36452,-0.00045,-0.00047
16.2645,-1.2137706564217914,-1.0678543031074892,1.6762520176446898,-2.2040193380003257,-1.5826791912099907,3.0644862693806454,-0.04586,0.00000,0.00001,0.23065,-0.00000,-0.00000
16.2993,-1.2137859946956895,-1.0678543015888498,1.68080794368304,-2.1993862681288894,-1.5796419107382453,3.0644862678012585,-0.00044,0.00000,0.13102,0.13324,0.08735,-0.00000
16.3311,-1.2153047890584345,-1.0678543015736632,1.683890784903437,-2.1963026554701615,-1.5780928969535208,3.064486267785465,-0.04771,0.00000,0.09683,0.09686,0.04865,-0.00000
16.3644,-1.2168386179820683,-1.0678543015735114,1.6915148182156747,-2.197790460323581,-1.5780774068156735,3.064486267785307,-0.04613,0.00000,0.22927,-0.04474,0.00047,-0.00000
16.3977,-1.2168539562713045,-1.06785430157351,1.699184263448831,-2.199323979352122,-1.5795958928943021,3.0644862677853055,-0.00046,0.00000,0.23046,-0.04608,-0.04563,-0.00000
16.4310,-1.216854109654197,-1.0678543015735098,1.70533552182119,-2.2038952374824277,-1.5796110777550885,3.0644862677853055,-0.00000,0.00000,0.18443,-0.13706,-0.00046,0.00000
16.4657,-1.2153354702080197,-1.0678543015735098,1.708434316364927,-2.205459591043738,-1.5796112296036962,3.0644862677853055,0.04376,0.00000,0.08929,-0.04508,-0.00000,0.00000
16.4978,-1.2138016428335519,-1.0678543015735098,1.7115025862703783,-2.206993875559357,-1.5780925901421754,3.0644862677853055,0.04789,0.00000,0.09580,-0.04790,0.04742,0.00000
16.5312,-1.2122676635797993,-1.0678543015735098,1.7130519099494392,-2.2070092184045134,-1.5765587627675535,3.0644862677853055,0.04590,0.00000,0.04636,-0.00046,0.04590,0.00000
16.5648,-1.2107336828072557,-1.0678543015735098,1.7145860441662368,-2.2085280128129723,-1.5826179884138343,3.0644862677853055,0.04560,0.00000,0.04561,-0.04515,-0.18013,0.00000
16.5977,-1.2107183429995303,-1.0693729425535157,1.717638667468418,-2.2100618417370637,-1.5811599396902902,3.0644862677853055,0.00047,-0.04613,0.09272,-0.04659,0.04429,0.00000
16.6311,-1.210718189601453,-1.0693881289633158,1.7207064756614534,-2.2100771800263046,-1.5826640001830619,3.0644862677853055,0.00000,-0.00045,0.09182,-0.00046,-0.04502,0.00000
16.6646,-1.2107181880674722,-1.0693882808274138,1.7207371537433838,-2.211595974389204,-1.5826790407879894,3.0644862677853055,0.00000,-0.00000,0.00092,-0.04539,-0.00045,0.00000
16.6978,-1.2107181880521325,-1.0739442052860757,1.7207374605242032,-2.211611162332833,-1.5811605502140318,3.0644862677853055,0.00000,-0.13704,0.00001,-0.00046,0.04567,0.00000
16.7312,-1.210718188051979,-1.0785456874706825,1.717700181631998,-2.211611314212269,-1.584182647268306,3.0644862677853055,0.00000,-0.13782,-0.09097,-0.00000,-0.09052,0.00000
16.7643,-1.2122368290319836,-1.0801103432725352,1.710076603943042,-2.20857403377105,-1.584212868238849,3.0644862677853055,-0.04590,-0.04729,-0.23041,0.09180,-0.00091,0.00000
16.7977,-1.2122520154417835,-1.0831632717905677,1.7039258042461252,-2.203987738026617,-1.5826945294685473,3.062967626805298,-0.00046,-0.09156,-0.18447,0.13755,0.04554,-0.04555
16.8310,-1.2122521673058817,-1.083193801075748,1.703864296249156,-2.2039418750691726,-1.5826793460808444,3.0629524403954975,-0.00000,-0.00092,-0.00185,0.00138,0.00046,-0.00046
16.8645,-1.2137708098045303,-1.08775002930862,1.6901959123491255,-2.1948295705595577,-1.5826791942469673,3.061433647551394,-0.04530,-0.13591,-0.40772,0.27182,0.00000,-0.04530
16.8979,-1.2213792011295508,-1.0938701555109756,1.662723690870003,-2.179552037714394,-1.5826791927286286,3.061418459622953,-0.22745,-0.18296,-0.82128,0.45672,0.00000,-0.00045
16.9310,-1.2290484899428347,-1.0954499977530059,1.6442252768951304,-2.1581382886658473,-1.5826791927134451,3.0614183077436685,-0.23219,-0.04783,-0.56006,0.64832,0.00000,-0.00000
16.9646,-1.2427929516510274,-1.0969844371554334,1.627335241975307,-2.1351445364752597,-1.5841978336933003,3.0614183062248754,-0.40885,-0.04564,-0.50242,0.68398,-0.04517,-0.00000
16.9977,-1.264191369988205,-1.1030743454694842,1.6104612908460343,-2.107579061313232,-1.5872503020631121,3.0614183062096876,-0.64632,-0.18394,-0.50967,0.83259,-0.09220,-0.00000
17.0312,-1.3145205065118015,-1.131989423172754,1.5829570136946192,-2.0602255361814015,-1.5994299545868644,3.0583810242495217,-1.50106,-0.86239,-0.82031,1.41231,-0.36326,-0.09059
17.0646,-1.337803412577139,-1.1459463427698477,1.5674955611230372,-2.032416463289961,-1.6086635969921428,3.0537947284899,-0.69810,-0.41848,-0.46359,0.83381,-0.27686,-0.13751
17.0977,-1.356259933397874,-1.1567163988258664,1.5506358958172468,-2.0063214759009314,-1.6178677792962364,3.049192942592282,-0.55758,-0.32537,-0.50933,0.78834,-0.27806,-0.13902
17.1311,-1.3746681903661628,-1.1644173042864603,1.5337622483841145,-1.9802436293669254,-1.6270716669993182,3.0461096427732937,-0.55014,-0.23015,-0.50428,0.77935,-0.27506,-0.09215
17.1648,-1.3900386827359132,-1.1720875182411001,1.5199257430897217,-1.95416595424147,-1.6347569107763829,3.040004245855076,-0.45629,-0.22770,-0.41075,0.77414,-0.22814,-0.18124
17.1978,-1.4084160794196925,-1.1812760662606872,1.5091568911767306,-1.9311255627901138,-1.63635240419416,3.03234998698586,-0.55745,-0.27872,-0.32666,0.69890,-0.04840,-0.23218
17.2310,-1.428342186126618,-1.1919984386009308,1.5029746387375733,-1.9126714671155187,-1.6378870001083445,3.023161598517126,-0.60012,-0.32293,-0.18619,0.55579,-0.04622,-0.27673
17.2645,-1.4528397028737956,-1.2042547901643872,1.4998755342531682,-1.9003377983187184,-1.6379023460674864,3.012439227772393,-0.73172,-0.36609,-0.09257,0.36840,-0.00046,-0.32027
17.2978,-1.477382933721376,-1.2195637634800902,1.5013631841883308,-1.8926212567307168,-1.637902499527078,3.0062574401449176,-0.73744,-0.45998,0.04470,0.23186,-0.00000,-0.18574
17.3311,-1.500407980729953,-1.236421903993322,1.5013780606876825,-1.8864695273948093,-1.6394211420416809,3.001639699328623,-0.68951,-0.50484,0.00045,0.18422,-0.04548,-0.13828
17.3646,-1.5234178459001413,-1.2548141771585348,1.501378209452676,-1.883370728141437,-1.6379176874868198,2.99703759898044,-0.68826,-0.55014,0.00000,0.09269,0.04497,-0.13766
17.3978,-1.5449089182719378,-1.2717031506702616,1.50441549290034,-1.8787838172088827,-1.6379026529412712,2.9924356550369366,-0.64736,-0.50874,0.09149,0.13817,0.00045,-0.13862
17.4313,-1.5663848027157514,-1.2900957321654605,1.5059645067148228,-1.874182025159537,-1.6379025025958158,2.980240507757448,-0.64157,-0.54946,0.04628,0.13747,0.00000,-0.36432
17.4645,-1.5863418943002772,-1.308503349740494,1.5090172788129816,-1.8665428023390094,-1.6379025010923611,2.9649321464845855,-0.59991,-0.55333,0.09177,0.22963,0.00000,-0.46017
17.4978,-1.6062837979562108,-1.325392476696319,1.5120850884939767,-1.8588732052107704,-1.6394211420573337,2.951111294051795,-0.59944,-0.50768,0.09222,0.23054,-0.04565,-0.41545
17.5312,-1.626225549732858,-1.340747777765945,1.5121157665907867,-1.84816602237944,-1.6394363284669833,2.9327493937673856,-0.59686,-0.45959,0.00092,0.32047,-0.00045,-0.54958
17.5683,-1.644648659010706,-1.3560877405767089,1.5136347143517612,-1.8374284636910796,-1.63943648033108,2.9188980059444813,-0.49679,-0.41365,0.04096,0.28954,-0.00000,-0.37351
17.5977,-1.6645752228435728,-1.3729461909848912,1.5166871857893847,-1.8282092422241552,-1.639436481849721,2.9035730822661847,-0.67631,-0.57218,0.10360,0.31290,-0.00000,-0.52013
17.6313,-1.6860354622019962,-1.3913384672490545,1.5197549924637745,-1.8174865631494386,-1.6394364818649072,2.88975206420934,-0.63928,-0.54789,0.09139,0.31942,-0.00000,-0.41172
17.6645,-1.705992397335669,-1.4112647227517847,1.5258602344505456,-1.8082674904786507,-1.639436481865059,2.8805020081487305,-0.60164,-0.60072,0.18406,0.27793,-0.00000,-0.27886
17.6977,-1.724415658447087,-1.4312063180469006,1.5319958507904403,-1.800582094851909,-1.6379178408850537,2.871297661708084,-0.55443,-0.60012,0.18464,0.23128,0.04570,-0.27700
17.7310,-1.7397863008582692,-1.4481107847799264,1.5350944889138527,-1.7929120359956074,-1.6379026544752535,2.866649695303658,-0.46197,-0.50807,0.09313,0.23053,0.00046,-0.13970
17.7647,-1.7520891351224355,-1.4649848802273313,1.5396813982351072,-1.782204848546997,-1.6379025026111556,2.860528651719586,-0.36521,-0.50091,0.13616,0.31784,0.00000,-0.18170
17.7977,-1.761324009345117,-1.4757841080418521,1.5412459083083268,-1.7699486488324567,-1.6379025010925146,2.852874236383711,-0.27977,-0.32716,0.04740,0.37130,0.00000,-0.23189
17.8312,-1.7750841269074056,-1.497153074040093,1.5458174763490793,-1.75615831801525,-1.6379025010773283,2.8330553594902645,-0.41111,-0.63845,0.13659,0.41202,0.00000,-0.59213
17.8645,-1.7752217280830285,-1.4973667637000754,1.5458631920294867,-1.756020414707078,-1.6379025010771764,2.83285717072133,-0.00413,-0.00641,0.00137,0.00414,0.00000,-0.00594
17.8979,-1.7828163089948184,-1.5049621054967088,1.5489009311463044,-1.749944471753969,-1.6394211420571818,2.8207060609935852,-0.22734,-0.22737,0.09093,0.18188,-0.04546,-0.36374
17.9313,-1.8011159465640179,-1.514149904794716,1.551968590497486,-1.743809148404411,-1.6394363284669817,2.809954063036262,-0.54844,-0.27536,0.09194,0.18387,-0.00046,-0.32224
17.9645,-1.8180039937197847,-1.5187977057277162,1.5550365490510116,-1.739191872230895,-1.63943648033108,2.802253338156655,-0.50778,-0.13975,0.09225,0.13883,-0.00000,-0.23154
17.9979,-1.8363965659514239,-1.524918747657073,1.5596231515765673,-1.7345897765291396,-1.639436481849721,2.794583126007825,-0.55131,-0.18348,0.13748,0.13795,-0.00000,-0.22991
18.0310,-1.8578414653938349,-1.5325731629764012,1.5672622225018566,-1.734543755572122,-1.6394364818649072,2.785394578006295,-0.64799,-0.23129,0.23083,0.00139,-0.00000,-0.27764
18.0646,-1.8747609651683335,-1.5387242710496214,1.5764504590911503,-1.7345432953625517,-1.639436481865059,2.773153564686226,-0.50386,-0.18318,0.27363,0.00001,-0.00000,-0.36454
18.0977,-1.8901165699661464,-1.5433417050703735,1.5871728283170907,-1.734543290760456,-1.6394364818650606,2.7624006676929773,-0.46341,-0.13935,0.32359,0.00000,-0.00000,-0.32451
18.1312,-1.9024192538541789,-1.546425161370595,1.5979105388693973,-1.7345432907144351,-1.6394364818650606,2.7516626518629974,-0.36752,-0.09211,0.32077,0.00000,0.00000,-0.32078
18.1644,-1.9116541265731,-1.5510119188736171,1.6086484028349681,-1.7360619316939816,-1.6379178408850537,2.7424434258246575,-0.27775,-0.13795,0.32295,-0.04567,0.04567,-0.27727
18.1989,-1.9208583211803303,-1.5540950684086612,1.6178676273546646,-1.736077118103777,-1.6394212954552605,2.7332393876842325,-0.26728,-0.08953,0.26772,-0.00044,-0.04366,-0.26728
18.2311,-1.9270249270464295,-1.5602004638240388,1.6255530244998955,-1.7375959109478816,-1.6394363300009627,2.7255541424027943,-0.19163,-0.18973,0.23883,-0.04720,-0.00047,-0.23883
18.2644,-1.9316425160451103,-1.5663360816982201,1.636260365331395,-1.7406483808363367,-1.6394364803464196,2.7148468030899324,-0.13844,-0.18396,0.32103,-0.09152,-0.00000,-0.32103
18.2977,-1.9438378197751518,-1.5724720017969889,1.6545911304997918,-1.7437161874952347,-1.6394364818498741,2.6980346789167298,-0.36586,-0.18408,0.54992,-0.09203,-0.00000,-0.50436
18.3310,-1.953071618692493,-1.5770892839379966,1.6669235659915298,-1.7452655065418305,-1.6394364818649088,2.68723607081495,-0.27750,-0.13876,0.37063,-0.04656,-0.00000,-0.32453
18.3647,-1.962275802561707,-1.5816913796994274,1.677677377206495,-1.7452809997322967,-1.639436481865059,2.6795348798338985,-0.27295,-0.13648,0.31891,-0.00046,-0.00000,-0.22838
18.3978,-1.9714796902804401,-1.5847746826170548,1.688415402178692,-1.7467997956442076,-1.6394364818650606,2.671864663024054,-0.27817,-0.09319,0.32453,-0.04590,-0.00000,-0.23182
18.4310,-1.9791649340576614,-1.587842797606245,1.6976346283084547,-1.7468149836033267,-1.6394364818650606,2.665713396935928,-0.23165,-0.09248,0.27788,-0.00046,0.00000,-0.18541
18.4646,-1.9868349913954673,-1.5924294016961567,1.7038013844897792,-1.7468151354829178,-1.6409551228450672,2.659577320355021,-0.22806,-0.13638,0.18336,-0.00000,-0.04515,-0.18245
18.4977,-1.9975421788288932,-1.5955125496970697,1.7069003340116062,-1.7468151370017138,-1.6409703092548673,2.6519227546891764,-0.32327,-0.09309,0.09356,-0.00000,-0.00046,-0.23111
18.5311,-2.006761096583267,-1.6000993041170999,1.7114872464468451,-1.7468151370169018,-1.6409704611189653,2.642734363152478,-0.27649,-0.13757,0.13757,-0.00000,-0.00000,-0.27558
18.5645,-2.0144464906608457,-1.603182453621313,1.714570397531211,-1.7468151370170537,-1.6409704626376063,2.632011992377063,-0.22995,-0.09225,0.09225,-0.00000,-0.00000,-0.32082
18.5987,-2.0221165495016553,-1.6062505670763692,1.719157151982075,-1.7468151370170553,-1.6409704626527926,2.621274281809261,-0.22406,-0.08963,0.13399,-0.00000,-0.00000,-0.31367
18.6313,-2.0328237369501103,-1.6077998891909266,1.722240301486597,-1.7483337779970622,-1.639451821672938,2.610536417843535,-0.32902,-0.04761,0.09474,-0.04667,0.04667,-0.32997
18.6646,-2.0435612956846425,-1.6078153824120722,1.7268270559216625,-1.7483489644068622,-1.6394366352631393,2.602835834303844,-0.32250,-0.00047,0.13776,-0.00046,0.00046,-0.23129
18.6978,-2.0588550810720556,-1.6078155373442837,1.7314288464060337,-1.7483491162709601,-1.6394364833990414,2.5982029055284275,-0.45995,-0.00000,0.13840,-0.00000,0.00000,-0.13933
18.7311,-2.066601223825964,-1.6078155388936057,1.7329935052908838,-1.7483491177896011,-1.6379178409003934,2.5951192942806593,-0.23253,-0.00000,0.04697,-0.00000,0.04559,-0.09257
18.7644,-2.0742718901535366,-1.607815538909099,1.7345277928597393,-1.7483491178047876,-1.637902654475407,2.5935698171881754,-0.23081,-0.00000,0.04617,-0.00000,0.00046,-0.04662
18.7978,-2.08042316073684,-1.6078155389092539,1.734543135735428,-1.7483491178049395,-1.637902502611157,2.590517040457237,-0.18405,-0.00000,0.00046,-0.00000,0.00000,-0.09134
18.8311,-2.0850405963826932,-1.6078155389092554,1.7345432891641848,-1.748349117804941,-1.6379025010925146,2.5828933077898935,-0.13873,-0.00000,0.00000,-0.00000,0.00000,-0.22905
18.8645,-2.0866054117191584,-1.6078155389092554,1.7345432906984724,-1.748349117804941,-1.6394211420573352,2.5767425065431926,-0.04676,0.00000,0.00000,0.00000,-0.04538,-0.18379
18.8979,-2.089658341832537,-1.6062968979292485,1.736061931693822,-1.748349117804941,-1.6394363284669833,2.5690877936306915,-0.09162,0.04557,0.04557,0.00000,-0.00046,-0.22972
18.9313,-2.0972820760337045,-1.6062817115194485,1.7360771181037755,-1.748349117804941,-1.63943648033108,2.5659739645415542,-0.22824,0.00045,0.00045,0.00000,-0.00000,-0.09322
18.9645,-2.1064701592557573,-1.6062815596553504,1.7375959109478816,-1.748349117804941,-1.639436481849721,2.562905544290649,-0.27615,0.00000,0.04565,0.00000,-0.00000,-0.09222
18.9986,-2.1202298089080385,-1.6062815581367094,1.7376110988763227,-1.748349117804941,-1.6394364818649072,2.5613562191081325,-0.40412,0.00000,0.00045,0.00000,-0.00000,-0.04550
19.0309,-2.1340351742246217,-1.604762917141516,1.7406485327156211,-1.748349117804941,-1.639436481865059,2.5598220848763007,-0.42659,0.04693,0.09386,0.00000,-0.00000,-0.04740
19.0646,-2.146322355717843,-1.604747730731564,1.7467534709740409,-1.7498677587849476,-1.6394364818650606,2.5582881025539765,-0.36480,0.00045,0.18125,-0.04509,-0.00000,-0.04554
19.0977,-2.160112996352835,-1.6047475788674646,1.7574450072166727,-1.7498829451947475,-1.6379178408850537,2.5567541217507452,-0.41671,0.00000,0.32306,-0.00046,0.04589,-0.04635
19.1311,-2.166325466679213,-1.6047475773488236,1.7621078455191197,-1.7498830970588457,-1.6379026544752535,2.5506642180226855,-0.18600,0.00000,0.13961,-0.00000,0.00045,-0.18233
19.1644,-2.16942487334249,-1.6032289363536303,1.7682290378221708,-1.7498830985774867,-1.6379025026111556,2.5475660370253927,-0.09312,0.04563,0.18391,-0.00000,0.00000,-0.09308
19.1985,-2.1709745083891296,-1.6032137499436783,1.7743648136652288,-1.749883098592673,-1.6379025010925146,2.544497773255406,-0.04545,0.00045,0.17998,-0.00000,0.00000,-0.09000
19.2311,-2.170990004739596,-1.6032135980795787,1.7835380173037003,-1.7514017395728319,-1.6379025010773283,2.542948449637698,-0.00048,0.00000,0.28153,-0.04661,0.00000,-0.04755
19.2644,-2.172508800683108,-1.6016949555809308,1.7927415952201253,-1.7574914899026608,-1.6379025010771764,2.542932956401521,-0.04561,0.04560,0.27637,-0.18286,0.00000,-0.00047
19.2978,-2.172523988642543,-1.6016797691559443,1.804982758839344,-1.7697015152460132,-1.6379025010771748,2.542932801469159,-0.00045,0.00045,0.36591,-0.36498,0.00000,-0.00000
19.3311,-2.172524140522137,-1.6031982582717015,1.818772939295597,-1.7834913843195082,-1.6379025010771748,2.5444514408998438,-0.00000,-0.04559,0.41401,-0.41400,0.00000,0.04559
19.3645,-2.1725241420409334,-1.603213443162859,1.8310599689402138,-1.7972970518303035,-1.6394211420571818,2.5444666272941503,-0.00000,-0.00045,0.36801,-0.41350,-0.04549,0.00045
19.3978,-2.171005501076114,-1.6032135950117705,1.8448506080567213,-1.8080655953654594,-1.6394363284669817,2.5459854201380994,0.04562,-0.00000,0.41424,-0.32347,-0.00046,0.04562
19.4309,-2.1709903146664655,-1.6032135965302596,1.8677681291479882,-1.8309528955009124,-1.637917839351073,2.5460006080665387,0.00046,-0.00000,0.69247,-0.69156,0.04588,0.00046
19.4646,-2.170990162802369,-1.6047322375254516,1.8801464321989552,-1.8402936143823077,-1.6379026544599138,2.5490380419058374,0.00000,-0.04516,0.36808,-0.27776,0.00045,0.09032
19.4980,-2.1709901612837283,-1.6047474239354036,1.8939379840495256,-1.8494988674511625,-1.6379025026110021,2.5505870572242366,0.00000,-0.00045,0.41244,-0.27529,0.00000,0.04632
19.5313,-2.169471520288535,-1.6047475757995031,1.9062250274080856,-1.8587027658618918,-1.637902501092513,2.553639829337434,0.04566,-0.00000,0.36941,-0.27672,0.00000,0.09178
19.5645,-2.1694563338785833,-1.604747577318144,1.915459743721712,-1.8663880097460328,-1.6379025010773283,2.5551889980385742,0.00046,-0.00000,0.27783,-0.23122,0.00000,0.04661
19.5977,-2.1694561820144838,-1.6047475773333304,1.924663936764889,-1.8725394261049013,-1.6379025010771764,2.5567231307055915,0.00000,-0.00000,0.27726,-0.18530,0.00000,0.04621
19.6311,-2.1694561804958425,-1.6047475773334823,1.9323491835953546,-1.8786755041885173,-1.6379025010771748,2.5567384720322615,0.00000,-0.00000,0.23042,-0.18397,0.00000,0.00046
19.6644,-2.1694561804806565,-1.6047475773334838,1.9324260360636591,-1.8787368649693534,-1.6379025010771748,2.5567386254455284,0.00000,-0.00000,0.00231,-0.00184,0.00000,0.00000
19.6987,-2.1694561804805046,-1.6047475773334838,1.935464086548356,-1.8848120424971893,-1.6379025010771748,2.556738626979661,0.00000,0.00000,0.08843,-0.17684,0.00000,0.00000
19.7309,-2.169456180480503,-1.6047475773334838,1.9385317490132166,-1.893984640152508,-1.6379025010771748,2.5567386269950023,0.00000,0.00000,0.09538,-0.28519,0.00000,0.00000
19.7645,-2.169456180480503,-1.6047475773334838,1.938562425637865,-1.9001509300490884,-1.6379025010771748,2.5582572679751636,0.00000,0.00000,0.00091,-0.18330,0.00000,0.04514
19.7978,-2.169456180480503,-1.6032289363534769,1.9385627324041115,-1.9062871568680813,-1.6379025010771748,2.5582724543849653,0.00000,0.04563,0.00001,-0.18439,0.00000,0.00046
19.8312,-2.169456180480503,-1.6016951089636697,1.938562735471774,-1.915460365016312,-1.6379025010771748,2.5567539652690554,0.00000,0.04596,0.00000,-0.27489,0.00000,-0.04550
19.8657,-2.169456180480503,-1.5986424887297588,1.9370440945224436,-1.918589379057808,-1.6379025010771748,2.5567387803778963,0.00000,0.08839,-0.04397,-0.09060,0.00000,-0.00044
19.8977,-2.169456180480503,-1.5970933215474128,1.9370289081129504,-1.9201393101782294,-1.6379025010771748,2.5567386285289846,0.00000,0.04837,-0.00047,-0.04839,0.00000,-0.00000
19.9309,-2.1709748214605096,-1.5955591888955822,1.9370287562488555,-1.9231920914494471,-1.6379025010771748,2.5552199860304894,-0.04577,0.04623,-0.00000,-0.09200,0.00000,-0.04577
19.9646,-2.1725086488503167,-1.594025206589057,1.9370287547302145,-1.9262599012221733,-1.6379025010771748,2.5552047996055047,-0.04552,0.04553,-0.00000,-0.09105,0.00000,-0.00045
19.9978,-2.172523987124215,-1.592491225785985,1.937028754715028,-1.9308465022599208,-1.6379025010771748,2.5552046477412547,-0.00046,0.04616,-0.00000,-0.13801,0.00000,-0.00000
20.0311,-2.1740427814869605,-1.590957244997948,1.938547395694883,-1.9339296502303118,-1.6394211420571818,2.555204646222612,-0.04571,0.04617,0.04571,-0.09280,-0.04571,-0.00000
20.0649,-2.174057969430588,-1.5909419051900677,1.9385625821046817,-1.938516404650036,-1.6394363284669817,2.555204646207426,-0.00045,0.00045,0.00045,-0.13571,-0.00045,-0.00000
20.0980,-2.1755767622900306,-1.5909417517919888,1.9400813749487862,-1.9431181951342538,-1.63943648033108,2.555204646207274,-0.04589,0.00000,0.04589,-0.13904,-0.00000,-0.00000
20.1310,-2.1755919502186254,-1.5894231092780013,1.9416152038572343,-1.9477201359791163,-1.639436481849721,2.5552046462072724,-0.00046,0.04598,0.04644,-0.13933,-0.00000,-0.00000
20.1648,-2.175592102097911,-1.5894079228528615,1.9416305421463187,-1.947766155387565,-1.6394364818649072,2.5552046462072724,-0.00000,0.00045,0.00045,-0.00136,-0.00000,0.00000
20.1978,-2.177110744596711,-1.58940777098861,1.944667977489223,-1.9508038975416628,-1.639436481865059,2.5552046462072724,-0.04605,0.00000,0.09210,-0.09211,-0.00000,0.00000
20.2311,-2.1832004949417265,-1.565109513789859,1.9492542747826724,-1.9538715569232175,-1.6394364818650606,2.5567232871872783,-0.18266,0.72881,0.13756,-0.09201,-0.00000,0.04555
20.2648,-2.1847800334251826,-1.5527174033778166,1.950818778735614,-1.9539022335170328,-1.6394364818650606,2.5567384735970786,-0.04696,0.36844,0.04652,-0.00091,0.00000,0.00045
20.2977,-2.1878331107700313,-1.5450002773736624,1.9508344237751434,-1.9523838993029645,-1.6394364818650606,2.5567386254611764,-0.09268,0.23426,0.00047,0.04609,0.00000,0.00000
20.3313,-2.1909009235034937,-1.538848542193594,1.9523532212055457,-1.9523687159608238,-1.6394364818650606,2.5567386269798176,-0.09149,0.18346,0.04529,0.00045,0.00000,0.00000
20.3648,-2.1939688835908413,-1.5357497428817795,1.9523684091798497,-1.9523685641274025,-1.6394364818650606,2.5582572679750117,-0.09154,0.09246,0.00045,0.00000,0.00000,0.04531
20.3976,-2.1955182041717216,-1.5296441909686345,1.9508499200795857,-1.952368562609068,-1.6394364818650606,2.558272454384964,-0.04723,0.18612,-0.04629,0.00000,0.00000,0.00046
20.4312,-2.1955336973775306,-1.523508571529476,1.950834735188583,-1.952368562593885,-1.6394364818650606,2.5613098882090757,-0.00046,0.18234,-0.00045,0.00000,0.00000,0.09027
20.4646,-2.1955338523095884,-1.5204099333750705,1.9477973013796595,-1.952368562593733,-1.6394364818650606,2.5643775445073302,-0.00000,0.09292,-0.09109,0.00000,0.00000,0.09199
20.4978,-2.1970524948389163,-1.5173416650335128,1.9462482860615635,-1.9523685625937315,-1.6394364818650606,2.5644082210703125,-0.04567,0.09227,-0.04658,0.00000,0.00000,0.00092
20.5310,-2.1985863222442164,-1.5173109823500972,1.943195513948369,-1.9508499216137245,-1.6394364818650606,2.565927168815951,-0.04619,0.00092,-0.09193,0.04573,0.00000,0.04574
20.5643,-2.1986016605182694,-1.517310675523263,1.9416463452472301,-1.9508347352039244,-1.6394364818650606,2.570498281233427,-0.00046,0.00001,-0.04649,0.00046,0.00000,0.13718
20.5977,-2.1986018139010097,-1.5173106724549945,1.9401122125802117,-1.9508345833398264,-1.6394364818650606,2.5796558382376418,-0.00000,0.00000,-0.04593,0.00000,0.00000,0.27416
20.6309,-2.198601815434837,-1.517310672424312,1.9400968712535416,-1.9508345818211854,-1.6394364818650606,2.5858219777277114,-0.00000,0.00000,-0.00046,0.00000,0.00000,0.18598
20.6655,-2.1986018154501754,-1.517310672424005,1.9385780768602683,-1.9508345818059991,-1.6394364818650606,2.594995485002652,-0.00000,0.00000,-0.04393,0.00000,0.00000,0.26531
20.6977,-2.198601815450329,-1.517310672424002,1.9385628889163355,-1.9508345818058472,-1.6394364818650606,2.602680424975435,-0.00000,0.00000,-0.00047,0.00000,0.00000,0.23823
20.7311,-2.200120456430337,-1.517310672424002,1.9370440960568893,-1.9508345818058457,-1.6394364818650606,2.608831838295191,-0.04552,0.00000,-0.04552,0.00000,0.00000,0.18436
20.7647,-2.2016542838201434,-1.518829313404009,1.9370289081282948,-1.9508345818058457,-1.6394364818650606,2.6149679163484163,-0.04560,-0.04515,-0.00045,0.00000,0.00000,0.18244
20.7977,-2.2016696220940415,-1.518844499813809,1.9355101152690026,-1.9493159408258387,-1.6394364818650606,2.6195852000689688,-0.00047,-0.00046,-0.04610,0.04609,0.00000,0.14014
20.8311,-2.2016697754767804,-1.518844651677907,1.9354949273404096,-1.9493007544160386,-1.6394364818650606,2.624187295846194,-0.00000,-0.00000,-0.00045,0.00045,0.00000,0.13759
20.8646,-2.201669777010608,-1.518844653196548,1.9354947754611238,-1.947781961571934,-1.6394364818650606,2.6272705987639804,-0.00000,-0.00000,-0.00000,0.04538,0.00000,0.09212
20.8976,-2.201669777025946,-1.5188446532117346,1.935494773942331,-1.9462481326634862,-1.6394364818650606,2.628820072773164,-0.00000,-0.00000,-0.00000,0.04649,0.00000,0.04696
20.9312,-2.2016697770261,-1.520363294191893,1.9370134149071492,-1.9462327943744018,-1.6394364818650606,2.628835567513256,-0.00000,-0.04513,0.04513,0.00046,0.00000,0.00046
20.9645,-2.201669777026101,-1.5203784806016947,1.9385472422968044,-1.944714000011504,-1.6394364818650606,2.6303543634406648,-0.00000,-0.00046,0.04613,0.04568,0.00000,0.04568
20.9976,-2.201669777026101,-1.5188599914857859,1.9400812215507075,-1.944698812067875,-1.6379178408850537,2.630369551399939,0.00000,0.04581,0.04628,0.00046,0.04582,0.00046
21.0313,-2.201669777026101,-1.5188448065946267,1.9416152023232536,-1.943180019208432,-1.6363840134952465,2.6318883442595373,0.00000,0.00045,0.04563,0.04517,0.04562,0.04517
21.0645,-2.201669777026101,-1.5173260137657083,1.941630542130979,-1.9431648312798377,-1.6348500342413421,2.633422173168141,0.00000,0.04573,0.00046,0.00046,0.04619,0.04618
21.0978,-2.203188418006108,-1.517310825837419,1.9416306955290563,-1.9416460384205447,-1.6348346944488032,2.6379934343972473,-0.04561,0.00046,0.00000,0.04561,0.00046,0.13728
21.1310,-2.2047222453959154,-1.5173106739581361,1.94011205608303,-1.941630850491952,-1.6348345410508778,2.647150992889578,-0.04614,0.00000,-0.04568,0.00046,0.00000,0.27546
21.1643,-2.204737583669813,-1.5173106724393433,1.9400968696885696,-1.941630698612666,-1.6348345395168986,2.6563544143545434,-0.00046,0.00000,-0.00046,0.00000,0.00000,0.27643
21.1978,-2.2047377370525525,-1.5173106724241554,1.9385780768446186,-1.941630697093873,-1.636353180481565,2.665558294449233,-0.00000,0.00000,-0.04533,0.00000,-0.04533,0.27471
21.2310,-2.20473773858638,-1.5173106724240035,1.938562888916179,-1.9401120560986782,-1.6378870078712187,2.6732435381502135,-0.00000,0.00000,-0.00046,0.04574,-0.04620,0.23148
21.2647,-2.2032190976217105,-1.517310672424002,1.9400813780169013,-1.9400968696887262,-1.6379023461451152,2.677876313527243,0.04513,0.00000,0.04512,0.00045,-0.00046,0.13767
21.2979,-2.2032039112120643,-1.518829313404009,1.9431338448679225,-1.9400967178246267,-1.6379024995278542,2.6809599232410277,0.00046,-0.04573,0.09191,0.00000,-0.00000,0.09285
21.3313,-2.2032037593479674,-1.517325858833802,1.9446830105164392,-1.9400967163059857,-1.6379025010616817,2.6809907593381657,0.00000,0.04496,0.04633,0.00000,-0.00000,0.00092
21.3644,-2.2032037578293266,-1.5173108242881,1.9462171431529314,-1.9400967162907994,-1.6379025010770198,2.680991067699137,0.00000,0.00045,0.04640,0.00000,-0.00000,0.00001
21.3978,-2.20320375781414,-1.517310673942643,1.947751125459303,-1.9400967162906475,-1.6379025010771733,2.682509711762754,0.00000,0.00000,0.04583,0.00000,-0.00000,0.04537
21.4311,-2.2032037578139883,-1.5173106724391885,1.9508037472423803,-1.940096716290646,-1.6363838600971679,2.6825248982033902,0.00000,0.00000,0.09174,0.00000,0.04564,0.00046
21.4645,-2.203203757813987,-1.5173106724241539,1.9538715554202246,-1.940096716290646,-1.6363686736873677,2.685562332027809,0.00000,0.00000,0.09203,0.00000,0.00046,0.09112
21.4977,-2.203203757813987,-1.5173106724240035,1.9584581564420231,-1.941615357270653,-1.6348498808432634,2.688629988326067,0.00000,0.00000,0.13785,-0.04564,0.04565,0.09220
21.5312,-2.203203757813987,-1.5157920314439959,1.9600226634322482,-1.941630543680453,-1.6348346929148223,2.6886606648890496,0.00000,0.04535,0.04672,-0.00045,0.00045,0.00092
21.5645,-2.203203757813987,-1.515776845034196,1.963075590462164,-1.941630695544551,-1.633315900055531,2.693216894594701,0.00000,0.00046,0.09174,-0.00000,0.04564,0.13691
21.5980,-2.203203757813987,-1.5157766931700978,1.96462476071247,-1.941630697063192,-1.633300712126938,2.6978183798317774,0.00000,0.00000,0.04627,-0.00000,0.00045,0.13742
21.6311,-2.20168511683398,-1.5157766916514568,1.9676775343749864,-1.9416306970783783,-1.633300560247652,2.703938958604174,0.04581,0.00000,0.09208,-0.00000,0.00000,0.18462
21.6645,-2.20166993042418,-1.5157766916362705,1.9677080621116116,-1.9416306970785302,-1.6333005587288594,2.7040001643918985,0.00045,0.00000,0.00091,-0.00000,0.00000,0.00183
21.6979,-2.201669778560082,-1.5157766916361186,1.9722642903289984,-1.9446679790385453,-1.6348191996936783,2.7115939813498096,0.00000,0.00000,0.13629,-0.09086,-0.04543,0.22716
21.7312,-2.2001511360614345,-1.515776691636117,1.9753471345711857,-1.9446983518581453,-1.6333157451233196,2.71622584245941,0.04566,0.00000,0.09269,-0.00091,0.04520,0.13927
21.7644,-2.1986173086564413,-1.515776691636117,1.978415244973621,-1.9462172965663485,-1.633300710577616,2.7162721610705063,0.04622,0.00000,0.09246,-0.04577,0.00045,0.00140
21.7978,-2.1970833294023846,-1.515776691636117,1.9799645670576522,-1.9462324860134304,-1.6333005602321589,2.716272624256617,0.04593,0.00000,0.04639,-0.00045,0.00000,0.00001
21.8309,-2.1970679896098444,-1.5172953326161231,1.984535983218513,-1.9462326379079011,-1.6302632767686909,2.7177912698684845,0.00046,-0.04585,0.13800,-0.00000,0.09169,0.04585
21.8645,-2.197067836211919,-1.5173105190259233,1.9861003383601286,-1.9477512804068526,-1.6302329039340562,2.7178064563246034,0.00000,-0.00045,0.04659,-0.04523,0.00090,0.00045
21.8980,-2.1955491936979326,-1.5157920299100152,1.9876346228915511,-1.9477664668318422,-1.6302326002057097,2.7178066081891643,0.04532,0.04532,0.04579,-0.00045,0.00001,0.00000
21.9310,-2.1955340072727925,-1.512739563058842,1.9891686067168723,-1.947766618696092,-1.6302325971684264,2.71780660970781,0.00046,0.09247,0.04647,-0.00000,0.00000,0.00000
21.9644,-2.195533855408541,-1.5081531154503096,1.9891839465551255,-1.9477666202147346,-1.6302325971380536,2.7178066097229965,0.00000,0.13726,0.00046,-0.00000,0.00000,0.00000
21.9979,-2.1955338538898985,-1.5020326870541973,1.989184099953508,-1.9492852612099276,-1.6302325971377498,2.7178066097231484,0.00000,0.18305,0.00000,-0.04542,0.00000,0.00000
22.0312,-2.195533853874712,-1.4974155598302163,1.9891841014874918,-1.9493004476198794,-1.6302325971377467,2.7178066097231497,0.00000,0.13849,0.00000,-0.00046,0.00000,0.00000
22.0644,-2.19553385387456,-1.4928134656179557,1.9891841015028318,-1.949300599483979,-1.6287139561577397,2.7193252507031556,0.00000,0.13852,0.00000,-0.00000,0.04571,0.04571
22.0981,-2.195533853874559,-1.4882115217358132,1.9876654605229782,-1.94930060100262,-1.6302174107279466,2.719340437112956,0.00000,0.13672,-0.04512,-0.00000,-0.04467,0.00045
22.1316,-2.195533853874559,-1.4820909383769647,1.9861316331331733,-1.9493006010178064,-1.6287138042936418,2.7208592299570618,0.00000,0.18252,-0.04574,-0.00000,0.04484,0.04529
22.1645,-2.195533853874559,-1.4820297325433762,1.9861162948592752,-1.9493006010179583,-1.6286987682292986,2.720874417885503,0.00000,0.00186,-0.00047,-0.00000,0.00046,0.00046
22.1979,-2.195533853874559,-1.4759545565650127,1.9845975004965293,-1.9493006010179599,-1.6302172588486623,2.722393210744793,0.00000,0.18228,-0.04557,-0.00000,-0.04556,0.04557
22.2311,-2.195533853874559,-1.4637446769651752,1.9785077486328744,-1.9508192419979669,-1.6302324437548559,2.7345575265134414,0.00000,0.36718,-0.18313,-0.04567,-0.00046,0.36580
22.2644,-2.195533853874559,-1.456029373269143,1.9769282101342314,-1.9508344284077668,-1.6302325956039179,2.7392350926111484,0.00000,0.23160,-0.04742,-0.00046,-0.00000,0.14041
22.2977,-2.194015212894552,-1.449877656312155,1.9708378508292177,-1.952353221251872,-1.6302325971224083,2.742319150232139,0.04562,0.18480,-0.18296,-0.04562,-0.00000,0.09265
22.3310,-2.194000026484752,-1.442222934242551,1.966221024296147,-1.9523684091803128,-1.6302325971375933,2.746905913748369,0.00046,0.23036,-0.13894,-0.00046,-0.00000,0.13804
22.3644,-2.193999874620654,-1.439109105061842,1.96465621505081,-1.9538872020396039,-1.6302325971377452,2.7469517813835314,0.00000,0.09314,-0.04681,-0.04543,-0.00000,0.00137
22.3978,-2.1939998731020127,-1.4360406848100211,1.9616032849983427,-1.9539023899681967,-1.6317512381177532,2.746952240059883,0.00000,0.09170,-0.09123,-0.00045,-0.04538,0.00001
22.4325,-2.1939998730868266,-1.436010000607503,1.9554981917777912,-1.9539025418474827,-1.6317664245275534,2.7469522446466463,0.00000,0.00089,-0.17611,-0.00000,-0.00044,0.00000
22.4644,-2.1939998730866748,-1.4360096937654778,1.950881217905565,-1.9539025433662756,-1.6317665763916513,2.746952244692514,0.00000,0.00001,-0.14472,-0.00000,-0.00000,0.00000
22.4979,-2.193999873086673,-1.4360096906970574,1.9462791252268226,-1.9554211843614704,-1.6317665779102923,2.746952244692973,0.00000,0.00000,-0.13737,-0.04533,-0.00000,0.00000
22.5311,-2.193999873086673,-1.4375283316463803,1.9431958223400216,-1.9554363707714224,-1.6317665779254786,2.7469522446929773,0.00000,-0.04576,-0.09292,-0.00046,-0.00000,0.00000
22.5643,-2.1955185140666797,-1.4375435180558735,1.937090425391126,-1.955436522635522,-1.6317665779256305,2.7469522446929773,-0.04574,-0.00046,-0.18391,-0.00000,-0.00000,0.00000
22.5979,-2.1940150594964734,-1.4360250289399614,1.9324734484816168,-1.953917883174156,-1.631766577925632,2.7469522446929773,0.04470,0.04515,-0.13727,0.04515,-0.00000,0.00000
22.6310,-2.194000024950771,-1.4375284850288093,1.9278713557725013,-1.9539026967795423,-1.631766577925632,2.7469522446929773,0.00045,-0.04543,-0.13906,0.00046,0.00000,0.00000
22.6652,-2.193999874605314,-1.4375435195896977,1.9263066938654039,-1.9539025449155962,-1.633285218905639,2.7469522446929773,0.00000,-0.00044,-0.04583,0.00000,-0.04448,0.00000
22.6978,-2.1955185140818663,-1.4390623109153136,1.9247724062663258,-1.9523839024169503,-1.6333004053154392,2.7469522446929773,-0.04648,-0.04649,-0.04696,0.04648,-0.00046,0.00000
22.7311,-2.1940150594966252,-1.4436334217685896,1.926275704370342,-1.9523687159919636,-1.6333005571795371,2.7469522446929773,0.04528,-0.13767,0.04527,0.00046,-0.00000,0.00000
22.7646,-2.1955186659307793,-1.4467164148371363,1.9262907373513822,-1.9508499231477068,-1.6333005586981781,2.7469522446929773,-0.04483,-0.09193,0.00045,0.04529,-0.00000,0.00000
22.7983,-2.195533701995121,-1.4467472447678218,1.9262908876811926,-1.9493160942392573,-1.6333005587133644,2.7469522446929773,-0.00045,-0.00092,0.00000,0.04555,-0.00000,0.00000
22.8310,-2.1940152113757576,-1.4482661940471357,1.927809530164497,-1.9477821149701662,-1.6363378406735296,2.7469522446929773,0.04639,-0.04640,0.04639,0.04686,-0.09279,0.00000
22.8646,-2.194000026469564,-1.4482813835399289,1.930861998549344,-1.9477667751774754,-1.6363682134931314,2.7499895266529912,0.00045,-0.00045,0.09070,0.00046,-0.00090,0.09025
22.8978,-2.193999874620502,-1.449800176414863,1.9339298051932061,-1.949285262759555,-1.6394057991813413,2.7500198994725915,0.00000,-0.04577,0.09244,-0.04576,-0.09153,0.00092
22.9313,-2.1939998731020114,-1.4498153643436122,1.936997765219658,-1.9523377295953896,-1.6394361750382234,2.7500202032007874,0.00000,-0.00045,0.09154,-0.09107,-0.00091,0.00001
22.9645,-2.1939998730868266,-1.4528527981829134,1.940065726779936,-1.9554055362237617,-1.6394364787967923,2.7500202062380694,0.00000,-0.09150,0.09242,-0.09242,-0.00001,0.00000
22.9978,-2.1939998730866748,-1.4559204544813205,1.9431336883555528,-1.9554362142900452,-1.6348805588943576,2.7500202062684425,0.00000,-0.09226,0.09227,-0.00092,0.13702,0.00000
23.0312,-2.193999873086673,-1.4605070539843243,1.9446830089513154,-1.955436521070708,-1.6333163587153263,2.751538847248752,0.00000,-0.13732,0.04638,-0.00001,0.04683,0.04547
23.0644,-2.192481232106666,-1.4651088429193753,1.9477357841172869,-1.9554365241385148,-1.633300716713536,2.751554033658555,0.04569,-0.13845,0.09185,-0.00000,0.00047,0.00046
23.0978,-2.19094740471686,-1.4712294247287525,1.9477663118689466,-1.955436524169193,-1.6333005602935182,2.751554185522653,0.04592,-0.18324,0.00091,-0.00000,0.00000,0.00000
23.1315,-2.190932066442962,-1.4743279125068594,1.9477666171464632,-1.9539178831894926,-1.631781917749311,2.751554187041294,0.00046,-0.09205,0.00001,0.04512,0.04512,0.00000
23.1644,-2.1894132720802157,-1.4743588973846404,1.9492852611792448,-1.9539026967796957,-1.6332853723038758,2.7515541870564806,0.04618,-0.00094,0.04618,0.00046,-0.04572,0.00000
23.1978,-2.1878794431565813,-1.4743592072334182,1.9508190885995798,-1.9539025449155978,-1.6333004068494215,2.7515541870566325,0.04583,-0.00001,0.04583,0.00000,-0.00045,0.00000
23.2312,-2.1878641048673453,-1.474359210331906,1.950834426873783,-1.9508652614369433,-1.6363378391548902,2.751554187056634,0.00046,-0.00000,0.00046,0.09108,-0.09109,0.00000
23.2646,-2.1878639514844527,-1.4743592103628909,1.952353221236532,-1.9493162476221497,-1.636368213477945,2.751554187056634,0.00000,-0.00000,0.04546,0.04637,-0.00091,0.00000
23.2978,-2.187863949950624,-1.4758778513432078,1.9523684091801594,-1.9508193984640088,-1.6363685172211755,2.751554187056634,0.00000,-0.04575,0.00046,-0.04528,-0.00001,0.00000
23.3317,-2.1878639499352857,-1.4758930377530108,1.9523685610595958,-1.9508344299724274,-1.6348498792786015,2.751554187056634,0.00000,-0.00045,0.00000,-0.00044,0.04481,0.00000
23.3646,-2.1878639499351324,-1.475893189617109,1.9523685625783902,-1.9508345802875116,-1.6348346928991757,2.751554187056634,0.00000,-0.00000,0.00000,-0.00000,0.00046,0.00000
23.3981,-2.1878639499351307,-1.47589319113575,1.950849921613571,-1.9493159408106553,-1.6348345410353815,2.751554187056634,0.00000,-0.00000,-0.04527,0.04527,0.00000,0.00000
23.4314,-2.1878639499351307,-1.4758931911509363,1.9508347352039228,-1.9477821134358801,-1.6348345395167436,2.751554187056634,0.00000,-0.00000,-0.00046,0.04607,0.00000,0.00000
23.4647,-2.1878639499351307,-1.4743745501710812,1.9493159423598194,-1.9477667751621326,-1.634834539501557,2.751554187056634,0.00000,0.04561,-0.04561,0.00046,0.00000,0.00000
23.4979,-2.1878639499351307,-1.4743593637612826,1.9493007544313785,-1.9462479807993882,-1.6348345395014052,2.751554187056634,0.00000,0.00046,-0.00046,0.04579,0.00000,0.00000
23.5311,-2.1878639499351307,-1.4743592118971847,1.9477819615720875,-1.9462327928557608,-1.634834539501404,2.751554187056634,0.00000,0.00000,-0.04566,0.00046,0.00000,0.00000
23.5643,-2.1878639499351307,-1.4743592103785437,1.9462481326634877,-1.9462326409763246,-1.6348345395014037,2.751554187056634,0.00000,0.00000,-0.04624,0.00000,0.00000,0.00000
23.5980,-2.1893825909151374,-1.4743592103633574,1.9447141533943948,-1.9447139984775232,-1.6348345395014037,2.751554187056634,-0.04511,0.00000,-0.04557,0.04511,0.00000,0.00000
23.6330,-2.1893977773249373,-1.4743592103632055,1.9446988136017038,-1.9446988120525353,-1.6348345395014037,2.751554187056634,-0.00043,0.00000,-0.00044,0.00043,0.00000,0.00000
23.6645,-2.1893979291890355,-1.474359210363204,1.9431800192237705,-1.9446986601882854,-1.6333158985213967,2.751554187056634,-0.00000,0.00000,-0.04821,0.00000,0.04820,0.00000
23.6980,-2.1893979307076763,-1.474359210363204,1.9386089083399707,-1.9446986586696429,-1.6333007121115968,2.751554187056634,-0.00000,0.00000,-0.13648,0.00000,0.00045,0.00000
23.7310,-2.187879289742856,-1.474359210363204,1.9264140693910785,-1.9431800176744498,-1.6348192012275058,2.7530728280366397,0.04598,0.00000,-0.36920,0.04598,-0.04597,0.04598
23.7644,-2.1863454623532013,-1.474359210363204,1.9171802751215488,-1.941646190284491,-1.636353027098671,2.7530880144464396,0.04591,0.00000,-0.27636,0.04591,-0.04591,0.00045
23.7978,-2.1832928421192914,-1.477396492323218,1.9034201683587924,-1.9385935700505779,-1.6348497243773765,2.7530881663105378,0.09146,-0.09100,-0.41226,0.09146,0.04504,0.00000
23.8312,-2.175669111016918,-1.4835014290628448,1.888096157491097,-1.9294511979681979,-1.6348346913501635,2.7530881678291785,0.22838,-0.18288,-0.45906,0.27387,0.00045,0.00000
23.8645,-2.1664810278258537,-1.4926743243102818,1.8712378666023455,-1.9172106464073198,-1.6348345410198915,2.753088167844365,0.27523,-0.27477,-0.50498,0.36666,0.00000,0.00000
23.8978,-2.1572773011139024,-1.4988406171827842,1.8528455919333764,-1.9019018310916436,-1.6348345395165886,2.756125449804531,0.27655,-0.18528,-0.55264,0.45999,0.00000,0.09126
23.9316,-2.1480734179667422,-1.5019395620715221,1.8329193364465985,-1.8880809741184255,-1.6348345395015556,2.7667863094841803,0.27258,-0.09178,-0.59013,0.40931,0.00000,0.31573
23.9655,-2.1449440971752565,-1.5034891925004163,1.8144963821316493,-1.8727563557486253,-1.6333158985213982,2.779042045921031,0.09232,-0.04572,-0.54353,0.45212,0.04480,0.36158
23.9978,-2.141875522007328,-1.5019860478246982,1.7960884608284187,-1.8589353407448663,-1.6348193530916038,2.792832372105461,0.09506,0.04656,-0.57024,0.42814,-0.04657,0.42719
24.0310,-2.1372889133156288,-1.5034896573579482,1.7776806898553046,-1.8436107207947607,-1.6348343876373057,2.8036007622273527,0.13786,-0.04519,-0.55329,0.46062,-0.00045,0.32367
24.0643,-2.131168483308685,-1.5035046934532807,1.760791561365499,-1.8267524238151849,-1.634834537982763,2.811301651028606,0.18385,-0.00045,-0.50733,0.50641,-0.00000,0.23133
24.0979,-2.1235140741085816,-1.503504843814234,1.7454362602805333,-1.808360149085308,-1.6333158985062104,2.8189718648166524,0.22813,-0.00000,-0.45764,0.54815,0.04526,0.22860
24.1311,-2.111288402176526,-1.5050234862978504,1.7316149384496224,-1.7929898165379414,-1.633300712111445,2.8266417718545664,0.36746,-0.04565,-0.41542,0.46198,0.00046,0.23053
24.1646,-2.099017017617151,-1.5080759546826998,1.719327597391259,-1.7806869853724134,-1.6333005602474973,2.8343116758249796,0.36650,-0.09116,-0.36697,0.36744,0.00000,0.22907
24.1978,-2.089782457891517,-1.517218325246589,1.713130160060648,-1.7684148292207038,-1.6333005587288578,2.841981579764717,0.27808,-0.27531,-0.18663,0.36956,0.00000,0.23097
24.2311,-2.071466420534179,-1.5385707226723233,1.7115495447073354,-1.753105697859119,-1.6317819177336643,2.8557260476241764,0.55058,-0.64185,-0.04751,0.46019,0.04565,0.41316
24.2643,-2.063690055260572,-1.5478960925266214,1.7160896614938221,-1.7468780426254757,-1.6302480903437058,2.8634566972028046,0.23417,-0.28082,0.13672,0.18754,0.04619,0.23280
24.2979,-2.0529818047477884,-1.5586198330852112,1.7222096265817144,-1.742259843133119,-1.6302327520698063,2.871127208598625,0.31866,-0.31912,0.18212,0.13743,0.00046,0.22826
24.3312,-2.0422442353826127,-1.569357557350845,1.7298640311326272,-1.7346204562381617,-1.6287139577070604,2.880315759592623,0.32266,-0.32266,0.23001,0.22956,0.04564,0.27611
24.3646,-2.0269504498888926,-1.580095421453549,1.740571062038184,-1.7299881394291916,-1.6271801287834262,2.888000850002597,0.45771,-0.32136,0.32044,0.13864,0.04590,0.23000
24.3977,-2.010092461253881,-1.5908332869546236,1.7497899782272799,-1.7269045343010885,-1.6241275085341762,2.897189546786738,0.50935,-0.32443,0.27854,0.09317,0.09223,0.27763
24.4310,-1.9917001896074495,-1.6030897934496882,1.7589940132692117,-1.7268736982498074,-1.6195410593916633,2.904874638654613,0.55171,-0.36765,0.27609,0.00092,0.13758,0.23053
24.4646,-1.9763298570909176,-1.6153614863546937,1.7681978994996719,-1.7268733898892945,-1.6164579129402246,2.9140633354533323,0.45837,-0.36596,0.27448,0.00001,0.09194,0.27402
24.4978,-1.9640270259256982,-1.6261146901437906,1.7758831432620104,-1.7253547458256828,-1.613389799515697,2.921748427321353,0.37063,-0.32395,0.23152,0.04575,0.09243,0.23152
24.5312,-1.9639039976140462,-1.6262222221816816,1.7759599956996337,-1.7253395593850467,-1.6133591183814517,2.9218252782400334,0.00368,-0.00322,0.00230,0.00045,0.00092,0.00230
24.5644,-1.9502349985108682,-1.635335143382101,1.7850726101040508,-1.7253394075206403,-1.6133588115701092,2.9279006106692482,0.41220,-0.27481,0.27480,0.00000,0.00001,0.18321
24.5980,-1.9273186938197349,-1.6506126823941738,1.798831505068156,-1.7253394060019962,-1.6118401675219889,2.9401104918335936,0.68142,-0.45428,0.40912,0.00000,0.04516,0.36306
24.6312,-1.8921607882326672,-1.6705077905243824,1.814155503817865,-1.7253394059868097,-1.610306340101501,2.9614935643653326,1.05894,-0.59923,0.46155,0.00000,0.04620,0.64405
24.6644,-1.8751041583967218,-1.6782999465057182,1.8219019487053958,-1.7253394059866578,-1.6102910018272962,2.969300599990684,0.51348,-0.23458,0.23320,0.00000,0.00046,0.23502
24.6978,-1.858228541318288,-1.6844524319855594,1.8295726180543053,-1.7253394059866565,-1.6087722074645472,2.980009157206985,0.50486,-0.18406,0.22948,0.00000,0.04544,0.32037
24.7311,-1.839836093387422,-1.6890698797803778,1.8387611706278346,-1.7253394059866562,-1.6087570195209198,2.992265370619202,0.55300,-0.13883,0.27627,0.00000,0.00046,0.36851
24.7645,-1.8199098361680257,-1.6906346952383329,1.8449276200735976,-1.726858046966663,-1.6087568676414834,3.0045370605933797,0.59575,-0.04678,0.18436,-0.04540,0.00000,0.36690
24.7975,-1.7999682408557431,-1.6906503433929125,1.8510638484880824,-1.7268732333764631,-1.608756866122689,3.0152902643531676,0.60404,-0.00047,0.18587,-0.00046,0.00000,0.32572
24.8310,-1.7769892102025189,-1.692169140854465,1.8556811337122472,-1.726873385240561,-1.6087568661075011,3.027546924230821,0.68662,-0.04538,0.13797,-0.00000,0.00000,0.36623
24.8646,-1.7539798051958841,-1.6921843288290805,1.8587645885245025,-1.728392027739209,-1.6087568661073492,3.042855900629665,0.68468,-0.00045,0.09175,-0.04519,0.00000,0.45554
24.8978,-1.7309700964457162,-1.6921844807088267,1.8618327050326386,-1.7284072141641955,-1.6087568661073477,3.0551581182337073,0.69431,-0.00000,0.09258,-0.00046,0.00000,0.37122
24.9316,-1.70947902563812,-1.6921844822276242,1.863382027177727,-1.7299260070084521,-1.6087568661073477,3.0674302682498014,0.63541,-0.00000,0.04581,-0.04491,0.00000,0.36284
24.9645,-1.6864845002299416,-1.6921844822428123,1.863397520399178,-1.7299411949368946,-1.6087568661073477,3.0797021175900183,0.69943,-0.00000,0.00047,-0.00046,0.00000,0.37328
24.9978,-1.6649935812557652,-1.6921844822429641,1.8633976753313926,-1.731459987796186,-1.6087568661073477,3.0904553229434666,0.64453,-0.00000,0.00000,-0.04555,0.00000,0.32250
25.0315,-1.6435176983459279,-1.690665841262959,1.8633976768807146,-1.7314751757247788,-1.6102755070873547,3.0996747008770424,0.63673,0.04503,0.00000,-0.00045,-0.04503,0.27334
25.0645,-1.6250792477567488,-1.6906506548531588,1.8633976768962077,-1.7329939685840714,-1.6102906934971548,3.110397381516426,0.55916,0.00046,0.00000,-0.04606,-0.00046,0.32517
25.0978,-1.6081898124707825,-1.6891318620090539,1.8633976768963627,-1.7345277974926712,-1.6087722043812458,3.122653736162874,0.50724,0.04561,0.00000,-0.04607,0.04560,0.36809
25.1312,-1.5897972263578413,-1.6860793921205988,1.8633976768963643,-1.7345431357817573,-1.6102756604700936,3.1318881455893797,0.55045,0.09135,0.00000,-0.00046,-0.04499,0.27636
25.1644,-1.5729082497166371,-1.6830115854617012,1.8633976768963643,-1.7345432891646482,-1.6087720540509751,3.1395736945836785,0.50959,0.09256,0.00000,-0.00000,0.04537,0.23189
25.1984,-1.5621088730901773,-1.6829809073951123,1.8633976768963643,-1.7360619316784838,-1.6087570179867838,3.1396505500736214,0.31685,0.00090,0.00000,-0.04456,0.00044,0.00225
25.2312,-1.555926315403886,-1.6829806006144463,1.8633976768963643,-1.736077118103622,-1.6057195856661286,3.139651318628521,0.18884,0.00001,0.00000,-0.00046,0.09277,0.00002
25.2643,-1.5513085668870021,-1.6829805975466396,1.8618790359163573,-1.7360772699678735,-1.5996146474228947,3.13965132631407,0.13927,0.00000,-0.04580,-0.00000,0.18412,0.00000
25.2978,-1.5497437484218273,-1.6814619565359545,1.8603452085265504,-1.7375959124665226,-1.587404470200408,3.1396513263909256,0.04674,0.04536,-0.04581,-0.04536,0.36467,0.00000
25.3335,-1.5482094592571687,-1.679928129145841,1.8572925882926388,-1.7421670218315295,-1.573614599608122,3.1411699673717,0.04296,0.04295,-0.08547,-0.12799,0.38610,0.04252
25.3645,-1.5466754753855152,-1.6783941498919328,1.8527061391502793,-1.7452500148851935,-1.5658834960021653,3.141185153781508,0.04954,0.04954,-0.14811,-0.09956,0.24966,0.00049
25.3978,-1.5451414945667916,-1.6753415281393806,1.8450670697588218,-1.7467994857957365,-1.5658061849661058,3.142703946625612,0.04612,0.09177,-0.22966,-0.04658,0.00232,0.04566
25.4310,-1.5253838220185159,-1.6434195413417119,1.8146178594647715,-1.7559268263848828,-1.5733986167557792,3.147275057494075,0.59429,0.96018,-0.91588,-0.27454,-0.22837,0.13749
25.4644,-1.5024066305929316,-1.6233579887336476,1.79608967560175,-1.7590553817507877,-1.5765118230336896,3.1473207686027593,0.68737,0.60015,-0.55428,-0.09359,-0.09313,0.00137
25.4977,-1.4778786029985673,-1.6034150404674785,1.7791993429830448,-1.7636425902444672,-1.5795802370564822,3.1458025847338384,0.73768,0.59979,-0.50798,-0.13796,-0.09228,-0.04566
25.5310,-1.460928271942549,-1.591066483144763,1.76384402985679,-1.7682443852694243,-1.585685485116737,3.145787402895149,0.50872,0.37061,-0.46085,-0.13811,-0.18323,-0.00046
25.5643,-1.448609640791935,-1.581831151691495,1.751541348885473,-1.7728463261596945,-1.5963770244573872,3.144268610096756,0.36970,0.27716,-0.36922,-0.13811,-0.32087,-0.04558
25.5978,-1.446967813500422,-1.5756642344569347,1.7468623991357393,-1.7789669094886245,-1.608633067690848,3.1427347811887647,0.04907,0.18433,-0.13985,-0.18295,-0.36634,-0.04585
25.6316,-1.4454327542474998,-1.5695280013645623,1.7452969686582358,-1.7851026792419407,-1.6178674740032235,3.1427194428996845,0.04537,0.18136,-0.04627,-0.18135,-0.27293,-0.00045
25.6668,-1.4438987626749638,-1.5618734341336045,1.746799955333467,-1.7912386008595012,-1.6240343819863743,3.1396820075567815,0.04367,0.21789,0.04278,-0.17466,-0.17555,-0.08646
25.6978,-1.4408461407992244,-1.5557223245412681,1.7483336261802263,-1.7988931649757105,-1.6256146920462125,3.141170274183359,0.09830,0.19808,0.04939,-0.24649,-0.05089,0.04793
25.7311,-1.437778332620454,-1.548067608545311,1.7513862448487074,-1.8050442745368995,-1.6256304951468108,3.1427037978296304,0.09223,0.23013,0.09178,-0.18493,-0.00048,0.04610
25.7644,-1.4362290135586595,-1.5388792155053106,1.7559726939754126,-1.8126989905325457,-1.6256306531778169,3.1457564150261073,0.04646,0.27553,0.13753,-0.22954,-0.00000,0.09154
25.7976,-1.4346948793880345,-1.5281568447148628,1.762093122386707,-1.8218873835725427,-1.625630654758127,3.1473055821780798,0.04623,0.32313,0.18444,-0.27690,-0.00000,0.04669
25.8310,-1.4301236151063081,-1.5204564161069243,1.7682288905908468,-1.8310911133829832,-1.62563065477393,3.147321073849599,0.13690,0.23061,0.18375,-0.27563,-0.00000,0.00046
25.8644,-1.4255219795234702,-1.515823488880825,1.7713275302329017,-1.8402949965611284,-1.625630654774088,3.145802587786307,0.13783,0.13877,0.09281,-0.27569,-0.00000,-0.04548
25.8979,-1.4194013992476142,-1.5112212366685431,1.7728771576093292,-1.8494988812729507,-1.6256306547740895,3.1473060439056817,0.18257,0.13728,0.04622,-0.27453,-0.00000,0.04485
25.9310,-1.4132656295248294,-1.5051006502263935,1.7759299358431069,-1.8587027660001096,-1.6256306547740897,3.1473210784668755,0.18527,0.18481,0.09218,-0.27791,-0.00000,0.00045
25.9654,-1.40409242594756,-1.4974462394619383,1.7789977455854584,-1.867906650727422,-1.6256306547740897,3.1473212288124874,0.26711,0.22289,0.08933,-0.26800,0.00000,0.00000
25.9978,-1.3948888480317474,-1.4882578494742529,1.7835843466229024,-1.8755918944747292,-1.6256306547740897,3.1473212303159435,0.28388,0.28341,0.14147,-0.23705,0.00000,0.00000
26.0312,-1.3841663253925414,-1.4790541196943354,1.7851488536132836,-1.884780592792243,-1.6256306547740897,3.147321230330978,0.32072,0.27529,0.04680,-0.27484,0.00000,0.00000
26.0644,-1.3749472542861094,-1.4728875184765091,1.7866831396631941,-1.8939843256554585,-1.6256306547740897,3.147321230331128,0.27798,0.18594,0.04626,-0.27752,0.00000,0.00000
26.0979,-1.3611872947549835,-1.4682699295243102,1.7866984825236931,-1.9031882088641314,-1.6271492957540967,3.1458025893511223,0.41090,0.13789,0.00046,-0.27485,-0.04535,-0.04535
26.1311,-1.3489005673196186,-1.4636678306947681,1.786698635952298,-1.9123920935762588,-1.6271644821638966,3.145787402941322,0.36984,0.13853,0.00000,-0.27704,-0.00046,-0.00046
26.1653,-1.339665854165223,-1.4545099638264318,1.7882172784665906,-1.9185586963434074,-1.6271646340279946,3.1457872510772242,0.26969,0.26745,0.04435,-0.18009,-0.00000,-0.00000
26.1978,-1.3334989431136532,-1.4453065392777078,1.7882324648917336,-1.924694926291106,-1.6271646355466356,3.1473058905385907,0.19011,0.28373,0.00047,-0.18917,-0.00000,0.04682
26.2313,-1.3258440691031037,-1.4376213001321867,1.789751257735992,-1.9308308525106102,-1.6271646355618221,3.1473210769332045,0.22843,0.22933,0.04532,-0.18310,-0.00000,0.00045
26.2644,-1.3166556744829565,-1.4345071657807176,1.7928037276244482,-1.938485416672839,-1.627164635561974,3.147321228797151,0.27706,0.09390,0.09204,-0.23081,-0.00000,0.00000
26.2978,-1.3059333036767073,-1.4284014605171762,1.7943528933033397,-1.9507110901545155,-1.6271646355619755,3.1473212303157903,0.32135,0.18299,0.04643,-0.36640,-0.00000,0.00000
26.3309,-1.298232875068611,-1.4207471985645066,1.7943683849601286,-1.955389269829353,-1.6271646355619755,3.1473212303309763,0.23262,0.23122,0.00047,-0.14132,0.00000,0.00000
26.3644,-1.290562665882496,-1.4130774510449462,1.7958871808567034,-1.961510615546128,-1.6271646355619755,3.147321230331128,0.22920,0.22919,0.04539,-0.18292,0.00000,0.00000
26.3976,-1.2828927588906012,-1.400851625729696,1.801976932735696,-1.96916503390333,-1.6271646355619755,3.14732123033113,0.23069,0.36772,0.18316,-0.23022,0.00000,0.00000
26.4312,-1.2797787778606682,-1.3946548035565165,1.8065937531945062,-1.9753161420069292,-1.6271646355619755,3.14732123033113,0.09269,0.18444,0.13742,-0.18308,0.00000,0.00000
26.4644,-1.279747638050369,-1.390036912394764,1.809677203359108,-1.9799335760279853,-1.6271646355619755,3.14732123033113,0.00094,0.13903,0.09283,-0.13902,0.00000,0.00000
26.4979,-1.27822868567226,-1.3869534515231334,1.8157826017807814,-1.9860543142882234,-1.6271646355619755,3.14732123033113,0.04545,0.09226,0.18268,-0.18313,0.00000,0.00000
26.5312,-1.278213496148479,-1.3823666939743962,1.821918219685025,-1.9906714446108456,-1.6271646355619755,3.14732123033113,0.00046,0.13757,0.18403,-0.13848,0.00000,0.00000
26.5644,-1.278213344253241,-1.377764903458889,1.8265354988040876,-1.9952735388540923,-1.6271646355619755,3.14732123033113,0.00000,0.13856,0.13903,-0.13857,0.00000,0.00000
26.5978,-1.2782133427342888,-1.373162962613713,1.8311375945352988,-1.9983568417565385,-1.6271646355619755,3.14732123033113,0.00000,0.13775,0.13776,-0.09229,0.00000,0.00000
26.6310,-1.2782133427190991,-1.3670423792852344,1.8342208974526248,-2.0014249567455766,-1.6271646355619755,3.14732123033113,0.00000,0.18450,0.09294,-0.09248,0.00000,0.00000
26.6646,-1.2766947017389394,-1.3639438914919366,1.8372890124418113,-2.0060115608354874,-1.6271646355619755,3.14732123033113,0.04520,0.09223,0.09132,-0.13652,0.00000,0.00000
26.6979,-1.276679515329138,-1.3608756246539897,1.8388383345717099,-2.0090947088364,-1.6271646355619755,3.14732123033113,0.00046,0.09212,0.04652,-0.09257,0.00000,0.00000
26.7311,-1.27667936346504,-1.3608449419856101,1.8403724687730156,-2.0136814632564293,-1.6271646355619755,3.14732123033113,0.00000,0.00092,0.04614,-0.13795,0.00000,0.00000
26.7647,-1.276679361946399,-1.3593259941789195,1.8419064510950358,-2.01828325374065,-1.6271646355619755,3.14732123033113,0.00000,0.04530,0.04575,-0.13725,0.00000,0.00000
26.7979,-1.2766793619312125,-1.3593108047008526,1.841921790918256,-2.019847912625499,-1.6271646355619755,3.14732123033113,0.00000,0.00046,0.00046,-0.04703,0.00000,0.00000
26.8309,-1.2766793619310606,-1.359310652806072,1.8434405852964948,-2.0229008411743608,-1.6271646355619755,3.1458025893511223,0.00000,0.00000,0.04609,-0.09264,0.00000,-0.04608
26.8647,-1.276679361931059,-1.3593106512871242,1.8434557732402772,-2.0259686524198632,-1.6271646355619755,3.1473060439213296,0.00000,0.00000,0.00045,-0.09070,0.00000,0.04445
26.8978,-1.276679361931059,-1.3593106512719346,1.843455925119715,-2.0275179715123253,-1.6271646355619755,3.145802437487024,0.00000,0.00000,0.00000,-0.04688,0.00000,-0.04549
26.9313,-1.276679361931059,-1.3547547283317627,1.8434559266385093,-2.0305707466632636,-1.6271646355619755,3.147306042402689,0.00000,0.13589,0.00000,-0.09105,0.00000,0.04485
26.9655,-1.276679361931059,-1.3455973232223202,1.8434559266536972,-2.033638556374786,-1.6271646355619755,3.1473210784518453,0.00000,0.26776,0.00000,-0.08970,0.00000,0.00044
26.9976,-1.276679361931059,-1.3333566213311712,1.8419372856738425,-2.036706516431915,-1.6271646355619755,3.147321228812337,0.00000,0.38115,-0.04729,-0.09553,0.00000,0.00000
27.0312,-1.276679361931059,-1.3150105225521782,1.841922099264044,-2.0397744779925,-1.6271646355619755,3.147321230315942,0.00000,0.54695,-0.00045,-0.09146,0.00000,0.00000
27.0645,-1.276679361931059,-1.3133084205843821,1.841921947399946,-2.0413237985881123,-1.6271646355619755,3.147321230330978,0.00000,0.05112,-0.00000,-0.04654,0.00000,0.00000
27.0977,-1.275160720951053,-1.3117727585846972,1.841921945881305,-2.0413392917940687,-1.6271646355619755,3.147321230331128,0.04574,0.04626,-0.00000,-0.00047,0.00000,0.00000
27.1310,-1.275145534541253,-1.3117574019647003,1.8419219458661187,-2.0413394467261283,-1.6256459945819686,3.14732123033113,0.00045,0.00046,-0.00000,-0.00000,0.04550,0.00000
27.1644,-1.2751453826771548,-1.3102386074184933,1.8434405868459733,-2.0413394482754486,-1.6256308081721684,3.14732123033113,0.00000,0.04556,0.04556,-0.00000,0.00046,0.00000
27.1979,-1.2736267401785077,-1.3102234194730313,1.843455773255772,-2.0428580892709487,-1.6256306563080705,3.14732123033113,0.04536,0.00045,0.00045,-0.04536,0.00000,0.00000
27.2312,-1.2736115537535213,-1.3102232675935765,1.8434559251198699,-2.0428732756809036,-1.6256306547894295,3.14732123033113,0.00046,0.00000,0.00000,-0.00046,0.00000,0.00000
27.2646,-1.2705741199292575,-1.3102232660747821,1.8449745676185179,-2.042873427545003,-1.625630654774243,3.14732123033113,0.09086,0.00000,0.04543,-0.00000,0.00000,0.00000
27.2979,-1.2553573357909473,-1.3087046250795873,1.8449897540435043,-2.051985274943685,-1.625630654774091,3.14732123033113,0.45698,0.04561,0.00046,-0.27364,0.00000,0.00000
27.3310,-1.2430560401095085,-1.3086894386696355,1.8449899059077541,-2.062706880277719,-1.6271492957540967,3.1458025893511223,0.37162,0.00046,0.00000,-0.32390,-0.04588,-0.04588
27.3643,-1.2383771042126743,-1.307170645825529,1.8434712664463897,-2.068888660251087,-1.6271644821638966,3.145787402941322,0.14066,0.04566,-0.04565,-0.18584,-0.00046,-0.00046
27.3981,-1.2368116738737,-1.3071554578970879,1.8419374390717695,-2.0750250419708474,-1.6271646340279946,3.1457872510772242,0.04630,0.00045,-0.04537,-0.18151,-0.00000,-0.00000
27.4312,-1.2367960195703103,-1.3010807420977764,1.8388848188380094,-2.078123687748059,-1.6271646355466356,3.145787249558583,0.00047,0.18321,-0.09207,-0.09345,-0.00000,-0.00000
27.4643,-1.2367958630272764,-1.2919081490597426,1.8342983696956519,-2.0796733151858375,-1.6286832765418287,3.145787249543397,0.00000,0.27709,-0.13855,-0.04681,-0.04588,-0.00000
27.4977,-1.238314502441852,-1.2781486543093017,1.8251406593241877,-2.0812074524402226,-1.627179821971774,3.1442686085632388,-0.04549,0.41216,-0.27432,-0.04595,0.04504,-0.04549
27.5311,-1.2368110478559917,-1.2719364954417693,1.817455877320439,-2.081222793812766,-1.62868342840608,3.144253422153437,0.04496,0.18579,-0.22983,-0.00046,-0.04497,-0.00045
27.5647,-1.2367960133101332,-1.270355732873088,1.8128231065603813,-2.081222947226492,-1.628698464470423,3.144253270289339,0.00045,0.04710,-0.13802,-0.00000,-0.00045,-0.00000
27.5977,-1.2367958629646745,-1.270339925247401,1.8097394968927667,-2.081222948760629,-1.6286986148310665,3.144253268770698,0.00000,0.00048,-0.09334,-0.00000,-0.00000,-0.00000
27.6312,-1.23679586146122,-1.2703397671711443,1.8081900198160838,-2.0812229487759706,-1.6286986163346728,3.1442532687555116,0.00000,0.00000,-0.04636,-0.00000,-0.00000,-0.00000
27.6645,-1.2367958614461854,-1.2703397655903816,1.8081745250453172,-2.081222948776124,-1.628698616349709,3.1442532687553597,0.00000,0.00000,-0.00047,-0.00000,-0.00000,-0.00000
27.6979,-1.236795861446035,-1.270339765574574,1.8081743700976094,-2.081222948776125,-1.6286986163498594,3.1427346277753507,0.00000,0.00000,-0.00000,-0.00000,-0.00000,-0.04543
27.7312,-1.2367958614460335,-1.270339765574416,1.8081743685481324,-2.081222948776125,-1.6271799753698544,3.1427194413655504,0.00000,0.00000,-0.00000,0.00000,0.04556,-0.00046
27.7645,-1.2383145024260396,-1.2688211245944077,1.8066557275526307,-2.081222948776125,-1.6271647889600542,3.1427192895014526,-0.04560,0.04560,-0.04560,0.00000,0.00046,-0.00000
27.7978,-1.2383296888358397,-1.2688059381846075,1.8066405411426756,-2.081222948776125,-1.6271646370959563,3.1427192879828114,-0.00046,0.00046,-0.00046,0.00000,0.00000,-0.00000
27.8311,-1.2383298406999377,-1.2688057863205096,1.8051217482985693,-2.081222948776125,-1.6286832765573218,3.142719287967625,-0.00000,0.00000,-0.04559,0.00000,-0.04558,-0.00000
27.8644,-1.2398484831985863,-1.2672871438218616,1.8035879193901216,-2.081222948776125,-1.627179821971929,3.139682006007461,-0.04559,0.04559,-0.04605,0.00000,0.04514,-0.09118
27.8979,-1.242900951583585,-1.2596787524968411,1.7990166581610167,-2.081222948776125,-1.627164787426075,3.1381329922078516,-0.09131,0.22760,-0.13675,0.00000,0.00045,-0.04634
27.9318,-1.244450117247443,-1.253528104663564,1.7974523045687187,-2.081222948776125,-1.6271646370806165,3.1365988610898494,-0.04569,0.18141,-0.04614,0.00000,0.00000,-0.04525
27.9644,-1.2444656089040815,-1.2504293162252174,1.7974366610327956,-2.081222948776125,-1.6271646355771618,3.1365835197786693,-0.00047,0.09494,-0.00048,0.00000,0.00000,-0.00047
27.9977,-1.2444657638206478,-1.2503983283408338,1.7974365045974365,-2.081222948776125,-1.6271646355621274,3.1365833663655573,-0.00000,0.00093,-0.00000,0.00000,0.00000,-0.00000
28.0337,-1.2444657653698135,-1.25039801846199,1.7974365030330828,-2.081222948776125,-1.627164635561977,3.1365833648314263,-0.00000,0.00001,-0.00000,0.00000,0.00000,-0.00000
28.0644,-1.2459844063653112,-1.2488793743831947,1.7974365030174393,-2.081222948776125,-1.6271646355619755,3.1365833648160852,-0.04948,0.04948,-0.00000,0.00000,0.00000,-0.00000
28.0977,-1.2459995927752663,-1.248864187942407,1.79895514399729,-2.081222948776125,-1.6271646355619755,3.1365833648159316,-0.00046,0.00046,0.04553,0.00000,0.00000,-0.00000
28.1312,-1.2459997446393658,-1.248864036077999,1.7989703304070883,-2.081222948776125,-1.6271646355619755,3.1350647238359226,-0.00000,0.00000,0.00045,0.00000,0.00000,-0.04534
28.1647,-1.2459997461580068,-1.247345393579348,1.7989704822711863,-2.082741589756132,-1.6271646355619755,3.1350495374261222,-0.00000,0.04542,0.00000,-0.04542,0.00000,-0.00045
28.1980,-1.245999746173193,-1.2412556432343345,1.7974518428098203,-2.0827567761659322,-1.6271646355619755,3.1350493855620245,-0.00000,0.18285,-0.04560,-0.00046,0.00000,-0.00000
28.2313,-1.2475183871533528,-1.2366388227908645,1.7974366564152067,-2.0842755690100363,-1.6271646355619755,3.1350493840433833,-0.04555,0.13848,-0.00046,-0.04555,0.00000,-0.00000
28.2644,-1.2475335735631545,-1.2335553726264157,1.7959178635712543,-2.0842907569384774,-1.6271646355619755,3.1350493840281968,-0.00046,0.09312,-0.04587,-0.00046,0.00000,-0.00000
28.2980,-1.2475337254272525,-1.2320058971447643,1.7943840346628077,-2.084290908817762,-1.6271646355619755,3.1350493840280453,-0.00000,0.04615,-0.04568,-0.00000,0.00000,-0.00000
28.3312,-1.2475337269458935,-1.2319904023899477,1.7928500553937163,-2.084290910336555,-1.628683276541982,3.1350493840280436,-0.00000,0.00047,-0.04623,-0.00000,-0.04577,-0.00000
28.3647,-1.24753372696108,-1.2319902474423996,1.7928347156010254,-2.0842909103517426,-1.6271798219717755,3.1350493840280436,-0.00000,0.00000,-0.00046,-0.00000,0.04488,0.00000
28.3980,-1.2475337269612319,-1.2319902458929242,1.7928345622030986,-2.082772269371888,-1.6271647874260735,3.1350493840280436,-0.00000,0.00000,-0.00000,0.04552,0.00045,0.00000
28.4314,-1.2475337269612332,-1.2289529639174166,1.7913159196891126,-2.0827570829620896,-1.6271646370806165,3.1350493840280436,-0.00000,0.09108,-0.04554,0.00046,0.00000,0.00000
28.4656,-1.2505710089212452,-1.2243666681576404,1.7897820922839658,-2.081238290117985,-1.6256459945971549,3.1350493840280436,-0.08882,0.13412,-0.04486,0.04442,0.04441,0.00000
28.4978,-1.2521200227208533,-1.218246241280016,1.794322676949935,-2.0827417431695507,-1.6241121671923135,3.1350493840280436,-0.04811,0.19010,0.14103,-0.04670,0.04764,0.00000
28.5315,-1.2521355128588494,-1.2181850370112397,1.7943680827965947,-2.0827567777000664,-1.6240968289182651,3.1350493840280436,-0.00046,0.00182,0.00135,-0.00045,0.00046,0.00000
28.5646,-1.2536543087402354,-1.213628502028531,1.7989244597950815,-2.0827569280453715,-1.622578034555518,3.1335307430480372,-0.04589,0.13767,0.13766,-0.00000,0.04589,-0.04588
28.5976,-1.255188137679057,-1.2120642956986978,1.8035259465050868,-2.0842755705288307,-1.6225628466118907,3.1335155566382373,-0.04637,0.04729,0.13912,-0.04592,0.00046,-0.00046
28.6312,-1.2552034759684454,-1.2105300126553924,1.8035719613721868,-2.0842907569536653,-1.6210440537524473,3.1319967637941333,-0.00046,0.04576,0.00137,-0.00045,0.04530,-0.04530
28.6644,-1.2552036293513391,-1.2105146698249594,1.803572421520858,-2.084290908817914,-1.619510224843846,3.1304629348856845,-0.00000,0.00046,0.00001,-0.00000,0.04611,-0.04611
28.6978,-1.2552036308851682,-1.2089958754166483,1.805091067102351,-2.084290910336556,-1.61949488655476,3.128928955616594,-0.00000,0.04557,0.04556,-0.00000,0.00046,-0.04602
28.7310,-1.2552036309005064,-1.2089806874725653,1.8051062535581661,-2.0842909103517426,-1.621013374151876,3.127394974843895,-0.00000,0.00046,0.00046,-0.00000,-0.04570,-0.04617
28.7645,-1.2552036309006598,-1.2089805355931245,1.8051064054227242,-2.0842909103518945,-1.6195099180478403,3.1273796350361684,-0.00000,0.00000,0.00000,-0.00000,0.04491,-0.00046
28.7977,-1.2552036309006613,-1.20898053407433,1.8066250479213766,-2.0842909103518963,-1.6194948834868,3.127379481638091,-0.00000,0.00000,0.04565,-0.00000,0.00045,-0.00000
28.8310,-1.2567222718806674,-1.2104991750391487,1.80815887532637,-2.0842909103518963,-1.6194947331411895,3.125860839124104,-0.04569,-0.04569,0.04615,0.00000,0.00000,-0.04569
28.8644,-1.2582560992704754,-1.210514361448797,1.8096928545804265,-2.0842909103518963,-1.6194947316377333,3.1273642936789705,-0.04584,-0.00045,0.04584,0.00000,0.00000,0.04493
28.8982,-1.2613087195043855,-1.2105145133128934,1.8097081943729671,-2.0842909103518963,-1.6179760906426923,3.127379328224519,-0.09046,-0.00000,0.00045,0.00000,0.04500,0.00045
28.9311,-1.2613392457067245,-1.2105145148315344,1.8112269887508994,-2.0842909103518963,-1.6164422632527349,3.1258608375899684,-0.00093,-0.00000,0.04607,0.00000,0.04653,-0.04606
28.9645,-1.261339550968748,-1.210514514846721,1.8112421766946787,-2.0842909103518963,-1.6164269249788352,3.1258456526836227,-0.00001,-0.00000,0.00046,0.00000,0.00046,-0.00046
28.9977,-1.261339554021368,-1.2105145148468728,1.8127609695541236,-2.0842909103518963,-1.6164267715960963,3.125845500834559,-0.00000,-0.00000,0.04571,0.00000,0.00000,-0.00000
29.0311,-1.2628581950319022,-1.2105145148468743,1.8142947984627245,-2.0842909103518963,-1.616426770062269,3.1258454993160685,-0.04547,-0.00000,0.04593,0.00000,0.00000,-0.00000
29.0647,-1.2628733814420077,-1.2105145148468743,1.8173474187118244,-2.0858095513319035,-1.6164267700469306,3.124326858320876,-0.00045,0.00000,0.09095,-0.04525,0.00000,-0.04525
29.0979,-1.2628735333061085,-1.2105145148468743,1.8204152268743288,-2.0858247377417034,-1.6164267700467774,3.1243116719109243,-0.00000,0.00000,0.09256,-0.00046,0.00000,-0.00046
29.1310,-1.2643921758047558,-1.2105145148468743,1.8234831869159673,-2.0858248896058016,-1.6164267700467758,3.119755597106805,-0.04588,0.00000,0.09268,-0.00000,0.00000,-0.13764
29.1648,-1.2659260032097501,-1.2105145148468743,1.8250325074963907,-2.084306250144435,-1.6164267700467758,3.1197100363587635,-0.04537,0.00000,0.04583,0.04492,0.00000,-0.00135
29.1979,-1.2659413414838,-1.2120331558268813,1.8265666416822013,-2.0858097047298285,-1.6179454110267828,3.118190939771277,-0.00046,-0.04586,0.04633,-0.04540,-0.04586,-0.04587
29.2309,-1.2674601358465467,-1.2120483422366812,1.8265819830240593,-2.0843060982956754,-1.6179605974365827,3.118175748805402,-0.04594,-0.00046,0.00046,0.04548,-0.00046,-0.00046
29.2645,-1.2689939647701802,-1.2135671350807855,1.8250634954574716,-2.0842910622313338,-1.6179607493006807,3.1181755968957434,-0.04568,-0.04523,-0.04523,0.00045,-0.00000,-0.00000
29.2978,-1.2705279440394242,-1.2151009639892334,1.8220110286217919,-2.0842909118706903,-1.6179607508193217,3.1181755953766466,-0.04605,-0.04605,-0.09164,0.00000,-0.00000,-0.00000
29.3326,-1.2735805657921306,-1.2166349432583248,1.8174245810134149,-2.082772269387078,-1.6194793918145147,3.119694236341462,-0.08782,-0.04413,-0.13194,0.04369,-0.04369,0.04369
29.3645,-1.2781670149496778,-1.2212062059910356,1.8158600755573244,-2.0797198010022275,-1.6210132192044737,3.1197094227511104,-0.14350,-0.14302,-0.04895,0.09551,-0.04799,0.00048
29.3978,-1.2888433663013006,-1.2288451235183977,1.809769866582736,-2.072096071418345,-1.6255844804183934,3.1212282155952145,-0.32135,-0.22993,-0.18331,0.22947,-0.13759,0.04571
29.4318,-1.295024693734843,-1.236514717593705,1.8021157595929564,-2.064426629222473,-1.6256301930305326,3.121243403523655,-0.18180,-0.22557,-0.22512,0.22557,-0.00134,0.00045
29.4654,-1.2981237889691923,-1.2487405413745118,1.7959646546030317,-2.055238088920473,-1.625630650156654,3.12124355540294,-0.09225,-0.36393,-0.18310,0.27352,-0.00001,0.00000
29.4976,-1.3011920618815496,-1.2625305684323815,1.789828579633105,-2.044515716657406,-1.6271492957079223,3.1212435569217325,-0.09512,-0.42752,-0.19023,0.33242,-0.04708,0.00000
29.5313,-1.3027413855906793,-1.277854878503028,1.7867299369233922,-2.0337780060747273,-1.627164482163435,3.1212435569369203,-0.04593,-0.45426,-0.09185,0.31830,-0.00045,0.00000
29.5652,-1.3057941607877845,-1.290157249443788,1.7836616685362818,-2.0215215011288463,-1.6271646340279902,3.1212435569370722,-0.09006,-0.36292,-0.09051,0.36157,-0.00000,0.00000
29.5979,-1.3118992524597832,-1.3039480419732574,1.7821123448724037,-2.0077311672593265,-1.6271646355466356,3.121243556937074,-0.18674,-0.42182,-0.04739,0.42180,-0.00000,0.00000
29.6311,-1.3210721492565431,-1.316235077738606,1.780578210655758,-1.995444136080577,-1.6271646355618221,3.121243556937074,-0.27657,-0.37046,-0.04626,0.37046,-0.00000,0.00000
29.6676,-1.3287570831245448,-1.3285070759363142,1.7805628693135915,-1.9846907789087422,-1.627164635561974,3.121243556937074,-0.21085,-0.33670,-0.00042,0.29504,-0.00000,0.00000
29.6979,-1.3364271373632586,-1.342297564738352,1.7805627159001698,-1.9754713994569832,-1.6271646355619755,3.121243556937074,-0.25246,-0.45392,-0.00001,0.30346,-0.00000,0.00000
29.7312,-1.3440970428056795,-1.35306595648642,1.7820813553460426,-1.9632300778224114,-1.6271646355619755,3.121243556937074,-0.23086,-0.32412,0.04571,0.36845,0.00000,0.00000
29.7645,-1.3502483057801313,-1.3668414092239616,1.7820965417405015,-1.9555144597060319,-1.6271646355619755,3.121243556937074,-0.18439,-0.41293,0.00046,0.23128,0.00000,0.00000
29.7978,-1.3579030233099099,-1.3776096506113846,1.783615334584453,-1.947844098624834,-1.6271646355619755,3.121243556937074,-0.22975,-0.32321,0.04559,0.23022,0.00000,0.00000
29.8311,-1.3670914163652494,-1.3883478198853065,1.7836305225128926,-1.9401741901139877,-1.6271646355619755,3.121243556937074,-0.27581,-0.32233,0.00046,0.23023,0.00000,0.00000
29.8644,-1.3762951461758426,-1.3990856884380927,1.7851493153721834,-1.9325042861288455,-1.6271646355619755,3.121243556937074,-0.27651,-0.32260,0.04563,0.23043,0.00000,0.00000
29.8980,-1.3930922342540242,-1.414379476923689,1.7897204262407966,-1.9233157412089534,-1.6271646355619755,3.1197249159570664,-0.50110,-0.45626,0.13637,0.27412,0.00000,-0.04531
29.9313,-1.4084466149348738,-1.4282001836286058,1.7928034193094962,-1.9171492918397275,-1.6271646355619755,3.1197097295472664,-0.46114,-0.41508,0.09259,0.18520,0.00000,-0.00046
29.9644,-1.4207492865817357,-1.4359315955956888,1.7989088131602105,-1.9140503453860218,-1.6271646355619755,3.1197095776831683,-0.37155,-0.23349,0.18439,0.09359,0.00000,-0.00000
30.0000,-1.4345400821182652,-1.4436021146153935,1.8065630719987513,-1.9125007149414779,-1.6271646355619755,3.1181909351845207,-0.38686,-0.21518,0.21472,0.04347,0.00000,-0.04260
30.0311,-1.4513830408537052,-1.4497533837256176,1.8127141785071643,-1.9124852186370325,-1.6271646355619755,3.1166571077795266,-0.54128,-0.19768,0.19768,0.00050,0.00000,-0.04929
30.0645,-1.471293803181148,-1.4558894603367474,1.8188502534922752,-1.9124850636739879,-1.6271646355619755,3.112085846565457,-0.59617,-0.18373,0.18373,0.00000,0.00000,-0.13687
30.0979,-1.4881979615844971,-1.4620253850228855,1.8265048191421602,-1.9124850621243574,-1.6271646355619755,3.0998910061132623,-0.50662,-0.18389,0.22941,0.00000,0.00000,-0.36548
30.1310,-1.5050720539486053,-1.468161308189774,1.8326559287186865,-1.9124850621088612,-1.6271646355619755,3.0845826479086726,-0.50935,-0.18521,0.18567,0.00000,0.00000,-0.46208
30.1652,-1.523464486632328,-1.4742972313414697,1.837273362754472,-1.9140037030887131,-1.6271646355619755,3.067724513546551,-0.53816,-0.17954,0.13511,-0.04444,0.00000,-0.49327
30.1978,-1.5418721027192457,-1.4804331544930143,1.8403568190548434,-1.9155375304785183,-1.6271646355619755,3.0508508814228565,-0.56516,-0.18839,0.09467,-0.04709,0.00000,-0.51806
30.2312,-1.5633171526002105,-1.4880877186245638,1.8449435765578677,-1.9170715097324231,-1.6271646355619755,3.033977094321544,-0.64141,-0.22895,0.13719,-0.04588,0.00000,-0.50469
30.2645,-1.5863112177991217,-1.494238828185906,1.848026726092911,-1.9201241314849755,-1.6271646355619755,3.020140587630471,-0.69129,-0.18493,0.09269,-0.09177,0.00000,-0.41598
30.2978,-1.6078021321712064,-1.4988562622215404,1.8510948395482756,-1.921673298682508,-1.6271646355619755,3.0093717357035126,-0.64502,-0.13859,0.09208,-0.04650,0.00000,-0.32321
30.3310,-1.6277593740550147,-1.5019397185219097,1.8556814436228493,-1.924726072314497,-1.6271646355619755,3.0001522013042012,-0.60161,-0.09295,0.13826,-0.09203,0.00000,-0.27792
30.3644,-1.6446639972539274,-1.5050078350449272,1.8587645916236086,-1.924756600050817,-1.6271646355619755,2.9894295191001605,-0.50475,-0.09161,0.09206,-0.00091,0.00000,-0.32016
30.3977,-1.6585008123059783,-1.5050385162101574,1.8618327050636299,-1.926275546308187,-1.6271646355619755,2.978691805418074,-0.41563,-0.00092,0.09216,-0.04563,0.00000,-0.32254
30.4310,-1.6738255902565664,-1.5050388230218097,1.863382027178037,-1.9262907357707608,-1.6271646355619755,2.9679539414212055,-0.46066,-0.00001,0.04657,-0.00046,0.00000,-0.32277
30.4645,-1.6861279658761261,-1.5050388260899263,1.863397520399181,-1.9278095286453927,-1.6271646355619755,2.957216075921189,-0.36777,-0.00000,0.00046,-0.04540,0.00000,-0.32100
30.4978,-1.7029560404123962,-1.5050388261206074,1.8633976753313926,-1.9278247165741391,-1.6271646355619755,2.9464782104061413,-0.50519,-0.00000,0.00000,-0.00046,0.00000,-0.32236
30.5313,-1.7183107309578276,-1.5050388261209142,1.8603603949207006,-1.9278248684534265,-1.6271646355619755,2.9342217039109366,-0.45801,-0.00000,-0.09060,-0.00000,0.00000,-0.36559
30.5643,-1.7321320466833425,-1.5035201851409103,1.8588113811365872,-1.9278248699722194,-1.6271646355619755,2.9249872929659433,-0.41828,0.04596,-0.04688,-0.00000,0.00000,-0.27946
30.5980,-1.7489753106206725,-1.5035049987311102,1.8542399680587258,-1.9293435109674144,-1.6271646355619755,2.9173017439564592,-0.50096,0.00045,-0.13596,-0.04517,0.00000,-0.22859
30.6311,-1.7643301530601134,-1.5035048468670122,1.8511569719679337,-1.9293586973773662,-1.6271646355619755,2.9096316835663307,-0.46296,0.00000,-0.09295,-0.00046,0.00000,-0.23126
30.6648,-1.7781514703045687,-1.5035048453483713,1.8450515780869985,-1.9293588492414657,-1.6271646355619755,2.9034804190424035,-0.41074,0.00000,-0.18144,-0.00000,0.00000,-0.18280
30.6979,-1.7949947342570878,-1.501986204353178,1.8358786782681484,-1.9278402097800997,-1.6271646355619755,2.8958257014971305,-0.50804,0.04581,-0.27668,0.04581,0.00000,-0.23089
30.7312,-1.8042750127766536,-1.500452376963219,1.8297123853499329,-1.929343664365493,-1.6271646355619755,2.8927118723616636,-0.27866,0.04606,-0.18516,-0.04514,0.00000,-0.09350
30.7645,-1.81347966144189,-1.4973997567293065,1.8235761585007233,-1.9293586989113471,-1.6256459945819686,2.889643452110295,-0.27665,0.09175,-0.18443,-0.00045,0.04564,-0.09222
30.7978,-1.8211649128285763,-1.4958505895469605,1.8174402323122043,-1.9293588492568057,-1.6256308081721684,2.8865754859477675,-0.23093,0.04655,-0.18437,-0.00000,0.00046,-0.09219
30.8310,-1.8318722522024908,-1.49431645689513,1.8143415910903054,-1.9293588507602601,-1.6256306563080705,2.883507524326128,-0.32219,0.04616,-0.09324,-0.00000,0.00000,-0.09232
30.8646,-1.8426098124562778,-1.4943011155686117,1.8112733227180728,-1.9293588507752948,-1.6256306547894295,2.880439562749898,-0.32010,0.00046,-0.09147,-0.00000,0.00000,-0.09146
30.8978,-1.8533476749188633,-1.4943009621553465,1.808205358074337,-1.9293588507754451,-1.625630654774243,2.8804088831341357,-0.32266,0.00000,-0.09219,-0.00000,0.00000,-0.00092
30.9311,-1.8625668994235292,-1.492782319641207,1.8051373964678858,-1.9293588507754467,-1.625630654774091,2.8804085763379783,-0.27709,0.04564,-0.09221,-0.00000,0.00000,-0.00001
30.9646,-1.8702522965686106,-1.4927671332160655,1.8035880758718148,-1.9293588507754467,-1.6271492957540967,2.8773712913100047,-0.22977,0.00045,-0.04632,0.00000,-0.04540,-0.09081
30.9977,-1.8779223554400952,-1.4897296993918012,1.8020539416858472,-1.9308774917554536,-1.6256458411838897,2.871266354539697,-0.23146,0.09166,-0.04630,-0.04583,0.04537,-0.18423
31.0311,-1.8855922609288438,-1.4836247611335307,1.799001318383974,-1.9308926781652536,-1.6256308066381877,2.86361210027196,-0.23001,0.18308,-0.09154,-0.00046,0.00045,-0.22954
31.0646,-1.893262164883765,-1.4744518658709072,1.7974521511709483,-1.9308928300293517,-1.6256306562927305,2.8574609938092546,-0.22855,0.27333,-0.04616,-0.00000,0.00000,-0.18329
31.0977,-1.9039693507833622,-1.4667669320182473,1.7959180185188117,-1.9308928315479927,-1.625630654789276,2.8528435598046076,-0.32339,0.23211,-0.04634,-0.00000,0.00000,-0.13946
31.1320,-1.911669627542392,-1.4636528007197076,1.7959026771922904,-1.9324114725431856,-1.6256306547742414,2.8512787444845555,-0.22472,0.09088,-0.00045,-0.04432,0.00000,-0.04567
31.1645,-1.9178211942300092,-1.4621030184267152,1.7974211647590315,-1.9354639409131515,-1.6241120137940843,2.8512630963313548,-0.18891,0.04759,0.04663,-0.09374,0.04664,-0.00048
31.1977,-1.9224386328369052,-1.462087520603785,1.7989549906147058,-1.941569029516878,-1.6240968273842828,2.851262939849823,-0.13921,0.00047,0.04624,-0.18406,0.00046,-0.00000
31.2315,-1.925522089182988,-1.462087365625556,1.7989703288732626,-1.9477046443229424,-1.6240966755201849,2.8512629382850077,-0.09114,0.00000,0.00045,-0.18136,0.00000,-0.00000
31.2643,-1.925552923746449,-1.4620873640757737,1.8020077642158616,-1.9538405643910302,-1.624096674001544,2.852781579249365,-0.00094,0.00000,0.09269,-0.18724,0.00000,0.04634
31.2978,-1.9270718730720906,-1.4620873640602758,1.8035567795492946,-1.9569392055517243,-1.6240966739863574,2.8527967656590087,-0.04537,0.00000,0.04627,-0.09255,0.00000,0.00045
31.3312,-1.9286057035453539,-1.4620873640601209,1.8035722697026288,-1.9600074739233453,-1.6240966739862055,2.852796917523105,-0.04598,0.00000,0.00046,-0.09198,0.00000,0.00000
31.3644,-1.9331769647901065,-1.4605687230801123,1.8066097065641755,-1.9600381566070615,-1.624096673986204,2.8512782780617405,-0.13749,0.04568,0.09136,-0.00092,0.00000,-0.04568
31.3977,-1.9423345232825948,-1.4605535366703122,1.8096773628928045,-1.961557104413905,-1.624096673986204,2.8527817326471325,-0.27496,0.00046,0.09211,-0.04561,0.00000,0.04514
31.4311,-1.9530565857275675,-1.4605533848062142,1.812745321416105,-1.9615722938919735,-1.624096673986204,2.8512781262129807,-0.32142,0.00000,0.09197,-0.00046,0.00000,-0.04507
31.4644,-1.9592383702720442,-1.4605533832875732,1.8173319239413581,-1.9615724457867543,-1.6225780330061974,2.851263090148639,-0.18518,0.00000,0.13740,-0.00000,0.04549,-0.00045
31.4978,-1.9653747520375158,-1.4605533832723867,1.8249709948666446,-1.963091088285709,-1.6225628465963975,2.8512629397879956,-0.18375,0.00000,0.22875,-0.04548,0.00045,-0.00000
31.5317,-1.9654361158551703,-1.4605533832722348,1.8280846675359108,-1.967662197650719,-1.6225626947322995,2.8512629382843895,-0.00181,0.00000,0.09202,-0.13509,0.00000,-0.00000
31.5644,-1.965436729493347,-1.4605533832722335,1.831153086222617,-1.973782472664396,-1.6225626932136585,2.851262938269353,-0.00002,0.00000,0.09389,-0.18728,0.00000,-0.00000
31.5978,-1.9654367356297286,-1.4605533832722335,1.8357396933495045,-1.978399598354553,-1.622562693198472,2.851262938269203,-0.00000,0.00000,0.13710,-0.13802,0.00000,-0.00000
31.6310,-1.9669553766710994,-1.4605533832722335,1.8418601233408007,-1.983001692551475,-1.6225626931983201,2.851262938269201,-0.04574,0.00000,0.18433,-0.13860,0.00000,-0.00000
31.6645,-1.9684892040615203,-1.4605533832722335,1.8479958915607404,-1.9876036364334646,-1.6225626931983186,2.852781579249207,-0.04583,0.00000,0.18333,-0.13750,0.00000,0.04538
31.6979,-1.9715418242954381,-1.4605533832722335,1.855650454142974,-1.992205578812305,-1.6225626931983186,2.8512781246790015,-0.09143,0.00000,0.22927,-0.13784,0.00000,-0.04503
31.7310,-1.9730909914777834,-1.4620720242522405,1.8618015636888234,-1.9968075211761138,-1.6225626931983186,2.8527817311133052,-0.04671,-0.04579,0.18545,-0.13875,0.00000,0.04533
31.7643,-1.9746251241296138,-1.4620872106620404,1.8679376387043092,-1.9983721815797588,-1.6225626931983186,2.852796767177648,-0.04609,-0.00046,0.18433,-0.04700,0.00000,0.00045
31.7978,-1.9746404654561323,-1.4620873625261384,1.8771108453345045,-2.0014251101438085,-1.6210440522183116,2.851278276558286,-0.00046,-0.00000,0.27437,-0.09131,0.04542,-0.04542
31.8310,-1.9746406188693972,-1.4620873640447793,1.8863144232808473,-2.004492921389463,-1.6210288658085117,2.852781732632098,-0.00000,-0.00000,0.27685,-0.09228,0.00046,0.04523
31.8648,-1.97464062040353,-1.4620873640599659,1.892481022980338,-2.0060422404819263,-1.6210287139444135,2.852796767192836,-0.00000,-0.00000,0.18232,-0.04581,0.00000,0.00044
31.8979,-1.9761592613988783,-1.4620873640601177,1.9016545348573737,-2.0060577336728507,-1.6195100714457655,2.8512782765584377,-0.04595,-0.00000,0.27755,-0.00047,0.04595,-0.04594
31.9312,-1.976174447808832,-1.4620873640601193,1.906302192916164,-2.00605788860476,-1.619494885020779,2.851263091652094,-0.00046,-0.00000,0.13950,-0.00000,0.00046,-0.00046
31.9645,-1.9776932406529384,-1.4620873640601193,1.9109045924367722,-2.006057890154079,-1.6194947331565293,2.8512629398030302,-0.04559,0.00000,0.13814,-0.00000,0.00000,-0.00000
31.9979,-1.9792270695613863,-1.4620873640601193,1.9170251803520055,-2.0090951721295855,-1.6194947316378867,2.8512629382845396,-0.04595,0.00000,0.18334,-0.09098,0.00000,-0.00000
32.0313,-1.9822796898104837,-1.4620873640601193,1.9201236681911715,-2.013681467889361,-1.6194947316227004,2.851262938269355,-0.09141,0.00000,0.09279,-0.13734,0.00000,-0.00000
32.0646,-1.9838288569929816,-1.4620873640601193,1.9231919350295765,-2.0182832537869793,-1.6194947316225485,2.851262938269203,-0.04649,0.00000,0.09209,-0.13811,0.00000,-0.00000
32.0978,-1.9838443486648065,-1.4620873640601193,1.9247412586779677,-2.022885194585976,-1.619494731622547,2.851262938269201,-0.00047,0.00000,0.04672,-0.13878,0.00000,-0.00000
32.1312,-1.9838445035815249,-1.4620873640601193,1.9262753928944585,-2.0259684959539794,-1.619494731622547,2.851262938269201,-0.00000,0.00000,0.04590,-0.09225,0.00000,0.00000
32.1645,-1.983844505130692,-1.4620873640601193,1.9278093752166297,-2.0259993289676594,-1.621013372602554,2.851262938269201,-0.00000,0.00000,0.04608,-0.00093,-0.04562,0.00000
32.1978,-1.9838445051461837,-1.4620873640601193,1.9278247150398515,-2.025999637297796,-1.621028559012354,2.851262938269201,-0.00000,0.00000,0.00046,-0.00001,-0.00046,0.00000
32.2311,-1.9838445051463387,-1.4620873640601193,1.9278248684380836,-2.0259996403810976,-1.621028710876452,2.851262938269201,-0.00000,0.00000,0.00000,-0.00000,-0.00000,0.00000
32.2647,-1.9838445051463403,-1.4620873640601193,1.927824869972066,-2.0275182813919375,-1.621028712395093,2.851262938269201,-0.00000,0.00000,0.00000,-0.04509,-0.00000,0.00000
32.2979,-1.9838445051463403,-1.4620873640601193,1.9263062290073996,-2.026014826822039,-1.6225473533902863,2.851262938269201,0.00000,0.00000,-0.04583,0.04537,-0.04583,0.00000
32.3310,-1.9838445051463403,-1.4605687230801123,1.923253760637739,-2.0259997922763398,-1.6240811807802449,2.851262938269201,0.00000,0.04581,-0.09207,0.00045,-0.04626,0.00000
32.3646,-1.9853631461263472,-1.4605535366703122,1.9217045949740357,-2.0259996419308828,-1.6240965190541445,2.851262938269201,-0.04524,0.00045,-0.04615,0.00000,-0.00046,0.00000
32.3978,-1.9853783325361472,-1.4605533848062142,1.9201704623373916,-2.025999640427428,-1.6240966724368835,2.852781579249207,-0.00046,0.00000,-0.04619,0.00000,-0.00000,0.04572
32.4311,-1.9853784844002453,-1.4605533832875732,1.9201551210110253,-2.025999640412394,-1.6240966739707108,2.8527967656590074,-0.00000,0.00000,-0.00046,0.00000,-0.00000,0.00046
32.4646,-1.9853784859188863,-1.4605533832723867,1.9216736085777686,-2.0259996404122433,-1.6240966739860492,2.852796917523105,-0.00000,0.00000,0.04537,0.00000,-0.00000,0.00000
32.4977,-1.9853784859340726,-1.4605533832722348,1.9232074344334427,-2.027518281392249,-1.6240966739862024,2.8527969190417464,-0.00000,0.00000,0.04628,-0.04582,-0.00000,0.00000
32.5313,-1.9853784859342245,-1.4605533832722335,1.9262600546520132,-2.027533467802049,-1.624096673986204,2.852796919056933,-0.00000,0.00000,0.09095,-0.00045,-0.00000,0.00000
32.5645,-1.985378485934226,-1.4605533832722335,1.9293278628142123,-2.0275336196661473,-1.624096673986204,2.8527969190570848,-0.00000,0.00000,0.09224,-0.00000,0.00000,0.00000
32.5979,-1.985378485934226,-1.4590347422922267,1.9323958228558478,-2.0305709031448016,-1.624096673986204,2.852796919057086,0.00000,0.04555,0.09202,-0.09110,0.00000,0.00000
32.6320,-1.985378485934226,-1.4605381968624334,1.935463784416278,-2.0336385579396015,-1.624096673986204,2.852796919057086,0.00000,-0.04401,0.08982,-0.08981,0.00000,0.00000
32.6644,-1.985378485934226,-1.4605532314081353,1.9385317459918956,-2.036706516447563,-1.624096673986204,2.852796919057086,0.00000,-0.00046,0.09474,-0.09474,0.00000,0.00000
32.6979,-1.983859844954219,-1.4605533817535925,1.9415997075676654,-2.0397744779926565,-1.624096673986204,2.852796919057086,0.04540,-0.00000,0.09173,-0.09173,0.00000,0.00000
32.7312,-1.983844658544419,-1.462072024237054,1.941630387183423,-2.041323798588114,-1.624096673986204,2.852796919057086,0.00046,-0.04552,0.00092,-0.04644,0.00000,0.00000
32.7646,-1.983844506680321,-1.4620872106618885,1.9416306939795807,-2.039820650814062,-1.6225780330061974,2.852796919057086,0.00000,-0.00046,0.00001,0.04511,0.04557,0.00000
32.7978,-1.982325864181673,-1.462087362526137,1.9416306970475423,-2.039805619336321,-1.6225628465963975,2.852796919057086,0.04574,-0.00000,0.00000,0.00045,0.00046,0.00000
32.8309,-1.9823106777566866,-1.4620873640447793,1.9431493380582288,-2.039805469021544,-1.6210440537522925,2.852796919057086,0.00046,-0.00000,0.04579,0.00000,0.04579,0.00000
32.8643,-1.9823105258924367,-1.4620873640599659,1.9462018064283493,-2.0398054675183963,-1.6210288658238514,2.852796919057086,0.00000,-0.00000,0.09149,0.00000,0.00046,0.00000
32.8977,-1.9823105243737942,-1.4620873640601177,1.9507882540520707,-2.0398054675033648,-1.622547354924574,2.852796919057086,0.00000,-0.00000,0.13712,0.00000,-0.04540,0.00000
32.9312,-1.9823105243586077,-1.4620873640601193,1.952352759508315,-2.0398054675032142,-1.6210438988355742,2.852796919057086,0.00000,-0.00000,0.04673,0.00000,0.04491,0.00000
32.9644,-1.9823105243584558,-1.4620873640601193,1.9538870455428838,-2.039805467503213,-1.6210288642746842,2.8512782780770802,0.00000,0.00000,0.04630,0.00000,0.00045,-0.04583
32.9979,-1.9838291653384614,-1.4620873640601193,1.9539023884032296,-2.0413241084832197,-1.6225473549090823,2.8512630916672803,-0.04529,0.00000,0.00046,-0.04529,-0.04529,-0.00045
33.0312,-1.9853629927282683,-1.4620873640601193,1.953902541831833,-2.0413392948930196,-1.6225625398154262,2.851262939803182,-0.04604,0.00000,0.00000,-0.00046,-0.00046,-0.00000
33.0645,-1.9884156129621804,-1.4620873640601193,1.953902543366119,-2.0413394467571178,-1.6225626916644897,2.8512629382845414,-0.09174,0.00000,0.00000,-0.00000,-0.00000,-0.00000
33.0978,-1.9899647801445257,-1.4620873640601193,1.9539025433814619,-2.0413394482757585,-1.6225626931829804,2.851262938269355,-0.04642,0.00000,0.00000,-0.00000,-0.00000,-0.00000
33.1310,-1.991498912796356,-1.4605687230801123,1.9523839024016088,-2.042858089270952,-1.6225626931981652,2.851262938269203,-0.04632,0.04585,-0.04585,-0.04585,-0.00000,-0.00000
33.1645,-1.9915142541228743,-1.4605535366703122,1.9523687159918102,-2.0428732756809036,-1.6240813341783236,2.851262938269201,-0.00046,0.00045,-0.00045,-0.00045,-0.04533,-0.00000
33.1977,-1.9915144075361395,-1.4605533848062142,1.9523685641277122,-2.0459107095050166,-1.6240965205881253,2.851262938269201,-0.00000,0.00000,-0.00000,-0.09131,-0.00046,0.00000
33.2312,-1.9930330500502789,-1.4590347423075665,1.9523685626090712,-2.048978365803272,-1.6240966724522232,2.851262938269201,-0.04543,0.04543,-0.00000,-0.09177,-0.00000,0.00000
33.2653,-1.9960855184354342,-1.457500914902573,1.9538872035738915,-2.0535649653062746,-1.6240966739708642,2.851262938269201,-0.08945,0.04495,0.04450,-0.13441,-0.00000,0.00000
33.2980,-2.000671966059306,-1.457485576628523,1.9539023899835397,-2.0596853952213316,-1.6240966739860507,2.851262938269201,-0.14040,0.00047,0.00046,-0.18736,-0.00000,0.00000
33.3312,-2.003755112495558,-1.4529295003057625,1.9539025418476361,-2.0658211634405093,-1.6256153149662091,2.851262938269201,-0.09286,0.13722,0.00000,-0.18480,-0.04574,0.00000
33.3649,-2.008341866899941,-1.4376975297424672,1.9523839023862706,-2.0689198030827147,-1.6256305013760108,2.851262938269201,-0.13590,0.45130,-0.04499,-0.09181,-0.00045,0.00000
33.3978,-2.009906375423992,-1.4238774412167727,1.949331434031643,-2.070469430459144,-1.624112012260102,2.851262938269201,-0.04760,0.42050,-0.09288,-0.04715,0.04620,0.00000
33.4313,-2.0114406614892393,-1.4161460354314819,1.9493009093480966,-2.070484926732908,-1.624096827368943,2.851262938269201,-0.04572,0.23037,-0.00091,-0.00046,0.00045,0.00000
33.4643,-2.011456004349892,-1.4145500803936228,1.9477819631212547,-2.0720037226756522,-1.6240966755200315,2.849744297289193,-0.00046,0.04836,-0.04603,-0.04602,0.00000,-0.04602
33.4977,-2.011456157778498,-1.4145341208432443,1.9477667736589863,-2.0720189106350797,-1.6240966740015423,2.8512477518594013,-0.00000,0.00048,-0.00046,-0.00046,0.00000,0.04507
33.5311,-2.011456159312784,-1.4130153202677336,1.9477666217643637,-2.072019062514674,-1.6240966739863574,2.8512627864051034,-0.00000,0.04545,-0.00000,-0.00000,0.00000,0.00045
33.5644,-2.011456159328127,-1.4130001322619785,1.9477666202454174,-2.0720190640334697,-1.6240966739862055,2.8512629367505604,-0.00000,0.00046,-0.00000,-0.00000,0.00000,0.00000
33.5977,-2.0114561593282807,-1.4129999803819209,1.9492852612102345,-2.072019064048658,-1.624096673986204,2.852781579234021,-0.00000,0.00000,0.04562,-0.00000,0.00000,0.04562
33.6310,-2.011456159328282,-1.4145186198431272,1.9523377295798965,-2.07201906404881,-1.6256153149662107,2.8543154066388614,-0.00000,-0.04556,0.09158,-0.00000,-0.04556,0.04602
33.6668,-2.0099375183482753,-1.4145338062377393,1.9523682542635932,-2.072019064048811,-1.6256305013760108,2.8558493858929177,0.04246,-0.00042,0.00085,-0.00000,-0.00042,0.04289
33.6976,-2.009922331938475,-1.4145339581016856,1.95236855951043,-2.072019064048811,-1.6256306532401088,2.8558647256854583,0.00049,-0.00000,0.00001,0.00000,-0.00000,0.00050
33.7313,-2.009922180074377,-1.414533959620325,1.9523685625628986,-2.070500423068805,-1.6271492957387568,2.855864879083384,0.00000,-0.00000,0.00000,0.04513,-0.04513,0.00000
33.7646,-2.009922178555736,-1.4145339596355113,1.949331280633409,-2.070485236659005,-1.6256458411837362,2.855864880617363,0.00000,-0.00000,-0.09099,0.00045,0.04504,0.00000
33.7978,-2.00992217854055,-1.4145339596356632,1.944744984874094,-2.0689664438148996,-1.6271494476181931,2.8558648806327027,0.00000,-0.00000,-0.13822,0.04577,-0.04532,0.00000
33.8311,-2.009922178540398,-1.4236458055157046,1.9401431989764804,-2.065913973926445,-1.6271644836825376,2.8558648806328564,0.00000,-0.27411,-0.13843,0.09183,-0.00045,0.00000
33.8647,-2.0099221785403962,-1.425255564954512,1.9340226171974775,-2.0598088853075334,-1.6271646340431811,2.8558648806328577,0.00000,-0.04788,-0.18204,0.18158,-0.00000,0.00000
33.8980,-2.0084035375603895,-1.428308944508914,1.92788684745966,-2.0551919114813235,-1.6271646355467875,2.8573835216128636,0.04556,-0.09161,-0.18409,0.13852,-0.00000,0.04556
33.9310,-2.008388351150589,-1.432895401244478,1.921750925842255,-2.052108459783048,-1.6271646355618237,2.8573987080226635,0.00046,-0.13894,-0.18589,0.09341,-0.00000,0.00046
33.9653,-2.0083881992864914,-1.4405344707118672,1.9186522846660674,-2.0505589842860585,-1.6286832765419805,2.8573988598867617,0.00000,-0.22314,-0.09051,0.04526,-0.04436,0.00000
33.9978,-2.00838819776785,-1.4542786302266029,1.9125467343342784,-2.0444689256110617,-1.628698462951782,2.857398861405403,0.00000,-0.42293,-0.18788,0.18740,-0.00047,0.00000
34.0311,-2.006869556772657,-1.468083840641811,1.9079297558909398,-2.0398521020842915,-1.6286986148158802,2.857398861420589,0.04556,-0.41414,-0.13850,0.13850,-0.00000,0.00000
34.0646,-2.006854370362705,-1.4818896615660246,1.9063649451264997,-2.03221272894899,-1.6332545392745415,2.857398861420741,0.00045,-0.41217,-0.04672,0.22807,-0.13601,0.00000
34.0978,-2.0083728594786123,-1.4956954885953275,1.9063492970188554,-2.0245431303176025,-1.6363373804791415,2.8589175024007507,-0.04576,-0.41601,-0.00047,0.23111,-0.09290,0.04576
34.1309,-2.0083880443697715,-1.5049453927456615,1.9063491405377788,-2.0199105113912688,-1.642442772811215,2.8604513297905565,-0.00046,-0.27923,-0.00000,0.13985,-0.18431,0.04630
34.1647,-2.008388196218683,-1.5126310966871985,1.9078677799529749,-2.018345544221998,-1.647059749674556,2.8604666680644546,-0.00000,-0.22713,0.04488,0.04625,-0.13644,0.00045
34.1979,-2.008388197737172,-1.5218197996066547,1.9109202483071404,-2.0107366896502716,-1.6607736882632507,2.8619854624272016,-0.00000,-0.27752,0.09219,0.22980,-0.41419,0.04587
34.2327,-2.009906838732364,-1.5249489685958624,1.9155066959307026,-2.0076233191445407,-1.6685040325491713,2.863519291350835,-0.04361,-0.08985,0.13170,0.08940,-0.22198,0.04404
34.2644,-2.0099220251423158,-1.5310548242057822,1.9216271243269654,-2.00455490347947,-1.673137258932051,2.863534629640071,-0.00048,-0.19256,0.19302,0.09677,-0.14612,0.00048
34.2976,-2.0084035360264085,-1.5387090876619154,1.9292815335109619,-2.0045242193228194,-1.6807767960959137,2.8650534240029697,0.04568,-0.23028,0.23029,0.00092,-0.22984,0.04569
34.3313,-2.0083883511352494,-1.5463788351965104,1.9369512825028357,-2.00604255346126,-1.6838904734275657,2.8665872529266068,0.00045,-0.22777,0.22777,-0.04509,-0.09247,0.04555
34.3644,-2.0083881992863377,-1.557086019531904,1.9446211848927883,-2.0075763777826503,-1.6854402511808892,2.8681212321958487,0.00000,-0.32342,0.23167,-0.04633,-0.04681,0.04633
34.3978,-2.0068695567878416,-1.5708608601953187,1.952291088816722,-2.0091103570058713,-1.6884930309184358,2.868136571988541,0.04545,-0.41230,0.22957,-0.04591,-0.09137,0.00046
34.4312,-2.0053357293828507,-1.5861850184020205,1.9614796337360016,-2.0182375426781443,-1.6885235587158114,2.868136725386468,0.04591,-0.45865,0.27501,-0.27318,-0.00091,0.00000
34.4644,-2.0053203911088007,-1.6030433107641622,1.9706833650652353,-2.018328814534867,-1.688523863993785,2.8681367269204476,0.00046,-0.50818,0.27744,-0.00275,-0.00001,0.00000
34.4977,-2.0053202377260604,-1.6183983034878515,1.9768499662985548,-2.0183297272534344,-1.6870052260665578,2.8650994449757734,0.00000,-0.46124,0.18523,-0.00003,0.04562,-0.09123
34.5311,-2.006838877172239,-1.629182340275136,1.9799489142709017,-2.0076992495205723,-1.6869900396872854,2.863550431176321,-0.04552,-0.32325,0.09289,0.31865,0.00046,-0.04643
34.5646,-2.0083727045467077,-1.6338461035830296,1.9830171857106387,-2.0030370218032236,-1.6885085288034998,2.8650535820183323,-0.04579,-0.13922,0.09159,0.13918,-0.04533,0.04487
34.5976,-2.0099066838004593,-1.6354113821961147,1.9876037913650562,-2.0014717585460433,-1.688523713694662,2.865068613526752,-0.04642,-0.04736,0.13879,0.04736,-0.00046,0.00045
34.6310,-2.009922023592997,-1.6384643169422595,1.9952428623216345,-1.998418823953458,-1.6900425065235805,2.8605128409018166,-0.00046,-0.09132,0.22851,0.09132,-0.04543,-0.13628
34.6646,-2.0099221769909223,-1.6415321282497346,1.9998751759712206,-1.9953510126475185,-1.6900576944518697,2.8574300012155534,-0.00000,-0.09150,0.13817,0.09150,-0.00045,-0.09195
34.6980,-2.0099221785249015,-1.6476373702828364,2.0029587810677305,-1.9907644115944385,-1.6900578463311526,2.8573991728186905,-0.00000,-0.18276,0.09231,0.13730,-0.00000,-0.00092
34.7312,-2.0099221785402412,-1.6568102685832082,2.006026899078709,-1.9891999046039013,-1.6900578478499455,2.857398864534722,-0.00000,-0.27614,0.09236,0.04710,-0.00000,-0.00001
34.7644,-2.009922178540395,-1.6690511254062659,2.010613503198839,-1.989184259533996,-1.6900578478651334,2.857398861451882,-0.00000,-0.36889,0.13822,0.00047,-0.00000,-0.00000
34.7978,-2.0099221785403962,-1.6782853798545372,2.018252574140074,-1.9891841030832969,-1.6900578478652852,2.857398861421054,-0.00000,-0.27631,0.22858,0.00000,-0.00000,-0.00000
34.8314,-2.0099221785403962,-1.6874895682790607,2.0228848877895067,-1.9891841015187899,-1.6900578478652868,2.85588022044074,0.00000,-0.27383,0.13782,0.00000,-0.00000,-0.04518
34.8644,-2.0099221785403962,-1.6997307380033606,2.0274871338660216,-1.9891841015031446,-1.6900578478652868,2.8558650340309364,0.00000,-0.37073,0.13938,0.00000,0.00000,-0.00046
34.8977,-2.0099221785403962,-1.7120022775406571,2.0305704382868,-1.9891841015029883,-1.6885392068852798,2.8528276002068247,0.00000,-0.36844,0.09257,0.00000,0.04560,-0.09120
34.9310,-2.0099221785403962,-1.728830043716105,2.0366758352510352,-1.9891841015029867,-1.6885240204754797,2.8497599439085697,0.00000,-0.50496,0.18321,0.00000,0.00046,-0.09205
34.9644,-2.0099221785403962,-1.744184731177927,2.0412928121606977,-1.9907027424829933,-1.6885238686113817,2.843654703425561,0.00000,-0.45984,0.13827,-0.04548,0.00000,-0.18284
34.9977,-2.0114408195204034,-1.7686365337326546,2.0474135458498215,-1.9891992879127867,-1.6885238670927407,2.8284072412206633,-0.04570,-0.73584,0.18419,0.04524,0.00000,-0.45885
35.0310,-2.0099373649501966,-1.7749556156782287,2.052030676126733,-1.9891842533670847,-1.6885238670775544,2.8221802026785867,0.04507,-0.18943,0.13841,0.00045,0.00000,-0.18667
35.0644,-2.0099223304044944,-1.7826120113977182,2.056632770369523,-1.9846281800816075,-1.6885238670774025,2.819080650333152,0.00045,-0.22948,0.13793,0.13655,0.00000,-0.09290
35.0979,-2.0099221800590374,-1.790281780254947,2.0597160732719644,-1.9769894144487186,-1.688523867077401,2.8190496548096977,0.00000,-0.22919,0.09213,0.22826,0.00000,-0.00093
35.1311,-2.0084035375755755,-1.7994703238235603,2.0612655472809953,-1.9647638989523357,-1.688523867077401,2.819049344854463,0.04566,-0.27626,0.04659,0.36756,0.00000,-0.00001
35.1644,-2.008388351150741,-1.8101926961192942,2.061281042021086,-1.9524925159573177,-1.688523867077401,2.8190493417549107,0.00046,-0.32234,0.00047,0.36891,0.00000,-0.00000
35.1978,-2.0083881992864927,-1.8239676886623122,2.05976255598848,-1.9387020333073062,-1.688523867077401,2.819049341723915,0.00000,-0.41272,-0.04550,0.41318,0.00000,-0.00000
35.2312,-2.00838819776785,-1.83929184838781,2.0582287301481466,-1.9264150006407519,-1.688523867077401,2.819049341723605,0.00000,-0.45884,-0.04593,0.36790,0.00000,-0.00000
35.2643,-2.008388197752664,-1.839445089985065,2.058213391889743,-1.9262921303140863,-1.688523867077401,2.819049341723602,0.00000,-0.00462,-0.00046,0.00370,0.00000,-0.00000
35.3042,-2.006869556772505,-1.856151673181112,2.056694597527153,-1.9126231327907584,-1.688523867077401,2.819049341723602,0.03818,-0.41997,-0.03818,0.34361,0.00000,0.00000
35.3363,-2.0068543703627033,-1.8790983537131742,2.056679409583527,-1.8927441100754372,-1.688523867077401,2.819049341723602,0.00047,-0.71364,-0.00047,0.61824,0.00000,0.00000
35.3705,-2.0068542184986056,-1.8914769483585496,2.0551606167240837,-1.881914832988236,-1.688523867077401,2.819049341723602,0.00000,-0.36238,-0.04446,0.31703,0.00000,0.00000
35.4060,-2.0068542169799644,-1.903749862145058,2.053626787815483,-1.8696574123773098,-1.6854865851173877,2.819049341723602,0.00000,-0.34566,-0.04320,0.34523,0.08554,0.00000
35.4373,-2.006854216964778,-1.9038725912829229,2.0536114495263966,-1.8695348381712005,-1.6854562122977874,2.819049341723602,0.00000,-0.00392,-0.00049,0.00391,0.00097,0.00000
35.4699,-2.003816935004613,-1.9084297415143217,2.053611296143506,-1.8619404075291057,-1.6839372675895845,2.819049341723602,0.09313,-0.13973,-0.00000,0.23285,0.04657,0.00000
35.5029,-2.0022679212050045,-1.9084753130166356,2.0566485765696907,-1.854271258322651,-1.6824034371624954,2.822086623683616,0.04696,-0.00138,0.09208,0.23250,0.04650,0.09208
35.5339,-2.0022524310670082,-1.9084757687316587,2.0566789493739526,-1.8541945668305864,-1.6823880988582247,2.8221169965032162,0.00050,-0.00001,0.00098,0.00247,0.00049,0.00098
35.5664,-2.0007336351856218,-1.906957132308802,2.061235176042015,-1.8526751589356587,-1.682387945475182,2.8251545821914257,0.04672,0.04671,0.14014,0.04673,0.00000,0.09343
35.5983,-1.9991998062468008,-1.9054233049645664,2.0658366612487162,-1.8526599648567095,-1.6808693029613448,2.8267035990283143,0.04803,0.04803,0.14409,0.00048,0.04755,0.04851
35.6318,-1.9991844679574127,-1.905407966691124,2.065882676100783,-1.85265981291592,-1.6808541165362065,2.826719089196683,0.00046,0.00046,0.00137,0.00000,0.00045,0.00046
35.6649,-1.9991843145745187,-1.9054078133083896,2.0749949821293443,-1.8556970933565256,-1.6808539646719551,2.8312751670383864,0.00000,0.00000,0.27502,-0.09167,0.00000,0.13751
35.6982,-1.9976656720606838,-1.9054078117745623,2.0796420281296504,-1.8557274661609318,-1.6793353221733056,2.832839368796811,0.04564,0.00000,0.13966,-0.00091,0.04564,0.04701
35.7315,-1.9930945626955243,-1.9069264527392311,2.0796884985896535,-1.8542091289089693,-1.6793201357483192,2.8328550108143955,0.13753,-0.04569,0.00140,0.04568,0.00046,0.00047
35.7646,-1.986974287681846,-1.9084602801288848,2.0766516813342397,-1.8541939455364496,-1.6793199838840693,2.8343738082145777,0.18441,-0.04622,-0.09150,0.00046,0.00000,0.04576
35.7981,-1.9793198800316754,-1.9084756184027811,2.0720653902216655,-1.8541937937027244,-1.6808386233454338,2.8343889961885793,0.22881,-0.00046,-0.13710,0.00000,-0.04540,0.00045
35.8317,-1.9731687720351458,-1.9099944127655273,2.0659449633905127,-1.8526751512043802,-1.6808538097400474,2.8343891480683197,0.18293,-0.04517,-0.18202,0.04516,-0.00045,0.00000
35.8648,-1.9685513380151607,-1.9115282416891617,2.058290554222167,-1.8511413237993901,-1.6808539616039937,2.8343891495871167,0.13939,-0.04630,-0.23108,0.04630,-0.00000,0.00000
35.8980,-1.965467881714947,-1.911543579978398,2.0475835232704362,-1.8496073445453334,-1.6808539631226331,2.834389149602305,0.09304,-0.00046,-0.32307,0.04629,-0.00000,0.00000
35.9313,-1.9654370471519447,-1.9115437333612904,2.042920530020899,-1.8495920047527927,-1.6808539631378194,2.834389149602457,0.00093,-0.00000,-0.14007,0.00046,-0.00000,0.00000
35.9646,-1.9654367388063148,-1.9100250939151122,2.0398366181283896,-1.8480732103748603,-1.6808539631379713,2.8343891496024582,0.00001,0.04564,-0.09268,0.04564,-0.00000,0.00000
35.9977,-1.9654367357228584,-1.9084912665406435,2.038287138029458,-1.848058022431081,-1.6808539631379729,2.832870508622452,0.00000,0.04621,-0.04668,0.00046,-0.00000,-0.04575
36.0313,-1.965436735692024,-1.9069572872868918,2.0382716432284687,-1.8480578705516433,-1.6808539631379729,2.832855322212652,0.00000,0.04577,-0.00046,0.00000,0.00000,-0.00045
36.0647,-1.9654367356917155,-1.9069419474943543,2.0382714882804587,-1.8480578690328489,-1.6823726041179794,2.832855170348554,0.00000,0.00046,-0.00000,0.00000,-0.04541,-0.00000
36.0978,-1.9654367356917124,-1.9069417940964288,2.0382714867309786,-1.848057869017661,-1.6823877905277795,2.832855168829913,0.00000,0.00000,-0.00000,0.00000,-0.00046,-0.00000
36.1310,-1.9654367356917124,-1.9054231515824427,2.038271486715484,-1.8480578690175091,-1.680869301411871,2.8328551688147265,0.00000,0.04574,-0.00000,0.00000,0.04573,-0.00000
36.1643,-1.9654367356917124,-1.9038893241772967,2.038271486715329,-1.8480578690175076,-1.6823727575007184,2.8328551688145747,0.00000,0.04601,-0.00000,0.00000,-0.04510,-0.00000
36.1978,-1.9654367356917124,-1.9023553449232382,2.038271486715327,-1.8480578690175076,-1.6808691510816003,2.8328551688145733,0.00000,0.04578,-0.00000,0.00000,0.04488,-0.00000
36.2312,-1.9654367356917124,-1.900821364150691,2.038271486715327,-1.8480578690175076,-1.6808541150174092,2.8328551688145733,0.00000,0.04600,0.00000,0.00000,0.00045,0.00000
36.2648,-1.9654367356917124,-1.9008060243429654,2.038271486715327,-1.8495765099975146,-1.6823726056367738,2.8328551688145733,0.00000,0.00046,0.00000,-0.04514,-0.04513,0.00000
36.2978,-1.9654367356917124,-1.9008058709448883,2.0352342047553136,-1.8495916964073145,-1.6823877905429674,2.8328551688145733,0.00000,0.00000,-0.09213,-0.00046,-0.00046,0.00000
36.3313,-1.9654367356917124,-1.8992872284309006,2.0306479089956935,-1.8495918482714127,-1.6823879423920294,2.8328551688145733,0.00000,0.04531,-0.13684,-0.00000,-0.00000,0.00000
36.3644,-1.9654367356917124,-1.8992720420057607,2.0245274821180694,-1.8480732088100464,-1.6808693029305135,2.8328551688145733,0.00000,0.00046,-0.18499,0.04590,0.04590,0.00000
36.3979,-1.9654367356917124,-1.8992718901415093,2.0199103549092734,-1.8480580224154328,-1.6808541165358983,2.8328551688145733,0.00000,0.00000,-0.13775,0.00045,0.00045,0.00000
36.4309,-1.9654367356917124,-1.8992718886228668,2.013789619717158,-1.8435019476114665,-1.680853964671952,2.8328551688145733,0.00000,0.00000,-0.18526,0.13790,0.00000,0.00000
36.4642,-1.9654367356917124,-1.8992718886076803,2.0061352074652032,-1.8328259000033795,-1.6823726041333191,2.8328551688145733,0.00000,0.00000,-0.22976,0.32046,-0.04558,0.00000
36.4979,-1.9654367356917124,-1.9023091705675421,1.999984099422656,-1.8190513707072373,-1.6808691495479264,2.8328551688145733,0.00000,-0.09027,-0.18282,0.40941,0.04469,0.00000
36.5310,-1.9654367356917124,-1.906895466327161,1.9968853063822174,-1.8037272156142083,-1.6808541150020724,2.8328551688145733,0.00000,-0.13846,-0.09356,0.46265,0.00045,0.00000
36.5646,-1.9654367356917124,-1.909978611244771,1.996854318451813,-1.7914248462232238,-1.6808539646566139,2.8328551688145733,0.00000,-0.09183,-0.00092,0.36640,0.00000,0.00000
36.5977,-1.9563248898116716,-1.9221585705340007,2.00596585445255,-1.776115412729246,-1.6808539631531594,2.8328551688145733,0.27513,-0.36777,0.27512,0.46226,0.00000,0.00000
36.6311,-1.9501592074328444,-1.9344294979669476,2.0166874566726043,-1.769887754474279,-1.6808539631381247,2.8328551688145733,0.18452,-0.36724,0.32087,0.18638,0.00000,0.00000
36.6645,-1.945541627669036,-1.946701335081331,2.0289438005348592,-1.766788195931716,-1.6793353221579674,2.8328551688145733,0.13819,-0.36726,0.36680,0.09276,0.04545,0.00000
36.6977,-1.943976810891391,-1.9559358993325155,2.041215491813536,-1.7667572003462904,-1.6793201357481657,2.8328551688145733,0.04714,-0.27821,0.36971,0.00093,0.00046,0.00000
36.7310,-1.9424425217436077,-1.9651400908550682,2.056524618526391,-1.766756890390436,-1.6793199838840678,2.8343738097945796,0.04608,-0.27643,0.45978,0.00001,0.00000,0.04561
36.7643,-1.9424271788521297,-1.9743439786503345,2.071864119593587,-1.7667568872908774,-1.6793199823654268,2.8343889962043796,0.00046,-0.27679,0.46131,0.00000,0.00000,0.00046
36.7979,-1.942427025423215,-1.9881037863483488,2.0887225653843338,-1.766756887259882,-1.677801341370234,2.8343891480684773,0.00000,-0.40896,0.50106,0.00000,0.04514,0.00000
36.8314,-1.9424270238889259,-2.003427794225397,2.102558918662302,-1.7652382462795653,-1.677786154960282,2.8343891495871185,0.00000,-0.45804,0.41357,0.04539,0.00045,0.00000
36.8644,-1.9409083828935763,-2.020286085084242,2.113327769055129,-1.763704418889755,-1.6777860030961824,2.834389149602305,0.04601,-0.51079,0.32629,0.04647,0.00000,0.00000
36.8990,-1.9378559145236096,-2.0401970007329178,2.1195100214790847,-1.7591331576758364,-1.6777860015775414,2.834389149602457,0.08813,-0.57484,0.17848,0.13197,0.00000,0.00000
36.9311,-1.9378253898399098,-2.0616570836095,2.1226091259633377,-1.7530128811436705,-1.6793046425423617,2.8343891496024582,0.00095,-0.66800,0.09647,0.19051,-0.04727,0.00000
36.9643,-1.937825084593073,-2.0785767352183404,2.119602835048167,-1.745358473478315,-1.6793198289520097,2.8343891496024582,0.00001,-0.50970,-0.09056,0.23059,-0.00046,0.00000
36.9978,-1.9378250815406046,-2.089376418594477,2.1134982082189877,-1.7331328015616068,-1.6793199808161063,2.8343891496024582,0.00000,-0.32298,-0.18257,0.36562,-0.00000,0.00000
37.0310,-1.93782508151008,-2.0985962613082787,2.1028066750906484,-1.7178241350423717,-1.6793199823347473,2.8343891496024582,0.00000,-0.27734,-0.32161,0.46049,-0.00000,0.00000
37.0645,-1.9378250815097746,-2.1062816646354507,2.090550631919311,-1.700965997597105,-1.6793199823499336,2.8343891496024582,0.00000,-0.22934,-0.36574,0.50307,-0.00000,0.00000
37.0978,-1.9363064405297645,-2.1169890055287697,2.0813162256075572,-1.6810550834825642,-1.6793199823500855,2.8343891496024582,0.04560,-0.32152,-0.27729,0.59789,-0.00000,0.00000
37.1310,-1.9362912541199644,-2.129245206777757,2.0721120356643987,-1.6641509235613443,-1.679319982350087,2.832870508622452,0.00046,-0.36929,-0.27733,0.50933,-0.00000,-0.04576
37.1644,-1.9362911022558664,-2.138479614670288,2.0629081478849263,-1.6457581902020502,-1.679319982350087,2.832855322212652,0.00000,-0.27663,-0.27571,0.55097,0.00000,-0.00045
37.1978,-1.9362911007372254,-2.14464652266924,2.0582601860671113,-1.6288692120883828,-1.679319982350087,2.832855170348554,0.00000,-0.18441,-0.13899,0.50502,0.00000,-0.00000
37.2312,-1.9378097417020461,-2.14926411468925,2.0551764244889195,-1.6135139125071785,-1.679319982350087,2.832855168829913,-0.04555,-0.13850,-0.09250,0.46057,0.00000,-0.00000
37.2645,-1.9378249281116944,-2.155384854529477,2.0551455868731376,-1.599692590691305,-1.679319982350087,2.8328551688147265,-0.00046,-0.18389,-0.00093,0.41524,0.00000,-0.00000
37.2977,-1.9378250799757908,-2.1660765487879274,2.0536266375169734,-1.5874052496330922,-1.6778013413700805,2.8328551688145747,-0.00000,-0.32162,-0.04569,0.36961,0.04568,-0.00000
37.3311,-1.9378250814944318,-2.175295311610552,2.053611448023412,-1.5705773254424356,-1.6777861549602804,2.8343738097945796,-0.00000,-0.27625,-0.00046,0.50427,0.00046,0.04551
37.3646,-1.936306440529611,-2.1844993451188186,2.0490553731884558,-1.5567412773804676,-1.6762673621161754,2.8343889962043796,0.04534,-0.27477,-0.13601,0.41305,0.04534,0.00045
37.3978,-1.936291254119963,-2.198259154273963,2.0307861206800246,-1.53686058415976,-1.6625844053676733,2.8343891480684773,0.00046,-0.41467,-0.55057,0.59913,0.41235,0.00000
37.4312,-1.9378097432358734,-2.1999153933455213,2.024528864234913,-1.5260312903675055,-1.6457425250201136,2.8343891495871185,-0.04545,-0.04958,-0.18730,0.32416,0.50414,0.00000
37.4645,-1.9378249281270326,-2.199931955736237,2.022947650690455,-1.5168111515495422,-1.6288690554365635,2.834389149602305,-0.00046,-0.00050,-0.04745,0.27667,0.50633,0.00000
