t_rel_s,x,y,z,qx,qy,qz,qw
1.0131,-0.069375,0.353091,0.506257,-0.042772,0.999004,0.010993,0.006357
1.0224,-0.069347,0.352597,0.505980,-0.042920,0.998991,0.011412,0.006667
1.0325,-0.069324,0.352104,0.505629,-0.043023,0.998980,0.011816,0.006962
1.0424,-0.069320,0.351595,0.505224,-0.043149,0.998968,0.012174,0.007231
1.0524,-0.069319,0.351076,0.504779,-0.043219,0.998959,0.012522,0.007497
1.0624,-0.069314,0.350549,0.504262,-0.043291,0.998950,0.012810,0.007775
1.0726,-0.069339,0.350059,0.503666,-0.043369,0.998942,0.013033,0.007981
1.0829,-0.069326,0.349557,0.503027,-0.043353,0.998939,0.013176,0.008217
1.0925,-0.069353,0.349079,0.502297,-0.043412,0.998934,0.013255,0.008403
1.1026,-0.069370,0.348632,0.501484,-0.043408,0.998933,0.013246,0.008555
1.1126,-0.069404,0.348201,0.500574,-0.043443,0.998931,0.013130,0.008731
1.1226,-0.069457,0.347788,0.499608,-0.043454,0.998933,0.012958,0.008812
1.1325,-0.069481,0.347422,0.498587,-0.043419,0.998936,0.012733,0.008905
1.1425,-0.069524,0.347068,0.497517,-0.043450,0.998938,0.012413,0.009001
1.1525,-0.069557,0.346742,0.496429,-0.043454,0.998941,0.012094,0.009068
1.1628,-0.069584,0.346460,0.495296,-0.043439,0.998947,0.011668,0.009097
1.1724,-0.069617,0.346186,0.494211,-0.043469,0.998949,0.011273,0.009164
1.1826,-0.069632,0.345952,0.493103,-0.043462,0.998954,0.010815,0.009194
1.1928,-0.069648,0.345722,0.492067,-0.043464,0.998958,0.010417,0.009224
1.2026,-0.069671,0.345523,0.491009,-0.043473,0.998963,0.009934,0.009237
1.2129,-0.069691,0.345309,0.489985,-0.043460,0.998968,0.009454,0.009249
1.2227,-0.069696,0.345119,0.488962,-0.043474,0.998972,0.008909,0.009246
1.2323,-0.069716,0.344917,0.487939,-0.043484,0.998977,0.008347,0.009224
1.2426,-0.069717,0.344710,0.486976,-0.043457,0.998982,0.007799,0.009236
1.2528,-0.069738,0.344481,0.486049,-0.043479,0.998985,0.007239,0.009241
1.2626,-0.069761,0.344245,0.485182,-0.043471,0.998989,0.006736,0.009220
1.2726,-0.069777,0.343989,0.484312,-0.043482,0.998993,0.006166,0.009215
1.2825,-0.069805,0.343705,0.483526,-0.043493,0.998995,0.005663,0.009240
1.2925,-0.069832,0.343404,0.482778,-0.043482,0.998998,0.005163,0.009240
1.3028,-0.069855,0.343090,0.482116,-0.043512,0.998998,0.004723,0.009296
1.3125,-0.069871,0.342756,0.481515,-0.043506,0.999000,0.004347,0.009371
1.3229,-0.069905,0.342398,0.481038,-0.043516,0.999000,0.004070,0.009451
1.3325,-0.069920,0.342037,0.480630,-0.043541,0.998998,0.003839,0.009575
1.3426,-0.069936,0.341678,0.480348,-0.043526,0.998998,0.003735,0.009741
1.3525,-0.069947,0.341319,0.480145,-0.043526,0.998996,0.003681,0.009901
1.3624,-0.069947,0.340952,0.480029,-0.043492,0.998996,0.003682,0.010084
1.3725,-0.069951,0.340611,0.479977,-0.043469,0.998995,0.003752,0.010247
1.3829,-0.069933,0.340303,0.480047,-0.043420,0.998995,0.003945,0.010446
1.3927,-0.069908,0.339999,0.480160,-0.043360,0.998994,0.004162,0.010677
1.4025,-0.069877,0.339734,0.480362,-0.043295,0.998993,0.004475,0.010876
1.4129,-0.069831,0.339502,0.480611,-0.043198,0.998993,0.004822,0.011077
1.4227,-0.069757,0.339315,0.480920,-0.043082,0.998994,0.005210,0.011315
1.4324,-0.069659,0.339130,0.481293,-0.042928,0.998995,0.005663,0.011562
1.4426,-0.069545,0.338974,0.481673,-0.042749,0.998998,0.006102,0.011757
1.4528,-0.069394,0.338848,0.482055,-0.042528,0.999002,0.006512,0.011974
1.4630,-0.069226,0.338745,0.482474,-0.042262,0.999008,0.006962,0.012176
1.4726,-0.069007,0.338674,0.482886,-0.041936,0.999016,0.007383,0.012366
1.4833,-0.068772,0.338622,0.483309,-0.041587,0.999026,0.007799,0.012547
1.4924,-0.068507,0.338585,0.483767,-0.041181,0.999037,0.008261,0.012706
1.5024,-0.068198,0.338589,0.484235,-0.040726,0.999049,0.008729,0.012873
1.5127,-0.067848,0.338605,0.484760,-0.040211,0.999063,0.009254,0.013048
1.5227,-0.067496,0.338636,0.485297,-0.039686,0.999077,0.009778,0.013225
1.5323,-0.067129,0.338680,0.485886,-0.039146,0.999090,0.010359,0.013376
1.5425,-0.066723,0.338763,0.486482,-0.038548,0.999105,0.010924,0.013560
1.5528,-0.066330,0.338824,0.487128,-0.037970,0.999118,0.011563,0.013722
1.5624,-0.065916,0.338912,0.487816,-0.037361,0.999130,0.012239,0.013911
1.5726,-0.065509,0.339012,0.488547,-0.036758,0.999141,0.012942,0.014080
1.5827,-0.065096,0.339131,0.489296,-0.036169,0.999150,0.013673,0.014296
1.5925,-0.064708,0.339231,0.490088,-0.035601,0.999156,0.014438,0.014512
1.6027,-0.064306,0.339354,0.490856,-0.035027,0.999163,0.015188,0.014706
1.6125,-0.063912,0.339469,0.491652,-0.034492,0.999167,0.015928,0.014905
1.6230,-0.063552,0.339589,0.492465,-0.033968,0.999169,0.016716,0.015102
1.6328,-0.063183,0.339716,0.493246,-0.033460,0.999170,0.017463,0.015306
1.6431,-0.062823,0.339843,0.493995,-0.032955,0.999171,0.018176,0.015505
1.6526,-0.062490,0.339969,0.494723,-0.032476,0.999172,0.018862,0.015675
1.6628,-0.062148,0.340090,0.495436,-0.032021,0.999170,0.019534,0.015858
1.6729,-0.061835,0.340216,0.496076,-0.031579,0.999170,0.020142,0.016025
1.6829,-0.061527,0.340346,0.496689,-0.031167,0.999169,0.020717,0.016168
1.6925,-0.061232,0.340470,0.497273,-0.030785,0.999167,0.021259,0.016319
1.7024,-0.060977,0.340577,0.497833,-0.030449,0.999163,0.021786,0.016452
1.7128,-0.060725,0.340678,0.498325,-0.030134,0.999160,0.022255,0.016585
1.7229,-0.060467,0.340781,0.498779,-0.029787,0.999159,0.022680,0.016706
1.7324,-0.060248,0.340875,0.499164,-0.029493,0.999158,0.023034,0.016798
1.7426,-0.060047,0.340964,0.499549,-0.029244,0.999156,0.023393,0.016896
1.7526,-0.059853,0.341040,0.499858,-0.029024,0.999154,0.023669,0.016997
1.7627,-0.059692,0.341109,0.500118,-0.028814,0.999153,0.023913,0.017041
1.7725,-0.059534,0.341178,0.500333,-0.028605,0.999154,0.024106,0.017083
1.7825,-0.059386,0.341246,0.500539,-0.028427,0.999154,0.024315,0.017114
1.7927,-0.059249,0.341302,0.500709,-0.028264,0.999154,0.024465,0.017157
1.8031,-0.059113,0.341359,0.500809,-0.028102,0.999156,0.024541,0.017168
1.8124,-0.059018,0.341396,0.500933,-0.027958,0.999157,0.024673,0.017168
1.8229,-0.058906,0.341465,0.500989,-0.027842,0.999160,0.024710,0.017157
1.8324,-0.058805,0.341516,0.501028,-0.027719,0.999162,0.024742,0.017159
1.8425,-0.058721,0.341567,0.501065,-0.027625,0.999164,0.024792,0.017135
1.8524,-0.058626,0.341618,0.501070,-0.027510,0.999167,0.024812,0.017120
1.8625,-0.058546,0.341661,0.501053,-0.027413,0.999170,0.024808,0.017099
1.8726,-0.058477,0.341704,0.501016,-0.027312,0.999174,0.024783,0.017049
1.8825,-0.058400,0.341766,0.501000,-0.027235,0.999176,0.024795,0.017042
1.8925,-0.058321,0.341819,0.500979,-0.027130,0.999180,0.024764,0.017012
1.9029,-0.058236,0.341869,0.501034,-0.027053,0.999180,0.024844,0.017039
1.9126,-0.058161,0.341936,0.501133,-0.026986,0.999178,0.024966,0.017055
1.9225,-0.058070,0.342000,0.501259,-0.026883,0.999176,0.025127,0.017101
1.9327,-0.057979,0.342079,0.501402,-0.026806,0.999174,0.025269,0.017134
1.9429,-0.057872,0.342165,0.501567,-0.026681,0.999172,0.025440,0.017192
1.9526,-0.057783,0.342247,0.501795,-0.026599,0.999167,0.025700,0.017235
1.9627,-0.057669,0.342328,0.501984,-0.026479,0.999164,0.025899,0.017308
1.9728,-0.057576,0.342407,0.502264,-0.026413,0.999157,0.026192,0.017389
1.9827,-0.057446,0.342516,0.502568,-0.026281,0.999151,0.026485,0.017459
1.9929,-0.057333,0.342612,0.502890,-0.026227,0.999142,0.026812,0.017558
2.0029,-0.057217,0.342709,0.503235,-0.026139,0.999134,0.027143,0.017659
2.0128,-0.057084,0.342816,0.503637,-0.026059,0.999123,0.027548,0.017772
2.0225,-0.056927,0.342909,0.504067,-0.025962,0.999112,0.027955,0.017903
2.0325,-0.056774,0.343013,0.504474,-0.025905,0.999100,0.028340,0.018017
2.0426,-0.056613,0.343117,0.504937,-0.025887,0.999086,0.028778,0.018158
2.0526,-0.056439,0.343215,0.505429,-0.025894,0.999069,0.029248,0.018302
2.0628,-0.056240,0.343331,0.505870,-0.025917,0.999054,0.029640,0.018462
2.0727,-0.056033,0.343430,0.506352,-0.025948,0.999037,0.030097,0.018608
2.0825,-0.055819,0.343535,0.506809,-0.026060,0.999019,0.030514,0.018744
2.0923,-0.055578,0.343623,0.507269,-0.026155,0.999000,0.030947,0.018917
2.1026,-0.055310,0.343719,0.507704,-0.026294,0.998981,0.031345,0.019057
2.1127,-0.055017,0.343816,0.508123,-0.026447,0.998962,0.031732,0.019218
2.1229,-0.054707,0.343904,0.508513,-0.026647,0.998943,0.032072,0.019350
2.1325,-0.054361,0.344008,0.508857,-0.026859,0.998925,0.032380,0.019489
2.1426,-0.053995,0.344105,0.509171,-0.027072,0.998908,0.032650,0.019619
2.1528,-0.053596,0.344187,0.509494,-0.027307,0.998889,0.032931,0.019752
2.1630,-0.053171,0.344286,0.509761,-0.027483,0.998874,0.033157,0.019886
2.1725,-0.052721,0.344376,0.509993,-0.027676,0.998860,0.033349,0.020005
2.1825,-0.052240,0.344471,0.510191,-0.027846,0.998848,0.033509,0.020122
2.1926,-0.051711,0.344577,0.510343,-0.027994,0.998838,0.033602,0.020250
2.2025,-0.051138,0.344675,0.510505,-0.028043,0.998830,0.033716,0.020358
2.2126,-0.050507,0.344777,0.510616,-0.028087,0.998825,0.033772,0.020498
2.2227,-0.049821,0.344881,0.510737,-0.028044,0.998821,0.033828,0.020647
2.2324,-0.049084,0.344999,0.510792,-0.027966,0.998820,0.033814,0.020793
2.2427,-0.048282,0.345106,0.510878,-0.027840,0.998819,0.033832,0.020996
2.2524,-0.047430,0.345223,0.510930,-0.027617,0.998823,0.033783,0.021177
2.2624,-0.046526,0.345336,0.510983,-0.027358,0.998826,0.033745,0.021412
2.2726,-0.045558,0.345455,0.511037,-0.026980,0.998833,0.033693,0.021676
2.2827,-0.044535,0.345571,0.511113,-0.026542,0.998838,0.033667,0.021996
2.2925,-0.043450,0.345691,0.511196,-0.026023,0.998846,0.033605,0.022345
2.3026,-0.042223,0.345833,0.511321,-0.025358,0.998855,0.033535,0.022847
2.3127,-0.040902,0.345954,0.511579,-0.024627,0.998857,0.033566,0.023490
2.3226,-0.039496,0.346096,0.511956,-0.023780,0.998856,0.033672,0.024247
2.3328,-0.038016,0.346229,0.512426,-0.022919,0.998849,0.033798,0.025177
2.3425,-0.036457,0.346362,0.513090,-0.021998,0.998831,0.034066,0.026292
2.3527,-0.034878,0.346477,0.513927,-0.021043,0.998805,0.034452,0.027543
2.3626,-0.033260,0.346611,0.514898,-0.020145,0.998767,0.034917,0.028971
2.3726,-0.031617,0.346722,0.516073,-0.019203,0.998718,0.035495,0.030563
2.3828,-0.029978,0.346824,0.517430,-0.018343,0.998654,0.036229,0.032278
2.3927,-0.028338,0.346918,0.518972,-0.017541,0.998575,0.037041,0.034166
2.4023,-0.026700,0.346981,0.520738,-0.016785,0.998480,0.037999,0.036221
2.4127,-0.025124,0.347038,0.522731,-0.016162,0.998365,0.039105,0.038422
2.4226,-0.023619,0.347081,0.524849,-0.015650,0.998237,0.040254,0.040725
2.4324,-0.022178,0.347095,0.527109,-0.015273,0.998093,0.041450,0.043107
2.4427,-0.020810,0.347080,0.529517,-0.014999,0.997934,0.042722,0.045592
2.4524,-0.019535,0.347039,0.532100,-0.014779,0.997760,0.044145,0.048037
2.4626,-0.018344,0.346975,0.534764,-0.014639,0.997574,0.045627,0.050502
2.4727,-0.017245,0.346870,0.537512,-0.014615,0.997378,0.047098,0.052963
2.4827,-0.016231,0.346770,0.540313,-0.014635,0.997172,0.048630,0.055391
2.4926,-0.015336,0.346629,0.543167,-0.014754,0.996961,0.050183,0.057722
2.5030,-0.014538,0.346463,0.546097,-0.014919,0.996742,0.051743,0.060042
2.5129,-0.013858,0.346265,0.549088,-0.015231,0.996512,0.053395,0.062297
2.5227,-0.013268,0.346060,0.552117,-0.015535,0.996280,0.055027,0.064467
2.5325,-0.012787,0.345818,0.555137,-0.015873,0.996049,0.056660,0.066509
2.5426,-0.012397,0.345566,0.558165,-0.016230,0.995819,0.058298,0.068431
2.5526,-0.012099,0.345296,0.561195,-0.016564,0.995590,0.059980,0.070198
2.5625,-0.011884,0.345021,0.564202,-0.016921,0.995362,0.061683,0.071858
2.5725,-0.011725,0.344729,0.567212,-0.017253,0.995136,0.063408,0.073397
2.5826,-0.011627,0.344457,0.570161,-0.017541,0.994914,0.065145,0.074795
2.5924,-0.011574,0.344197,0.573045,-0.017792,0.994700,0.066856,0.076059
2.6027,-0.011573,0.343936,0.575862,-0.018055,0.994492,0.068539,0.077217
2.6125,-0.011587,0.343702,0.578530,-0.018258,0.994294,0.070146,0.078261
2.6229,-0.011623,0.343506,0.581016,-0.018454,0.994116,0.071621,0.079143
2.6323,-0.011681,0.343329,0.583283,-0.018601,0.993955,0.072966,0.079891
2.6425,-0.011739,0.343209,0.585295,-0.018733,0.993820,0.074106,0.080492
2.6525,-0.011774,0.343168,0.587014,-0.018864,0.993709,0.075035,0.080970
2.6629,-0.011802,0.343169,0.588513,-0.018931,0.993620,0.075823,0.081312
2.6726,-0.011799,0.343224,0.589719,-0.018972,0.993555,0.076382,0.081578
2.6826,-0.011799,0.343328,0.590637,-0.019000,0.993518,0.076726,0.081691
2.6927,-0.011765,0.343516,0.591300,-0.019030,0.993504,0.076884,0.081709
2.7028,-0.011714,0.343774,0.591689,-0.019042,0.993513,0.076835,0.081647
2.7126,-0.011614,0.344113,0.591831,-0.019055,0.993549,0.076549,0.081468
2.7226,-0.011511,0.344506,0.591770,-0.019082,0.993600,0.076125,0.081235
2.7325,-0.011363,0.344998,0.591476,-0.019091,0.993675,0.075487,0.080910
2.7425,-0.011190,0.345576,0.590983,-0.019116,0.993766,0.074684,0.080536
2.7524,-0.011003,0.346237,0.590296,-0.019156,0.993875,0.073737,0.080048
2.7631,-0.010781,0.346964,0.589450,-0.019198,0.993999,0.072595,0.079543
2.7726,-0.010533,0.347781,0.588491,-0.019246,0.994131,0.071385,0.078975
2.7830,-0.010278,0.348644,0.587464,-0.019286,0.994266,0.070128,0.078391
2.7928,-0.009999,0.349564,0.586317,-0.019313,0.994410,0.068747,0.077775
2.8023,-0.009719,0.350522,0.585128,-0.019385,0.994556,0.067330,0.077130
2.8124,-0.009426,0.351497,0.583918,-0.019411,0.994700,0.065924,0.076482
2.8230,-0.009132,0.352497,0.582658,-0.019482,0.994846,0.064441,0.075819
2.8324,-0.008854,0.353457,0.581421,-0.019542,0.994987,0.063007,0.075160
2.8428,-0.008550,0.354422,0.580166,-0.019603,0.995126,0.061531,0.074528
2.8526,-0.008280,0.355328,0.578963,-0.019642,0.995256,0.060154,0.073906
2.8629,-0.008035,0.356179,0.577811,-0.019701,0.995378,0.058852,0.073283
2.8726,-0.007807,0.356965,0.576687,-0.019759,0.995492,0.057621,0.072700
2.8825,-0.007593,0.357695,0.575559,-0.019818,0.995601,0.056409,0.072133
2.8927,-0.007421,0.358343,0.574450,-0.019898,0.995706,0.055242,0.071569
2.9023,-0.007248,0.358947,0.573244,-0.019946,0.995814,0.054023,0.070987
2.9127,-0.007113,0.359474,0.572021,-0.020036,0.995919,0.052819,0.070392
2.9229,-0.006986,0.359952,0.570707,-0.020087,0.996027,0.051562,0.069769
2.9325,-0.006887,0.360375,0.569354,-0.020174,0.996133,0.050305,0.069154
2.9428,-0.006801,0.360750,0.567906,-0.020259,0.996242,0.048966,0.068506
2.9528,-0.006718,0.361102,0.566436,-0.020326,0.996350,0.047629,0.067857
2.9627,-0.006656,0.361381,0.564927,-0.020414,0.996455,0.046281,0.067217
2.9725,-0.006613,0.361627,0.563349,-0.020494,0.996562,0.044902,0.066536
2.9826,-0.006569,0.361833,0.561780,-0.020547,0.996666,0.043530,0.065880
2.9924,-0.006551,0.362006,0.560192,-0.020636,0.996766,0.042180,0.065212
3.0026,-0.006527,0.362154,0.558569,-0.020698,0.996866,0.040800,0.064545
3.0125,-0.006516,0.362264,0.556888,-0.020784,0.996965,0.039360,0.063873
3.0226,-0.006494,0.362364,0.555196,-0.020836,0.997062,0.037931,0.063196
3.0324,-0.006500,0.362442,0.553481,-0.020929,0.997157,0.036498,0.062514
3.0427,-0.006493,0.362513,0.551728,-0.021009,0.997251,0.035000,0.061831
3.0527,-0.006499,0.362579,0.550001,-0.021098,0.997341,0.033564,0.061147
3.0625,-0.006479,0.362647,0.548234,-0.021167,0.997429,0.032070,0.060493
3.0727,-0.006466,0.362727,0.546504,-0.021241,0.997514,0.030618,0.059812
3.0829,-0.006450,0.362802,0.544780,-0.021332,0.997595,0.029140,0.059161
3.0927,-0.006411,0.362926,0.543046,-0.021414,0.997675,0.027653,0.058499
3.1025,-0.006358,0.363094,0.541344,-0.021500,0.997749,0.026199,0.057873
3.1128,-0.006283,0.363289,0.539633,-0.021564,0.997822,0.024704,0.057242
3.1226,-0.006204,0.363542,0.537983,-0.021654,0.997890,0.023280,0.056611
3.1324,-0.006087,0.363840,0.536362,-0.021710,0.997954,0.021871,0.056019
3.1425,-0.005961,0.364157,0.534797,-0.021796,0.998012,0.020514,0.055468
3.1524,-0.005819,0.364507,0.533278,-0.021836,0.998068,0.019204,0.054914
3.1626,-0.005634,0.364890,0.531837,-0.021871,0.998116,0.017977,0.054429
3.1724,-0.005455,0.365281,0.530449,-0.021882,0.998161,0.016838,0.053968
3.1830,-0.005252,0.365682,0.529147,-0.021868,0.998202,0.015772,0.053539
3.1926,-0.005025,0.366093,0.527889,-0.021855,0.998236,0.014785,0.053177
3.2027,-0.004782,0.366495,0.526700,-0.021824,0.998268,0.013928,0.052834
3.2126,-0.004506,0.366901,0.525545,-0.021724,0.998297,0.013139,0.052527
3.2226,-0.004196,0.367293,0.524462,-0.021556,0.998323,0.012475,0.052260
3.2324,-0.003852,0.367677,0.523413,-0.021354,0.998346,0.011889,0.052040
3.2430,-0.003454,0.368024,0.522409,-0.021071,0.998367,0.011383,0.051854
3.2526,-0.003036,0.368356,0.521486,-0.020729,0.998385,0.011017,0.051724
3.2629,-0.002577,0.368693,0.520587,-0.020332,0.998404,0.010706,0.051593
3.2729,-0.002072,0.368993,0.519731,-0.019835,0.998419,0.010488,0.051535
3.2826,-0.001538,0.369266,0.518936,-0.019293,0.998433,0.010338,0.051499
3.2925,-0.000976,0.369533,0.518182,-0.018714,0.998446,0.010292,0.051480
3.3026,-0.000363,0.369777,0.517469,-0.018038,0.998456,0.010306,0.051511
3.3124,0.000291,0.370002,0.516787,-0.017295,0.998467,0.010357,0.051557
3.3228,0.000953,0.370200,0.516148,-0.016529,0.998475,0.010484,0.051619
3.3326,0.001641,0.370404,0.515552,-0.015711,0.998481,0.010711,0.051722
3.3428,0.002362,0.370577,0.514982,-0.014864,0.998485,0.010934,0.051844
3.3525,0.003083,0.370737,0.514437,-0.013966,0.998489,0.011185,0.051956
3.3629,0.003795,0.370861,0.513970,-0.013094,0.998489,0.011536,0.052113
3.3726,0.004529,0.370984,0.513511,-0.012161,0.998488,0.011886,0.052271
3.3828,0.005262,0.371083,0.513076,-0.011266,0.998485,0.012228,0.052448
3.3926,0.005964,0.371176,0.512695,-0.010372,0.998481,0.012638,0.052614
3.4026,0.006676,0.371257,0.512301,-0.009467,0.998477,0.013047,0.052764
3.4125,0.007357,0.371321,0.511900,-0.008605,0.998472,0.013388,0.052924
3.4227,0.008011,0.371384,0.511504,-0.007762,0.998465,0.013768,0.053083
3.4326,0.008627,0.371441,0.511060,-0.007005,0.998461,0.014027,0.053189
3.4430,0.009229,0.371484,0.510633,-0.006238,0.998457,0.014313,0.053291
3.4528,0.009765,0.371507,0.510171,-0.005563,0.998453,0.014501,0.053391
3.4626,0.010277,0.371538,0.509679,-0.004933,0.998451,0.014658,0.053453
3.4725,0.010757,0.371551,0.509176,-0.004326,0.998450,0.014764,0.053494
3.4826,0.011194,0.371570,0.508634,-0.003788,0.998450,0.014814,0.053518
3.4925,0.011575,0.371565,0.508078,-0.003321,0.998452,0.014818,0.053515
3.5031,0.011956,0.371563,0.507473,-0.002844,0.998454,0.014753,0.053508
3.5125,0.012279,0.371566,0.506870,-0.002433,0.998458,0.014698,0.053469
3.5226,0.012580,0.371553,0.506200,-0.002068,0.998465,0.014549,0.053396
3.5325,0.012835,0.371525,0.505546,-0.001748,0.998471,0.014423,0.053339
3.5426,0.013069,0.371500,0.504847,-0.001472,0.998478,0.014236,0.053259
3.5525,0.013288,0.371455,0.504162,-0.001175,0.998485,0.014087,0.053179
3.5626,0.013490,0.371416,0.503462,-0.000928,0.998492,0.013884,0.053103
3.5727,0.013676,0.371370,0.502743,-0.000695,0.998499,0.013670,0.053027
3.5830,0.013844,0.371310,0.502077,-0.000469,0.998503,0.013535,0.052986
3.5928,0.013999,0.371270,0.501411,-0.000269,0.998508,0.013380,0.052942
3.6030,0.014137,0.371203,0.500725,-0.000084,0.998513,0.013203,0.052890
3.6125,0.014265,0.371140,0.500106,0.000091,0.998517,0.013098,0.052848
3.6231,0.014378,0.371062,0.499478,0.000251,0.998521,0.012958,0.052791
3.6328,0.014495,0.370993,0.498879,0.000428,0.998525,0.012825,0.052763
3.6427,0.014593,0.370926,0.498302,0.000587,0.998529,0.012681,0.052711
3.6525,0.014687,0.370853,0.497756,0.000755,0.998533,0.012563,0.052670
3.6625,0.014752,0.370768,0.497250,0.000865,0.998536,0.012441,0.052627
3.6726,0.014816,0.370693,0.496771,0.000972,0.998540,0.012307,0.052587
3.6829,0.014884,0.370617,0.496287,0.001097,0.998544,0.012135,0.052543
3.6927,0.014917,0.370530,0.495832,0.001178,0.998551,0.011961,0.052461
3.7025,0.014949,0.370441,0.495368,0.001259,0.998557,0.011746,0.052382
3.7129,0.014976,0.370339,0.494935,0.001330,0.998563,0.011528,0.052313
3.7230,0.015008,0.370254,0.494490,0.001429,0.998570,0.011292,0.052235
3.7326,0.015014,0.370138,0.494044,0.001476,0.998578,0.011013,0.052132
3.7426,0.015016,0.370022,0.493570,0.001536,0.998588,0.010692,0.052010
3.7528,0.015014,0.369913,0.493115,0.001579,0.998598,0.010366,0.051880
3.7626,0.015001,0.369799,0.492641,0.001623,0.998609,0.010010,0.051749
3.7726,0.014981,0.369680,0.492183,0.001661,0.998619,0.009644,0.051626
3.7827,0.014937,0.369546,0.491704,0.001685,0.998630,0.009252,0.051474
3.7927,0.014900,0.369411,0.491239,0.001708,0.998641,0.008850,0.051336
3.8028,0.014847,0.369287,0.490741,0.001709,0.998654,0.008414,0.051151
3.8125,0.014785,0.369137,0.490304,0.001683,0.998664,0.008032,0.051009
3.8231,0.014723,0.369001,0.489838,0.001698,0.998676,0.007632,0.050845
3.8327,0.014677,0.368861,0.489432,0.001707,0.998685,0.007285,0.050726
3.8426,0.014619,0.368723,0.489018,0.001719,0.998694,0.006909,0.050591
3.8529,0.014563,0.368580,0.488610,0.001698,0.998703,0.006551,0.050455
3.8628,0.014520,0.368454,0.488199,0.001701,0.998713,0.006190,0.050314
3.8724,0.014475,0.368323,0.487824,0.001729,0.998722,0.005865,0.050177
3.8829,0.014429,0.368198,0.487440,0.001710,0.998729,0.005521,0.050062
3.8925,0.014401,0.368078,0.487024,0.001724,0.998739,0.005137,0.049913
3.9026,0.014364,0.367946,0.486651,0.001722,0.998746,0.004803,0.049796
3.9128,0.014358,0.367824,0.486225,0.001750,0.998755,0.004414,0.049656
3.9229,0.014320,0.367711,0.485800,0.001749,0.998765,0.004042,0.049490
3.9328,0.014312,0.367600,0.485400,0.001770,0.998772,0.003684,0.049367
3.9426,0.014282,0.367498,0.484963,0.001762,0.998781,0.003285,0.049213
3.9526,0.014271,0.367390,0.484568,0.001796,0.998789,0.002950,0.049077
3.9632,0.014271,0.367304,0.484146,0.001814,0.998797,0.002579,0.048936
3.9725,0.014263,0.367222,0.483742,0.001825,0.998803,0.002257,0.048832
3.9828,0.014265,0.367139,0.483338,0.001846,0.998810,0.001959,0.048702
3.9927,0.014278,0.367082,0.482897,0.001851,0.998815,0.001615,0.048596
4.0026,0.014265,0.367027,0.482442,0.001818,0.998822,0.001329,0.048477
4.0126,0.014273,0.366993,0.481949,0.001813,0.998828,0.001027,0.048358
4.0223,0.014292,0.366955,0.481469,0.001824,0.998833,0.000773,0.048253
4.0324,0.014327,0.366930,0.480932,0.001861,0.998837,0.000533,0.048169
4.0425,0.014377,0.366910,0.480390,0.001913,0.998841,0.000334,0.048089
4.0525,0.014429,0.366907,0.479828,0.001940,0.998844,0.000150,0.048024
4.0628,0.014502,0.366904,0.479259,0.002006,0.998846,0.000032,0.047980
4.0728,0.014579,0.366910,0.478652,0.002101,0.998848,-0.000078,0.047942
4.0826,0.014696,0.366924,0.478063,0.002210,0.998848,-0.000125,0.047944
4.0924,0.014832,0.366949,0.477482,0.002380,0.998847,-0.000093,0.047940
4.1028,0.015017,0.366970,0.476876,0.002605,0.998845,-0.000043,0.047987
4.1125,0.015251,0.367013,0.476274,0.002860,0.998841,0.000043,0.048040
4.1227,0.015528,0.367048,0.475681,0.003234,0.998837,0.000217,0.048101
4.1325,0.015883,0.367111,0.475075,0.003673,0.998832,0.000414,0.048183
4.1428,0.016286,0.367155,0.474510,0.004170,0.998823,0.000666,0.048314
4.1526,0.016754,0.367220,0.473907,0.004758,0.998815,0.000923,0.048426
4.1630,0.017283,0.367291,0.473333,0.005431,0.998804,0.001248,0.048567
4.1727,0.017868,0.367356,0.472717,0.006181,0.998793,0.001523,0.048703
4.1826,0.018513,0.367423,0.472085,0.007026,0.998781,0.001791,0.048830
4.1926,0.019210,0.367502,0.471433,0.007904,0.998767,0.002074,0.048975
4.2027,0.020005,0.367582,0.470720,0.008889,0.998752,0.002330,0.049101
4.2126,0.020871,0.367666,0.469915,0.009988,0.998735,0.002522,0.049221
4.2227,0.021804,0.367755,0.469116,0.011146,0.998715,0.002767,0.049353
4.2326,0.022835,0.367835,0.468200,0.012437,0.998695,0.002917,0.049454
4.2428,0.023899,0.367916,0.467250,0.013781,0.998672,0.003057,0.049549
4.2524,0.025013,0.367991,0.466221,0.015167,0.998649,0.003109,0.049605
4.2626,0.026179,0.368073,0.465179,0.016584,0.998623,0.003170,0.049679
4.2725,0.027376,0.368136,0.464086,0.018070,0.998594,0.003207,0.049737
4.2827,0.028599,0.368183,0.462944,0.019571,0.998564,0.003175,0.049761
4.2926,0.029849,0.368239,0.461776,0.021061,0.998535,0.003089,0.049753
4.3026,0.031107,0.368266,0.460523,0.022479,0.998503,0.002985,0.049782
4.3127,0.032368,0.368256,0.459198,0.023828,0.998474,0.002761,0.049736
4.3230,0.033594,0.368254,0.457788,0.025040,0.998449,0.002488,0.049665
4.3328,0.034837,0.368227,0.456335,0.026136,0.998425,0.002177,0.049591
4.3430,0.036058,0.368159,0.454817,0.027077,0.998406,0.001755,0.049497
4.3525,0.037250,0.368066,0.453288,0.027847,0.998391,0.001323,0.049386
4.3630,0.038467,0.367965,0.451742,0.028517,0.998378,0.000893,0.049268
4.3727,0.039684,0.367841,0.450160,0.028986,0.998370,0.000425,0.049159
4.3825,0.040905,0.367679,0.448579,0.029282,0.998368,-0.000077,0.049027
4.3924,0.042138,0.367509,0.446992,0.029445,0.998370,-0.000600,0.048885
4.4023,0.043366,0.367314,0.445378,0.029389,0.998378,-0.001105,0.048749
4.4126,0.044591,0.367081,0.443703,0.029177,0.998392,-0.001729,0.048577
4.4228,0.045791,0.366823,0.442021,0.028758,0.998412,-0.002350,0.048380
4.4323,0.047029,0.366574,0.440318,0.028288,0.998433,-0.002920,0.048191
4.4427,0.048291,0.366244,0.438547,0.027776,0.998455,-0.003609,0.047987
4.4525,0.049610,0.365917,0.436769,0.027238,0.998479,-0.004257,0.047754
4.4626,0.050999,0.365546,0.434981,0.026657,0.998502,-0.004901,0.047525
4.4724,0.052467,0.365163,0.433169,0.026108,0.998524,-0.005547,0.047305
4.4827,0.053963,0.364725,0.431375,0.025608,0.998543,-0.006168,0.047091
4.4925,0.055475,0.364285,0.429575,0.025078,0.998564,-0.006829,0.046853
4.5027,0.057008,0.363821,0.427719,0.024667,0.998582,-0.007527,0.046570
4.5125,0.058572,0.363322,0.425896,0.024300,0.998598,-0.008200,0.046313
4.5232,0.060146,0.362788,0.424046,0.023949,0.998614,-0.008915,0.046004
4.5326,0.061777,0.362234,0.422249,0.023749,0.998627,-0.009602,0.045701
4.5428,0.063445,0.361667,0.420452,0.023683,0.998635,-0.010328,0.045389
4.5529,0.065076,0.361101,0.418769,0.023687,0.998642,-0.010945,0.045094
4.5627,0.066663,0.360552,0.417087,0.023790,0.998648,-0.011559,0.044747
4.5727,0.068228,0.359979,0.415443,0.023957,0.998651,-0.012234,0.044418
4.5826,0.069724,0.359409,0.413844,0.024155,0.998654,-0.012872,0.044063
4.5926,0.071214,0.358851,0.412336,0.024455,0.998653,-0.013497,0.043721
4.6026,0.072678,0.358299,0.410888,0.024876,0.998651,-0.014057,0.043360
4.6126,0.074122,0.357722,0.409494,0.025441,0.998641,-0.014653,0.043050
4.6227,0.075502,0.357198,0.408230,0.026050,0.998631,-0.015139,0.042754
4.6327,0.076763,0.356695,0.407006,0.026664,0.998621,-0.015651,0.042435
4.6427,0.077937,0.356223,0.405849,0.027311,0.998608,-0.016158,0.042123
4.6524,0.079000,0.355765,0.404797,0.027960,0.998596,-0.016613,0.041816
4.6624,0.079997,0.355347,0.403867,0.028647,0.998580,-0.017006,0.041573
4.6725,0.080901,0.354961,0.403016,0.029344,0.998564,-0.017352,0.041314
4.6827,0.081723,0.354602,0.402286,0.030060,0.998547,-0.017629,0.041106
4.6925,0.082473,0.354283,0.401618,0.030713,0.998530,-0.017944,0.040898
4.7025,0.083128,0.354008,0.401072,0.031381,0.998512,-0.018169,0.040726
4.7129,0.083716,0.353767,0.400545,0.031985,0.998496,-0.018437,0.040523
4.7227,0.084189,0.353556,0.400159,0.032516,0.998480,-0.018603,0.040422
4.7325,0.084595,0.353381,0.399819,0.033023,0.998466,-0.018765,0.040290
4.7425,0.084907,0.353232,0.399567,0.033455,0.998454,-0.018857,0.040187
4.7529,0.085151,0.353101,0.399370,0.033832,0.998441,-0.018943,0.040143
4.7626,0.085329,0.352997,0.399229,0.034148,0.998431,-0.018999,0.040103
4.7727,0.085449,0.352910,0.399109,0.034417,0.998422,-0.019051,0.040067
4.7825,0.085502,0.352837,0.399031,0.034586,0.998417,-0.019120,0.040032
4.7926,0.085522,0.352783,0.398952,0.034700,0.998414,-0.019161,0.039980
4.8027,0.085495,0.352725,0.398891,0.034785,0.998410,-0.019220,0.039981
4.8126,0.085402,0.352669,0.398801,0.034821,0.998410,-0.019310,0.039896
4.8227,0.085281,0.352609,0.398717,0.034848,0.998409,-0.019382,0.039873
4.8325,0.085137,0.352540,0.398588,0.034868,0.998409,-0.019493,0.039801
4.8423,0.084983,0.352446,0.398417,0.034875,0.998409,-0.019656,0.039713
4.8526,0.084801,0.352321,0.398180,0.034877,0.998409,-0.019883,0.039602
4.8626,0.084617,0.352172,0.397925,0.034878,0.998409,-0.020120,0.039484
4.8726,0.084413,0.351996,0.397580,0.034898,0.998407,-0.020439,0.039332
4.8826,0.084170,0.351777,0.397170,0.034882,0.998408,-0.020822,0.039127
4.8929,0.083938,0.351533,0.396700,0.034894,0.998407,-0.021254,0.038911
4.9027,0.083677,0.351238,0.396139,0.034916,0.998404,-0.021748,0.038689
4.9127,0.083373,0.350893,0.395505,0.034887,0.998402,-0.022329,0.038440
4.9225,0.083072,0.350500,0.394784,0.034917,0.998398,-0.022967,0.038129
4.9329,0.082756,0.350097,0.394040,0.034897,0.998395,-0.023613,0.037852
4.9427,0.082415,0.349639,0.393210,0.034895,0.998388,-0.024351,0.037550
4.9528,0.082082,0.349150,0.392377,0.034914,0.998381,-0.025094,0.037243
4.9630,0.081729,0.348643,0.391530,0.034912,0.998372,-0.025834,0.036970
4.9727,0.081364,0.348097,0.390713,0.034926,0.998362,-0.026551,0.036728
4.9827,0.081015,0.347534,0.389868,0.034939,0.998351,-0.027285,0.036466
4.9928,0.080667,0.346947,0.389083,0.035018,0.998338,-0.027956,0.036253
5.0027,0.080284,0.346343,0.388311,0.035061,0.998325,-0.028608,0.036052
5.0126,0.079914,0.345727,0.387554,0.035100,0.998313,-0.029256,0.035831
5.0226,0.079544,0.345082,0.386860,0.035168,0.998298,-0.029860,0.035672
5.0327,0.079147,0.344452,0.386181,0.035229,0.998287,-0.030398,0.035469
5.0424,0.078764,0.343828,0.385551,0.035298,0.998274,-0.030914,0.035320
5.0525,0.078395,0.343201,0.384968,0.035363,0.998261,-0.031412,0.035177
5.0628,0.078007,0.342591,0.384411,0.035394,0.998252,-0.031860,0.035009
5.0726,0.077619,0.341981,0.383878,0.035438,0.998242,-0.032289,0.034842
5.0826,0.077254,0.341371,0.383350,0.035533,0.998230,-0.032736,0.034665
5.0924,0.076883,0.340779,0.382857,0.035579,0.998221,-0.033110,0.034528
5.1025,0.076498,0.340191,0.382354,0.035646,0.998214,-0.033480,0.034325
5.1128,0.076093,0.339577,0.381851,0.035658,0.998207,-0.033857,0.034118
5.1227,0.075691,0.338968,0.381337,0.035713,0.998200,-0.034227,0.033895
5.1325,0.075302,0.338368,0.380802,0.035760,0.998193,-0.034598,0.033676
5.1426,0.074915,0.337777,0.380230,0.035815,0.998186,-0.035007,0.033412
5.1527,0.074517,0.337190,0.379630,0.035824,0.998180,-0.035436,0.033124
5.1627,0.074139,0.336628,0.379032,0.035836,0.998174,-0.035849,0.032858
5.1727,0.073750,0.336048,0.378325,0.035878,0.998166,-0.036348,0.032491
5.1829,0.073350,0.335468,0.377564,0.035904,0.998157,-0.036906,0.032121
5.1928,0.072959,0.334878,0.376770,0.035925,0.998148,-0.037471,0.031702
5.2025,0.072548,0.334277,0.375905,0.035937,0.998138,-0.038083,0.031291
5.2125,0.072125,0.333647,0.374980,0.035947,0.998127,-0.038724,0.030828
5.2226,0.071695,0.333025,0.374053,0.035961,0.998115,-0.039348,0.030401
5.2326,0.071264,0.332378,0.373082,0.036005,0.998102,-0.039984,0.029944
5.2429,0.070810,0.331721,0.372080,0.036026,0.998089,-0.040670,0.029443
5.2526,0.070352,0.331058,0.371131,0.036018,0.998077,-0.041271,0.029007
5.2627,0.069917,0.330408,0.370197,0.036045,0.998063,-0.041881,0.028569
5.2725,0.069481,0.329765,0.369308,0.036069,0.998051,-0.042442,0.028141
5.2829,0.069051,0.329139,0.368455,0.036095,0.998038,-0.042980,0.027756
5.2927,0.068642,0.328541,0.367665,0.036132,0.998026,-0.043450,0.027391
5.3027,0.068240,0.327970,0.366926,0.036132,0.998016,-0.043878,0.027065
5.3125,0.067880,0.327436,0.366264,0.036169,0.998007,-0.044259,0.026754
5.3229,0.067526,0.326938,0.365638,0.036228,0.997997,-0.044606,0.026450
5.3324,0.067182,0.326468,0.365087,0.036223,0.997992,-0.044877,0.026188
5.3425,0.066877,0.326043,0.364592,0.036252,0.997985,-0.045143,0.025948
5.3527,0.066585,0.325652,0.364118,0.036283,0.997979,-0.045389,0.025713
5.3625,0.066310,0.325299,0.363746,0.036295,0.997975,-0.045569,0.025544
5.3726,0.066044,0.324986,0.363362,0.036295,0.997971,-0.045777,0.025334
5.3827,0.065791,0.324705,0.363033,0.036270,0.997969,-0.045938,0.025152
5.3926,0.065566,0.324463,0.362739,0.036280,0.997965,-0.046102,0.024975
5.4029,0.065357,0.324243,0.362439,0.036303,0.997962,-0.046265,0.024767
5.4125,0.065144,0.324053,0.362182,0.036305,0.997960,-0.046396,0.024592
5.4230,0.064948,0.323895,0.361922,0.036316,0.997959,-0.046540,0.024366
5.4325,0.064775,0.323760,0.361693,0.036363,0.997956,-0.046661,0.024164
5.4425,0.064582,0.323630,0.361462,0.036367,0.997956,-0.046788,0.023939
5.4527,0.064438,0.323537,0.361267,0.036438,0.997954,-0.046882,0.023715
5.4629,0.064265,0.323448,0.361052,0.036473,0.997953,-0.047002,0.023473
5.4725,0.064115,0.323392,0.360889,0.036539,0.997953,-0.047063,0.023235
5.4833,0.063971,0.323361,0.360720,0.036585,0.997955,-0.047118,0.022972
5.4926,0.063831,0.323336,0.360562,0.036666,0.997954,-0.047193,0.022712
5.5026,0.063711,0.323336,0.360432,0.036737,0.997956,-0.047218,0.022460
5.5126,0.063576,0.323341,0.360307,0.036828,0.997958,-0.047225,0.022201
5.5226,0.063447,0.323348,0.360153,0.036896,0.997960,-0.047276,0.021903
5.5324,0.063314,0.323370,0.360029,0.036962,0.997964,-0.047273,0.021621
5.5426,0.063179,0.323398,0.359896,0.037049,0.997968,-0.047266,0.021283
5.5528,0.063020,0.323426,0.359748,0.037095,0.997974,-0.047259,0.020959
5.5625,0.062849,0.323454,0.359605,0.037165,0.997980,-0.047231,0.020580
5.5726,0.062681,0.323495,0.359431,0.037207,0.997988,-0.047216,0.020160
5.5827,0.062484,0.323534,0.359239,0.037219,0.998000,-0.047163,0.019670
5.5926,0.062279,0.323585,0.359053,0.037252,0.998011,-0.047112,0.019145
5.6024,0.062037,0.323625,0.358825,0.037281,0.998027,-0.047004,0.018532
5.6125,0.061774,0.323668,0.358549,0.037314,0.998044,-0.046914,0.017763
5.6224,0.061491,0.323725,0.358277,0.037332,0.998066,-0.046737,0.016928
5.6328,0.061169,0.323779,0.357951,0.037376,0.998089,-0.046562,0.015914
5.6426,0.060828,0.323849,0.357599,0.037420,0.998116,-0.046324,0.014790
5.6526,0.060468,0.323915,0.357205,0.037459,0.998143,-0.046083,0.013541
5.6628,0.060085,0.323999,0.356795,0.037534,0.998172,-0.045780,0.012187
5.6728,0.059666,0.324084,0.356348,0.037632,0.998202,-0.045419,0.010649
5.6829,0.059225,0.324167,0.355842,0.037757,0.998229,-0.045088,0.009004
5.6927,0.058765,0.324249,0.355323,0.037903,0.998255,-0.044692,0.007240
5.7026,0.058283,0.324351,0.354741,0.038119,0.998277,-0.044285,0.005332
5.7127,0.057788,0.324439,0.354114,0.038398,0.998291,-0.043918,0.003372
5.7226,0.057289,0.324529,0.353466,0.038773,0.998298,-0.043545,0.001363
5.7328,0.056803,0.324611,0.352803,-0.039249,-0.998295,0.043199,0.000634
5.7427,0.056294,0.324663,0.352080,-0.039769,-0.998282,0.042939,0.002651
5.7526,0.055812,0.324733,0.351342,-0.040379,-0.998262,0.042673,0.004644
5.7628,0.055320,0.324785,0.350579,-0.041042,-0.998233,0.042459,0.006631
5.7727,0.054849,0.324826,0.349767,-0.041808,-0.998191,0.042349,0.008546
5.7824,0.054397,0.324854,0.348965,-0.042633,-0.998143,0.042257,0.010399
5.7926,0.053942,0.324860,0.348124,-0.043483,-0.998086,0.042269,0.012158
5.8028,0.053528,0.324848,0.347286,-0.044431,-0.998019,0.042351,0.013778
5.8124,0.053104,0.324802,0.346391,-0.045379,-0.997945,0.042567,0.015282
5.8227,0.052714,0.324759,0.345511,-0.046395,-0.997865,0.042835,0.016679
5.8326,0.052342,0.324690,0.344670,-0.047427,-0.997783,0.043129,0.017887
5.8423,0.051975,0.324627,0.343830,-0.048504,-0.997696,0.043469,0.018984
5.8526,0.051613,0.324556,0.343030,-0.049570,-0.997609,0.043833,0.019966
5.8629,0.051259,0.324476,0.342242,-0.050606,-0.997521,0.044239,0.020821
5.8728,0.050902,0.324402,0.341491,-0.051611,-0.997435,0.044652,0.021565
5.8826,0.050538,0.324324,0.340781,-0.052604,-0.997351,0.045073,0.022172
5.8927,0.050154,0.324261,0.340125,-0.053463,-0.997276,0.045474,0.022698
5.9023,0.049771,0.324211,0.339526,-0.054294,-0.997203,0.045885,0.023065
5.9125,0.049363,0.324187,0.338944,-0.055010,-0.997138,0.046291,0.023393
5.9227,0.048916,0.324166,0.338399,-0.055598,-0.997081,0.046678,0.023642
5.9325,0.048433,0.324172,0.337859,-0.056017,-0.997033,0.047108,0.023851
5.9428,0.047945,0.324185,0.337347,-0.056360,-0.996989,0.047550,0.023994
5.9525,0.047422,0.324221,0.336841,-0.056544,-0.996953,0.048004,0.024145
5.9631,0.046866,0.324290,0.336335,-0.056548,-0.996928,0.048458,0.024274
5.9724,0.046278,0.324375,0.335775,-0.056434,-0.996903,0.049020,0.024435
5.9827,0.045641,0.324476,0.335147,-0.056133,-0.996882,0.049691,0.024628
5.9927,0.044952,0.324599,0.334449,-0.055641,-0.996865,0.050451,0.024865
6.0029,0.044236,0.324762,0.333644,-0.055012,-0.996845,0.051364,0.025201
6.0124,0.043489,0.324935,0.332762,-0.054230,-0.996827,0.052366,0.025566
6.0225,0.042750,0.325118,0.331782,-0.053371,-0.996801,0.053510,0.026005
6.0327,0.042017,0.325317,0.330738,-0.052432,-0.996772,0.054743,0.026467
6.0425,0.041293,0.325531,0.329637,-0.051433,-0.996737,0.056035,0.027008
6.0526,0.040589,0.325742,0.328503,-0.050366,-0.996700,0.057387,0.027551
6.0626,0.039920,0.325941,0.327318,-0.049340,-0.996655,0.058759,0.028127
6.0727,0.039266,0.326144,0.326161,-0.048281,-0.996610,0.060105,0.028702
6.0828,0.038638,0.326350,0.325030,-0.047240,-0.996567,0.061372,0.029269
6.0925,0.038024,0.326550,0.323914,-0.046179,-0.996525,0.062585,0.029813
6.1026,0.037458,0.326748,0.322871,-0.045168,-0.996488,0.063679,0.030289
6.1125,0.036909,0.326942,0.321860,-0.044184,-0.996454,0.064674,0.030728
6.1227,0.036397,0.327119,0.320929,-0.043252,-0.996430,0.065496,0.031102
6.1329,0.035905,0.327301,0.320071,-0.042350,-0.996415,0.066172,0.031397
6.1427,0.035470,0.327480,0.319273,-0.041520,-0.996407,0.066707,0.031621
6.1528,0.035083,0.327649,0.318554,-0.040755,-0.996409,0.067081,0.031760
6.1625,0.034738,0.327827,0.317932,-0.040061,-0.996422,0.067288,0.031797
6.1726,0.034451,0.328019,0.317399,-0.039449,-0.996447,0.067294,0.031775
6.1828,0.034206,0.328182,0.316896,-0.038863,-0.996479,0.067202,0.031688
6.1925,0.034017,0.328379,0.316514,-0.038326,-0.996525,0.066907,0.031511
6.2027,0.033854,0.328566,0.316170,-0.037844,-0.996579,0.066465,0.031299
6.2124,0.033746,0.328776,0.315945,-0.037428,-0.996648,0.065824,0.030977
6.2224,0.033681,0.328984,0.315748,-0.037062,-0.996719,0.065113,0.030628
6.2325,0.033656,0.329209,0.315645,-0.036739,-0.996801,0.064237,0.030177
6.2425,0.033658,0.329443,0.315593,-0.036438,-0.996891,0.063241,0.029687
6.2525,0.033695,0.329676,0.315562,-0.036223,-0.996979,0.062198,0.029177
6.2627,0.033758,0.329921,0.315607,-0.036040,-0.997070,0.061095,0.028624
6.2727,0.033850,0.330171,0.315686,-0.035882,-0.997163,0.059939,0.028035
6.2828,0.033941,0.330416,0.315791,-0.035750,-0.997255,0.058744,0.027448
6.2923,0.034058,0.330656,0.315906,-0.035642,-0.997343,0.057577,0.026850
6.3027,0.034213,0.330928,0.316026,-0.035594,-0.997429,0.056384,0.026246
6.3128,0.034370,0.331206,0.316156,-0.035539,-0.997515,0.055169,0.025650
6.3228,0.034537,0.331498,0.316288,-0.035467,-0.997596,0.054017,0.025044
6.3324,0.034721,0.331818,0.316362,-0.035424,-0.997670,0.052906,0.024499
6.3429,0.034906,0.332169,0.316431,-0.035357,-0.997743,0.051819,0.023964
6.3525,0.035152,0.332557,0.316468,-0.035331,-0.997809,0.050785,0.023437
6.3626,0.035384,0.332970,0.316435,-0.035293,-0.997868,0.049872,0.022960
6.3726,0.035669,0.333460,0.316305,-0.035234,-0.997921,0.049029,0.022545
6.3827,0.035978,0.333982,0.316133,-0.035200,-0.997969,0.048261,0.022151
6.3924,0.036314,0.334572,0.315831,-0.035137,-0.998008,0.047638,0.021840
6.4025,0.036699,0.335238,0.315435,-0.035064,-0.998044,0.047055,0.021554
6.4125,0.037118,0.335965,0.314955,-0.035006,-0.998074,0.046564,0.021307
6.4225,0.037565,0.336734,0.314405,-0.034922,-0.998101,0.046144,0.021092
6.4326,0.038044,0.337549,0.313793,-0.034842,-0.998127,0.045745,0.020886
6.4429,0.038525,0.338404,0.313156,-0.034735,-0.998154,0.045318,0.020674
6.4524,0.039034,0.339282,0.312514,-0.034657,-0.998180,0.044909,0.020468
6.4628,0.039534,0.340170,0.311804,-0.034539,-0.998203,0.044563,0.020307
6.4727,0.040044,0.341055,0.311087,-0.034429,-0.998224,0.044235,0.020147
6.4829,0.040545,0.341940,0.310367,-0.034310,-0.998246,0.043907,0.019980
6.4925,0.041043,0.342820,0.309646,-0.034188,-0.998268,0.043578,0.019821
6.5025,0.041537,0.343683,0.308966,-0.034049,-0.998293,0.043204,0.019617
6.5126,0.042015,0.344539,0.308323,-0.033911,-0.998322,0.042738,0.019389
6.5226,0.042499,0.345393,0.307727,-0.033771,-0.998356,0.042195,0.019097
6.5326,0.042978,0.346263,0.307175,-0.033636,-0.998393,0.041561,0.018806
6.5428,0.043448,0.347111,0.306634,-0.033490,-0.998429,0.040951,0.018475
6.5528,0.043914,0.347955,0.306081,-0.033363,-0.998462,0.040378,0.018187
6.5626,0.044390,0.348793,0.305523,-0.033233,-0.998493,0.039841,0.017906
6.5728,0.044849,0.349645,0.304964,-0.033089,-0.998522,0.039348,0.017639
6.5827,0.045317,0.350493,0.304423,-0.032944,-0.998552,0.038828,0.017374
6.5926,0.045781,0.351347,0.303860,-0.032806,-0.998580,0.038325,0.017126
6.6027,0.046268,0.352234,0.303292,-0.032667,-0.998609,0.037809,0.016849
6.6126,0.046767,0.353148,0.302717,-0.032522,-0.998637,0.037302,0.016584
6.6227,0.047272,0.354083,0.302100,-0.032392,-0.998662,0.036849,0.016363
6.6326,0.047786,0.355048,0.301395,-0.032234,-0.998682,0.036517,0.016185
6.6428,0.048311,0.356025,0.300646,-0.032087,-0.998698,0.036261,0.016052
6.6526,0.048867,0.357030,0.299830,-0.031975,-0.998709,0.036104,0.015979
6.6625,0.049416,0.358045,0.298955,-0.031868,-0.998715,0.036031,0.015937
6.6728,0.049963,0.359053,0.298033,-0.031752,-0.998719,0.036021,0.015948
6.6829,0.050505,0.360056,0.297152,-0.031634,-0.998723,0.036015,0.015941
6.6926,0.051045,0.361045,0.296208,-0.031547,-0.998723,0.036076,0.015991
6.7029,0.051581,0.362027,0.295277,-0.031454,-0.998723,0.036152,0.016031
6.7127,0.052126,0.362997,0.294344,-0.031394,-0.998720,0.036250,0.016076
6.7229,0.052648,0.363970,0.293344,-0.031295,-0.998713,0.036464,0.016197
6.7326,0.053178,0.364932,0.292332,-0.031220,-0.998705,0.036700,0.016308
6.7427,0.053670,0.365867,0.291323,-0.031148,-0.998697,0.036937,0.016451
6.7525,0.054175,0.366774,0.290336,-0.031082,-0.998690,0.037142,0.016535
6.7631,0.054663,0.367644,0.289404,-0.031066,-0.998684,0.037274,0.016609
6.7726,0.055139,0.368514,0.288536,-0.031019,-0.998682,0.037334,0.016665
6.7825,0.055604,0.369349,0.287759,-0.030980,-0.998685,0.037306,0.016631
6.7928,0.056055,0.370179,0.287061,-0.030943,-0.998693,0.037166,0.016543
6.8026,0.056505,0.370987,0.286386,-0.030913,-0.998701,0.037015,0.016464
6.8125,0.056929,0.371775,0.285792,-0.030857,-0.998713,0.036767,0.016353
6.8227,0.057343,0.372533,0.285250,-0.030846,-0.998726,0.036496,0.016203
6.8325,0.057778,0.373280,0.284863,-0.030826,-0.998747,0.036042,0.015952
6.8430,0.058178,0.374007,0.284605,-0.030807,-0.998776,0.035420,0.015608
6.8525,0.058583,0.374724,0.284508,-0.030794,-0.998811,0.034604,0.015188
6.8628,0.058975,0.375433,0.284555,-0.030781,-0.998852,0.033648,0.014680
6.8726,0.059357,0.376107,0.284695,-0.030758,-0.998895,0.032606,0.014104
6.8825,0.059738,0.376787,0.284948,-0.030758,-0.998942,0.031431,0.013479
6.8925,0.060134,0.377456,0.285339,-0.030771,-0.998990,0.030159,0.012774
6.9023,0.060563,0.378163,0.285863,-0.030785,-0.999042,0.028739,0.011928
6.9128,0.060976,0.378861,0.286523,-0.030812,-0.999095,0.027161,0.011038
6.9228,0.061391,0.379577,0.287304,-0.030808,-0.999150,0.025476,0.010093
6.9325,0.061849,0.380313,0.288224,-0.030848,-0.999202,0.023697,0.009045
6.9426,0.062317,0.381083,0.289258,-0.030878,-0.999254,0.021808,0.007926
6.9526,0.062802,0.381869,0.290380,-0.030949,-0.999300,0.019888,0.006740
6.9626,0.063320,0.382661,0.291619,-0.031009,-0.999344,0.017890,0.005515
6.9725,0.063819,0.383456,0.292935,-0.031073,-0.999382,0.015896,0.004247
6.9825,0.064340,0.384270,0.294353,-0.031146,-0.999415,0.013800,0.002938
6.9928,0.064849,0.385068,0.295830,-0.031197,-0.999443,0.011759,0.001607
7.0030,0.065393,0.385889,0.297366,-0.031272,-0.999464,0.009711,0.000270
7.0125,0.065918,0.386710,0.298960,0.031340,0.999479,-0.007660,0.001050
7.0227,0.066452,0.387526,0.300573,0.031403,0.999488,-0.005678,0.002382
7.0325,0.066974,0.388323,0.302214,0.031449,0.999492,-0.003752,0.003679
7.0423,0.067497,0.389128,0.303909,0.031507,0.999490,-0.001813,0.004963
7.0525,0.068012,0.389901,0.305594,0.031576,0.999482,0.000057,0.006223
7.0625,0.068499,0.390658,0.307285,0.031640,0.999470,0.001862,0.007437
7.0727,0.068982,0.391404,0.308984,0.031707,0.999454,0.003638,0.008600
7.0829,0.069470,0.392150,0.310714,0.031756,0.999433,0.005383,0.009794
7.0927,0.069914,0.392847,0.312369,0.031800,0.999411,0.007040,0.010843
7.1027,0.070351,0.393523,0.314003,0.031873,0.999384,0.008626,0.011847
7.1126,0.070782,0.394171,0.315617,0.031944,0.999355,0.010156,0.012848
7.1225,0.071176,0.394794,0.317172,0.032019,0.999325,0.011612,0.013733
7.1326,0.071560,0.395371,0.318717,0.032086,0.999293,0.013037,0.014626
7.1428,0.071920,0.395912,0.320171,0.032190,0.999259,0.014372,0.015425
7.1526,0.072271,0.396404,0.321558,0.032299,0.999224,0.015649,0.016218
7.1628,0.072589,0.396852,0.322887,0.032410,0.999189,0.016852,0.016942
7.1725,0.072878,0.397281,0.324168,0.032502,0.999154,0.018020,0.017611
7.1827,0.073164,0.397659,0.325384,0.032615,0.999118,0.019115,0.018271
7.1926,0.073397,0.398001,0.326508,0.032705,0.999085,0.020103,0.018835
7.2028,0.073597,0.398304,0.327603,0.032776,0.999052,0.021109,0.019375
7.2126,0.073771,0.398565,0.328585,0.032868,0.999021,0.021980,0.019825
7.2224,0.073932,0.398784,0.329483,0.032967,0.998992,0.022765,0.020239
7.2324,0.074083,0.398960,0.330297,0.033036,0.998966,0.023481,0.020608
7.2425,0.074189,0.399111,0.331028,0.033103,0.998942,0.024087,0.020937
7.2525,0.074284,0.399222,0.331703,0.033159,0.998920,0.024659,0.021232
7.2626,0.074368,0.399312,0.332246,0.033218,0.998902,0.025098,0.021468
7.2727,0.074420,0.399370,0.332730,0.033271,0.998886,0.025490,0.021668
7.2826,0.074466,0.399411,0.333164,0.033299,0.998873,0.025824,0.021824
7.2926,0.074511,0.399440,0.333494,0.033336,0.998864,0.026034,0.021945
7.3027,0.074528,0.399437,0.333741,0.033362,0.998858,0.026167,0.022004
7.3126,0.074555,0.399439,0.333944,0.033384,0.998855,0.026265,0.022027
7.3227,0.074575,0.399428,0.334082,0.033412,0.998852,0.026297,0.022059
7.3325,0.074614,0.399410,0.334143,0.033482,0.998852,0.026229,0.022032
7.3427,0.074640,0.399389,0.334156,0.033505,0.998855,0.026118,0.021985
7.3526,0.074674,0.399372,0.334084,0.033540,0.998861,0.025936,0.021891
7.3626,0.074690,0.399353,0.333964,0.033563,0.998869,0.025699,0.021751
7.3725,0.074722,0.399351,0.333825,0.033591,0.998878,0.025447,0.021619
7.3825,0.074784,0.399353,0.333693,0.033620,0.998885,0.025220,0.021519
7.3929,0.074815,0.399339,0.333480,0.033641,0.998895,0.024905,0.021370
7.4028,0.074899,0.399342,0.333282,0.033688,0.998903,0.024606,0.021251
7.4128,0.074969,0.399354,0.333079,0.033740,0.998911,0.024346,0.021128
7.4230,0.075057,0.399377,0.332866,0.033778,0.998919,0.024063,0.021019
7.4327,0.075177,0.399426,0.332631,0.033862,0.998924,0.023791,0.020912
7.4425,0.075312,0.399479,0.332399,0.033912,0.998932,0.023506,0.020798
7.4525,0.075466,0.399542,0.332169,0.034018,0.998937,0.023242,0.020692
7.4626,0.075651,0.399613,0.331909,0.034127,0.998942,0.022939,0.020574
7.4728,0.075855,0.399714,0.331664,0.034236,0.998947,0.022666,0.020465
7.4824,0.076080,0.399824,0.331403,0.034347,0.998952,0.022377,0.020363
7.4927,0.076349,0.399994,0.331151,0.034480,0.998956,0.022090,0.020234
7.5023,0.076641,0.400189,0.330879,0.034620,0.998961,0.021787,0.020107
7.5126,0.076988,0.400455,0.330620,0.034751,0.998965,0.021491,0.019977
7.5226,0.077366,0.400776,0.330337,0.034879,0.998970,0.021149,0.019855
7.5326,0.077801,0.401185,0.330062,0.035013,0.998976,0.020815,0.019705
7.5423,0.078277,0.401687,0.329819,0.035128,0.998980,0.020510,0.019579
7.5524,0.078799,0.402261,0.329603,0.035215,0.998986,0.020216,0.019472
7.5626,0.079384,0.402942,0.329397,0.035333,0.998990,0.019907,0.019347
7.5723,0.080027,0.403752,0.329225,0.035405,0.998995,0.019638,0.019223
7.5829,0.080719,0.404647,0.329050,0.035474,0.999001,0.019326,0.019131
7.5928,0.081449,0.405656,0.328917,0.035527,0.999006,0.019056,0.019012
7.6028,0.082264,0.406768,0.328821,0.035577,0.999011,0.018782,0.018929
7.6125,0.083092,0.407945,0.328782,0.035635,0.999015,0.018557,0.018857
7.6228,0.083957,0.409189,0.328845,0.035689,0.999015,0.018453,0.018859
7.6326,0.084821,0.410440,0.328903,0.035743,0.999016,0.018304,0.018848
7.6429,0.085707,0.411716,0.329078,0.035778,0.999014,0.018295,0.018899
7.6526,0.086581,0.413016,0.329277,0.035833,0.999010,0.018332,0.018945
7.6628,0.087439,0.414323,0.329548,0.035868,0.999005,0.018444,0.019032
7.6726,0.088314,0.415608,0.329832,0.035916,0.998999,0.018558,0.019146
7.6827,0.089158,0.416886,0.330144,0.035954,0.998993,0.018702,0.019262
7.6927,0.089979,0.418121,0.330486,0.036022,0.998985,0.018883,0.019382
7.7025,0.090809,0.419326,0.330913,0.036096,0.998973,0.019144,0.019573
7.7126,0.091609,0.420485,0.331362,0.036169,0.998960,0.019455,0.019792
7.7227,0.092383,0.421623,0.331890,0.036248,0.998944,0.019863,0.020037
7.7326,0.093124,0.422680,0.332414,0.036352,0.998927,0.020267,0.020305
7.7426,0.093843,0.423696,0.332955,0.036452,0.998910,0.020692,0.020565
7.7524,0.094538,0.424637,0.333447,0.036563,0.998892,0.021075,0.020810
7.7629,0.095202,0.425514,0.333911,0.036702,0.998874,0.021434,0.021060
7.7724,0.095855,0.426333,0.334355,0.036847,0.998856,0.021786,0.021297
7.7826,0.096476,0.427083,0.334744,0.037011,0.998839,0.022082,0.021520
7.7926,0.097087,0.427767,0.335151,0.037221,0.998819,0.022398,0.021768
7.8025,0.097704,0.428396,0.335511,0.037444,0.998799,0.022684,0.021994
7.8126,0.098318,0.428961,0.335904,0.037713,0.998776,0.023004,0.022255
7.8229,0.098898,0.429462,0.336288,0.037968,0.998753,0.023307,0.022517
7.8324,0.099511,0.429901,0.336679,0.038330,0.998725,0.023640,0.022798
7.8426,0.100097,0.430275,0.337026,0.038653,0.998700,0.023901,0.023067
7.8527,0.100683,0.430597,0.337379,0.039049,0.998672,0.024176,0.023362
7.8627,0.101276,0.430868,0.337732,0.039449,0.998642,0.024453,0.023655
7.8726,0.101872,0.431103,0.338103,0.039884,0.998610,0.024760,0.023965
7.8831,0.102465,0.431289,0.338459,0.040357,0.998577,0.025056,0.024251
7.8927,0.103065,0.431428,0.338815,0.040857,0.998542,0.025341,0.024555
7.9026,0.103687,0.431557,0.339198,0.041414,0.998502,0.025690,0.024876
7.9128,0.104278,0.431646,0.339561,0.041909,0.998465,0.026001,0.025186
7.9226,0.104890,0.431700,0.339918,0.042485,0.998425,0.026304,0.025502
7.9325,0.105491,0.431721,0.340233,0.043064,0.998386,0.026580,0.025786
7.9426,0.106081,0.431720,0.340555,0.043635,0.998346,0.026856,0.026090
7.9526,0.106657,0.431707,0.340841,0.044219,0.998306,0.027110,0.026345
7.9627,0.107201,0.431672,0.341105,0.044743,0.998270,0.027344,0.026585
7.9727,0.107734,0.431635,0.341332,0.045299,0.998234,0.027546,0.026803
7.9830,0.108256,0.431561,0.341532,0.045856,0.998198,0.027721,0.027001
7.9926,0.108721,0.431486,0.341702,0.046351,0.998167,0.027853,0.027178
8.0026,0.109157,0.431415,0.341827,0.046834,0.998138,0.027975,0.027279
8.0125,0.109546,0.431318,0.341909,0.047263,0.998114,0.028036,0.027380
8.0229,0.109922,0.431214,0.341952,0.047725,0.998089,0.028082,0.027439
8.0324,0.110217,0.431095,0.341960,0.048076,0.998072,0.028065,0.027464
8.0425,0.110511,0.430968,0.341874,0.048440,0.998057,0.027984,0.027451
8.0527,0.110739,0.430856,0.341813,0.048739,0.998044,0.027921,0.027432
8.0626,0.110956,0.430744,0.341685,0.049023,0.998036,0.027780,0.027383
8.0729,0.111138,0.430639,0.341570,0.049264,0.998029,0.027677,0.027313
8.0831,0.111284,0.430539,0.341451,0.049473,0.998023,0.027551,0.027272
8.0924,0.111427,0.430432,0.341315,0.049674,0.998018,0.027421,0.027218
8.1025,0.111550,0.430330,0.341150,0.049867,0.998016,0.027250,0.027125
8.1127,0.111651,0.430228,0.341013,0.050049,0.998013,0.027113,0.027036
8.1230,0.111770,0.430127,0.340829,0.050203,0.998013,0.026916,0.026925
8.1327,0.111870,0.430015,0.340639,0.050367,0.998014,0.026707,0.026805
8.1426,0.111997,0.429911,0.340452,0.050574,0.998012,0.026517,0.026671
8.1526,0.112135,0.429804,0.340280,0.050776,0.998009,0.026336,0.026567
8.1624,0.112271,0.429704,0.340121,0.050977,0.998007,0.026168,0.026447
8.1727,0.112465,0.429590,0.339937,0.051238,0.998001,0.025955,0.026344
8.1826,0.112667,0.429482,0.339779,0.051491,0.997996,0.025790,0.026227
8.1925,0.112918,0.429360,0.339580,0.051848,0.997987,0.025571,0.026086
8.2026,0.113239,0.429235,0.339409,0.052241,0.997974,0.025367,0.025985
8.2125,0.113586,0.429102,0.339265,0.052655,0.997959,0.025195,0.025900
8.2226,0.114013,0.428979,0.339106,0.053166,0.997938,0.025020,0.025817
8.2325,0.114478,0.428847,0.338961,0.053713,0.997916,0.024843,0.025727
8.2425,0.115006,0.428723,0.338785,0.054321,0.997890,0.024649,0.025627
8.2525,0.115598,0.428614,0.338624,0.054964,0.997862,0.024461,0.025531
8.2625,0.116235,0.428505,0.338432,0.055641,0.997832,0.024243,0.025437
8.2726,0.116936,0.428416,0.338205,0.056381,0.997800,0.023972,0.025333
8.2828,0.117713,0.428350,0.337976,0.057171,0.997765,0.023721,0.025192
8.2924,0.118531,0.428304,0.337673,0.057971,0.997731,0.023366,0.025031
8.3025,0.119463,0.428279,0.337361,0.058890,0.997689,0.023045,0.024844
8.3126,0.120456,0.428267,0.336982,0.059834,0.997648,0.022603,0.024663
8.3225,0.121526,0.428263,0.336583,0.060837,0.997602,0.022156,0.024440
8.3324,0.122682,0.428288,0.336155,0.061918,0.997552,0.021680,0.024199
8.3427,0.123899,0.428314,0.335731,0.063019,0.997499,0.021196,0.023967
8.3526,0.125151,0.428358,0.335266,0.064182,0.997442,0.020685,0.023700
8.3627,0.126425,0.428415,0.334901,0.065330,0.997381,0.020267,0.023504
8.3728,0.127763,0.428488,0.334579,0.066505,0.997315,0.019889,0.023333
8.3826,0.129104,0.428574,0.334313,0.067668,0.997247,0.019573,0.023170
8.3926,0.130504,0.428670,0.334122,0.068864,0.997172,0.019317,0.023087
8.4027,0.131938,0.428785,0.334020,0.070024,0.997096,0.019158,0.023010
8.4125,0.133425,0.428917,0.334034,0.071197,0.997013,0.019101,0.023043
8.4227,0.134901,0.429039,0.334126,0.072310,0.996932,0.019117,0.023086
8.4328,0.136394,0.429180,0.334308,0.073371,0.996850,0.019227,0.023173
8.4427,0.137907,0.429317,0.334583,0.074379,0.996767,0.019430,0.023357
8.4526,0.139398,0.429452,0.334919,0.075286,0.996690,0.019682,0.023538
8.4628,0.140862,0.429580,0.335334,0.076125,0.996614,0.019997,0.023793
8.4725,0.142297,0.429726,0.335824,0.076861,0.996542,0.020389,0.024090
8.4826,0.143634,0.429870,0.336337,0.077406,0.996484,0.020808,0.024391
8.4927,0.144931,0.430022,0.336901,0.077832,0.996432,0.021274,0.024743
8.5027,0.146164,0.430183,0.337528,0.078169,0.996386,0.021795,0.025104
8.5125,0.147358,0.430350,0.338156,0.078384,0.996347,0.022318,0.025487
8.5224,0.148466,0.430524,0.338823,0.078489,0.996317,0.022894,0.025859
8.5326,0.149526,0.430701,0.339520,0.078518,0.996290,0.023460,0.026284
8.5425,0.150566,0.430900,0.340241,0.078457,0.996268,0.024073,0.026741
8.5526,0.151551,0.431100,0.340936,0.078399,0.996247,0.024662,0.027141
8.5627,0.152510,0.431304,0.341629,0.078297,0.996229,0.025245,0.027559
8.5726,0.153453,0.431518,0.342285,0.078186,0.996213,0.025783,0.027957
8.5825,0.154375,0.431760,0.342914,0.078126,0.996193,0.026298,0.028345
8.5925,0.155270,0.432020,0.343485,0.078047,0.996177,0.026754,0.028704
8.6029,0.156163,0.432302,0.343976,0.077999,0.996163,0.027141,0.028979
8.6125,0.157067,0.432610,0.344425,0.078007,0.996145,0.027483,0.029247
8.6227,0.157966,0.432941,0.344795,0.078027,0.996129,0.027755,0.029469
8.6325,0.158839,0.433283,0.345071,0.078093,0.996114,0.027926,0.029625
8.6428,0.159682,0.433639,0.345283,0.078193,0.996100,0.028051,0.029735
8.6526,0.160525,0.433999,0.345439,0.078325,0.996085,0.028114,0.029812
8.6625,0.161350,0.434352,0.345524,0.078495,0.996070,0.028128,0.029850
8.6726,0.162131,0.434686,0.345536,0.078698,0.996057,0.028047,0.029847
8.6827,0.162916,0.434993,0.345454,0.078972,0.996041,0.027904,0.029797
8.6924,0.163657,0.435278,0.345331,0.079267,0.996025,0.027737,0.029705
8.7024,0.164406,0.435512,0.345130,0.079611,0.996009,0.027486,0.029558
8.7126,0.165191,0.435710,0.344923,0.080073,0.995982,0.027226,0.029449
8.7227,0.165950,0.435851,0.344647,0.080561,0.995956,0.026926,0.029280
8.7325,0.166724,0.435948,0.344356,0.081110,0.995924,0.026607,0.029115
8.7425,0.167476,0.436000,0.343998,0.081734,0.995890,0.026244,0.028885
8.7526,0.168259,0.435983,0.343638,0.082415,0.995849,0.025872,0.028687
8.7626,0.169036,0.435922,0.343278,0.083155,0.995802,0.025516,0.028490
8.7725,0.169795,0.435819,0.342913,0.083885,0.995757,0.025151,0.028268
8.7832,0.170583,0.435630,0.342527,0.084704,0.995703,0.024770,0.028069
8.7928,0.171351,0.435418,0.342109,0.085539,0.995648,0.024355,0.027833
8.8028,0.172122,0.435155,0.341715,0.086414,0.995589,0.023965,0.027602
8.8128,0.172957,0.434878,0.341324,0.087336,0.995522,0.023585,0.027415
8.8226,0.173741,0.434555,0.340958,0.088278,0.995453,0.023230,0.027213
8.8326,0.174552,0.434219,0.340581,0.089221,0.995383,0.022858,0.027018
8.8427,0.175351,0.433868,0.340247,0.090185,0.995309,0.022535,0.026825
8.8526,0.176163,0.433479,0.339897,0.091156,0.995232,0.022193,0.026652
8.8626,0.176955,0.433076,0.339548,0.092148,0.995154,0.021858,0.026466
8.8728,0.177757,0.432676,0.339209,0.093116,0.995074,0.021555,0.026307
8.8829,0.178544,0.432255,0.338881,0.094081,0.994995,0.021249,0.026119
8.8926,0.179292,0.431811,0.338526,0.095031,0.994916,0.020909,0.025971
8.9024,0.180007,0.431362,0.338129,0.095922,0.994843,0.020554,0.025769
8.9126,0.180668,0.430894,0.337710,0.096745,0.994777,0.020171,0.025550
8.9227,0.181293,0.430429,0.337295,0.097538,0.994712,0.019804,0.025344
8.9328,0.181851,0.429938,0.336833,0.098234,0.994658,0.019402,0.025098
8.9428,0.182398,0.429434,0.336308,0.098917,0.994606,0.018921,0.024838
8.9525,0.182888,0.428926,0.335767,0.099515,0.994562,0.018462,0.024562
8.9625,0.183343,0.428405,0.335209,0.100103,0.994518,0.017966,0.024298
8.9726,0.183773,0.427879,0.334581,0.100627,0.994483,0.017395,0.023986
8.9824,0.184159,0.427347,0.333946,0.101127,0.994449,0.016839,0.023670
8.9923,0.184523,0.426805,0.333267,0.101548,0.994424,0.016238,0.023332
9.0027,0.184886,0.426241,0.332563,0.101935,0.994403,0.015625,0.022980
9.0128,0.185234,0.425666,0.331809,0.102291,0.994385,0.014970,0.022621
9.0229,0.185574,0.425088,0.331070,0.102594,0.994372,0.014314,0.022246
9.0327,0.185930,0.424477,0.330282,0.102849,0.994363,0.013659,0.021870
9.0427,0.186277,0.423852,0.329468,0.103066,0.994359,0.012948,0.021448
9.0528,0.186646,0.423219,0.328657,0.103219,0.994361,0.012246,0.021045
9.0626,0.187013,0.422568,0.327812,0.103345,0.994366,0.011528,0.020590
9.0726,0.187399,0.421923,0.326988,0.103411,0.994375,0.010821,0.020167
9.0826,0.187758,0.421262,0.326150,0.103409,0.994392,0.010091,0.019712
9.0925,0.188135,0.420594,0.325294,0.103355,0.994414,0.009347,0.019247
9.1025,0.188499,0.419899,0.324444,0.103275,0.994438,0.008638,0.018786
9.1126,0.188889,0.419206,0.323576,0.103121,0.994469,0.007857,0.018307
9.1227,0.189250,0.418505,0.322711,0.102914,0.994505,0.007102,0.017819
9.1326,0.189605,0.417793,0.321810,0.102700,0.994542,0.006331,0.017302
9.1424,0.189949,0.417082,0.320942,0.102469,0.994579,0.005535,0.016811
9.1525,0.190295,0.416383,0.320084,0.102240,0.994614,0.004794,0.016326
9.1627,0.190616,0.415692,0.319245,0.102021,0.994648,0.004057,0.015850
9.1726,0.190923,0.414997,0.318395,0.101786,0.994682,0.003301,0.015348
9.1824,0.191238,0.414328,0.317581,0.101564,0.994714,0.002596,0.014897
9.1926,0.191520,0.413653,0.316744,0.101327,0.994747,0.001854,0.014403
9.2027,0.191804,0.412984,0.315930,0.101128,0.994775,0.001166,0.013911
9.2126,0.192032,0.412323,0.315087,0.100932,0.994802,0.000432,0.013435
9.2226,0.192248,0.411669,0.314252,0.100797,0.994823,-0.000290,0.012923
9.2325,0.192441,0.411042,0.313446,0.100665,0.994842,-0.000957,0.012474
9.2424,0.192635,0.410416,0.312678,0.100587,0.994854,-0.001596,0.012065
9.2529,0.192755,0.409839,0.311917,0.100510,0.994866,-0.002190,0.011638
9.2624,0.192847,0.409281,0.311171,0.100420,0.994878,-0.002766,0.011233
9.2727,0.192915,0.408743,0.310450,0.100385,0.994884,-0.003297,0.010861
9.2829,0.192955,0.408250,0.309755,0.100349,0.994889,-0.003770,0.010558
9.2928,0.192950,0.407779,0.309077,0.100309,0.994895,-0.004186,0.010235
9.3025,0.192924,0.407344,0.308428,0.100270,0.994900,-0.004551,0.010004
9.3125,0.192889,0.406925,0.307799,0.100280,0.994899,-0.004868,0.009797
9.3228,0.192817,0.406543,0.307186,0.100275,0.994900,-0.005113,0.009613
9.3325,0.192736,0.406179,0.306569,0.100280,0.994900,-0.005348,0.009467
9.3427,0.192630,0.405837,0.305969,0.100284,0.994900,-0.005536,0.009346
9.3527,0.192525,0.405512,0.305402,0.100343,0.994894,-0.005655,0.009271
9.3625,0.192402,0.405226,0.304833,0.100359,0.994892,-0.005753,0.009185
9.3727,0.192255,0.404939,0.304260,0.100387,0.994889,-0.005852,0.009138
9.3827,0.192116,0.404669,0.303725,0.100400,0.994888,-0.005903,0.009111
9.3925,0.191956,0.404406,0.303194,0.100455,0.994882,-0.005962,0.009080
9.4026,0.191797,0.404156,0.302646,0.100481,0.994879,-0.006025,0.009061
9.4128,0.191602,0.403932,0.302152,0.100465,0.994881,-0.006029,0.009060
9.4225,0.191417,0.403713,0.301645,0.100456,0.994882,-0.006096,0.009064
9.4325,0.191230,0.403527,0.301195,0.100436,0.994883,-0.006109,0.009084
9.4426,0.191045,0.403334,0.300735,0.100394,0.994887,-0.006176,0.009131
9.4526,0.190876,0.403145,0.300307,0.100393,0.994886,-0.006235,0.009190
9.4627,0.190703,0.402969,0.299894,0.100355,0.994889,-0.006315,0.009233
9.4728,0.190529,0.402809,0.299495,0.100322,0.994891,-0.006381,0.009316
9.4828,0.190356,0.402635,0.299101,0.100259,0.994895,-0.006520,0.009417
9.4926,0.190211,0.402453,0.298717,0.100243,0.994895,-0.006677,0.009514
9.5026,0.190049,0.402277,0.298336,0.100201,0.994897,-0.006843,0.009647
9.5125,0.189894,0.402106,0.297992,0.100131,0.994901,-0.007012,0.009823
9.5225,0.189754,0.401920,0.297632,0.100090,0.994902,-0.007212,0.009993
9.5325,0.189618,0.401735,0.297314,0.100042,0.994903,-0.007365,0.010218
9.5427,0.189501,0.401552,0.297018,0.099982,0.994906,-0.007513,0.010471
9.5526,0.189388,0.401358,0.296762,0.099943,0.994906,-0.007582,0.010735
9.5624,0.189284,0.401170,0.296548,0.099911,0.994906,-0.007634,0.011044
9.5723,0.189204,0.400997,0.296354,0.099883,0.994905,-0.007655,0.011369
9.5826,0.189125,0.400850,0.296216,0.099871,0.994902,-0.007600,0.011747
9.5927,0.189053,0.400707,0.296097,0.099860,0.994899,-0.007525,0.012102
9.6027,0.188990,0.400589,0.296051,0.099850,0.994896,-0.007396,0.012527
9.6123,0.188985,0.400485,0.296037,0.099868,0.994890,-0.007198,0.013006
9.6225,0.188955,0.400393,0.296089,0.099866,0.994885,-0.006977,0.013503
9.6326,0.188935,0.400333,0.296174,0.099878,0.994879,-0.006720,0.013988
9.6427,0.188938,0.400286,0.296301,0.099906,0.994871,-0.006402,0.014494
9.6524,0.188923,0.400253,0.296452,0.099909,0.994865,-0.006087,0.014996
9.6626,0.188928,0.400236,0.296640,0.099910,0.994859,-0.005749,0.015479
9.6726,0.188934,0.400240,0.296844,0.099922,0.994853,-0.005390,0.015960
9.6824,0.188936,0.400271,0.297087,0.099902,0.994849,-0.005005,0.016403
9.6922,0.188958,0.400308,0.297344,0.099880,0.994846,-0.004612,0.016832
9.7026,0.188991,0.400360,0.297648,0.099867,0.994842,-0.004211,0.017269
9.7127,0.189014,0.400427,0.297935,0.099840,0.994840,-0.003821,0.017650
9.7225,0.189043,0.400480,0.298207,0.099832,0.994836,-0.003468,0.017989
9.7325,0.189078,0.400556,0.298494,0.099784,0.994836,-0.003111,0.018284
9.7427,0.189125,0.400646,0.298813,0.099763,0.994834,-0.002707,0.018573
9.7524,0.189194,0.400745,0.299136,0.099752,0.994831,-0.002334,0.018849
9.7625,0.189273,0.400865,0.299480,0.099736,0.994828,-0.001953,0.019133
9.7725,0.189362,0.400989,0.299821,0.099728,0.994825,-0.001583,0.019364
9.7828,0.189488,0.401133,0.300221,0.099704,0.994823,-0.001165,0.019643
9.7926,0.189636,0.401293,0.300645,0.099693,0.994818,-0.000761,0.019923
9.8028,0.189801,0.401481,0.301090,0.099684,0.994814,-0.000347,0.020216
9.8125,0.189987,0.401695,0.301576,0.099639,0.994812,0.000084,0.020529
9.8226,0.190196,0.401926,0.302081,0.099625,0.994806,0.000539,0.020862
9.8325,0.190429,0.402172,0.302603,0.099604,0.994801,0.001001,0.021207
9.8425,0.190660,0.402422,0.303121,0.099611,0.994792,0.001458,0.021535
9.8526,0.190890,0.402663,0.303645,0.099601,0.994785,0.001907,0.021869
9.8627,0.191108,0.402929,0.304210,0.099575,0.994778,0.002400,0.022244
9.8729,0.191351,0.403183,0.304767,0.099596,0.994767,0.002872,0.022595
9.8827,0.191586,0.403457,0.305332,0.099580,0.994759,0.003329,0.022954
9.8926,0.191838,0.403721,0.305923,0.099591,0.994747,0.003787,0.023350
9.9026,0.192093,0.404009,0.306539,0.099587,0.994736,0.004249,0.023764
9.9126,0.192346,0.404299,0.307135,0.099624,0.994721,0.004682,0.024143
9.9224,0.192594,0.404569,0.307768,0.099673,0.994704,0.005141,0.024537
9.9326,0.192829,0.404843,0.308323,0.099701,0.994691,0.005497,0.024900
9.9426,0.193055,0.405109,0.308887,0.099731,0.994677,0.005852,0.025227
9.9527,0.193262,0.405354,0.309404,0.099783,0.994663,0.006161,0.025524
9.9627,0.193470,0.405594,0.309898,0.099855,0.994647,0.006417,0.025805
9.9726,0.193640,0.405809,0.310330,0.099904,0.994635,0.006592,0.026021
9.9829,0.193810,0.406004,0.310732,0.099995,0.994620,0.006746,0.026219
9.9927,0.193961,0.406162,0.311039,0.100087,0.994608,0.006777,0.026305
10.0025,0.194078,0.406313,0.311314,0.100161,0.994599,0.006774,0.026357
10.0126,0.194176,0.406407,0.311494,0.100229,0.994595,0.006661,0.026291
10.0226,0.194249,0.406499,0.311622,0.100280,0.994594,0.006512,0.026176
10.0325,0.194294,0.406544,0.311671,0.100343,0.994593,0.006263,0.026016
10.0425,0.194314,0.406580,0.311690,0.100364,0.994598,0.005986,0.025795
10.0526,0.194312,0.406566,0.311623,0.100368,0.994607,0.005604,0.025519
10.0625,0.194280,0.406549,0.311522,0.100358,0.994618,0.005214,0.025202
10.0725,0.194242,0.406506,0.311332,0.100362,0.994630,0.004743,0.024809
10.0823,0.194179,0.406428,0.311100,0.100364,0.994643,0.004191,0.024396
10.0925,0.194095,0.406356,0.310800,0.100341,0.994659,0.003625,0.023931
10.1029,0.194018,0.406262,0.310457,0.100336,0.994674,0.002990,0.023416
10.1125,0.193905,0.406168,0.310116,0.100310,0.994689,0.002374,0.022926
10.1228,0.193824,0.406075,0.309771,0.100294,0.994703,0.001768,0.022442
10.1325,0.193722,0.405983,0.309422,0.100288,0.994716,0.001167,0.021955
10.1427,0.193631,0.405884,0.309071,0.100277,0.994728,0.000570,0.021465
10.1527,0.193551,0.405791,0.308710,0.100277,0.994738,-0.000058,0.021011
10.1629,0.193462,0.405713,0.308410,0.100241,0.994750,-0.000572,0.020591
10.1726,0.193388,0.405637,0.308104,0.100235,0.994759,-0.001104,0.020174
10.1825,0.193307,0.405562,0.307810,0.100241,0.994765,-0.001630,0.019805
10.1926,0.193247,0.405492,0.307538,0.100274,0.994767,-0.002090,0.019461
10.2027,0.193182,0.405442,0.307314,0.100322,0.994768,-0.002498,0.019152
10.2124,0.193122,0.405396,0.307096,0.100376,0.994767,-0.002866,0.018856
10.2229,0.193096,0.405368,0.306938,0.100443,0.994763,-0.003181,0.018646
10.2323,0.193068,0.405357,0.306818,0.100528,0.994757,-0.003423,0.018453
10.2430,0.193070,0.405349,0.306730,0.100636,0.994747,-0.003647,0.018347
10.2524,0.193070,0.405354,0.306658,0.100729,0.994739,-0.003822,0.018235
10.2627,0.193067,0.405368,0.306619,0.100814,0.994731,-0.003935,0.018181
10.2724,0.193093,0.405416,0.306621,0.100911,0.994722,-0.003995,0.018163
10.2825,0.193115,0.405434,0.306623,0.100994,0.994713,-0.004031,0.018143
10.2925,0.193144,0.405475,0.306643,0.101081,0.994704,-0.004030,0.018173
10.3026,0.193183,0.405505,0.306669,0.101143,0.994697,-0.004024,0.018220
10.3128,0.193218,0.405555,0.306742,0.101189,0.994692,-0.003943,0.018273
10.3228,0.193264,0.405588,0.306791,0.101214,0.994688,-0.003897,0.018339
10.3327,0.193294,0.405630,0.306869,0.101214,0.994687,-0.003807,0.018410
10.3426,0.193352,0.405684,0.306973,0.101227,0.994684,-0.003671,0.018522
10.3525,0.193388,0.405730,0.307024,0.101220,0.994684,-0.003610,0.018584
10.3624,0.193457,0.405774,0.307106,0.101238,0.994681,-0.003510,0.018682
10.3725,0.193485,0.405827,0.307165,0.101229,0.994681,-0.003418,0.018748
10.3824,0.193570,0.405864,0.307245,0.101253,0.994676,-0.003315,0.018858
10.3925,0.193607,0.405918,0.307298,0.101214,0.994680,-0.003217,0.018912
10.4026,0.193682,0.405962,0.307355,0.101236,0.994676,-0.003124,0.018993
10.4127,0.193733,0.405998,0.307384,0.101211,0.994678,-0.003051,0.019048
10.4226,0.193794,0.406036,0.307415,0.101229,0.994675,-0.002973,0.019118
10.4328,0.193853,0.406076,0.307442,0.101202,0.994677,-0.002907,0.019177
10.4432,0.193906,0.406113,0.307454,0.101213,0.994675,-0.002852,0.019216
10.4527,0.193949,0.406138,0.307461,0.101206,0.994676,-0.002792,0.019235
10.4626,0.193997,0.406148,0.307441,0.101216,0.994674,-0.002790,0.019265
10.4727,0.194026,0.406162,0.307421,0.101229,0.994673,-0.002755,0.019280
10.4825,0.194056,0.406169,0.307404,0.101227,0.994672,-0.002753,0.019296
10.4928,0.194086,0.406185,0.307394,0.101255,0.994670,-0.002737,0.019290
10.5027,0.194114,0.406194,0.307395,0.101250,0.994670,-0.002718,0.019298
10.5127,0.194152,0.406211,0.307419,0.101264,0.994669,-0.002696,0.019310
10.5227,0.194196,0.406241,0.307492,0.101300,0.994664,-0.002631,0.019348
10.5327,0.194255,0.406287,0.307614,0.101281,0.994665,-0.002529,0.019434
10.5429,0.194320,0.406353,0.307773,0.101299,0.994661,-0.002395,0.019525
10.5525,0.194401,0.406431,0.307968,0.101306,0.994659,-0.002250,0.019642
10.5625,0.194502,0.406538,0.308226,0.101323,0.994655,-0.002061,0.019791
10.5726,0.194634,0.406684,0.308591,0.101328,0.994651,-0.001808,0.019978
10.5825,0.194793,0.406867,0.309024,0.101320,0.994648,-0.001511,0.020195
10.5923,0.194998,0.407092,0.309595,0.101341,0.994640,-0.001185,0.020479
10.6030,0.195251,0.407374,0.310320,0.101335,0.994635,-0.000780,0.020768
10.6125,0.195526,0.407687,0.311166,0.101346,0.994628,-0.000392,0.021093
10.6226,0.195855,0.408035,0.312123,0.101364,0.994619,-0.000012,0.021422
10.6326,0.196219,0.408422,0.313205,0.101373,0.994611,0.000354,0.021738
10.6429,0.196566,0.408810,0.314352,0.101368,0.994606,0.000638,0.021998
10.6526,0.196934,0.409208,0.315558,0.101401,0.994598,0.000869,0.022192
10.6630,0.197300,0.409619,0.316862,0.101392,0.994595,0.001049,0.022365
10.6726,0.197666,0.410027,0.318246,0.101396,0.994591,0.001182,0.022501
10.6825,0.198048,0.410463,0.319735,0.101394,0.994588,0.001332,0.022641
10.6926,0.198410,0.410883,0.321302,0.101400,0.994585,0.001419,0.022715
10.7027,0.198768,0.411288,0.322925,0.101386,0.994586,0.001358,0.022734
10.7125,0.199117,0.411683,0.324634,0.101398,0.994586,0.001302,0.022692
10.7223,0.199429,0.412041,0.326328,0.101361,0.994592,0.001117,0.022604
10.7326,0.199705,0.412368,0.328026,0.101378,0.994594,0.000884,0.022440
10.7426,0.199961,0.412667,0.329678,0.101340,0.994603,0.000520,0.022227
10.7525,0.200174,0.412935,0.331318,0.101343,0.994610,0.000122,0.021936
10.7629,0.200340,0.413160,0.332890,0.101307,0.994622,-0.000430,0.021545
10.7725,0.200478,0.413356,0.334420,0.101286,0.994633,-0.001049,0.021108
10.7827,0.200585,0.413520,0.335904,0.101258,0.994645,-0.001721,0.020610
10.7930,0.200679,0.413663,0.337339,0.101243,0.994655,-0.002420,0.020122
10.8027,0.200732,0.413762,0.338708,0.101220,0.994666,-0.003239,0.019567
10.8127,0.200730,0.413835,0.340017,0.101179,0.994680,-0.004177,0.018913
10.8228,0.200756,0.413893,0.341331,0.101171,0.994688,-0.005071,0.018306
10.8325,0.200723,0.413942,0.342645,0.101145,0.994696,-0.005939,0.017713
10.8427,0.200724,0.413996,0.343968,0.101124,0.994702,-0.006731,0.017199
10.8528,0.200719,0.414022,0.345316,0.101099,0.994708,-0.007447,0.016746
10.8627,0.200683,0.414035,0.346655,0.101126,0.994707,-0.008172,0.016297
10.8723,0.200641,0.414018,0.347985,0.101108,0.994709,-0.008847,0.015899
10.8827,0.200603,0.414010,0.349352,0.101150,0.994705,-0.009400,0.015581
10.8926,0.200543,0.413971,0.350711,0.101155,0.994703,-0.009915,0.015325
10.9026,0.200441,0.413916,0.352106,0.101188,0.994699,-0.010343,0.015123
10.9126,0.200339,0.413851,0.353515,0.101209,0.994694,-0.010699,0.015002
10.9229,0.200201,0.413734,0.354904,0.101263,0.994687,-0.011080,0.014858
10.9325,0.200023,0.413585,0.356302,0.101317,0.994679,-0.011388,0.014788
10.9432,0.199834,0.413411,0.357651,0.101359,0.994672,-0.011672,0.014730
10.9529,0.199619,0.413228,0.359005,0.101422,0.994664,-0.011861,0.014733
10.9626,0.199371,0.412983,0.360293,0.101520,0.994651,-0.012057,0.014760
10.9728,0.199075,0.412714,0.361553,0.101602,0.994640,-0.012194,0.014801
10.9827,0.198751,0.412432,0.362774,0.101694,0.994629,-0.012306,0.014853
10.9926,0.198409,0.412101,0.363949,0.101806,0.994614,-0.012425,0.014942
11.0026,0.198009,0.411738,0.365044,0.101939,0.994599,-0.012535,0.014951
11.0125,0.197584,0.411367,0.366169,0.102047,0.994587,-0.012546,0.015050
11.0225,0.197119,0.410949,0.367227,0.102177,0.994571,-0.012566,0.015161
11.0325,0.196638,0.410523,0.368257,0.102311,0.994556,-0.012526,0.015267
11.0426,0.196112,0.410055,0.369326,0.102460,0.994540,-0.012422,0.015436
11.0528,0.195558,0.409580,0.370354,0.102575,0.994527,-0.012273,0.015629
11.0625,0.194960,0.409083,0.371393,0.102671,0.994516,-0.012045,0.015851
11.0722,0.194345,0.408540,0.372457,0.102791,0.994503,-0.011732,0.016124
11.0827,0.193674,0.407977,0.373522,0.102869,0.994494,-0.011376,0.016427
11.0926,0.192978,0.407369,0.374608,0.102974,0.994482,-0.010957,0.016782
11.1027,0.192216,0.406717,0.375791,0.103039,0.994474,-0.010417,0.017210
11.1125,0.191448,0.406056,0.376987,0.103104,0.994465,-0.009833,0.017668
11.1224,0.190642,0.405356,0.378250,0.103138,0.994458,-0.009150,0.018204
11.1324,0.189805,0.404647,0.379563,0.103154,0.994453,-0.008386,0.018787
11.1425,0.188955,0.403902,0.380913,0.103198,0.994443,-0.007584,0.019379
11.1526,0.188096,0.403152,0.382253,0.103220,0.994435,-0.006761,0.019995
11.1626,0.187208,0.402379,0.383658,0.103225,0.994426,-0.005840,0.020670
11.1725,0.186288,0.401591,0.385109,0.103223,0.994417,-0.004888,0.021347
11.1829,0.185360,0.400779,0.386555,0.103216,0.994406,-0.003961,0.022067
11.1925,0.184365,0.399984,0.388036,0.103145,0.994401,-0.002956,0.022783
11.2024,0.183304,0.399191,0.389546,0.103032,0.994399,-0.001975,0.023494
11.2125,0.182178,0.398419,0.391019,0.102913,0.994397,-0.001044,0.024131
11.2226,0.181012,0.397664,0.392472,0.102723,0.994401,-0.000183,0.024792
11.2326,0.179673,0.396960,0.393871,0.102389,0.994422,0.000627,0.025337
11.2427,0.178288,0.396286,0.395242,0.102034,0.994444,0.001343,0.025853
11.2527,0.176767,0.395661,0.396575,0.101542,0.994481,0.002043,0.026330
11.2626,0.175169,0.395112,0.397890,0.100992,0.994523,0.002727,0.026762
11.2725,0.173420,0.394631,0.399134,0.100271,0.994584,0.003316,0.027154
11.2823,0.171566,0.394244,0.400311,0.099423,0.994659,0.003836,0.027469
11.2927,0.169586,0.393950,0.401402,0.098430,0.994750,0.004275,0.027684
11.3027,0.167460,0.393731,0.402385,0.097286,0.994855,0.004573,0.027877
11.3126,0.165174,0.393572,0.403320,0.096025,0.994975,0.004834,0.027950
11.3224,0.162802,0.393474,0.404218,0.094663,0.995101,0.005105,0.028066
11.3325,0.160387,0.393391,0.405115,0.093308,0.995224,0.005378,0.028172
11.3424,0.157964,0.393310,0.406003,0.091986,0.995343,0.005660,0.028279
11.3524,0.155522,0.393260,0.406839,0.090654,0.995460,0.005924,0.028389
11.3626,0.153027,0.393210,0.407677,0.089304,0.995578,0.006198,0.028482
11.3726,0.150546,0.393188,0.408444,0.087976,0.995693,0.006423,0.028545
11.3828,0.148109,0.393138,0.409151,0.086759,0.995798,0.006603,0.028569
11.3926,0.145742,0.393060,0.409814,0.085636,0.995894,0.006751,0.028579
11.4024,0.143466,0.392915,0.410522,0.084695,0.995971,0.006946,0.028639
11.4126,0.141259,0.392699,0.411197,0.083906,0.996036,0.007114,0.028672
11.4225,0.139149,0.392423,0.411849,0.083248,0.996089,0.007239,0.028716
11.4328,0.137067,0.392112,0.412479,0.082620,0.996140,0.007332,0.028725
11.4428,0.135072,0.391739,0.413074,0.082112,0.996183,0.007385,0.028684
11.4525,0.133136,0.391312,0.413663,0.081657,0.996220,0.007411,0.028680
11.4626,0.131283,0.390841,0.414228,0.081310,0.996250,0.007444,0.028632
11.4727,0.129503,0.390333,0.414778,0.081050,0.996273,0.007459,0.028546
11.4825,0.127823,0.389775,0.415275,0.080894,0.996289,0.007395,0.028453
11.4926,0.126218,0.389177,0.415768,0.080853,0.996296,0.007318,0.028354
11.5027,0.124658,0.388529,0.416192,0.080874,0.996300,0.007142,0.028196
11.5125,0.123140,0.387867,0.416592,0.080969,0.996299,0.006917,0.028021
11.5227,0.121640,0.387177,0.416965,0.081106,0.996295,0.006688,0.027824
11.5324,0.120111,0.386443,0.417361,0.081256,0.996289,0.006459,0.027623
11.5426,0.118544,0.385686,0.417699,0.081408,0.996286,0.006144,0.027358
11.5525,0.116937,0.384919,0.418072,0.081529,0.996285,0.005881,0.027096
11.5626,0.115292,0.384127,0.418441,0.081651,0.996284,0.005630,0.026841
11.5724,0.113611,0.383337,0.418771,0.081719,0.996287,0.005341,0.026565
11.5824,0.111874,0.382568,0.419024,0.081700,0.996300,0.004994,0.026205
11.5927,0.110097,0.381798,0.419296,0.081651,0.996314,0.004667,0.025894
11.6026,0.108258,0.381064,0.419467,0.081494,0.996338,0.004286,0.025525
11.6125,0.106391,0.380350,0.419594,0.081322,0.996364,0.003881,0.025101
11.6226,0.104492,0.379644,0.419704,0.081093,0.996394,0.003504,0.024726
11.6326,0.102552,0.378975,0.419826,0.080829,0.996425,0.003235,0.024357
11.6426,0.100619,0.378344,0.419937,0.080540,0.996457,0.002992,0.024021
11.6526,0.098658,0.377743,0.420029,0.080160,0.996497,0.002776,0.023689
11.6628,0.096702,0.377207,0.420158,0.079755,0.996536,0.002679,0.023410
11.6725,0.094698,0.376716,0.420223,0.079202,0.996587,0.002540,0.023132
11.6825,0.092696,0.376285,0.420281,0.078609,0.996640,0.002469,0.022852
11.6925,0.090687,0.375905,0.420354,0.077917,0.996700,0.002463,0.022636
11.7026,0.088657,0.375571,0.420424,0.077189,0.996761,0.002514,0.022433
11.7126,0.086642,0.375279,0.420552,0.076419,0.996823,0.002668,0.022282
11.7226,0.084635,0.375017,0.420672,0.075689,0.996881,0.002841,0.022154
11.7327,0.082614,0.374788,0.420816,0.074896,0.996942,0.003025,0.022096
11.7424,0.080539,0.374614,0.420983,0.074036,0.997007,0.003288,0.022010
11.7528,0.078447,0.374468,0.421147,0.073121,0.997075,0.003537,0.021980
11.7629,0.076346,0.374360,0.421324,0.072190,0.997143,0.003798,0.021927
11.7726,0.074255,0.374281,0.421539,0.071256,0.997209,0.004065,0.021896
11.7827,0.072194,0.374238,0.421717,0.070316,0.997277,0.004303,0.021820
11.7926,0.070168,0.374205,0.421936,0.069433,0.997338,0.004536,0.021824
11.8025,0.068118,0.374198,0.422147,0.068491,0.997403,0.004695,0.021780
11.8124,0.066053,0.374251,0.422331,0.067554,0.997469,0.004800,0.021668
11.8226,0.064006,0.374315,0.422498,0.066671,0.997531,0.004834,0.021544
11.8324,0.061956,0.374394,0.422649,0.065801,0.997592,0.004805,0.021406
11.8427,0.059952,0.374509,0.422818,0.065070,0.997644,0.004749,0.021219
11.8525,0.058040,0.374609,0.422994,0.064460,0.997688,0.004678,0.021021
11.8628,0.056177,0.374704,0.423115,0.063971,0.997724,0.004489,0.020829
11.8725,0.054290,0.374824,0.423217,0.063514,0.997760,0.004235,0.020550
11.8826,0.052382,0.374963,0.423280,0.063102,0.997795,0.003908,0.020206
11.8928,0.050472,0.375136,0.423311,0.062732,0.997827,0.003504,0.019842
11.9025,0.048513,0.375329,0.423354,0.062369,0.997860,0.003082,0.019418
11.9125,0.046549,0.375552,0.423377,0.062153,0.997884,0.002635,0.018889
11.9226,0.044566,0.375790,0.423438,0.061997,0.997905,0.002206,0.018374
11.9328,0.042512,0.376050,0.423526,0.061920,0.997921,0.001796,0.017804
11.9424,0.040403,0.376345,0.423649,0.061793,0.997940,0.001463,0.017189
11.9525,0.038241,0.376664,0.423821,0.061601,0.997963,0.001187,0.016550
11.9623,0.036090,0.377005,0.424035,0.061342,0.997990,0.001007,0.015875
11.9724,0.033975,0.377358,0.424319,0.061130,0.998015,0.000918,0.015134
11.9826,0.031851,0.377734,0.424671,0.060874,0.998041,0.000988,0.014409
11.9926,0.029706,0.378136,0.425087,0.060626,0.998067,0.001173,0.013634
12.0024,0.027507,0.378571,0.425559,0.060322,0.998096,0.001456,0.012824
12.0128,0.025286,0.379035,0.426086,0.059949,0.998128,0.001888,0.011930
12.0223,0.023118,0.379518,0.426641,0.059578,0.998160,0.002375,0.011035
12.0326,0.020959,0.379979,0.427260,0.059203,0.998190,0.002984,0.010165
12.0428,0.018779,0.380467,0.427888,0.058761,0.998222,0.003659,0.009273
12.0523,0.016609,0.380968,0.428544,0.058343,0.998252,0.004404,0.008388
12.0627,0.014438,0.381450,0.429147,0.057859,0.998283,0.005094,0.007527
12.0726,0.012247,0.381931,0.429772,0.057343,0.998315,0.005851,0.006648
12.0827,0.010119,0.382421,0.430381,0.056834,0.998345,0.006613,0.005765
12.0924,0.008031,0.382877,0.430968,0.056353,0.998371,0.007380,0.004974
12.1022,0.005910,0.383335,0.431499,0.055797,0.998400,0.008099,0.004195
12.1125,0.003746,0.383804,0.432010,0.055183,0.998431,0.008840,0.003435
12.1227,0.001557,0.384272,0.432475,0.054566,0.998461,0.009513,0.002730
12.1325,-0.000621,0.384721,0.432800,0.053974,0.998490,0.010019,0.002068
12.1426,-0.002737,0.385220,0.433034,0.053493,0.998513,0.010407,0.001374
12.1524,-0.004853,0.385713,0.433208,0.052912,0.998541,0.010702,0.000838
12.1629,-0.006975,0.386249,0.433257,0.052278,0.998574,0.010847,0.000247
12.1727,-0.009136,0.386867,0.433143,-0.051545,-0.998612,-0.010779,0.000293
12.1826,-0.011276,0.387519,0.432860,-0.050880,-0.998649,-0.010477,0.000879
12.1925,-0.013320,0.388270,0.432431,-0.050335,-0.998681,-0.009989,0.001392
12.2027,-0.015346,0.389138,0.431814,-0.049866,-0.998711,-0.009227,0.001914
12.2125,-0.017418,0.390121,0.431018,-0.049324,-0.998746,-0.008239,0.002472
12.2226,-0.019521,0.391195,0.430086,-0.048691,-0.998785,-0.007036,0.002998
12.2325,-0.021608,0.392361,0.428961,-0.047980,-0.998826,-0.005586,0.003533
12.2425,-0.023673,0.393564,0.427683,-0.047297,-0.998865,-0.003908,0.004080
12.2528,-0.025673,0.394830,0.426344,-0.046676,-0.998897,-0.002150,0.004587
12.2626,-0.027690,0.396130,0.424898,-0.046011,-0.998928,-0.000245,0.005025
12.2727,-0.029747,0.397474,0.423328,-0.045258,-0.998959,0.001794,0.005483
12.2826,-0.031835,0.398834,0.421707,-0.044468,-0.998985,0.003913,0.005952
12.2927,-0.033915,0.400165,0.419971,-0.043603,-0.999009,0.006176,0.006415
12.3027,-0.035999,0.401463,0.418287,-0.042729,-0.999029,0.008350,0.006815
12.3127,-0.038128,0.402718,0.416611,-0.041807,-0.999045,0.010480,0.007176
12.3227,-0.040362,0.403883,0.414974,-0.040795,-0.999061,0.012545,0.007507
12.3328,-0.042604,0.404968,0.413355,-0.039822,-0.999070,0.014571,0.007768
12.3426,-0.044834,0.405944,0.411851,-0.038859,-0.999078,0.016407,0.008028
12.3526,-0.046979,0.406834,0.410451,-0.038018,-0.999079,0.018101,0.008210
12.3628,-0.049095,0.407598,0.409164,-0.037198,-0.999081,0.019599,0.008330
12.3726,-0.051203,0.408271,0.408025,-0.036389,-0.999085,0.020858,0.008406
12.3825,-0.053273,0.408835,0.406992,-0.035689,-0.999086,0.021934,0.008478
12.3927,-0.055230,0.409303,0.406082,-0.035165,-0.999086,0.022796,0.008458
12.4025,-0.057127,0.409684,0.405320,-0.034899,-0.999082,0.023394,0.008410
12.4125,-0.058963,0.410030,0.404682,-0.034775,-0.999078,0.023740,0.008326
12.4226,-0.060759,0.410324,0.404114,-0.034761,-0.999075,0.023951,0.008205
12.4325,-0.062572,0.410558,0.403658,-0.034802,-0.999075,0.023949,0.008063
12.4426,-0.064347,0.410771,0.403195,-0.034877,-0.999075,0.023885,0.007924
12.4528,-0.066078,0.410958,0.402799,-0.035103,-0.999073,0.023662,0.007766
12.4626,-0.067730,0.411133,0.402478,-0.035517,-0.999069,0.023293,0.007590
12.4726,-0.069390,0.411294,0.402224,-0.036057,-0.999063,0.022762,0.007411
12.4828,-0.071030,0.411469,0.402014,-0.036619,-0.999058,0.022122,0.007198
12.4931,-0.072716,0.411641,0.401822,-0.037157,-0.999056,0.021411,0.006993
12.5025,-0.074481,0.411806,0.401631,-0.037554,-0.999058,0.020678,0.006782
12.5126,-0.076324,0.411964,0.401416,-0.037899,-0.999061,0.019917,0.006582
12.5227,-0.078205,0.412138,0.401172,-0.038187,-0.999065,0.019220,0.006420
12.5324,-0.080065,0.412343,0.400962,-0.038514,-0.999068,0.018434,0.006257
12.5427,-0.081865,0.412553,0.400758,-0.038733,-0.999075,0.017644,0.006103
12.5529,-0.083608,0.412781,0.400526,-0.038900,-0.999082,0.016942,0.005957
12.5626,-0.085300,0.412999,0.400302,-0.038924,-0.999093,0.016239,0.005822
12.5726,-0.086957,0.413234,0.400087,-0.038860,-0.999107,0.015574,0.005711
12.5830,-0.088531,0.413457,0.399865,-0.038720,-0.999122,0.014966,0.005620
12.5928,-0.090032,0.413676,0.399678,-0.038555,-0.999138,0.014361,0.005534
12.6027,-0.091447,0.413893,0.399523,-0.038339,-0.999154,0.013803,0.005489
12.6124,-0.092746,0.414095,0.399362,-0.038094,-0.999171,0.013300,0.005469
12.6224,-0.093908,0.414309,0.399253,-0.037885,-0.999185,0.012786,0.005466
12.6326,-0.094946,0.414511,0.399200,-0.037658,-0.999200,0.012308,0.005455
12.6425,-0.095871,0.414736,0.399197,-0.037405,-0.999215,0.011821,0.005447
12.6526,-0.096688,0.414956,0.399224,-0.037179,-0.999229,0.011373,0.005437
12.6626,-0.097400,0.415180,0.399319,-0.036950,-0.999243,0.010922,0.005437
12.6723,-0.098028,0.415431,0.399517,-0.036729,-0.999256,0.010400,0.005467
12.6826,-0.098546,0.415699,0.399755,-0.036496,-0.999270,0.009883,0.005513
12.6924,-0.099004,0.415983,0.400077,-0.036256,-0.999283,0.009345,0.005559
12.7023,-0.099371,0.416298,0.400510,-0.036076,-0.999295,0.008745,0.005570
12.7129,-0.099681,0.416628,0.401005,-0.035882,-0.999307,0.008104,0.005609
12.7227,-0.099915,0.416986,0.401574,-0.035746,-0.999318,0.007406,0.005638
12.7325,-0.100107,0.417366,0.402179,-0.035611,-0.999327,0.006726,0.005667
12.7427,-0.100253,0.417780,0.402861,-0.035482,-0.999336,0.005987,0.005692
12.7526,-0.100358,0.418194,0.403569,-0.035371,-0.999344,0.005255,0.005726
12.7627,-0.100441,0.418642,0.404351,-0.035271,-0.999351,0.004488,0.005754
12.7725,-0.100492,0.419124,0.405128,-0.035162,-0.999358,0.003736,0.005747
12.7826,-0.100521,0.419642,0.405959,-0.035061,-0.999364,0.002928,0.005748
12.7926,-0.100567,0.420231,0.406796,-0.034961,-0.999370,0.002134,0.005748
12.8027,-0.100622,0.420893,0.407622,-0.034803,-0.999377,0.001352,0.005738
12.8126,-0.100726,0.421634,0.408441,-0.034586,-0.999385,0.000605,0.005742
12.8223,-0.100860,0.422451,0.409237,-0.034324,-0.999394,-0.000127,0.005709
12.8328,-0.101102,0.423364,0.409977,-0.033915,-0.999408,-0.000816,0.005697
12.8427,-0.101412,0.424348,0.410660,-0.033445,-0.999423,-0.001446,0.005673
12.8527,-0.101835,0.425402,0.411282,-0.032818,-0.999443,-0.001986,0.005634
12.8626,-0.102371,0.426519,0.411849,-0.032071,-0.999467,-0.002500,0.005643
12.8730,-0.103062,0.427693,0.412337,-0.031143,-0.999495,-0.002924,0.005640
12.8826,-0.103910,0.428928,0.412762,-0.030017,-0.999528,-0.003325,0.005602
12.8927,-0.104919,0.430201,0.413093,-0.028685,-0.999566,-0.003624,0.005562
12.9022,-0.106112,0.431549,0.413369,-0.027179,-0.999608,-0.003910,0.005507
12.9124,-0.107531,0.432938,0.413575,-0.025416,-0.999654,-0.004153,0.005428
12.9225,-0.109135,0.434354,0.413708,-0.023419,-0.999702,-0.004355,0.005338
12.9324,-0.110922,0.435776,0.413736,-0.021237,-0.999751,-0.004444,0.005188
12.9427,-0.112868,0.437175,0.413736,-0.018870,-0.999799,-0.004523,0.005016
12.9526,-0.114913,0.438521,0.413790,-0.016438,-0.999842,-0.004693,0.004820
12.9626,-0.116988,0.439864,0.413777,-0.013948,-0.999880,-0.004850,0.004589
12.9726,-0.119042,0.441158,0.413794,-0.011527,-0.999911,-0.005060,0.004367
12.9826,-0.121054,0.442434,0.413822,-0.009154,-0.999936,-0.005293,0.004116
12.9925,-0.123040,0.443672,0.413781,-0.006830,-0.999954,-0.005493,0.003854
13.0028,-0.124983,0.444853,0.413726,-0.004589,-0.999967,-0.005677,0.003606
13.0124,-0.126866,0.445967,0.413685,-0.002390,-0.999974,-0.005888,0.003366
13.0224,-0.128637,0.447005,0.413576,-0.000359,-0.999977,-0.006000,0.003144
13.0329,-0.130275,0.448012,0.413522,0.001481,-0.999975,-0.006208,0.002959
13.0425,-0.131776,0.448922,0.413473,0.003187,-0.999971,-0.006406,0.002789
13.0524,-0.133137,0.449769,0.413432,0.004699,-0.999963,-0.006636,0.002649
13.0624,-0.134439,0.450553,0.413367,0.006131,-0.999955,-0.006831,0.002565
13.0726,-0.135667,0.451249,0.413292,0.007455,-0.999945,-0.006979,0.002513
13.0826,-0.136869,0.451881,0.413154,0.008721,-0.999934,-0.007029,0.002497
13.0927,-0.138062,0.452466,0.413014,0.009986,-0.999922,-0.007125,0.002480
13.1026,-0.139327,0.452967,0.412813,0.011317,-0.999907,-0.007136,0.002510
13.1126,-0.140650,0.453406,0.412598,0.012673,-0.999891,-0.007151,0.002605
13.1227,-0.142006,0.453783,0.412352,0.014089,-0.999872,-0.007146,0.002647
13.1323,-0.143456,0.454108,0.412087,0.015602,-0.999849,-0.007151,0.002711
13.1433,-0.144990,0.454372,0.411772,0.017158,-0.999824,-0.007104,0.002814
13.1526,-0.146581,0.454591,0.411399,0.018809,-0.999794,-0.007032,0.002926
13.1627,-0.148249,0.454769,0.410995,0.020530,-0.999761,-0.006938,0.003003
13.1727,-0.150042,0.454925,0.410512,0.022358,-0.999722,-0.006804,0.003135
13.1824,-0.151933,0.455057,0.409989,0.024297,-0.999677,-0.006643,0.003256
13.1928,-0.153919,0.455147,0.409420,0.026320,-0.999627,-0.006480,0.003362
13.2025,-0.156020,0.455241,0.408802,0.028439,-0.999570,-0.006320,0.003467
13.2125,-0.158163,0.455336,0.408131,0.030533,-0.999508,-0.006145,0.003609
13.2225,-0.160280,0.455438,0.407436,0.032598,-0.999444,-0.005953,0.003709
13.2326,-0.162397,0.455556,0.406683,0.034563,-0.999379,-0.005743,0.003820
13.2425,-0.164503,0.455675,0.405900,0.036446,-0.999313,-0.005504,0.003943
13.2527,-0.166563,0.455797,0.405124,0.038219,-0.999247,-0.005293,0.004025
13.2626,-0.168552,0.455924,0.404336,0.039832,-0.999185,-0.005079,0.004070
13.2727,-0.170488,0.456029,0.403548,0.041286,-0.999127,-0.004880,0.004160
13.2826,-0.172356,0.456138,0.402782,0.042546,-0.999074,-0.004709,0.004229
13.2926,-0.174106,0.456266,0.402063,0.043555,-0.999031,-0.004625,0.004305
13.3026,-0.175757,0.456402,0.401363,0.044339,-0.998997,-0.004581,0.004324
13.3126,-0.177345,0.456544,0.400684,0.044920,-0.998971,-0.004571,0.004373
13.3231,-0.178819,0.456690,0.399989,0.045281,-0.998954,-0.004528,0.004389
13.3325,-0.180262,0.456836,0.399306,0.045492,-0.998945,-0.004509,0.004440
13.3426,-0.181608,0.456987,0.398606,0.045547,-0.998942,-0.004454,0.004470
13.3526,-0.182898,0.457112,0.397882,0.045520,-0.998944,-0.004345,0.004461
13.3627,-0.184128,0.457235,0.397183,0.045403,-0.998950,-0.004234,0.004510
13.3727,-0.185342,0.457330,0.396458,0.045269,-0.998956,-0.004068,0.004539
13.3828,-0.186492,0.457395,0.395791,0.045134,-0.998963,-0.003928,0.004559
13.3927,-0.187608,0.457450,0.395135,0.044932,-0.998973,-0.003770,0.004556
13.4026,-0.188728,0.457437,0.394492,0.044771,-0.998980,-0.003586,0.004570
13.4127,-0.189841,0.457430,0.393858,0.044583,-0.998989,-0.003382,0.004585
13.4227,-0.190945,0.457361,0.393298,0.044439,-0.998996,-0.003203,0.004594
13.4327,-0.192098,0.457265,0.392763,0.044398,-0.998999,-0.003058,0.004574
13.4427,-0.193311,0.457079,0.392287,0.044498,-0.998995,-0.002901,0.004616
13.4526,-0.194543,0.456862,0.391858,0.044669,-0.998987,-0.002800,0.004615
13.4627,-0.195833,0.456584,0.391466,0.044997,-0.998973,-0.002723,0.004626
13.4725,-0.197245,0.456239,0.391140,0.045516,-0.998949,-0.002689,0.004652
13.4831,-0.198726,0.455825,0.390894,0.046228,-0.998916,-0.002716,0.004647
13.4927,-0.200297,0.455371,0.390668,0.047080,-0.998876,-0.002797,0.004665
13.5026,-0.201976,0.454839,0.390536,0.048161,-0.998824,-0.002977,0.004678
13.5127,-0.203720,0.454267,0.390383,0.049396,-0.998763,-0.003120,0.004725
13.5226,-0.205476,0.453674,0.390276,0.050690,-0.998698,-0.003306,0.004739
13.5326,-0.207278,0.453049,0.390177,0.052090,-0.998625,-0.003537,0.004783
13.5424,-0.209112,0.452392,0.390103,0.053637,-0.998542,-0.003795,0.004812
13.5526,-0.210950,0.451756,0.390038,0.055236,-0.998453,-0.004079,0.004841
13.5627,-0.212781,0.451105,0.389995,0.056898,-0.998359,-0.004396,0.004818
13.5729,-0.214592,0.450458,0.389956,0.058611,-0.998258,-0.004753,0.004847
13.5826,-0.216338,0.449841,0.389922,0.060290,-0.998156,-0.005089,0.004870
13.5927,-0.218016,0.449244,0.389838,0.061965,-0.998052,-0.005367,0.004847
13.6025,-0.219617,0.448699,0.389782,0.063571,-0.997949,-0.005688,0.004842
13.6125,-0.221156,0.448196,0.389674,0.065145,-0.997846,-0.005937,0.004861
13.6226,-0.222611,0.447724,0.389544,0.066661,-0.997745,-0.006157,0.004830
13.6326,-0.223994,0.447306,0.389380,0.068090,-0.997648,-0.006316,0.004798
13.6428,-0.225320,0.446915,0.389226,0.069516,-0.997548,-0.006478,0.004776
13.6524,-0.226534,0.446570,0.389035,0.070821,-0.997456,-0.006586,0.004730
13.6629,-0.227711,0.446234,0.388860,0.072094,-0.997364,-0.006661,0.004716
13.6725,-0.228816,0.445934,0.388680,0.073265,-0.997279,-0.006692,0.004689
13.6826,-0.229857,0.445673,0.388525,0.074361,-0.997197,-0.006740,0.004707
13.6926,-0.230870,0.445416,0.388381,0.075427,-0.997117,-0.006779,0.004670
13.7026,-0.231881,0.445167,0.388277,0.076501,-0.997035,-0.006838,0.004652
13.7126,-0.232908,0.444937,0.388225,0.077566,-0.996952,-0.006940,0.004684
13.7229,-0.233989,0.444687,0.388152,0.078674,-0.996865,-0.006984,0.004659
13.7324,-0.235135,0.444397,0.388171,0.079870,-0.996769,-0.007093,0.004640
13.7426,-0.236361,0.444089,0.388211,0.081142,-0.996666,-0.007208,0.004648
13.7525,-0.237660,0.443727,0.388342,0.082498,-0.996553,-0.007415,0.004641
13.7626,-0.239021,0.443357,0.388505,0.083920,-0.996432,-0.007634,0.004624
13.7728,-0.240478,0.442946,0.388682,0.085453,-0.996301,-0.007855,0.004613
13.7826,-0.241989,0.442520,0.388911,0.087030,-0.996162,-0.008118,0.004613
13.7925,-0.243550,0.442078,0.389103,0.088679,-0.996015,-0.008319,0.004585
13.8028,-0.245179,0.441666,0.389262,0.090372,-0.995861,-0.008499,0.004538
13.8125,-0.246831,0.441279,0.389344,0.092089,-0.995704,-0.008592,0.004482
13.8224,-0.248456,0.440962,0.389331,0.093773,-0.995547,-0.008587,0.004420
13.8325,-0.250055,0.440738,0.389260,0.095408,-0.995392,-0.008546,0.004288
13.8424,-0.251632,0.440599,0.389039,0.096994,-0.995241,-0.008347,0.004177
13.8526,-0.253161,0.440537,0.388680,0.098487,-0.995098,-0.008002,0.004027
13.8626,-0.254617,0.440592,0.388226,0.099897,-0.994962,-0.007577,0.003847
13.8727,-0.256026,0.440708,0.387624,0.101239,-0.994831,-0.007000,0.003675
13.8824,-0.257359,0.440920,0.386893,0.102495,-0.994708,-0.006313,0.003455
13.8926,-0.258589,0.441217,0.386045,0.103603,-0.994598,-0.005508,0.003220
13.9026,-0.259725,0.441600,0.385077,0.104611,-0.994498,-0.004602,0.002988
13.9125,-0.260772,0.442054,0.384084,0.105497,-0.994409,-0.003669,0.002735
13.9229,-0.261711,0.442583,0.382958,0.106271,-0.994331,-0.002595,0.002480
13.9327,-0.262563,0.443155,0.381749,0.106931,-0.994263,-0.001454,0.002225
13.9427,-0.263316,0.443770,0.380526,0.107489,-0.994204,-0.000289,0.001978
13.9526,-0.263994,0.444393,0.379292,0.107967,-0.994152,0.000902,0.001780
13.9628,-0.264586,0.444999,0.378106,0.108344,-0.994110,0.002028,0.001590
13.9726,-0.265121,0.445576,0.376938,0.108700,-0.994069,0.003141,0.001407
13.9825,-0.265549,0.446125,0.375920,0.108939,-0.994039,0.004088,0.001253
13.9927,-0.265942,0.446627,0.374957,0.109155,-0.994012,0.004972,0.001130
14.0027,-0.266288,0.447068,0.374097,0.109345,-0.993987,0.005761,0.001034
14.0126,-0.266619,0.447471,0.373346,0.109554,-0.993960,0.006431,0.000973
14.0225,-0.266888,0.447812,0.372664,0.109691,-0.993940,0.007024,0.000917
14.0324,-0.267136,0.448128,0.372084,0.109845,-0.993920,0.007494,0.000870
14.0425,-0.267365,0.448395,0.371565,0.109968,-0.993904,0.007881,0.000866
14.0525,-0.267568,0.448635,0.371112,0.110075,-0.993889,0.008180,0.000877
14.0626,-0.267768,0.448825,0.370747,0.110200,-0.993874,0.008385,0.000901
14.0726,-0.267946,0.449008,0.370399,0.110316,-0.993860,0.008520,0.000922
14.0826,-0.268112,0.449184,0.370105,0.110404,-0.993849,0.008573,0.000995
14.0925,-0.268273,0.449337,0.369834,0.110499,-0.993839,0.008563,0.001073
14.1026,-0.268430,0.449538,0.369524,0.110577,-0.993830,0.008542,0.001154
14.1127,-0.268592,0.449750,0.369169,0.110652,-0.993822,0.008525,0.001249
14.1231,-0.268772,0.450008,0.368791,0.110730,-0.993813,0.008510,0.001326
14.1323,-0.268949,0.450326,0.368375,0.110808,-0.993805,0.008485,0.001401
14.1425,-0.269140,0.450691,0.367875,0.110861,-0.993798,0.008520,0.001471
14.1526,-0.269362,0.451109,0.367350,0.110938,-0.993789,0.008566,0.001542
14.1627,-0.269565,0.451572,0.366777,0.111002,-0.993781,0.008674,0.001571
14.1725,-0.269786,0.452077,0.366131,0.111062,-0.993773,0.008849,0.001578
14.1827,-0.270044,0.452616,0.365508,0.111147,-0.993762,0.008989,0.001609
14.1928,-0.270328,0.453190,0.364855,0.111260,-0.993748,0.009170,0.001591
14.2026,-0.270622,0.453836,0.364226,0.111339,-0.993737,0.009337,0.001571
14.2127,-0.270941,0.454516,0.363569,0.111459,-0.993722,0.009567,0.001549
14.2224,-0.271278,0.455231,0.362956,0.111587,-0.993706,0.009756,0.001540
14.2325,-0.271651,0.455976,0.362326,0.111749,-0.993685,0.009986,0.001491
14.2426,-0.272023,0.456753,0.361725,0.111940,-0.993662,0.010203,0.001440
14.2526,-0.272421,0.457526,0.361087,0.112113,-0.993639,0.010462,0.001383
14.2626,-0.272823,0.458331,0.360433,0.112318,-0.993613,0.010785,0.001313
14.2777,-0.273221,0.459142,0.359810,0.112544,-0.993584,0.011060,0.001208
14.2883,-0.273644,0.459952,0.359176,0.112750,-0.993558,0.011363,0.001130
14.2994,-0.274053,0.460768,0.358541,0.112991,-0.993527,0.011693,0.001017
14.3073,-0.274463,0.461609,0.357959,0.113204,-0.993500,0.011927,0.000912
14.3193,-0.274865,0.462443,0.357412,0.113462,-0.993468,0.012122,0.000826
14.3282,-0.275284,0.463265,0.356893,0.113771,-0.993431,0.012281,0.000728
14.3368,-0.275688,0.464080,0.356408,0.114086,-0.993393,0.012391,0.000646
14.3472,-0.276091,0.464890,0.355949,0.114436,-0.993353,0.012418,0.000588
14.3551,-0.276495,0.465705,0.355511,0.114847,-0.993306,0.012395,0.000535
14.3650,-0.276810,0.466341,0.355188,0.115151,-0.993271,0.012331,0.000505
14.3764,-0.277275,0.467294,0.354714,0.115700,-0.993209,0.012201,0.000465
14.3860,-0.277666,0.468049,0.354327,0.116167,-0.993156,0.012068,0.000470
14.3969,-0.278047,0.468765,0.353920,0.116643,-0.993102,0.011943,0.000486
14.4054,-0.278437,0.469480,0.353529,0.117154,-0.993044,0.011758,0.000495
14.4153,-0.278814,0.470141,0.353102,0.117656,-0.992986,0.011613,0.000494
14.4244,-0.279206,0.470800,0.352706,0.118159,-0.992929,0.011382,0.000545
14.4345,-0.279628,0.471458,0.352259,0.118662,-0.992872,0.011142,0.000583
14.4451,-0.280058,0.472097,0.351721,0.119210,-0.992809,0.010937,0.000592
14.4541,-0.280541,0.472733,0.351168,0.119753,-0.992746,0.010680,0.000637
14.4641,-0.281034,0.473362,0.350516,0.120335,-0.992678,0.010479,0.000652
14.4733,-0.281562,0.473952,0.349845,0.120936,-0.992607,0.010270,0.000670
14.4843,-0.282100,0.474540,0.349125,0.121528,-0.992537,0.010081,0.000664
14.4934,-0.282644,0.475110,0.348336,0.122105,-0.992467,0.009950,0.000674
14.5035,-0.283246,0.475678,0.347513,0.122732,-0.992392,0.009763,0.000681
14.5135,-0.283852,0.476264,0.346603,0.123336,-0.992318,0.009628,0.000667
14.5235,-0.284506,0.476849,0.345642,0.123942,-0.992244,0.009507,0.000655
14.5332,-0.285155,0.477469,0.344536,0.124517,-0.992172,0.009451,0.000637
14.5436,-0.285846,0.478097,0.343364,0.125110,-0.992098,0.009428,0.000604
14.5536,-0.286527,0.478743,0.342084,0.125665,-0.992027,0.009466,0.000559
14.5629,-0.287232,0.479422,0.340752,0.126242,-0.991954,0.009487,0.000515
14.5734,-0.287947,0.480106,0.339431,0.126768,-0.991887,0.009442,0.000487
14.5833,-0.288674,0.480796,0.338065,0.127311,-0.991818,0.009374,0.000456
14.5928,-0.289422,0.481498,0.336704,0.127854,-0.991750,0.009259,0.000445
14.6034,-0.290222,0.482185,0.335288,0.128427,-0.991677,0.009151,0.000422
14.6129,-0.291063,0.482862,0.333848,0.129048,-0.991597,0.008994,0.000395
14.6232,-0.291942,0.483526,0.332336,0.129694,-0.991514,0.008884,0.000370
14.6332,-0.292899,0.484163,0.330812,0.130402,-0.991423,0.008719,0.000329
14.6432,-0.293912,0.484747,0.329266,0.131183,-0.991321,0.008588,0.000309
14.6528,-0.294956,0.485270,0.327749,0.132026,-0.991210,0.008432,0.000277
14.6632,-0.296086,0.485704,0.326276,0.132958,-0.991087,0.008235,0.000251
14.6727,-0.297270,0.486078,0.324812,0.133965,-0.990954,0.007996,0.000232
14.6832,-0.298537,0.486327,0.323424,0.135048,-0.990809,0.007755,0.000221
14.6928,-0.299867,0.486508,0.322081,0.136232,-0.990649,0.007455,0.000234
14.7029,-0.301286,0.486616,0.320728,0.137493,-0.990477,0.007140,0.000214
14.7129,-0.302796,0.486639,0.319359,0.138871,-0.990287,0.006856,0.000247
14.7228,-0.304354,0.486607,0.317934,0.140289,-0.990089,0.006605,0.000226
14.7334,-0.305969,0.486495,0.316539,0.141783,-0.989877,0.006365,0.000217
14.7430,-0.307648,0.486311,0.315159,0.143348,-0.989653,0.006143,0.000236
14.7532,-0.309348,0.486065,0.313840,0.144936,-0.989423,0.005897,0.000268
14.7628,-0.311067,0.485769,0.312593,0.146558,-0.989186,0.005593,0.000271
14.7731,-0.312835,0.485389,0.311433,0.148235,-0.988938,0.005278,0.000313
14.7829,-0.314577,0.484971,0.310303,0.149887,-0.988691,0.004966,0.000322
14.7930,-0.316369,0.484501,0.309230,0.151613,-0.988429,0.004622,0.000346
14.8029,-0.318178,0.483966,0.308182,0.153350,-0.988163,0.004282,0.000371
14.8128,-0.320013,0.483406,0.307187,0.155113,-0.987889,0.003873,0.000423
14.8229,-0.321869,0.482805,0.306148,0.156889,-0.987610,0.003533,0.000443
14.8327,-0.323744,0.482183,0.305147,0.158698,-0.987322,0.003152,0.000488
14.8427,-0.325631,0.481525,0.304109,0.160492,-0.987033,0.002866,0.000547
14.8527,-0.327464,0.480859,0.303124,0.162247,-0.986747,0.002526,0.000588
14.8626,-0.329232,0.480226,0.302117,0.163952,-0.986466,0.002236,0.000635
14.8724,-0.330939,0.479601,0.301105,0.165603,-0.986190,0.002007,0.000665
14.8828,-0.332524,0.479049,0.300130,0.167101,-0.985938,0.001755,0.000706
14.8927,-0.334051,0.478504,0.299147,0.168562,-0.985690,0.001536,0.000714
14.9031,-0.335490,0.478034,0.298138,0.169925,-0.985456,0.001317,0.000755
14.9130,-0.336837,0.477602,0.297137,0.171195,-0.985236,0.001107,0.000753
14.9228,-0.338125,0.477178,0.296129,0.172413,-0.985024,0.000960,0.000791
14.9324,-0.339311,0.476833,0.295149,0.173525,-0.984829,0.000760,0.000799
14.9427,-0.340442,0.476510,0.294170,0.174554,-0.984647,0.000584,0.000823
14.9524,-0.341489,0.476226,0.293163,0.175533,-0.984473,0.000454,0.000859
14.9625,-0.342444,0.475982,0.292181,0.176418,-0.984315,0.000317,0.000883
14.9726,-0.343318,0.475773,0.291184,0.177249,-0.984166,0.000171,0.000909
14.9824,-0.344132,0.475609,0.290175,0.177987,-0.984032,0.000039,0.000937
14.9927,-0.344879,0.475447,0.289134,0.178711,-0.983901,-0.000056,0.000966
15.0026,-0.345560,0.475339,0.288053,0.179381,-0.983779,-0.000182,0.000980
15.0129,-0.346185,0.475227,0.286973,0.180025,-0.983661,-0.000304,0.001032
15.0228,-0.346747,0.475175,0.285879,0.180658,-0.983545,-0.000494,0.001057
15.0325,-0.347262,0.475132,0.284751,0.181274,-0.983432,-0.000666,0.001107
15.0426,-0.347714,0.475114,0.283686,0.181930,-0.983310,-0.000898,0.001156
15.0526,-0.348139,0.475115,0.282636,0.182616,-0.983183,-0.001157,0.001268
15.0629,-0.348498,0.475153,0.281587,0.183372,-0.983042,-0.001408,0.001337
15.0729,-0.348820,0.475212,0.280543,0.184233,-0.982880,-0.001662,0.001447
15.0831,-0.349112,0.475323,0.279546,0.185166,-0.982704,-0.001939,0.001546
15.0929,-0.349376,0.475421,0.278545,0.186243,-0.982500,-0.002191,0.001645
15.1030,-0.349609,0.475589,0.277525,0.187471,-0.982266,-0.002441,0.001729
15.1127,-0.349827,0.475775,0.276541,0.188860,-0.981999,-0.002717,0.001823
15.1227,-0.350022,0.475993,0.275591,0.190383,-0.981703,-0.003048,0.001931
15.1323,-0.350210,0.476230,0.274648,0.192029,-0.981381,-0.003386,0.002024
15.1427,-0.350362,0.476519,0.273734,0.193793,-0.981033,-0.003741,0.002126
15.1526,-0.350517,0.476821,0.272871,0.195641,-0.980664,-0.004136,0.002244
15.1626,-0.350644,0.477145,0.272061,0.197564,-0.980277,-0.004526,0.002369
15.1725,-0.350778,0.477467,0.271215,0.199590,-0.979864,-0.004884,0.002469
15.1826,-0.350916,0.477804,0.270487,0.201604,-0.979449,-0.005282,0.002607
15.1924,-0.351034,0.478179,0.269809,0.203635,-0.979026,-0.005718,0.002734
15.2024,-0.351135,0.478553,0.269159,0.205614,-0.978610,-0.006107,0.002881
15.2126,-0.351227,0.478930,0.268625,0.207561,-0.978196,-0.006555,0.002989
15.2226,-0.351321,0.479331,0.268186,0.209447,-0.977790,-0.007061,0.003137
15.2323,-0.351392,0.479710,0.267790,0.211314,-0.977384,-0.007535,0.003279
15.2427,-0.351460,0.480088,0.267494,0.213134,-0.976984,-0.008041,0.003412
15.2525,-0.351490,0.480447,0.267219,0.214843,-0.976605,-0.008490,0.003521
15.2625,-0.351523,0.480796,0.267027,0.216442,-0.976248,-0.008954,0.003633
15.2726,-0.351546,0.481134,0.266863,0.217926,-0.975913,-0.009365,0.003754
15.2826,-0.351546,0.481466,0.266789,0.219292,-0.975602,-0.009795,0.003871
15.2925,-0.351544,0.481800,0.266686,0.220510,-0.975324,-0.010148,0.003975
15.3025,-0.351520,0.482149,0.266615,0.221624,-0.975067,-0.010469,0.004067
15.3125,-0.351504,0.482522,0.266574,0.222602,-0.974841,-0.010764,0.004149
15.3230,-0.351452,0.482924,0.266490,0.223455,-0.974643,-0.010989,0.004220
15.3325,-0.351404,0.483395,0.266339,0.224165,-0.974478,-0.011125,0.004282
15.3427,-0.351376,0.483897,0.266116,0.224808,-0.974330,-0.011164,0.004300
15.3528,-0.351357,0.484470,0.265837,0.225337,-0.974207,-0.011155,0.004322
15.3627,-0.351350,0.485081,0.265445,0.225782,-0.974106,-0.011022,0.004306
15.3728,-0.351339,0.485773,0.264865,0.226120,-0.974031,-0.010715,0.004256
15.3829,-0.351367,0.486524,0.264207,0.226402,-0.973970,-0.010337,0.004167
15.3927,-0.351423,0.487355,0.263417,0.226572,-0.973936,-0.009855,0.004110
15.4031,-0.351483,0.488293,0.262449,0.226661,-0.973921,-0.009266,0.003975
15.4129,-0.351615,0.489283,0.261278,0.226744,-0.973910,-0.008502,0.003858
15.4229,-0.351764,0.490341,0.259912,0.226767,-0.973913,-0.007579,0.003715
15.4326,-0.351944,0.491470,0.258378,0.226720,-0.973932,-0.006533,0.003583
15.4428,-0.352104,0.492625,0.256689,0.226638,-0.973958,-0.005368,0.003409
15.4528,-0.352306,0.493774,0.254961,0.226552,-0.973985,-0.004158,0.003238
15.4626,-0.352460,0.494964,0.253236,0.226377,-0.974030,-0.002994,0.003100
15.4724,-0.352607,0.496177,0.251480,0.226222,-0.974070,-0.001829,0.002916
15.4828,-0.352709,0.497390,0.249799,0.226027,-0.974117,-0.000734,0.002744
15.4926,-0.352793,0.498652,0.248114,0.225833,-0.974163,0.000317,0.002570
15.5027,-0.352850,0.499937,0.246445,0.225652,-0.974204,0.001323,0.002408
15.5128,-0.352830,0.501232,0.244911,0.225483,-0.974242,0.002237,0.002255
15.5227,-0.352765,0.502523,0.243416,0.225314,-0.974279,0.003070,0.002092
15.5325,-0.352640,0.503805,0.242072,0.225144,-0.974316,0.003805,0.001978
15.5426,-0.352450,0.505117,0.240914,0.225010,-0.974345,0.004291,0.001842
15.5527,-0.352223,0.506389,0.239869,0.224947,-0.974358,0.004641,0.001740
15.5628,-0.351988,0.507663,0.238930,0.224893,-0.974370,0.004878,0.001694
15.5725,-0.351706,0.508957,0.238055,0.224883,-0.974372,0.004977,0.001599
15.5827,-0.351420,0.510225,0.237164,0.224891,-0.974369,0.005063,0.001526
15.5925,-0.351119,0.511463,0.236219,0.224947,-0.974356,0.005181,0.001461
15.6026,-0.350774,0.512783,0.235210,0.224932,-0.974360,0.005194,0.001413
15.6128,-0.350402,0.514075,0.234088,0.224929,-0.974360,0.005271,0.001296
15.6224,-0.350034,0.515398,0.232930,0.224895,-0.974368,0.005269,0.001213
15.6324,-0.349641,0.516724,0.231605,0.224808,-0.974388,0.005318,0.001149
15.6425,-0.349238,0.518081,0.230213,0.224690,-0.974415,0.005345,0.001059
15.6526,-0.348800,0.519442,0.228727,0.224508,-0.974457,0.005377,0.000958
15.6626,-0.348396,0.520808,0.227108,0.224277,-0.974510,0.005457,0.000903
15.6724,-0.347995,0.522165,0.225378,0.224031,-0.974566,0.005551,0.000820
15.6825,-0.347580,0.523496,0.223537,0.223695,-0.974642,0.005731,0.000742
15.6927,-0.347213,0.524782,0.221688,0.223387,-0.974712,0.005851,0.000665
15.7027,-0.346830,0.526033,0.219847,0.223018,-0.974797,0.005871,0.000592
15.7126,-0.346500,0.527242,0.218096,0.222641,-0.974883,0.005775,0.000549
15.7228,-0.346168,0.528416,0.216461,0.222254,-0.974973,0.005530,0.000527
15.7325,-0.345923,0.529525,0.214976,0.221900,-0.975056,0.005101,0.000570
15.7426,-0.345707,0.530566,0.213546,0.221573,-0.975133,0.004616,0.000602
15.7528,-0.345538,0.531528,0.212202,0.221255,-0.975207,0.004107,0.000637
15.7625,-0.345404,0.532413,0.211000,0.220954,-0.975278,0.003496,0.000698
15.7723,-0.345297,0.533270,0.209935,0.220647,-0.975350,0.002758,0.000801
15.7825,-0.345233,0.534003,0.208987,0.220405,-0.975406,0.001972,0.000865
15.7926,-0.345195,0.534684,0.208199,0.220185,-0.975457,0.001066,0.000979
15.8029,-0.345229,0.535311,0.207563,0.220017,-0.975495,0.000005,0.001121
15.8128,-0.345279,0.535874,0.207136,0.219853,-0.975531,-0.001174,0.001267
15.8227,-0.345339,0.536408,0.206844,0.219738,-0.975555,-0.002469,0.001427
15.8324,-0.345430,0.536890,0.206692,0.219620,-0.975577,-0.003793,0.001573
15.8425,-0.345544,0.537306,0.206623,0.219559,-0.975584,-0.005092,0.001749
15.8525,-0.345675,0.537677,0.206608,0.219498,-0.975590,-0.006381,0.001900
15.8625,-0.345805,0.538002,0.206639,0.219455,-0.975591,-0.007628,0.002045
15.8728,-0.345935,0.538305,0.206765,0.219426,-0.975586,-0.008851,0.002199
15.8830,-0.346069,0.538573,0.206905,0.219404,-0.975580,-0.010055,0.002325
15.8926,-0.346184,0.538847,0.207147,0.219327,-0.975584,-0.011237,0.002456
15.9024,-0.346323,0.539067,0.207411,0.219282,-0.975580,-0.012342,0.002591
15.9127,-0.346445,0.539267,0.207689,0.219250,-0.975573,-0.013369,0.002689
15.9224,-0.346570,0.539474,0.208053,0.219219,-0.975565,-0.014404,0.002791
15.9324,-0.346683,0.539673,0.208412,0.219165,-0.975563,-0.015348,0.002850
15.9425,-0.346804,0.539865,0.208823,0.219115,-0.975559,-0.016266,0.002935
15.9525,-0.346897,0.540045,0.209205,0.219064,-0.975557,-0.017061,0.002977
15.9626,-0.346980,0.540238,0.209591,0.218977,-0.975563,-0.017808,0.003026
15.9726,-0.347070,0.540421,0.209958,0.218913,-0.975565,-0.018469,0.003069
15.9827,-0.347139,0.540607,0.210341,0.218847,-0.975567,-0.019106,0.003080
15.9925,-0.347180,0.540789,0.210691,0.218745,-0.975580,-0.019633,0.003098
16.0030,-0.347248,0.540955,0.211026,0.218671,-0.975586,-0.020128,0.003098
16.0128,-0.347292,0.541133,0.211338,0.218573,-0.975599,-0.020547,0.003049
16.0226,-0.347321,0.541303,0.211614,0.218461,-0.975617,-0.020912,0.003035
16.0324,-0.347360,0.541469,0.211915,0.218334,-0.975638,-0.021266,0.002963
16.0429,-0.347408,0.541635,0.212204,0.218215,-0.975658,-0.021594,0.002895
16.0524,-0.347442,0.541808,0.212498,0.218078,-0.975681,-0.021915,0.002781
16.0625,-0.347462,0.541982,0.212772,0.217909,-0.975713,-0.022201,0.002635
16.0725,-0.347490,0.542193,0.213092,0.217730,-0.975746,-0.022535,0.002504
16.0825,-0.347525,0.542398,0.213403,0.217549,-0.975779,-0.022873,0.002331
16.0927,-0.347544,0.542637,0.213770,0.217338,-0.975817,-0.023244,0.002110
16.1027,-0.347577,0.542897,0.214178,0.217126,-0.975855,-0.023673,0.001884
16.1125,-0.347608,0.543171,0.214615,0.216913,-0.975892,-0.024104,0.001632
16.1226,-0.347644,0.543464,0.215058,0.216705,-0.975927,-0.024558,0.001375
16.1324,-0.347676,0.543762,0.215488,0.216489,-0.975965,-0.024958,0.001077
16.1428,-0.347718,0.544067,0.215955,0.216276,-0.976001,-0.025412,0.000791
16.1526,-0.347741,0.544387,0.216407,0.216061,-0.976038,-0.025836,0.000519
16.1625,-0.347769,0.544707,0.216885,0.215855,-0.976071,-0.026290,0.000208
16.1727,-0.347816,0.544993,0.217363,-0.215684,0.976098,0.026717,0.000075
16.1829,-0.347841,0.545277,0.217784,-0.215501,0.976128,0.027079,0.000336
16.1926,-0.347862,0.545519,0.218168,-0.215345,0.976153,0.027398,0.000591
16.2027,-0.347887,0.545726,0.218522,-0.215205,0.976177,0.027655,0.000826
16.2128,-0.347888,0.545887,0.218818,-0.215119,0.976190,0.027848,0.001052
16.2225,-0.347886,0.546029,0.219050,-0.215047,0.976202,0.027980,0.001283
16.2326,-0.347886,0.546125,0.219219,-0.215020,0.976206,0.028044,0.001447
16.2426,-0.347885,0.546175,0.219354,-0.215019,0.976205,0.028078,0.001598
16.2525,-0.347860,0.546211,0.219436,-0.215036,0.976202,0.028053,0.001747
16.2626,-0.347808,0.546188,0.219428,-0.215072,0.976197,0.027933,0.001872
16.2725,-0.347762,0.546122,0.219355,-0.215114,0.976194,0.027714,0.002005
16.2825,-0.347713,0.546042,0.219259,-0.215187,0.976184,0.027467,0.002103
16.2925,-0.347638,0.545945,0.219092,-0.215243,0.976182,0.027107,0.002187
16.3031,-0.347561,0.545833,0.218916,-0.215312,0.976178,0.026678,0.002262
16.3125,-0.347452,0.545695,0.218671,-0.215377,0.976179,0.026127,0.002372
16.3225,-0.347331,0.545541,0.218437,-0.215490,0.976169,0.025517,0.002466
16.3324,-0.347174,0.545391,0.218171,-0.215575,0.976168,0.024822,0.002590
16.3423,-0.347027,0.545201,0.217879,-0.215677,0.976165,0.024045,0.002703
16.3524,-0.346872,0.544985,0.217544,-0.215810,0.976157,0.023168,0.002811
16.3626,-0.346690,0.544781,0.217206,-0.215894,0.976158,0.022267,0.002934
16.3724,-0.346503,0.544526,0.216788,-0.215977,0.976163,0.021207,0.003037
16.3825,-0.346312,0.544288,0.216400,-0.216082,0.976162,0.020159,0.003160
16.3927,-0.346118,0.543999,0.215968,-0.216159,0.976167,0.019054,0.003252
16.4025,-0.345892,0.543704,0.215516,-0.216221,0.976174,0.017909,0.003379
16.4125,-0.345652,0.543400,0.215017,-0.216275,0.976183,0.016740,0.003469
16.4225,-0.345401,0.543040,0.214464,-0.216304,0.976196,0.015510,0.003556
16.4325,-0.345137,0.542663,0.213898,-0.216309,0.976214,0.014291,0.003626
16.4424,-0.344833,0.542275,0.213244,-0.216292,0.976235,0.013015,0.003735
16.4526,-0.344548,0.541852,0.212579,-0.216300,0.976248,0.011766,0.003824
16.4625,-0.344222,0.541405,0.211861,-0.216259,0.976272,0.010494,0.003906
16.4726,-0.343879,0.540947,0.211120,-0.216207,0.976295,0.009275,0.003982
16.4830,-0.343545,0.540461,0.210374,-0.216150,0.976318,0.008085,0.004087
16.4926,-0.343230,0.539959,0.209579,-0.216117,0.976334,0.006929,0.004155
16.5025,-0.342898,0.539435,0.208769,-0.216060,0.976354,0.005790,0.004237
16.5126,-0.342556,0.538909,0.207941,-0.216013,0.976370,0.004702,0.004328
16.5229,-0.342252,0.538368,0.207134,-0.215964,0.976385,0.003684,0.004407
16.5325,-0.341961,0.537824,0.206330,-0.215909,0.976399,0.002726,0.004482
16.5425,-0.341690,0.537292,0.205543,-0.215890,0.976405,0.001834,0.004534
16.5527,-0.341422,0.536782,0.204794,-0.215832,0.976419,0.001011,0.004615
16.5629,-0.341189,0.536269,0.204080,-0.215815,0.976423,0.000218,0.004696
16.5722,-0.340975,0.535775,0.203378,-0.215803,0.976425,-0.000536,0.004744
16.5826,-0.340821,0.535288,0.202747,-0.215846,0.976415,-0.001173,0.004803
16.5926,-0.340690,0.534828,0.202136,-0.215890,0.976404,-0.001776,0.004792
16.6029,-0.340568,0.534396,0.201577,-0.215901,0.976401,-0.002301,0.004824
16.6126,-0.340491,0.533964,0.201062,-0.215980,0.976382,-0.002776,0.004853
16.6226,-0.340439,0.533565,0.200580,-0.216063,0.976362,-0.003180,0.004912
16.6325,-0.340401,0.533182,0.200152,-0.216154,0.976340,-0.003532,0.004948
16.6425,-0.340366,0.532823,0.199743,-0.216230,0.976322,-0.003868,0.004996
16.6526,-0.340362,0.532482,0.199360,-0.216313,0.976302,-0.004155,0.005047
16.6626,-0.340350,0.532184,0.199039,-0.216408,0.976280,-0.004381,0.005075
16.6724,-0.340361,0.531894,0.198728,-0.216504,0.976258,-0.004590,0.005100
16.6828,-0.340359,0.531601,0.198457,-0.216587,0.976238,-0.004786,0.005156
16.6925,-0.340385,0.531336,0.198201,-0.216702,0.976211,-0.004939,0.005203
16.7024,-0.340400,0.531070,0.197945,-0.216783,0.976192,-0.005090,0.005267
16.7126,-0.340416,0.530834,0.197742,-0.216881,0.976170,-0.005204,0.005316
16.7225,-0.340437,0.530614,0.197552,-0.216955,0.976153,-0.005271,0.005371
16.7325,-0.340472,0.530389,0.197416,-0.217056,0.976130,-0.005312,0.005432
16.7425,-0.340481,0.530203,0.197310,-0.217121,0.976115,-0.005313,0.005497
16.7526,-0.340537,0.530013,0.197225,-0.217228,0.976091,-0.005303,0.005544
16.7625,-0.340578,0.529841,0.197204,-0.217320,0.976070,-0.005242,0.005604
16.7726,-0.340633,0.529696,0.197249,-0.217435,0.976045,-0.005105,0.005636
16.7827,-0.340677,0.529548,0.197306,-0.217516,0.976027,-0.004980,0.005704
16.7926,-0.340713,0.529468,0.197474,-0.217569,0.976017,-0.004738,0.005732
16.8025,-0.340772,0.529384,0.197646,-0.217627,0.976005,-0.004498,0.005781
16.8124,-0.340825,0.529335,0.197919,-0.217692,0.975991,-0.004186,0.005816
16.8224,-0.340870,0.529352,0.198272,-0.217766,0.975976,-0.003795,0.005840
16.8325,-0.340888,0.529416,0.198744,-0.217737,0.975984,-0.003313,0.005864
16.8430,-0.340933,0.529485,0.199258,-0.217825,0.975966,-0.002793,0.005870
16.8526,-0.340944,0.529587,0.199808,-0.217758,0.975982,-0.002290,0.005869
16.8625,-0.340978,0.529708,0.200431,-0.217810,0.975972,-0.001714,0.005865
16.8726,-0.341012,0.529833,0.201059,-0.217792,0.975977,-0.001148,0.005844
16.8828,-0.341050,0.529995,0.201739,-0.217814,0.975973,-0.000550,0.005818
16.8928,-0.341078,0.530198,0.202484,-0.217815,0.975973,0.000105,0.005789
16.9024,-0.341126,0.530433,0.203276,-0.217832,0.975969,0.000808,0.005766
16.9128,-0.341219,0.530696,0.204154,-0.217849,0.975965,0.001550,0.005674
16.9226,-0.341296,0.531043,0.205149,-0.217851,0.975963,0.002378,0.005581
16.9325,-0.341398,0.531469,0.206301,-0.217856,0.975960,0.003297,0.005475
16.9427,-0.341474,0.532019,0.207601,-0.217804,0.975968,0.004312,0.005362
16.9525,-0.341591,0.532641,0.209060,-0.217773,0.975970,0.005410,0.005234
16.9626,-0.341707,0.533400,0.210696,-0.217678,0.975985,0.006607,0.005075
16.9724,-0.341797,0.534257,0.212452,-0.217554,0.976005,0.007782,0.004923
16.9827,-0.341886,0.535218,0.214371,-0.217423,0.976024,0.009008,0.004765
16.9924,-0.341901,0.536309,0.216407,-0.217176,0.976069,0.010185,0.004610
17.0029,-0.341811,0.537580,0.218603,-0.216821,0.976135,0.011382,0.004461
17.0126,-0.341657,0.538971,0.220906,-0.216381,0.976219,0.012496,0.004328
17.0225,-0.341379,0.540484,0.223342,-0.215838,0.976325,0.013617,0.004190
17.0326,-0.340886,0.542182,0.225855,-0.215045,0.976486,0.014628,0.004091
17.0425,-0.340205,0.544001,0.228404,-0.214127,0.976673,0.015584,0.004032
17.0526,-0.339311,0.545994,0.231036,-0.212983,0.976909,0.016499,0.003976
17.0626,-0.338213,0.548104,0.233816,-0.211686,0.977174,0.017449,0.003946
17.0727,-0.336828,0.550351,0.236775,-0.210147,0.977489,0.018376,0.003948
17.0828,-0.335241,0.552699,0.239874,-0.208459,0.977830,0.019407,0.004008
17.0925,-0.333352,0.555138,0.243257,-0.206528,0.978216,0.020578,0.004105
17.1025,-0.331223,0.557660,0.246857,-0.204462,0.978621,0.021879,0.004285
17.1126,-0.329077,0.560014,0.250497,-0.202450,0.979004,0.023353,0.004580
17.1227,-0.326797,0.562297,0.254190,-0.200367,0.979395,0.024787,0.004852
17.1326,-0.324470,0.564500,0.257926,-0.198299,0.979773,0.026353,0.005270
17.1427,-0.322071,0.566619,0.261656,-0.196266,0.980136,0.027922,0.005776
17.1525,-0.319645,0.568710,0.265353,-0.194208,0.980496,0.029535,0.006256
17.1628,-0.317123,0.570745,0.269001,-0.192143,0.980851,0.031072,0.006843
17.1727,-0.314532,0.572772,0.272606,-0.190041,0.981204,0.032654,0.007513
17.1827,-0.311888,0.574740,0.276210,-0.187952,0.981550,0.034157,0.008179
17.1926,-0.309225,0.576628,0.279691,-0.185883,0.981888,0.035552,0.008957
17.2024,-0.306533,0.578487,0.283237,-0.183834,0.982212,0.037003,0.009763
17.2126,-0.303851,0.580260,0.286708,-0.181840,0.982521,0.038388,0.010641
17.2225,-0.301077,0.582054,0.290226,-0.179837,0.982822,0.039839,0.011541
17.2324,-0.298208,0.583835,0.293658,-0.177752,0.983134,0.041182,0.012484
17.2423,-0.295239,0.585591,0.297088,-0.175662,0.983442,0.042481,0.013444
17.2524,-0.292165,0.587321,0.300429,-0.173557,0.983750,0.043633,0.014488
17.2625,-0.289077,0.588989,0.303728,-0.171474,0.984050,0.044728,0.015521
17.2727,-0.285962,0.590612,0.306976,-0.169432,0.984341,0.045732,0.016576
17.2825,-0.282792,0.592185,0.310118,-0.167392,0.984631,0.046609,0.017614
17.2925,-0.279519,0.593759,0.313202,-0.165333,0.984921,0.047403,0.018689
17.3026,-0.276134,0.595307,0.316199,-0.163248,0.985216,0.048053,0.019748
17.3126,-0.272663,0.596803,0.319169,-0.161180,0.985509,0.048581,0.020817
17.3229,-0.269162,0.598219,0.322118,-0.159146,0.985793,0.049033,0.021900
17.3326,-0.265659,0.599539,0.325009,-0.157180,0.986068,0.049383,0.022922
17.3426,-0.262053,0.600816,0.327856,-0.155215,0.986343,0.049640,0.023931
17.3525,-0.258349,0.602029,0.330731,-0.153191,0.986622,0.049890,0.024914
17.3626,-0.254525,0.603192,0.333566,-0.151166,0.986903,0.050024,0.025847
17.3724,-0.250628,0.604258,0.336351,-0.149130,0.987191,0.049983,0.026760
17.3827,-0.246753,0.605231,0.339017,-0.147142,0.987473,0.049811,0.027645
17.3926,-0.242857,0.606108,0.341640,-0.145200,0.987751,0.049540,0.028463
17.4024,-0.238893,0.606910,0.344197,-0.143196,0.988039,0.049169,0.029252
17.4125,-0.234798,0.607652,0.346787,-0.141161,0.988329,0.048780,0.030011
17.4223,-0.230640,0.608295,0.349403,-0.139061,0.988628,0.048310,0.030703
17.4324,-0.226521,0.608808,0.351940,-0.137032,0.988919,0.047733,0.031354
17.4426,-0.222435,0.609183,0.354545,-0.135063,0.989197,0.047182,0.031947
17.4525,-0.218263,0.609505,0.357081,-0.132970,0.989491,0.046556,0.032532
17.4625,-0.214018,0.609749,0.359650,-0.130818,0.989790,0.045949,0.033035
17.4727,-0.209755,0.609890,0.362235,-0.128653,0.990087,0.045316,0.033504
17.4828,-0.205570,0.609941,0.364796,-0.126533,0.990372,0.044730,0.033951
17.4926,-0.201388,0.609916,0.367327,-0.124443,0.990651,0.044109,0.034336
17.5028,-0.197129,0.609820,0.369841,-0.122287,0.990933,0.043534,0.034682
17.5127,-0.192840,0.609652,0.372437,-0.120129,0.991202,0.043126,0.035039
17.5228,-0.188568,0.609403,0.375095,-0.118021,0.991458,0.042812,0.035349
17.5324,-0.184376,0.609075,0.377783,-0.115968,0.991699,0.042608,0.035631
17.5427,-0.180212,0.608687,0.380435,-0.114006,0.991922,0.042490,0.035892
17.5524,-0.176007,0.608242,0.383069,-0.112077,0.992138,0.042402,0.036110
17.5630,-0.171791,0.607776,0.385735,-0.110171,0.992341,0.042442,0.036350
17.5725,-0.167623,0.607229,0.388481,-0.108349,0.992524,0.042652,0.036581
17.5826,-0.163497,0.606616,0.391244,-0.106618,0.992692,0.042921,0.036791
17.5925,-0.159345,0.605999,0.393931,-0.104924,0.992851,0.043194,0.037055
17.6023,-0.155166,0.605377,0.396609,-0.103277,0.992999,0.043552,0.037279
17.6127,-0.150976,0.604672,0.399309,-0.101654,0.993140,0.043941,0.037536
17.6225,-0.146837,0.603923,0.402069,-0.100121,0.993261,0.044464,0.037837
17.6326,-0.142764,0.603137,0.404784,-0.098694,0.993369,0.045021,0.038077
17.6428,-0.138614,0.602306,0.407485,-0.097313,0.993469,0.045584,0.038352
17.6525,-0.134427,0.601466,0.410198,-0.095991,0.993556,0.046213,0.038676
17.6626,-0.130267,0.600597,0.412849,-0.094730,0.993637,0.046812,0.038994
17.6726,-0.126207,0.599637,0.415505,-0.093607,0.993704,0.047383,0.039296
17.6824,-0.122140,0.598618,0.418176,-0.092500,0.993766,0.048012,0.039605
17.6924,-0.118012,0.597568,0.420874,-0.091322,0.993827,0.048707,0.039942
17.7025,-0.113881,0.596501,0.423525,-0.090153,0.993886,0.049375,0.040305
17.7125,-0.109799,0.595378,0.426136,-0.089105,0.993933,0.050029,0.040690
17.7225,-0.105787,0.594183,0.428726,-0.088108,0.993974,0.050654,0.041063
17.7327,-0.101743,0.592925,0.431329,-0.087035,0.994020,0.051312,0.041420
17.7427,-0.097661,0.591598,0.433977,-0.085914,0.994064,0.052005,0.041847
17.7525,-0.093590,0.590215,0.436636,-0.084684,0.994112,0.052754,0.042284
17.7627,-0.089635,0.588783,0.439194,-0.083486,0.994159,0.053430,0.042707
17.7725,-0.085725,0.587281,0.441764,-0.082274,0.994206,0.054105,0.043113
17.7825,-0.081749,0.585719,0.444313,-0.080965,0.994259,0.054751,0.043543
17.7925,-0.077712,0.584088,0.446922,-0.079479,0.994318,0.055500,0.043983
17.8028,-0.073776,0.582402,0.449491,-0.077967,0.994376,0.056221,0.044460
17.8128,-0.069903,0.580666,0.451943,-0.076391,0.994445,0.056832,0.044875
17.8229,-0.066026,0.578903,0.454420,-0.074695,0.994516,0.057496,0.045314
17.8327,-0.062054,0.577068,0.456871,-0.072761,0.994604,0.058096,0.045749
17.8429,-0.058145,0.575176,0.459301,-0.070822,0.994687,0.058686,0.046231
17.8528,-0.054304,0.573261,0.461686,-0.068815,0.994777,0.059212,0.046665
17.8626,-0.050440,0.571358,0.463938,-0.066796,0.994870,0.059631,0.047067
17.8724,-0.046510,0.569425,0.466141,-0.064647,0.994977,0.059930,0.047434
17.8826,-0.042611,0.567424,0.468309,-0.062527,0.995080,0.060122,0.047866
17.8926,-0.038847,0.565380,0.470421,-0.060493,0.995180,0.060241,0.048257
17.9026,-0.035325,0.563408,0.472461,-0.058640,0.995263,0.060398,0.048627
17.9124,-0.032015,0.561487,0.474370,-0.056892,0.995344,0.060490,0.048940
17.9225,-0.028856,0.559681,0.476091,-0.055240,0.995421,0.060470,0.049276
17.9327,-0.025990,0.557952,0.477704,-0.053809,0.995487,0.060417,0.049598
17.9427,-0.023481,0.556332,0.479114,-0.052645,0.995546,0.060292,0.049818
17.9525,-0.021243,0.554827,0.480414,-0.051725,0.995592,0.060160,0.050026
17.9626,-0.019212,0.553428,0.481599,-0.050993,0.995627,0.060011,0.050242
17.9726,-0.017299,0.552109,0.482692,-0.050379,0.995661,0.059838,0.050398
17.9827,-0.015478,0.550886,0.483635,-0.049864,0.995694,0.059583,0.050572
17.9928,-0.013702,0.549730,0.484524,-0.049407,0.995722,0.059336,0.050744
18.0027,-0.011983,0.548669,0.485317,-0.048999,0.995749,0.059090,0.050910
18.0127,-0.010285,0.547681,0.486025,-0.048657,0.995776,0.058783,0.051060
18.0226,-0.008625,0.546761,0.486611,-0.048307,0.995809,0.058417,0.051178
18.0328,-0.006887,0.545889,0.487101,-0.047898,0.995848,0.057980,0.051293
18.0426,-0.005104,0.545066,0.487544,-0.047438,0.995888,0.057544,0.051423
18.0526,-0.003225,0.544284,0.487966,-0.046857,0.995931,0.057151,0.051566
18.0627,-0.001273,0.543504,0.488348,-0.046158,0.995981,0.056741,0.051687
18.0727,0.000811,0.542766,0.488651,-0.045375,0.996035,0.056282,0.051840
18.0828,0.002997,0.542021,0.488896,-0.044538,0.996092,0.055793,0.051996
18.0929,0.005298,0.541257,0.489138,-0.043588,0.996150,0.055360,0.052159
18.1024,0.007623,0.540481,0.489359,-0.042630,0.996205,0.054951,0.052324
18.1125,0.010061,0.539705,0.489459,-0.041560,0.996272,0.054446,0.052438
18.1225,0.012594,0.538909,0.489530,-0.040434,0.996337,0.053941,0.052607
18.1325,0.015231,0.538108,0.489513,-0.039205,0.996410,0.053421,0.052697
18.1425,0.017910,0.537272,0.489384,-0.037993,0.996484,0.052772,0.052832
18.1527,0.020594,0.536437,0.489236,-0.036719,0.996555,0.052189,0.052966
18.1627,0.023212,0.535607,0.488967,-0.035551,0.996628,0.051537,0.053035
18.1725,0.025819,0.534753,0.488598,-0.034425,0.996702,0.050796,0.053101
18.1826,0.028399,0.533897,0.488122,-0.033316,0.996780,0.049983,0.053124
18.1926,0.030978,0.533013,0.487585,-0.032280,0.996854,0.049166,0.053137
18.2024,0.033480,0.532114,0.486927,-0.031333,0.996931,0.048216,0.053123
18.2125,0.035883,0.531233,0.486217,-0.030476,0.997004,0.047298,0.053071
18.2229,0.038102,0.530358,0.485436,-0.029775,0.997076,0.046326,0.052988
18.2324,0.040188,0.529473,0.484620,-0.029157,0.997144,0.045359,0.052889
18.2424,0.042151,0.528591,0.483747,-0.028676,0.997210,0.044357,0.052750
18.2527,0.044057,0.527728,0.482851,-0.028186,0.997276,0.043343,0.052607
18.2625,0.045854,0.526858,0.482002,-0.027785,0.997334,0.042413,0.052475
18.2726,0.047533,0.526000,0.481034,-0.027446,0.997398,0.041347,0.052286
18.2827,0.049081,0.525154,0.480077,-0.027227,0.997457,0.040335,0.052075
18.2926,0.050524,0.524312,0.479134,-0.027129,0.997509,0.039324,0.051890
18.3026,0.051826,0.523462,0.478200,-0.027159,0.997556,0.038357,0.051699
18.3126,0.053008,0.522613,0.477304,-0.027283,0.997597,0.037450,0.051505
18.3227,0.054080,0.521781,0.476444,-0.027512,0.997632,0.036583,0.051333
18.3326,0.055103,0.520906,0.475576,-0.027788,0.997665,0.035737,0.051130
18.3427,0.056048,0.520032,0.474658,-0.028175,0.997697,0.034833,0.050931
18.3526,0.056993,0.519141,0.473717,-0.028590,0.997728,0.033914,0.050715
18.3624,0.057879,0.518232,0.472745,-0.029075,0.997757,0.032996,0.050471
18.3725,0.058781,0.517298,0.471748,-0.029548,0.997785,0.032046,0.050250
18.3827,0.059671,0.516352,0.470711,-0.030064,0.997813,0.031080,0.049994
18.3925,0.060572,0.515380,0.469605,-0.030613,0.997842,0.030048,0.049709
18.4025,0.061484,0.514406,0.468492,-0.031235,0.997867,0.029004,0.049451
18.4125,0.062377,0.513422,0.467374,-0.031829,0.997890,0.027987,0.049179
18.4227,0.063277,0.512433,0.466303,-0.032380,0.997911,0.027038,0.048927
18.4324,0.064185,0.511439,0.465182,-0.032883,0.997935,0.026037,0.048639
18.4429,0.065105,0.510431,0.464071,-0.033386,0.997958,0.025038,0.048358
18.4524,0.066022,0.509440,0.463027,-0.033773,0.997980,0.024134,0.048099
18.4627,0.066968,0.508475,0.461933,-0.034095,0.998006,0.023176,0.047790
18.4725,0.067910,0.507516,0.460872,-0.034358,0.998032,0.022239,0.047510
18.4829,0.068914,0.506569,0.459815,-0.034529,0.998060,0.021305,0.047221
18.4926,0.069919,0.505621,0.458811,-0.034660,0.998086,0.020433,0.046953
18.5027,0.070937,0.504707,0.457807,-0.034755,0.998113,0.019550,0.046684
18.5123,0.071976,0.503793,0.456868,-0.034767,0.998140,0.018722,0.046447
18.5226,0.072994,0.502904,0.455964,-0.034706,0.998168,0.017935,0.046203
18.5323,0.074042,0.502054,0.455122,-0.034615,0.998195,0.017185,0.045963
18.5430,0.075068,0.501218,0.454328,-0.034493,0.998221,0.016469,0.045760
18.5525,0.076081,0.500418,0.453614,-0.034348,0.998244,0.015840,0.045582
18.5627,0.077125,0.499639,0.452982,-0.034164,0.998267,0.015242,0.045421
18.5725,0.078154,0.498877,0.452434,-0.033939,0.998288,0.014763,0.045289
18.5824,0.079225,0.498142,0.451955,-0.033698,0.998308,0.014293,0.045182
18.5923,0.080306,0.497406,0.451554,-0.033450,0.998325,0.013892,0.045111
18.6030,0.081440,0.496688,0.451220,-0.033182,0.998341,0.013545,0.045073
18.6126,0.082587,0.495986,0.450948,-0.032940,0.998353,0.013253,0.045063
18.6229,0.083736,0.495280,0.450747,-0.032696,0.998364,0.012999,0.045069
18.6326,0.084875,0.494622,0.450556,-0.032544,0.998372,0.012765,0.045065
18.6426,0.086024,0.493963,0.450414,-0.032424,0.998378,0.012554,0.045083
18.6526,0.087115,0.493312,0.450311,-0.032350,0.998382,0.012364,0.045108
18.6629,0.088189,0.492683,0.450206,-0.032353,0.998382,0.012165,0.045152
18.6725,0.089266,0.492059,0.450146,-0.032414,0.998380,0.012000,0.045190
18.6830,0.090356,0.491449,0.450101,-0.032480,0.998378,0.011867,0.045229
18.6925,0.091430,0.490859,0.450055,-0.032618,0.998374,0.011740,0.045249
18.7027,0.092555,0.490250,0.449995,-0.032725,0.998371,0.011583,0.045291
18.7126,0.093700,0.489652,0.449919,-0.032854,0.998367,0.011423,0.045309
18.7225,0.094902,0.489072,0.449788,-0.032906,0.998368,0.011233,0.045294
18.7324,0.096187,0.488478,0.449639,-0.032873,0.998374,0.010985,0.045266
18.7425,0.097537,0.487894,0.449491,-0.032789,0.998378,0.010768,0.045270
18.7528,0.098929,0.487309,0.449291,-0.032629,0.998389,0.010480,0.045219
18.7629,0.100364,0.486724,0.449047,-0.032393,0.998403,0.010153,0.045161
18.7727,0.101806,0.486154,0.448792,-0.032087,0.998420,0.009835,0.045077
18.7825,0.103259,0.485597,0.448475,-0.031744,0.998440,0.009453,0.044961
18.7926,0.104698,0.485059,0.448167,-0.031287,0.998463,0.009098,0.044839
18.8026,0.106153,0.484523,0.447841,-0.030776,0.998489,0.008731,0.044689
18.8124,0.107596,0.484007,0.447491,-0.030195,0.998517,0.008355,0.044531
18.8227,0.109028,0.483498,0.447173,-0.029507,0.998547,0.008017,0.044370
18.8325,0.110481,0.483000,0.446831,-0.028763,0.998580,0.007642,0.044176
18.8426,0.111894,0.482520,0.446512,-0.027958,0.998612,0.007309,0.044030
18.8526,0.113281,0.482083,0.446177,-0.027153,0.998645,0.006960,0.043841
18.8625,0.114579,0.481669,0.445888,-0.026362,0.998675,0.006672,0.043686
18.8726,0.115839,0.481280,0.445576,-0.025610,0.998704,0.006348,0.043530
18.8827,0.116995,0.480927,0.445288,-0.024930,0.998731,0.006061,0.043338
18.8924,0.118113,0.480589,0.445036,-0.024288,0.998755,0.005791,0.043190
18.9023,0.119142,0.480286,0.444792,-0.023766,0.998775,0.005536,0.043044
18.9125,0.120088,0.479996,0.444593,-0.023347,0.998791,0.005327,0.042922
18.9226,0.120974,0.479735,0.444405,-0.023016,0.998805,0.005127,0.042809
18.9323,0.121807,0.479495,0.444237,-0.022752,0.998816,0.004946,0.042708
18.9427,0.122564,0.479277,0.444097,-0.022631,0.998823,0.004771,0.042623
18.9526,0.123260,0.479081,0.443953,-0.022592,0.998828,0.004607,0.042556
18.9626,0.123927,0.478900,0.443829,-0.022597,0.998831,0.004447,0.042491
18.9727,0.124551,0.478742,0.443718,-0.022690,0.998833,0.004305,0.042425
18.9827,0.125167,0.478585,0.443602,-0.022814,0.998833,0.004151,0.042362
18.9925,0.125781,0.478422,0.443488,-0.022941,0.998833,0.003996,0.042310
19.0027,0.126420,0.478260,0.443398,-0.023038,0.998833,0.003862,0.042276
19.0126,0.127055,0.478102,0.443317,-0.023161,0.998832,0.003743,0.042241
19.0227,0.127717,0.477927,0.443193,-0.023222,0.998834,0.003578,0.042182
19.0325,0.128410,0.477759,0.443102,-0.023239,0.998836,0.003440,0.042138
19.0429,0.129182,0.477542,0.443034,-0.023137,0.998840,0.003319,0.042093
19.0526,0.130015,0.477319,0.442951,-0.022914,0.998847,0.003180,0.042068
19.0625,0.130914,0.477067,0.442867,-0.022611,0.998855,0.003048,0.042044
19.0725,0.131925,0.476796,0.442785,-0.022167,0.998867,0.002915,0.042011
19.0826,0.133030,0.476475,0.442693,-0.021549,0.998882,0.002745,0.041980
19.0925,0.134284,0.476119,0.442530,-0.020773,0.998902,0.002516,0.041910
19.1027,0.135611,0.475714,0.442406,-0.019855,0.998924,0.002328,0.041853
19.1129,0.137076,0.475281,0.442198,-0.018762,0.998949,0.002058,0.041764
19.1230,0.138623,0.474813,0.441964,-0.017553,0.998976,0.001785,0.041660
19.1324,0.140265,0.474275,0.441688,-0.016191,0.999005,0.001465,0.041519
19.1426,0.141991,0.473700,0.441332,-0.014703,0.999036,0.001067,0.041343
19.1525,0.143749,0.473089,0.440921,-0.013141,0.999066,0.000636,0.041158
19.1625,0.145511,0.472443,0.440418,-0.011561,0.999096,0.000125,0.040907
19.1726,0.147246,0.471775,0.439842,-0.009969,0.999126,-0.000457,0.040591
19.1829,0.148933,0.471105,0.439181,-0.008436,0.999154,-0.001070,0.040242
19.1923,0.150570,0.470390,0.438461,-0.006943,0.999180,-0.001769,0.039851
19.2026,0.152139,0.469684,0.437670,-0.005506,0.999205,-0.002502,0.039411
19.2125,0.153661,0.468973,0.436840,-0.004135,0.999227,-0.003247,0.038965
19.2227,0.155091,0.468275,0.435951,-0.002880,0.999248,-0.004049,0.038454
19.2324,0.156441,0.467568,0.434992,-0.001700,0.999268,-0.004932,0.037903
19.2427,0.157667,0.466906,0.434005,-0.000674,0.999286,-0.005803,0.037340
19.2526,0.158741,0.466266,0.433014,0.000224,0.999302,-0.006668,0.036761
19.2623,0.159664,0.465684,0.431996,0.000933,0.999317,-0.007552,0.036171
19.2727,0.160433,0.465130,0.430916,0.001484,0.999331,-0.008488,0.035532
19.2827,0.161114,0.464592,0.429818,0.001941,0.999345,-0.009425,0.034887
19.2926,0.161662,0.464103,0.428680,0.002237,0.999358,-0.010365,0.034220
19.3027,0.162105,0.463627,0.427549,0.002499,0.999370,-0.011283,0.033565
19.3123,0.162448,0.463152,0.426340,0.002607,0.999380,-0.012287,0.032877
19.3227,0.162717,0.462708,0.425102,0.002665,0.999390,-0.013300,0.032191
19.3327,0.162895,0.462296,0.423830,0.002651,0.999399,-0.014255,0.031486
19.3428,0.163001,0.461891,0.422522,0.002610,0.999405,-0.015253,0.030813
19.3528,0.163056,0.461516,0.421211,0.002552,0.999411,-0.016178,0.030154
19.3626,0.163035,0.461158,0.419835,0.002417,0.999416,-0.017091,0.029496
19.3726,0.162999,0.460809,0.418456,0.002319,0.999419,-0.017934,0.028900
19.3825,0.162891,0.460486,0.417030,0.002180,0.999421,-0.018716,0.028343
19.3928,0.162775,0.460169,0.415578,0.002034,0.999421,-0.019385,0.027877
19.4028,0.162602,0.459860,0.414091,0.001898,0.999421,-0.020021,0.027434
19.4127,0.162404,0.459574,0.412589,0.001730,0.999421,-0.020538,0.027081
19.4225,0.162179,0.459311,0.411099,0.001610,0.999421,-0.020930,0.026790
19.4327,0.161959,0.459041,0.409586,0.001495,0.999420,-0.021258,0.026566
19.4429,0.161687,0.458767,0.408077,0.001373,0.999419,-0.021528,0.026385
19.4527,0.161402,0.458488,0.406511,0.001276,0.999418,-0.021778,0.026223
19.4630,0.161164,0.458236,0.405026,0.001212,0.999418,-0.021868,0.026159
19.4725,0.160902,0.457974,0.403487,0.001153,0.999417,-0.021931,0.026136
19.4826,0.160626,0.457693,0.401884,0.001101,0.999417,-0.021952,0.026113
19.4924,0.160330,0.457393,0.400200,0.001067,0.999417,-0.021957,0.026129
19.5028,0.160029,0.457091,0.398442,0.001025,0.999416,-0.021954,0.026156
19.5123,0.159718,0.456759,0.396608,0.001003,0.999417,-0.021971,0.026120
19.5226,0.159396,0.456403,0.394797,0.000989,0.999416,-0.021987,0.026120
19.5325,0.159073,0.456054,0.392922,0.000968,0.999416,-0.022017,0.026124
19.5424,0.158745,0.455662,0.391061,0.001010,0.999415,-0.022052,0.026120
19.5525,0.158399,0.455257,0.389214,0.001061,0.999414,-0.022115,0.026091
19.5626,0.158049,0.454866,0.387382,0.001126,0.999414,-0.022170,0.026043
19.5724,0.157714,0.454460,0.385581,0.001215,0.999414,-0.022270,0.025979
19.5825,0.157356,0.454023,0.383760,0.001316,0.999412,-0.022466,0.025866
19.5928,0.156973,0.453580,0.381952,0.001426,0.999411,-0.022685,0.025706
19.6025,0.156631,0.453138,0.380210,0.001546,0.999409,-0.022921,0.025586
19.6125,0.156262,0.452705,0.378499,0.001701,0.999408,-0.023125,0.025418
19.6223,0.155907,0.452266,0.376848,0.001861,0.999406,-0.023381,0.025244
19.6326,0.155568,0.451834,0.375276,0.002060,0.999404,-0.023615,0.025089
19.6425,0.155228,0.451412,0.373754,0.002250,0.999402,-0.023878,0.024924
19.6526,0.154894,0.450987,0.372288,0.002477,0.999399,-0.024170,0.024730
19.6627,0.154568,0.450580,0.370890,0.002707,0.999397,-0.024436,0.024530
19.6725,0.154258,0.450181,0.369538,0.002949,0.999393,-0.024758,0.024324
19.6825,0.153951,0.449800,0.368263,0.003156,0.999391,-0.025053,0.024098
19.6925,0.153674,0.449428,0.367043,0.003411,0.999387,-0.025352,0.023890
19.7026,0.153393,0.449083,0.365920,0.003637,0.999384,-0.025631,0.023691
19.7126,0.153141,0.448763,0.364863,0.003862,0.999381,-0.025900,0.023508
19.7227,0.152925,0.448476,0.363937,0.004111,0.999378,-0.026110,0.023363
19.7325,0.152732,0.448210,0.363090,0.004329,0.999376,-0.026284,0.023216
19.7427,0.152513,0.447983,0.362320,0.004492,0.999373,-0.026458,0.023096
19.7525,0.152351,0.447772,0.361638,0.004687,0.999371,-0.026598,0.022998
19.7625,0.152194,0.447584,0.361026,0.004843,0.999369,-0.026692,0.022926
19.7728,0.152078,0.447434,0.360506,0.005012,0.999368,-0.026712,0.022899
19.7826,0.151966,0.447313,0.360070,0.005156,0.999368,-0.026660,0.022931
19.7926,0.151876,0.447202,0.359643,0.005273,0.999369,-0.026586,0.022957
19.8024,0.151801,0.447128,0.359310,0.005397,0.999370,-0.026434,0.023078
19.8124,0.151755,0.447091,0.359054,0.005501,0.999372,-0.026171,0.023252
19.8226,0.151711,0.447063,0.358829,0.005607,0.999375,-0.025884,0.023431
19.8324,0.151709,0.447074,0.358684,0.005733,0.999378,-0.025494,0.023701
19.8426,0.151701,0.447101,0.358583,0.005813,0.999381,-0.025065,0.023989
19.8525,0.151721,0.447159,0.358518,0.005899,0.999385,-0.024594,0.024300
19.8628,0.151746,0.447228,0.358496,0.005967,0.999389,-0.024065,0.024645
19.8725,0.151791,0.447320,0.358499,0.006042,0.999392,-0.023493,0.025051
19.8828,0.151840,0.447426,0.358545,0.006111,0.999395,-0.022865,0.025466
19.8928,0.151919,0.447553,0.358632,0.006192,0.999399,-0.022167,0.025927
19.9026,0.152006,0.447706,0.358743,0.006223,0.999402,-0.021449,0.026413
19.9125,0.152091,0.447862,0.358856,0.006241,0.999404,-0.020709,0.026912
19.9225,0.152209,0.448043,0.359017,0.006282,0.999405,-0.019932,0.027425
19.9325,0.152323,0.448245,0.359149,0.006296,0.999406,-0.019184,0.027939
19.9424,0.152458,0.448453,0.359298,0.006332,0.999405,-0.018432,0.028443
19.9527,0.152572,0.448651,0.359423,0.006338,0.999405,-0.017752,0.028886
19.9626,0.152707,0.448850,0.359536,0.006361,0.999403,-0.017100,0.029322
19.9727,0.152843,0.449051,0.359608,0.006391,0.999402,-0.016512,0.029713
19.9827,0.152989,0.449264,0.359681,0.006403,0.999399,-0.015958,0.030091
19.9924,0.153133,0.449455,0.359727,0.006418,0.999397,-0.015452,0.030440
20.0026,0.153272,0.449656,0.359762,0.006437,0.999394,-0.014992,0.030750
20.0126,0.153404,0.449853,0.359739,0.006412,0.999392,-0.014587,0.030999
20.0225,0.153553,0.450032,0.359713,0.006404,0.999389,-0.014244,0.031259
20.0326,0.153699,0.450233,0.359642,0.006384,0.999387,-0.013925,0.031465
20.0426,0.153859,0.450406,0.359589,0.006413,0.999385,-0.013628,0.031665
20.0527,0.154026,0.450585,0.359498,0.006421,0.999383,-0.013364,0.031834
20.0626,0.154191,0.450741,0.359364,0.006454,0.999381,-0.013185,0.031963
20.0727,0.154363,0.450894,0.359234,0.006477,0.999379,-0.012985,0.032102
20.0826,0.154538,0.451064,0.359106,0.006514,0.999378,-0.012780,0.032218
20.0925,0.154726,0.451212,0.358951,0.006582,0.999376,-0.012600,0.032340
20.1025,0.154899,0.451360,0.358777,0.006584,0.999374,-0.012461,0.032449
20.1127,0.155082,0.451496,0.358622,0.006644,0.999372,-0.012288,0.032562
20.1227,0.155272,0.451633,0.358458,0.006694,0.999370,-0.012131,0.032686
20.1323,0.155476,0.451754,0.358302,0.006763,0.999367,-0.011955,0.032826
20.1429,0.155684,0.451874,0.358144,0.006846,0.999364,-0.011776,0.032967
20.1525,0.155875,0.451995,0.358026,0.006900,0.999359,-0.011582,0.033166
20.1625,0.156067,0.452101,0.357907,0.006983,0.999355,-0.011359,0.033344
20.1725,0.156275,0.452192,0.357745,0.007074,0.999352,-0.011167,0.033493
20.1827,0.156465,0.452279,0.357646,0.007163,0.999346,-0.010918,0.033718
20.1924,0.156679,0.452361,0.357508,0.007268,0.999341,-0.010706,0.033907
20.2029,0.156865,0.452438,0.357438,0.007366,0.999336,-0.010416,0.034141
20.2123,0.157066,0.452502,0.357312,0.007469,0.999331,-0.010188,0.034324
20.2224,0.157258,0.452564,0.357221,0.007603,0.999325,-0.009930,0.034541
20.2328,0.157418,0.452621,0.357104,0.007711,0.999321,-0.009696,0.034711
20.2424,0.157592,0.452668,0.357011,0.007798,0.999314,-0.009474,0.034940
20.2526,0.157750,0.452702,0.356899,0.007927,0.999309,-0.009271,0.035113
20.2623,0.157917,0.452730,0.356750,0.008061,0.999305,-0.009098,0.035251
20.2726,0.158094,0.452754,0.356525,0.008165,0.999301,-0.009010,0.035340
20.2824,0.158310,0.452795,0.356189,0.008343,0.999299,-0.009037,0.035367
20.2924,0.158553,0.452877,0.355703,0.008475,0.999300,-0.009192,0.035266
20.3023,0.158840,0.452974,0.355028,0.008667,0.999301,-0.009534,0.035082
20.3124,0.159186,0.453114,0.354163,0.008855,0.999306,-0.010057,0.034755
20.3227,0.159573,0.453284,0.353138,0.009059,0.999312,-0.010752,0.034306
20.3327,0.160011,0.453468,0.351899,0.009309,0.999320,-0.011652,0.033722
20.3425,0.160488,0.453680,0.350509,0.009567,0.999328,-0.012710,0.033019
20.3525,0.161009,0.453911,0.349047,0.009834,0.999335,-0.013837,0.032275
20.3629,0.161578,0.454155,0.347469,0.010174,0.999340,-0.015090,0.031438
20.3722,0.162161,0.454402,0.345833,0.010494,0.999343,-0.016417,0.030558
20.3825,0.162762,0.454639,0.344152,0.010804,0.999344,-0.017801,0.029631
20.3929,0.163384,0.454861,0.342444,0.011208,0.999341,-0.019237,0.028656
20.4024,0.164020,0.455082,0.340759,0.011576,0.999336,-0.020660,0.027706
20.4123,0.164667,0.455276,0.339037,0.011984,0.999326,-0.022144,0.026706
20.4226,0.165312,0.455463,0.337356,0.012408,0.999314,-0.023600,0.025716
20.4325,0.165955,0.455649,0.335745,0.012855,0.999298,-0.025004,0.024757
20.4425,0.166590,0.455807,0.334202,0.013277,0.999280,-0.026369,0.023827
20.4525,0.167207,0.455953,0.332728,0.013727,0.999260,-0.027679,0.022928
20.4626,0.167825,0.456076,0.331338,0.014206,0.999237,-0.028901,0.022076
20.4727,0.168418,0.456193,0.330061,0.014657,0.999214,-0.030044,0.021297
20.4831,0.168989,0.456300,0.328891,0.015103,0.999191,-0.031071,0.020574
20.4926,0.169519,0.456410,0.327762,0.015543,0.999166,-0.032084,0.019895
20.5025,0.170029,0.456523,0.326719,0.015969,0.999142,-0.033013,0.019264
20.5126,0.170516,0.456630,0.325776,0.016416,0.999118,-0.033849,0.018669
20.5227,0.170968,0.456745,0.324894,0.016829,0.999094,-0.034643,0.018121
20.5326,0.171421,0.456885,0.324097,0.017260,0.999071,-0.035335,0.017626
20.5426,0.171835,0.457014,0.323367,0.017681,0.999048,-0.035998,0.017187
20.5525,0.172220,0.457146,0.322682,0.018083,0.999025,-0.036612,0.016761
20.5624,0.172588,0.457283,0.322080,0.018477,0.999005,-0.037141,0.016396
20.5725,0.172944,0.457412,0.321518,0.018895,0.998984,-0.037636,0.016049
20.5823,0.173259,0.457531,0.321018,0.019285,0.998965,-0.038089,0.015724
20.5928,0.173574,0.457662,0.320593,0.019670,0.998946,-0.038486,0.015465
20.6026,0.173846,0.457777,0.320225,0.020070,0.998929,-0.038814,0.015228
20.6127,0.174112,0.457877,0.319938,0.020480,0.998913,-0.039083,0.015050
20.6225,0.174376,0.457982,0.319716,0.020900,0.998898,-0.039296,0.014924
20.6325,0.174597,0.458095,0.319575,0.021345,0.998884,-0.039425,0.014831
20.6426,0.174833,0.458202,0.319495,0.021840,0.998871,-0.039517,0.014784
20.6525,0.175030,0.458290,0.319456,0.022346,0.998858,-0.039558,0.014752
20.6627,0.175236,0.458388,0.319495,0.022911,0.998846,-0.039544,0.014790
20.6724,0.175417,0.458483,0.319570,0.023532,0.998833,-0.039493,0.014838
20.6830,0.175593,0.458596,0.319717,0.024192,0.998821,-0.039351,0.014949
20.6925,0.175739,0.458694,0.319871,0.024936,0.998805,-0.039231,0.015059
20.7025,0.175894,0.458788,0.320052,0.025739,0.998790,-0.039069,0.015186
20.7129,0.176035,0.458877,0.320240,0.026644,0.998770,-0.038900,0.015326
20.7228,0.176153,0.458968,0.320471,0.027561,0.998751,-0.038701,0.015471
20.7325,0.176285,0.459066,0.320734,0.028583,0.998729,-0.038454,0.015674
20.7426,0.176378,0.459154,0.320962,0.029649,0.998702,-0.038269,0.015846
20.7526,0.176470,0.459249,0.321208,0.030739,0.998676,-0.038014,0.016015
20.7625,0.176544,0.459327,0.321433,0.031862,0.998645,-0.037827,0.016199
20.7723,0.176610,0.459416,0.321678,0.033041,0.998613,-0.037589,0.016365
20.7826,0.176698,0.459486,0.321909,0.034265,0.998576,-0.037390,0.016555
20.7923,0.176767,0.459556,0.322120,0.035479,0.998538,-0.037184,0.016724
20.8025,0.176839,0.459613,0.322314,0.036736,0.998497,-0.037000,0.016869
20.8125,0.176940,0.459665,0.322514,0.037993,0.998455,-0.036803,0.017037
20.8225,0.177042,0.459709,0.322751,0.039240,0.998412,-0.036578,0.017213
20.8323,0.177148,0.459752,0.322951,0.040471,0.998367,-0.036391,0.017358
20.8430,0.177241,0.459777,0.323118,0.041697,0.998320,-0.036233,0.017490
20.8527,0.177355,0.459797,0.323308,0.042905,0.998273,-0.036056,0.017618
20.8627,0.177464,0.459826,0.323511,0.044083,0.998225,-0.035883,0.017791
20.8726,0.177569,0.459860,0.323692,0.045193,0.998179,-0.035707,0.017909
20.8824,0.177677,0.459877,0.323822,0.046314,0.998130,-0.035598,0.018022
20.8925,0.177779,0.459889,0.323979,0.047386,0.998082,-0.035463,0.018137
20.9024,0.177878,0.459894,0.324144,0.048437,0.998035,-0.035314,0.018220
20.9128,0.177979,0.459891,0.324241,0.049409,0.997989,-0.035255,0.018298
20.9225,0.178068,0.459900,0.324363,0.050346,0.997944,-0.035161,0.018376
20.9323,0.178152,0.459898,0.324458,0.051211,0.997900,-0.035101,0.018443
20.9428,0.178247,0.459896,0.324553,0.052035,0.997859,-0.035044,0.018486
20.9527,0.178318,0.459900,0.324644,0.052783,0.997820,-0.034995,0.018540
20.9625,0.178381,0.459890,0.324706,0.053452,0.997785,-0.034971,0.018551
20.9728,0.178435,0.459871,0.324771,0.054090,0.997751,-0.034960,0.018587
20.9827,0.178478,0.459858,0.324847,0.054650,0.997720,-0.034945,0.018607
20.9926,0.178509,0.459839,0.324865,0.055147,0.997692,-0.034976,0.018588
21.0027,0.178533,0.459794,0.324877,0.055601,0.997666,-0.035036,0.018557
21.0125,0.178529,0.459763,0.324883,0.055958,0.997644,-0.035108,0.018535
21.0224,0.178537,0.459725,0.324888,0.056326,0.997621,-0.035172,0.018486
21.0326,0.178514,0.459679,0.324892,0.056607,0.997604,-0.035239,0.018449
21.0430,0.178500,0.459644,0.324888,0.056872,0.997587,-0.035319,0.018392
21.0526,0.178463,0.459578,0.324812,0.057069,0.997571,-0.035484,0.018308
21.0622,0.178425,0.459530,0.324784,0.057242,0.997559,-0.035588,0.018241
21.0727,0.178391,0.459469,0.324707,0.057415,0.997546,-0.035742,0.018129
21.0829,0.178351,0.459403,0.324613,0.057571,0.997533,-0.035915,0.017999
21.0925,0.178294,0.459349,0.324522,0.057688,0.997523,-0.036067,0.017867
21.1029,0.178255,0.459292,0.324429,0.057817,0.997513,-0.036207,0.017716
21.1125,0.178180,0.459244,0.324286,0.057877,0.997506,-0.036394,0.017513
21.1225,0.178144,0.459186,0.324163,0.057992,0.997496,-0.036572,0.017353
21.1325,0.178099,0.459120,0.324055,0.058103,0.997487,-0.036720,0.017170
21.1426,0.178048,0.459065,0.323933,0.058240,0.997477,-0.036871,0.017000
21.1526,0.178016,0.459010,0.323801,0.058401,0.997465,-0.037028,0.016796
21.1627,0.177979,0.458931,0.323655,0.058604,0.997450,-0.037205,0.016593
21.1726,0.177948,0.458865,0.323520,0.058845,0.997433,-0.037354,0.016400
21.1823,0.177923,0.458803,0.323386,0.059152,0.997413,-0.037502,0.016171
21.1925,0.177926,0.458725,0.323255,0.059550,0.997387,-0.037651,0.015960
21.2025,0.177944,0.458660,0.323122,0.060056,0.997355,-0.037786,0.015760
21.2125,0.177964,0.458597,0.323001,0.060640,0.997318,-0.037915,0.015562
21.2228,0.177989,0.458537,0.322874,0.061310,0.997275,-0.038045,0.015363
21.2325,0.178023,0.458484,0.322764,0.062105,0.997225,-0.038138,0.015180
21.2425,0.178066,0.458433,0.322665,0.062963,0.997169,-0.038238,0.015050
21.2526,0.178106,0.458381,0.322569,0.063928,0.997107,-0.038338,0.014899
21.2625,0.178136,0.458365,0.322513,0.064930,0.997041,-0.038396,0.014802
21.2724,0.178201,0.458336,0.322474,0.066080,0.996965,-0.038428,0.014735
21.2824,0.178266,0.458306,0.322434,0.067271,0.996884,-0.038477,0.014705
21.2926,0.178310,0.458281,0.322400,0.068524,0.996797,-0.038541,0.014675
21.3028,0.178352,0.458257,0.322374,0.069782,0.996708,-0.038590,0.014662
21.3126,0.178418,0.458234,0.322324,0.071087,0.996613,-0.038673,0.014649
21.3230,0.178451,0.458223,0.322348,0.072322,0.996522,-0.038688,0.014688
21.3324,0.178471,0.458207,0.322312,0.073567,0.996429,-0.038744,0.014684
21.3425,0.178479,0.458167,0.322263,0.074773,0.996336,-0.038842,0.014686
21.3527,0.178493,0.458167,0.322266,0.075934,0.996247,-0.038855,0.014713
21.3626,0.178470,0.458142,0.322223,0.077001,0.996162,-0.038938,0.014724
21.3725,0.178469,0.458125,0.322214,0.078049,0.996078,-0.038978,0.014756
21.3828,0.178447,0.458088,0.322164,0.079005,0.995998,-0.039080,0.014792
21.3927,0.178427,0.458050,0.322090,0.079891,0.995923,-0.039180,0.014789
21.4024,0.178390,0.457985,0.321987,0.080722,0.995851,-0.039325,0.014766
21.4126,0.178360,0.457942,0.321873,0.081436,0.995788,-0.039468,0.014745
21.4226,0.178300,0.457870,0.321759,0.082051,0.995731,-0.039625,0.014718
21.4327,0.178265,0.457806,0.321620,0.082623,0.995678,-0.039787,0.014681
21.4425,0.178233,0.457745,0.321506,0.083100,0.995633,-0.039932,0.014661
21.4526,0.178172,0.457674,0.321330,0.083526,0.995590,-0.040127,0.014590
21.4624,0.178120,0.457600,0.321184,0.083860,0.995557,-0.040287,0.014533
21.4724,0.178046,0.457512,0.320991,0.084127,0.995527,-0.040494,0.014447
21.4829,0.177980,0.457420,0.320771,0.084361,0.995499,-0.040736,0.014349
21.4925,0.177894,0.457334,0.320554,0.084546,0.995476,-0.040949,0.014216
21.5026,0.177815,0.457219,0.320296,0.084699,0.995454,-0.041215,0.014105
21.5128,0.177726,0.457115,0.320041,0.084820,0.995435,-0.041464,0.013955
21.5225,0.177632,0.456983,0.319746,0.084948,0.995415,-0.041757,0.013784
21.5325,0.177533,0.456864,0.319445,0.085063,0.995395,-0.042050,0.013631
21.5424,0.177415,0.456705,0.319117,0.085154,0.995377,-0.042353,0.013432
21.5528,0.177303,0.456559,0.318773,0.085268,0.995355,-0.042681,0.013242
21.5629,0.177165,0.456372,0.318381,0.085381,0.995332,-0.043060,0.013012
21.5725,0.177027,0.456200,0.317994,0.085496,0.995310,-0.043410,0.012790
21.5825,0.176886,0.456029,0.317613,0.085618,0.995288,-0.043753,0.012541
21.5928,0.176720,0.455842,0.317189,0.085766,0.995263,-0.044106,0.012270
21.6026,0.176573,0.455668,0.316758,0.085904,0.995237,-0.044492,0.012017
21.6124,0.176433,0.455468,0.316336,0.086100,0.995207,-0.044862,0.011738
21.6223,0.176273,0.455294,0.315882,0.086268,0.995179,-0.045236,0.011444
21.6325,0.176129,0.455098,0.315420,0.086499,0.995144,-0.045628,0.011167
21.6428,0.175969,0.454917,0.314971,0.086739,0.995110,-0.045989,0.010860
21.6528,0.175816,0.454732,0.314502,0.087024,0.995070,-0.046382,0.010557
21.6629,0.175666,0.454547,0.314058,0.087326,0.995030,-0.046731,0.010260
21.6728,0.175502,0.454383,0.313602,0.087646,0.994988,-0.047096,0.009961
21.6824,0.175338,0.454211,0.313164,0.088030,0.994940,-0.047447,0.009654
21.6925,0.175168,0.454036,0.312730,0.088460,0.994888,-0.047796,0.009365
21.7025,0.174990,0.453879,0.312302,0.088889,0.994837,-0.048123,0.009053
21.7128,0.174828,0.453735,0.311888,0.089342,0.994783,-0.048445,0.008793
21.7228,0.174667,0.453592,0.311534,0.089800,0.994731,-0.048715,0.008549
21.7325,0.174517,0.453451,0.311171,0.090321,0.994672,-0.048997,0.008335
21.7424,0.174356,0.453320,0.310823,0.090822,0.994614,-0.049271,0.008119
21.7526,0.174206,0.453187,0.310463,0.091350,0.994554,-0.049543,0.007906
21.7626,0.174058,0.453058,0.310144,0.091921,0.994491,-0.049780,0.007738
21.7726,0.173903,0.452917,0.309810,0.092518,0.994424,-0.050040,0.007565
21.7826,0.173759,0.452784,0.309493,0.093112,0.994357,-0.050287,0.007412
21.7926,0.173575,0.452661,0.309138,0.093709,0.994289,-0.050546,0.007228
21.8029,0.173402,0.452523,0.308785,0.094317,0.994218,-0.050840,0.007073
21.8127,0.173211,0.452391,0.308457,0.094899,0.994152,-0.051070,0.006909
21.8226,0.173027,0.452256,0.308098,0.095482,0.994084,-0.051337,0.006753
21.8327,0.172826,0.452141,0.307771,0.096008,0.994022,-0.051559,0.006624
21.8425,0.172608,0.452003,0.307422,0.096499,0.993962,-0.051826,0.006470
21.8525,0.172423,0.451892,0.307082,0.096955,0.993906,-0.052057,0.006353
21.8628,0.172217,0.451775,0.306742,0.097367,0.993855,-0.052287,0.006209
21.8724,0.171990,0.451642,0.306408,0.097712,0.993810,-0.052517,0.006071
21.8824,0.171763,0.451523,0.306075,0.098048,0.993766,-0.052735,0.005911
21.8925,0.171519,0.451410,0.305736,0.098303,0.993729,-0.052963,0.005757
21.9026,0.171280,0.451276,0.305371,0.098534,0.993695,-0.053207,0.005555
21.9126,0.171030,0.451148,0.305021,0.098711,0.993666,-0.053437,0.005373
21.9229,0.170785,0.451015,0.304670,0.098874,0.993638,-0.053663,0.005192
21.9324,0.170526,0.450891,0.304320,0.098973,0.993617,-0.053892,0.005003
21.9425,0.170272,0.450767,0.303964,0.099039,0.993599,-0.054123,0.004793
21.9525,0.170029,0.450653,0.303626,0.099121,0.993580,-0.054340,0.004610
21.9627,0.169778,0.450532,0.303287,0.099110,0.993570,-0.054554,0.004402
21.9726,0.169522,0.450441,0.302959,0.099083,0.993563,-0.054756,0.004200
21.9825,0.169285,0.450346,0.302650,0.099060,0.993556,-0.054941,0.003994
21.9925,0.169064,0.450246,0.302347,0.099029,0.993549,-0.055129,0.003817
22.0026,0.168843,0.450166,0.302020,0.098959,0.993546,-0.055326,0.003613
22.0125,0.168641,0.450105,0.301689,0.098885,0.993542,-0.055546,0.003395
22.0225,0.168441,0.450051,0.301332,0.098782,0.993539,-0.055786,0.003172
22.0328,0.168284,0.450006,0.300980,0.098686,0.993536,-0.056030,0.002947
22.0430,0.168137,0.449990,0.300618,0.098572,0.993533,-0.056295,0.002723
22.0525,0.168020,0.449975,0.300223,0.098482,0.993526,-0.056584,0.002483
22.0625,0.167901,0.449979,0.299815,0.098407,0.993515,-0.056909,0.002243
22.0728,0.167816,0.450002,0.299363,0.098306,0.993506,-0.057246,0.001991
22.0827,0.167753,0.450053,0.298911,0.098194,0.993497,-0.057600,0.001722
22.0928,0.167714,0.450115,0.298408,0.098126,0.993481,-0.058011,0.001441
22.1026,0.167702,0.450198,0.297864,0.098059,0.993462,-0.058452,0.001148
22.1125,0.167722,0.450307,0.297262,0.098023,0.993436,-0.058948,0.000802
22.1227,0.167726,0.450430,0.296652,0.097914,0.993417,-0.059454,0.000457
22.1325,0.167782,0.450550,0.296010,0.097881,0.993388,-0.059993,0.000098
22.1430,0.167846,0.450688,0.295361,-0.097848,-0.993357,0.060553,0.000250
22.1525,0.167923,0.450853,0.294703,-0.097824,-0.993326,0.061097,0.000617
22.1627,0.168034,0.451021,0.294052,-0.097810,-0.993293,0.061651,0.000973
22.1725,0.168163,0.451207,0.293384,-0.097820,-0.993257,0.062211,0.001320
22.1826,0.168282,0.451391,0.292670,-0.097825,-0.993216,0.062837,0.001730
22.1923,0.168414,0.451586,0.291941,-0.097848,-0.993173,0.063472,0.002128
22.2026,0.168550,0.451804,0.291256,-0.097877,-0.993131,0.064072,0.002512
22.2125,0.168694,0.452019,0.290538,-0.097911,-0.993086,0.064688,0.002909
22.2223,0.168823,0.452226,0.289845,-0.097929,-0.993044,0.065296,0.003308
22.2326,0.168984,0.452437,0.289148,-0.097980,-0.992998,0.065897,0.003682
22.2422,0.169108,0.452639,0.288489,-0.098008,-0.992955,0.066471,0.004031
22.2527,0.169246,0.452837,0.287830,-0.098071,-0.992908,0.067058,0.004382
22.2625,0.169395,0.453034,0.287183,-0.098144,-0.992861,0.067617,0.004730
22.2725,0.169527,0.453255,0.286567,-0.098243,-0.992813,0.068156,0.005059
22.2827,0.169687,0.453474,0.285915,-0.098376,-0.992759,0.068730,0.005375
22.2925,0.169851,0.453715,0.285258,-0.098597,-0.992695,0.069304,0.005706
22.3025,0.170028,0.453976,0.284547,-0.098873,-0.992622,0.069926,0.006055
22.3127,0.170209,0.454253,0.283833,-0.099214,-0.992542,0.070539,0.006379
22.3227,0.170427,0.454561,0.283101,-0.099636,-0.992452,0.071182,0.006718
22.3325,0.170642,0.454889,0.282374,-0.100072,-0.992361,0.071808,0.007017
22.3425,0.170880,0.455247,0.281654,-0.100597,-0.992261,0.072413,0.007351
22.3528,0.171132,0.455634,0.280947,-0.101151,-0.992159,0.073009,0.007630
22.3626,0.171402,0.456062,0.280279,-0.101745,-0.992056,0.073552,0.007902
22.3726,0.171674,0.456503,0.279578,-0.102351,-0.991949,0.074126,0.008174
22.3829,0.171977,0.456980,0.278904,-0.103012,-0.991837,0.074673,0.008415
22.3926,0.172307,0.457492,0.278273,-0.103699,-0.991727,0.075170,0.008632
22.4027,0.172606,0.457995,0.277647,-0.104365,-0.991617,0.075659,0.008861
22.4125,0.172964,0.458530,0.277032,-0.105079,-0.991504,0.076138,0.009033
22.4227,0.173294,0.459073,0.276488,-0.105720,-0.991404,0.076537,0.009190
22.4327,0.173633,0.459606,0.275989,-0.106356,-0.991307,0.076887,0.009322
22.4429,0.173979,0.460130,0.275568,-0.106970,-0.991219,0.077167,0.009394
22.4527,0.174316,0.460664,0.275226,-0.107548,-0.991141,0.077362,0.009410
22.4627,0.174633,0.461158,0.274938,-0.108068,-0.991072,0.077522,0.009426
22.4726,0.174947,0.461661,0.274709,-0.108531,-0.991013,0.077624,0.009401
22.4830,0.175270,0.462152,0.274529,-0.108953,-0.990964,0.077659,0.009368
22.4928,0.175594,0.462644,0.274467,-0.109325,-0.990929,0.077602,0.009266
22.5029,0.175903,0.463119,0.274444,-0.109640,-0.990901,0.077532,0.009155
22.5125,0.176221,0.463573,0.274495,-0.109960,-0.990879,0.077368,0.008989
22.5227,0.176542,0.464031,0.274649,-0.110225,-0.990872,0.077111,0.008795
22.5324,0.176834,0.464480,0.274875,-0.110429,-0.990876,0.076796,0.008553
22.5426,0.177141,0.464914,0.275148,-0.110607,-0.990885,0.076441,0.008301
22.5525,0.177454,0.465340,0.275470,-0.110751,-0.990903,0.076037,0.008009
22.5626,0.177757,0.465758,0.275850,-0.110877,-0.990926,0.075581,0.007708
22.5727,0.178019,0.466161,0.276243,-0.110947,-0.990955,0.075129,0.007403
22.5825,0.178306,0.466559,0.276709,-0.111021,-0.990990,0.074591,0.007057
22.5926,0.178583,0.466926,0.277195,-0.111063,-0.991027,0.074067,0.006702
22.6027,0.178847,0.467300,0.277751,-0.111089,-0.991072,0.073454,0.006336
22.6128,0.179117,0.467664,0.278356,-0.111111,-0.991121,0.072784,0.005925
22.6224,0.179383,0.468014,0.278978,-0.111152,-0.991168,0.072123,0.005522
22.6324,0.179648,0.468375,0.279649,-0.111164,-0.991219,0.071418,0.005106
22.6428,0.179909,0.468737,0.280331,-0.111191,-0.991272,0.070676,0.004674
22.6527,0.180162,0.469076,0.281037,-0.111207,-0.991322,0.069974,0.004225
22.6626,0.180409,0.469407,0.281688,-0.111202,-0.991371,0.069308,0.003820
22.6725,0.180636,0.469740,0.282378,-0.111236,-0.991417,0.068613,0.003431
22.6825,0.180898,0.470082,0.283063,-0.111244,-0.991465,0.067916,0.003023
22.6923,0.181148,0.470420,0.283732,-0.111234,-0.991512,0.067256,0.002613
22.7023,0.181383,0.470736,0.284404,-0.111250,-0.991556,0.066601,0.002231
22.7127,0.181616,0.471066,0.285059,-0.111233,-0.991601,0.065962,0.001838
22.7225,0.181845,0.471366,0.285664,-0.111262,-0.991638,0.065370,0.001471
22.7326,0.182065,0.471661,0.286278,-0.111270,-0.991676,0.064782,0.001113
22.7427,0.182270,0.471952,0.286851,-0.111240,-0.991716,0.064215,0.000763
22.7528,0.182475,0.472215,0.287428,-0.111271,-0.991750,0.063646,0.000420
22.7627,0.182655,0.472466,0.287934,-0.111294,-0.991778,0.063172,0.000108
22.7725,0.182829,0.472680,0.288425,0.111294,0.991806,-0.062720,0.000193
22.7827,0.182972,0.472876,0.288872,0.111284,0.991834,-0.062301,0.000450
22.7926,0.183106,0.473038,0.289309,0.111295,0.991856,-0.061924,0.000699
22.8027,0.183213,0.473171,0.289680,0.111302,0.991875,-0.061608,0.000928
22.8126,0.183297,0.473274,0.290065,0.111325,0.991891,-0.061299,0.001160
22.8227,0.183356,0.473349,0.290407,0.111330,0.991907,-0.061030,0.001343
22.8325,0.183407,0.473403,0.290764,0.111326,0.991925,-0.060741,0.001529
22.8426,0.183452,0.473430,0.291061,0.111343,0.991936,-0.060525,0.001691
22.8530,0.183476,0.473434,0.291369,0.111327,0.991950,-0.060315,0.001858
22.8627,0.183474,0.473425,0.291664,0.111347,0.991960,-0.060106,0.002017
22.8722,0.183477,0.473386,0.291951,0.111367,0.991968,-0.059939,0.002162
22.8825,0.183450,0.473335,0.292222,0.111370,0.991976,-0.059793,0.002297
22.8929,0.183414,0.473253,0.292448,0.111380,0.991981,-0.059692,0.002420
22.9027,0.183349,0.473161,0.292643,0.111369,0.991984,-0.059644,0.002513
22.9127,0.183301,0.473041,0.292836,0.111393,0.991985,-0.059593,0.002617
22.9231,0.183215,0.472914,0.292970,0.111391,0.991983,-0.059618,0.002675
22.9326,0.183138,0.472768,0.293125,0.111423,0.991977,-0.059649,0.002786
22.9426,0.183053,0.472627,0.293259,0.111441,0.991973,-0.059688,0.002874
22.9527,0.182981,0.472488,0.293385,0.111497,0.991965,-0.059709,0.002960
22.9626,0.182887,0.472330,0.293475,0.111528,0.991955,-0.059807,0.003066
22.9726,0.182816,0.472173,0.293592,0.111566,0.991948,-0.059855,0.003201
22.9827,0.182733,0.472003,0.293660,0.111632,0.991935,-0.059931,0.003306
22.9926,0.182642,0.471824,0.293712,0.111688,0.991922,-0.060043,0.003412
23.0025,0.182549,0.471648,0.293728,0.111759,0.991907,-0.060154,0.003542
23.0126,0.182458,0.471469,0.293728,0.111834,0.991891,-0.060265,0.003670
23.0227,0.182357,0.471277,0.293708,0.111904,0.991876,-0.060375,0.003785
23.0326,0.182254,0.471077,0.293665,0.111958,0.991861,-0.060516,0.003894
23.0425,0.182129,0.470859,0.293612,0.112012,0.991848,-0.060617,0.003977
23.0528,0.181986,0.470638,0.293550,0.112070,0.991834,-0.060733,0.004067
23.0630,0.181854,0.470410,0.293471,0.112155,0.991818,-0.060840,0.004116
23.0724,0.181704,0.470174,0.293393,0.112179,0.991809,-0.060932,0.004145
23.0825,0.181513,0.469928,0.293323,0.112245,0.991799,-0.060984,0.004148
23.0929,0.181329,0.469677,0.293268,0.112307,0.991791,-0.061001,0.004145
23.1026,0.181139,0.469409,0.293244,0.112379,0.991783,-0.060995,0.004162
23.1127,0.180938,0.469138,0.293218,0.112445,0.991778,-0.060949,0.004172
23.1228,0.180701,0.468867,0.293242,0.112493,0.991778,-0.060860,0.004193
23.1324,0.180475,0.468584,0.293304,0.112546,0.991779,-0.060738,0.004211
23.1425,0.180214,0.468299,0.293376,0.112598,0.991782,-0.060598,0.004237
23.1527,0.179936,0.468021,0.293512,0.112615,0.991791,-0.060413,0.004293
23.1627,0.179670,0.467751,0.293717,0.112664,0.991803,-0.060127,0.004363
23.1726,0.179374,0.467474,0.293953,0.112671,0.991819,-0.059838,0.004442
23.1828,0.179056,0.467212,0.294201,0.112652,0.991839,-0.059526,0.004536
23.1923,0.178771,0.466955,0.294529,0.112662,0.991860,-0.059154,0.004653
23.2027,0.178476,0.466722,0.294878,0.112638,0.991886,-0.058759,0.004768
23.2125,0.178193,0.466490,0.295206,0.112637,0.991908,-0.058381,0.004870
23.2226,0.177902,0.466261,0.295555,0.112598,0.991934,-0.057994,0.004996
23.2326,0.177617,0.466055,0.295898,0.112590,0.991956,-0.057627,0.005084
23.2426,0.177346,0.465849,0.296207,0.112549,0.991978,-0.057316,0.005162
23.2527,0.177059,0.465681,0.296515,0.112469,0.992006,-0.056989,0.005256
23.2629,0.176782,0.465521,0.296789,0.112402,0.992029,-0.056711,0.005306
23.2727,0.176516,0.465377,0.297005,0.112310,0.992051,-0.056499,0.005364
23.2827,0.176274,0.465252,0.297254,0.112256,0.992070,-0.056260,0.005445
23.2925,0.176026,0.465141,0.297419,0.112131,0.992093,-0.056102,0.005483
23.3024,0.175801,0.465034,0.297592,0.112049,0.992110,-0.055967,0.005562
23.3125,0.175578,0.464937,0.297706,0.111949,0.992125,-0.055896,0.005606
23.3230,0.175356,0.464864,0.297803,0.111810,0.992143,-0.055855,0.005639
23.3325,0.175152,0.464787,0.297851,0.111707,0.992154,-0.055859,0.005649
23.3429,0.174956,0.464722,0.297903,0.111586,0.992167,-0.055866,0.005634
23.3525,0.174770,0.464657,0.297921,0.111483,0.992176,-0.055912,0.005632
23.3626,0.174613,0.464605,0.297921,0.111382,0.992184,-0.055983,0.005624
23.3727,0.174449,0.464535,0.297914,0.111298,0.992188,-0.056075,0.005605
23.3825,0.174305,0.464495,0.297910,0.111208,0.992194,-0.056155,0.005597
23.3925,0.174166,0.464445,0.297875,0.111105,0.992198,-0.056283,0.005580
23.4026,0.174066,0.464416,0.297865,0.111037,0.992202,-0.056344,0.005533
23.4128,0.173966,0.464363,0.297832,0.110971,0.992202,-0.056470,0.005558
23.4226,0.173866,0.464322,0.297797,0.110945,0.992199,-0.056584,0.005532
23.4328,0.173779,0.464304,0.297769,0.110860,0.992205,-0.056657,0.005481
23.4425,0.173695,0.464267,0.297695,0.110793,0.992204,-0.056797,0.005447
23.4526,0.173638,0.464248,0.297656,0.110746,0.992203,-0.056910,0.005404
23.4625,0.173622,0.464241,0.297648,0.110725,0.992202,-0.056969,0.005402
23.4727,0.173573,0.464230,0.297633,0.110705,0.992200,-0.057054,0.005370
23.4827,0.173552,0.464230,0.297634,0.110669,0.992201,-0.057111,0.005364
23.4926,0.173535,0.464210,0.297615,0.110669,0.992196,-0.057194,0.005327
23.5026,0.173533,0.464213,0.297605,0.110654,0.992194,-0.057267,0.005290
23.5125,0.173521,0.464204,0.297620,0.110640,0.992192,-0.057318,0.005279
23.5225,0.173509,0.464197,0.297588,0.110641,0.992187,-0.057417,0.005223
23.5324,0.173511,0.464190,0.297608,0.110652,0.992183,-0.057470,0.005219
23.5427,0.173526,0.464201,0.297617,0.110660,0.992178,-0.057537,0.005172
23.5525,0.173516,0.464199,0.297630,0.110644,0.992175,-0.057615,0.005143
23.5629,0.173525,0.464214,0.297643,0.110642,0.992173,-0.057659,0.005098
23.5725,0.173531,0.464221,0.297660,0.110644,0.992169,-0.057735,0.005075
23.5824,0.173529,0.464222,0.297662,0.110636,0.992165,-0.057814,0.005051
23.5930,0.173553,0.464231,0.297675,0.110634,0.992162,-0.057878,0.005000
23.6027,0.173545,0.464247,0.297677,0.110621,0.992159,-0.057953,0.004953
23.6123,0.173553,0.464253,0.297682,0.110633,0.992153,-0.058035,0.004920
23.6226,0.173569,0.464286,0.297709,0.110615,0.992153,-0.058076,0.004887
23.6326,0.173576,0.464311,0.297734,0.110617,0.992150,-0.058125,0.004870
23.6424,0.173594,0.464344,0.297779,0.110604,0.992150,-0.058152,0.004844
23.6527,0.173623,0.464382,0.297823,0.110606,0.992149,-0.058172,0.004828
23.6626,0.173647,0.464419,0.297885,0.110608,0.992148,-0.058186,0.004837
23.6726,0.173675,0.464456,0.297951,0.110614,0.992146,-0.058207,0.004802
23.6824,0.173717,0.464501,0.298039,0.110621,0.992146,-0.058186,0.004824
23.6926,0.173749,0.464566,0.298139,0.110600,0.992151,-0.058147,0.004827
23.7026,0.173800,0.464618,0.298243,0.110629,0.992150,-0.058104,0.004833
23.7127,0.173846,0.464668,0.298342,0.110648,0.992149,-0.058079,0.004858
23.7231,0.173900,0.464719,0.298457,0.110655,0.992152,-0.058023,0.004862
23.7326,0.173947,0.464788,0.298565,0.110658,0.992154,-0.057970,0.004879
23.7428,0.174009,0.464859,0.298699,0.110683,0.992157,-0.057877,0.004889
23.7526,0.174097,0.464940,0.298862,0.110716,0.992161,-0.057749,0.004939
23.7623,0.174171,0.465023,0.299048,0.110738,0.992165,-0.057616,0.005003
23.7726,0.174275,0.465152,0.299286,0.110776,0.992173,-0.057403,0.005080
23.7827,0.174391,0.465309,0.299586,0.110805,0.992184,-0.057143,0.005205
23.7929,0.174534,0.465507,0.299965,0.110835,0.992199,-0.056806,0.005383
23.8025,0.174705,0.465759,0.300422,0.110847,0.992220,-0.056404,0.005605
23.8127,0.174901,0.466058,0.300969,0.110895,0.992242,-0.055900,0.005852
23.8227,0.175140,0.466382,0.301578,0.110951,0.992264,-0.055352,0.006163
23.8325,0.175389,0.466781,0.302358,0.110969,0.992299,-0.054643,0.006552
23.8426,0.175685,0.467235,0.303238,0.110996,0.992337,-0.053834,0.007003
23.8525,0.176002,0.467740,0.304188,0.111034,0.992375,-0.052977,0.007477
23.8623,0.176328,0.468300,0.305283,0.111036,0.992422,-0.052012,0.008039
23.8725,0.176652,0.468919,0.306500,0.111010,0.992476,-0.050932,0.008643
23.8827,0.176958,0.469608,0.307856,0.110957,0.992535,-0.049761,0.009287
23.8923,0.177278,0.470355,0.309370,0.110841,0.992604,-0.048482,0.010015
23.9027,0.177528,0.471151,0.311039,0.110679,0.992680,-0.047126,0.010756
23.9125,0.177746,0.472002,0.312896,0.110449,0.992764,-0.045665,0.011599
23.9225,0.177888,0.472890,0.314880,0.110136,0.992856,-0.044174,0.012439
23.9324,0.177920,0.473815,0.317041,0.109734,0.992958,-0.042613,0.013341
23.9425,0.177860,0.474774,0.319370,0.109237,0.993069,-0.040979,0.014242
23.9526,0.177693,0.475757,0.321841,0.108626,0.993189,-0.039322,0.015171
23.9627,0.177391,0.476740,0.324404,0.107959,0.993310,-0.037681,0.016133
23.9726,0.176962,0.477708,0.327060,0.107193,0.993437,-0.036095,0.017017
23.9828,0.176461,0.478744,0.329899,0.106392,0.993566,-0.034406,0.017989
23.9925,0.175846,0.479766,0.332838,0.105586,0.993691,-0.032738,0.018902
24.0026,0.175166,0.480778,0.335831,0.104796,0.993808,-0.031161,0.019785
24.0124,0.174433,0.481787,0.338900,0.104086,0.993912,-0.029625,0.020657
24.0226,0.173647,0.482799,0.341997,0.103440,0.994007,-0.028094,0.021489
24.0325,0.172852,0.483793,0.345085,0.102930,0.994081,-0.026694,0.022273
24.0427,0.172041,0.484779,0.348166,0.102569,0.994137,-0.025315,0.023028
24.0528,0.171244,0.485770,0.351195,0.102352,0.994176,-0.023976,0.023749
24.0628,0.170457,0.486720,0.354149,0.102306,0.994193,-0.022756,0.024421
24.0724,0.169686,0.487647,0.357063,0.102410,0.994192,-0.021600,0.025047
24.0825,0.168967,0.488551,0.359919,0.102747,0.994165,-0.020557,0.025604
24.0926,0.168267,0.489456,0.362725,0.103225,0.994122,-0.019591,0.026116
24.1027,0.167619,0.490337,0.365471,0.103854,0.994062,-0.018665,0.026598
24.1128,0.167031,0.491187,0.368199,0.104628,0.993984,-0.017794,0.027073
24.1229,0.166454,0.492026,0.370811,0.105468,0.993898,-0.017002,0.027452
24.1325,0.165896,0.492840,0.373340,0.106299,0.993812,-0.016309,0.027799
24.1427,0.165351,0.493635,0.375795,0.107169,0.993720,-0.015731,0.028075
24.1523,0.164817,0.494392,0.378187,0.108053,0.993625,-0.015253,0.028299
24.1629,0.164264,0.495139,0.380448,0.108896,0.993533,-0.014847,0.028513
24.1726,0.163665,0.495867,0.382665,0.109721,0.993443,-0.014510,0.028665
24.1825,0.162966,0.496601,0.384758,0.110430,0.993365,-0.014273,0.028759
24.1924,0.162212,0.497321,0.386835,0.111062,0.993295,-0.014088,0.028841
24.2025,0.161358,0.498051,0.388793,0.111574,0.993239,-0.013981,0.028855
24.2124,0.160394,0.498785,0.390734,0.111943,0.993198,-0.013914,0.028869
24.2225,0.159349,0.499505,0.392602,0.112156,0.993175,-0.013851,0.028866
24.2325,0.158172,0.500200,0.394386,0.112226,0.993168,-0.013853,0.028832
24.2427,0.156932,0.500862,0.396097,0.112230,0.993169,-0.013860,0.028779
24.2527,0.155621,0.501484,0.397746,0.112119,0.993182,-0.013868,0.028750
24.2625,0.154236,0.502052,0.399421,0.111968,0.993200,-0.013820,0.028726
24.2726,0.152713,0.502528,0.401032,0.111739,0.993226,-0.013851,0.028702
24.2828,0.151050,0.502925,0.402662,0.111469,0.993259,-0.013837,0.028647
24.2928,0.149213,0.503221,0.404341,0.111154,0.993295,-0.013730,0.028661
24.3027,0.147248,0.503399,0.406029,0.110790,0.993337,-0.013588,0.028693
24.3125,0.145135,0.503451,0.407743,0.110335,0.993389,-0.013353,0.028728
24.3227,0.142904,0.503406,0.409492,0.109882,0.993442,-0.013028,0.028805
24.3328,0.140575,0.503247,0.411238,0.109353,0.993502,-0.012629,0.028911
24.3427,0.138192,0.502993,0.412905,0.108826,0.993563,-0.012251,0.028978
24.3526,0.135813,0.502617,0.414545,0.108302,0.993622,-0.011828,0.029078
24.3628,0.133439,0.502173,0.416124,0.107811,0.993678,-0.011395,0.029171
24.3725,0.131072,0.501662,0.417611,0.107343,0.993731,-0.010958,0.029260
24.3826,0.128670,0.501068,0.419016,0.106882,0.993783,-0.010511,0.029356
24.3929,0.126221,0.500409,0.420308,0.106425,0.993834,-0.010158,0.029397
24.4026,0.123750,0.499724,0.421602,0.105950,0.993888,-0.009706,0.029445
24.4124,0.121214,0.498975,0.422849,0.105433,0.993946,-0.009245,0.029501
24.4228,0.118672,0.498205,0.424051,0.104908,0.994004,-0.008769,0.029565
24.4326,0.116077,0.497401,0.425262,0.104311,0.994069,-0.008201,0.029648
24.4427,0.113459,0.496605,0.426331,0.103698,0.994138,-0.007694,0.029606
24.4525,0.110885,0.495798,0.427308,0.103089,0.994205,-0.007241,0.029616
24.4625,0.108279,0.494984,0.428109,0.102401,0.994280,-0.006900,0.029549
24.4725,0.105613,0.494174,0.428814,0.101630,0.994365,-0.006583,0.029430
24.4827,0.102833,0.493360,0.429345,0.100751,0.994461,-0.006399,0.029237
24.4928,0.099935,0.492521,0.429835,0.099783,0.994567,-0.006140,0.029038
24.5025,0.096959,0.491645,0.430181,0.098764,0.994677,-0.005993,0.028759
24.5125,0.093953,0.490748,0.430535,0.097712,0.994791,-0.005728,0.028485
24.5227,0.090952,0.489832,0.430845,0.096680,0.994902,-0.005445,0.028169
24.5326,0.087911,0.488893,0.431082,0.095597,0.995017,-0.005186,0.027855
24.5428,0.084858,0.487961,0.431227,0.094505,0.995133,-0.004980,0.027462
24.5528,0.081794,0.487023,0.431282,0.093357,0.995253,-0.004830,0.027055
24.5624,0.078840,0.486106,0.431263,0.092264,0.995368,-0.004724,0.026591
24.5726,0.075997,0.485210,0.431217,0.091203,0.995479,-0.004605,0.026132
24.5826,0.073341,0.484319,0.431185,0.090223,0.995580,-0.004468,0.025713
24.5925,0.070831,0.483446,0.431131,0.089313,0.995673,-0.004320,0.025283
24.6029,0.068423,0.482592,0.431109,0.088402,0.995765,-0.004150,0.024882
24.6124,0.066171,0.481780,0.431059,0.087592,0.995848,-0.004004,0.024476
24.6225,0.063966,0.480998,0.430990,0.086749,0.995931,-0.003856,0.024116
24.6326,0.061797,0.480217,0.430906,0.085923,0.996011,-0.003728,0.023775
24.6427,0.059632,0.479464,0.430806,0.085099,0.996090,-0.003603,0.023431
24.6523,0.057445,0.478708,0.430675,0.084204,0.996174,-0.003526,0.023104
24.6626,0.055261,0.477933,0.430550,0.083365,0.996252,-0.003428,0.022799
24.6724,0.052991,0.477101,0.430450,0.082545,0.996327,-0.003312,0.022525
24.6829,0.050606,0.476189,0.430381,0.081769,0.996397,-0.003154,0.022282
24.6927,0.048111,0.475191,0.430351,0.081020,0.996463,-0.002959,0.022082
24.7027,0.045477,0.474142,0.430383,0.080243,0.996531,-0.002681,0.021908
24.7129,0.042696,0.473042,0.430442,0.079413,0.996601,-0.002363,0.021772
24.7229,0.039769,0.471902,0.430531,0.078483,0.996678,-0.002019,0.021641
24.7327,0.036779,0.470749,0.430614,0.077529,0.996756,-0.001657,0.021521
24.7428,0.033798,0.469585,0.430681,0.076605,0.996831,-0.001328,0.021391
24.7529,0.030808,0.468455,0.430680,0.075681,0.996904,-0.001066,0.021296
24.7627,0.027739,0.467325,0.430651,0.074664,0.996983,-0.000835,0.021200
24.7725,0.024581,0.466211,0.430571,0.073606,0.997064,-0.000657,0.021079
24.7830,0.021338,0.465118,0.430457,0.072430,0.997153,-0.000516,0.020968
24.7924,0.018097,0.464032,0.430336,0.071307,0.997237,-0.000365,0.020838
24.8028,0.014921,0.462988,0.430147,0.070188,0.997318,-0.000288,0.020726
24.8126,0.011700,0.461976,0.429923,0.068958,0.997407,-0.000251,0.020615
24.8227,0.008440,0.461036,0.429654,0.067659,0.997499,-0.000259,0.020463
24.8325,0.005151,0.460140,0.429314,0.066290,0.997593,-0.000338,0.020338
24.8427,0.001934,0.459300,0.428859,0.064963,0.997684,-0.000560,0.020146
24.8525,-0.001197,0.458499,0.428374,0.063696,0.997769,-0.000844,0.019992
24.8625,-0.004284,0.457770,0.427823,0.062403,0.997853,-0.001187,0.019861
24.8727,-0.007375,0.457091,0.427252,0.061093,0.997937,-0.001561,0.019691
24.8828,-0.010506,0.456431,0.426652,0.059659,0.998025,-0.001978,0.019577
24.8925,-0.013616,0.455821,0.425998,0.058296,0.998108,-0.002448,0.019391
24.9023,-0.016639,0.455235,0.425340,0.056946,0.998187,-0.002958,0.019249
24.9126,-0.019632,0.454673,0.424713,0.055619,0.998262,-0.003419,0.019162
24.9226,-0.022681,0.454138,0.424114,0.054224,0.998340,-0.003861,0.019044
24.9324,-0.025743,0.453639,0.423493,0.052872,0.998413,-0.004311,0.018931
24.9425,-0.028715,0.453151,0.422880,0.051594,0.998479,-0.004790,0.018813
24.9526,-0.031608,0.452677,0.422292,0.050425,0.998539,-0.005239,0.018722
24.9628,-0.034480,0.452203,0.421713,0.049247,0.998596,-0.005702,0.018678
24.9727,-0.037393,0.451776,0.421175,0.047990,0.998656,-0.006077,0.018618
24.9826,-0.040315,0.451354,0.420661,0.046713,0.998715,-0.006447,0.018563
24.9927,-0.043219,0.450946,0.420156,0.045420,0.998773,-0.006830,0.018495
25.0030,-0.046030,0.450537,0.419665,0.044237,0.998824,-0.007208,0.018469
25.0125,-0.048859,0.450140,0.419215,0.043062,0.998873,-0.007517,0.018471
25.0225,-0.051760,0.449732,0.418870,0.041792,0.998927,-0.007699,0.018439
25.0323,-0.054654,0.449319,0.418496,0.040543,0.998977,-0.007930,0.018413
25.0425,-0.057475,0.448918,0.418159,0.039349,0.999023,-0.008129,0.018400
25.0525,-0.060228,0.448520,0.417916,0.038184,0.999067,-0.008217,0.018411
25.0627,-0.062987,0.448097,0.417656,0.036921,0.999113,-0.008331,0.018450
25.0726,-0.065777,0.447697,0.417490,0.035544,0.999162,-0.008313,0.018498
25.0825,-0.068618,0.447266,0.417326,0.034115,0.999212,-0.008320,0.018501
25.0926,-0.071431,0.446826,0.417190,0.032693,0.999259,-0.008289,0.018541
25.1025,-0.074195,0.446380,0.417035,0.031340,0.999302,-0.008299,0.018573
25.1128,-0.076948,0.445932,0.416957,0.029948,0.999344,-0.008205,0.018654
25.1227,-0.079755,0.445473,0.416910,0.028488,0.999387,-0.008035,0.018692
25.1327,-0.082576,0.445005,0.416852,0.026975,0.999429,-0.007909,0.018746
25.1428,-0.085362,0.444520,0.416827,0.025495,0.999468,-0.007766,0.018795
25.1526,-0.088085,0.444045,0.416818,0.024025,0.999505,-0.007581,0.018868
25.1628,-0.090783,0.443554,0.416806,0.022551,0.999539,-0.007417,0.018928
25.1727,-0.093553,0.443046,0.416819,0.020986,0.999574,-0.007188,0.018989
25.1826,-0.096349,0.442508,0.416797,0.019362,0.999606,-0.007015,0.019062
25.1929,-0.099123,0.441970,0.416751,0.017821,0.999636,-0.006867,0.019079
25.2027,-0.101818,0.441436,0.416694,0.016304,0.999661,-0.006765,0.019142
25.2127,-0.104557,0.440877,0.416625,0.014732,0.999685,-0.006645,0.019214
25.2225,-0.107330,0.440315,0.416577,0.013066,0.999708,-0.006498,0.019241
25.2325,-0.110119,0.439731,0.416517,0.011329,0.999730,-0.006365,0.019267
25.2427,-0.112855,0.439129,0.416439,0.009576,0.999748,-0.006274,0.019302
25.2524,-0.115463,0.438571,0.416302,0.007850,0.999763,-0.006263,0.019332
25.2626,-0.117995,0.438006,0.416173,0.006095,0.999775,-0.006248,0.019352
25.2723,-0.120432,0.437461,0.416071,0.004339,0.999784,-0.006186,0.019383
25.2825,-0.122791,0.436936,0.415917,0.002552,0.999790,-0.006181,0.019397
25.2926,-0.125019,0.436427,0.415779,0.000828,0.999792,-0.006201,0.019400
25.3030,-0.127065,0.435964,0.415601,-0.000809,0.999792,-0.006278,0.019369
25.3125,-0.128940,0.435540,0.415436,-0.002312,0.999791,-0.006333,0.019304
25.3227,-0.130630,0.435170,0.415341,-0.003730,0.999788,-0.006310,0.019233
25.3327,-0.132202,0.434842,0.415229,-0.005063,0.999785,-0.006312,0.019090
25.3430,-0.133649,0.434540,0.415100,-0.006303,0.999782,-0.006359,0.018844
25.3526,-0.134957,0.434290,0.414953,-0.007451,0.999779,-0.006437,0.018550
25.3627,-0.136146,0.434085,0.414834,-0.008493,0.999779,-0.006483,0.018078
25.3728,-0.137213,0.433911,0.414762,-0.009428,0.999780,-0.006454,0.017567
25.3826,-0.138189,0.433782,0.414692,-0.010258,0.999785,-0.006428,0.016849
25.3926,-0.139043,0.433725,0.414668,-0.010973,0.999792,-0.006336,0.015984
25.4024,-0.139819,0.433701,0.414617,-0.011556,0.999801,-0.006275,0.014974
25.4128,-0.140521,0.433698,0.414626,-0.012073,0.999812,-0.006147,0.013842
25.4227,-0.141157,0.433770,0.414663,-0.012511,0.999825,-0.005947,0.012604
25.4324,-0.141739,0.433863,0.414744,-0.012870,0.999837,-0.005706,0.011284
25.4429,-0.142271,0.434000,0.414837,-0.013155,0.999849,-0.005436,0.009946
25.4528,-0.142750,0.434178,0.414975,-0.013389,0.999860,-0.005120,0.008609
25.4629,-0.143209,0.434433,0.415172,-0.013574,0.999870,-0.004712,0.007324
25.4724,-0.143689,0.434781,0.415406,-0.013825,0.999877,-0.004250,0.006107
25.4832,-0.144209,0.435304,0.415756,-0.014063,0.999882,-0.003631,0.005008
25.4923,-0.144839,0.435973,0.416145,-0.014461,0.999883,-0.002952,0.004028
25.5026,-0.145570,0.436810,0.416596,-0.014975,0.999880,-0.002189,0.003163
25.5126,-0.146462,0.437768,0.417050,-0.015661,0.999873,-0.001433,0.002399
25.5226,-0.147519,0.438867,0.417532,-0.016547,0.999861,-0.000607,0.001792
25.5325,-0.148763,0.440098,0.418018,-0.017682,0.999843,0.000224,0.001316
25.5422,-0.150167,0.441412,0.418526,-0.018985,0.999819,0.001096,0.000980
25.5526,-0.151781,0.442835,0.419029,-0.020523,0.999787,0.001976,0.000726
25.5627,-0.153587,0.444339,0.419537,-0.022289,0.999747,0.002888,0.000598
25.5726,-0.155568,0.445910,0.420016,-0.024252,0.999699,0.003768,0.000553
25.5830,-0.157728,0.447606,0.420426,-0.026423,0.999640,0.004591,0.000633
25.5925,-0.160070,0.449358,0.420822,-0.028774,0.999571,0.005419,0.000691
25.6026,-0.162531,0.451116,0.421264,-0.031269,0.999491,0.006319,0.000867
25.6127,-0.165124,0.452826,0.421678,-0.033922,0.999398,0.007211,0.001155
25.6227,-0.167814,0.454503,0.422075,-0.036686,0.999293,0.008132,0.001505
25.6325,-0.170502,0.456154,0.422436,-0.039455,0.999179,0.009017,0.001989
25.6428,-0.173130,0.457731,0.422766,-0.042211,0.999056,0.009931,0.002591
25.6526,-0.175645,0.459188,0.423089,-0.044857,0.998930,0.010815,0.003266
25.6628,-0.177984,0.460562,0.423408,-0.047343,0.998801,0.011759,0.004120
25.6727,-0.180177,0.461845,0.423689,-0.049706,0.998671,0.012676,0.005058
25.6827,-0.182168,0.463029,0.423912,-0.051887,0.998542,0.013575,0.006163
25.6926,-0.183984,0.464155,0.424056,-0.053910,0.998414,0.014428,0.007416
25.7023,-0.185578,0.465195,0.424141,-0.055735,0.998291,0.015230,0.008736
25.7126,-0.186961,0.466180,0.424120,-0.057355,0.998174,0.015961,0.010179
25.7224,-0.188130,0.467093,0.424032,-0.058777,0.998065,0.016639,0.011602
25.7323,-0.189083,0.467965,0.423845,-0.059983,0.997965,0.017232,0.013074
25.7423,-0.189871,0.468769,0.423561,-0.061039,0.997872,0.017742,0.014553
25.7524,-0.190534,0.469518,0.423210,-0.061932,0.997786,0.018203,0.015995
25.7626,-0.191079,0.470217,0.422780,-0.062726,0.997707,0.018586,0.017367
25.7727,-0.191540,0.470867,0.422271,-0.063442,0.997632,0.018899,0.018647
25.7823,-0.191899,0.471474,0.421723,-0.064039,0.997565,0.019191,0.019874
25.7926,-0.192218,0.472064,0.421039,-0.064567,0.997505,0.019353,0.020996
25.8028,-0.192477,0.472640,0.420231,-0.065018,0.997452,0.019421,0.022018
25.8127,-0.192709,0.473170,0.419293,-0.065421,0.997407,0.019299,0.022973
25.8228,-0.192900,0.473723,0.418240,-0.065749,0.997369,0.019096,0.023832
25.8324,-0.193085,0.474289,0.417156,-0.066017,0.997337,0.018905,0.024555
25.8427,-0.193253,0.474833,0.416009,-0.066243,0.997311,0.018633,0.025198
25.8525,-0.193412,0.475386,0.414754,-0.066446,0.997290,0.018261,0.025764
25.8626,-0.193585,0.475934,0.413511,-0.066615,0.997273,0.017917,0.026224
25.8727,-0.193763,0.476493,0.412170,-0.066788,0.997259,0.017491,0.026590
25.8826,-0.193974,0.477026,0.410808,-0.066940,0.997248,0.017077,0.026889
25.8926,-0.194207,0.477572,0.409410,-0.067105,0.997238,0.016654,0.027123
25.9026,-0.194481,0.478083,0.407985,-0.067301,0.997227,0.016226,0.027288
25.9126,-0.194775,0.478566,0.406527,-0.067533,0.997216,0.015780,0.027398
25.9226,-0.195099,0.479035,0.405026,-0.067731,0.997207,0.015313,0.027492
25.9325,-0.195475,0.479463,0.403549,-0.067984,0.997196,0.014869,0.027526
25.9426,-0.195900,0.479872,0.402094,-0.068265,0.997182,0.014508,0.027524
25.9526,-0.196364,0.480235,0.400611,-0.068574,0.997167,0.014101,0.027502
25.9629,-0.196859,0.480564,0.399162,-0.068923,0.997149,0.013715,0.027469
25.9725,-0.197402,0.480859,0.397743,-0.069304,0.997129,0.013365,0.027434
25.9826,-0.198002,0.481099,0.396368,-0.069777,0.997101,0.013083,0.027390
25.9924,-0.198671,0.481337,0.394974,-0.070301,0.997068,0.012808,0.027376
26.0029,-0.199395,0.481532,0.393649,-0.070876,0.997031,0.012644,0.027314
26.0124,-0.200162,0.481680,0.392319,-0.071510,0.996990,0.012438,0.027254
26.0223,-0.200996,0.481814,0.391039,-0.072206,0.996943,0.012321,0.027191
26.0325,-0.201913,0.481898,0.389733,-0.073010,0.996889,0.012138,0.027117
26.0425,-0.202879,0.481965,0.388431,-0.073844,0.996831,0.011975,0.027054
26.0526,-0.203901,0.481999,0.387130,-0.074762,0.996766,0.011800,0.026998
26.0627,-0.204967,0.482027,0.385800,-0.075723,0.996697,0.011575,0.026964
26.0726,-0.206111,0.482028,0.384493,-0.076794,0.996618,0.011379,0.026941
26.0825,-0.207334,0.482007,0.383143,-0.077931,0.996533,0.011119,0.026916
26.0927,-0.208642,0.481959,0.381763,-0.079157,0.996440,0.010844,0.026911
26.1026,-0.209989,0.481921,0.380367,-0.080442,0.996339,0.010559,0.026929
26.1124,-0.211440,0.481871,0.378983,-0.081802,0.996232,0.010309,0.026890
26.1226,-0.212929,0.481807,0.377590,-0.083231,0.996117,0.010041,0.026891
26.1324,-0.214494,0.481713,0.376202,-0.084723,0.995993,0.009788,0.026896
26.1426,-0.216070,0.481604,0.374866,-0.086249,0.995865,0.009569,0.026896
26.1527,-0.217672,0.481493,0.373594,-0.087786,0.995731,0.009432,0.026904
26.1628,-0.219298,0.481349,0.372377,-0.089365,0.995592,0.009339,0.026879
26.1724,-0.220986,0.481167,0.371241,-0.091011,0.995444,0.009330,0.026869
26.1826,-0.222686,0.480977,0.370182,-0.092655,0.995291,0.009411,0.026883
26.1926,-0.224464,0.480748,0.369137,-0.094399,0.995127,0.009486,0.026868
26.2026,-0.226261,0.480506,0.368180,-0.096156,0.994957,0.009661,0.026869
26.2125,-0.228085,0.480244,0.367258,-0.097936,0.994781,0.009849,0.026875
26.2224,-0.229926,0.479968,0.366303,-0.099725,0.994602,0.010004,0.026879
26.2325,-0.231762,0.479705,0.365415,-0.101521,0.994418,0.010224,0.026879
26.2426,-0.233567,0.479457,0.364499,-0.103282,0.994235,0.010395,0.026847
26.2524,-0.235293,0.479260,0.363593,-0.104954,0.994058,0.010542,0.026864
26.2629,-0.236973,0.479073,0.362644,-0.106583,0.993884,0.010603,0.026865
26.2726,-0.238583,0.478919,0.361678,-0.108152,0.993713,0.010632,0.026906
26.2831,-0.240180,0.478775,0.360680,-0.109668,0.993546,0.010615,0.026942
26.2928,-0.241715,0.478675,0.359631,-0.111146,0.993382,0.010524,0.026976
26.3029,-0.243220,0.478566,0.358592,-0.112584,0.993220,0.010431,0.027024
26.3127,-0.244713,0.478451,0.357538,-0.114016,0.993057,0.010302,0.027067
26.3226,-0.246178,0.478325,0.356549,-0.115411,0.992896,0.010229,0.027080
26.3324,-0.247624,0.478178,0.355539,-0.116766,0.992738,0.010144,0.027110
26.3426,-0.249039,0.478039,0.354559,-0.118133,0.992576,0.010095,0.027131
26.3526,-0.250421,0.477884,0.353609,-0.119442,0.992419,0.010086,0.027143
26.3627,-0.251778,0.477736,0.352686,-0.120713,0.992264,0.010138,0.027160
26.3729,-0.253119,0.477588,0.351789,-0.121958,0.992111,0.010204,0.027166
26.3827,-0.254462,0.477411,0.350836,-0.123248,0.991951,0.010233,0.027163
26.3925,-0.255800,0.477246,0.349914,-0.124502,0.991793,0.010313,0.027177
26.4029,-0.257138,0.477085,0.348971,-0.125733,0.991638,0.010345,0.027163
26.4125,-0.258495,0.476909,0.348030,-0.126997,0.991477,0.010388,0.027166
26.4227,-0.259832,0.476717,0.346997,-0.128249,0.991316,0.010307,0.027172
26.4327,-0.261192,0.476544,0.345935,-0.129531,0.991150,0.010233,0.027192
26.4431,-0.262539,0.476358,0.344839,-0.130790,0.990985,0.010111,0.027206
26.4524,-0.263858,0.476190,0.343642,-0.132013,0.990825,0.009844,0.027243
26.4625,-0.265156,0.476025,0.342387,-0.133212,0.990666,0.009526,0.027273
26.4727,-0.266385,0.475867,0.341099,-0.134362,0.990513,0.009156,0.027337
26.4825,-0.267570,0.475729,0.339734,-0.135439,0.990369,0.008698,0.027380
26.4925,-0.268682,0.475615,0.338334,-0.136499,0.990225,0.008234,0.027460
26.5026,-0.269730,0.475479,0.336886,-0.137472,0.990093,0.007663,0.027542
26.5127,-0.270709,0.475361,0.335447,-0.138387,0.989967,0.007114,0.027635
26.5232,-0.271618,0.475247,0.333950,-0.139250,0.989847,0.006478,0.027742
26.5324,-0.272450,0.475131,0.332509,-0.140025,0.989740,0.005875,0.027818
26.5428,-0.273207,0.475044,0.331063,-0.140712,0.989643,0.005262,0.027904
26.5525,-0.273882,0.474938,0.329587,-0.141370,0.989550,0.004583,0.027988
26.5625,-0.274491,0.474830,0.328145,-0.141958,0.989466,0.003900,0.028114
26.5727,-0.275027,0.474723,0.326698,-0.142461,0.989393,0.003198,0.028208
26.5826,-0.275490,0.474602,0.325229,-0.142942,0.989323,0.002444,0.028321
26.5924,-0.275874,0.474494,0.323786,-0.143320,0.989267,0.001710,0.028415
26.6030,-0.276185,0.474369,0.322340,-0.143646,0.989217,0.000949,0.028547
26.6125,-0.276439,0.474230,0.320935,-0.143928,0.989172,0.000186,0.028680
26.6226,-0.276650,0.474094,0.319563,-0.144179,0.989133,-0.000562,0.028774
26.6329,-0.276806,0.473970,0.318207,-0.144355,0.989104,-0.001296,0.028879
26.6426,-0.276911,0.473844,0.316843,-0.144491,0.989078,-0.002066,0.029016
26.6527,-0.276959,0.473715,0.315527,-0.144606,0.989056,-0.002850,0.029130
26.6631,-0.277007,0.473596,0.314236,-0.144689,0.989038,-0.003595,0.029243
26.6728,-0.277011,0.473478,0.312950,-0.144736,0.989025,-0.004387,0.029349
26.6827,-0.276984,0.473367,0.311649,-0.144774,0.989012,-0.005189,0.029491
26.6925,-0.276921,0.473288,0.310384,-0.144770,0.989004,-0.005979,0.029611
26.7024,-0.276889,0.473191,0.309113,-0.144785,0.988993,-0.006787,0.029733
26.7126,-0.276864,0.473111,0.307866,-0.144791,0.988983,-0.007568,0.029833
26.7227,-0.276801,0.473045,0.306679,-0.144776,0.988976,-0.008301,0.029971
26.7325,-0.276775,0.472983,0.305475,-0.144808,0.988961,-0.009063,0.030078
26.7426,-0.276750,0.472919,0.304335,-0.144803,0.988952,-0.009777,0.030181
26.7528,-0.276732,0.472867,0.303212,-0.144817,0.988939,-0.010476,0.030291
26.7630,-0.276712,0.472839,0.302161,-0.144813,0.988930,-0.011114,0.030380
26.7725,-0.276709,0.472806,0.301123,-0.144844,0.988915,-0.011734,0.030485
26.7825,-0.276705,0.472797,0.300162,-0.144866,0.988903,-0.012266,0.030559
26.7925,-0.276712,0.472773,0.299262,-0.144889,0.988892,-0.012744,0.030610
26.8027,-0.276705,0.472773,0.298420,-0.144895,0.988883,-0.013166,0.030688
26.8126,-0.276724,0.472779,0.297685,-0.144923,0.988874,-0.013460,0.030726
26.8226,-0.276732,0.472794,0.296989,-0.144923,0.988869,-0.013719,0.030779
26.8326,-0.276755,0.472817,0.296378,-0.144949,0.988862,-0.013876,0.030797
26.8427,-0.276777,0.472842,0.295857,-0.144956,0.988860,-0.013960,0.030805
26.8525,-0.276799,0.472856,0.295361,-0.144992,0.988853,-0.014024,0.030826
26.8628,-0.276829,0.472879,0.294965,-0.145002,0.988852,-0.014009,0.030811
26.8726,-0.276848,0.472915,0.294590,-0.145008,0.988851,-0.013981,0.030822
26.8829,-0.276877,0.472939,0.294301,-0.145029,0.988851,-0.013852,0.030808
26.8925,-0.276903,0.472970,0.294031,-0.145024,0.988854,-0.013732,0.030773
26.9025,-0.276925,0.472998,0.293822,-0.145040,0.988855,-0.013543,0.030756
26.9125,-0.276951,0.473035,0.293662,-0.145050,0.988858,-0.013325,0.030709
26.9228,-0.276974,0.473080,0.293535,-0.145068,0.988859,-0.013084,0.030680
26.9326,-0.277006,0.473111,0.293431,-0.145064,0.988864,-0.012819,0.030649
26.9425,-0.277018,0.473145,0.293363,-0.145103,0.988863,-0.012529,0.030611
26.9527,-0.277061,0.473176,0.293296,-0.145128,0.988865,-0.012258,0.030556
26.9624,-0.277072,0.473223,0.293272,-0.145137,0.988869,-0.011939,0.030503
26.9727,-0.277091,0.473258,0.293260,-0.145154,0.988871,-0.011651,0.030464
26.9827,-0.277128,0.473301,0.293232,-0.145168,0.988874,-0.011343,0.030421
26.9926,-0.277158,0.473366,0.293210,-0.145188,0.988876,-0.011041,0.030366
27.0025,-0.277196,0.473436,0.293117,-0.145220,0.988874,-0.010811,0.030361
27.0125,-0.277237,0.473524,0.293013,-0.145242,0.988874,-0.010611,0.030325
27.0229,-0.277278,0.473630,0.292821,-0.145249,0.988876,-0.010476,0.030296
27.0327,-0.277324,0.473784,0.292582,-0.145250,0.988877,-0.010371,0.030279
27.0430,-0.277388,0.473947,0.292247,-0.145262,0.988876,-0.010355,0.030271
27.0526,-0.277448,0.474146,0.291825,-0.145277,0.988872,-0.010442,0.030283
27.0627,-0.277517,0.474364,0.291250,-0.145281,0.988868,-0.010652,0.030332
27.0726,-0.277612,0.474652,0.290517,-0.145295,0.988860,-0.010997,0.030389
27.0831,-0.277728,0.474959,0.289636,-0.145336,0.988847,-0.011477,0.030461
27.0928,-0.277837,0.475307,0.288527,-0.145354,0.988833,-0.012170,0.030545
27.1026,-0.277977,0.475690,0.287314,-0.145372,0.988817,-0.012940,0.030664
27.1129,-0.278101,0.476096,0.285977,-0.145427,0.988793,-0.013862,0.030793
27.1226,-0.278240,0.476505,0.284552,-0.145466,0.988768,-0.014841,0.030943
27.1329,-0.278391,0.476941,0.283081,-0.145504,0.988742,-0.015848,0.031100
27.1424,-0.278516,0.477359,0.281606,-0.145528,0.988716,-0.016903,0.031262
27.1527,-0.278664,0.477768,0.280116,-0.145568,0.988686,-0.017985,0.031425
27.1628,-0.278789,0.478157,0.278675,-0.145593,0.988658,-0.019018,0.031570
27.1726,-0.278933,0.478522,0.277323,-0.145653,0.988625,-0.019991,0.031723
27.1826,-0.279061,0.478852,0.276024,-0.145688,0.988595,-0.020942,0.031864
27.1927,-0.279171,0.479144,0.274900,-0.145712,0.988571,-0.021736,0.031986
27.2026,-0.279286,0.479394,0.273836,-0.145753,0.988544,-0.022538,0.032081
27.2125,-0.279400,0.479618,0.272942,-0.145810,0.988518,-0.023167,0.032174
27.2227,-0.279493,0.479801,0.272131,-0.145838,0.988497,-0.023746,0.032261
27.2327,-0.279612,0.479948,0.271428,-0.145893,0.988476,-0.024247,0.032288
27.2428,-0.279713,0.480069,0.270784,-0.145963,0.988452,-0.024718,0.032335
27.2526,-0.279800,0.480182,0.270249,-0.146000,0.988437,-0.025090,0.032362
27.2626,-0.279907,0.480261,0.269801,-0.146054,0.988420,-0.025414,0.032388
27.2725,-0.280011,0.480305,0.269397,-0.146142,0.988399,-0.025693,0.032398
27.2827,-0.280118,0.480347,0.269095,-0.146200,0.988385,-0.025888,0.032400
27.2926,-0.280194,0.480384,0.268822,-0.146248,0.988374,-0.026055,0.032402
27.3026,-0.280286,0.480376,0.268635,-0.146331,0.988358,-0.026196,0.032398
27.3126,-0.280381,0.480360,0.268471,-0.146413,0.988345,-0.026282,0.032367
27.3227,-0.280493,0.480316,0.268357,-0.146512,0.988328,-0.026342,0.032361
27.3326,-0.280625,0.480253,0.268225,-0.146645,0.988308,-0.026403,0.032344
27.3423,-0.280808,0.480159,0.268175,-0.146809,0.988285,-0.026367,0.032323
27.3524,-0.281050,0.480020,0.268140,-0.147068,0.988249,-0.026298,0.032299
27.3628,-0.281361,0.479846,0.268138,-0.147366,0.988209,-0.026150,0.032283
27.3726,-0.281816,0.479607,0.268187,-0.147812,0.988151,-0.025906,0.032224
27.3825,-0.282403,0.479298,0.268228,-0.148387,0.988074,-0.025603,0.032167
27.3927,-0.283145,0.478921,0.268259,-0.149136,0.987973,-0.025213,0.032122
27.4029,-0.283966,0.478525,0.268318,-0.149959,0.987863,-0.024737,0.032055
27.4128,-0.284935,0.478055,0.268376,-0.150911,0.987733,-0.024182,0.032008
27.4226,-0.285954,0.477580,0.268474,-0.151915,0.987598,-0.023518,0.031925
27.4326,-0.287053,0.477083,0.268571,-0.153014,0.987448,-0.022797,0.031838
27.4426,-0.288211,0.476578,0.268708,-0.154156,0.987293,-0.021934,0.031751
27.4525,-0.289369,0.476094,0.268846,-0.155307,0.987136,-0.021057,0.031617
27.4626,-0.290541,0.475624,0.269000,-0.156472,0.986975,-0.020107,0.031494
27.4726,-0.291677,0.475191,0.269140,-0.157578,0.986822,-0.019151,0.031383
27.4826,-0.292771,0.474792,0.269253,-0.158628,0.986675,-0.018187,0.031274
27.4927,-0.293831,0.474426,0.269300,-0.159666,0.986528,-0.017297,0.031160
27.5026,-0.294825,0.474142,0.269356,-0.160607,0.986393,-0.016392,0.031077
27.5125,-0.295769,0.473916,0.269359,-0.161506,0.986263,-0.015540,0.030968
27.5230,-0.296628,0.473762,0.269292,-0.162300,0.986147,-0.014780,0.030888
27.5329,-0.297399,0.473701,0.269148,-0.163013,0.986041,-0.014139,0.030835
27.5430,-0.298109,0.473720,0.268933,-0.163629,0.985947,-0.013578,0.030802
27.5525,-0.298748,0.473846,0.268628,-0.164170,0.985865,-0.013150,0.030757
27.5630,-0.299322,0.474064,0.268231,-0.164644,0.985791,-0.012830,0.030735
27.5725,-0.299833,0.474406,0.267778,-0.165014,0.985731,-0.012611,0.030745
27.5826,-0.300318,0.474834,0.267275,-0.165351,0.985676,-0.012456,0.030759
27.5932,-0.300746,0.475382,0.266737,-0.165609,0.985633,-0.012391,0.030780
27.6029,-0.301174,0.476002,0.266241,-0.165853,0.985593,-0.012294,0.030791
27.6126,-0.301552,0.476676,0.265755,-0.166029,0.985563,-0.012218,0.030836
27.6227,-0.301904,0.477395,0.265336,-0.166171,0.985540,-0.012136,0.030840
27.6327,-0.302226,0.478151,0.264906,-0.166292,0.985519,-0.012080,0.030883
27.6427,-0.302492,0.478932,0.264551,-0.166333,0.985511,-0.012015,0.030926
27.6525,-0.302752,0.479700,0.264241,-0.166389,0.985502,-0.011932,0.030944
27.6629,-0.302982,0.480489,0.264064,-0.166378,0.985506,-0.011734,0.030956
27.6727,-0.303198,0.481235,0.263873,-0.166413,0.985501,-0.011617,0.030962
27.6827,-0.303396,0.481987,0.263781,-0.166390,0.985508,-0.011402,0.030959
27.6925,-0.303570,0.482686,0.263722,-0.166378,0.985511,-0.011207,0.030995
27.7028,-0.303726,0.483344,0.263709,-0.166369,0.985515,-0.011022,0.030973
27.7126,-0.303869,0.483926,0.263712,-0.166345,0.985522,-0.010855,0.030965
27.7227,-0.303998,0.484477,0.263743,-0.166326,0.985527,-0.010662,0.030962
27.7327,-0.304115,0.484960,0.263834,-0.166322,0.985530,-0.010443,0.030947
27.7425,-0.304238,0.485398,0.263925,-0.166331,0.985531,-0.010240,0.030932
27.7531,-0.304331,0.485789,0.264083,-0.166330,0.985534,-0.009988,0.030927
27.7628,-0.304408,0.486118,0.264216,-0.166320,0.985538,-0.009775,0.030925
27.7728,-0.304492,0.486397,0.264367,-0.166363,0.985534,-0.009569,0.030887
27.7829,-0.304555,0.486629,0.264515,-0.166388,0.985532,-0.009383,0.030882
27.7926,-0.304601,0.486809,0.264654,-0.166412,0.985530,-0.009221,0.030867
27.8027,-0.304637,0.486960,0.264761,-0.166445,0.985526,-0.009111,0.030839
27.8127,-0.304673,0.487093,0.264921,-0.166481,0.985523,-0.008935,0.030810
27.8227,-0.304698,0.487188,0.265025,-0.166516,0.985518,-0.008834,0.030798
27.8326,-0.304713,0.487277,0.265164,-0.166533,0.985518,-0.008702,0.030748
27.8427,-0.304694,0.487354,0.265308,-0.166533,0.985519,-0.008562,0.030756
27.8525,-0.304697,0.487406,0.265410,-0.166554,0.985517,-0.008471,0.030727
27.8624,-0.304680,0.487460,0.265495,-0.166578,0.985515,-0.008399,0.030695
27.8726,-0.304677,0.487490,0.265557,-0.166583,0.985515,-0.008344,0.030678
27.8827,-0.304641,0.487542,0.265610,-0.166576,0.985517,-0.008297,0.030656
27.8926,-0.304634,0.487589,0.265679,-0.166608,0.985513,-0.008247,0.030636
27.9026,-0.304607,0.487631,0.265692,-0.166607,0.985513,-0.008239,0.030628
27.9126,-0.304566,0.487690,0.265737,-0.166610,0.985514,-0.008202,0.030596
27.9224,-0.304541,0.487760,0.265773,-0.166621,0.985513,-0.008154,0.030573
27.9324,-0.304496,0.487839,0.265785,-0.166629,0.985512,-0.008155,0.030565
27.9427,-0.304459,0.487959,0.265790,-0.166625,0.985514,-0.008127,0.030541
27.9527,-0.304395,0.488095,0.265756,-0.166623,0.985514,-0.008153,0.030533
27.9626,-0.304364,0.488246,0.265719,-0.166631,0.985514,-0.008168,0.030501
27.9729,-0.304303,0.488444,0.265611,-0.166633,0.985513,-0.008230,0.030504
27.9824,-0.304248,0.488650,0.265487,-0.166652,0.985509,-0.008309,0.030509
27.9926,-0.304204,0.488903,0.265310,-0.166668,0.985505,-0.008428,0.030496
28.0026,-0.304163,0.489180,0.265100,-0.166692,0.985500,-0.008565,0.030490
28.0125,-0.304102,0.489469,0.264839,-0.166712,0.985495,-0.008762,0.030504
28.0227,-0.304027,0.489791,0.264509,-0.166715,0.985491,-0.009009,0.030526
28.0327,-0.303962,0.490112,0.264142,-0.166743,0.985483,-0.009292,0.030564
28.0428,-0.303894,0.490446,0.263763,-0.166750,0.985479,-0.009592,0.030565
28.0525,-0.303813,0.490788,0.263377,-0.166763,0.985472,-0.009884,0.030620
28.0625,-0.303757,0.491112,0.262962,-0.166789,0.985464,-0.010208,0.030640
28.0728,-0.303678,0.491428,0.262558,-0.166764,0.985463,-0.010522,0.030677
28.0824,-0.303611,0.491749,0.262169,-0.166755,0.985461,-0.010814,0.030708
28.0927,-0.303533,0.492034,0.261763,-0.166760,0.985455,-0.011151,0.030747
28.1023,-0.303469,0.492310,0.261409,-0.166768,0.985450,-0.011417,0.030778
28.1124,-0.303378,0.492582,0.261074,-0.166708,0.985456,-0.011686,0.030793
28.1230,-0.303296,0.492836,0.260722,-0.166708,0.985452,-0.011960,0.030822
28.1325,-0.303204,0.493075,0.260421,-0.166662,0.985456,-0.012205,0.030837
28.1426,-0.303126,0.493270,0.260103,-0.166652,0.985453,-0.012464,0.030893
28.1525,-0.303033,0.493451,0.259831,-0.166617,0.985455,-0.012696,0.030919
28.1626,-0.302952,0.493613,0.259572,-0.166575,0.985459,-0.012909,0.030926
28.1726,-0.302858,0.493766,0.259315,-0.166520,0.985465,-0.013122,0.030940
28.1827,-0.302784,0.493883,0.259099,-0.166474,0.985469,-0.013324,0.030966
28.1927,-0.302688,0.493983,0.258866,-0.166468,0.985467,-0.013517,0.030993
28.2025,-0.302609,0.494071,0.258661,-0.166430,0.985470,-0.013704,0.031004
28.2122,-0.302533,0.494156,0.258473,-0.166393,0.985473,-0.013878,0.031028
28.2225,-0.302441,0.494230,0.258286,-0.166352,0.985477,-0.014044,0.031046
28.2327,-0.302365,0.494314,0.258100,-0.166329,0.985478,-0.014195,0.031069
28.2426,-0.302326,0.494362,0.257937,-0.166341,0.985474,-0.014328,0.031076
28.2525,-0.302262,0.494434,0.257764,-0.166307,0.985477,-0.014456,0.031120
28.2624,-0.302240,0.494478,0.257542,-0.166326,0.985471,-0.014651,0.031120
28.2724,-0.302187,0.494543,0.257311,-0.166316,0.985469,-0.014834,0.031145
28.2828,-0.302172,0.494624,0.257047,-0.166319,0.985465,-0.015032,0.031159
28.2925,-0.302135,0.494724,0.256772,-0.166322,0.985460,-0.015238,0.031211
28.3025,-0.302121,0.494804,0.256438,-0.166325,0.985455,-0.015483,0.031231
28.3125,-0.302108,0.494907,0.256043,-0.166331,0.985447,-0.015795,0.031279
28.3226,-0.302079,0.495018,0.255626,-0.166312,0.985443,-0.016116,0.031342
28.3323,-0.302063,0.495157,0.255196,-0.166286,0.985441,-0.016444,0.031381
28.3428,-0.302057,0.495283,0.254753,-0.166300,0.985431,-0.016774,0.031437
28.3525,-0.302046,0.495414,0.254263,-0.166280,0.985427,-0.017148,0.031487
28.3624,-0.302054,0.495573,0.253817,-0.166282,0.985419,-0.017467,0.031540
28.3727,-0.302059,0.495727,0.253352,-0.166267,0.985414,-0.017811,0.031583
28.3826,-0.302053,0.495898,0.252934,-0.166252,0.985409,-0.018115,0.031629
28.3925,-0.302072,0.496069,0.252535,-0.166242,0.985405,-0.018385,0.031665
28.4027,-0.302080,0.496238,0.252171,-0.166226,0.985402,-0.018616,0.031709
28.4127,-0.302089,0.496401,0.251807,-0.166221,0.985396,-0.018889,0.031745
28.4227,-0.302115,0.496548,0.251506,-0.166206,0.985394,-0.019061,0.031806
28.4325,-0.302141,0.496703,0.251233,-0.166200,0.985391,-0.019235,0.031820
28.4426,-0.302150,0.496851,0.251005,-0.166181,0.985390,-0.019378,0.031850
28.4524,-0.302188,0.496991,0.250830,-0.166183,0.985389,-0.019456,0.031846
28.4628,-0.302203,0.497126,0.250674,-0.166195,0.985384,-0.019548,0.031872
28.4725,-0.302224,0.497249,0.250564,-0.166191,0.985383,-0.019605,0.031889
28.4828,-0.302262,0.497375,0.250459,-0.166175,0.985385,-0.019646,0.031883
28.4925,-0.302278,0.497492,0.250350,-0.166180,0.985382,-0.019709,0.031898
28.5025,-0.302296,0.497619,0.250241,-0.166158,0.985385,-0.019777,0.031900
28.5126,-0.302281,0.497764,0.250129,-0.166130,0.985388,-0.019840,0.031910
28.5227,-0.302287,0.497904,0.250028,-0.166093,0.985392,-0.019889,0.031941
28.5327,-0.302259,0.498059,0.249873,-0.166040,0.985399,-0.019992,0.031942
28.5426,-0.302216,0.498243,0.249696,-0.165941,0.985413,-0.020115,0.031948
28.5526,-0.302168,0.498394,0.249440,-0.165868,0.985420,-0.020338,0.031964
28.5627,-0.302115,0.498554,0.249150,-0.165787,0.985428,-0.020599,0.031973
28.5726,-0.302044,0.498709,0.248813,-0.165683,0.985439,-0.020894,0.031968
28.5826,-0.301980,0.498859,0.248425,-0.165590,0.985448,-0.021253,0.031950
28.5926,-0.301909,0.498984,0.247979,-0.165494,0.985455,-0.021668,0.031947
28.6026,-0.301821,0.499119,0.247505,-0.165393,0.985462,-0.022101,0.031964
28.6125,-0.301727,0.499236,0.246946,-0.165280,0.985469,-0.022644,0.031960
28.6227,-0.301623,0.499368,0.246413,-0.165182,0.985474,-0.023139,0.031950
28.6326,-0.301501,0.499461,0.245822,-0.165037,0.985485,-0.023703,0.031936
28.6426,-0.301387,0.499557,0.245205,-0.164945,0.985486,-0.024294,0.031945
28.6526,-0.301246,0.499629,0.244545,-0.164816,0.985492,-0.024928,0.031922
28.6626,-0.301103,0.499708,0.243904,-0.164718,0.985493,-0.025547,0.031921
28.6728,-0.300966,0.499768,0.243246,-0.164606,0.985496,-0.026177,0.031884
28.6827,-0.300807,0.499796,0.242567,-0.164494,0.985498,-0.026838,0.031877
28.6925,-0.300645,0.499824,0.241896,-0.164402,0.985495,-0.027504,0.031861
28.7025,-0.300478,0.499815,0.241211,-0.164327,0.985489,-0.028180,0.031852
28.7127,-0.300325,0.499792,0.240537,-0.164235,0.985486,-0.028865,0.031786
28.7227,-0.300167,0.499761,0.239839,-0.164170,0.985478,-0.029554,0.031753
28.7327,-0.299994,0.499727,0.239188,-0.164101,0.985471,-0.030209,0.031717
28.7425,-0.299833,0.499694,0.238537,-0.164040,0.985463,-0.030850,0.031660
28.7526,-0.299688,0.499637,0.237945,-0.164018,0.985449,-0.031450,0.031596
28.7629,-0.299543,0.499561,0.237331,-0.164017,0.985432,-0.032063,0.031523
28.7725,-0.299406,0.499493,0.236783,-0.164012,0.985416,-0.032631,0.031463
28.7826,-0.299291,0.499427,0.236284,-0.164047,0.985396,-0.033123,0.031393
28.7926,-0.299180,0.499351,0.235810,-0.164107,0.985372,-0.033612,0.031336
28.8026,-0.299069,0.499270,0.235376,-0.164179,0.985346,-0.034056,0.031286
28.8126,-0.298976,0.499177,0.234968,-0.164277,0.985317,-0.034475,0.031236
28.8229,-0.298909,0.499099,0.234640,-0.164379,0.985290,-0.034805,0.031167
28.8324,-0.298819,0.499015,0.234276,-0.164481,0.985261,-0.035185,0.031132
28.8429,-0.298752,0.498924,0.233977,-0.164602,0.985231,-0.035508,0.031082
28.8527,-0.298700,0.498853,0.233716,-0.164745,0.985199,-0.035753,0.031042
28.8627,-0.298677,0.498757,0.233477,-0.164897,0.985166,-0.036021,0.030987
28.8724,-0.298621,0.498682,0.233277,-0.165006,0.985141,-0.036246,0.030926
28.8827,-0.298590,0.498590,0.233078,-0.165157,0.985108,-0.036466,0.030901
28.8926,-0.298540,0.498511,0.232936,-0.165296,0.985081,-0.036629,0.030849
28.9026,-0.298501,0.498416,0.232789,-0.165401,0.985057,-0.036805,0.030824
28.9126,-0.298431,0.498370,0.232688,-0.165493,0.985039,-0.036907,0.030785
28.9226,-0.298348,0.498307,0.232590,-0.165546,0.985027,-0.037023,0.030767
28.9323,-0.298266,0.498232,0.232506,-0.165604,0.985013,-0.037155,0.030724
28.9425,-0.298163,0.498198,0.232434,-0.165623,0.985008,-0.037240,0.030699
28.9529,-0.298041,0.498148,0.232355,-0.165618,0.985004,-0.037368,0.030680
28.9625,-0.297924,0.498117,0.232283,-0.165585,0.985007,-0.037476,0.030630
28.9726,-0.297776,0.498067,0.232194,-0.165553,0.985009,-0.037602,0.030588
28.9826,-0.297628,0.498060,0.232147,-0.165483,0.985019,-0.037684,0.030537
28.9928,-0.297477,0.498033,0.232065,-0.165430,0.985025,-0.037802,0.030476
29.0028,-0.297311,0.498022,0.232011,-0.165353,0.985036,-0.037907,0.030428
29.0128,-0.297164,0.498008,0.231917,-0.165260,0.985049,-0.038023,0.030366
29.0227,-0.296993,0.497991,0.231813,-0.165165,0.985060,-0.038180,0.030318
29.0329,-0.296831,0.497997,0.231767,-0.165054,0.985078,-0.038260,0.030245
29.0426,-0.296662,0.497990,0.231648,-0.164933,0.985094,-0.038419,0.030171
29.0525,-0.296502,0.497989,0.231571,-0.164851,0.985106,-0.038525,0.030089
29.0628,-0.296337,0.497991,0.231462,-0.164721,0.985123,-0.038680,0.030054
29.0729,-0.296186,0.498001,0.231379,-0.164617,0.985139,-0.038794,0.029957
29.0829,-0.296017,0.497989,0.231263,-0.164498,0.985155,-0.038949,0.029899
29.0929,-0.295875,0.497983,0.231199,-0.164401,0.985169,-0.039054,0.029831
29.1027,-0.295727,0.497960,0.231073,-0.164327,0.985177,-0.039209,0.029769
29.1127,-0.295575,0.497926,0.230919,-0.164215,0.985189,-0.039402,0.029711
29.1227,-0.295423,0.497880,0.230758,-0.164143,0.985194,-0.039600,0.029684
29.1327,-0.295283,0.497846,0.230647,-0.164054,0.985205,-0.039737,0.029629
29.1425,-0.295157,0.497768,0.230468,-0.164030,0.985203,-0.039942,0.029575
29.1525,-0.295007,0.497697,0.230293,-0.163961,0.985207,-0.040155,0.029537
29.1630,-0.294869,0.497613,0.230114,-0.163914,0.985207,-0.040352,0.029513
29.1726,-0.294735,0.497526,0.229924,-0.163868,0.985206,-0.040572,0.029501
29.1829,-0.294593,0.497388,0.229667,-0.163862,0.985195,-0.040870,0.029507
29.1926,-0.294448,0.497260,0.229437,-0.163874,0.985181,-0.041125,0.029523
29.2028,-0.294295,0.497115,0.229179,-0.163904,0.985164,-0.041419,0.029533
29.2128,-0.294147,0.496963,0.228910,-0.163899,0.985151,-0.041736,0.029527
29.2226,-0.293961,0.496795,0.228598,-0.163963,0.985123,-0.042111,0.029573
29.2325,-0.293809,0.496626,0.228336,-0.163977,0.985107,-0.042428,0.029578
29.2428,-0.293628,0.496451,0.228020,-0.164081,0.985073,-0.042802,0.029604
29.2527,-0.293463,0.496302,0.227772,-0.164116,0.985054,-0.043088,0.029624
29.2626,-0.293277,0.496117,0.227469,-0.164240,0.985015,-0.043456,0.029694
29.2725,-0.293102,0.495957,0.227237,-0.164283,0.984995,-0.043750,0.029708
29.2827,-0.292914,0.495805,0.226982,-0.164393,0.984962,-0.044069,0.029720
29.2924,-0.292727,0.495670,0.226783,-0.164425,0.984944,-0.044331,0.029747
29.3025,-0.292554,0.495540,0.226559,-0.164541,0.984910,-0.044619,0.029788
29.3127,-0.292354,0.495443,0.226409,-0.164576,0.984894,-0.044825,0.029817
29.3232,-0.292165,0.495347,0.226264,-0.164625,0.984876,-0.045016,0.029855
29.3324,-0.291977,0.495295,0.226159,-0.164650,0.984864,-0.045184,0.029864
29.3428,-0.291788,0.495256,0.226080,-0.164668,0.984855,-0.045292,0.029908
29.3527,-0.291601,0.495259,0.226080,-0.164657,0.984854,-0.045330,0.029922
29.3627,-0.291416,0.495268,0.226093,-0.164648,0.984854,-0.045358,0.029943
29.3726,-0.291230,0.495314,0.226137,-0.164602,0.984861,-0.045356,0.029946
29.3827,-0.291020,0.495410,0.226238,-0.164532,0.984876,-0.045290,0.029960
29.3928,-0.290809,0.495549,0.226405,-0.164400,0.984905,-0.045135,0.029966
29.4030,-0.290589,0.495712,0.226605,-0.164254,0.984936,-0.044977,0.029981
29.4126,-0.290339,0.495912,0.226862,-0.164061,0.984978,-0.044752,0.029983
29.4227,-0.290058,0.496117,0.227152,-0.163807,0.985030,-0.044534,0.029995
29.4324,-0.289729,0.496375,0.227493,-0.163485,0.985096,-0.044257,0.030007
29.4430,-0.289339,0.496672,0.227903,-0.163094,0.985174,-0.043949,0.030023
29.4528,-0.288899,0.496999,0.228380,-0.162648,0.985262,-0.043608,0.030054
29.4627,-0.288374,0.497396,0.228955,-0.162125,0.985364,-0.043193,0.030115
29.4726,-0.287807,0.497838,0.229641,-0.161548,0.985479,-0.042711,0.030159
29.4829,-0.287147,0.498350,0.230464,-0.160858,0.985614,-0.042139,0.030219
29.4925,-0.286442,0.498918,0.231452,-0.160110,0.985762,-0.041504,0.030266
29.5029,-0.285645,0.499542,0.232624,-0.159291,0.985924,-0.040754,0.030335
29.5128,-0.284844,0.500184,0.233955,-0.158435,0.986093,-0.039925,0.030400
29.5225,-0.284009,0.500851,0.235439,-0.157539,0.986272,-0.039020,0.030439
29.5326,-0.283145,0.501509,0.237101,-0.156640,0.986450,-0.038066,0.030518
29.5427,-0.282266,0.502174,0.238949,-0.155727,0.986634,-0.037019,0.030532
29.5524,-0.281405,0.502829,0.240927,-0.154827,0.986816,-0.035878,0.030576
29.5626,-0.280531,0.503452,0.243068,-0.153912,0.987000,-0.034679,0.030649
29.5726,-0.279695,0.504037,0.245393,-0.153038,0.987180,-0.033397,0.030652
29.5827,-0.278868,0.504532,0.247841,-0.152175,0.987356,-0.032095,0.030683
29.5928,-0.278042,0.505003,0.250454,-0.151331,0.987529,-0.030733,0.030674
29.6030,-0.277240,0.505376,0.253094,-0.150510,0.987694,-0.029431,0.030681
29.6127,-0.276456,0.505688,0.255841,-0.149727,0.987853,-0.028085,0.030660
29.6229,-0.275689,0.505942,0.258620,-0.148984,0.988002,-0.026757,0.030669
29.6327,-0.274919,0.506112,0.261397,-0.148278,0.988141,-0.025513,0.030673
29.6429,-0.274162,0.506196,0.264201,-0.147569,0.988278,-0.024328,0.030643
29.6525,-0.273399,0.506225,0.267014,-0.146884,0.988408,-0.023183,0.030620
29.6627,-0.272633,0.506187,0.269848,-0.146203,0.988536,-0.022059,0.030588
29.6728,-0.271855,0.506092,0.272525,-0.145543,0.988654,-0.021127,0.030557
29.6827,-0.271076,0.505955,0.275206,-0.144873,0.988773,-0.020229,0.030520
29.6924,-0.270205,0.505808,0.277768,-0.144138,0.988895,-0.019464,0.030515
29.7025,-0.269317,0.505634,0.280270,-0.143393,0.989018,-0.018765,0.030480
29.7127,-0.268373,0.505419,0.282710,-0.142605,0.989145,-0.018130,0.030462
29.7227,-0.267397,0.505215,0.285107,-0.141793,0.989274,-0.017504,0.030418
29.7324,-0.266343,0.504955,0.287418,-0.140939,0.989405,-0.017032,0.030387
29.7429,-0.265268,0.504699,0.289684,-0.140045,0.989541,-0.016567,0.030360
29.7527,-0.264138,0.504462,0.291905,-0.139099,0.989684,-0.016072,0.030301
29.7628,-0.262976,0.504227,0.294005,-0.138140,0.989827,-0.015680,0.030248
29.7723,-0.261769,0.503986,0.296053,-0.137113,0.989976,-0.015349,0.030210
29.7823,-0.260523,0.503736,0.298043,-0.136084,0.990124,-0.015035,0.030146
29.7925,-0.259213,0.503481,0.300000,-0.134979,0.990281,-0.014742,0.030130
29.8027,-0.257877,0.503229,0.301932,-0.133882,0.990436,-0.014416,0.030080
29.8125,-0.256508,0.502963,0.303851,-0.132713,0.990599,-0.014109,0.030043
29.8227,-0.255107,0.502700,0.305695,-0.131550,0.990758,-0.013841,0.030016
29.8328,-0.253686,0.502410,0.307495,-0.130322,0.990925,-0.013622,0.029971
29.8429,-0.252297,0.502138,0.309215,-0.129169,0.991080,-0.013408,0.029926
29.8526,-0.250887,0.501869,0.310906,-0.127984,0.991238,-0.013163,0.029895
29.8624,-0.249522,0.501580,0.312542,-0.126803,0.991394,-0.012935,0.029855
29.8725,-0.248134,0.501308,0.314140,-0.125614,0.991550,-0.012689,0.029812
29.8824,-0.246748,0.501044,0.315744,-0.124443,0.991703,-0.012384,0.029761
29.8927,-0.245366,0.500782,0.317389,-0.123238,0.991860,-0.012006,0.029694
29.9025,-0.243953,0.500519,0.318995,-0.122025,0.992016,-0.011637,0.029659
29.9126,-0.242528,0.500308,0.320619,-0.120775,0.992176,-0.011185,0.029598
29.9226,-0.241112,0.500068,0.322146,-0.119542,0.992330,-0.010850,0.029541
29.9328,-0.239611,0.499855,0.323642,-0.118219,0.992494,-0.010541,0.029484
29.9426,-0.238040,0.499677,0.325145,-0.116844,0.992661,-0.010227,0.029446
29.9525,-0.236407,0.499522,0.326628,-0.115374,0.992838,-0.009892,0.029390
29.9629,-0.234710,0.499383,0.328151,-0.113866,0.993018,-0.009485,0.029336
29.9725,-0.232909,0.499248,0.329715,-0.112235,0.993209,-0.009038,0.029275
29.9826,-0.231031,0.499118,0.331312,-0.110540,0.993405,-0.008543,0.029228
29.9928,-0.229057,0.499010,0.332900,-0.108763,0.993607,-0.008064,0.029164
30.0029,-0.227035,0.498896,0.334482,-0.106931,0.993812,-0.007543,0.029107
30.0125,-0.224964,0.498807,0.335957,-0.105061,0.994016,-0.007113,0.029056
30.0229,-0.222870,0.498711,0.337372,-0.103180,0.994217,-0.006684,0.029003
30.0325,-0.220718,0.498623,0.338668,-0.101216,0.994423,-0.006360,0.028945
30.0425,-0.218504,0.498539,0.339890,-0.099216,0.994627,-0.006054,0.028925
30.0528,-0.216266,0.498462,0.341060,-0.097165,0.994832,-0.005736,0.028887
30.0626,-0.214021,0.498366,0.342121,-0.095113,0.995033,-0.005488,0.028853
30.0726,-0.211745,0.498291,0.343058,-0.093038,0.995231,-0.005294,0.028823
30.0827,-0.209452,0.498186,0.343863,-0.090961,0.995424,-0.005211,0.028812
30.0925,-0.207133,0.498109,0.344556,-0.088862,0.995614,-0.005158,0.028792
30.1025,-0.204760,0.498041,0.345089,-0.086722,0.995803,-0.005218,0.028775
30.1123,-0.202297,0.498017,0.345496,-0.084521,0.995993,-0.005360,0.028744
30.1228,-0.199743,0.498042,0.345859,-0.082256,0.996181,-0.005477,0.028762
30.1325,-0.197133,0.498068,0.346092,-0.079956,0.996368,-0.005686,0.028732
30.1424,-0.194498,0.498114,0.346247,-0.077722,0.996542,-0.005926,0.028763
30.1525,-0.191866,0.498150,0.346317,-0.075546,0.996709,-0.006206,0.028744
30.1628,-0.189223,0.498179,0.346334,-0.073418,0.996866,-0.006537,0.028733
30.1727,-0.186518,0.498246,0.346311,-0.071365,0.997013,-0.006838,0.028715
30.1827,-0.183762,0.498307,0.346247,-0.069412,0.997149,-0.007187,0.028702
30.1926,-0.180964,0.498397,0.346172,-0.067582,0.997273,-0.007511,0.028703
30.2027,-0.178213,0.498480,0.346091,-0.065966,0.997379,-0.007817,0.028671
30.2127,-0.175442,0.498570,0.346001,-0.064525,0.997471,-0.008111,0.028661
30.2226,-0.172686,0.498665,0.345880,-0.063255,0.997551,-0.008432,0.028647
30.2325,-0.169896,0.498763,0.345781,-0.062129,0.997620,-0.008734,0.028596
30.2423,-0.167063,0.498903,0.345721,-0.061118,0.997682,-0.008953,0.028561
30.2524,-0.164281,0.499023,0.345706,-0.060316,0.997729,-0.009137,0.028537
30.2629,-0.161524,0.499185,0.345727,-0.059662,0.997769,-0.009239,0.028495
30.2724,-0.158773,0.499314,0.345754,-0.059195,0.997797,-0.009380,0.028429
30.2831,-0.155998,0.499467,0.345787,-0.058824,0.997820,-0.009498,0.028384
30.2926,-0.153137,0.499635,0.345921,-0.058482,0.997841,-0.009507,0.028334
30.3027,-0.150260,0.499812,0.346096,-0.058209,0.997859,-0.009423,0.028286
30.3126,-0.147327,0.500008,0.346339,-0.057869,0.997882,-0.009276,0.028239
30.3228,-0.144419,0.500200,0.346586,-0.057575,0.997901,-0.009140,0.028210
30.3326,-0.141516,0.500386,0.346913,-0.057395,0.997914,-0.008901,0.028173
30.3428,-0.138557,0.500578,0.347244,-0.057139,0.997932,-0.008674,0.028127
30.3525,-0.135541,0.500807,0.347620,-0.056689,0.997962,-0.008360,0.028086
30.3623,-0.132510,0.501028,0.348033,-0.056164,0.997994,-0.007983,0.028094
30.3726,-0.129535,0.501254,0.348458,-0.055586,0.998030,-0.007604,0.028070
30.3829,-0.126536,0.501479,0.348837,-0.054887,0.998072,-0.007244,0.028065
30.3926,-0.123469,0.501710,0.349195,-0.054104,0.998117,-0.006917,0.028051
30.4025,-0.120356,0.501962,0.349561,-0.053213,0.998168,-0.006543,0.028044
30.4127,-0.117191,0.502220,0.349901,-0.052136,0.998227,-0.006186,0.028049
30.4227,-0.114067,0.502506,0.350269,-0.051020,0.998286,-0.005766,0.028082
30.4324,-0.110976,0.502755,0.350508,-0.049845,0.998347,-0.005488,0.028067
30.4427,-0.107888,0.503002,0.350709,-0.048602,0.998409,-0.005254,0.028109
30.4526,-0.104839,0.503244,0.350887,-0.047301,0.998472,-0.005039,0.028120
30.4625,-0.101861,0.503491,0.351027,-0.046003,0.998534,-0.004824,0.028104
30.4726,-0.098959,0.503748,0.351111,-0.044764,0.998591,-0.004652,0.028118
30.4825,-0.096158,0.503958,0.351156,-0.043613,0.998642,-0.004561,0.028132
30.4925,-0.093426,0.504188,0.351120,-0.042549,0.998688,-0.004550,0.028129
30.5025,-0.090765,0.504405,0.351116,-0.041457,0.998734,-0.004496,0.028135
30.5126,-0.088122,0.504639,0.351095,-0.040400,0.998778,-0.004443,0.028117
30.5223,-0.085565,0.504863,0.351051,-0.039381,0.998818,-0.004428,0.028133
30.5322,-0.083095,0.505093,0.350974,-0.038454,0.998855,-0.004448,0.028109
30.5424,-0.080695,0.505315,0.350861,-0.037593,0.998887,-0.004523,0.028115
30.5526,-0.078380,0.505537,0.350775,-0.036762,0.998918,-0.004565,0.028110
30.5627,-0.076118,0.505765,0.350654,-0.036001,0.998946,-0.004647,0.028082
30.5728,-0.073823,0.506009,0.350568,-0.035273,0.998972,-0.004703,0.028072
30.5827,-0.071531,0.506285,0.350525,-0.034525,0.998999,-0.004719,0.028054
30.5927,-0.069263,0.506565,0.350452,-0.033895,0.999021,-0.004765,0.028039
30.6029,-0.067045,0.506852,0.350379,-0.033285,0.999040,-0.004852,0.028052
30.6128,-0.064839,0.507144,0.350331,-0.032689,0.999061,-0.004908,0.028021
30.6229,-0.062655,0.507453,0.350290,-0.032139,0.999078,-0.004977,0.028016
30.6326,-0.060416,0.507781,0.350282,-0.031490,0.999099,-0.004980,0.027997
30.6427,-0.058152,0.508122,0.350318,-0.030778,0.999121,-0.004984,0.028003
30.6526,-0.055888,0.508452,0.350387,-0.030034,0.999144,-0.004937,0.028005
30.6627,-0.053652,0.508799,0.350469,-0.029318,0.999166,-0.004861,0.028016
30.6725,-0.051400,0.509134,0.350550,-0.028592,0.999186,-0.004820,0.028032
30.6828,-0.049149,0.509463,0.350654,-0.027822,0.999208,-0.004760,0.028053
30.6927,-0.046891,0.509798,0.350779,-0.027037,0.999230,-0.004669,0.028054
30.7027,-0.044574,0.510136,0.350924,-0.026156,0.999253,-0.004573,0.028081
30.7124,-0.042225,0.510496,0.351137,-0.025176,0.999278,-0.004382,0.028121
30.7222,-0.039898,0.510848,0.351409,-0.024190,0.999302,-0.004157,0.028177
30.7326,-0.037511,0.511220,0.351715,-0.023144,0.999326,-0.003904,0.028222
30.7426,-0.035125,0.511617,0.352104,-0.022039,0.999349,-0.003551,0.028342
30.7529,-0.032790,0.512040,0.352562,-0.020944,0.999372,-0.003141,0.028403
30.7626,-0.030459,0.512483,0.353077,-0.019809,0.999393,-0.002680,0.028523
30.7727,-0.028161,0.512934,0.353647,-0.018663,0.999413,-0.002163,0.028645
30.7826,-0.025815,0.513430,0.354309,-0.017462,0.999432,-0.001542,0.028787
30.7924,-0.023493,0.513943,0.355039,-0.016244,0.999449,-0.000862,0.028949
30.8027,-0.021214,0.514488,0.355855,-0.015049,0.999462,-0.000088,0.029149
30.8127,-0.019016,0.515040,0.356693,-0.013886,0.999472,0.000718,0.029363
30.8227,-0.016906,0.515609,0.357545,-0.012750,0.999480,0.001537,0.029575
30.8326,-0.014851,0.516167,0.358456,-0.011648,0.999485,0.002397,0.029793
30.8423,-0.012894,0.516758,0.359396,-0.010573,0.999487,0.003327,0.030032
30.8528,-0.011003,0.517338,0.360316,-0.009518,0.999489,0.004225,0.030224
30.8629,-0.009164,0.517924,0.361226,-0.008475,0.999487,0.005116,0.030457
30.8725,-0.007351,0.518498,0.362145,-0.007416,0.999483,0.006036,0.030687
30.8827,-0.005594,0.519064,0.362978,-0.006377,0.999479,0.006837,0.030892
30.8928,-0.003894,0.519612,0.363795,-0.005360,0.999473,0.007644,0.031080
30.9027,-0.002192,0.520155,0.364582,-0.004344,0.999465,0.008412,0.031300
30.9125,-0.000574,0.520689,0.365310,-0.003372,0.999457,0.009126,0.031477
30.9227,0.001020,0.521188,0.365992,-0.002390,0.999449,0.009800,0.031627
30.9326,0.002635,0.521663,0.366598,-0.001375,0.999440,0.010388,0.031792
30.9427,0.004217,0.522104,0.367214,-0.000351,0.999429,0.010978,0.031954
30.9527,0.005781,0.522538,0.367767,0.000684,0.999418,0.011529,0.032089
30.9624,0.007392,0.522934,0.368268,0.001786,0.999407,0.012012,0.032230
30.9726,0.008999,0.523292,0.368740,0.002910,0.999395,0.012452,0.032355
30.9826,0.010622,0.523639,0.369150,0.004109,0.999382,0.012841,0.032470
30.9923,0.012217,0.523956,0.369523,0.005296,0.999368,0.013183,0.032584
31.0025,0.013814,0.524244,0.369897,0.006520,0.999353,0.013535,0.032692
31.0127,0.015397,0.524515,0.370245,0.007715,0.999336,0.013848,0.032816
31.0229,0.016889,0.524753,0.370530,0.008853,0.999320,0.014115,0.032891
31.0326,0.018411,0.524977,0.370808,0.009995,0.999303,0.014364,0.032985
31.0426,0.019895,0.525176,0.371070,0.011103,0.999284,0.014603,0.033099
31.0524,0.021338,0.525357,0.371284,0.012185,0.999266,0.014794,0.033154
31.0628,0.022760,0.525532,0.371451,0.013207,0.999249,0.014938,0.033227
31.0726,0.024179,0.525694,0.371591,0.014186,0.999232,0.015054,0.033285
31.0827,0.025584,0.525866,0.371701,0.015099,0.999215,0.015148,0.033349
31.0926,0.026997,0.526047,0.371742,0.015934,0.999200,0.015176,0.033393
31.1025,0.028392,0.526224,0.371758,0.016715,0.999186,0.015180,0.033425
31.1128,0.029785,0.526425,0.371665,0.017441,0.999175,0.015084,0.033430
31.1226,0.031160,0.526655,0.371516,0.018061,0.999166,0.014930,0.033431
31.1325,0.032539,0.526897,0.371240,0.018591,0.999162,0.014646,0.033388
31.1425,0.033914,0.527162,0.370912,0.019064,0.999160,0.014312,0.033346
31.1525,0.035293,0.527463,0.370500,0.019500,0.999160,0.013919,0.033236
31.1627,0.036639,0.527764,0.370044,0.019882,0.999162,0.013474,0.033150
31.1726,0.038031,0.528088,0.369471,0.020288,0.999165,0.012924,0.033013
31.1828,0.039438,0.528424,0.368876,0.020669,0.999170,0.012352,0.032869
31.1925,0.040850,0.528769,0.368192,0.021102,0.999174,0.011713,0.032704
31.2026,0.042293,0.529107,0.367507,0.021552,0.999177,0.011082,0.032541
31.2125,0.043735,0.529429,0.366793,0.022066,0.999178,0.010435,0.032357
31.2227,0.045173,0.529747,0.366052,0.022604,0.999179,0.009772,0.032171
31.2325,0.046601,0.530021,0.365337,0.023173,0.999178,0.009131,0.031992
31.2426,0.047981,0.530288,0.364628,0.023746,0.999175,0.008545,0.031834
31.2526,0.049276,0.530527,0.363968,0.024324,0.999171,0.008016,0.031640
31.2627,0.050528,0.530748,0.363357,0.024912,0.999165,0.007570,0.031499
31.2727,0.051709,0.530947,0.362786,0.025527,0.999156,0.007201,0.031359
31.2829,0.052809,0.531123,0.362256,0.026123,0.999145,0.006933,0.031270
31.2924,0.053841,0.531282,0.361791,0.026705,0.999134,0.006751,0.031198
31.3027,0.054794,0.531442,0.361347,0.027277,0.999121,0.006670,0.031124
31.3126,0.055682,0.531578,0.360982,0.027848,0.999105,0.006683,0.031117
31.3228,0.056514,0.531707,0.360655,0.028414,0.999089,0.006791,0.031121
31.3326,0.057272,0.531828,0.360363,0.028944,0.999071,0.006971,0.031163
31.3425,0.057963,0.531929,0.360153,0.029479,0.999051,0.007258,0.031234
31.3527,0.058569,0.532033,0.359985,0.029970,0.999031,0.007611,0.031332
31.3623,0.059132,0.532134,0.359893,0.030456,0.999008,0.008083,0.031473
31.3724,0.059634,0.532223,0.359825,0.030893,0.998986,0.008569,0.031605
31.3826,0.060068,0.532293,0.359757,0.031305,0.998964,0.009055,0.031749
31.3927,0.060488,0.532364,0.359772,0.031697,0.998941,0.009626,0.031924
31.4028,0.060834,0.532427,0.359743,0.032057,0.998920,0.010173,0.032065
31.4127,0.061186,0.532462,0.359751,0.032423,0.998897,0.010695,0.032232
31.4224,0.061523,0.532474,0.359731,0.032789,0.998875,0.011181,0.032378
31.4326,0.061856,0.532484,0.359717,0.033124,0.998854,0.011669,0.032503
31.4426,0.062202,0.532459,0.359669,0.033511,0.998833,0.012056,0.032628
31.4524,0.062619,0.532430,0.359598,0.033936,0.998810,0.012410,0.032753
31.4625,0.063043,0.532373,0.359485,0.034384,0.998789,0.012694,0.032825
31.4725,0.063546,0.532302,0.359343,0.034898,0.998766,0.012892,0.032894
31.4827,0.064134,0.532190,0.359171,0.035503,0.998742,0.013023,0.032930
31.4926,0.064809,0.532035,0.358972,0.036209,0.998715,0.013097,0.032947
31.5026,0.065562,0.531860,0.358713,0.036946,0.998688,0.013076,0.032948
31.5127,0.066380,0.531656,0.358420,0.037798,0.998659,0.012992,0.032911
31.5223,0.067253,0.531417,0.358092,0.038653,0.998629,0.012838,0.032872
31.5326,0.068187,0.531159,0.357732,0.039582,0.998598,0.012631,0.032792
31.5424,0.069134,0.530855,0.357275,0.040544,0.998568,0.012314,0.032670
31.5526,0.070119,0.530520,0.356780,0.041537,0.998536,0.011921,0.032522
31.5628,0.071110,0.530150,0.356272,0.042541,0.998504,0.011487,0.032381
31.5727,0.072084,0.529785,0.355688,0.043528,0.998473,0.010993,0.032202
31.5825,0.073049,0.529382,0.355082,0.044544,0.998440,0.010465,0.031995
31.5929,0.073971,0.528987,0.354460,0.045475,0.998409,0.009944,0.031816
31.6025,0.074829,0.528584,0.353830,0.046375,0.998379,0.009432,0.031615
31.6126,0.075645,0.528184,0.353186,0.047227,0.998350,0.008932,0.031414
31.6225,0.076385,0.527801,0.352522,0.048007,0.998323,0.008433,0.031228
31.6326,0.077081,0.527441,0.351898,0.048739,0.998297,0.008025,0.031047
31.6427,0.077674,0.527074,0.351230,0.049376,0.998274,0.007588,0.030885
31.6526,0.078198,0.526724,0.350582,0.049965,0.998252,0.007191,0.030724
31.6629,0.078645,0.526420,0.349969,0.050444,0.998235,0.006872,0.030584
31.6725,0.079007,0.526118,0.349357,0.050871,0.998219,0.006603,0.030461
31.6829,0.079316,0.525838,0.348750,0.051235,0.998205,0.006373,0.030353
31.6927,0.079559,0.525557,0.348146,0.051532,0.998194,0.006171,0.030258
31.7024,0.079763,0.525287,0.347563,0.051793,0.998184,0.006014,0.030183
31.7126,0.079916,0.525010,0.346926,0.052017,0.998175,0.005822,0.030108
31.7225,0.080020,0.524763,0.346322,0.052211,0.998168,0.005709,0.030022
31.7325,0.080113,0.524500,0.345690,0.052378,0.998162,0.005584,0.029964
31.7426,0.080180,0.524215,0.345043,0.052541,0.998156,0.005422,0.029903
31.7526,0.080241,0.523948,0.344388,0.052684,0.998151,0.005299,0.029844
31.7630,0.080268,0.523665,0.343727,0.052821,0.998147,0.005182,0.029769
31.7725,0.080317,0.523383,0.343060,0.052954,0.998142,0.005045,0.029713
31.7826,0.080360,0.523070,0.342358,0.053095,0.998137,0.004860,0.029652
31.7925,0.080399,0.522760,0.341616,0.053263,0.998132,0.004680,0.029567
31.8025,0.080431,0.522441,0.340895,0.053415,0.998127,0.004482,0.029490
31.8126,0.080474,0.522105,0.340157,0.053569,0.998122,0.004267,0.029403
31.8229,0.080514,0.521758,0.339389,0.053747,0.998117,0.003999,0.029304
31.8327,0.080565,0.521389,0.338601,0.053937,0.998110,0.003716,0.029205
31.8427,0.080570,0.521013,0.337818,0.054091,0.998107,0.003395,0.029071
31.8526,0.080589,0.520618,0.336995,0.054288,0.998102,0.003036,0.028918
31.8627,0.080622,0.520213,0.336173,0.054447,0.998099,0.002637,0.028753
31.8727,0.080639,0.519797,0.335320,0.054609,0.998096,0.002215,0.028600
31.8828,0.080634,0.519336,0.334435,0.054804,0.998092,0.001726,0.028393
31.8926,0.080600,0.518887,0.333525,0.054935,0.998091,0.001215,0.028196
31.9027,0.080561,0.518404,0.332589,0.055118,0.998089,0.000653,0.027942
31.9127,0.080493,0.517913,0.331603,0.055238,0.998089,0.000011,0.027679
31.9227,0.080413,0.517413,0.330629,0.055356,0.998090,-0.000622,0.027405
31.9326,0.080326,0.516898,0.329639,0.055482,0.998090,-0.001304,0.027135
31.9427,0.080225,0.516368,0.328626,0.055587,0.998091,-0.002010,0.026823
31.9525,0.080114,0.515832,0.327578,0.055685,0.998093,-0.002813,0.026480
31.9626,0.079994,0.515309,0.326579,0.055790,0.998093,-0.003554,0.026181
31.9726,0.079859,0.514770,0.325557,0.055872,0.998094,-0.004353,0.025827
31.9826,0.079734,0.514234,0.324541,0.055945,0.998095,-0.005189,0.025470
31.9926,0.079592,0.513700,0.323544,0.056014,0.998096,-0.006013,0.025106
32.0027,0.079456,0.513178,0.322566,0.056093,0.998095,-0.006848,0.024752
32.0126,0.079307,0.512649,0.321586,0.056149,0.998095,-0.007708,0.024383
32.0227,0.079182,0.512137,0.320640,0.056225,0.998093,-0.008543,0.024005
32.0324,0.079075,0.511644,0.319761,0.056300,0.998090,-0.009322,0.023666
32.0430,0.078941,0.511153,0.318848,0.056358,0.998087,-0.010152,0.023313
32.0528,0.078835,0.510691,0.318006,0.056429,0.998083,-0.010909,0.022963
32.0627,0.078748,0.510229,0.317188,0.056522,0.998076,-0.011660,0.022642
32.0726,0.078669,0.509785,0.316412,0.056611,0.998070,-0.012355,0.022339
32.0830,0.078607,0.509369,0.315673,0.056684,0.998064,-0.012993,0.022032
32.0925,0.078571,0.508973,0.314984,0.056788,0.998056,-0.013575,0.021774
32.1025,0.078573,0.508582,0.314287,0.056902,0.998048,-0.014156,0.021512
32.1125,0.078585,0.508222,0.313661,0.057059,0.998036,-0.014624,0.021303
32.1226,0.078639,0.507881,0.313068,0.057198,0.998026,-0.015048,0.021132
32.1325,0.078697,0.507586,0.312575,0.057374,0.998015,-0.015311,0.020993
32.1425,0.078783,0.507310,0.312091,0.057549,0.998003,-0.015557,0.020877
32.1526,0.078887,0.507035,0.311632,0.057731,0.997992,-0.015752,0.020760
32.1625,0.079004,0.506811,0.311213,0.057916,0.997981,-0.015887,0.020684
32.1726,0.079142,0.506608,0.310877,0.058121,0.997969,-0.015911,0.020659
32.1828,0.079277,0.506440,0.310561,0.058277,0.997961,-0.015873,0.020646
32.1925,0.079438,0.506276,0.310291,0.058494,0.997949,-0.015783,0.020655
32.2026,0.079587,0.506145,0.310025,0.058681,0.997939,-0.015695,0.020673
32.2127,0.079723,0.506019,0.309801,0.058855,0.997931,-0.015546,0.020714
32.2227,0.079868,0.505921,0.309617,0.059023,0.997922,-0.015361,0.020783
32.2327,0.080014,0.505829,0.309440,0.059169,0.997914,-0.015203,0.020848
32.2431,0.080119,0.505758,0.309291,0.059302,0.997908,-0.015003,0.020918
32.2526,0.080261,0.505693,0.309155,0.059439,0.997901,-0.014810,0.020997
32.2626,0.080340,0.505638,0.309040,0.059536,0.997897,-0.014625,0.021056
32.2726,0.080446,0.505585,0.308940,0.059646,0.997891,-0.014458,0.021136
32.2829,0.080537,0.505558,0.308871,0.059740,0.997887,-0.014262,0.021207
32.2926,0.080623,0.505526,0.308803,0.059822,0.997883,-0.014102,0.021274
32.3027,0.080691,0.505501,0.308741,0.059908,0.997878,-0.013964,0.021359
32.3125,0.080755,0.505486,0.308665,0.059947,0.997875,-0.013847,0.021435
32.3229,0.080802,0.505474,0.308667,0.060011,0.997872,-0.013698,0.021517
32.3327,0.080847,0.505463,0.308611,0.060034,0.997871,-0.013599,0.021569
32.3426,0.080868,0.505460,0.308603,0.060062,0.997868,-0.013507,0.021653
32.3524,0.080893,0.505466,0.308626,0.060052,0.997869,-0.013395,0.021732
32.3624,0.080899,0.505484,0.308638,0.060060,0.997868,-0.013296,0.021801
32.3725,0.080927,0.505510,0.308664,0.060078,0.997866,-0.013202,0.021884
32.3823,0.080962,0.505541,0.308711,0.060073,0.997866,-0.013118,0.021970
32.3930,0.080976,0.505584,0.308774,0.060065,0.997865,-0.013032,0.022072
32.4029,0.081027,0.505621,0.308852,0.060083,0.997863,-0.012958,0.022168
32.4127,0.081051,0.505669,0.308934,0.060063,0.997863,-0.012894,0.022258
32.4223,0.081091,0.505717,0.309024,0.060080,0.997861,-0.012822,0.022353
32.4327,0.081151,0.505756,0.309094,0.060096,0.997858,-0.012782,0.022465
32.4426,0.081214,0.505818,0.309193,0.060125,0.997855,-0.012698,0.022583
32.4526,0.081270,0.505869,0.309288,0.060137,0.997852,-0.012644,0.022677
32.4626,0.081355,0.505923,0.309389,0.060177,0.997848,-0.012563,0.022798
32.4725,0.081430,0.505985,0.309488,0.060217,0.997844,-0.012500,0.022923
32.4829,0.081521,0.506056,0.309613,0.060264,0.997839,-0.012403,0.023054
32.4925,0.081619,0.506119,0.309713,0.060337,0.997833,-0.012343,0.023158
32.5026,0.081725,0.506179,0.309826,0.060409,0.997827,-0.012275,0.023280
32.5126,0.081812,0.506246,0.309910,0.060475,0.997821,-0.012223,0.023374
32.5229,0.081897,0.506302,0.310009,0.060545,0.997816,-0.012157,0.023452
32.5329,0.081990,0.506363,0.310094,0.060614,0.997810,-0.012105,0.023566
32.5429,0.082075,0.506417,0.310171,0.060685,0.997804,-0.012063,0.023647
32.5526,0.082146,0.506472,0.310251,0.060730,0.997800,-0.012002,0.023748
32.5629,0.082209,0.506518,0.310316,0.060799,0.997794,-0.011946,0.023819
32.5726,0.082279,0.506559,0.310364,0.060864,0.997789,-0.011911,0.023891
32.5828,0.082319,0.506591,0.310408,0.060905,0.997786,-0.011881,0.023942
32.5926,0.082360,0.506604,0.310416,0.060978,0.997780,-0.011875,0.023981
32.6027,0.082380,0.506596,0.310360,0.061016,0.997777,-0.011932,0.023988
32.6127,0.082409,0.506580,0.310339,0.061082,0.997773,-0.011958,0.024000
32.6227,0.082424,0.506556,0.310256,0.061116,0.997769,-0.012046,0.024017
32.6325,0.082415,0.506515,0.310158,0.061154,0.997766,-0.012122,0.024010
32.6427,0.082414,0.506493,0.310072,0.061192,0.997763,-0.012185,0.023999
32.6526,0.082407,0.506435,0.309940,0.061217,0.997761,-0.012287,0.023987
32.6630,0.082391,0.506385,0.309766,0.061220,0.997759,-0.012421,0.023957
32.6725,0.082376,0.506320,0.309613,0.061268,0.997756,-0.012516,0.023932
32.6828,0.082356,0.506232,0.309408,0.061296,0.997753,-0.012669,0.023905
32.6926,0.082327,0.506134,0.309180,0.061324,0.997751,-0.012803,0.023844
32.7023,0.082264,0.506019,0.308898,0.061317,0.997750,-0.013002,0.023807
32.7127,0.082223,0.505905,0.308631,0.061329,0.997748,-0.013150,0.023753
32.7224,0.082180,0.505757,0.308315,0.061380,0.997744,-0.013332,0.023704
32.7325,0.082115,0.505606,0.308013,0.061383,0.997743,-0.013496,0.023660
32.7427,0.082033,0.505448,0.307711,0.061371,0.997742,-0.013624,0.023628
32.7527,0.081987,0.505283,0.307363,0.061398,0.997740,-0.013767,0.023580
32.7627,0.081890,0.505098,0.307023,0.061376,0.997740,-0.013917,0.023528
32.7729,0.081816,0.504928,0.306693,0.061395,0.997739,-0.014022,0.023486
32.7827,0.081722,0.504749,0.306313,0.061397,0.997737,-0.014177,0.023442
32.7926,0.081652,0.504572,0.306007,0.061386,0.997737,-0.014252,0.023431
32.8026,0.081577,0.504405,0.305659,0.061389,0.997737,-0.014357,0.023385
32.8126,0.081495,0.504244,0.305369,0.061381,0.997737,-0.014383,0.023360
32.8227,0.081420,0.504092,0.305074,0.061376,0.997737,-0.014455,0.023348
32.8326,0.081342,0.503956,0.304807,0.061359,0.997737,-0.014503,0.023342
32.8425,0.081253,0.503829,0.304554,0.061350,0.997739,-0.014528,0.023298
32.8524,0.081170,0.503712,0.304351,0.061314,0.997741,-0.014526,0.023299
32.8626,0.081089,0.503597,0.304156,0.061274,0.997743,-0.014539,0.023283
32.8728,0.080989,0.503520,0.303997,0.061241,0.997747,-0.014510,0.023244
32.8826,0.080903,0.503433,0.303854,0.061186,0.997750,-0.014506,0.023239
32.8924,0.080793,0.503344,0.303717,0.061134,0.997755,-0.014493,0.023180
32.9025,0.080700,0.503265,0.303605,0.061104,0.997758,-0.014486,0.023142
32.9127,0.080591,0.503181,0.303459,0.061060,0.997762,-0.014522,0.023079
32.9229,0.080500,0.503108,0.303339,0.061004,0.997766,-0.014541,0.023006
32.9325,0.080382,0.503021,0.303184,0.060936,0.997771,-0.014618,0.022940
32.9426,0.080283,0.502928,0.303051,0.060894,0.997774,-0.014691,0.022874
32.9525,0.080165,0.502832,0.302899,0.060834,0.997778,-0.014781,0.022790
32.9624,0.080061,0.502740,0.302734,0.060773,0.997783,-0.014888,0.022684
32.9723,0.079934,0.502619,0.302538,0.060692,0.997788,-0.015066,0.022573
32.9826,0.079809,0.502494,0.302295,0.060654,0.997789,-0.015293,0.022437
32.9926,0.079678,0.502352,0.302070,0.060591,0.997793,-0.015501,0.022314
33.0027,0.079559,0.502211,0.301828,0.060537,0.997795,-0.015746,0.022178
33.0124,0.079426,0.502053,0.301553,0.060486,0.997797,-0.016018,0.022026
33.0230,0.079318,0.501895,0.301302,0.060447,0.997799,-0.016272,0.021891
33.0326,0.079204,0.501749,0.301027,0.060411,0.997800,-0.016526,0.021752
33.0426,0.079102,0.501581,0.300752,0.060364,0.997801,-0.016801,0.021599
33.0525,0.079016,0.501418,0.300485,0.060335,0.997801,-0.017080,0.021479
33.0625,0.078937,0.501271,0.300244,0.060305,0.997801,-0.017311,0.021369
33.0726,0.078875,0.501133,0.300004,0.060268,0.997802,-0.017542,0.021259
33.0827,0.078822,0.500994,0.299805,0.060271,0.997800,-0.017728,0.021195
33.0925,0.078775,0.500863,0.299590,0.060248,0.997799,-0.017946,0.021108
33.1025,0.078750,0.500744,0.299407,0.060245,0.997797,-0.018121,0.021031
33.1124,0.078728,0.500638,0.299234,0.060229,0.997797,-0.018276,0.020944
33.1225,0.078729,0.500538,0.299091,0.060247,0.997795,-0.018405,0.020895
33.1325,0.078772,0.500434,0.298941,0.060299,0.997790,-0.018550,0.020844
33.1425,0.078811,0.500349,0.298825,0.060344,0.997787,-0.018645,0.020800
33.1527,0.078846,0.500261,0.298714,0.060384,0.997783,-0.018750,0.020767
33.1632,0.078927,0.500196,0.298630,0.060444,0.997779,-0.018823,0.020733
33.1726,0.079020,0.500120,0.298544,0.060533,0.997772,-0.018900,0.020711
33.1825,0.079143,0.500071,0.298499,0.060630,0.997766,-0.018925,0.020698
33.1924,0.079305,0.500018,0.298440,0.060783,0.997757,-0.018939,0.020691
33.2027,0.079465,0.499978,0.298417,0.060926,0.997748,-0.018946,0.020694
33.2125,0.079680,0.499956,0.298422,0.061096,0.997737,-0.018915,0.020737
33.2226,0.079886,0.499946,0.298455,0.061259,0.997727,-0.018850,0.020785
33.2323,0.080106,0.499927,0.298478,0.061433,0.997717,-0.018803,0.020826
33.2426,0.080344,0.499911,0.298497,0.061646,0.997704,-0.018753,0.020863
33.2525,0.080556,0.499909,0.298504,0.061814,0.997693,-0.018699,0.020906
33.2624,0.080785,0.499918,0.298556,0.062018,0.997681,-0.018600,0.020981
33.2728,0.081017,0.499918,0.298574,0.062213,0.997669,-0.018522,0.021045
33.2827,0.081250,0.499935,0.298582,0.062403,0.997658,-0.018435,0.021089
33.2927,0.081478,0.499954,0.298611,0.062586,0.997646,-0.018311,0.021197
33.3025,0.081737,0.499976,0.298621,0.062789,0.997634,-0.018183,0.021277
33.3127,0.081981,0.500009,0.298662,0.062993,0.997622,-0.018002,0.021390
33.3231,0.082235,0.500047,0.298643,0.063202,0.997610,-0.017841,0.021494
33.3326,0.082507,0.500073,0.298647,0.063420,0.997597,-0.017638,0.021595
33.3428,0.082792,0.500122,0.298654,0.063648,0.997584,-0.017412,0.021723
33.3528,0.083084,0.500151,0.298627,0.063921,0.997568,-0.017184,0.021827
33.3628,0.083400,0.500203,0.298617,0.064190,0.997553,-0.016888,0.021970
33.3726,0.083770,0.500260,0.298623,0.064504,0.997534,-0.016566,0.022144
33.3826,0.084163,0.500338,0.298605,0.064845,0.997514,-0.016203,0.022328
33.3926,0.084579,0.500410,0.298544,0.065177,0.997494,-0.015851,0.022506
33.4025,0.085045,0.500506,0.298452,0.065560,0.997470,-0.015491,0.022699
33.4127,0.085546,0.500636,0.298300,0.065958,0.997446,-0.015152,0.022849
33.4227,0.086097,0.500780,0.298080,0.066410,0.997416,-0.014874,0.023006
33.4327,0.086676,0.500958,0.297709,0.066870,0.997385,-0.014725,0.023118
33.4426,0.087287,0.501170,0.297231,0.067327,0.997354,-0.014657,0.023189
33.4528,0.087935,0.501412,0.296603,0.067816,0.997320,-0.014723,0.023194
33.4629,0.088581,0.501685,0.295846,0.068290,0.997285,-0.014944,0.023154
33.4723,0.089263,0.501993,0.294959,0.068753,0.997251,-0.015288,0.023032
33.4827,0.089951,0.502344,0.293958,0.069228,0.997214,-0.015769,0.022884
33.4923,0.090643,0.502706,0.292874,0.069674,0.997178,-0.016343,0.022679
33.5030,0.091311,0.503100,0.291736,0.070091,0.997143,-0.016981,0.022454
33.5125,0.091968,0.503482,0.290547,0.070504,0.997108,-0.017684,0.022187
33.5227,0.092601,0.503862,0.289357,0.070885,0.997073,-0.018450,0.021898
33.5326,0.093200,0.504236,0.288162,0.071235,0.997040,-0.019244,0.021602
33.5427,0.093760,0.504598,0.287010,0.071553,0.997008,-0.020024,0.021316
33.5526,0.094300,0.504954,0.285903,0.071865,0.996976,-0.020795,0.021021
33.5625,0.094775,0.505286,0.284849,0.072120,0.996948,-0.021536,0.020737
33.5722,0.095229,0.505593,0.283893,0.072373,0.996920,-0.022225,0.020464
33.5826,0.095624,0.505892,0.283039,0.072571,0.996897,-0.022832,0.020204
33.5927,0.095990,0.506145,0.282258,0.072787,0.996872,-0.023400,0.020006
33.6027,0.096278,0.506378,0.281597,0.072906,0.996856,-0.023880,0.019820
33.6126,0.096566,0.506588,0.281028,0.073067,0.996837,-0.024277,0.019673
33.6226,0.096788,0.506766,0.280538,0.073176,0.996824,-0.024641,0.019508
33.6325,0.096986,0.506923,0.280138,0.073287,0.996810,-0.024947,0.019398
33.6430,0.097144,0.507058,0.279780,0.073354,0.996800,-0.025221,0.019287
33.6525,0.097296,0.507172,0.279486,0.073451,0.996789,-0.025451,0.019197
33.6630,0.097403,0.507264,0.279247,0.073496,0.996782,-0.025659,0.019120
33.6727,0.097483,0.507348,0.279091,0.073541,0.996776,-0.025785,0.019075
33.6827,0.097519,0.507410,0.278950,0.073573,0.996772,-0.025904,0.019017
33.6925,0.097516,0.507416,0.278822,0.073591,0.996768,-0.026036,0.018969
33.7029,0.097518,0.507429,0.278715,0.073613,0.996764,-0.026138,0.018935
33.7125,0.097503,0.507429,0.278700,0.073667,0.996760,-0.026148,0.018936
33.7225,0.097474,0.507410,0.278706,0.073681,0.996760,-0.026140,0.018926
33.7327,0.097435,0.507371,0.278735,0.073721,0.996756,-0.026133,0.018965
33.7424,0.097384,0.507330,0.278764,0.073756,0.996754,-0.026114,0.018984
33.7527,0.097331,0.507265,0.278815,0.073814,0.996749,-0.026094,0.019026
33.7625,0.097278,0.507226,0.278861,0.073884,0.996744,-0.026061,0.019067
33.7727,0.097189,0.507177,0.278906,0.073915,0.996741,-0.026064,0.019106
33.7826,0.097135,0.507111,0.278931,0.074005,0.996733,-0.026076,0.019150
33.7926,0.097069,0.507062,0.278974,0.074080,0.996727,-0.026069,0.019188
33.8028,0.097001,0.506996,0.278969,0.074142,0.996720,-0.026128,0.019215
33.8126,0.096956,0.506960,0.279027,0.074217,0.996714,-0.026104,0.019296
33.8227,0.096887,0.506909,0.279054,0.074273,0.996708,-0.026129,0.019318
33.8324,0.096850,0.506870,0.279078,0.074356,0.996701,-0.026148,0.019370
33.8426,0.096809,0.506859,0.279152,0.074445,0.996693,-0.026131,0.019437
33.8526,0.096787,0.506847,0.279205,0.074499,0.996689,-0.026112,0.019485
33.8626,0.096758,0.506837,0.279273,0.074564,0.996683,-0.026121,0.019535
33.8725,0.096754,0.506867,0.279388,0.074614,0.996679,-0.026062,0.019608
33.8827,0.096755,0.506900,0.279534,0.074669,0.996676,-0.025963,0.019699
33.8927,0.096781,0.506929,0.279712,0.074764,0.996669,-0.025867,0.019782
33.9025,0.096804,0.506980,0.279980,0.074802,0.996668,-0.025688,0.019919
33.9126,0.096825,0.507074,0.280319,0.074862,0.996668,-0.025439,0.020042
33.9226,0.096862,0.507152,0.280677,0.074898,0.996668,-0.025227,0.020185
33.9326,0.096914,0.507259,0.281164,0.074962,0.996668,-0.024891,0.020347
33.9427,0.096969,0.507396,0.281721,0.075015,0.996669,-0.024521,0.020539
33.9526,0.097031,0.507567,0.282373,0.075014,0.996675,-0.024089,0.020757
33.9630,0.097099,0.507736,0.283090,0.075072,0.996678,-0.023613,0.020960
33.9725,0.097171,0.507936,0.283918,0.075099,0.996683,-0.023078,0.021226
33.9826,0.097240,0.508154,0.284846,0.075140,0.996688,-0.022474,0.021500
33.9927,0.097316,0.508375,0.285832,0.075181,0.996693,-0.021828,0.021763
34.0029,0.097374,0.508589,0.286914,0.075179,0.996701,-0.021146,0.022083
34.0127,0.097436,0.508830,0.288112,0.075226,0.996707,-0.020341,0.022410
34.0227,0.097523,0.509056,0.289364,0.075276,0.996711,-0.019508,0.022798
34.0325,0.097545,0.509263,0.290768,0.075279,0.996720,-0.018553,0.023189
34.0423,0.097602,0.509452,0.292254,0.075328,0.996725,-0.017538,0.023619
34.0527,0.097649,0.509620,0.293812,0.075347,0.996731,-0.016454,0.024078
34.0625,0.097684,0.509757,0.295510,0.075377,0.996735,-0.015260,0.024602
34.0727,0.097693,0.509863,0.297313,0.075428,0.996737,-0.013988,0.025122
34.0826,0.097661,0.509910,0.299198,0.075428,0.996740,-0.012648,0.025685
34.0928,0.097614,0.509924,0.301234,0.075458,0.996739,-0.011205,0.026294
34.1027,0.097547,0.509880,0.303388,0.075501,0.996735,-0.009664,0.026932
34.1126,0.097451,0.509768,0.305600,0.075524,0.996729,-0.008089,0.027592
34.1228,0.097316,0.509608,0.307908,0.075524,0.996721,-0.006483,0.028316
34.1325,0.097174,0.509363,0.310307,0.075579,0.996705,-0.004816,0.029035
34.1426,0.096989,0.509039,0.312722,0.075592,0.996689,-0.003187,0.029785
34.1526,0.096796,0.508645,0.315171,0.075668,0.996664,-0.001560,0.030555
34.1627,0.096588,0.508223,0.317622,0.075690,0.996638,0.000033,0.031367
34.1726,0.096377,0.507714,0.320036,0.075779,0.996604,0.001572,0.032166
34.1824,0.096153,0.507169,0.322378,0.075849,0.996569,0.003013,0.032993
34.1926,0.095940,0.506576,0.324610,0.075946,0.996529,0.004297,0.033815
34.2026,0.095731,0.505965,0.326776,0.076077,0.996485,0.005533,0.034643
34.2126,0.095515,0.505307,0.328834,0.076174,0.996440,0.006651,0.035503
34.2225,0.095305,0.504634,0.330818,0.076292,0.996391,0.007686,0.036410
34.2324,0.095098,0.503930,0.332736,0.076411,0.996339,0.008668,0.037340
34.2427,0.094895,0.503217,0.334557,0.076527,0.996285,0.009518,0.038339
34.2527,0.094720,0.502485,0.336252,0.076687,0.996225,0.010251,0.039357
34.2628,0.094552,0.501761,0.337759,0.076817,0.996168,0.010788,0.040404
34.2726,0.094403,0.501024,0.339137,0.076957,0.996108,0.011167,0.041492
34.2827,0.094293,0.500273,0.340322,0.077135,0.996045,0.011327,0.042621
34.2923,0.094185,0.499542,0.341430,0.077304,0.995982,0.011399,0.043759
34.3024,0.094117,0.498813,0.342393,0.077482,0.995915,0.011348,0.044956
34.3123,0.094049,0.498080,0.343279,0.077681,0.995846,0.011218,0.046160
34.3226,0.094001,0.497377,0.344122,0.077862,0.995775,0.011062,0.047405
34.3325,0.093960,0.496654,0.344898,0.078046,0.995702,0.010850,0.048666
34.3430,0.093906,0.495942,0.345517,0.078242,0.995629,0.010501,0.049903
34.3526,0.093864,0.495203,0.346026,0.078414,0.995559,0.010048,0.051116
34.3627,0.093824,0.494497,0.346463,0.078612,0.995488,0.009613,0.052269
34.3726,0.093768,0.493767,0.346798,0.078801,0.995418,0.009127,0.053385
34.3824,0.093690,0.492999,0.347009,0.079008,0.995349,0.008547,0.054460
34.3926,0.093568,0.492213,0.347188,0.079165,0.995284,0.008014,0.055483
34.4025,0.093437,0.491395,0.347287,0.079370,0.995218,0.007472,0.056438
34.4129,0.093267,0.490548,0.347360,0.079555,0.995157,0.006970,0.057311
34.4230,0.093064,0.489668,0.347366,0.079746,0.995097,0.006464,0.058142
34.4324,0.092838,0.488745,0.347407,0.079944,0.995036,0.006053,0.058956
34.4431,0.092573,0.487784,0.347446,0.080137,0.994978,0.005682,0.059708
34.4526,0.092283,0.486795,0.347510,0.080321,0.994921,0.005413,0.060425
34.4626,0.091951,0.485777,0.347615,0.080517,0.994863,0.005243,0.061125
34.4726,0.091605,0.484733,0.347809,0.080723,0.994804,0.005241,0.061811
34.4826,0.091181,0.483633,0.348024,0.080884,0.994752,0.005297,0.062433
34.4927,0.090724,0.482480,0.348303,0.081031,0.994700,0.005457,0.063061
34.5028,0.090246,0.481296,0.348695,0.081199,0.994647,0.005805,0.063643
34.5129,0.089701,0.480085,0.349097,0.081332,0.994598,0.006204,0.064200
34.5226,0.089155,0.478853,0.349580,0.081454,0.994549,0.006726,0.064755
34.5325,0.088572,0.477596,0.350173,0.081550,0.994500,0.007419,0.065300
34.5427,0.087970,0.476296,0.350807,0.081655,0.994453,0.008164,0.065794
34.5528,0.087324,0.474988,0.351529,0.081731,0.994404,0.009066,0.066322
34.5627,0.086690,0.473702,0.352395,0.081785,0.994354,0.010145,0.066848
34.5729,0.086036,0.472415,0.353281,0.081817,0.994307,0.011246,0.067333
34.5825,0.085370,0.471124,0.354215,0.081797,0.994263,0.012378,0.067807
34.5929,0.084714,0.469867,0.355198,0.081793,0.994217,0.013559,0.068257
34.6027,0.084105,0.468649,0.356108,0.081820,0.994173,0.014635,0.068646
34.6126,0.083517,0.467471,0.357009,0.081794,0.994133,0.015660,0.069024
34.6227,0.082968,0.466339,0.357895,0.081809,0.994091,0.016656,0.069369
34.6325,0.082469,0.465268,0.358745,0.081817,0.994053,0.017583,0.069675
34.6429,0.081981,0.464247,0.359565,0.081817,0.994017,0.018434,0.069977
34.6525,0.081551,0.463285,0.360233,0.081837,0.993988,0.019097,0.070188
34.6629,0.081147,0.462406,0.360861,0.081829,0.993962,0.019708,0.070394
34.6726,0.080779,0.461582,0.361322,0.081838,0.993944,0.020107,0.070529
34.6826,0.080460,0.460808,0.361646,0.081853,0.993932,0.020326,0.070607
34.6927,0.080161,0.460069,0.361855,0.081844,0.993932,0.020369,0.070616
34.7027,0.079906,0.459364,0.361945,0.081817,0.993938,0.020250,0.070591
34.7128,0.079670,0.458702,0.361892,0.081709,0.993960,0.019958,0.070492
34.7230,0.079416,0.458050,0.361778,0.081585,0.993989,0.019529,0.070346
34.7326,0.079206,0.457427,0.361654,0.081475,0.994016,0.019079,0.070214
34.7427,0.078985,0.456824,0.361466,0.081313,0.994050,0.018549,0.070067
34.7527,0.078774,0.456236,0.361233,0.081157,0.994086,0.017942,0.069887
34.7628,0.078573,0.455655,0.360980,0.080977,0.994126,0.017289,0.069695
34.7726,0.078336,0.455081,0.360718,0.080749,0.994170,0.016635,0.069484
34.7830,0.078141,0.454514,0.360474,0.080550,0.994210,0.015963,0.069310
34.7927,0.077934,0.453917,0.360295,0.080343,0.994247,0.015351,0.069146
34.8026,0.077722,0.453312,0.360191,0.080157,0.994279,0.014833,0.069024
34.8125,0.077493,0.452686,0.360166,0.079983,0.994306,0.014402,0.068932
34.8227,0.077258,0.452051,0.360197,0.079809,0.994329,0.014080,0.068857
34.8327,0.076998,0.451375,0.360319,0.079651,0.994348,0.013863,0.068817
34.8429,0.076729,0.450683,0.360486,0.079507,0.994362,0.013709,0.068809
34.8527,0.076456,0.449977,0.360684,0.079363,0.994373,0.013618,0.068832
34.8628,0.076161,0.449242,0.360941,0.079226,0.994380,0.013629,0.068886
34.8725,0.075836,0.448498,0.361228,0.079103,0.994385,0.013718,0.068940
34.8827,0.075515,0.447715,0.361558,0.078997,0.994385,0.013866,0.069038
34.8926,0.075160,0.446908,0.361957,0.078883,0.994381,0.014126,0.069168
34.9024,0.074805,0.446088,0.362401,0.078819,0.994371,0.014469,0.069321
34.9127,0.074427,0.445231,0.362913,0.078736,0.994356,0.014925,0.069528
34.9228,0.074046,0.444359,0.363468,0.078656,0.994339,0.015434,0.069748
34.9326,0.073626,0.443470,0.364121,0.078573,0.994318,0.016099,0.069996
34.9427,0.073232,0.442554,0.364779,0.078537,0.994289,0.016780,0.070278
34.9527,0.072812,0.441639,0.365491,0.078466,0.994260,0.017542,0.070582
34.9627,0.072397,0.440722,0.366220,0.078400,0.994230,0.018345,0.070883
34.9722,0.071954,0.439803,0.367000,0.078304,0.994196,0.019221,0.071231
34.9825,0.071516,0.438844,0.367805,0.078229,0.994159,0.020132,0.071570
34.9924,0.071064,0.437858,0.368690,0.078122,0.994117,0.021165,0.071977
35.0026,0.070626,0.436847,0.369650,0.078013,0.994070,0.022291,0.072402
35.0125,0.070141,0.435799,0.370680,0.077860,0.994021,0.023503,0.072859
35.0228,0.069647,0.434722,0.371778,0.077675,0.993969,0.024781,0.073338
35.0324,0.069120,0.433598,0.372951,0.077404,0.993917,0.026167,0.073848
35.0425,0.068604,0.432470,0.374127,0.077057,0.993867,0.027567,0.074364
35.0527,0.068087,0.431310,0.375386,0.076651,0.993813,0.029040,0.074952
35.0626,0.067555,0.430126,0.376618,0.076126,0.993767,0.030485,0.075510
35.0726,0.067030,0.428908,0.377900,0.075519,0.993724,0.031986,0.076073
35.0826,0.066482,0.427669,0.379209,0.074822,0.993677,0.033527,0.076705
35.0925,0.065906,0.426400,0.380529,0.074027,0.993635,0.035078,0.077322
35.1026,0.065336,0.425158,0.381841,0.073148,0.993596,0.036615,0.077946
35.1129,0.064775,0.423947,0.383052,0.072199,0.993565,0.038034,0.078539
35.1224,0.064229,0.422784,0.384139,0.071190,0.993545,0.039313,0.079082
35.1327,0.063678,0.421633,0.385137,0.070150,0.993534,0.040468,0.079577
35.1426,0.063181,0.420538,0.386069,0.069151,0.993523,0.041526,0.080038
35.1526,0.062684,0.419486,0.386903,0.068189,0.993517,0.042448,0.080454
35.1628,0.062193,0.418450,0.387665,0.067248,0.993517,0.043258,0.080808
35.1725,0.061726,0.417454,0.388326,0.066366,0.993525,0.043878,0.081112
35.1825,0.061268,0.416493,0.388981,0.065574,0.993530,0.044462,0.081376
35.1923,0.060825,0.415547,0.389548,0.064811,0.993546,0.044833,0.081583
35.2030,0.060382,0.414622,0.390058,0.064116,0.993572,0.045060,0.081693
35.2126,0.059944,0.413719,0.390492,0.063527,0.993603,0.045110,0.081746
35.2226,0.059516,0.412830,0.390934,0.062977,0.993640,0.045064,0.081751
35.2326,0.059087,0.411928,0.391372,0.062482,0.993683,0.044885,0.081706
35.2430,0.058648,0.411022,0.391836,0.062095,0.993724,0.044651,0.081626
35.2527,0.058205,0.410106,0.392341,0.061766,0.993763,0.044395,0.081542
35.2625,0.057752,0.409175,0.392879,0.061484,0.993802,0.044110,0.081432
35.2725,0.057289,0.408225,0.393506,0.061228,0.993839,0.043808,0.081339
35.2826,0.056795,0.407244,0.394182,0.060964,0.993879,0.043501,0.081208
35.2972,0.056313,0.406268,0.394911,0.060834,0.993910,0.043219,0.081085
35.3136,0.055829,0.405310,0.395624,0.060722,0.993940,0.042909,0.080960
35.3211,0.055380,0.404375,0.396365,0.060608,0.993969,0.042615,0.080847
35.3265,0.054916,0.403475,0.397136,0.060551,0.993992,0.042366,0.080741
35.3410,0.054487,0.402595,0.397902,0.060516,0.994011,0.042131,0.080652
35.3508,0.054036,0.401732,0.398722,0.060477,0.994026,0.042003,0.080561
35.3602,0.053605,0.400871,0.399550,0.060460,0.994036,0.041876,0.080519
35.3666,0.053163,0.400016,0.400445,0.060442,0.994039,0.041855,0.080510
35.3773,0.052705,0.399111,0.401346,0.060466,0.994040,0.041833,0.080485
35.3918,0.052201,0.398158,0.402370,0.060424,0.994037,0.041902,0.080519
35.3981,0.051686,0.397152,0.403423,0.060417,0.994031,0.042004,0.080541
35.4118,0.051128,0.396072,0.404569,0.060409,0.994020,0.042193,0.080590
35.4199,0.050564,0.394965,0.405751,0.060400,0.994007,0.042364,0.080662
35.4264,0.049975,0.393819,0.406964,0.060385,0.993995,0.042563,0.080716
35.4417,0.049365,0.392606,0.408209,0.060387,0.993980,0.042793,0.080785
35.4491,0.048739,0.391375,0.409523,0.060376,0.993960,0.043114,0.080871
35.4577,0.048119,0.390117,0.410856,0.060416,0.993933,0.043460,0.080978
35.4676,0.047512,0.388873,0.412152,0.060429,0.993906,0.043810,0.081112
35.4754,0.046917,0.387670,0.413407,0.060430,0.993882,0.044162,0.081219
35.4862,0.046335,0.386521,0.414622,0.060451,0.993856,0.044527,0.081316
35.4956,0.045788,0.385445,0.415785,0.060441,0.993835,0.044875,0.081391
35.5069,0.045248,0.384405,0.416846,0.060415,0.993823,0.045142,0.081414
35.5149,0.044744,0.383435,0.417815,0.060391,0.993813,0.045344,0.081439
35.5248,0.044263,0.382528,0.418729,0.060368,0.993803,0.045573,0.081456
35.5353,0.043805,0.381699,0.419563,0.060325,0.993800,0.045756,0.081421
35.5434,0.043382,0.380934,0.420297,0.060291,0.993800,0.045869,0.081377
35.5537,0.042984,0.380245,0.420945,0.060236,0.993806,0.045935,0.081308
35.5649,0.042584,0.379643,0.421490,0.060145,0.993826,0.045926,0.081142
35.5739,0.042239,0.379130,0.421924,0.060064,0.993848,0.045844,0.080978
35.5843,0.041899,0.378684,0.422234,0.059939,0.993883,0.045666,0.080742
35.5941,0.041611,0.378300,0.422471,0.059846,0.993916,0.045457,0.080517
35.6036,0.041335,0.377964,0.422615,0.059783,0.993954,0.045183,0.080249
35.6137,0.041065,0.377701,0.422657,0.059652,0.994002,0.044818,0.079962
35.6233,0.040813,0.377485,0.422696,0.059533,0.994045,0.044536,0.079671
35.6342,0.040579,0.377310,0.422600,0.059427,0.994095,0.044132,0.079341
35.6435,0.040347,0.377170,0.422465,0.059323,0.994147,0.043724,0.079004
35.6541,0.040137,0.377070,0.422276,0.059230,0.994198,0.043306,0.078661
35.6641,0.039945,0.377024,0.422018,0.059160,0.994249,0.042846,0.078311
35.6731,0.039771,0.376996,0.421721,0.059071,0.994299,0.042398,0.077990
35.6833,0.039600,0.376979,0.421379,0.059028,0.994350,0.041922,0.077629
35.6936,0.039426,0.376975,0.420987,0.058972,0.994401,0.041449,0.077278
35.7032,0.039254,0.376970,0.420564,0.058965,0.994446,0.040997,0.076937
35.7135,0.039086,0.376966,0.420079,0.058944,0.994495,0.040496,0.076589
35.7230,0.038920,0.376950,0.419563,0.058971,0.994538,0.040015,0.076258
35.7329,0.038770,0.376943,0.419005,0.059020,0.994582,0.039508,0.075913
35.7447,0.038606,0.376919,0.418420,0.059084,0.994622,0.039041,0.075579
35.7532,0.038455,0.376885,0.417760,0.059170,0.994665,0.038494,0.075221
35.7633,0.038277,0.376827,0.417081,0.059250,0.994710,0.037951,0.074847
35.7730,0.038122,0.376763,0.416355,0.059373,0.994750,0.037349,0.074514
35.7829,0.037921,0.376682,0.415671,0.059456,0.994792,0.036813,0.074159
35.7935,0.037730,0.376582,0.414992,0.059562,0.994829,0.036287,0.073827
35.8029,0.037493,0.376485,0.414335,0.059603,0.994867,0.035795,0.073526
35.8130,0.037248,0.376386,0.413700,0.059652,0.994905,0.035327,0.073196
35.8233,0.036964,0.376288,0.413154,0.059622,0.994938,0.034943,0.072957
35.8329,0.036646,0.376200,0.412666,0.059572,0.994970,0.034630,0.072708
35.8426,0.036293,0.376120,0.412267,0.059414,0.995003,0.034385,0.072498
35.8526,0.035891,0.376058,0.411887,0.059203,0.995038,0.034156,0.072302
35.8629,0.035465,0.376000,0.411646,0.058966,0.995066,0.034065,0.072160
35.8729,0.034989,0.375962,0.411470,0.058605,0.995096,0.034015,0.072058
35.8835,0.034469,0.375930,0.411386,0.058158,0.995125,0.034033,0.072008
35.8929,0.033928,0.375934,0.411390,0.057668,0.995152,0.034127,0.071983
35.9029,0.033340,0.375947,0.411476,0.057107,0.995180,0.034288,0.071978
35.9130,0.032740,0.375997,0.411667,0.056461,0.995204,0.034562,0.072023
35.9230,0.032114,0.376051,0.411936,0.055806,0.995223,0.034917,0.072092
35.9331,0.031484,0.376108,0.412265,0.055124,0.995242,0.035296,0.072171
35.9428,0.030849,0.376208,0.412700,0.054381,0.995260,0.035753,0.072263
35.9527,0.030233,0.376316,0.413233,0.053659,0.995267,0.036323,0.072419
35.9628,0.029632,0.376462,0.413857,0.052914,0.995271,0.036941,0.072598
35.9726,0.029057,0.376626,0.414592,0.052192,0.995267,0.037661,0.072815
35.9828,0.028519,0.376819,0.415435,0.051492,0.995254,0.038477,0.073063
35.9927,0.028011,0.377027,0.416368,0.050803,0.995234,0.039356,0.073351
36.0025,0.027546,0.377245,0.417373,0.050191,0.995205,0.040280,0.073651
36.0128,0.027132,0.377479,0.418416,0.049589,0.995172,0.041233,0.073980
36.0229,0.026757,0.377724,0.419531,0.049041,0.995132,0.042250,0.074311
36.0326,0.026448,0.377976,0.420641,0.048550,0.995088,0.043235,0.074656
36.0434,0.026171,0.378232,0.421708,0.048110,0.995044,0.044169,0.074976
36.0528,0.025939,0.378469,0.422766,0.047769,0.994994,0.045108,0.075297
36.0627,0.025758,0.378718,0.423755,0.047427,0.994951,0.045941,0.075585
36.0729,0.025620,0.378939,0.424720,0.047171,0.994901,0.046770,0.075891
36.0828,0.025517,0.379178,0.425575,0.046945,0.994860,0.047489,0.076128
36.0926,0.025445,0.379380,0.426367,0.046752,0.994818,0.048133,0.076379
36.1027,0.025395,0.379577,0.427063,0.046600,0.994784,0.048679,0.076576
36.1129,0.025379,0.379759,0.427722,0.046481,0.994748,0.049210,0.076773
36.1225,0.025376,0.379921,0.428268,0.046353,0.994719,0.049616,0.076969
36.1326,0.025393,0.380081,0.428734,0.046296,0.994697,0.049952,0.077063
36.1427,0.025413,0.380221,0.429155,0.046238,0.994672,0.050277,0.077213
36.1529,0.025461,0.380341,0.429479,0.046201,0.994656,0.050483,0.077308
36.1632,0.025533,0.380440,0.429751,0.046204,0.994639,0.050651,0.077418
36.1726,0.025586,0.380531,0.429973,0.046196,0.994627,0.050793,0.077480
36.1832,0.025655,0.380611,0.430155,0.046218,0.994616,0.050872,0.077555
36.1927,0.025718,0.380686,0.430268,0.046223,0.994610,0.050913,0.077600
36.2028,0.025780,0.380748,0.430366,0.046254,0.994604,0.050961,0.077625
36.2126,0.025835,0.380801,0.430361,0.046279,0.994606,0.050890,0.077631
36.2227,0.025889,0.380864,0.430349,0.046275,0.994610,0.050830,0.077632
36.2327,0.025946,0.380919,0.430320,0.046298,0.994613,0.050749,0.077634
36.2426,0.026002,0.380964,0.430234,0.046308,0.994620,0.050624,0.077607
36.2528,0.026050,0.381011,0.430106,0.046318,0.994634,0.050420,0.077556
36.2626,0.026082,0.381070,0.429975,0.046272,0.994649,0.050251,0.077505
36.2726,0.026132,0.381141,0.429840,0.046278,0.994661,0.050090,0.077453
36.2828,0.026174,0.381204,0.429666,0.046262,0.994679,0.049855,0.077379
36.2925,0.026213,0.381282,0.429506,0.046235,0.994696,0.049657,0.077310
36.3025,0.026245,0.381346,0.429318,0.046214,0.994714,0.049429,0.077230
36.3125,0.026280,0.381427,0.429158,0.046187,0.994729,0.049237,0.077174
36.3228,0.026318,0.381502,0.428970,0.046164,0.994748,0.049003,0.077095
36.3328,0.026355,0.381585,0.428785,0.046152,0.994765,0.048774,0.077033
36.3429,0.026390,0.381681,0.428651,0.046128,0.994779,0.048604,0.076969
36.3525,0.026439,0.381769,0.428548,0.046105,0.994789,0.048444,0.076955
36.3630,0.026462,0.381853,0.428453,0.046081,0.994800,0.048341,0.076889
36.3729,0.026509,0.381947,0.428358,0.046086,0.994808,0.048207,0.076877
36.3826,0.026552,0.382032,0.428322,0.046079,0.994812,0.048135,0.076865
36.3926,0.026603,0.382150,0.428327,0.046063,0.994814,0.048119,0.076867
36.4023,0.026654,0.382268,0.428366,0.046069,0.994810,0.048126,0.076902
36.4126,0.026700,0.382384,0.428432,0.046071,0.994807,0.048165,0.076922
36.4226,0.026765,0.382507,0.428551,0.046070,0.994801,0.048238,0.076952
36.4326,0.026822,0.382652,0.428744,0.046079,0.994788,0.048397,0.077021
36.4430,0.026893,0.382807,0.428962,0.046081,0.994773,0.048573,0.077094
36.4523,0.026950,0.382964,0.429269,0.046088,0.994754,0.048823,0.077182
36.4626,0.027029,0.383142,0.429631,0.046113,0.994728,0.049136,0.077296
36.4724,0.027095,0.383313,0.430042,0.046123,0.994702,0.049498,0.077402
36.4826,0.027174,0.383499,0.430550,0.046151,0.994664,0.049956,0.077579
36.4927,0.027264,0.383690,0.431140,0.046196,0.994623,0.050451,0.077759
36.5029,0.027350,0.383900,0.431745,0.046207,0.994585,0.050943,0.077912
36.5127,0.027435,0.384096,0.432434,0.046250,0.994538,0.051484,0.078125
36.5232,0.027516,0.384297,0.433154,0.046281,0.994496,0.051994,0.078309
36.5326,0.027604,0.384487,0.433924,0.046306,0.994456,0.052465,0.078483
36.5424,0.027682,0.384650,0.434727,0.046342,0.994420,0.052896,0.078640
36.5528,0.027748,0.384798,0.435526,0.046380,0.994390,0.053254,0.078753
36.5626,0.027788,0.384916,0.436352,0.046378,0.994366,0.053537,0.078862
36.5726,0.027827,0.385009,0.437147,0.046397,0.994354,0.053685,0.078904
36.5826,0.027840,0.385052,0.437945,0.046385,0.994354,0.053709,0.078890
36.5929,0.027840,0.385043,0.438686,0.046386,0.994370,0.053523,0.078817
36.6026,0.027823,0.385006,0.439377,0.046361,0.994400,0.053175,0.078683
36.6125,0.027778,0.384909,0.440034,0.046330,0.994442,0.052708,0.078492
36.6228,0.027718,0.384778,0.440600,0.046287,0.994498,0.052058,0.078240
36.6326,0.027610,0.384564,0.441098,0.046230,0.994568,0.051253,0.077913
36.6427,0.027464,0.384274,0.441494,0.046145,0.994653,0.050226,0.077542
36.6527,0.027259,0.383899,0.441831,0.046010,0.994745,0.049145,0.077136
36.6628,0.027004,0.383466,0.442079,0.045863,0.994845,0.047976,0.076670
36.6726,0.026682,0.382932,0.442301,0.045665,0.994945,0.046782,0.076228
36.6827,0.026274,0.382304,0.442491,0.045414,0.995047,0.045581,0.075767
36.6927,0.025805,0.381582,0.442680,0.045131,0.995144,0.044465,0.075335
36.7028,0.025210,0.380763,0.442825,0.044754,0.995240,0.043424,0.074898
36.7127,0.024535,0.379823,0.442957,0.044330,0.995332,0.042390,0.074509
36.7229,0.023768,0.378821,0.443083,0.043836,0.995422,0.041494,0.074103
36.7326,0.022945,0.377743,0.443228,0.043309,0.995497,0.040792,0.073792
36.7427,0.022047,0.376595,0.443301,0.042736,0.995569,0.040165,0.073505
36.7527,0.021118,0.375400,0.443254,0.042130,0.995642,0.039531,0.073211
36.7626,0.020140,0.374154,0.443153,0.041513,0.995709,0.038997,0.072934
36.7725,0.019130,0.372850,0.442942,0.040844,0.995772,0.038519,0.072703
36.7832,0.018096,0.371492,0.442556,0.040197,0.995839,0.038001,0.072423
36.7942,0.017075,0.370096,0.442015,0.039561,0.995905,0.037438,0.072152
36.8025,0.016049,0.368686,0.441331,0.038926,0.995971,0.036876,0.071876
36.8127,0.015019,0.367265,0.440469,0.038292,0.996042,0.036220,0.071566
36.8225,0.014027,0.365814,0.439464,0.037707,0.996113,0.035504,0.071252
36.8324,0.013036,0.364356,0.438363,0.037152,0.996183,0.034802,0.070910
36.8429,0.012078,0.362897,0.437178,0.036613,0.996253,0.034066,0.070559
36.8526,0.011153,0.361423,0.435875,0.036132,0.996321,0.033304,0.070212
36.8626,0.010252,0.359926,0.434571,0.035713,0.996383,0.032593,0.069882
36.8728,0.009368,0.358408,0.433218,0.035287,0.996444,0.031882,0.069556
36.8825,0.008514,0.356891,0.431832,0.034943,0.996501,0.031183,0.069231
36.8926,0.007676,0.355332,0.430427,0.034627,0.996555,0.030495,0.068910
36.9026,0.006880,0.353788,0.429079,0.034381,0.996603,0.029879,0.068613
36.9127,0.006109,0.352213,0.427776,0.034178,0.996643,0.029342,0.068365
36.9227,0.005362,0.350645,0.426532,0.033998,0.996679,0.028857,0.068130
36.9327,0.004610,0.349048,0.425455,0.033841,0.996706,0.028565,0.067948
36.9427,0.003871,0.347430,0.424510,0.033728,0.996721,0.028405,0.067844
36.9526,0.003125,0.345816,0.423702,0.033585,0.996730,0.028407,0.067780
36.9626,0.002404,0.344222,0.423069,0.033505,0.996730,0.028552,0.067761
36.9726,0.001671,0.342632,0.422613,0.033392,0.996720,0.028884,0.067822
36.9829,0.000941,0.341022,0.422350,0.033299,0.996701,0.029389,0.067936
36.9924,0.000208,0.339366,0.422249,0.033239,0.996671,0.030005,0.068128
37.0030,-0.000506,0.337711,0.422386,0.033213,0.996628,0.030857,0.068394
37.0125,-0.001234,0.336033,0.422736,0.033170,0.996572,0.031895,0.068751
37.0227,-0.001942,0.334371,0.423270,0.033178,0.996507,0.033078,0.069130
37.0326,-0.002663,0.332720,0.423992,0.033133,0.996433,0.034377,0.069582
37.0426,-0.003354,0.331102,0.424843,0.033129,0.996355,0.035708,0.070027
37.0526,-0.004039,0.329503,0.425852,0.033133,0.996268,0.037132,0.070519
37.0625,-0.004706,0.327938,0.426953,0.033116,0.996181,0.038553,0.070997
37.0728,-0.005337,0.326441,0.428151,0.033131,0.996091,0.039958,0.071468
37.0825,-0.005946,0.324986,0.429416,0.033135,0.996002,0.041283,0.071950
37.0927,-0.006531,0.323598,0.430775,0.033140,0.995920,0.042515,0.072374
37.1026,-0.007081,0.322269,0.432162,0.033146,0.995842,0.043672,0.072745
37.1124,-0.007623,0.320965,0.433515,0.033144,0.995778,0.044569,0.073084
37.1226,-0.008128,0.319720,0.434861,0.033140,0.995722,0.045368,0.073352
37.1325,-0.008622,0.318512,0.436263,0.033162,0.995669,0.046098,0.073617
37.1426,-0.009096,0.317352,0.437679,0.033136,0.995626,0.046687,0.073831
37.1525,-0.009540,0.316242,0.439075,0.033130,0.995597,0.047074,0.073983
37.1629,-0.009978,0.315178,0.440485,0.033112,0.995575,0.047359,0.074097
37.1725,-0.010400,0.314153,0.442017,0.033095,0.995549,0.047722,0.074223
37.1824,-0.010806,0.313146,0.443601,0.033067,0.995532,0.047960,0.074320
37.1928,-0.011212,0.312143,0.445260,0.033060,0.995513,0.048220,0.074404
37.2027,-0.011621,0.311136,0.447010,0.033018,0.995491,0.048503,0.074525
37.2126,-0.012029,0.310120,0.448843,0.033010,0.995468,0.048802,0.074652
37.2226,-0.012454,0.309103,0.450670,0.032949,0.995451,0.049045,0.074738
37.2328,-0.012869,0.308086,0.452561,0.032922,0.995431,0.049320,0.074836
37.2427,-0.013282,0.307080,0.454445,0.032867,0.995415,0.049550,0.074922
37.2526,-0.013679,0.306098,0.456282,0.032817,0.995401,0.049733,0.075006
37.2627,-0.014063,0.305146,0.458021,0.032771,0.995397,0.049802,0.075040
37.2727,-0.014440,0.304201,0.459688,0.032716,0.995402,0.049766,0.075025
37.2826,-0.014810,0.303278,0.461223,0.032659,0.995415,0.049615,0.074973
37.2927,-0.015155,0.302361,0.462692,0.032624,0.995431,0.049398,0.074919
37.3024,-0.015511,0.301447,0.464064,0.032573,0.995454,0.049125,0.074818
37.3128,-0.015838,0.300561,0.465314,0.032549,0.995479,0.048770,0.074724
37.3228,-0.016197,0.299672,0.466422,0.032467,0.995518,0.048314,0.074533
37.3324,-0.016541,0.298756,0.467450,0.032417,0.995559,0.047783,0.074358
37.3428,-0.016876,0.297872,0.468378,0.032401,0.995597,0.047253,0.074183
37.3528,-0.017204,0.296986,0.469218,0.032355,0.995640,0.046694,0.073981
37.3630,-0.017542,0.296101,0.469966,0.032312,0.995684,0.046113,0.073771
37.3728,-0.017883,0.295204,0.470631,0.032270,0.995728,0.045509,0.073578
37.3829,-0.018230,0.294287,0.471229,0.032246,0.995774,0.044896,0.073336
37.3929,-0.018592,0.293330,0.471767,0.032188,0.995825,0.044194,0.073098
37.4030,-0.018966,0.292360,0.472236,0.032164,0.995878,0.043474,0.072817
37.4127,-0.019360,0.291370,0.472686,0.032091,0.995929,0.042802,0.072553
37.4229,-0.019755,0.290371,0.473145,0.032050,0.995978,0.042172,0.072269
37.4325,-0.020172,0.289325,0.473646,0.032009,0.996024,0.041590,0.071985
37.4430,-0.020592,0.288276,0.474221,0.031975,0.996061,0.041163,0.071730
37.4527,-0.021034,0.287190,0.474885,0.031962,0.996096,0.040816,0.071456
37.4626,-0.021526,0.286080,0.475607,0.031933,0.996133,0.040557,0.071095
37.4726,-0.022013,0.284987,0.476446,0.031906,0.996168,0.040457,0.070675
37.4827,-0.022544,0.283904,0.477369,0.031876,0.996207,0.040501,0.070110
