t_rel_s,q1,q2,q3,q4,q5,q6,qd1,qd2,qd3,qd4,qd5,qd6,eff1,eff2,eff3,eff4,eff5,eff6
1.0127,-1.754462,-1.949642,1.833114,-1.478093,-1.577843,2.873473,-0.021138,-0.148892,0.177527,-0.129009,-0.040078,-0.055248,-0.7733,-1.7984,-0.7754,-0.5232,-0.2089,-0.1785
1.0222,-1.754689,-1.951210,1.835009,-1.479379,-1.578247,2.872937,-0.020852,-0.154347,0.194285,-0.133789,-0.040417,-0.049021,-0.7940,-1.7922,-0.5936,-0.5474,-0.1964,-0.1720
1.0323,-1.754908,-1.952785,1.837088,-1.480805,-1.578631,2.872500,-0.020315,-0.158843,0.211642,-0.143151,-0.040556,-0.043363,-0.8256,-1.7100,-0.7218,-0.5485,-0.1978,-0.1881
1.0422,-1.755088,-1.954384,1.839289,-1.482229,-1.578984,2.872056,-0.019275,-0.159120,0.225533,-0.146576,-0.037986,-0.039044,-0.7775,-1.6098,-0.6790,-0.5580,-0.2179,-0.1867
1.0526,-1.755267,-1.956013,1.841603,-1.483713,-1.579336,2.871723,-0.017914,-0.162295,0.237170,-0.153060,-0.034885,-0.033414,-0.7900,-1.3994,-0.6962,-0.5216,-0.2387,-0.1860
1.0628,-1.755447,-1.957650,1.844075,-1.485237,-1.579738,2.871387,-0.016699,-0.156501,0.249164,-0.155226,-0.035205,-0.029815,-0.7819,-1.3468,-0.5385,-0.4772,-0.2233,-0.1607
1.0723,-1.755553,-1.959167,1.846633,-1.486807,-1.580032,2.871115,-0.014998,-0.151613,0.262374,-0.155294,-0.033595,-0.024027,-0.7240,-1.3558,-0.8290,-0.5166,-0.2259,-0.1496
1.0826,-1.755747,-1.960697,1.849270,-1.488299,-1.580418,2.870942,-0.013415,-0.145040,0.266202,-0.156308,-0.034440,-0.018809,-0.7845,-1.2803,-0.6426,-0.5137,-0.1928,-0.1641
1.0922,-1.755832,-1.962140,1.852047,-1.489874,-1.580739,2.870730,-0.010749,-0.136290,0.283433,-0.155020,-0.033040,-0.014917,-0.6488,-1.1261,-0.4584,-0.5215,-0.2005,-0.1661
1.1023,-1.755935,-1.963483,1.854929,-1.491466,-1.581035,2.870626,-0.006844,-0.130361,0.292984,-0.162251,-0.033015,-0.011167,-0.6306,-1.1032,-0.5357,-0.4578,-0.1883,-0.1361
1.1123,-1.755951,-1.964736,1.857951,-1.493089,-1.581426,2.870533,-0.003368,-0.121278,0.304293,-0.160390,-0.032920,-0.005786,-0.6005,-1.1444,-0.6060,-0.5110,-0.1547,-0.1486
1.1223,-1.755948,-1.965920,1.861034,-1.494689,-1.581659,2.870509,-0.001234,-0.112057,0.312313,-0.163435,-0.030483,-0.001818,-0.4858,-1.1264,-0.6434,-0.5174,-0.1954,-0.1188
1.1323,-1.755990,-1.966980,1.864159,-1.496357,-1.581940,2.870532,-0.000193,-0.105134,0.316036,-0.164917,-0.030016,-0.000802,-0.3741,-1.0801,-0.6781,-0.5069,-0.2013,-0.1060
1.1423,-1.755955,-1.967953,1.867312,-1.497958,-1.582270,2.870501,-0.000000,-0.093896,0.315398,-0.165590,-0.029529,-0.000459,-0.1925,-1.1105,-0.8286,-0.5531,-0.2016,-0.0645
1.1524,-1.755951,-1.968861,1.870465,-1.499611,-1.582544,2.870494,0.001683,-0.083196,0.313473,-0.158055,-0.028335,-0.000054,-0.1799,-1.1704,-0.9584,-0.5624,-0.2292,-0.0293
1.1624,-1.755947,-1.969608,1.873583,-1.501164,-1.582792,2.870528,0.001593,-0.075684,0.306173,-0.160319,-0.027043,-0.000000,-0.0212,-1.2362,-0.9491,-0.5133,-0.2118,0.0198
1.1723,-1.755904,-1.970330,1.876580,-1.502700,-1.583099,2.870509,0.001934,-0.067651,0.297981,-0.151012,-0.027597,0.001327,0.0404,-1.2131,-1.1816,-0.5452,-0.2017,0.0200
1.1824,-1.755907,-1.970925,1.879529,-1.504176,-1.583362,2.870521,0.002361,-0.060258,0.288776,-0.145613,-0.024913,0.002278,0.1583,-1.2614,-1.2992,-0.5387,-0.2215,0.0381
1.1925,-1.755911,-1.971522,1.882324,-1.505612,-1.583599,2.870514,0.001990,-0.053611,0.279005,-0.137942,-0.025946,0.001569,0.1864,-1.2674,-1.1277,-0.5089,-0.2000,0.0213
1.2023,-1.755875,-1.971985,1.885051,-1.506940,-1.583843,2.870533,0.001706,-0.049780,0.268329,-0.126572,-0.024854,0.001320,0.1754,-1.1812,-1.0171,-0.5198,-0.1884,0.0149
1.2124,-1.755859,-1.972482,1.887713,-1.508174,-1.584082,2.870577,0.000951,-0.045919,0.261686,-0.118047,-0.024273,0.000736,0.1120,-1.1772,-0.9830,-0.5653,-0.1870,0.0427
1.2225,-1.755874,-1.972882,1.890279,-1.509276,-1.584322,2.870538,0.000609,-0.042121,0.255847,-0.110449,-0.023638,0.000357,0.1227,-1.3257,-1.0926,-0.5593,-0.1755,0.0302
1.2322,-1.755863,-1.973296,1.892845,-1.510325,-1.584531,2.870533,0.000418,-0.043364,0.246822,-0.099468,-0.023374,0.000256,0.0577,-1.4249,-1.1374,-0.5578,-0.1725,0.0156
1.2423,-1.755887,-1.973720,1.895272,-1.511264,-1.584802,2.870565,0.000108,-0.043856,0.239823,-0.089050,-0.024184,0.000199,0.0190,-1.4070,-1.1564,-0.5521,-0.1737,0.0094
1.2525,-1.755871,-1.974173,1.897619,-1.512069,-1.585065,2.870541,0.000043,-0.045742,0.231801,-0.080324,-0.021896,0.000132,-0.0150,-1.4761,-1.2998,-0.5259,-0.1819,-0.0326
1.2623,-1.755875,-1.974663,1.899859,-1.512829,-1.585251,2.870557,0.000000,-0.049520,0.219624,-0.068659,-0.023235,-0.000035,-0.1642,-1.5278,-1.0540,-0.5385,-0.1899,-0.0790
1.2724,-1.755891,-1.975169,1.902081,-1.513434,-1.585498,2.870526,-0.000777,-0.053858,0.216878,-0.057963,-0.024726,-0.001004,-0.1875,-1.6262,-1.1408,-0.5385,-0.1859,-0.0909
1.2823,-1.755880,-1.975759,1.904176,-1.513970,-1.585773,2.870517,-0.000779,-0.059821,0.208580,-0.048268,-0.025149,-0.001809,-0.3020,-1.5394,-1.2855,-0.5730,-0.2234,-0.1245
1.2924,-1.755895,-1.976389,1.906196,-1.514386,-1.585999,2.870528,-0.001317,-0.068754,0.192607,-0.041196,-0.027200,-0.003800,-0.3114,-1.7440,-1.4102,-0.5738,-0.2142,-0.1342
1.3024,-1.755907,-1.977067,1.908059,-1.514739,-1.586305,2.870457,-0.002101,-0.071629,0.181557,-0.036799,-0.029432,-0.004688,-0.3936,-1.8719,-1.3698,-0.5571,-0.2110,-0.1617
1.3124,-1.755950,-1.977823,1.909845,-1.515071,-1.586621,2.870429,-0.002077,-0.080465,0.167720,-0.029515,-0.031284,-0.004761,-0.5927,-1.6951,-1.5030,-0.5646,-0.2354,-0.1733
1.3226,-1.755959,-1.978665,1.911413,-1.515293,-1.586901,2.870401,-0.003068,-0.087721,0.152088,-0.020851,-0.032685,-0.005114,-0.5669,-1.5726,-1.5665,-0.6045,-0.2048,-0.1425
1.3323,-1.756010,-1.979537,1.912850,-1.515466,-1.587246,2.870298,-0.004041,-0.089204,0.135365,-0.016708,-0.033950,-0.005556,-0.6429,-1.6384,-1.7118,-0.5880,-0.1956,-0.1607
1.3422,-1.756051,-1.980449,1.914058,-1.515634,-1.587616,2.870284,-0.005861,-0.091890,0.114747,-0.012275,-0.035618,-0.005659,-0.6981,-1.6560,-1.5487,-0.5619,-0.1936,-0.1581
1.3522,-1.756115,-1.981382,1.915098,-1.515710,-1.587951,2.870218,-0.007839,-0.093798,0.098292,-0.004880,-0.034248,-0.005513,-0.7241,-1.5906,-1.5872,-0.5558,-0.1651,-0.1555
1.3623,-1.756214,-1.982355,1.915969,-1.515694,-1.588306,2.870181,-0.009174,-0.093776,0.079920,-0.001122,-0.032786,-0.005076,-0.7804,-1.4155,-1.7210,-0.5636,-0.1808,-0.1622
1.3723,-1.756306,-1.983287,1.916683,-1.515687,-1.588590,2.870129,-0.012064,-0.094482,0.060121,-0.000593,-0.031154,-0.003926,-0.8281,-1.3559,-1.6424,-0.5284,-0.1994,-0.1602
1.3824,-1.756441,-1.984189,1.917136,-1.515706,-1.588890,2.870085,-0.014938,-0.089150,0.043944,-0.000403,-0.030196,-0.004086,-0.7122,-1.2464,-1.7009,-0.4726,-0.1913,-0.1469
1.3923,-1.756585,-1.985089,1.917492,-1.515691,-1.589240,2.870053,-0.016489,-0.084196,0.026041,-0.000092,-0.029046,-0.003858,-0.9130,-1.3755,-1.8502,-0.4287,-0.1920,-0.1776
1.4022,-1.756753,-1.985930,1.917630,-1.515691,-1.589484,2.870005,-0.019212,-0.080228,0.011633,-0.000000,-0.027187,-0.003521,-0.8961,-1.2197,-1.9313,-0.3774,-0.2220,-0.1504
1.4124,-1.756956,-1.986704,1.917630,-1.515685,-1.589716,2.869984,-0.022000,-0.075346,-0.011008,0.002409,-0.025946,-0.003536,-0.9021,-1.1734,-2.6101,-0.3427,-0.2094,-0.1424
1.4224,-1.757201,-1.987383,1.917447,-1.515689,-1.590002,2.869961,-0.026958,-0.069212,-0.024201,0.001619,-0.024321,-0.002995,-1.0423,-1.2613,-2.8507,-0.2963,-0.2159,-0.1578
1.4323,-1.757524,-1.988092,1.917151,-1.515682,-1.590273,2.869933,-0.033535,-0.064667,-0.033902,0.003098,-0.023372,-0.002462,-1.1302,-1.1452,-2.8565,-0.2151,-0.2052,-0.1583
1.4424,-1.757910,-1.988729,1.916784,-1.515626,-1.590450,2.869893,-0.039318,-0.059175,-0.041249,0.006674,-0.022208,-0.002935,-1.2408,-1.0581,-2.9484,-0.1717,-0.1883,-0.1539
1.4525,-1.758373,-1.989288,1.916356,-1.515542,-1.590680,2.869862,-0.048181,-0.056156,-0.047242,0.009419,-0.018838,-0.002472,-1.2428,-0.9045,-3.0113,-0.1882,-0.1785,-0.1648
1.4623,-1.758892,-1.989810,1.915830,-1.515466,-1.590864,2.869861,-0.057703,-0.048546,-0.053019,0.009231,-0.017344,-0.002030,-1.2628,-1.0287,-3.0386,-0.1486,-0.1892,-0.1431
1.4724,-1.759554,-1.990261,1.915267,-1.515367,-1.591035,2.869840,-0.067465,-0.043197,-0.059491,0.010606,-0.015084,-0.002029,-1.2681,-1.1065,-3.0061,-0.1320,-0.1838,-0.1525
1.4827,-1.760257,-1.990664,1.914647,-1.515244,-1.591190,2.869825,-0.075919,-0.038910,-0.067773,0.011460,-0.013856,-0.001579,-1.2447,-1.0348,-2.8688,-0.1326,-0.1808,-0.1549
1.4923,-1.761068,-1.991066,1.913956,-1.515132,-1.591279,2.869816,-0.090470,-0.035863,-0.073190,0.010113,-0.011659,-0.001754,-1.1082,-1.0766,-3.1931,-0.1328,-0.1675,-0.1601
1.5023,-1.761983,-1.991381,1.913197,-1.515055,-1.591379,2.869801,-0.094415,-0.030880,-0.079634,0.010240,-0.009628,-0.001268,-1.2943,-1.2172,-3.2469,-0.1549,-0.1616,-0.1549
1.5124,-1.763024,-1.991704,1.912327,-1.514975,-1.591467,2.869777,-0.104536,-0.030064,-0.087605,0.010693,-0.006826,-0.001328,-1.0948,-1.0345,-3.2364,-0.1301,-0.1643,-0.1580
1.5224,-1.764057,-1.991983,1.911401,-1.514884,-1.591557,2.869780,-0.109479,-0.027549,-0.096153,0.010141,-0.006551,-0.001391,-1.2579,-1.0904,-3.2330,-0.1301,-0.1363,-0.1515
1.5323,-1.765156,-1.992258,1.910363,-1.514783,-1.591567,2.869749,-0.116241,-0.024829,-0.106979,0.010670,-0.004938,-0.001145,-1.0365,-1.1455,-3.1411,-0.1409,-0.1379,-0.1518
1.5424,-1.766331,-1.992435,1.909253,-1.514692,-1.591648,2.869757,-0.117552,-0.022033,-0.114021,0.009493,-0.004165,-0.001129,-1.1286,-1.1163,-3.2883,-0.1348,-0.1518,-0.1368
1.5525,-1.767499,-1.992689,1.908092,-1.514609,-1.591650,2.869733,-0.119275,-0.019970,-0.125122,0.008857,-0.003201,-0.000816,-0.9634,-1.1192,-3.2713,-0.1053,-0.1338,-0.1411
1.5623,-1.768706,-1.992892,1.906817,-1.514547,-1.591686,2.869729,-0.118892,-0.017993,-0.129527,0.009494,-0.002760,-0.000662,-1.0269,-1.1301,-3.3188,-0.1206,-0.1542,-0.1507
1.5723,-1.769901,-1.993063,1.905427,-1.514444,-1.591668,2.869725,-0.117339,-0.016226,-0.139183,0.007223,-0.002431,-0.001340,-0.9198,-1.1156,-3.1420,-0.1197,-0.1585,-0.1503
1.5823,-1.771080,-1.993192,1.903988,-1.514412,-1.591727,2.869708,-0.115001,-0.014564,-0.146423,0.006401,-0.002011,-0.002725,-0.9097,-1.0837,-3.0933,-0.1053,-0.1460,-0.1575
1.5923,-1.772196,-1.993362,1.902478,-1.514333,-1.591770,2.869712,-0.114721,-0.013316,-0.148987,0.007201,-0.002244,-0.002667,-0.8682,-1.0931,-3.2536,-0.1283,-0.1371,-0.1823
1.6023,-1.773351,-1.993474,1.900990,-1.514295,-1.591773,2.869688,-0.114283,-0.011616,-0.153691,0.007730,-0.001586,-0.002349,-0.7895,-1.1350,-3.1818,-0.0982,-0.1465,-0.1659
1.6122,-1.774483,-1.993585,1.899422,-1.514161,-1.591790,2.869610,-0.109911,-0.011082,-0.156654,0.008570,-0.001618,-0.002581,-0.6885,-1.0620,-2.9707,-0.1175,-0.1434,-0.1668
1.6224,-1.775515,-1.993685,1.897832,-1.514108,-1.591781,2.869609,-0.103699,-0.008832,-0.155880,0.007343,-0.000708,-0.002506,-0.9182,-1.0654,-3.1444,-0.1047,-0.1562,-0.1518
1.6323,-1.776558,-1.993750,1.896285,-1.514057,-1.591802,2.869565,-0.100726,-0.007008,-0.152061,0.008067,-0.001260,-0.003069,-0.9515,-0.9306,-3.0916,-0.0926,-0.1302,-0.1568
1.6425,-1.777573,-1.993798,1.894790,-1.514004,-1.591830,2.869545,-0.097864,-0.003965,-0.149473,0.007122,-0.000830,-0.003043,-0.8541,-0.7827,-3.0065,-0.0998,-0.1357,-0.1684
1.6524,-1.778519,-1.993822,1.893318,-1.513932,-1.591814,2.869544,-0.093634,-0.002055,-0.144997,0.006448,-0.000684,-0.003789,-0.9846,-0.7441,-2.9144,-0.0955,-0.1351,-0.1789
1.6627,-1.779485,-1.993857,1.891887,-1.513872,-1.591826,2.869473,-0.090696,-0.000756,-0.137315,0.004648,-0.000511,-0.004139,-0.9296,-0.6902,-2.9731,-0.1052,-0.1268,-0.1833
1.6723,-1.780356,-1.993841,1.890580,-1.513848,-1.591842,2.869472,-0.086321,-0.000000,-0.132511,0.004295,-0.000521,-0.004853,-0.9124,-0.5614,-2.8866,-0.1029,-0.1270,-0.1687
1.6823,-1.781220,-1.993805,1.889308,-1.513809,-1.591822,2.869420,-0.083131,0.001396,-0.124207,0.004092,-0.000674,-0.005236,-0.7453,-0.4773,-2.8980,-0.0892,-0.1230,-0.1877
1.6922,-1.782039,-1.993763,1.888093,-1.513771,-1.591834,2.869353,-0.077393,0.003889,-0.118256,0.002693,-0.000474,-0.004528,-0.8647,-0.5044,-2.7731,-0.0929,-0.1129,-0.1853
1.7022,-1.782752,-1.993742,1.886942,-1.513737,-1.591822,2.869303,-0.072329,0.003549,-0.108866,0.001736,-0.000384,-0.005295,-0.9298,-0.3743,-2.8001,-0.0869,-0.1077,-0.1858
1.7123,-1.783452,-1.993721,1.885934,-1.513732,-1.591834,2.869221,-0.068055,0.004286,-0.100341,0.002606,-0.000294,-0.005719,-0.8310,-0.2935,-2.5916,-0.0906,-0.1121,-0.1794
1.7223,-1.784170,-1.993682,1.884990,-1.513720,-1.591845,2.869188,-0.064722,0.003877,-0.089942,0.002036,-0.000272,-0.005654,-0.8189,-0.1798,-2.7902,-0.0755,-0.1063,-0.1940
1.7322,-1.784779,-1.993627,1.884170,-1.513692,-1.591838,2.869160,-0.059284,0.004558,-0.081422,0.001911,-0.000208,-0.005511,-0.8348,-0.1818,-2.7386,-0.0801,-0.0875,-0.1987
1.7423,-1.785334,-1.993579,1.883359,-1.513680,-1.591838,2.869096,-0.054547,0.004682,-0.073569,0.001613,-0.000173,-0.006278,-0.7361,-0.1803,-2.6183,-0.0902,-0.0640,-0.2084
1.7524,-1.785862,-1.993535,1.882703,-1.513660,-1.591884,2.869001,-0.048770,0.004687,-0.063602,0.001607,-0.000032,-0.006316,-0.9118,-0.1859,-2.7351,-0.0908,-0.0390,-0.1806
1.7624,-1.786323,-1.993491,1.882146,-1.513648,-1.591838,2.868957,-0.046893,0.005169,-0.054265,0.001070,-0.000000,-0.006402,-0.8287,-0.1127,-2.6777,-0.0984,0.0068,-0.1862
1.7722,-1.786767,-1.993431,1.881671,-1.513632,-1.591814,2.868928,-0.043559,0.005326,-0.046197,0.000665,0.001947,-0.006719,-0.8619,-0.0841,-2.7365,-0.1206,0.0254,-0.1819
1.7824,-1.787190,-1.993379,1.881227,-1.513666,-1.591759,2.868857,-0.039556,0.005573,-0.039765,0.000455,0.002840,-0.005565,-0.8139,-0.0949,-2.7021,-0.1436,0.0533,-0.1830
1.7924,-1.787570,-1.993332,1.880851,-1.513655,-1.591758,2.868800,-0.037172,0.006461,-0.033416,0.000346,0.003618,-0.004685,-0.7823,-0.0662,-2.6408,-0.1868,0.0738,-0.2021
1.8025,-1.787953,-1.993260,1.880598,-1.513632,-1.591730,2.868740,-0.034468,0.006305,-0.027361,0.000244,0.004989,-0.004481,-0.7755,0.0259,-2.6693,-0.2481,0.0649,-0.2060
1.8123,-1.788242,-1.993247,1.880343,-1.513648,-1.591658,2.868739,-0.031265,0.007228,-0.021502,0.000002,0.005672,-0.004750,-0.7980,0.0168,-2.6739,-0.3147,0.0777,-0.1948
1.8226,-1.788554,-1.993125,1.880151,-1.513648,-1.591607,2.868660,-0.029206,0.007290,-0.016847,-0.002469,0.006486,-0.005419,-0.7986,0.0573,-2.7036,-0.3515,0.0760,-0.1715
1.8323,-1.788833,-1.993045,1.880023,-1.513668,-1.591585,2.868628,-0.026651,0.008233,-0.013209,-0.003517,0.006567,-0.004324,-0.8357,-0.0901,-2.7772,-0.4078,0.0896,-0.1778
1.8423,-1.789079,-1.992970,1.879911,-1.513720,-1.591506,2.868572,-0.025942,0.007716,-0.008110,-0.005005,0.007460,-0.003352,-0.7979,0.0212,-2.6470,-0.4330,0.1116,-0.1762
1.8523,-1.789349,-1.992893,1.879863,-1.513783,-1.591459,2.868533,-0.023967,0.008359,-0.002532,-0.006944,0.007879,-0.003685,-0.8645,-0.0375,-2.6588,-0.4609,0.0940,-0.1771
1.8623,-1.789577,-1.992821,1.879864,-1.513839,-1.591414,2.868500,-0.022529,0.009407,-0.000879,-0.006174,0.006753,-0.002862,-0.8509,0.0031,-2.6695,-0.4755,0.0975,-0.1788
1.8723,-1.789786,-1.992741,1.879894,-1.513880,-1.591323,2.868496,-0.021524,0.008938,-0.000484,-0.007074,0.006075,-0.003622,-0.7726,0.0845,-2.6871,-0.5019,0.0958,-0.1701
1.8824,-1.789986,-1.992626,1.879879,-1.514002,-1.591296,2.868452,-0.021333,0.008849,-0.000447,-0.007456,0.004934,-0.002830,-0.7457,0.0119,-2.8106,-0.5001,0.0945,-0.1901
1.8922,-1.790205,-1.992515,1.879850,-1.514012,-1.591247,2.868444,-0.021068,0.009269,-0.007634,-0.009244,0.002746,-0.003886,-0.7799,-0.0387,-3.1346,-0.5436,0.1136,-0.1737
1.9023,-1.790429,-1.992450,1.879720,-1.514118,-1.591251,2.868373,-0.021005,0.009519,-0.016085,-0.009606,0.003140,-0.004034,-0.8173,-0.0247,-3.1529,-0.5644,0.0925,-0.1898
1.9122,-1.790625,-1.992351,1.879479,-1.514223,-1.591215,2.868309,-0.022076,0.010278,-0.023817,-0.011251,0.002047,-0.004321,-0.8344,-0.0379,-3.0988,-0.5363,0.0964,-0.1920
1.9224,-1.790857,-1.992275,1.879204,-1.514362,-1.591219,2.868280,-0.023578,0.010951,-0.030440,-0.011431,0.001223,-0.005589,-0.7837,-0.0307,-3.1074,-0.5422,0.0966,-0.1788
1.9322,-1.791085,-1.992148,1.878846,-1.514427,-1.591204,2.868205,-0.023648,0.011201,-0.038232,-0.010458,0.000910,-0.005692,-0.8867,-0.0303,-3.0489,-0.5711,0.0892,-0.1792
1.9423,-1.791344,-1.992018,1.878449,-1.514523,-1.591226,2.868192,-0.023949,0.010698,-0.043321,-0.011018,0.000659,-0.005332,-0.9065,0.0160,-3.0707,-0.5709,0.0816,-0.1865
1.9524,-1.791577,-1.991921,1.877955,-1.514655,-1.591172,2.868119,-0.026189,0.010884,-0.048229,-0.012038,0.000473,-0.005770,-0.8861,0.1021,-3.1391,-0.5511,0.0852,-0.1848
1.9623,-1.791856,-1.991813,1.877525,-1.514758,-1.591207,2.868075,-0.026973,0.011815,-0.055233,-0.010347,0.000185,-0.006597,-0.8450,-0.0053,-3.0791,-0.5479,0.0511,-0.1823
1.9724,-1.792085,-1.991728,1.876926,-1.514853,-1.591211,2.867972,-0.027766,0.011105,-0.060450,-0.009703,0.000094,-0.008499,-0.8106,0.0914,-3.2035,-0.5543,0.0203,-0.1809
1.9824,-1.792412,-1.991574,1.876225,-1.514915,-1.591192,2.867904,-0.027816,0.012239,-0.066608,-0.008480,0.000010,-0.009755,-0.8311,-0.0172,-3.0951,-0.5690,-0.0014,-0.1872
1.9926,-1.792683,-1.991458,1.875521,-1.515014,-1.591211,2.867733,-0.030384,0.011105,-0.074750,-0.008907,-0.001385,-0.013623,-0.8928,0.0349,-3.1950,-0.5670,-0.0361,-0.1860
2.0023,-1.792964,-1.991335,1.874758,-1.515071,-1.591231,2.867620,-0.032721,0.011064,-0.079989,-0.006317,-0.001150,-0.014471,-0.8798,-0.0771,-3.3283,-0.5759,-0.0592,-0.2057
2.0125,-1.793296,-1.991219,1.873890,-1.515165,-1.591235,2.867440,-0.035899,0.010566,-0.085877,-0.004633,-0.002197,-0.019235,-0.7992,-0.0226,-3.0866,-0.5742,-0.0846,-0.1993
2.0225,-1.793698,-1.991139,1.872977,-1.515190,-1.591270,2.867221,-0.038516,0.009942,-0.091218,-0.005460,-0.003257,-0.024930,-0.9157,0.1129,-3.0930,-0.5621,-0.0971,-0.2061
2.0324,-1.794087,-1.991024,1.872090,-1.515230,-1.591280,2.866939,-0.041711,0.009975,-0.094906,-0.003622,-0.004199,-0.033606,-0.8444,0.0396,-3.1574,-0.5702,-0.0985,-0.2007
2.0431,-1.794494,-1.990924,1.871100,-1.515266,-1.591312,2.866556,-0.043967,0.009681,-0.097469,-0.003312,-0.004790,-0.040381,-0.8926,-0.0260,-3.0957,-0.5691,-0.0829,-0.2132
2.0523,-1.794950,-1.990855,1.870070,-1.515298,-1.591328,2.866076,-0.046777,0.008916,-0.099273,-0.002901,-0.003839,-0.049963,-1.0097,-0.0177,-3.0896,-0.5699,-0.0951,-0.1948
2.0625,-1.795449,-1.990718,1.869093,-1.515310,-1.591410,2.865520,-0.051205,0.008518,-0.100075,-0.002709,-0.003419,-0.055050,-1.0332,-0.0285,-2.9481,-0.5670,-0.1029,-0.2555
2.0724,-1.796001,-1.990653,1.868086,-1.515338,-1.591427,2.864895,-0.056809,0.008084,-0.099831,-0.002365,-0.003908,-0.068771,-0.9564,-0.0183,-2.9481,-0.5464,-0.1247,-0.2498
2.0824,-1.796573,-1.990562,1.867106,-1.515339,-1.591436,2.864089,-0.061267,0.006277,-0.096766,-0.001168,-0.002967,-0.079139,-0.9836,0.0474,-2.8552,-0.5351,-0.1349,-0.2368
2.0926,-1.797224,-1.990533,1.866167,-1.515370,-1.591502,2.863235,-0.069721,0.005913,-0.092111,-0.001031,-0.003989,-0.092896,-0.9956,0.0997,-2.9189,-0.5571,-0.1212,-0.2511
2.1025,-1.797963,-1.990486,1.865259,-1.515370,-1.591514,2.862208,-0.078950,0.004427,-0.087636,-0.000681,-0.003282,-0.104331,-0.9036,0.1256,-2.9303,-0.5592,-0.1132,-0.2660
2.1124,-1.798766,-1.990441,1.864392,-1.515398,-1.591563,2.861087,-0.083038,0.004231,-0.084486,-0.000556,-0.003387,-0.119127,-1.0210,0.0668,-2.8883,-0.5269,-0.1167,-0.2773
2.1228,-1.799642,-1.990414,1.863581,-1.515363,-1.591570,2.859802,-0.088985,0.003969,-0.079077,-0.000310,-0.003453,-0.131535,-1.2706,0.1636,-2.8416,-0.5260,-0.1073,-0.2559
2.1323,-1.800605,-1.990354,1.862852,-1.515386,-1.591598,2.858407,-0.099066,0.003698,-0.071537,-0.000276,-0.002719,-0.141001,-1.1629,0.0846,-2.7900,-0.5259,-0.1225,-0.2486
2.1423,-1.801633,-1.990311,1.862191,-1.515382,-1.591622,2.856945,-0.105761,0.002969,-0.067081,-0.000220,-0.003180,-0.149722,-1.2831,0.0474,-2.6441,-0.5202,-0.1251,-0.2500
2.1525,-1.802775,-1.990322,1.861544,-1.515367,-1.591634,2.855325,-0.113284,0.002475,-0.059551,-0.000183,-0.002248,-0.156220,-1.1556,0.0516,-2.7878,-0.5265,-0.1314,-0.2674
2.1624,-1.803974,-1.990286,1.860985,-1.515379,-1.591674,2.853766,-0.123831,0.002686,-0.051412,-0.000156,-0.002171,-0.162007,-1.1995,0.0935,-2.7737,-0.4858,-0.1523,-0.2658
2.1724,-1.805262,-1.990278,1.860513,-1.515379,-1.591694,2.852087,-0.131316,0.002199,-0.046068,-0.000137,-0.003713,-0.170347,-1.1901,0.0714,-2.6747,-0.4436,-0.1555,-0.2251
2.1822,-1.806633,-1.990258,1.860104,-1.515393,-1.591723,2.850369,-0.136906,0.001313,-0.039718,-0.000101,-0.003305,-0.172544,-1.1716,0.0927,-2.7709,-0.4268,-0.1454,-0.2590
2.1924,-1.808127,-1.990207,1.859764,-1.515386,-1.591797,2.848573,-0.157227,0.003514,-0.033560,-0.000077,-0.006309,-0.180257,-1.5748,0.1385,-2.7314,-0.4296,-0.1678,-0.2490
2.2024,-1.809775,-1.990203,1.859433,-1.515374,-1.591818,2.846823,-0.168275,0.001530,-0.028266,-0.000054,-0.006786,-0.186536,-1.5504,0.1865,-2.6811,-0.4071,-0.2091,-0.2342
2.2125,-1.811569,-1.990191,1.859200,-1.515374,-1.591917,2.844935,-0.182908,0.002141,-0.023516,0.000045,-0.011518,-0.189859,-1.5856,0.0655,-2.7595,-0.3794,-0.1983,-0.2265
2.2225,-1.813523,-1.990191,1.858953,-1.515355,-1.592029,2.843061,-0.198201,0.001171,-0.019635,0.000078,-0.014046,-0.195077,-1.8400,0.1868,-2.8013,-0.3602,-0.1996,-0.2294
2.2323,-1.815605,-1.990151,1.858817,-1.515355,-1.592165,2.841128,-0.216961,0.001694,-0.016282,0.000452,-0.014896,-0.195476,-1.7562,-0.0176,-2.7712,-0.3298,-0.2048,-0.2772
2.2423,-1.817868,-1.990166,1.858661,-1.515374,-1.592383,2.839107,-0.230910,0.000681,-0.013529,0.000641,-0.019296,-0.199981,-1.8768,-0.0584,-2.8392,-0.3244,-0.2126,-0.2387
2.2523,-1.820273,-1.990147,1.858530,-1.515315,-1.592591,2.837140,-0.245732,0.000245,-0.011657,0.000569,-0.022998,-0.195199,-1.7395,-0.0967,-2.7998,-0.3136,-0.2477,-0.2505
2.2623,-1.822807,-1.990154,1.858430,-1.515315,-1.592890,2.835111,-0.263552,-0.000172,-0.011012,0.000511,-0.030425,-0.196158,-1.8191,-0.1438,-2.8991,-0.3122,-0.2533,-0.2211
2.2724,-1.825508,-1.990154,1.858321,-1.515307,-1.593247,2.833152,-0.280712,-0.000235,-0.011181,0.000809,-0.037411,-0.195784,-1.5706,-0.2081,-2.8375,-0.2822,-0.2793,-0.2651
2.2825,-1.828346,-1.990179,1.858193,-1.515338,-1.593691,2.831173,-0.288896,-0.001347,-0.012632,0.000925,-0.048017,-0.193025,-1.6357,-0.3313,-2.8523,-0.2800,-0.2418,-0.2412
2.2923,-1.831339,-1.990183,1.858022,-1.515298,-1.594206,2.829197,-0.315526,-0.000767,-0.025217,0.000674,-0.061934,-0.200822,-2.0043,-0.3786,-3.2086,-0.2883,-0.3375,-0.2551
2.3023,-1.834652,-1.990147,1.857746,-1.515274,-1.595002,2.827183,-0.336157,-0.000693,-0.038129,0.003433,-0.082755,-0.201817,-2.2305,-0.6200,-3.4433,-0.2971,-0.3585,-0.2769
2.3125,-1.838194,-1.990194,1.857254,-1.515235,-1.595998,2.825059,-0.356920,-0.001442,-0.056472,0.004928,-0.100906,-0.209966,-1.9793,-0.6756,-3.5745,-0.2795,-0.3431,-0.2498
2.3222,-1.841918,-1.990199,1.856494,-1.515187,-1.597159,2.822977,-0.376614,-0.002430,-0.082669,0.005907,-0.125865,-0.213099,-2.0811,-0.7052,-3.8494,-0.2562,-0.3835,-0.2965
2.3324,-1.845768,-1.990211,1.855542,-1.515091,-1.598628,2.820780,-0.394274,-0.002446,-0.112556,0.012236,-0.152907,-0.221360,-1.9078,-0.8119,-3.9111,-0.2560,-0.3596,-0.2644
2.3423,-1.849769,-1.990238,1.854211,-1.514995,-1.600353,2.818535,-0.401524,-0.005917,-0.142378,0.012784,-0.175969,-0.227798,-1.8462,-0.8579,-4.0904,-0.1919,-0.3577,-0.2644
2.3524,-1.853782,-1.990305,1.852550,-1.514848,-1.602261,2.816332,-0.404332,-0.003962,-0.173046,0.014520,-0.200988,-0.228622,-1.7741,-1.0901,-4.1742,-0.1947,-0.3728,-0.2819
2.3623,-1.857803,-1.990310,1.850588,-1.514735,-1.604442,2.813988,-0.408703,-0.004043,-0.208942,0.017902,-0.222428,-0.233722,-1.5079,-1.1371,-4.1040,-0.2155,-0.3962,-0.2574
2.3723,-1.861838,-1.990346,1.848215,-1.514509,-1.606858,2.811698,-0.406079,-0.005547,-0.250582,0.021468,-0.249934,-0.242982,-1.2495,-1.1090,-4.2303,-0.1776,-0.3462,-0.2526
2.3824,-1.865825,-1.990406,1.845496,-1.514305,-1.609396,2.809273,-0.393458,-0.004250,-0.285514,0.026516,-0.267457,-0.241267,-1.2997,-1.0808,-4.0971,-0.1425,-0.3524,-0.2742
2.3925,-1.869732,-1.990434,1.842368,-1.513998,-1.612199,2.806788,-0.380018,-0.006774,-0.333365,0.033715,-0.293647,-0.249049,-1.4155,-1.2915,-4.4830,-0.1664,-0.4001,-0.2754
2.4025,-1.873590,-1.990513,1.838807,-1.513610,-1.615211,2.804232,-0.368610,-0.002764,-0.372951,0.043256,-0.311121,-0.256965,-1.3372,-1.3509,-4.7328,-0.1913,-0.3745,-0.2618
2.4123,-1.877214,-1.990561,1.834758,-1.513154,-1.618393,2.801619,-0.349427,-0.003045,-0.414380,0.050471,-0.324059,-0.258698,-1.1978,-1.2484,-4.3597,-0.1042,-0.3590,-0.3000
2.4223,-1.880586,-1.990573,1.830419,-1.512607,-1.621736,2.799010,-0.330263,-0.001709,-0.451119,0.061381,-0.335313,-0.259696,-1.2105,-1.3810,-4.3383,-0.0771,-0.3496,-0.2994
2.4321,-1.883760,-1.990585,1.825760,-1.511899,-1.625181,2.796305,-0.311260,-0.002401,-0.480839,0.076790,-0.341254,-0.265903,-1.0878,-1.2816,-4.4245,-0.1060,-0.3621,-0.2637
2.4426,-1.886700,-1.990609,1.820798,-1.511103,-1.628762,2.793601,-0.290477,-0.001747,-0.507763,0.084109,-0.341690,-0.268361,-1.1297,-1.3226,-4.4994,-0.1174,-0.3591,-0.2524
2.4522,-1.889447,-1.990657,1.815474,-1.510195,-1.632162,2.790967,-0.269065,-0.003290,-0.535056,0.092608,-0.338889,-0.267105,-0.7508,-1.2148,-4.3529,-0.1284,-0.3418,-0.2646
2.4623,-1.891967,-1.990708,1.809982,-1.509252,-1.635557,2.788381,-0.245563,-0.002264,-0.555542,0.103585,-0.334244,-0.261705,-0.7452,-1.1407,-4.0998,-0.0856,-0.3550,-0.2701
2.4724,-1.894257,-1.990768,1.804277,-1.508074,-1.638942,2.785777,-0.220578,-0.004403,-0.575934,0.115473,-0.333899,-0.256608,-0.6240,-1.0085,-3.7800,-0.0796,-0.3287,-0.2389
2.4825,-1.896325,-1.990773,1.798434,-1.506913,-1.642225,2.783295,-0.195073,-0.002503,-0.587739,0.123102,-0.323095,-0.252671,-0.5442,-1.0054,-3.6956,-0.0716,-0.2697,-0.2149
2.4924,-1.898146,-1.990812,1.792462,-1.505571,-1.645313,2.780859,-0.168618,-0.005272,-0.610134,0.136550,-0.314011,-0.242929,-0.5483,-1.1200,-4.0467,-0.0524,-0.2921,-0.2455
2.5023,-1.899712,-1.990824,1.786278,-1.504048,-1.648384,2.778572,-0.144515,-0.000672,-0.622999,0.155483,-0.303371,-0.230901,-0.4614,-1.2256,-4.1915,-0.1238,-0.2143,-0.2128
2.5124,-1.901021,-1.990879,1.779991,-1.502512,-1.651268,2.776239,-0.119286,-0.001870,-0.637606,0.166086,-0.286122,-0.221283,-0.5223,-0.9841,-3.8172,-0.0490,-0.2081,-0.1796
2.5223,-1.902115,-1.990864,1.773537,-1.500777,-1.654026,2.774138,-0.098055,-0.000485,-0.643814,0.176793,-0.267605,-0.203714,-0.5196,-1.1211,-3.7610,-0.0517,-0.1722,-0.2202
2.5324,-1.902998,-1.990884,1.767088,-1.498921,-1.656554,2.772187,-0.079273,-0.000775,-0.649278,0.190254,-0.241928,-0.188055,-0.5280,-0.7824,-3.6731,-0.0455,-0.2234,-0.2204
2.5424,-1.903692,-1.990872,1.760569,-1.496946,-1.658868,2.770396,-0.059852,-0.000000,-0.651445,0.198932,-0.215989,-0.172557,-0.5876,-0.8419,-3.7703,-0.0541,-0.2220,-0.2047
2.5524,-1.904228,-1.990865,1.754023,-1.494903,-1.660879,2.768824,-0.045671,0.000393,-0.652024,0.204892,-0.195468,-0.152175,-0.4976,-0.5817,-3.5739,-0.0854,-0.1780,-0.1869
2.5623,-1.904584,-1.990836,1.747505,-1.492865,-1.662694,2.767393,-0.032370,0.004099,-0.650343,0.206214,-0.169156,-0.136736,-0.5063,-0.4374,-3.5855,-0.0142,-0.2215,-0.1886
2.5724,-1.904868,-1.990809,1.740952,-1.490741,-1.664277,2.766098,-0.022525,0.006584,-0.650962,0.211047,-0.148280,-0.118662,-0.5096,-0.1019,-3.5226,-0.0354,-0.1954,-0.1681
2.5823,-1.905030,-1.990717,1.734487,-1.488680,-1.665610,2.765035,-0.014023,0.012590,-0.645458,0.210323,-0.126377,-0.099397,-0.4863,-0.0002,-3.2682,-0.0265,-0.1957,-0.1758
2.5923,-1.905114,-1.990569,1.728104,-1.486605,-1.666728,2.764144,-0.005118,0.018269,-0.632373,0.210701,-0.105627,-0.087232,-0.3291,0.2456,-3.2440,-0.0743,-0.2357,-0.1472
2.6026,-1.905098,-1.990402,1.721836,-1.484529,-1.667677,2.763344,0.003868,0.022538,-0.612142,0.208636,-0.089618,-0.071021,-0.1892,0.5125,-3.1055,-0.0476,-0.1742,-0.1715
2.6122,-1.905057,-1.990179,1.715849,-1.482558,-1.668481,2.762712,0.008408,0.026690,-0.584703,0.199550,-0.067087,-0.057950,-0.0053,0.6587,-2.5824,-0.0084,-0.2315,-0.1567
2.6224,-1.904970,-1.989865,1.710170,-1.480615,-1.669082,2.762177,0.009730,0.032021,-0.547336,0.192087,-0.053140,-0.046431,0.2782,0.9688,-2.3420,-0.0227,-0.1955,-0.1595
2.6324,-1.904846,-1.989546,1.704950,-1.478790,-1.669538,2.761804,0.011964,0.041304,-0.505588,0.179537,-0.041230,-0.034940,0.3194,1.0831,-2.1400,-0.0393,-0.2183,-0.1555
2.6424,-1.904702,-1.989119,1.700189,-1.477034,-1.669870,2.761520,0.014111,0.045993,-0.456282,0.168711,-0.030704,-0.025882,0.3790,1.2760,-2.1111,-0.0555,-0.2001,-0.1740
2.6523,-1.904569,-1.988567,1.695980,-1.475473,-1.670117,2.761258,0.012662,0.055028,-0.403830,0.152488,-0.020727,-0.018449,0.3289,1.1615,-1.9589,-0.0522,-0.2231,-0.1773
2.6623,-1.904462,-1.987968,1.692211,-1.474030,-1.670215,2.761133,0.011497,0.060823,-0.349719,0.135419,-0.011926,-0.011947,0.3640,1.2127,-1.9023,-0.0528,-0.2171,-0.1621
2.6723,-1.904382,-1.987311,1.689035,-1.472754,-1.670330,2.761057,0.010481,0.067068,-0.296101,0.121581,-0.002540,-0.003601,0.3624,1.2160,-1.8386,-0.0615,-0.1443,-0.1157
2.6822,-1.904285,-1.986605,1.686432,-1.471578,-1.670318,2.761065,0.009426,0.072374,-0.243636,0.109152,-0.000143,-0.000617,0.3341,1.1521,-1.8165,-0.0855,-0.0179,-0.0397
2.6924,-1.904217,-1.985772,1.684306,-1.470593,-1.670251,2.761065,0.006158,0.090806,-0.187126,0.094569,0.006198,0.004395,0.2759,1.3416,-1.8733,-0.0920,0.0639,-0.0024
2.7025,-1.904126,-1.984848,1.682720,-1.469785,-1.670186,2.761148,0.005722,0.096488,-0.141673,0.078060,0.012586,0.006420,0.3181,1.4743,-1.7095,-0.0699,0.0937,0.0444
2.7124,-1.904121,-1.983777,1.681547,-1.469017,-1.670050,2.761176,0.003803,0.107806,-0.098181,0.064943,0.013455,0.009024,0.3716,1.4290,-1.9402,-0.0986,0.1225,0.0708
2.7224,-1.904065,-1.982641,1.680783,-1.468417,-1.669919,2.761245,0.002947,0.121314,-0.060473,0.055028,0.015684,0.010138,0.3686,1.8049,-1.8548,-0.0959,0.1275,0.0847
2.7323,-1.904054,-1.981314,1.680389,-1.467913,-1.669760,2.761332,0.002586,0.138903,-0.027554,0.042450,0.018052,0.011122,0.4346,1.5189,-1.7364,-0.0925,0.1451,0.0891
2.7423,-1.904018,-1.979828,1.680328,-1.467556,-1.669623,2.761425,0.003756,0.154318,0.008667,0.033042,0.020135,0.012542,0.3567,1.5959,-0.6820,-0.1190,0.1439,0.1086
2.7522,-1.903973,-1.978189,1.680583,-1.467312,-1.669373,2.761528,0.004924,0.171594,0.034280,0.021594,0.021849,0.013954,0.3487,1.5624,-0.8197,-0.0986,0.1581,0.1185
2.7625,-1.903933,-1.976396,1.681061,-1.467067,-1.669227,2.761628,0.004540,0.186146,0.052091,0.015483,0.021488,0.015311,0.4661,1.3753,-0.9154,-0.1617,0.1683,0.1010
2.7723,-1.903901,-1.974420,1.681677,-1.466971,-1.669008,2.761728,0.005214,0.203742,0.066312,0.005891,0.022782,0.016691,0.4121,1.1363,-0.9342,-0.1706,0.1477,0.0936
2.7824,-1.903841,-1.972344,1.682381,-1.466963,-1.668797,2.761872,0.006616,0.212930,0.076085,0.000522,0.020193,0.017044,0.4523,1.1578,-0.9330,-0.2886,0.1615,0.1457
2.7924,-1.903785,-1.970136,1.683249,-1.466991,-1.668616,2.762050,0.006288,0.227715,0.084875,-0.004658,0.020879,0.017589,0.5319,1.1674,-0.9060,-0.3606,0.1638,0.1283
2.8026,-1.903705,-1.967833,1.684140,-1.467050,-1.668400,2.762167,0.007213,0.229682,0.090222,-0.011064,0.021585,0.017242,0.4380,1.0678,-0.9082,-0.4074,0.1475,0.1316
2.8127,-1.903649,-1.965497,1.685064,-1.467194,-1.668174,2.762354,0.007238,0.233226,0.094450,-0.014962,0.020811,0.016041,0.4964,0.7581,-1.0776,-0.4066,0.1671,0.1486
2.8229,-1.903565,-1.963082,1.686026,-1.467302,-1.667970,2.762483,0.007237,0.232674,0.095405,-0.012590,0.020435,0.014854,0.5086,0.7062,-1.0744,-0.4204,0.1831,0.1526
2.8322,-1.903481,-1.960760,1.686999,-1.467422,-1.667742,2.762630,0.007182,0.230392,0.094616,-0.011819,0.021762,0.014710,0.5329,0.3070,-1.0553,-0.4649,0.1663,0.1426
2.8426,-1.903446,-1.958409,1.687983,-1.467527,-1.667584,2.762723,0.006424,0.222416,0.096469,-0.014503,0.021462,0.013128,0.5922,0.1800,-1.1599,-0.4735,0.1673,0.1397
2.8524,-1.903385,-1.956208,1.688967,-1.467671,-1.667384,2.762878,0.006124,0.211985,0.096188,-0.015117,0.022389,0.012388,0.5831,-0.0935,-1.2499,-0.4945,0.1685,0.1404
2.8624,-1.903325,-1.954139,1.689926,-1.467803,-1.667126,2.762990,0.005282,0.197194,0.098952,-0.015827,0.022413,0.011727,0.5758,-0.1841,-1.2100,-0.5002,0.1636,0.1663
2.8724,-1.903273,-1.952242,1.690958,-1.467998,-1.666890,2.763082,0.005263,0.183774,0.108055,-0.018464,0.022821,0.009791,0.6760,-0.1482,-1.3215,-0.4956,0.1672,0.1578
2.8822,-1.903233,-1.950484,1.692093,-1.468206,-1.666670,2.763159,0.004686,0.165698,0.112319,-0.019623,0.022352,0.008484,0.5911,-0.1995,-0.9818,-0.4924,0.1717,0.1514
2.8925,-1.903162,-1.948929,1.693317,-1.468386,-1.666426,2.763219,0.004361,0.155597,0.137468,-0.018023,0.024668,0.007170,0.6166,-0.0515,-0.6818,-0.4905,0.1704,0.1523
2.9025,-1.903133,-1.947503,1.694837,-1.468626,-1.666181,2.763305,0.004810,0.133723,0.155004,-0.024288,0.027165,0.005836,0.5469,0.1328,-0.5021,-0.4386,0.1613,0.1511
2.9125,-1.903086,-1.946269,1.696518,-1.468854,-1.665899,2.763326,0.003955,0.120460,0.183637,-0.024725,0.027883,0.005377,0.6020,0.1283,-0.6998,-0.4798,0.1677,0.1769
2.9226,-1.903065,-1.945172,1.698480,-1.469106,-1.665603,2.763406,0.004117,0.106731,0.202403,-0.027369,0.027910,0.004450,0.5126,0.0821,-0.4430,-0.4568,0.1656,0.1438
2.9323,-1.903017,-1.944220,1.700631,-1.469409,-1.665320,2.763438,0.003919,0.093570,0.224374,-0.030004,0.027567,0.004815,0.4911,-0.0634,-0.3727,-0.4673,0.1905,0.1574
2.9424,-1.902977,-1.943381,1.703045,-1.469685,-1.665032,2.763474,0.003172,0.082014,0.243923,-0.031192,0.028880,0.004324,0.5541,-0.1445,-0.5603,-0.5027,0.1789,0.1506
2.9525,-1.902953,-1.942600,1.705550,-1.469997,-1.664740,2.763529,0.002902,0.069830,0.261762,-0.032629,0.029421,0.003775,0.5158,-0.1051,-0.6356,-0.4782,0.1722,0.1510
2.9624,-1.902937,-1.942006,1.708263,-1.470321,-1.664469,2.763530,0.001965,0.058730,0.277903,-0.033934,0.028237,0.003533,0.5627,-0.1701,-0.6217,-0.5037,0.1720,0.1442
2.9724,-1.902913,-1.941496,1.711181,-1.470677,-1.664145,2.763563,0.001136,0.048033,0.290290,-0.036750,0.029297,0.003220,0.4856,-0.0745,-0.6704,-0.4760,0.1718,0.1597
2.9824,-1.902917,-1.941072,1.714134,-1.471010,-1.663862,2.763618,0.000804,0.037342,0.299021,-0.035609,0.027908,0.002685,0.4578,-0.1051,-0.8444,-0.5033,0.1705,0.1555
2.9927,-1.902893,-1.940737,1.717200,-1.471404,-1.663541,2.763626,0.000451,0.033107,0.314847,-0.036778,0.030300,0.001818,0.3168,-0.0051,-0.5746,-0.5106,0.1585,0.1420
3.0023,-1.902901,-1.940455,1.720373,-1.471797,-1.663242,2.763657,0.000057,0.023796,0.322944,-0.039950,0.029353,0.001450,0.2933,-0.0984,-0.6344,-0.4752,0.1492,0.1446
3.0122,-1.902901,-1.940247,1.723706,-1.472160,-1.662973,2.763650,0.000000,0.019580,0.334374,-0.037967,0.029040,0.000757,0.0921,-0.0611,-0.7610,-0.5501,0.1651,0.1267
3.0223,-1.902948,-1.940067,1.727091,-1.472568,-1.662685,2.763666,-0.000977,0.016740,0.341156,-0.040894,0.028971,0.000473,0.0592,0.0086,-0.5796,-0.5168,0.1378,0.1048
3.0327,-1.902937,-1.939932,1.730558,-1.473000,-1.662394,2.763654,-0.001791,0.015330,0.346733,-0.043160,0.028456,0.000344,-0.0020,-0.1865,-0.6577,-0.5264,0.1527,0.0565
3.0424,-1.902957,-1.939784,1.734084,-1.473384,-1.662145,2.763642,-0.001655,0.011880,0.354427,-0.040970,0.025138,0.000000,-0.0805,-0.0727,-0.7805,-0.5720,0.1678,0.0133
3.0524,-1.902961,-1.939656,1.737583,-1.473833,-1.661851,2.763622,-0.002004,0.013117,0.352065,-0.045893,0.026473,-0.002453,-0.1844,-0.0561,-0.7270,-0.5310,0.1468,0.0014
3.0624,-1.903005,-1.939497,1.741147,-1.474296,-1.661652,2.763602,-0.005179,0.016928,0.350575,-0.048384,0.023380,-0.004207,-0.1983,0.0278,-0.7754,-0.5053,0.1482,-0.0327
3.0725,-1.903041,-1.939299,1.744606,-1.474751,-1.661375,2.763578,-0.005347,0.022564,0.345915,-0.044169,0.022719,-0.005150,-0.2731,0.0885,-0.9351,-0.5405,0.1378,-0.0523
3.0827,-1.903069,-1.939082,1.748030,-1.475164,-1.661171,2.763526,-0.004617,0.026934,0.338209,-0.043494,0.020201,-0.006710,-0.3436,0.1515,-1.0931,-0.5961,0.1548,-0.0426
3.0924,-1.903121,-1.938728,1.751391,-1.475627,-1.660951,2.763470,-0.005460,0.044934,0.332687,-0.048118,0.019651,-0.006568,-0.4268,0.4528,-0.9404,-0.5849,0.1499,-0.0682
3.1024,-1.903153,-1.938255,1.754623,-1.476167,-1.660779,2.763419,-0.003627,0.050737,0.319272,-0.054339,0.019000,-0.007610,-0.5519,0.6728,-0.9325,-0.5254,0.1456,-0.0853
3.1124,-1.903217,-1.937681,1.757796,-1.476671,-1.660626,2.763382,-0.004749,0.063709,0.307603,-0.054574,0.016387,-0.008019,-0.4710,0.5617,-1.2017,-0.5616,0.1557,-0.0587
3.1224,-1.903249,-1.936959,1.760756,-1.477242,-1.660424,2.763322,-0.004859,0.075577,0.290667,-0.059632,0.014635,-0.007390,-0.5858,0.5960,-1.1179,-0.5536,0.1569,-0.1027
3.1322,-1.903329,-1.936112,1.763580,-1.477859,-1.660283,2.763273,-0.007322,0.086024,0.275960,-0.062108,0.013696,-0.008137,-0.5745,0.4340,-1.1807,-0.5788,0.1343,-0.1161
3.1429,-1.903401,-1.935207,1.766263,-1.478522,-1.660183,2.763167,-0.008581,0.093314,0.259944,-0.067400,0.012099,-0.009935,-0.5810,0.3454,-1.2485,-0.5734,0.1267,-0.0999
3.1527,-1.903497,-1.934213,1.768793,-1.479206,-1.660047,2.763126,-0.011631,0.101116,0.244042,-0.071383,0.011284,-0.011049,-0.6464,0.2202,-1.2478,-0.5989,0.1273,-0.1188
3.1624,-1.903660,-1.933144,1.771134,-1.479985,-1.659979,2.763016,-0.014816,0.104496,0.230017,-0.078818,0.008684,-0.011853,-0.6292,0.0322,-1.3324,-0.5877,0.1274,-0.1073
3.1723,-1.903806,-1.932069,1.773383,-1.480857,-1.659895,2.762963,-0.017098,0.106565,0.215446,-0.088060,0.007071,-0.012583,-0.6973,0.1294,-1.2669,-0.5413,0.1243,-0.1206
3.1824,-1.904002,-1.930967,1.775435,-1.481721,-1.659823,2.762902,-0.019267,0.105288,0.199180,-0.092182,0.005531,-0.013240,-0.8079,-0.0520,-1.2223,-0.6122,0.1400,-0.1186
3.1923,-1.904236,-1.929861,1.777426,-1.482728,-1.659818,2.762791,-0.026105,0.107304,0.195226,-0.106116,0.005194,-0.013442,-0.9301,0.0310,-1.1178,-0.5996,0.1365,-0.1291
3.2024,-1.904537,-1.928817,1.779346,-1.483863,-1.659755,2.762636,-0.033330,0.102364,0.189292,-0.118874,0.004391,-0.013220,-1.0182,-0.1304,-1.1145,-0.5687,0.1164,-0.1427
3.2124,-1.904920,-1.927780,1.781225,-1.485106,-1.659712,2.762532,-0.042066,0.099727,0.184258,-0.128976,0.003150,-0.013505,-1.0396,-0.2292,-1.1952,-0.5779,0.1180,-0.1294
3.2223,-1.905411,-1.926816,1.783032,-1.486469,-1.659655,2.762443,-0.050782,0.091705,0.183404,-0.140281,0.004433,-0.012510,-1.3277,-0.1675,-1.1524,-0.5871,0.1129,-0.1361
3.2322,-1.905992,-1.925899,1.784831,-1.487963,-1.659630,2.762323,-0.066078,0.085683,0.179701,-0.156249,0.002762,-0.012159,-1.0610,-0.2102,-1.2300,-0.5764,0.1057,-0.1502
3.2424,-1.906751,-1.925098,1.786635,-1.489529,-1.659607,2.762179,-0.074264,0.078755,0.176669,-0.165691,0.002494,-0.011169,-1.3050,-0.2477,-1.1975,-0.5861,0.1189,-0.1551
3.2523,-1.907579,-1.924383,1.788365,-1.491239,-1.659590,2.762072,-0.085093,0.070906,0.175302,-0.175603,0.002553,-0.010364,-1.4512,-0.2469,-1.2346,-0.5662,0.1108,-0.1735
3.2623,-1.908522,-1.923672,1.790061,-1.493016,-1.659531,2.761953,-0.099875,0.063797,0.170460,-0.181957,0.001862,-0.010345,-1.3575,-0.2338,-1.1987,-0.5621,0.1213,-0.1635
3.2726,-1.909602,-1.923089,1.791790,-1.494931,-1.659542,2.761888,-0.111465,0.056853,0.168281,-0.191385,0.001672,-0.010150,-1.3621,-0.2240,-1.2180,-0.5726,0.1248,-0.1574
3.2824,-1.910791,-1.922586,1.793451,-1.496846,-1.659542,2.761796,-0.121806,0.047539,0.164955,-0.193177,0.001877,-0.008639,-1.4323,-0.1526,-1.2704,-0.6036,0.1065,-0.1748
3.2924,-1.912066,-1.922137,1.795096,-1.498901,-1.659499,2.761685,-0.138553,0.041819,0.165791,-0.206062,0.001106,-0.009063,-1.3520,-0.2180,-1.2505,-0.5946,0.1088,-0.1712
3.3024,-1.913491,-1.921766,1.796725,-1.501016,-1.659503,2.761609,-0.149217,0.033601,0.162218,-0.212167,0.001985,-0.008577,-1.4466,-0.2192,-1.0907,-0.5996,0.1035,-0.1810
3.3127,-1.915038,-1.921447,1.798331,-1.503140,-1.659506,2.761541,-0.157656,0.027354,0.161792,-0.215141,0.000959,-0.007934,-1.4675,-0.2110,-1.2164,-0.6337,0.1291,-0.1982
3.3224,-1.916638,-1.921222,1.799924,-1.505316,-1.659482,2.761460,-0.166783,0.021911,0.158449,-0.224826,0.001996,-0.008064,-1.5043,-0.1934,-1.1813,-0.6276,0.1013,-0.1771
3.3323,-1.918299,-1.921018,1.801480,-1.507650,-1.659464,2.761413,-0.176109,0.017992,0.154933,-0.225229,0.001086,-0.007403,-1.2078,-0.3620,-1.2074,-0.6647,0.1052,-0.1819
3.3423,-1.920067,-1.920879,1.803013,-1.509910,-1.659479,2.761313,-0.178794,0.011291,0.151197,-0.224680,0.001063,-0.006721,-1.1692,-0.4024,-1.3386,-0.6406,0.1362,-0.1805
3.3523,-1.921855,-1.920772,1.804514,-1.512150,-1.659455,2.761297,-0.181867,0.004728,0.144960,-0.226866,0.001015,-0.006494,-1.2415,-0.4915,-1.1698,-0.6319,0.1275,-0.1656
3.3623,-1.923647,-1.920787,1.805948,-1.514420,-1.659440,2.761214,-0.183438,-0.000140,0.141705,-0.223424,0.000945,-0.005890,-1.0697,-0.7130,-1.3108,-0.6609,0.1129,-0.1695
3.3724,-1.925499,-1.920795,1.807360,-1.516677,-1.659427,2.761192,-0.184652,-0.002107,0.137818,-0.226029,0.001408,-0.006232,-0.9672,-0.9795,-1.2719,-0.5974,0.1322,-0.1830
3.3824,-1.927359,-1.920850,1.808741,-1.518855,-1.659450,2.761085,-0.181133,-0.006905,0.134256,-0.220436,0.002321,-0.005892,-1.0051,-0.9850,-1.2023,-0.5943,0.1304,-0.1771
3.3924,-1.929157,-1.920934,1.810032,-1.521030,-1.659407,2.761037,-0.180276,-0.007732,0.133399,-0.213482,0.003787,-0.006584,-1.0629,-1.0425,-1.1076,-0.6247,0.1354,-0.1649
3.4023,-1.931000,-1.921050,1.811369,-1.523210,-1.659332,2.760965,-0.176020,-0.011327,0.132031,-0.213887,0.005112,-0.007130,-0.9221,-1.1208,-1.1751,-0.5658,0.1345,-0.1878
3.4122,-1.932757,-1.921170,1.812699,-1.525253,-1.659323,2.760897,-0.169533,-0.013378,0.130333,-0.204958,0.005430,-0.007420,-0.8841,-1.1831,-1.0678,-0.5904,0.1595,-0.1798
3.4223,-1.934449,-1.921305,1.814040,-1.527362,-1.659287,2.760853,-0.163263,-0.013150,0.134462,-0.201499,0.005491,-0.007952,-0.9437,-1.1469,-1.0290,-0.5332,0.1382,-0.1829
3.4323,-1.936047,-1.921402,1.815409,-1.529269,-1.659239,2.760746,-0.154510,-0.012260,0.139497,-0.193529,0.004986,-0.008711,-0.9488,-1.2851,-1.1410,-0.5466,0.1504,-0.1599
3.4424,-1.937630,-1.921541,1.816775,-1.531178,-1.659165,2.760669,-0.147748,-0.013561,0.142088,-0.182240,0.004097,-0.007748,-0.9410,-1.1806,-1.2674,-0.5655,0.1458,-0.1780
3.4526,-1.939032,-1.921685,1.818180,-1.532930,-1.659164,2.760597,-0.138565,-0.013194,0.140584,-0.178420,0.003799,-0.008941,-0.8546,-1.1377,-1.0236,-0.5034,0.1551,-0.1736
3.4623,-1.940376,-1.921797,1.819617,-1.534656,-1.659116,2.760498,-0.132881,-0.012002,0.142203,-0.165866,0.003680,-0.008071,-0.9015,-1.2056,-0.9743,-0.5356,0.1613,-0.1742
3.4722,-1.941652,-1.921928,1.821063,-1.536258,-1.659068,2.760426,-0.121328,-0.011648,0.147581,-0.159037,0.003883,-0.008783,-0.9585,-1.1641,-1.2497,-0.5397,0.1376,-0.1704
3.4823,-1.942804,-1.922021,1.822552,-1.537820,-1.659032,2.760345,-0.112298,-0.011780,0.148681,-0.147828,0.004107,-0.007988,-0.9022,-1.1758,-1.1080,-0.5625,0.1435,-0.1601
3.4923,-1.943834,-1.922156,1.824072,-1.539260,-1.658984,2.760251,-0.103665,-0.009589,0.154537,-0.146127,0.004347,-0.007215,-0.9029,-1.2320,-1.0788,-0.5224,0.1530,-0.1696
3.5024,-1.944849,-1.922251,1.825661,-1.540674,-1.658983,2.760194,-0.097376,-0.010963,0.159988,-0.139430,0.004593,-0.007452,-0.8221,-1.3158,-0.9378,-0.5193,0.1566,-0.1744
3.5124,-1.945718,-1.922340,1.827230,-1.542065,-1.658919,2.760154,-0.085596,-0.010874,0.164677,-0.132590,0.005348,-0.008040,-0.9338,-1.2934,-0.9453,-0.5265,0.1492,-0.1778
3.5223,-1.946546,-1.922432,1.828922,-1.543375,-1.658860,2.760070,-0.077825,-0.010664,0.167598,-0.131362,0.005075,-0.008430,-0.9459,-1.3408,-0.9759,-0.5323,0.1476,-0.1676
3.5328,-1.947263,-1.922572,1.830616,-1.544685,-1.658820,2.760006,-0.074272,-0.011317,0.172872,-0.127842,0.003584,-0.006861,-0.6618,-1.3811,-0.9803,-0.5637,0.1417,-0.1658
3.5430,-1.947919,-1.922680,1.832367,-1.545955,-1.658783,2.759918,-0.065400,-0.013252,0.175564,-0.130133,0.003294,-0.006476,-0.8373,-1.4022,-1.0409,-0.5283,0.1371,-0.1717
3.5523,-1.948562,-1.922855,1.834144,-1.547249,-1.658721,2.759887,-0.059920,-0.014653,0.176215,-0.129661,0.002191,-0.006289,-0.8628,-1.3189,-1.1214,-0.5052,0.1350,-0.1534
3.5624,-1.949143,-1.922986,1.835905,-1.548473,-1.658708,2.759818,-0.057576,-0.015974,0.175970,-0.126249,0.001591,-0.005668,-0.7892,-1.4330,-1.0919,-0.5253,0.1440,-0.1545
3.5724,-1.949682,-1.923131,1.837716,-1.549711,-1.658705,2.759763,-0.053432,-0.016980,0.177692,-0.126821,0.001211,-0.005453,-0.7283,-1.4280,-1.0060,-0.5377,0.1246,-0.1678
3.5825,-1.950189,-1.923342,1.839482,-1.551009,-1.658708,2.759719,-0.048550,-0.017895,0.175253,-0.128418,0.000587,-0.005331,-0.8357,-1.4881,-1.1733,-0.5105,0.1145,-0.1616
3.5925,-1.950637,-1.923490,1.841195,-1.552276,-1.658724,2.759683,-0.046238,-0.019114,0.174806,-0.125614,0.000406,-0.004551,-0.7535,-1.4277,-1.0888,-0.5198,0.0974,-0.1662
3.6024,-1.951065,-1.923698,1.842983,-1.553507,-1.658743,2.759638,-0.043117,-0.020735,0.172021,-0.124750,0.000295,-0.004047,-0.7690,-1.4415,-1.0952,-0.4848,0.0966,-0.1672
3.6123,-1.951474,-1.923917,1.844644,-1.554746,-1.658727,2.759591,-0.039995,-0.021859,0.168512,-0.120172,0.000194,-0.004117,-0.7943,-1.4226,-1.3058,-0.5064,0.0788,-0.1454
3.6224,-1.951861,-1.924161,1.846324,-1.555898,-1.658708,2.759535,-0.036517,-0.022116,0.163120,-0.117045,0.000159,-0.003183,-0.8762,-1.3950,-1.0990,-0.5022,0.0544,-0.1481
3.6324,-1.952232,-1.924372,1.847919,-1.557029,-1.658743,2.759527,-0.035257,-0.022241,0.158138,-0.109084,0.000082,-0.002099,-0.7704,-1.4685,-1.3285,-0.5194,0.0138,-0.1560
3.6424,-1.952561,-1.924573,1.849438,-1.558056,-1.658743,2.759531,-0.033260,-0.021180,0.150431,-0.100415,-0.000132,-0.001323,-0.6944,-1.4413,-1.2442,-0.5133,-0.0155,-0.1357
3.6523,-1.952888,-1.924791,1.850905,-1.559067,-1.658743,2.759550,-0.029827,-0.020766,0.142353,-0.093768,-0.001016,-0.000722,-0.6180,-1.3836,-1.2684,-0.5011,-0.0363,-0.1362
3.6623,-1.953148,-1.925035,1.852284,-1.559958,-1.658744,2.759519,-0.027117,-0.020364,0.133207,-0.086181,-0.002027,-0.000525,-0.6187,-1.4372,-1.2673,-0.4885,-0.0340,-0.1310
3.6723,-1.953393,-1.925239,1.853559,-1.560761,-1.658759,2.759500,-0.024834,-0.020478,0.128256,-0.075732,-0.001480,-0.000385,-0.5972,-1.4910,-1.3386,-0.4956,-0.0503,-0.1160
3.6823,-1.953640,-1.925427,1.854822,-1.561496,-1.658799,2.759515,-0.021852,-0.021112,0.120608,-0.067421,-0.001465,-0.000304,-0.5289,-1.3307,-1.1605,-0.5068,-0.0603,-0.0965
3.6924,-1.953828,-1.925635,1.856011,-1.562100,-1.658768,2.759507,-0.020032,-0.019304,0.119005,-0.057930,-0.001530,-0.000251,-0.6068,-1.3354,-1.1764,-0.5064,-0.0691,-0.0839
3.7021,-1.954005,-1.925831,1.857197,-1.562639,-1.658776,2.759511,-0.017961,-0.020062,0.117438,-0.050914,-0.001894,-0.000190,-0.6826,-1.3347,-1.2868,-0.5036,-0.0524,-0.0811
3.7124,-1.954176,-1.926050,1.858317,-1.563091,-1.658804,2.759500,-0.016880,-0.019482,0.114985,-0.044953,-0.001743,-0.000033,-0.6192,-1.3363,-1.3057,-0.4964,-0.0717,-0.0279
3.7224,-1.954344,-1.926219,1.859425,-1.563538,-1.658831,2.759550,-0.014958,-0.019167,0.112545,-0.038578,-0.001445,-0.000000,-0.5879,-1.2725,-1.1523,-0.4728,-0.0758,0.0123
3.7323,-1.954479,-1.926445,1.860548,-1.563847,-1.658843,2.759534,-0.013494,-0.019325,0.112273,-0.030911,-0.001675,0.001570,-0.5846,-1.2902,-1.1649,-0.4891,-0.0952,0.0343
3.7424,-1.954603,-1.926653,1.861703,-1.564111,-1.658852,2.759558,-0.011966,-0.018679,0.111234,-0.024107,-0.002176,0.003337,-0.5654,-1.3152,-1.1146,-0.4887,-0.1004,0.0463
3.7523,-1.954715,-1.926837,1.862789,-1.564315,-1.658852,2.759562,-0.010132,-0.019249,0.113116,-0.019994,-0.001979,0.004086,-0.5607,-1.2861,-1.2736,-0.4836,-0.0876,0.0645
3.7623,-1.954796,-1.927020,1.863910,-1.564495,-1.658872,2.759603,-0.007294,-0.019746,0.110939,-0.015667,-0.002235,0.004842,-0.5580,-1.3210,-1.1149,-0.4837,-0.1181,0.0653
3.7724,-1.954855,-1.927209,1.864990,-1.564615,-1.658915,2.759650,-0.004411,-0.019032,0.112260,-0.011325,-0.002577,0.005734,-0.5147,-1.3928,-1.1668,-0.4921,-0.0929,0.0892
3.7824,-1.954880,-1.927427,1.866120,-1.564683,-1.658927,2.759710,-0.001831,-0.019557,0.110302,-0.004261,-0.001875,0.006350,-0.4487,-1.4149,-1.2600,-0.4890,-0.0974,0.0697
3.7924,-1.954911,-1.927639,1.867211,-1.564710,-1.658971,2.759762,-0.000954,-0.020323,0.109539,-0.001117,-0.001909,0.006728,-0.3739,-1.4460,-1.2038,-0.4559,-0.0976,0.0888
3.8024,-1.954907,-1.927808,1.868331,-1.564710,-1.658954,2.759810,-0.000382,-0.022255,0.107080,-0.000594,-0.002505,0.007106,-0.3727,-1.3485,-1.1173,-0.4375,-0.1017,0.0816
3.8124,-1.954895,-1.928066,1.869389,-1.564695,-1.658975,2.759804,-0.000236,-0.022187,0.106624,-0.000319,-0.002416,0.007007,-0.2655,-1.4740,-1.3246,-0.4316,-0.1217,0.0814
3.8225,-1.954876,-1.928279,1.870475,-1.564699,-1.658972,2.759890,0.000136,-0.022799,0.105269,-0.000189,-0.002088,0.006554,-0.2023,-1.3622,-1.2100,-0.3947,-0.1180,0.0828
3.8324,-1.954892,-1.928522,1.871468,-1.564714,-1.659011,2.759922,0.000099,-0.022750,0.101947,0.000083,-0.002566,0.006687,-0.1813,-1.4500,-1.2344,-0.3470,-0.0977,0.0880
3.8423,-1.954876,-1.928745,1.872448,-1.564667,-1.659042,2.759997,0.000078,-0.022374,0.098362,0.000907,-0.002373,0.005971,-0.2959,-1.4287,-1.2534,-0.3231,-0.1169,0.1046
3.8524,-1.954876,-1.928989,1.873435,-1.564643,-1.659056,2.759986,0.000032,-0.022129,0.097329,0.001807,-0.002374,0.004148,-0.3427,-1.3517,-1.3210,-0.3005,-0.1035,0.0832
3.8623,-1.954892,-1.929186,1.874399,-1.564635,-1.659063,2.760010,0.000000,-0.021157,0.093785,0.002202,-0.001806,0.002494,-0.4975,-1.3757,-1.2414,-0.2786,-0.1000,0.0959
3.8722,-1.954915,-1.929409,1.875303,-1.564607,-1.659052,2.760072,-0.001366,-0.019823,0.091876,0.003060,-0.001796,0.003021,-0.4925,-1.4605,-1.1332,-0.2675,-0.1283,0.0869
3.8824,-1.954915,-1.929608,1.876214,-1.564594,-1.659095,2.760065,-0.002739,-0.019525,0.091038,0.003296,-0.001607,0.001399,-0.5338,-1.3944,-1.1362,-0.2605,-0.1313,0.1046
3.8922,-1.954966,-1.929777,1.877162,-1.564551,-1.659104,2.760077,-0.003893,-0.017645,0.093905,0.003193,-0.001643,0.001190,-0.4994,-1.3530,-1.0903,-0.2373,-0.1220,0.0834
3.9025,-1.954999,-1.929996,1.878062,-1.564527,-1.659135,2.760070,-0.004617,-0.017871,0.092623,0.001829,-0.001743,0.000627,-0.5896,-1.2990,-1.1475,-0.2373,-0.1244,0.0646
3.9124,-1.955106,-1.930164,1.879032,-1.564507,-1.659162,2.760054,-0.006327,-0.016537,0.093676,0.001502,-0.001992,0.000397,-0.5310,-1.3333,-1.0943,-0.2423,-0.1131,0.0452
3.9223,-1.955134,-1.930319,1.879995,-1.564500,-1.659131,2.760062,-0.007050,-0.015694,0.094316,0.000584,-0.001453,0.000290,-0.5528,-1.3142,-1.1817,-0.2624,-0.1342,0.0133
3.9323,-1.955222,-1.930471,1.880911,-1.564512,-1.659167,2.760046,-0.006900,-0.014069,0.094850,0.000288,-0.002018,0.000191,-0.6393,-1.3195,-1.2740,-0.3338,-0.1211,-0.0033
3.9424,-1.955248,-1.930580,1.881867,-1.564503,-1.659179,2.760042,-0.007240,-0.013941,0.091753,-0.000205,-0.001590,-0.001360,-0.6396,-1.3427,-1.2250,-0.3960,-0.1293,-0.0613
3.9524,-1.955335,-1.930735,1.882778,-1.564539,-1.659176,2.760053,-0.008047,-0.012040,0.091299,-0.002571,-0.001778,-0.001614,-0.5870,-1.2623,-1.1807,-0.4790,-0.1173,-0.0743
3.9625,-1.955422,-1.930812,1.883694,-1.564587,-1.659188,2.760038,-0.007778,-0.010527,0.090083,-0.009697,-0.001496,-0.003332,-0.6442,-1.2617,-1.1595,-0.4902,-0.1292,-0.0902
3.9723,-1.955476,-1.930904,1.884602,-1.564731,-1.659234,2.760034,-0.007371,-0.008887,0.092337,-0.013642,-0.001919,-0.004994,-0.5909,-1.2680,-1.1271,-0.5231,-0.1238,-0.0983
3.9824,-1.955578,-1.931010,1.885528,-1.564906,-1.659212,2.760001,-0.007307,-0.006647,0.091458,-0.018556,-0.001461,-0.004921,-0.6153,-1.2399,-1.1264,-0.5182,-0.1353,-0.1156
3.9925,-1.955657,-1.931027,1.886476,-1.565125,-1.659270,2.759962,-0.006874,-0.002506,0.098918,-0.026796,-0.001547,-0.004800,-0.4686,-1.1928,-1.0508,-0.5565,-0.1247,-0.1084
4.0030,-1.955683,-1.931070,1.887499,-1.565489,-1.659262,2.759898,-0.007000,-0.002129,0.101906,-0.038841,-0.001104,-0.004757,-0.5743,-1.1094,-0.9009,-0.5381,-0.1260,-0.1194
4.0124,-1.955739,-1.931051,1.888573,-1.565936,-1.659263,2.759859,-0.008202,-0.000715,0.107878,-0.050515,-0.000989,-0.005899,-0.6892,-1.0016,-0.9067,-0.5442,-0.1323,-0.1229
4.0222,-1.955830,-1.931063,1.889661,-1.566468,-1.659256,2.759815,-0.009125,-0.000328,0.115839,-0.062258,-0.001346,-0.006111,-0.7291,-0.8167,-0.7815,-0.5509,-0.1178,-0.1096
4.0322,-1.955946,-1.931055,1.890891,-1.567203,-1.659275,2.759794,-0.012631,0.000907,0.123982,-0.074872,-0.001026,-0.006253,-0.8220,-0.7511,-1.0249,-0.5297,-0.1321,-0.1261
4.0423,-1.956101,-1.931051,1.892159,-1.568053,-1.659272,2.759762,-0.014368,0.000733,0.129605,-0.087566,-0.001044,-0.005256,-0.7749,-0.6341,-1.0132,-0.5430,-0.1360,-0.1320
4.0524,-1.956238,-1.931011,1.893466,-1.569019,-1.659283,2.759695,-0.015898,0.002291,0.134094,-0.100763,-0.001096,-0.004625,-0.8615,-0.6527,-0.9515,-0.5804,-0.1161,-0.1386
4.0625,-1.956436,-1.931003,1.894849,-1.570169,-1.659283,2.759639,-0.019296,0.002566,0.138966,-0.117592,-0.000809,-0.003726,-0.7934,-0.5599,-0.9254,-0.5713,-0.1363,-0.1408
4.0724,-1.956633,-1.930976,1.896319,-1.571442,-1.659292,2.759642,-0.023991,0.001810,0.144693,-0.132177,-0.000882,-0.004746,-0.8165,-0.5454,-1.1600,-0.5998,-0.1296,-0.1307
4.0823,-1.956920,-1.930955,1.897790,-1.572864,-1.659323,2.759575,-0.028847,0.001366,0.146741,-0.145021,-0.000765,-0.004999,-0.8715,-0.5579,-1.0763,-0.6168,-0.1255,-0.1427
4.0922,-1.957268,-1.930943,1.899281,-1.574441,-1.659283,2.759566,-0.039318,0.004130,0.152439,-0.165467,-0.000757,-0.003374,-1.0997,-0.5693,-1.0122,-0.5933,-0.1466,-0.1357
4.1022,-1.957726,-1.930947,1.900868,-1.576172,-1.659323,2.759550,-0.050736,0.001298,0.154748,-0.177217,-0.000938,-0.003273,-1.1357,-0.4218,-0.9695,-0.5985,-0.1291,-0.1531
4.1124,-1.958302,-1.930907,1.902435,-1.578007,-1.659342,2.759475,-0.063246,0.001460,0.158309,-0.193968,-0.000778,-0.002892,-1.2116,-0.4391,-0.9882,-0.6126,-0.1448,-0.1511
4.1225,-1.959009,-1.930923,1.904062,-1.580017,-1.659311,2.759499,-0.077267,0.001051,0.160873,-0.206505,-0.000681,-0.002875,-1.3207,-0.2809,-0.9313,-0.6292,-0.1499,-0.1573
4.1323,-1.959895,-1.930871,1.905696,-1.582172,-1.659296,2.759470,-0.095287,0.002344,0.162567,-0.221260,-0.000561,-0.002693,-1.1897,-0.4155,-1.0676,-0.5742,-0.1258,-0.1543
4.1424,-1.960914,-1.930890,1.907307,-1.584378,-1.659326,2.759419,-0.106456,0.000716,0.163582,-0.228247,-0.000640,-0.002812,-1.4108,-0.1820,-1.0712,-0.6152,-0.1349,-0.1510
4.1523,-1.962096,-1.930847,1.908979,-1.586707,-1.659316,2.759388,-0.121125,0.002675,0.165920,-0.233134,-0.000688,-0.002356,-1.4225,-0.2305,-1.1216,-0.6177,-0.1310,-0.1555
4.1624,-1.963430,-1.930812,1.910621,-1.589155,-1.659304,2.759367,-0.136120,0.004235,0.167875,-0.240881,-0.000487,-0.002619,-1.3909,-0.2657,-1.1642,-0.5671,-0.1300,-0.1462
4.1724,-1.964917,-1.930760,1.912338,-1.591602,-1.659316,2.759351,-0.153395,0.006512,0.173151,-0.247681,-0.000447,-0.002735,-1.3103,-0.2275,-0.8841,-0.5845,-0.1293,-0.1308
4.1824,-1.966562,-1.930688,1.914079,-1.594083,-1.659313,2.759370,-0.164199,0.005928,0.173310,-0.254316,-0.000293,-0.002877,-1.3994,-0.1376,-0.9165,-0.5792,-0.1260,-0.1594
4.1924,-1.968324,-1.930580,1.915862,-1.596687,-1.659328,2.759334,-0.190000,0.016866,0.187946,-0.262301,-0.000511,-0.003888,-1.7037,0.1220,-0.7359,-0.5808,-0.1512,-0.1543
4.2023,-1.970349,-1.930440,1.917767,-1.599397,-1.659320,2.759251,-0.209167,0.015568,0.197069,-0.274447,-0.000551,-0.004544,-1.8754,0.1548,-0.6211,-0.5795,-0.1398,-0.1567
4.2123,-1.972545,-1.930241,1.919836,-1.602209,-1.659347,2.759231,-0.228725,0.019044,0.207975,-0.289190,-0.000632,-0.005072,-1.7748,0.1059,-0.7433,-0.6041,-0.1450,-0.1722
4.2225,-1.974920,-1.930038,1.921922,-1.605164,-1.659347,2.759147,-0.248748,0.023374,0.219376,-0.295822,-0.000421,-0.005756,-1.9782,0.1273,-0.6187,-0.6210,-0.1367,-0.1696
4.2324,-1.977555,-1.929786,1.924225,-1.608194,-1.659359,2.759076,-0.268830,0.026756,0.231153,-0.308714,-0.000360,-0.006591,-1.7581,-0.0465,-0.6542,-0.5694,-0.1333,-0.1698
4.2424,-1.980272,-1.929510,1.926594,-1.611294,-1.659362,2.759031,-0.281284,0.028182,0.240285,-0.310719,-0.000288,-0.008117,-1.6799,0.1358,-0.7467,-0.6130,-0.1144,-0.1869
4.2523,-1.983128,-1.929183,1.929081,-1.614378,-1.659359,2.758940,-0.293863,0.032083,0.249071,-0.315142,-0.000240,-0.009706,-1.7023,0.1302,-0.7473,-0.6050,-0.1132,-0.1883
4.2623,-1.986101,-1.928816,1.931591,-1.617564,-1.659374,2.758789,-0.307600,0.035000,0.257821,-0.318080,-0.000206,-0.012248,-1.4863,0.0725,-0.7398,-0.5763,-0.1168,-0.1869
4.2722,-1.989174,-1.928464,1.934222,-1.620803,-1.659378,2.758681,-0.309806,0.037278,0.265099,-0.318817,-0.000180,-0.014211,-1.4963,0.0120,-0.8211,-0.5630,-0.1068,-0.1849
4.2824,-1.992330,-1.928096,1.936930,-1.623987,-1.659371,2.758529,-0.311851,0.036483,0.270020,-0.316986,-0.000160,-0.017949,-1.3449,0.0267,-0.7876,-0.5682,-0.0883,-0.2166
4.2924,-1.995548,-1.927651,1.939625,-1.627116,-1.659344,2.758296,-0.319631,0.043051,0.287674,-0.319325,-0.000144,-0.028615,-1.5940,0.2010,-0.4406,-0.5926,-0.1189,-0.2623
4.3025,-1.998790,-1.927251,1.942567,-1.630451,-1.659394,2.757894,-0.320508,0.039123,0.298572,-0.328209,-0.000093,-0.046200,-1.5677,0.1626,-0.4249,-0.5113,-0.1307,-0.2693
4.3123,-2.002093,-1.926866,1.945628,-1.633623,-1.659395,2.757304,-0.322756,0.040129,0.313121,-0.322553,-0.001031,-0.064249,-1.5798,0.0114,-0.6467,-0.5963,-0.1359,-0.2889
4.3224,-2.005290,-1.926412,1.948834,-1.636901,-1.659392,2.756553,-0.321859,0.040407,0.324555,-0.327006,-0.001530,-0.085957,-1.8192,0.0961,-0.4517,-0.5637,-0.1525,-0.3184
4.3323,-2.008550,-1.925984,1.952154,-1.640212,-1.659407,2.755507,-0.329023,0.039865,0.336053,-0.331629,-0.003693,-0.114506,-1.4883,-0.0782,-0.4175,-0.5610,-0.1298,-0.3272
4.3423,-2.011784,-1.925585,1.955604,-1.643415,-1.659470,2.754185,-0.328602,0.036180,0.345150,-0.328064,-0.004151,-0.142437,-1.3637,0.0240,-0.6947,-0.6010,-0.1424,-0.3513
4.3522,-2.014977,-1.925233,1.959104,-1.646599,-1.659510,2.752563,-0.324750,0.036465,0.350884,-0.324430,-0.004257,-0.175035,-1.5766,-0.1469,-0.8112,-0.6121,-0.1477,-0.3213
4.3626,-2.018243,-1.924873,1.962647,-1.649851,-1.659530,2.750668,-0.330316,0.034075,0.355217,-0.324694,-0.004748,-0.204287,-1.3653,-0.1890,-0.6856,-0.5940,-0.1673,-0.3842
4.3722,-2.021523,-1.924531,1.966283,-1.653133,-1.659594,2.748356,-0.330653,0.032201,0.362760,-0.321632,-0.005936,-0.247929,-1.3097,-0.2337,-0.7863,-0.5937,-0.1647,-0.3234
4.3830,-2.024862,-1.924250,1.969938,-1.656316,-1.659638,2.745642,-0.325506,0.026791,0.362718,-0.318306,-0.004970,-0.282371,-1.4536,-0.1214,-0.9352,-0.6076,-0.1739,-0.3097
4.3926,-2.028241,-1.923956,1.973594,-1.659483,-1.659683,2.742624,-0.335571,0.029776,0.374693,-0.314535,-0.006079,-0.322285,-1.4113,-0.1112,-0.4394,-0.6177,-0.1642,-0.3961
4.4026,-2.031633,-1.923711,1.977366,-1.662773,-1.659719,2.739150,-0.335271,0.022006,0.380996,-0.318338,-0.005106,-0.358338,-1.6416,-0.0690,-0.5101,-0.5781,-0.1601,-0.4228
4.4124,-2.035056,-1.923479,1.981241,-1.665925,-1.659787,2.735342,-0.340018,0.020473,0.391162,-0.314716,-0.004032,-0.392468,-1.6346,-0.1621,-0.8268,-0.6176,-0.1645,-0.3900
4.4224,-2.038457,-1.923295,1.985168,-1.669085,-1.659811,2.731144,-0.346805,0.020588,0.394178,-0.317236,-0.003513,-0.424233,-2.0103,-0.0438,-0.4159,-0.6572,-0.1624,-0.3768
4.4322,-2.041949,-1.923072,1.989151,-1.672449,-1.659808,2.726746,-0.361718,0.018103,0.405986,-0.334705,-0.002593,-0.450244,-2.0080,-0.1932,-0.3596,-0.5456,-0.1723,-0.3800
4.4425,-2.045587,-1.922963,1.993327,-1.675685,-1.659882,2.722127,-0.375225,0.013416,0.415567,-0.333530,-0.002561,-0.472640,-2.0300,-0.1266,-0.5404,-0.5930,-0.1656,-0.4129
4.4523,-2.049386,-1.922815,1.997515,-1.679035,-1.659871,2.717294,-0.390844,0.010636,0.420936,-0.337328,-0.002053,-0.499502,-1.8912,-0.0592,-0.6460,-0.5953,-0.1475,-0.3646
4.4624,-2.053418,-1.922732,2.001779,-1.682436,-1.659868,2.712138,-0.404080,0.009647,0.426896,-0.343438,-0.000871,-0.514741,-2.0064,-0.1208,-0.5777,-0.6143,-0.1613,-0.3903
4.4723,-2.057661,-1.922613,2.006092,-1.685942,-1.659883,2.706836,-0.424036,0.007784,0.434898,-0.348465,-0.001473,-0.532812,-1.7951,-0.1737,-0.7505,-0.5499,-0.1605,-0.3359
4.4825,-2.062050,-1.922615,2.010452,-1.689434,-1.659899,2.701483,-0.430221,0.002405,0.431267,-0.346604,-0.000590,-0.533398,-1.7063,-0.2070,-0.7743,-0.5725,-0.1357,-0.3640
4.4924,-2.066480,-1.922556,2.014766,-1.692854,-1.659914,2.696033,-0.450803,0.006489,0.439967,-0.343875,-0.000711,-0.541955,-2.1013,-0.1947,-0.5508,-0.6054,-0.1335,-0.3355
4.5024,-2.071004,-1.922480,2.019187,-1.696289,-1.659895,2.690733,-0.463312,0.001483,0.438699,-0.345859,-0.000274,-0.541111,-2.0396,-0.2963,-0.6380,-0.5565,-0.0797,-0.3769
4.5122,-2.075643,-1.922468,2.023586,-1.699715,-1.659911,2.685402,-0.474099,0.000775,0.442104,-0.340671,-0.000003,-0.538684,-1.8430,-0.3954,-0.8662,-0.5835,-0.0331,-0.3096
4.5225,-2.080369,-1.922480,2.028039,-1.703055,-1.659883,2.680020,-0.482745,0.000192,0.436096,-0.333849,0.002965,-0.527240,-1.9848,-0.3454,-0.7160,-0.6261,-0.0137,-0.3494
4.5325,-2.085269,-1.922507,2.032385,-1.706330,-1.659854,2.674766,-0.489882,0.000784,0.431929,-0.334951,0.005485,-0.514013,-1.7509,-0.5278,-0.9929,-0.5228,0.0000,-0.3034
4.5425,-2.090269,-1.922489,2.036684,-1.709525,-1.659858,2.669681,-0.489988,-0.001388,0.422974,-0.323325,0.006330,-0.497319,-1.6192,-0.4557,-1.0694,-0.5589,0.0583,-0.3017
4.5525,-2.095191,-1.922527,2.040778,-1.712651,-1.659806,2.664810,-0.484642,-0.000692,0.409827,-0.315450,0.009082,-0.476527,-1.6398,-0.4659,-0.8119,-0.5353,0.0469,-0.2700
4.5625,-2.100000,-1.922496,2.044811,-1.715723,-1.659675,2.660250,-0.478182,-0.000000,0.398048,-0.295519,0.008445,-0.452271,-1.6944,-0.5589,-0.9861,-0.5633,0.0630,-0.2826
4.5725,-2.104757,-1.922484,2.048734,-1.718567,-1.659650,2.655876,-0.476434,-0.000000,0.386784,-0.281314,0.008969,-0.432053,-1.3867,-0.6016,-1.2022,-0.5635,0.0948,-0.2449
4.5830,-2.109358,-1.922491,2.052562,-1.721317,-1.659560,2.651720,-0.464963,0.000000,0.369227,-0.265919,0.009980,-0.408173,-1.2586,-0.6882,-1.3641,-0.5599,0.1028,-0.2099
4.5923,-2.113918,-1.922467,2.056145,-1.723879,-1.659491,2.647806,-0.455966,0.000000,0.356904,-0.253065,0.010332,-0.375628,-1.5590,-0.4490,-1.1947,-0.5768,0.1014,-0.2312
4.6023,-2.118430,-1.922457,2.059604,-1.726379,-1.659340,2.644180,-0.442374,-0.002064,0.339420,-0.240598,0.011004,-0.346809,-1.4250,-0.4684,-1.1902,-0.5433,0.0949,-0.2008
4.6124,-2.122893,-1.922496,2.062951,-1.728690,-1.659326,2.640893,-0.427817,-0.000299,0.322617,-0.223906,0.008227,-0.316154,-1.2325,-0.5599,-1.4352,-0.5733,0.1267,-0.1868
4.6225,-2.127134,-1.922496,2.065987,-1.730908,-1.659239,2.637908,-0.406170,-0.000462,0.302912,-0.211956,0.009386,-0.285295,-1.2003,-0.5599,-1.1660,-0.5391,0.1287,-0.1788
4.6324,-2.131050,-1.922472,2.068882,-1.732911,-1.659152,2.635263,-0.383955,0.000319,0.282343,-0.196046,0.010684,-0.253642,-0.9902,-0.5591,-1.4625,-0.5334,0.1397,-0.1677
4.6425,-2.134699,-1.922418,2.071585,-1.734743,-1.659083,2.632949,-0.358901,0.000335,0.258753,-0.177760,0.009432,-0.217734,-0.9526,-0.5564,-1.3636,-0.5285,0.1850,-0.1999
4.6523,-2.138061,-1.922432,2.074076,-1.736363,-1.658980,2.630925,-0.334277,0.001139,0.241009,-0.159122,0.010106,-0.193301,-0.8881,-0.6383,-1.6443,-0.5474,0.1615,-0.1449
4.6623,-2.141183,-1.922440,2.076291,-1.737859,-1.658931,2.629210,-0.305815,0.000555,0.214313,-0.142286,0.009951,-0.164738,-0.7558,-0.6208,-1.4877,-0.5362,0.1456,-0.1700
4.6723,-2.144048,-1.922452,2.078315,-1.739203,-1.658814,2.627771,-0.277160,0.000305,0.191797,-0.127260,0.009139,-0.136921,-0.7697,-0.6702,-1.6771,-0.5161,0.1406,-0.1507
4.6826,-2.146660,-1.922510,2.080096,-1.740401,-1.658720,2.626616,-0.251895,-0.000215,0.168198,-0.111584,0.008305,-0.109247,-0.6575,-0.6316,-1.6582,-0.4680,0.1555,-0.1953
4.6923,-2.149020,-1.922500,2.081652,-1.741364,-1.658671,2.625590,-0.219997,-0.000745,0.144547,-0.093635,0.008177,-0.090959,-0.6226,-0.7372,-1.5310,-0.4790,0.1403,-0.1640
4.7023,-2.151085,-1.922512,2.082952,-1.742210,-1.658593,2.624883,-0.193339,-0.000594,0.123575,-0.078253,0.007037,-0.070320,-0.5981,-0.7409,-1.5658,-0.4864,0.1626,-0.1560
4.7124,-2.152935,-1.922453,2.084125,-1.742881,-1.658512,2.624268,-0.165818,-0.000571,0.104992,-0.065843,0.006636,-0.052630,-0.5029,-0.8304,-1.6511,-0.4952,0.1551,-0.1327
4.7225,-2.154432,-1.922491,2.085068,-1.743483,-1.658503,2.623847,-0.142257,-0.000521,0.090555,-0.052512,0.005611,-0.036474,-0.4581,-0.9651,-1.8287,-0.4892,0.1610,-0.1334
4.7322,-2.155726,-1.922489,2.085851,-1.743923,-1.658439,2.623583,-0.114552,-0.005539,0.071692,-0.041984,0.005149,-0.023673,-0.4458,-1.0708,-1.6123,-0.4783,0.1656,-0.1401
4.7424,-2.156751,-1.922544,2.086479,-1.744281,-1.658353,2.623434,-0.091757,-0.004953,0.059243,-0.032255,0.003252,-0.013400,-0.3356,-1.2034,-1.6507,-0.4879,0.1585,-0.1408
4.7524,-2.157557,-1.922619,2.086994,-1.744565,-1.658364,2.623389,-0.071174,-0.006893,0.045779,-0.023410,0.001871,-0.001258,-0.4628,-1.1882,-1.6593,-0.4921,0.1435,-0.0761
4.7625,-2.158163,-1.922703,2.087382,-1.744757,-1.658352,2.623420,-0.051757,-0.008181,0.035719,-0.016025,0.001210,0.007343,-0.5074,-1.1605,-1.4879,-0.4957,0.1425,0.0441
4.7723,-2.158599,-1.922787,2.087713,-1.744892,-1.658343,2.623529,-0.036018,-0.009745,0.027840,-0.009843,0.000577,0.015745,-0.4503,-1.1824,-1.4684,-0.5041,0.1317,0.0552
4.7823,-2.158842,-1.922883,2.087937,-1.744874,-1.658355,2.623629,-0.021212,-0.010712,0.021791,-0.001696,0.000351,0.015897,-0.5127,-1.2130,-1.4816,-0.4417,0.1044,0.0887
4.7924,-2.158994,-1.922963,2.088157,-1.744890,-1.658309,2.623713,-0.010022,-0.010745,0.021708,-0.000005,0.000253,0.019180,-0.3839,-1.2486,-1.2955,-0.3289,0.0924,0.1181
4.8025,-2.159002,-1.923083,2.088363,-1.744873,-1.658374,2.623878,0.008063,-0.012390,0.021954,0.003926,0.000158,0.023925,-0.1493,-1.2760,-1.2805,-0.2528,0.0647,0.1304
4.8124,-2.158881,-1.923210,2.088607,-1.744732,-1.658325,2.624081,0.016079,-0.013039,0.025670,0.009582,-0.000119,0.027267,0.3259,-1.3297,-1.2895,-0.2266,-0.0036,0.1396
4.8223,-2.158671,-1.923378,2.088883,-1.744671,-1.658364,2.624354,0.021727,-0.014943,0.031263,0.011412,-0.002464,0.030262,0.4761,-1.3139,-1.0555,-0.1894,-0.0238,0.1330
4.8322,-2.158430,-1.923545,2.089245,-1.744579,-1.658360,2.624645,0.021047,-0.018850,0.039815,0.011607,-0.001691,0.029577,0.4935,-1.3233,-0.9716,-0.1588,-0.0619,0.1605
4.8426,-2.158201,-1.923742,2.089708,-1.744452,-1.658384,2.624905,0.023252,-0.022849,0.050560,0.012943,-0.003593,0.031137,0.5472,-1.2193,-0.9132,-0.1432,-0.0721,0.1345
4.8524,-2.157943,-1.923982,2.090334,-1.744311,-1.658436,2.625190,0.023851,-0.025898,0.063660,0.013906,-0.004927,0.029094,0.6014,-1.3326,-0.8866,-0.1368,-0.0741,0.1643
4.8625,-2.157718,-1.924276,2.091032,-1.744165,-1.658484,2.625442,0.024247,-0.029292,0.076906,0.015621,-0.006331,0.027367,0.6016,-1.3733,-0.6850,-0.1208,-0.0878,0.1758
4.8730,-2.157481,-1.924576,2.091922,-1.744028,-1.658562,2.625749,0.023693,-0.032431,0.095251,0.017469,-0.008450,0.028044,0.6204,-1.3476,-0.7822,-0.1403,-0.1042,0.1703
4.8824,-2.157225,-1.924958,2.092988,-1.743821,-1.658615,2.626009,0.023115,-0.036243,0.112303,0.017216,-0.010185,0.027828,0.5408,-1.4917,-0.8540,-0.1455,-0.1081,0.1683
4.8924,-2.157028,-1.925350,2.094192,-1.743650,-1.658701,2.626273,0.022422,-0.041021,0.134620,0.017390,-0.014147,0.026808,0.5775,-1.6201,-0.5981,-0.1132,-0.1413,0.1788
4.9025,-2.156823,-1.925829,2.095657,-1.743538,-1.658840,2.626568,0.020750,-0.049708,0.154727,0.014188,-0.014389,0.026174,0.6193,-1.5260,-0.5219,-0.0848,-0.1705,0.1832
4.9125,-2.156582,-1.926396,2.097319,-1.743359,-1.659025,2.626806,0.020188,-0.056255,0.172811,0.015049,-0.016779,0.025133,0.5743,-1.5507,-0.5591,-0.0910,-0.1701,0.1843
4.9224,-2.156439,-1.927022,2.099203,-1.743187,-1.659162,2.627070,0.017744,-0.063100,0.192583,0.014742,-0.019070,0.025405,0.5116,-1.6251,-0.6034,-0.1208,-0.1966,0.1642
4.9323,-2.156256,-1.927670,2.101167,-1.743090,-1.659365,2.627275,0.016172,-0.069051,0.206139,0.011737,-0.023710,0.023406,0.5331,-1.6241,-0.5089,-0.1008,-0.1891,0.1751
4.9425,-2.156083,-1.928401,2.103356,-1.742955,-1.659621,2.627513,0.013936,-0.075704,0.218051,0.013079,-0.027121,0.022713,0.6129,-1.7597,-0.6493,-0.1263,-0.1906,0.1705
4.9523,-2.155982,-1.929203,2.105598,-1.742791,-1.659875,2.627723,0.012194,-0.080280,0.231376,0.013016,-0.030338,0.022068,0.5547,-1.8186,-1.1242,-0.1496,-0.2027,0.1636
4.9623,-2.155846,-1.930066,2.107925,-1.742692,-1.660181,2.627922,0.010770,-0.089718,0.232860,0.011820,-0.031636,0.020086,0.5519,-1.7363,-0.8868,-0.1140,-0.1907,0.1850
4.9724,-2.155735,-1.931071,2.110278,-1.742549,-1.660517,2.628129,0.008086,-0.097997,0.239965,0.013509,-0.034163,0.018912,0.4544,-1.8233,-1.0348,-0.1359,-0.1777,0.1787
4.9825,-2.155694,-1.932086,2.112700,-1.742420,-1.660837,2.628263,0.004978,-0.105103,0.238311,0.012617,-0.034753,0.018113,0.4542,-1.8499,-1.0591,-0.1206,-0.1825,0.1806
4.9927,-2.155693,-1.933231,2.115085,-1.742281,-1.661173,2.628485,0.003321,-0.114759,0.240357,0.016529,-0.033112,0.018258,0.4291,-2.0585,-1.0116,-0.1273,-0.2095,0.1767
5.0023,-2.155630,-1.934461,2.117500,-1.742130,-1.661510,2.628695,0.001109,-0.123553,0.239627,0.016684,-0.033009,0.017874,0.4182,-1.9968,-1.0546,-0.1009,-0.1936,0.1736
5.0123,-2.155630,-1.935722,2.119890,-1.741914,-1.661808,2.628833,0.000547,-0.130945,0.236758,0.020520,-0.031693,0.017385,0.3710,-1.9471,-1.1279,-0.1029,-0.2084,0.1904
5.0223,-2.155661,-1.937123,2.122239,-1.741659,-1.662166,2.628993,0.000189,-0.137990,0.231651,0.024710,-0.029970,0.017986,0.2389,-1.9525,-1.0387,-0.1235,-0.2079,0.1637
5.0324,-2.155643,-1.938538,2.124567,-1.741432,-1.662381,2.629184,-0.000071,-0.142684,0.227781,0.024570,-0.028187,0.017542,0.2151,-1.9106,-1.1411,-0.0858,-0.2142,0.1600
5.0426,-2.155630,-1.939962,2.126798,-1.741192,-1.662663,2.629383,-0.000193,-0.144042,0.220021,0.027180,-0.025987,0.017233,0.1520,-1.9401,-1.0060,-0.0793,-0.2052,0.1814
5.0524,-2.155658,-1.941421,2.128937,-1.740864,-1.662939,2.629532,-0.000519,-0.148217,0.213820,0.031335,-0.023211,0.015925,0.0786,-1.7588,-1.1704,-0.1018,-0.1881,0.1695
5.0625,-2.155639,-1.942883,2.131020,-1.740538,-1.663119,2.629656,-0.000351,-0.149786,0.208924,0.033264,-0.019379,0.015749,0.0676,-1.6901,-1.2422,-0.1029,-0.2003,0.1668
5.0722,-2.155627,-1.944366,2.133061,-1.740183,-1.663280,2.629796,-0.000353,-0.151459,0.203006,0.035780,-0.017362,0.015614,0.0399,-1.6830,-1.0475,-0.0822,-0.1972,0.1582
5.0824,-2.155673,-1.945830,2.135064,-1.739767,-1.663444,2.629983,-0.001275,-0.148973,0.198014,0.036794,-0.013864,0.015072,-0.0124,-1.7270,-1.1917,-0.1052,-0.1648,0.1688
5.0921,-2.155673,-1.947304,2.137024,-1.739465,-1.663598,2.630111,-0.000308,-0.149213,0.200421,0.037671,-0.009965,0.014459,0.0489,-1.7465,-1.0039,-0.0688,-0.1847,0.1654
5.1023,-2.155670,-1.948768,2.138982,-1.739105,-1.663636,2.630286,-0.000249,-0.152350,0.198542,0.037521,-0.003928,0.013701,-0.0113,-1.6399,-0.8290,-0.0811,-0.1741,0.1659
5.1123,-2.155658,-1.950318,2.140987,-1.738698,-1.663676,2.630359,-0.000227,-0.150473,0.200031,0.037138,-0.002123,0.012976,-0.0373,-1.6471,-1.0381,-0.0937,-0.1420,0.1682
5.1226,-2.155655,-1.951849,2.143001,-1.738309,-1.663679,2.630511,-0.000154,-0.148326,0.201847,0.036695,-0.000863,0.011946,0.0040,-1.3945,-0.8353,-0.0944,-0.1068,0.1809
5.1323,-2.155666,-1.953334,2.145044,-1.737998,-1.663691,2.630630,-0.000080,-0.146623,0.207074,0.033105,-0.000193,0.012063,-0.0005,-1.3527,-1.0559,-0.0783,-0.0471,0.1651
5.1423,-2.155682,-1.954754,2.147115,-1.737670,-1.663667,2.630765,-0.000098,-0.138095,0.205328,0.031916,0.002713,0.011514,-0.0179,-1.3913,-0.8833,-0.0881,-0.0111,0.1788
5.1524,-2.155666,-1.956141,2.149220,-1.737351,-1.663621,2.630846,-0.000056,-0.131996,0.209112,0.029980,0.005231,0.010828,0.0643,-1.3451,-0.8627,-0.1036,0.0105,0.1641
5.1623,-2.155655,-1.957457,2.151292,-1.737118,-1.663595,2.630923,-0.000000,-0.126824,0.214007,0.024761,0.006881,0.009984,0.0981,-1.2411,-0.5770,-0.0654,0.0358,0.1694
5.1725,-2.155670,-1.958720,2.153549,-1.736871,-1.663489,2.631045,-0.000000,-0.125400,0.225353,0.023714,0.008223,0.010265,0.0952,-1.1559,-0.8154,-0.0712,0.0577,0.1758
5.1823,-2.155639,-1.959933,2.155887,-1.736648,-1.663436,2.631188,-0.000000,-0.116996,0.233902,0.020535,0.009545,0.009983,0.0752,-1.2088,-0.7995,-0.1231,0.0859,0.1693
5.1925,-2.155673,-1.961145,2.158297,-1.736445,-1.663309,2.631257,-0.000000,-0.118726,0.250555,0.016472,0.010489,0.010591,0.2163,-1.4754,-0.5479,-0.0958,0.0791,0.1741
5.2024,-2.155655,-1.962333,2.160860,-1.736337,-1.663244,2.631364,-0.000000,-0.119146,0.261730,0.008677,0.010814,0.010740,0.1693,-1.6089,-0.5729,-0.0895,0.0769,0.1843
5.2122,-2.155673,-1.963564,2.163575,-1.736241,-1.663121,2.631434,0.000000,-0.120828,0.274813,0.004586,0.011633,0.010745,0.1801,-1.5349,-0.6755,-0.1098,0.0810,0.1705
5.2226,-2.155646,-1.964780,2.166302,-1.736233,-1.663040,2.631556,0.000000,-0.121787,0.279161,0.001237,0.012026,0.010994,0.2131,-1.6768,-0.6434,-0.1276,0.1143,0.1786
5.2323,-2.155670,-1.966036,2.169153,-1.736261,-1.662920,2.631688,0.000195,-0.126984,0.283654,0.000671,0.012164,0.011068,0.2447,-1.6200,-0.7788,-0.1592,0.0935,0.1691
5.2428,-2.155658,-1.967287,2.172046,-1.736202,-1.662778,2.631815,0.000160,-0.127278,0.285620,0.000417,0.013212,0.011660,0.2824,-1.8365,-0.8329,-0.1880,0.1000,0.1669
5.2524,-2.155639,-1.968633,2.174913,-1.736237,-1.662658,2.631881,0.000082,-0.132760,0.282505,0.000313,0.013466,0.010336,0.0273,-1.6950,-1.0642,-0.2267,0.1348,0.1714
5.2624,-2.155658,-1.969930,2.177705,-1.736228,-1.662545,2.631980,-0.000048,-0.132229,0.275738,0.000076,0.013074,0.010013,0.1023,-1.6325,-1.0731,-0.2572,0.1019,0.1775
5.2723,-2.155673,-1.971257,2.180420,-1.736209,-1.662398,2.632073,-0.000038,-0.131426,0.270698,0.000000,0.013166,0.011219,0.0491,-1.6885,-1.2222,-0.2736,0.1309,0.1470
5.2828,-2.155658,-1.972564,2.183052,-1.736205,-1.662297,2.632195,-0.000031,-0.129832,0.255740,-0.000243,0.013977,0.010384,0.0992,-1.3936,-1.2950,-0.3183,0.1082,0.1693
5.2924,-2.155661,-1.973847,2.185538,-1.736221,-1.662162,2.632314,-0.000000,-0.128462,0.242217,-0.000821,0.013951,0.010893,0.1910,-1.4858,-1.2115,-0.3200,0.1217,0.1599
5.3024,-2.155630,-1.975100,2.187900,-1.736252,-1.662048,2.632391,-0.000000,-0.126955,0.226584,-0.000524,0.015075,0.010533,0.2426,-1.3525,-1.2579,-0.3164,0.1093,0.1652
5.3123,-2.155650,-1.976291,2.190050,-1.736233,-1.661913,2.632483,0.000510,-0.119519,0.213809,-0.000301,0.014505,0.010535,0.2803,-1.3421,-1.2753,-0.3063,0.1281,0.1749
5.3225,-2.155634,-1.977408,2.192078,-1.736225,-1.661750,2.632654,0.001081,-0.112788,0.197678,-0.000226,0.014090,0.011479,0.3520,-1.3569,-1.3802,-0.2904,0.1479,0.1681
5.3323,-2.155595,-1.978523,2.193952,-1.736244,-1.661582,2.632711,0.003437,-0.105330,0.179292,-0.000144,0.014240,0.011575,0.3971,-1.3043,-1.2878,-0.2364,0.1321,0.1705
5.3422,-2.155570,-1.979520,2.195622,-1.736205,-1.661447,2.632819,0.004724,-0.098126,0.162741,0.000132,0.014470,0.012011,0.4906,-1.2027,-1.3841,-0.1964,0.1361,0.1753
5.3523,-2.155526,-1.980430,2.197197,-1.736198,-1.661296,2.632951,0.006586,-0.090595,0.149078,0.001996,0.014510,0.012895,0.5737,-1.1213,-1.3507,-0.1530,0.1548,0.1644
5.3623,-2.155445,-1.981319,2.198538,-1.736158,-1.661190,2.633075,0.009525,-0.080377,0.131020,0.004316,0.014280,0.013023,0.5193,-1.1977,-1.3802,-0.1373,0.1552,0.1704
5.3724,-2.155330,-1.982057,2.199801,-1.736097,-1.661043,2.633209,0.010718,-0.072466,0.119603,0.006281,0.014983,0.013257,0.5735,-1.0604,-1.4527,-0.1223,0.1533,0.1850
5.3824,-2.155195,-1.982750,2.200926,-1.736054,-1.660894,2.633310,0.012516,-0.064091,0.107001,0.007612,0.014917,0.014262,0.5912,-1.0690,-1.4374,-0.1187,0.1552,0.1832
5.3923,-2.155062,-1.983332,2.201895,-1.735962,-1.660753,2.633481,0.014884,-0.056145,0.097472,0.008731,0.016747,0.015952,0.5809,-0.9317,-1.3514,-0.1197,0.1623,0.1761
5.4023,-2.154949,-1.983834,2.202826,-1.735882,-1.660559,2.633656,0.014887,-0.047790,0.086002,0.008272,0.017807,0.018086,0.6151,-1.0042,-1.2732,-0.1056,0.1685,0.1967
5.4124,-2.154765,-1.984289,2.203638,-1.735818,-1.660387,2.633857,0.015525,-0.040799,0.079295,0.008888,0.020502,0.020700,0.6276,-0.9307,-1.3465,-0.1160,0.1653,0.1772
5.4225,-2.154594,-1.984628,2.204378,-1.735718,-1.660140,2.634064,0.016632,-0.034711,0.072079,0.008868,0.022446,0.022804,0.5780,-0.9387,-1.4710,-0.1130,0.1646,0.1865
5.4323,-2.154441,-1.984920,2.205024,-1.735638,-1.659909,2.634324,0.017551,-0.027686,0.062864,0.009770,0.025579,0.025549,0.6339,-0.9652,-1.3270,-0.1100,0.1651,0.2052
5.4423,-2.154230,-1.985199,2.205658,-1.735523,-1.659645,2.634556,0.017651,-0.022968,0.057002,0.009998,0.028127,0.027410,0.6239,-0.9942,-1.4456,-0.0921,0.1637,0.1923
5.4523,-2.154099,-1.985378,2.206159,-1.735435,-1.659348,2.634839,0.018130,-0.017760,0.049946,0.010332,0.029884,0.027390,0.6362,-0.9082,-1.4977,-0.1115,0.1668,0.2030
5.4625,-2.153885,-1.985534,2.206682,-1.735320,-1.659044,2.635135,0.018614,-0.013309,0.044924,0.010278,0.032328,0.031725,0.6179,-0.9549,-1.5007,-0.1233,0.1847,0.1755
5.4723,-2.153693,-1.985642,2.207067,-1.735224,-1.658686,2.635465,0.019141,-0.008443,0.038459,0.010313,0.034785,0.032787,0.6189,-0.8712,-1.4282,-0.1110,0.1771,0.1707
5.4827,-2.153488,-1.985670,2.207418,-1.735160,-1.658278,2.635767,0.019898,-0.002618,0.033016,0.009340,0.037084,0.033635,0.6495,-0.7867,-1.5451,-0.1080,0.1992,0.1772
5.4924,-2.153272,-1.985670,2.207718,-1.735036,-1.657894,2.636152,0.020403,0.000903,0.027783,0.009241,0.041181,0.035088,0.6192,-0.5984,-1.3601,-0.0976,0.1640,0.1858
5.5022,-2.153080,-1.985631,2.207947,-1.734977,-1.657474,2.636488,0.020956,0.003490,0.025323,0.007593,0.043600,0.036310,0.6797,-0.3418,-1.4083,-0.0883,0.1798,0.1803
5.5123,-2.152851,-1.985599,2.208168,-1.734924,-1.657019,2.636899,0.021698,0.005207,0.022693,0.008045,0.045772,0.038367,0.7350,-0.2446,-1.4080,-0.0966,0.1725,0.1762
5.5223,-2.152639,-1.985508,2.208407,-1.734833,-1.656546,2.637251,0.021931,0.007321,0.021018,0.006489,0.048388,0.038522,0.7232,-0.1371,-1.3381,-0.0917,0.1907,0.1692
5.5322,-2.152398,-1.985428,2.208599,-1.734792,-1.656043,2.637622,0.023390,0.009457,0.020403,0.005234,0.054173,0.039133,0.7577,-0.1682,-1.4252,-0.0924,0.1608,0.1845
5.5425,-2.152174,-1.985321,2.208787,-1.734725,-1.655438,2.638018,0.024641,0.010452,0.020688,0.005116,0.057045,0.039849,0.7950,-0.0491,-1.2989,-0.0893,0.2190,0.1790
5.5524,-2.151879,-1.985221,2.209019,-1.734705,-1.654854,2.638402,0.027467,0.011729,0.020846,0.004366,0.061275,0.039167,0.6639,0.0467,-1.3482,-0.0863,0.2078,0.1665
5.5623,-2.151586,-1.985136,2.209238,-1.734637,-1.654155,2.638828,0.028134,0.012239,0.022475,0.004071,0.068747,0.040164,0.7481,0.1132,-1.2512,-0.0838,0.2307,0.1551
5.5724,-2.151298,-1.984985,2.209487,-1.734602,-1.653399,2.639196,0.030903,0.012308,0.024941,0.003668,0.078717,0.038589,0.7095,0.0551,-1.1654,-0.0859,0.2542,0.1689
5.5825,-2.150986,-1.984862,2.209793,-1.734593,-1.652486,2.639520,0.031053,0.012975,0.028423,0.002965,0.090333,0.038381,0.7675,0.0273,-1.2362,-0.0924,0.2390,0.1672
5.5923,-2.150649,-1.984707,2.210055,-1.734530,-1.651510,2.639911,0.034082,0.013595,0.035679,0.003909,0.108726,0.038252,0.6703,0.0376,-1.0924,-0.0828,0.2853,0.1718
5.6023,-2.150297,-1.984606,2.210453,-1.734553,-1.650323,2.640302,0.033250,0.012663,0.038943,0.002733,0.128787,0.038168,0.7670,0.2417,-1.1281,-0.0615,0.3192,0.1797
5.6123,-2.149964,-1.984459,2.210901,-1.734486,-1.648890,2.640681,0.034119,0.013642,0.045563,0.003258,0.152325,0.037582,0.7705,0.1877,-1.2427,-0.0757,0.3269,0.1729
5.6226,-2.149620,-1.984328,2.211365,-1.734500,-1.647253,2.641030,0.034070,0.014840,0.050645,0.003644,0.175917,0.037987,0.7530,0.2774,-1.1259,-0.0762,0.3587,0.1885
5.6324,-2.149271,-1.984184,2.211912,-1.734422,-1.645308,2.641433,0.033810,0.016192,0.055280,0.003384,0.204358,0.038619,0.7424,0.2465,-1.1105,-0.0737,0.3400,0.1810
5.6431,-2.148923,-1.984013,2.212508,-1.734421,-1.643109,2.641823,0.033034,0.016074,0.061803,0.003234,0.229041,0.038387,0.7304,0.3241,-1.0418,-0.0773,0.3657,0.1757
5.6524,-2.148601,-1.983833,2.213175,-1.734378,-1.640695,2.642172,0.032886,0.017503,0.068168,0.002578,0.255776,0.040268,0.7396,0.3020,-1.1654,-0.0686,0.3877,0.1737
5.6624,-2.148266,-1.983627,2.213867,-1.734385,-1.638032,2.642598,0.031785,0.019244,0.073935,0.002474,0.283793,0.040326,0.7483,0.2783,-1.0026,-0.0857,0.3728,0.1747
5.6724,-2.147953,-1.983439,2.214644,-1.734373,-1.634994,2.643034,0.031251,0.020832,0.080411,0.002279,0.310415,0.042366,0.6510,0.2555,-0.9680,-0.0736,0.3438,0.1896
5.6824,-2.147633,-1.983205,2.215506,-1.734330,-1.631799,2.643528,0.029246,0.022947,0.087296,0.001381,0.328501,0.045216,0.7842,0.2930,-0.9843,-0.0944,0.3293,0.2022
5.6923,-2.147349,-1.983000,2.216421,-1.734306,-1.628335,2.644016,0.028728,0.025620,0.095379,0.001990,0.352112,0.056464,0.7559,0.4474,-0.9366,-0.0821,0.3521,0.1964
5.7023,-2.147056,-1.982706,2.217417,-1.734321,-1.624605,2.644642,0.027657,0.026946,0.101337,0.000724,0.368905,0.066874,0.7444,0.4369,-0.9934,-0.1207,0.3739,0.2263
5.7124,-2.146768,-1.982403,2.218501,-1.734313,-1.620822,2.645385,0.027006,0.030189,0.110616,0.000401,0.376926,0.078838,0.7357,0.4304,-1.0596,-0.1431,0.3580,0.2250
5.7223,-2.146500,-1.982081,2.219623,-1.734325,-1.616941,2.646294,0.026275,0.033348,0.116498,0.000222,0.382552,0.093049,0.6977,0.4555,-0.8100,-0.2080,0.3549,0.2372
5.7324,-2.146268,-1.981746,2.220776,-1.734346,-1.613102,2.647367,0.025048,0.034364,0.121660,-0.001664,0.386368,0.106152,0.7752,0.5036,-0.8894,-0.2662,0.3697,0.2734
5.7425,-2.146011,-1.981422,2.222055,-1.734314,-1.609309,2.648553,0.024266,0.037246,0.128261,-0.003525,0.382912,0.121991,0.7326,0.4239,-0.9477,-0.3261,0.3581,0.2480
5.7523,-2.145786,-1.981020,2.223347,-1.734412,-1.605545,2.649883,0.023647,0.039162,0.135354,-0.007234,0.378482,0.135175,0.7599,0.3886,-1.0183,-0.3412,0.2903,0.2698
5.7628,-2.145547,-1.980626,2.224694,-1.734478,-1.601835,2.651329,0.023168,0.042278,0.137568,-0.011551,0.362902,0.150431,0.7271,0.4287,-0.8700,-0.3461,0.2650,0.2495
5.7726,-2.145315,-1.980164,2.226116,-1.734582,-1.598345,2.652981,0.022404,0.043517,0.144381,-0.012739,0.345365,0.165148,0.7278,0.3251,-0.8745,-0.3913,0.2497,0.2526
5.7823,-2.145118,-1.979725,2.227537,-1.734700,-1.594975,2.654714,0.022017,0.044587,0.146788,-0.013214,0.320027,0.175297,0.7370,0.3826,-1.0660,-0.4113,0.2425,0.2648
5.7924,-2.144870,-1.979274,2.229040,-1.734831,-1.591862,2.656555,0.022753,0.046819,0.152836,-0.013651,0.294780,0.192299,0.7827,0.3967,-0.8758,-0.4485,0.2196,0.2658
5.8025,-2.144664,-1.978816,2.230544,-1.734995,-1.589051,2.658557,0.024262,0.046600,0.155360,-0.018298,0.265527,0.204290,0.8226,0.4215,-0.9768,-0.4139,0.2395,0.2652
5.8122,-2.144386,-1.978354,2.232174,-1.735179,-1.586565,2.660645,0.026022,0.047067,0.158181,-0.020812,0.241913,0.217101,0.8425,0.3882,-1.0340,-0.4342,0.2117,0.2915
5.8223,-2.144121,-1.977848,2.233749,-1.735373,-1.584307,2.662860,0.028195,0.047272,0.156954,-0.023030,0.214686,0.229656,0.9195,0.2742,-1.0773,-0.4595,0.2290,0.2879
5.8323,-2.143841,-1.977428,2.235312,-1.735618,-1.582393,2.665134,0.032548,0.045765,0.154967,-0.028178,0.187565,0.238155,0.9610,0.2763,-1.0430,-0.4676,0.2151,0.2725
5.8422,-2.143488,-1.976963,2.236855,-1.735924,-1.580700,2.667580,0.036421,0.045721,0.152139,-0.029846,0.164314,0.244545,0.9864,0.1885,-1.1093,-0.4573,0.2151,0.2874
5.8523,-2.143092,-1.976532,2.238336,-1.736208,-1.579224,2.670053,0.041283,0.044106,0.150577,-0.032644,0.139956,0.248626,1.0936,0.2297,-1.2655,-0.4521,0.1824,0.2730
5.8627,-2.142647,-1.976113,2.239808,-1.736531,-1.578004,2.672524,0.047763,0.041546,0.142181,-0.034363,0.117313,0.250089,1.0714,0.2432,-1.2935,-0.4642,0.2014,0.2475
5.8723,-2.142123,-1.975704,2.241210,-1.736874,-1.576972,2.675021,0.056260,0.039793,0.135376,-0.036923,0.096171,0.251384,1.2560,0.2216,-1.3401,-0.4608,0.1822,0.2411
5.8825,-2.141507,-1.975333,2.242561,-1.737252,-1.576175,2.677596,0.066721,0.037408,0.130848,-0.036872,0.075104,0.249050,1.1512,0.3446,-1.4686,-0.4850,0.1908,0.2113
5.8924,-2.140767,-1.974981,2.243805,-1.737620,-1.575496,2.680031,0.081142,0.038547,0.121879,-0.037436,0.056804,0.244266,1.3184,0.1913,-1.4361,-0.5013,0.1888,0.2429
5.9026,-2.139914,-1.974626,2.244934,-1.738019,-1.575090,2.682534,0.093075,0.038789,0.112151,-0.041163,0.041650,0.239801,1.4771,0.2801,-1.3143,-0.4930,0.1940,0.2665
5.9122,-2.138926,-1.974217,2.245998,-1.738453,-1.574742,2.684947,0.106956,0.038822,0.103502,-0.040914,0.028637,0.237490,1.4534,0.3388,-1.2579,-0.5133,0.1970,0.2135
5.9224,-2.137785,-1.973858,2.247022,-1.738908,-1.574506,2.687259,0.122348,0.041130,0.096073,-0.042136,0.018854,0.227734,1.3934,0.4163,-1.1046,-0.4988,0.1934,0.2021
5.9321,-2.136455,-1.973403,2.247969,-1.739347,-1.574377,2.689429,0.136950,0.046403,0.093166,-0.044039,0.010415,0.216613,1.4364,0.3498,-1.2430,-0.4732,0.1883,0.2104
5.9424,-2.135059,-1.972945,2.248853,-1.739770,-1.574373,2.691518,0.147681,0.049185,0.085448,-0.042918,0.001749,0.204162,1.6421,0.5400,-1.2604,-0.4592,0.1068,0.1759
5.9525,-2.133519,-1.972422,2.249677,-1.740166,-1.574365,2.693430,0.161056,0.058854,0.080327,-0.042328,0.000115,0.189533,1.4554,0.5488,-1.0918,-0.4363,-0.0031,0.2142
5.9625,-2.131816,-1.971809,2.250457,-1.740631,-1.574394,2.695149,0.176465,0.068367,0.079068,-0.041541,-0.004713,0.173119,1.4773,0.7757,-1.0216,-0.4293,-0.0750,0.1912
5.9726,-2.129980,-1.971049,2.251245,-1.741031,-1.574465,2.696767,0.195283,0.086391,0.081670,-0.039892,-0.009769,0.155073,1.3400,0.8174,-1.0018,-0.4307,-0.1090,0.1813
5.9823,-2.127958,-1.970133,2.252076,-1.741405,-1.574580,2.698201,0.207463,0.096923,0.084006,-0.036317,-0.011768,0.137567,1.2801,0.8664,-0.8742,-0.4522,-0.1088,0.1676
5.9924,-2.125748,-1.969057,2.252956,-1.741789,-1.574700,2.699439,0.226636,0.123353,0.091516,-0.034882,-0.011567,0.118592,1.3389,1.2450,-0.7414,-0.4476,-0.1305,0.1645
6.0023,-2.123401,-1.967679,2.253867,-1.742141,-1.574788,2.700541,0.235052,0.141022,0.093473,-0.037641,-0.014255,0.101971,1.4443,1.2322,-0.6852,-0.4192,-0.1378,0.1593
6.0122,-2.120937,-1.966157,2.254856,-1.742530,-1.574904,2.701456,0.241599,0.161342,0.104549,-0.037964,-0.015672,0.085540,1.2216,1.1558,-1.0245,-0.4433,-0.1498,0.1609
6.0223,-2.118477,-1.964421,2.255915,-1.742881,-1.575029,2.702215,0.246900,0.180303,0.106649,-0.037215,-0.015915,0.070235,1.3305,1.1890,-0.8337,-0.4476,-0.1806,0.1453
6.0326,-2.115988,-1.962511,2.257001,-1.743257,-1.575196,2.702850,0.245398,0.193184,0.110155,-0.038835,-0.016189,0.055018,1.2954,1.0336,-0.8205,-0.4580,-0.1659,0.1479
6.0427,-2.113527,-1.960451,2.258117,-1.743632,-1.575281,2.703329,0.243093,0.204775,0.114245,-0.036709,-0.013598,0.042482,1.2132,0.9505,-0.9052,-0.4581,-0.1852,0.1522
6.0523,-2.111108,-1.958310,2.259246,-1.743991,-1.575425,2.703635,0.236648,0.210600,0.116284,-0.039396,-0.013267,0.031786,1.3145,0.8755,-0.9051,-0.4533,-0.1904,0.1452
6.0623,-2.108822,-1.956118,2.260472,-1.744433,-1.575533,2.703890,0.232772,0.215564,0.116948,-0.042137,-0.010889,0.020846,1.2631,0.6744,-1.0084,-0.4780,-0.1718,0.1470
6.0723,-2.106578,-1.953931,2.261635,-1.744852,-1.575621,2.704035,0.224985,0.218552,0.116257,-0.046947,-0.006872,0.013500,1.2154,0.4156,-1.1724,-0.4864,-0.1930,0.1312
6.0824,-2.104422,-1.951778,2.262783,-1.745370,-1.575653,2.704122,0.215639,0.209941,0.113981,-0.053895,-0.003929,0.004036,1.0224,0.4580,-1.1457,-0.4872,-0.1921,0.1089
6.0922,-2.102318,-1.949663,2.263942,-1.745979,-1.575677,2.704119,0.205592,0.205017,0.113298,-0.062885,-0.002901,0.000017,1.0683,0.3899,-1.1312,-0.5377,-0.1894,0.0350
6.1024,-2.100347,-1.947657,2.265030,-1.746682,-1.575720,2.704079,0.195851,0.197013,0.109764,-0.077757,-0.001823,-0.004908,1.0720,0.3311,-1.1133,-0.5174,-0.1954,-0.0418
6.1123,-2.098443,-1.945732,2.266130,-1.747527,-1.575736,2.704026,0.187616,0.187246,0.108773,-0.088726,-0.000908,-0.010172,0.9691,0.2165,-1.1549,-0.5357,-0.1878,-0.0497
6.1229,-2.096686,-1.944008,2.267213,-1.748521,-1.575717,2.703923,0.173601,0.173008,0.106056,-0.102039,-0.000710,-0.012165,0.9730,0.0707,-1.3847,-0.5821,-0.1569,-0.0652
6.1326,-2.094978,-1.942405,2.268249,-1.749680,-1.575701,2.703831,0.161445,0.157532,0.103169,-0.121298,-0.000429,-0.012202,0.7015,0.0889,-1.2995,-0.5967,-0.1481,-0.0729
6.1424,-2.093433,-1.940917,2.269261,-1.751016,-1.575694,2.703720,0.147614,0.142941,0.098617,-0.140580,-0.000307,-0.013864,0.7649,0.0418,-1.2374,-0.5802,-0.1148,-0.0924
6.1525,-2.092039,-1.939603,2.270244,-1.752515,-1.575697,2.703585,0.134633,0.128682,0.093570,-0.154024,-0.000199,-0.016240,0.7145,-0.0589,-1.3255,-0.6175,-0.0769,-0.0846
6.1628,-2.090743,-1.938429,2.271140,-1.754179,-1.575732,2.703496,0.119601,0.113206,0.090108,-0.175737,-0.000130,-0.017856,0.6519,-0.0132,-1.3803,-0.5536,-0.0371,-0.1181
6.1724,-2.089613,-1.937389,2.271966,-1.756054,-1.575698,2.703397,0.105947,0.098021,0.084504,-0.187968,0.000831,-0.021220,0.7157,-0.1195,-1.3580,-0.6287,0.0368,-0.1233
6.1825,-2.088637,-1.936502,2.272855,-1.758071,-1.575708,2.703198,0.092148,0.084639,0.079889,-0.205980,0.001764,-0.022795,0.7026,-0.1022,-1.3369,-0.5721,0.0647,-0.1347
6.1924,-2.087776,-1.935725,2.273580,-1.760260,-1.575700,2.702979,0.078037,0.071564,0.076583,-0.228607,0.003584,-0.023968,0.6347,-0.1390,-1.5003,-0.6468,0.0709,-0.1711
6.2024,-2.087025,-1.935083,2.274354,-1.762658,-1.575629,2.702754,0.069131,0.058918,0.069778,-0.244564,0.004260,-0.024181,0.5563,-0.1075,-1.3778,-0.6410,0.1055,-0.1771
6.2123,-2.086389,-1.934579,2.274988,-1.765232,-1.575578,2.702546,0.057433,0.047659,0.064527,-0.265071,0.006059,-0.024745,0.6935,-0.2158,-1.3752,-0.5979,0.0877,-0.1650
6.2226,-2.085882,-1.934132,2.275619,-1.767898,-1.575521,2.702307,0.046354,0.038222,0.058478,-0.281025,0.005631,-0.023495,0.7491,-0.1626,-1.3351,-0.6243,0.0935,-0.1856
6.2323,-2.085450,-1.933800,2.276151,-1.770736,-1.575501,2.702083,0.038725,0.031335,0.052998,-0.289585,0.005684,-0.023326,0.6753,-0.2332,-1.3770,-0.6240,0.1289,-0.1583
6.2423,-2.085095,-1.933548,2.276652,-1.773714,-1.575446,2.701820,0.032168,0.023686,0.047632,-0.296835,0.005958,-0.022194,0.5666,-0.2457,-1.3450,-0.6066,0.1143,-0.1527
6.2522,-2.084842,-1.933333,2.277143,-1.776747,-1.575385,2.701628,0.024503,0.018120,0.041283,-0.300820,0.005145,-0.021597,0.5736,-0.2004,-1.2829,-0.5647,0.1406,-0.1414
6.2623,-2.084637,-1.933177,2.277500,-1.779733,-1.575349,2.701452,0.017807,0.013041,0.037148,-0.298545,0.004739,-0.019999,0.6304,-0.1551,-1.3198,-0.5919,0.1259,-0.1701
6.2724,-2.084501,-1.933061,2.277819,-1.782769,-1.575333,2.701260,0.013205,0.010579,0.030890,-0.301936,0.004360,-0.017690,0.5534,-0.2070,-1.2544,-0.5588,0.1416,-0.1803
6.2826,-2.084385,-1.933004,2.278120,-1.785794,-1.575277,2.701096,0.008407,0.006195,0.027953,-0.296638,0.004342,-0.016926,0.5199,-0.1012,-1.2871,-0.5602,0.1278,-0.1607
6.2922,-2.084333,-1.932947,2.278388,-1.788748,-1.575273,2.700922,0.002246,0.010759,0.024148,-0.301335,0.003740,-0.015261,0.3926,0.1485,-1.3854,-0.5951,0.1483,-0.1651
6.3024,-2.084345,-1.932793,2.278600,-1.791794,-1.575252,2.700800,0.000383,0.013626,0.020595,-0.301223,0.003303,-0.013648,0.2798,0.2407,-1.3843,-0.5770,0.1588,-0.1534
6.3125,-2.084361,-1.932637,2.278789,-1.794850,-1.575202,2.700662,-0.001078,0.020544,0.016694,-0.303412,0.003125,-0.013106,0.1974,0.4175,-1.3498,-0.5502,0.1429,-0.1833
6.3223,-2.084361,-1.932402,2.278909,-1.797814,-1.575225,2.700509,-0.000770,0.031277,0.013073,-0.302089,0.003446,-0.012489,0.0792,0.5709,-1.2757,-0.5791,0.1558,-0.1713
6.3322,-2.084385,-1.931987,2.279047,-1.800847,-1.575177,2.700386,-0.002166,0.046338,0.011204,-0.305386,0.003118,-0.013133,0.0627,0.6381,-1.3694,-0.5574,0.1600,-0.1690
6.3428,-2.084365,-1.931456,2.279121,-1.803878,-1.575130,2.700261,-0.002292,0.060149,0.006754,-0.304038,0.001983,-0.012328,-0.1279,0.7880,-1.4028,-0.5443,0.1582,-0.1795
6.3524,-2.084445,-1.930722,2.279138,-1.806955,-1.575125,2.700122,-0.002345,0.079462,0.002976,-0.302407,0.002759,-0.012576,-0.2306,0.9604,-1.4095,-0.5665,0.1531,-0.1664
6.3624,-2.084441,-1.929777,2.279157,-1.809982,-1.575132,2.700046,-0.003660,0.106408,0.001151,-0.309591,0.001798,-0.012643,-0.2597,1.1624,-1.5152,-0.5763,0.1556,-0.1676
6.3724,-2.084477,-1.928431,2.279160,-1.813214,-1.575101,2.699886,-0.004094,0.141870,0.000001,-0.321447,0.001944,-0.012693,-0.2900,1.2301,-1.7187,-0.5764,0.1437,-0.1815
6.3825,-2.084520,-1.926889,2.279121,-1.816445,-1.575100,2.699770,-0.002816,0.165682,-0.002156,-0.329726,0.001234,-0.013209,-0.3567,1.4597,-1.8796,-0.5559,0.1734,-0.1911
6.3927,-2.084537,-1.924913,2.279093,-1.819790,-1.575085,2.699626,-0.004854,0.214967,-0.003758,-0.344312,0.001587,-0.014006,-0.4831,1.9857,-1.9807,-0.6448,0.1557,-0.1900
6.4029,-2.084573,-1.922557,2.279069,-1.823420,-1.575065,2.699444,-0.002548,0.245243,-0.004992,-0.369478,0.001387,-0.016258,-0.4784,1.9238,-2.1602,-0.5963,0.1652,-0.1982
6.4122,-2.084605,-1.919860,2.279013,-1.827164,-1.575056,2.699296,-0.003455,0.277549,-0.006074,-0.383421,0.000860,-0.018030,-0.3831,1.6210,-2.1987,-0.6306,0.1466,-0.1918
6.4223,-2.084645,-1.916905,2.278952,-1.831003,-1.575060,2.699092,-0.003062,0.304961,-0.007606,-0.399120,0.000498,-0.019152,-0.4841,1.5801,-2.3472,-0.6227,0.1289,-0.1789
6.4323,-2.084697,-1.913715,2.278897,-1.835037,-1.575069,2.698885,-0.003479,0.328095,-0.008443,-0.412536,0.000368,-0.020646,-0.3402,1.2922,-2.3955,-0.5964,0.1414,-0.1862
6.4426,-2.084701,-1.910380,2.278828,-1.839258,-1.575060,2.698669,-0.002136,0.342259,-0.008068,-0.417983,0.000365,-0.021490,-0.3762,1.0427,-2.4121,-0.5909,0.1441,-0.1966
6.4523,-2.084745,-1.906950,2.278698,-1.843476,-1.575056,2.698473,-0.002324,0.349918,-0.009220,-0.419292,0.000349,-0.022010,-0.4050,1.0496,-2.4282,-0.6385,0.1498,-0.1791
6.4623,-2.084753,-1.903375,2.278617,-1.847734,-1.575034,2.698233,-0.002405,0.355090,-0.009341,-0.421793,0.000340,-0.023058,-0.3081,0.8211,-2.4880,-0.6029,0.1467,-0.1729
6.4724,-2.084789,-1.899789,2.278533,-1.851968,-1.575025,2.697982,-0.002093,0.353900,-0.010323,-0.427078,0.000328,-0.023347,-0.3509,0.7178,-2.5325,-0.5444,0.1431,-0.1915
6.4823,-2.084797,-1.896198,2.278446,-1.856209,-1.575029,2.697742,-0.001180,0.347365,-0.009958,-0.418379,0.000337,-0.025014,-0.3525,0.6633,-2.5205,-0.5880,0.1443,-0.1750
6.4922,-2.084809,-1.892620,2.278357,-1.860430,-1.575017,2.697490,-0.002557,0.349260,-0.010589,-0.427160,0.000304,-0.026881,-0.2558,0.5216,-2.5306,-0.6344,0.1451,-0.1693
6.5023,-2.084825,-1.889160,2.278252,-1.864638,-1.575045,2.697203,-0.000894,0.341094,-0.010544,-0.432305,0.000253,-0.024932,-0.1595,0.4201,-2.6857,-0.6425,0.1473,-0.1894
6.5123,-2.084821,-1.885810,2.278153,-1.868928,-1.575029,2.696933,-0.000170,0.334322,-0.011906,-0.433399,0.000200,-0.026720,-0.1366,0.3605,-2.7153,-0.6221,0.1324,-0.1922
6.5224,-2.084822,-1.882550,2.278024,-1.873294,-1.575056,2.696657,-0.000000,0.327792,-0.014343,-0.433631,0.000164,-0.027240,-0.0198,0.6289,-2.6715,-0.6122,0.1393,-0.1742
6.5325,-2.084813,-1.879335,2.277834,-1.877715,-1.574994,2.696393,-0.000000,0.327902,-0.015952,-0.433805,0.000138,-0.027225,0.1269,0.5371,-2.6722,-0.6233,0.1276,-0.1679
6.5424,-2.084785,-1.876191,2.277651,-1.882065,-1.575025,2.696135,0.001646,0.319523,-0.018362,-0.427592,0.000144,-0.026551,0.1057,0.6606,-2.6749,-0.6296,0.1279,-0.1740
6.5525,-2.084765,-1.873024,2.277454,-1.886320,-1.575014,2.695902,0.003477,0.315225,-0.021144,-0.424049,0.000127,-0.026524,0.1460,0.7004,-2.6581,-0.6011,0.1261,-0.1759
6.5624,-2.084772,-1.869849,2.277237,-1.890492,-1.575025,2.695638,0.002568,0.314491,-0.025801,-0.415224,0.000114,-0.025646,0.2767,0.6724,-2.6836,-0.6232,0.1173,-0.1946
6.5725,-2.084713,-1.866614,2.276958,-1.894571,-1.575048,2.695415,0.003656,0.317647,-0.027755,-0.411646,0.000103,-0.025374,0.3667,0.4375,-2.6904,-0.6144,0.1392,-0.1856
6.5824,-2.084689,-1.863422,2.276660,-1.898634,-1.575045,2.695151,0.003946,0.311057,-0.029913,-0.406532,0.000094,-0.025670,0.3484,0.5109,-2.7687,-0.6018,0.1216,-0.1729
6.5923,-2.084653,-1.860175,2.276366,-1.902709,-1.575025,2.694915,0.002151,0.331335,-0.032374,-0.410082,0.000086,-0.024445,0.3805,0.8509,-2.7731,-0.6506,0.1323,-0.1709
6.6025,-2.084617,-1.856818,2.276017,-1.906891,-1.575045,2.694675,0.004991,0.339596,-0.035984,-0.415176,0.000093,-0.023400,0.4065,1.3813,-2.7219,-0.5743,0.1309,-0.1677
6.6124,-2.084576,-1.853359,2.275608,-1.911086,-1.575052,2.694432,0.005695,0.356938,-0.039103,-0.415302,0.000087,-0.022622,0.4829,1.0963,-2.7306,-0.5486,0.1263,-0.1605
6.6224,-2.084528,-1.849758,2.275173,-1.915260,-1.575029,2.694223,0.005806,0.374701,-0.042107,-0.414311,0.000081,-0.021647,0.4838,1.5494,-2.6678,-0.5963,0.1280,-0.1732
6.6324,-2.084453,-1.845898,2.274737,-1.919439,-1.575041,2.693989,0.005968,0.397097,-0.044045,-0.415975,0.000076,-0.021862,0.5628,1.0935,-2.7376,-0.6101,0.1250,-0.1602
6.6424,-2.084389,-1.841911,2.274280,-1.923546,-1.575045,2.693766,0.006207,0.409111,-0.046760,-0.412914,0.000072,-0.019928,0.5719,1.0882,-2.7018,-0.6162,0.1285,-0.1613
6.6528,-2.084372,-1.837699,2.273784,-1.927611,-1.575033,2.693566,0.006002,0.418236,-0.049165,-0.410711,0.000000,-0.018247,0.4992,1.0771,-2.6347,-0.5205,0.1346,-0.1681
6.6629,-2.084316,-1.833343,2.273297,-1.931648,-1.575041,2.693418,0.005112,0.430363,-0.048093,-0.399107,0.000000,-0.017597,0.6172,0.9038,-2.8135,-0.5550,0.1448,-0.1613
6.6723,-2.084273,-1.828921,2.272840,-1.935619,-1.575017,2.693238,0.004484,0.437932,-0.050091,-0.389484,0.000000,-0.016743,0.6623,0.6696,-2.6976,-0.5767,0.1444,-0.1562
6.6823,-2.084217,-1.824569,2.272305,-1.939454,-1.575025,2.693067,0.004812,0.430710,-0.049548,-0.374709,0.000000,-0.015913,0.6455,0.6576,-2.6963,-0.6009,0.1376,-0.1538
6.6924,-2.084189,-1.820147,2.271837,-1.943254,-1.574998,2.692930,0.002441,0.447448,-0.049251,-0.371147,0.000000,-0.014137,0.6038,0.8124,-2.7099,-0.5977,0.1181,-0.1689
6.7024,-2.084149,-1.815755,2.271333,-1.946970,-1.574998,2.692795,0.004490,0.446987,-0.049054,-0.366574,0.000000,-0.012393,0.6256,0.6895,-2.7022,-0.5932,0.1411,-0.1801
6.7124,-2.084148,-1.811381,2.270822,-1.950619,-1.575013,2.692686,0.004482,0.447263,-0.050098,-0.355066,0.000000,-0.012119,0.6468,0.6289,-2.5892,-0.6201,0.1381,-0.1805
6.7224,-2.084093,-1.806871,2.270318,-1.954133,-1.574998,2.692555,0.004122,0.442914,-0.049365,-0.354260,0.000000,-0.011074,0.6054,0.7312,-2.5640,-0.6002,0.1371,-0.1686
6.7323,-2.084061,-1.802360,2.269823,-1.957628,-1.575021,2.692448,0.004132,0.440621,-0.047563,-0.351980,0.000000,-0.010157,0.5878,0.4107,-2.6251,-0.5688,0.1311,-0.1694
6.7424,-2.083989,-1.797947,2.269368,-1.961031,-1.574986,2.692387,0.003592,0.430525,-0.044534,-0.346196,0.000000,-0.008478,0.6322,0.1769,-2.8267,-0.5909,0.1431,-0.1733
6.7523,-2.083969,-1.793648,2.268947,-1.964469,-1.575029,2.692288,0.003112,0.417300,-0.043288,-0.336886,0.000000,-0.007828,0.6808,0.1196,-2.8965,-0.6362,0.1426,-0.1556
6.7625,-2.083973,-1.789568,2.268549,-1.967848,-1.575021,2.692262,0.001658,0.406174,-0.043460,-0.335740,0.000000,-0.006679,0.6913,-0.1309,-2.8470,-0.6004,0.1406,-0.1707
6.7724,-2.083957,-1.785608,2.268083,-1.971183,-1.574979,2.692191,0.001470,0.390804,-0.045007,-0.326769,0.000000,-0.005727,0.7530,-0.3192,-2.8342,-0.6035,0.1454,-0.1586
6.7824,-2.083940,-1.781912,2.267600,-1.974478,-1.575014,2.692139,0.002822,0.369214,-0.045768,-0.323716,0.000000,-0.005199,0.6711,-0.1637,-2.8438,-0.6066,0.1584,-0.1624
6.7926,-2.083897,-1.778391,2.267076,-1.977806,-1.575038,2.692115,0.002587,0.347571,-0.052592,-0.321817,0.000000,-0.003142,0.6464,-0.0613,-2.8695,-0.6064,0.1414,-0.1807
6.8025,-2.083889,-1.774966,2.266552,-1.981046,-1.575038,2.692071,0.002381,0.328575,-0.054858,-0.319673,0.000000,-0.003575,0.7331,-0.2958,-2.8064,-0.5922,0.1291,-0.1602
6.8124,-2.083856,-1.771768,2.266005,-1.984241,-1.575005,2.691996,0.003752,0.306173,-0.057168,-0.318592,0.000000,-0.004630,0.6417,-0.4259,-2.8955,-0.5880,0.0863,-0.1577
6.8223,-2.083825,-1.768738,2.265447,-1.987332,-1.575017,2.692011,0.002536,0.281136,-0.062571,-0.315122,0.000000,-0.003499,0.6155,-0.8105,-2.9625,-0.6397,0.0477,-0.1780
6.8324,-2.083856,-1.766023,2.264785,-1.990424,-1.575045,2.691944,0.000902,0.254314,-0.066367,-0.312602,0.000000,-0.003108,0.7358,-0.9214,-3.1766,-0.6203,0.0008,-0.1487
6.8424,-2.083829,-1.763627,2.264086,-1.993543,-1.575076,2.691936,0.000491,0.225520,-0.073623,-0.309603,0.000000,-0.002155,0.6501,-0.9137,-3.2216,-0.6359,-0.0456,-0.1688
6.8524,-2.083841,-1.761560,2.263278,-1.996637,-1.575064,2.691896,0.000338,0.196802,-0.082756,-0.304982,-0.001976,-0.002469,0.5760,-0.8873,-3.0352,-0.5824,-0.0820,-0.1516
6.8623,-2.083822,-1.759782,2.262357,-1.999662,-1.575077,2.691888,0.000214,0.168910,-0.091246,-0.298321,-0.003890,-0.001749,0.5301,-0.6998,-3.1289,-0.5921,-0.1276,-0.1510
6.8724,-2.083817,-1.758269,2.261428,-2.002629,-1.575132,2.691845,-0.000013,0.143914,-0.100382,-0.294924,-0.005347,-0.001752,0.3927,-0.6991,-3.0547,-0.5585,-0.1278,-0.1481
6.8823,-2.083810,-1.756955,2.260396,-2.005573,-1.575149,2.691848,-0.000092,0.122691,-0.109778,-0.282381,-0.006604,-0.001542,0.3534,-0.7593,-2.9295,-0.6002,-0.1553,-0.1612
6.8924,-2.083841,-1.755895,2.259226,-2.008373,-1.575221,2.691840,-0.000694,0.100391,-0.126872,-0.284803,-0.011420,-0.001028,0.2002,-0.9158,-3.2534,-0.6568,-0.1701,-0.1212
6.9023,-2.083868,-1.754950,2.257869,-2.011264,-1.575404,2.691840,-0.001053,0.081815,-0.138172,-0.282735,-0.014940,-0.000566,0.1627,-0.9644,-3.5053,-0.6672,-0.1968,-0.1052
6.9124,-2.083888,-1.754285,2.256420,-2.014103,-1.575516,2.691867,-0.002050,0.064325,-0.154009,-0.282605,-0.015204,-0.000085,0.1278,-1.0038,-3.3481,-0.5999,-0.1888,-0.0575
6.9227,-2.083889,-1.753777,2.254813,-2.016866,-1.575629,2.691852,-0.004978,0.047695,-0.171506,-0.280059,-0.017901,0.002729,-0.0540,-0.9133,-3.5933,-0.5912,-0.2099,-0.0034
6.9322,-2.083940,-1.753413,2.252992,-2.019536,-1.575837,2.691875,-0.003560,0.033929,-0.190117,-0.267420,-0.022746,0.003455,-0.1557,-0.7833,-3.3605,-0.6023,-0.2260,0.0504
6.9424,-2.083961,-1.753141,2.250988,-2.022189,-1.576068,2.691908,-0.003916,0.023612,-0.206880,-0.259227,-0.026176,0.006921,-0.2219,-0.8093,-3.3138,-0.5914,-0.2444,0.0463
6.9523,-2.083978,-1.752937,2.248822,-2.024729,-1.576387,2.692026,-0.004012,0.014522,-0.221265,-0.250192,-0.032320,0.009335,-0.3066,-0.8911,-3.3750,-0.5375,-0.2399,0.0533
6.9623,-2.084064,-1.752881,2.246490,-2.027130,-1.576708,2.692052,-0.004167,0.002280,-0.237139,-0.236504,-0.036996,0.010243,-0.2933,-1.1930,-3.3422,-0.5401,-0.2381,0.0694
6.9724,-2.084081,-1.752917,2.244024,-2.029338,-1.577103,2.692155,-0.004957,-0.006587,-0.251409,-0.220797,-0.040167,0.009769,-0.2386,-1.6890,-3.4388,-0.5528,-0.2240,0.0928
6.9822,-2.084132,-1.753049,2.241410,-2.031519,-1.577481,2.692238,-0.004312,-0.015806,-0.261564,-0.203622,-0.041126,0.010326,-0.2710,-1.7227,-3.2614,-0.4827,-0.2400,0.0873
6.9923,-2.084150,-1.753275,2.238690,-2.033425,-1.577947,2.692310,-0.004625,-0.022151,-0.282142,-0.186988,-0.046292,0.010813,-0.3460,-1.8614,-3.3984,-0.5366,-0.2137,0.0861
7.0023,-2.084216,-1.753483,2.235803,-2.035197,-1.578419,2.692382,-0.004399,-0.024701,-0.290981,-0.164820,-0.047818,0.010030,-0.3056,-1.9202,-3.5606,-0.5468,-0.2032,0.1170
7.0123,-2.084249,-1.753762,2.232813,-2.036787,-1.578859,2.692469,-0.003624,-0.028963,-0.303323,-0.150794,-0.047944,0.009950,-0.4571,-1.8283,-3.2354,-0.5027,-0.2184,0.1032
7.0224,-2.084285,-1.754034,2.229746,-2.038193,-1.579382,2.692542,-0.004097,-0.032324,-0.309615,-0.130975,-0.048465,0.008858,-0.3610,-1.9459,-3.6167,-0.4817,-0.2421,0.1211
7.0324,-2.084321,-1.754361,2.226615,-2.039352,-1.579896,2.692579,-0.004057,-0.034820,-0.318509,-0.109461,-0.050960,0.008987,-0.3378,-1.9712,-3.4302,-0.5310,-0.2312,0.1144
7.0427,-2.084357,-1.754720,2.223369,-2.040371,-1.580378,2.692639,-0.003433,-0.037123,-0.323518,-0.095097,-0.051532,0.008259,-0.3540,-2.0771,-3.2423,-0.4717,-0.2242,0.1312
7.0524,-2.084412,-1.755115,2.220151,-2.041239,-1.580878,2.692699,-0.003728,-0.038844,-0.325579,-0.080939,-0.049836,0.007636,-0.4480,-2.0672,-3.1936,-0.4384,-0.2113,0.1418
7.0630,-2.084429,-1.755534,2.216904,-2.041897,-1.581359,2.692786,-0.003954,-0.039266,-0.325312,-0.058752,-0.049517,0.007808,-0.4427,-2.0652,-3.2378,-0.5143,-0.1858,0.1362
7.0724,-2.084465,-1.755965,2.213623,-2.042409,-1.581775,2.692861,-0.003202,-0.043477,-0.327296,-0.044771,-0.044812,0.006833,-0.4780,-1.8459,-3.0581,-0.4888,-0.1726,0.1241
7.0826,-2.084492,-1.756400,2.210265,-2.042817,-1.582277,2.692906,-0.003175,-0.042797,-0.323945,-0.032797,-0.039824,0.005905,-0.4526,-1.9601,-2.8870,-0.4559,-0.2179,0.1249
7.0923,-2.084525,-1.756851,2.207058,-2.043066,-1.582602,2.692935,-0.003947,-0.045314,-0.323914,-0.021289,-0.035900,0.005675,-0.4732,-2.0189,-3.1060,-0.4458,-0.2074,0.1432
7.1026,-2.084576,-1.757298,2.203867,-2.043170,-1.582915,2.693005,-0.004617,-0.045768,-0.316296,-0.007078,-0.031438,0.006176,-0.5024,-1.9764,-3.1620,-0.4602,-0.2158,0.1517
7.1123,-2.084636,-1.757761,2.200730,-2.043210,-1.583273,2.693062,-0.005587,-0.046361,-0.310366,0.002221,-0.031114,0.006328,-0.4850,-1.9924,-2.8387,-0.2787,-0.1827,0.1308
7.1224,-2.084677,-1.758200,2.197676,-2.043115,-1.583494,2.693149,-0.006949,-0.048067,-0.301319,0.010843,-0.026275,0.006983,-0.5446,-1.9840,-2.8794,-0.2083,-0.1881,0.1623
7.1324,-2.084745,-1.758729,2.194716,-2.042982,-1.583758,2.693190,-0.007673,-0.049429,-0.290318,0.016297,-0.024008,0.008418,-0.5868,-1.9515,-2.7157,-0.2310,-0.1804,0.1494
7.1424,-2.084825,-1.759217,2.191916,-2.042800,-1.583939,2.693296,-0.008797,-0.049501,-0.273644,0.016359,-0.020767,0.009008,-0.5382,-1.9702,-2.7693,-0.1813,-0.1654,0.1467
7.1523,-2.084936,-1.759728,2.189299,-2.042672,-1.584163,2.693380,-0.009429,-0.051980,-0.260550,0.018721,-0.017771,0.009340,-0.5654,-2.0319,-2.7797,-0.1292,-0.1820,0.1585
7.1624,-2.085044,-1.760274,2.186818,-2.042448,-1.584334,2.693472,-0.010531,-0.054938,-0.244481,0.023213,-0.015747,0.009376,-0.5483,-1.9265,-2.7168,-0.1690,-0.1468,0.1574
7.1723,-2.085125,-1.760806,2.184437,-2.042224,-1.584439,2.693556,-0.011131,-0.056608,-0.229647,0.024373,-0.012292,0.009595,-0.6299,-1.7760,-2.6848,-0.1370,-0.1748,0.1561
7.1823,-2.085252,-1.761372,2.182225,-2.041999,-1.584593,2.693636,-0.008678,-0.055705,-0.213435,0.025862,-0.010975,0.009389,-0.5170,-1.8956,-2.5418,-0.1469,-0.1483,0.1415
7.1924,-2.085321,-1.761912,2.180176,-2.041686,-1.584679,2.693731,-0.008823,-0.058002,-0.198009,0.027881,-0.005779,0.009545,-0.5212,-1.9241,-2.6594,-0.1062,-0.1228,0.1640
7.2023,-2.085381,-1.762540,2.178281,-2.041445,-1.584706,2.693797,-0.008257,-0.058772,-0.179847,0.029693,-0.002665,0.008632,-0.5689,-1.8239,-2.6037,-0.1063,-0.1335,0.1537
7.2123,-2.085445,-1.763120,2.176572,-2.041119,-1.584699,2.693904,-0.009226,-0.057922,-0.162708,0.030244,-0.001999,0.009428,-0.5089,-1.8103,-2.4656,-0.0940,-0.1269,0.1617
7.2223,-2.085526,-1.763691,2.175036,-2.040788,-1.584708,2.694010,-0.007922,-0.059227,-0.146613,0.032405,-0.001176,0.007896,-0.5844,-1.6562,-2.4493,-0.1038,-0.1244,0.1370
7.2321,-2.085648,-1.764266,2.173694,-2.040484,-1.584695,2.694016,-0.007644,-0.056565,-0.130251,0.033023,-0.000519,0.006677,-0.6068,-1.7794,-2.5928,-0.0940,-0.1032,0.1548
7.2424,-2.085689,-1.764802,2.172482,-2.040114,-1.584719,2.694099,-0.007530,-0.052899,-0.112734,0.032650,-0.000329,0.004898,-0.5147,-1.6943,-2.4876,-0.1098,-0.0868,0.1483
7.2523,-2.085764,-1.765375,2.171430,-2.039778,-1.584712,2.694128,-0.006545,-0.050520,-0.097817,0.033993,-0.000241,0.004927,-0.6188,-1.7341,-2.4834,-0.1423,-0.0728,0.1237
7.2623,-2.085836,-1.765823,2.170564,-2.039462,-1.584723,2.694167,-0.006164,-0.047140,-0.083613,0.033101,-0.000152,0.003674,-0.5938,-1.6895,-2.3706,-0.1083,-0.0351,0.1394
7.2725,-2.085881,-1.766289,2.169843,-2.039154,-1.584715,2.694222,-0.005660,-0.043881,-0.068678,0.033098,0.000090,0.002086,-0.5939,-1.7139,-2.5136,-0.0989,-0.0140,0.1309
7.2823,-2.085944,-1.766736,2.169200,-2.038803,-1.584680,2.694211,-0.005349,-0.040042,-0.058465,0.033540,0.000966,0.001200,-0.5831,-1.5657,-2.4624,-0.1232,0.0094,0.1381
7.2924,-2.086005,-1.767061,2.168680,-2.038443,-1.584699,2.694220,-0.005748,-0.032848,-0.045720,0.034619,0.001095,0.000679,-0.5285,-1.5674,-2.4950,-0.1076,0.0196,0.1215
7.3025,-2.086049,-1.767372,2.168323,-2.038065,-1.584679,2.694227,-0.005768,-0.027140,-0.035451,0.035405,0.001527,0.000356,-0.6184,-1.5467,-2.5353,-0.1170,0.0185,0.1055
7.3125,-2.086124,-1.767608,2.168000,-2.037702,-1.584625,2.694196,-0.006528,-0.020722,-0.025991,0.034622,0.000786,0.000255,-0.5974,-1.6260,-2.5632,-0.1279,0.0455,0.0749
7.3224,-2.086174,-1.767788,2.167783,-2.037393,-1.584651,2.694200,-0.007418,-0.014582,-0.018778,0.035953,0.000663,0.000159,-0.6650,-1.5580,-2.5678,-0.1195,0.0369,0.0596
7.3322,-2.086284,-1.767865,2.167631,-2.037018,-1.584663,2.694230,-0.008993,-0.007357,-0.012694,0.033645,0.000488,-0.000154,-0.5811,-1.4157,-2.5717,-0.1053,0.0382,0.0151
7.3426,-2.086365,-1.767892,2.167547,-2.036667,-1.584679,2.694196,-0.008275,0.004217,-0.006148,0.033600,0.000354,-0.001539,-0.6676,-1.2180,-2.3684,-0.1263,0.0139,-0.0081
7.3525,-2.086464,-1.767789,2.167546,-2.036359,-1.584679,2.694169,-0.009878,0.010298,-0.000034,0.031581,0.000104,-0.003148,-0.6292,-0.7515,-2.2650,-0.1279,0.0036,-0.0376
7.3624,-2.086532,-1.767634,2.167597,-2.036016,-1.584647,2.694152,-0.008915,0.018697,0.004093,0.031501,0.000043,-0.004152,-0.6955,-0.6426,-1.9987,-0.1661,-0.0390,-0.0484
7.3723,-2.086610,-1.767399,2.167634,-2.035721,-1.584644,2.694134,-0.009603,0.023769,0.007016,0.026953,0.000000,-0.006092,-0.6535,-0.5991,-1.8525,-0.1435,-0.0620,-0.0515
7.3829,-2.086740,-1.767151,2.167663,-2.035504,-1.584671,2.694064,-0.009729,0.025992,0.008528,0.022236,-0.001217,-0.006357,-0.6303,-0.5653,-1.6841,-0.1463,-0.1129,-0.0580
7.3925,-2.086822,-1.766845,2.167812,-2.035261,-1.584695,2.694028,-0.012264,0.032977,0.010152,0.019606,-0.003458,-0.005919,-0.7581,-0.4937,-1.6085,-0.1587,-0.1157,-0.0856
7.4025,-2.086993,-1.766489,2.167898,-2.035066,-1.584754,2.693953,-0.013684,0.036514,0.010561,0.015335,-0.004202,-0.006360,-0.7106,-0.3426,-1.5944,-0.1671,-0.1367,-0.0929
7.4124,-2.087133,-1.766122,2.168010,-2.034971,-1.584771,2.693920,-0.015102,0.041478,0.010590,0.011208,-0.006393,-0.008146,-0.7716,-0.3600,-1.5420,-0.1740,-0.1457,-0.0791
7.4224,-2.087285,-1.765694,2.168094,-2.034881,-1.584835,2.693848,-0.017031,0.046781,0.008598,0.004133,-0.006845,-0.008891,-0.8419,-0.2585,-1.4964,-0.1779,-0.1488,-0.0831
7.4323,-2.087480,-1.765160,2.168162,-2.034904,-1.584891,2.693823,-0.020135,0.051730,0.006679,0.001030,-0.006905,-0.008970,-0.8693,-0.3072,-1.5138,-0.2409,-0.1658,-0.0831
7.4423,-2.087704,-1.764606,2.168198,-2.034885,-1.584943,2.693702,-0.022998,0.055336,0.004059,0.000272,-0.005567,-0.010516,-0.8841,-0.2202,-1.5410,-0.3183,-0.1765,-0.0899
7.4522,-2.087961,-1.764023,2.168222,-2.034927,-1.584991,2.693660,-0.027519,0.061169,0.001932,-0.003761,-0.006000,-0.009615,-0.8037,-0.1877,-1.6376,-0.3663,-0.1556,-0.1047
7.4623,-2.088271,-1.763358,2.168237,-2.034964,-1.585052,2.693573,-0.029906,0.067173,-0.000738,-0.006672,-0.006345,-0.010647,-0.8374,-0.1080,-1.9225,-0.4236,-0.1430,-0.1030
7.4723,-2.088592,-1.762627,2.168183,-2.035059,-1.585100,2.693474,-0.033493,0.075246,-0.006569,-0.011953,-0.005185,-0.012170,-0.8448,-0.0609,-2.2734,-0.4466,-0.1637,-0.1200
7.4823,-2.088940,-1.761837,2.168117,-2.035179,-1.585174,2.693351,-0.035234,0.083530,-0.012987,-0.011744,-0.004989,-0.013014,-0.7914,0.0094,-2.5806,-0.4609,-0.1560,-0.1164
7.4923,-2.089325,-1.760874,2.167885,-2.035287,-1.585199,2.693238,-0.039929,0.103010,-0.024539,-0.014054,-0.004562,-0.014491,-0.9124,0.2932,-2.9011,-0.4951,-0.1598,-0.1306
7.5022,-2.089721,-1.759800,2.167615,-2.035439,-1.585243,2.693126,-0.039324,0.117366,-0.035689,-0.017738,-0.003992,-0.014396,-1.0426,0.4344,-3.0836,-0.4987,-0.1763,-0.1455
7.5129,-2.090156,-1.758527,2.167154,-2.035610,-1.585271,2.692958,-0.040686,0.137716,-0.049939,-0.018709,-0.004052,-0.016300,-0.9557,0.4488,-3.2162,-0.5205,-0.1673,-0.1508
7.5223,-2.090573,-1.757044,2.166575,-2.035798,-1.585358,2.692803,-0.042767,0.159849,-0.067922,-0.021259,-0.004746,-0.017175,-0.9559,0.7339,-3.4828,-0.5388,-0.1516,-0.1616
7.5323,-2.091020,-1.755308,2.165771,-2.036005,-1.585387,2.692632,-0.041925,0.188389,-0.090532,-0.023201,-0.004589,-0.018928,-0.9445,0.5793,-3.5431,-0.5318,-0.1614,-0.1778
7.5427,-2.091433,-1.753343,2.164714,-2.036261,-1.585435,2.692456,-0.041197,0.206774,-0.113626,-0.025150,-0.005243,-0.020941,-0.9255,0.7804,-3.4930,-0.5226,-0.1599,-0.1790
7.5526,-2.091853,-1.751196,2.163446,-2.036524,-1.585502,2.692217,-0.039974,0.231219,-0.140765,-0.026296,-0.005924,-0.022068,-0.9728,0.7653,-3.6272,-0.5280,-0.1737,-0.1690
7.5625,-2.092277,-1.748735,2.161887,-2.036769,-1.585554,2.692036,-0.038894,0.256412,-0.167465,-0.027442,-0.006467,-0.023098,-1.0160,0.7157,-3.6127,-0.5235,-0.1650,-0.1911
7.5725,-2.092673,-1.745950,2.159990,-2.037068,-1.585571,2.691793,-0.037382,0.290273,-0.199025,-0.028214,-0.006723,-0.022977,-0.8784,0.5695,-3.4226,-0.5144,-0.1842,-0.1858
7.5824,-2.093045,-1.742901,2.157867,-2.037363,-1.585687,2.691566,-0.034550,0.308266,-0.224102,-0.027983,-0.007301,-0.024196,-0.9152,0.6615,-3.5475,-0.4977,-0.1845,-0.1582
7.5925,-2.093374,-1.739590,2.155422,-2.037643,-1.585717,2.691354,-0.034907,0.337601,-0.260416,-0.029082,-0.006554,-0.023800,-0.9424,0.7346,-3.8595,-0.5309,-0.1822,-0.1572
7.6024,-2.093741,-1.736005,2.152651,-2.037898,-1.585815,2.691095,-0.030483,0.358688,-0.288267,-0.024768,-0.006952,-0.022394,-0.9278,0.4396,-3.7490,-0.5633,-0.1821,-0.1570
7.6123,-2.094061,-1.732327,2.149657,-2.038122,-1.585887,2.690899,-0.030435,0.367593,-0.309000,-0.025442,-0.008156,-0.021217,-0.7685,0.2019,-3.5290,-0.5618,-0.1911,-0.1765
7.6224,-2.094368,-1.728611,2.146414,-2.038417,-1.585978,2.690707,-0.029941,0.371857,-0.324859,-0.024898,-0.007377,-0.020914,-0.7437,0.1924,-3.5658,-0.5494,-0.1989,-0.1620
7.6323,-2.094658,-1.724863,2.143120,-2.038601,-1.586090,2.690531,-0.028949,0.376427,-0.338401,-0.019884,-0.008226,-0.019384,-0.6748,-0.1491,-3.6045,-0.5734,-0.1847,-0.1647
7.6427,-2.094969,-1.721219,2.139654,-2.038817,-1.586177,2.690296,-0.026830,0.370862,-0.347462,-0.021002,-0.006662,-0.017601,-0.7242,-0.2832,-3.7045,-0.5754,-0.1972,-0.1692
7.6524,-2.095233,-1.717566,2.136122,-2.039048,-1.586218,2.690147,-0.025175,0.362584,-0.353094,-0.020531,-0.007155,-0.017132,-0.7806,-0.4175,-3.3924,-0.5260,-0.1928,-0.1574
7.6624,-2.095450,-1.714012,2.132506,-2.039269,-1.586259,2.690003,-0.024762,0.349624,-0.361008,-0.019301,-0.008051,-0.015730,-0.7656,-0.2225,-3.2182,-0.5058,-0.1967,-0.1676
7.6723,-2.095721,-1.710529,2.128907,-2.039464,-1.586346,2.689832,-0.024082,0.339856,-0.362012,-0.016986,-0.006902,-0.014664,-0.7980,-0.4753,-3.2076,-0.5110,-0.1836,-0.1584
7.6823,-2.095934,-1.707128,2.125298,-2.039623,-1.586410,2.689696,-0.022945,0.323990,-0.355352,-0.014348,-0.007113,-0.013498,-0.8530,-0.5764,-3.1508,-0.5271,-0.2031,-0.1579
7.6926,-2.096158,-1.703902,2.121764,-2.039748,-1.586447,2.689611,-0.024343,0.311683,-0.354777,-0.014883,-0.005803,-0.012772,-0.7931,-0.7476,-3.1741,-0.5391,-0.2035,-0.1609
7.7024,-2.096425,-1.700870,2.118203,-2.039863,-1.586531,2.689492,-0.023549,0.296249,-0.352021,-0.012822,-0.007174,-0.010676,-0.8462,-0.7390,-3.2581,-0.5917,-0.1800,-0.1749
7.7123,-2.096681,-1.698016,2.114754,-2.040027,-1.586618,2.689380,-0.025381,0.276309,-0.344517,-0.014626,-0.006239,-0.009747,-0.7783,-0.7916,-3.1039,-0.5470,-0.1832,-0.1705
7.7224,-2.096918,-1.695350,2.111294,-2.040186,-1.586663,2.689300,-0.026032,0.260567,-0.335358,-0.012634,-0.007008,-0.007145,-0.8001,-0.6342,-3.0096,-0.5235,-0.1988,-0.1791
7.7323,-2.097170,-1.692903,2.108030,-2.040338,-1.586749,2.689252,-0.025940,0.246433,-0.325160,-0.012408,-0.006588,-0.006875,-0.8364,-0.5975,-2.7996,-0.4880,-0.1871,-0.1810
7.7423,-2.097433,-1.690603,2.104845,-2.040450,-1.586802,2.689184,-0.026899,0.227582,-0.306015,-0.011330,-0.006841,-0.005572,-0.9693,-0.5566,-2.7755,-0.5087,-0.1970,-0.1845
7.7522,-2.097734,-1.688446,2.101891,-2.040562,-1.586866,2.689101,-0.029302,0.213574,-0.288500,-0.011740,-0.007414,-0.005414,-0.9253,-0.5564,-2.7841,-0.4928,-0.2122,-0.1806
7.7624,-2.098038,-1.686433,2.099119,-2.040677,-1.586962,2.689072,-0.031826,0.196836,-0.271482,-0.010477,-0.009416,-0.005250,-0.9642,-0.7440,-2.7928,-0.5269,-0.1907,-0.1682
7.7723,-2.098389,-1.684551,2.096509,-2.040796,-1.587038,2.689006,-0.035853,0.183041,-0.253810,-0.011960,-0.009792,-0.005307,-0.9691,-0.9116,-2.5975,-0.5032,-0.2002,-0.1551
7.7825,-2.098749,-1.682787,2.094115,-2.040901,-1.587143,2.688969,-0.039240,0.167197,-0.233701,-0.011436,-0.011036,-0.004295,-0.9093,-0.9305,-2.7600,-0.5141,-0.1886,-0.1784
7.7924,-2.099162,-1.681222,2.091859,-2.041006,-1.587273,2.688971,-0.045327,0.152343,-0.219183,-0.011889,-0.012064,-0.002941,-1.0421,-0.9933,-2.7195,-0.5140,-0.1833,-0.1841
7.8023,-2.099653,-1.679736,2.089777,-2.041133,-1.587386,2.688920,-0.049886,0.135567,-0.201936,-0.011479,-0.012875,-0.003936,-1.1548,-1.0498,-2.8074,-0.5175,-0.2059,-0.1462
7.8123,-2.100209,-1.678456,2.087813,-2.041264,-1.587529,2.688896,-0.055829,0.118481,-0.188736,-0.011957,-0.015389,-0.002763,-1.0471,-1.0236,-2.6375,-0.5194,-0.1985,-0.1649
7.8226,-2.100762,-1.677343,2.086005,-2.041356,-1.587689,2.688846,-0.064953,0.103388,-0.173192,-0.012098,-0.016660,-0.003304,-1.0271,-1.0235,-2.7509,-0.5210,-0.1936,-0.1660
7.8321,-2.101457,-1.676385,2.084335,-2.041504,-1.587849,2.688867,-0.068631,0.088958,-0.159573,-0.012006,-0.018401,-0.002096,-1.1285,-1.1303,-2.6689,-0.5206,-0.1876,-0.1601
7.8423,-2.102162,-1.675536,2.082842,-2.041581,-1.588053,2.688798,-0.072764,0.076006,-0.144707,-0.009707,-0.019643,-0.001910,-1.2170,-1.0668,-2.7507,-0.5482,-0.1713,-0.1599
7.8524,-2.102917,-1.674825,2.081468,-2.041688,-1.588291,2.688824,-0.078040,0.064575,-0.133400,-0.009679,-0.020334,-0.002283,-1.2234,-1.2142,-2.6736,-0.5360,-0.1945,-0.1545
7.8623,-2.103750,-1.674243,2.080206,-2.041781,-1.588518,2.688781,-0.084812,0.052924,-0.120709,-0.010817,-0.021024,-0.001300,-1.1463,-1.2391,-2.7457,-0.5124,-0.1788,-0.1685
7.8724,-2.104629,-1.673770,2.079013,-2.041904,-1.588744,2.688761,-0.090531,0.040071,-0.113254,-0.010799,-0.020967,-0.001435,-1.1649,-1.1240,-2.7711,-0.5305,-0.1881,-0.1615
7.8825,-2.105569,-1.673406,2.077942,-2.041999,-1.588937,2.688757,-0.096457,0.032266,-0.105983,-0.010414,-0.021454,-0.000900,-0.9974,-1.1848,-2.7250,-0.5520,-0.2018,-0.1551
7.8924,-2.106568,-1.673146,2.076967,-2.042083,-1.589168,2.688745,-0.103922,0.023501,-0.098502,-0.010869,-0.022035,-0.000914,-0.9853,-1.1231,-2.7243,-0.5591,-0.1758,-0.1599
7.9023,-2.107628,-1.672943,2.076001,-2.042249,-1.589368,2.688788,-0.106471,0.016764,-0.089191,-0.012161,-0.021506,-0.000892,-1.1486,-1.1280,-2.7550,-0.5455,-0.2105,-0.1593
7.9124,-2.108669,-1.672827,2.075147,-2.042366,-1.589580,2.688725,-0.112058,0.010146,-0.082169,-0.012345,-0.021803,-0.000922,-0.8724,-1.0876,-2.6277,-0.5306,-0.2242,-0.1491
7.9223,-2.109789,-1.672774,2.074364,-2.042483,-1.589810,2.688744,-0.112888,0.004270,-0.072326,-0.012963,-0.022127,-0.000579,-1.0501,-1.2320,-2.6834,-0.5173,-0.1831,-0.1521
7.9322,-2.110932,-1.672759,2.073705,-2.042605,-1.590007,2.688747,-0.117278,0.000000,-0.064973,-0.011545,-0.021324,-0.000472,-0.8865,-1.3971,-2.6081,-0.5245,-0.1786,-0.1327
7.9423,-2.112073,-1.672810,2.073094,-2.042729,-1.590236,2.688737,-0.114361,-0.003826,-0.058176,-0.011823,-0.019044,-0.000345,-1.0268,-1.6518,-2.6293,-0.5604,-0.2090,-0.1483
7.9523,-2.113213,-1.672854,2.072549,-2.042842,-1.590402,2.688756,-0.116997,-0.007329,-0.050680,-0.012671,-0.017575,-0.000293,-0.7810,-1.6859,-2.6159,-0.5218,-0.1827,-0.1529
7.9625,-2.114313,-1.672941,2.072091,-2.042949,-1.590557,2.688694,-0.111820,-0.009051,-0.042480,-0.011069,-0.015582,-0.000269,-0.9141,-1.7279,-2.5919,-0.5087,-0.1774,-0.1458
7.9724,-2.115398,-1.672994,2.071680,-2.043060,-1.590709,2.688713,-0.109019,-0.009233,-0.036366,-0.010433,-0.013749,-0.000253,-0.8371,-1.9655,-2.5903,-0.4984,-0.1682,-0.1332
7.9825,-2.116505,-1.673109,2.071379,-2.043153,-1.590848,2.688713,-0.102953,-0.009628,-0.030135,-0.007856,-0.012196,-0.000220,-0.7937,-1.8895,-2.5388,-0.5124,-0.1647,-0.1444
7.9923,-2.117499,-1.673216,2.071128,-2.043206,-1.590995,2.688702,-0.098991,-0.009222,-0.021454,-0.006201,-0.010232,-0.000177,-0.5717,-1.9871,-2.4210,-0.4955,-0.1396,-0.1316
8.0023,-2.118455,-1.673285,2.070937,-2.043269,-1.591020,2.688709,-0.091180,-0.009551,-0.014668,-0.005115,-0.007050,-0.000178,-0.7506,-1.9530,-2.3805,-0.4862,-0.1580,-0.1289
8.0123,-2.119336,-1.673384,2.070859,-2.043305,-1.591104,2.688682,-0.085597,-0.009380,-0.005422,-0.003777,-0.005467,-0.000178,-0.7491,-2.0035,-2.1558,-0.4780,-0.1416,-0.1402
8.0224,-2.120211,-1.673464,2.070856,-2.043368,-1.591132,2.688732,-0.079775,-0.008238,0.005258,-0.004240,-0.004213,-0.000178,-0.6243,-1.9289,-1.7654,-0.4477,-0.1432,-0.1346
8.0323,-2.120940,-1.673578,2.070935,-2.043335,-1.591164,2.688704,-0.072229,-0.007165,0.013331,-0.001111,-0.002851,-0.000175,-0.7103,-1.8921,-1.5005,-0.4929,-0.1498,-0.1477
8.0424,-2.121679,-1.673599,2.071148,-2.043381,-1.591192,2.688694,-0.067223,-0.005241,0.018335,-0.001074,-0.001883,-0.000176,-0.5487,-1.9450,-1.3811,-0.4933,-0.1467,-0.1242
8.0525,-2.122272,-1.673654,2.071329,-2.043385,-1.591195,2.688701,-0.057558,-0.003286,0.021347,-0.000833,-0.001347,-0.000176,-0.7470,-2.0475,-1.3111,-0.4848,-0.1334,-0.1500
8.0623,-2.122840,-1.673628,2.071573,-2.043365,-1.591224,2.688704,-0.052853,-0.001621,0.024298,-0.000573,-0.000774,-0.000166,-0.5975,-1.9258,-1.2294,-0.4590,-0.1193,-0.1289
8.0726,-2.123344,-1.673628,2.071819,-2.043368,-1.591181,2.688685,-0.046169,-0.000599,0.026178,-0.000410,-0.000503,-0.000158,-0.7196,-1.8843,-1.2600,-0.4300,-0.1072,-0.1416
8.0825,-2.123751,-1.673628,2.072072,-2.043365,-1.591215,2.688701,-0.041616,-0.000291,0.027650,-0.000279,-0.000373,-0.000169,-0.5812,-1.7799,-1.1519,-0.3871,-0.0859,-0.1452
8.0923,-2.124165,-1.673628,2.072367,-2.043384,-1.591231,2.688689,-0.038467,0.001879,0.029530,-0.000005,-0.000259,-0.000171,-0.6887,-1.7208,-1.1843,-0.3455,-0.0597,-0.1408
8.1024,-2.124541,-1.673589,2.072674,-2.043345,-1.591219,2.688704,-0.035384,0.001666,0.031214,0.002499,-0.000001,-0.000172,-0.8490,-1.4986,-1.2042,-0.3052,-0.0160,-0.1459
8.1125,-2.124878,-1.673599,2.072967,-2.043305,-1.591183,2.688735,-0.034828,0.002823,0.031758,0.004748,0.001613,-0.000173,-0.7659,-1.3859,-1.1887,-0.2682,-0.0044,-0.1427
8.1224,-2.125245,-1.673533,2.073285,-2.043242,-1.591164,2.688682,-0.034676,0.004447,0.031919,0.005781,0.002210,-0.000188,-0.8681,-1.3402,-1.1641,-0.2607,0.0284,-0.1419
8.1324,-2.125590,-1.673496,2.073636,-2.043151,-1.591143,2.688670,-0.035682,0.004701,0.032021,0.006971,0.003119,-0.000186,-0.8225,-1.2335,-1.2367,-0.2523,0.0458,-0.1362
8.1424,-2.125989,-1.673430,2.073959,-2.043082,-1.591077,2.688692,-0.037053,0.005526,0.030431,0.008147,0.004475,-0.000185,-0.8796,-1.1600,-1.2080,-0.2270,0.0417,-0.1359
8.1523,-2.126402,-1.673381,2.074271,-2.043030,-1.591056,2.688689,-0.039875,0.006280,0.032035,0.008026,0.003983,-0.000185,-1.0568,-1.1517,-1.3479,-0.2068,0.0665,-0.1472
8.1622,-2.126814,-1.673333,2.074547,-2.042946,-1.590993,2.688685,-0.044596,0.006918,0.030079,0.009659,0.004347,-0.000203,-1.1653,-1.0815,-1.2368,-0.2069,0.0618,-0.1383
8.1724,-2.127341,-1.673242,2.074838,-2.042862,-1.591000,2.688685,-0.053640,0.008143,0.028084,0.010080,0.004943,-0.000198,-1.0851,-1.0212,-1.2315,-0.2137,0.0588,-0.1508
8.1823,-2.127896,-1.673174,2.075099,-2.042793,-1.590933,2.688643,-0.059084,0.008752,0.026092,0.009685,0.004581,-0.000195,-1.1887,-0.9376,-1.2039,-0.2164,0.0542,-0.1405
8.1923,-2.128564,-1.673051,2.075389,-2.042694,-1.590876,2.688696,-0.072308,0.011957,0.023899,0.008273,0.003581,-0.000187,-1.3963,-0.8917,-1.2774,-0.1966,0.0520,-0.1418
8.2023,-2.129363,-1.672919,2.075617,-2.042607,-1.590868,2.688689,-0.082485,0.012145,0.021988,0.007477,0.004009,-0.000243,-1.4235,-0.9362,-1.2914,-0.1907,0.0404,-0.1346
8.2122,-2.130227,-1.672827,2.075824,-2.042532,-1.590856,2.688658,-0.095485,0.013909,0.019495,0.007047,0.001819,-0.000234,-1.1592,-0.8206,-1.2901,-0.2199,0.0596,-0.1450
8.2223,-2.131235,-1.672640,2.075989,-2.042506,-1.590848,2.688677,-0.103803,0.017442,0.016438,0.006602,0.002254,-0.000287,-1.5258,-0.7107,-1.3057,-0.1901,0.0433,-0.1515
8.2322,-2.132336,-1.672465,2.076123,-2.042431,-1.590824,2.688677,-0.117230,0.023034,0.012533,0.005905,0.001487,-0.000399,-1.4093,-0.7296,-1.2688,-0.2101,0.0542,-0.1557
8.2423,-2.133552,-1.672190,2.076244,-2.042403,-1.590797,2.688684,-0.125589,0.027969,0.009468,0.003926,0.001885,-0.001222,-1.4903,-0.5457,-1.4339,-0.1914,0.0663,-0.1682
8.2523,-2.134878,-1.671848,2.076266,-2.042359,-1.590765,2.688653,-0.135666,0.036262,0.003524,0.003596,0.001301,-0.001949,-1.5728,-0.4149,-1.4714,-0.1947,0.0637,-0.1691
8.2623,-2.136284,-1.671433,2.076299,-2.042350,-1.590765,2.688608,-0.147879,0.046572,-0.001050,0.002101,0.001484,-0.003500,-1.4382,-0.2716,-1.7554,-0.1938,0.0632,-0.1596
8.2724,-2.137786,-1.670873,2.076271,-2.042323,-1.590799,2.688593,-0.158507,0.060610,-0.007489,0.001508,0.001426,-0.004180,-1.3953,-0.3284,-1.9811,-0.1977,0.0735,-0.1489
8.2825,-2.139428,-1.670203,2.076149,-2.042311,-1.590741,2.688542,-0.164372,0.071536,-0.012269,0.000812,0.001988,-0.004364,-1.4258,-0.2419,-2.2935,-0.1877,0.0739,-0.1453
8.2923,-2.141107,-1.669344,2.076006,-2.042268,-1.590752,2.688475,-0.183666,0.096148,-0.017994,0.001006,0.001010,-0.006134,-1.6203,-0.1166,-2.5237,-0.1950,0.0630,-0.1694
8.3023,-2.143004,-1.668352,2.075783,-2.042315,-1.590678,2.688430,-0.192115,0.106246,-0.023872,0.000541,0.003298,-0.007363,-1.7520,0.0620,-2.5952,-0.2202,0.0438,-0.1673
8.3124,-2.144975,-1.667176,2.075519,-2.042299,-1.590732,2.688359,-0.205432,0.121318,-0.029014,0.000338,0.000890,-0.008044,-1.4499,-0.0344,-2.7144,-0.2552,0.0735,-0.1744
8.3223,-2.147096,-1.665897,2.075208,-2.042292,-1.590713,2.688259,-0.214565,0.135123,-0.035229,0.000197,0.001463,-0.010066,-1.6417,0.0158,-2.7877,-0.2974,0.0627,-0.1664
8.3322,-2.149347,-1.664440,2.074794,-2.042292,-1.590693,2.688186,-0.224711,0.147530,-0.042294,0.000116,0.001186,-0.011408,-1.5191,-0.1872,-2.8732,-0.3246,0.0663,-0.1591
8.3424,-2.151709,-1.662933,2.074324,-2.042284,-1.590693,2.688044,-0.229905,0.154954,-0.049797,-0.000179,0.001363,-0.011144,-1.3891,-0.2635,-2.9832,-0.3529,0.0741,-0.1810
8.3524,-2.154116,-1.661297,2.073828,-2.042296,-1.590662,2.687982,-0.233760,0.162896,-0.059080,-0.001142,0.001758,-0.010936,-1.4504,-0.6925,-2.9566,-0.3917,0.0740,-0.1660
8.3623,-2.156535,-1.659738,2.073186,-2.042319,-1.590661,2.687874,-0.241396,0.161057,-0.068627,-0.002510,0.001190,-0.011720,-1.5179,-0.5827,-3.0402,-0.4387,0.0738,-0.1860
8.3723,-2.159051,-1.658139,2.072416,-2.042350,-1.590665,2.687723,-0.251381,0.160934,-0.079368,-0.003422,0.000786,-0.015027,-1.5473,-0.7305,-3.1334,-0.4543,0.0779,-0.1838
8.3823,-2.161558,-1.656576,2.071554,-2.042368,-1.590622,2.687560,-0.254065,0.156160,-0.089746,-0.003706,0.002321,-0.017664,-1.5324,-0.7370,-3.1095,-0.4569,0.0810,-0.1907
8.3925,-2.164141,-1.655034,2.070553,-2.042410,-1.590657,2.687380,-0.267256,0.152379,-0.108864,-0.005113,0.001004,-0.023354,-1.5821,-1.0454,-3.4282,-0.4720,0.0744,-0.2243
8.4026,-2.166779,-1.653536,2.069391,-2.042424,-1.590601,2.687076,-0.270941,0.145431,-0.121391,-0.003304,0.003259,-0.030881,-1.5571,-0.9799,-3.5129,-0.5182,0.0649,-0.1996
8.4124,-2.169468,-1.652097,2.068045,-2.042483,-1.590633,2.686742,-0.272039,0.137169,-0.137367,-0.002772,0.001237,-0.038682,-1.3634,-1.0501,-3.1949,-0.5010,0.0861,-0.2110
8.4224,-2.172151,-1.650786,2.066634,-2.042487,-1.590604,2.686295,-0.273168,0.127671,-0.148725,-0.003174,0.002633,-0.047895,-1.4329,-1.0369,-3.2938,-0.4726,0.0643,-0.2147
8.4323,-2.174838,-1.649529,2.065080,-2.042500,-1.590554,2.685737,-0.271316,0.120509,-0.156009,-0.001874,0.001253,-0.058808,-1.1921,-1.3099,-3.4563,-0.4852,0.0818,-0.2586
8.4427,-2.177544,-1.648384,2.063442,-2.042577,-1.590569,2.685050,-0.266502,0.110658,-0.166783,-0.001932,0.001492,-0.072854,-1.2049,-1.2107,-3.2887,-0.4994,0.0823,-0.2447
8.4524,-2.180213,-1.647329,2.061741,-2.042587,-1.590526,2.684201,-0.259351,0.100250,-0.172357,-0.002671,0.002631,-0.085786,-1.1441,-1.2010,-3.2810,-0.4911,0.0851,-0.2350
8.4624,-2.182820,-1.646403,2.059989,-2.042598,-1.590541,2.683273,-0.252092,0.088286,-0.176973,-0.002077,0.001312,-0.096806,-1.0070,-1.1022,-3.1710,-0.5024,0.0952,-0.2576
8.4723,-2.185335,-1.645545,2.058143,-2.042626,-1.590549,2.682228,-0.239599,0.079629,-0.181483,-0.002507,0.002520,-0.109806,-0.8939,-1.2473,-3.1431,-0.4927,0.0875,-0.2639
8.4824,-2.187672,-1.644796,2.056348,-2.042646,-1.590530,2.680979,-0.227953,0.071230,-0.181415,-0.002716,0.001393,-0.127114,-0.9059,-1.3044,-2.9989,-0.4784,0.1032,-0.2515
8.4924,-2.189903,-1.644114,2.054511,-2.042689,-1.590545,2.679595,-0.215811,0.064837,-0.186307,-0.002882,0.001264,-0.139296,-0.9951,-1.3731,-3.1319,-0.4907,0.0977,-0.2465
8.5023,-2.192005,-1.643539,2.052627,-2.042682,-1.590517,2.678161,-0.205863,0.056257,-0.186602,-0.001260,0.001953,-0.149073,-1.1031,-1.2885,-3.2342,-0.5011,0.0859,-0.2818
8.5124,-2.194015,-1.642972,2.050755,-2.042706,-1.590517,2.676575,-0.192101,0.048593,-0.188438,-0.001977,0.001301,-0.160204,-0.9653,-1.1983,-2.9945,-0.4638,0.1039,-0.2480
8.5227,-2.195863,-1.642507,2.048894,-2.042719,-1.590443,2.674931,-0.181667,0.044438,-0.186132,-0.000786,0.001719,-0.163524,-1.1196,-1.0842,-3.3043,-0.4814,0.0859,-0.3168
8.5323,-2.197594,-1.642096,2.047011,-2.042691,-1.590469,2.673248,-0.171067,0.041577,-0.188283,-0.001749,0.001336,-0.173938,-1.1912,-1.0882,-3.0802,-0.4838,0.0938,-0.2317
8.5429,-2.199249,-1.641678,2.045091,-2.042746,-1.590493,2.671459,-0.164368,0.039787,-0.191092,-0.000692,0.000944,-0.172697,-1.0375,-0.9389,-2.8976,-0.4891,0.0818,-0.2494
8.5523,-2.200814,-1.641263,2.043215,-2.042742,-1.590446,2.669770,-0.156000,0.041453,-0.185318,-0.001635,0.000723,-0.172651,-0.9838,-0.8727,-3.1129,-0.4640,0.0853,-0.2097
8.5624,-2.202314,-1.640848,2.041352,-2.042760,-1.590433,2.668056,-0.149710,0.044423,-0.185230,-0.001353,0.001352,-0.164802,-1.0182,-0.7908,-2.9768,-0.4649,0.0667,-0.2311
8.5724,-2.203762,-1.640370,2.039501,-2.042754,-1.590433,2.666375,-0.143300,0.054408,-0.185197,-0.000697,0.000763,-0.160855,-0.8326,-0.8287,-2.9053,-0.4279,0.0751,-0.1941
8.5823,-2.205130,-1.639802,2.037630,-2.042766,-1.590446,2.664880,-0.133517,0.057151,-0.184322,-0.000469,0.000385,-0.151276,-0.9648,-0.6101,-2.8880,-0.4121,0.0829,-0.1939
8.5922,-2.206414,-1.639131,2.035786,-2.042775,-1.590473,2.663430,-0.130866,0.078741,-0.186398,-0.000321,0.000404,-0.143612,-0.9544,-0.3957,-2.7031,-0.3946,0.0859,-0.1925
8.6024,-2.207678,-1.638309,2.033962,-2.042748,-1.590430,2.662064,-0.124661,0.087477,-0.183356,-0.000005,0.000505,-0.131824,-0.9892,-0.1922,-2.9880,-0.3391,0.0887,-0.1894
8.6122,-2.208915,-1.637352,2.032106,-2.042739,-1.590430,2.660841,-0.118613,0.101990,-0.182113,0.002418,0.000574,-0.119309,-0.9298,-0.2207,-2.8958,-0.3157,0.0916,-0.1980
8.6224,-2.210106,-1.636246,2.030278,-2.042739,-1.590426,2.659687,-0.112841,0.114429,-0.178642,0.002047,0.000494,-0.108624,-0.9753,-0.0786,-2.8468,-0.2608,0.0927,-0.1618
8.6323,-2.211233,-1.635010,2.028518,-2.042690,-1.590426,2.658691,-0.109753,0.127934,-0.172921,0.003753,0.000400,-0.095013,-0.8827,-0.2183,-2.8572,-0.2403,0.0980,-0.1827
8.6427,-2.212286,-1.633688,2.026813,-2.042658,-1.590406,2.657840,-0.102634,0.134940,-0.167806,0.004458,0.000388,-0.084334,-0.9766,-0.2979,-2.9297,-0.2173,0.1026,-0.1684
8.6525,-2.213329,-1.632281,2.025141,-2.042600,-1.590398,2.657064,-0.100200,0.144295,-0.161973,0.004708,0.000579,-0.073867,-0.8574,-0.4319,-2.6940,-0.1943,0.0885,-0.1837
8.6623,-2.214346,-1.630822,2.023576,-2.042575,-1.590382,2.656391,-0.096078,0.150452,-0.150824,0.005987,0.000545,-0.061469,-0.9188,-0.2945,-2.6384,-0.1878,0.0830,-0.1598
8.6723,-2.215298,-1.629343,2.022131,-2.042483,-1.590406,2.655849,-0.095603,0.152529,-0.139178,0.006081,0.000408,-0.054280,-0.8518,-0.6543,-2.6844,-0.1827,0.0746,-0.1635
8.6824,-2.216293,-1.627814,2.020849,-2.042451,-1.590421,2.655409,-0.092633,0.149881,-0.125958,0.005889,0.000395,-0.043405,-0.8928,-0.6203,-2.5995,-0.1602,0.0861,-0.1526
8.6923,-2.217246,-1.626329,2.019691,-2.042411,-1.590393,2.655054,-0.099451,0.149654,-0.110325,0.007028,0.000276,-0.034128,-1.2016,-0.6000,-2.7189,-0.1882,0.0519,-0.1868
8.7023,-2.218278,-1.624853,2.018696,-2.042323,-1.590362,2.654720,-0.105143,0.147448,-0.096256,0.006266,0.000253,-0.026714,-1.1691,-0.8435,-2.5954,-0.1974,0.0699,-0.1859
8.7123,-2.219404,-1.623418,2.017764,-2.042283,-1.590409,2.654527,-0.111231,0.140624,-0.082948,0.003614,0.000205,-0.020029,-1.1720,-1.0350,-2.6285,-0.1642,0.0689,-0.1761
8.7225,-2.220571,-1.622062,2.017052,-2.042251,-1.590397,2.654347,-0.116721,0.134884,-0.068280,0.002853,0.000172,-0.014496,-1.3775,-1.0423,-2.4869,-0.1655,0.0636,-0.1838
8.7322,-2.221815,-1.620770,2.016433,-2.042224,-1.590409,2.654212,-0.125244,0.124976,-0.053534,0.003574,0.000174,-0.009494,-1.3883,-1.0615,-2.5097,-0.1786,0.0574,-0.1489
8.7424,-2.223092,-1.619523,2.015998,-2.042187,-1.590366,2.654198,-0.134487,0.115436,-0.039834,0.001903,0.000153,-0.002367,-1.2914,-0.9723,-2.5064,-0.1771,0.0638,-0.1478
8.7524,-2.224499,-1.618402,2.015690,-2.042176,-1.590381,2.654164,-0.140825,0.105673,-0.026010,0.001778,0.000136,-0.000617,-1.3957,-1.3188,-2.5697,-0.1773,0.0643,-0.1133
8.7623,-2.225959,-1.617389,2.015493,-2.042195,-1.590381,2.654198,-0.148710,0.095313,-0.015563,0.000727,0.000138,-0.000293,-1.3663,-1.2408,-2.5499,-0.1984,0.0545,-0.0943
8.7722,-2.227447,-1.616480,2.015394,-2.042164,-1.590350,2.654186,-0.158447,0.085815,-0.002869,0.000554,0.000128,0.000794,-1.2612,-1.3829,-2.0453,-0.2083,0.0626,-0.0216
8.7825,-2.229090,-1.615717,2.015489,-2.042183,-1.590370,2.654194,-0.160948,0.074560,0.010168,0.000169,0.000117,0.002436,-1.2241,-1.3408,-1.4976,-0.2284,0.0626,0.0023
8.7923,-2.230734,-1.614980,2.015672,-2.042164,-1.590366,2.654233,-0.172924,0.067250,0.021609,-0.000099,0.000109,0.004401,-1.3878,-1.1815,-1.4079,-0.2334,0.0654,0.0397
8.8023,-2.232455,-1.614384,2.015934,-2.042133,-1.590343,2.654278,-0.178693,0.059040,0.026610,-0.000072,0.000101,0.006856,-1.3792,-1.2201,-1.2907,-0.2556,0.0618,0.0452
8.8123,-2.234292,-1.613764,2.016187,-2.042183,-1.590378,2.654299,-0.184265,0.050629,0.031949,-0.000089,0.000070,0.007424,-1.1649,-1.2223,-1.2657,-0.2957,0.0725,0.0546
8.8225,-2.236113,-1.613323,2.016545,-2.042183,-1.590366,2.654377,-0.187907,0.046019,0.036218,-0.000220,0.000065,0.006880,-1.3708,-1.2310,-1.1929,-0.3348,0.0730,0.0724
8.8323,-2.237991,-1.612869,2.016916,-2.042191,-1.590381,2.654400,-0.190712,0.039914,0.039386,-0.001220,0.000061,0.005955,-1.3065,-1.3580,-1.2771,-0.3473,0.0878,0.0555
8.8424,-2.239880,-1.612514,2.017289,-2.042184,-1.590350,2.654455,-0.192428,0.034358,0.041957,-0.001834,0.000090,0.004999,-1.2618,-1.3457,-1.2064,-0.4001,0.0759,0.0665
8.8523,-2.241831,-1.612207,2.017747,-2.042207,-1.590370,2.654460,-0.195137,0.029374,0.045277,-0.001590,0.000189,0.005072,-1.2144,-1.3247,-1.1276,-0.4290,0.0726,0.0594
8.8623,-2.243771,-1.611947,2.018249,-2.042224,-1.590362,2.654518,-0.192287,0.024913,0.050155,-0.003974,0.000194,0.001584,-1.1713,-1.2884,-1.1385,-0.4250,0.0647,0.0741
8.8724,-2.245723,-1.611689,2.018748,-2.042318,-1.590366,2.654518,-0.193551,0.022211,0.051594,-0.004871,0.000192,0.000549,-0.9625,-1.4732,-1.0503,-0.4527,0.0799,0.0054
8.8824,-2.247686,-1.611497,2.019271,-2.042335,-1.590323,2.654499,-0.190579,0.017039,0.056787,-0.004791,0.000191,-0.000081,-1.0352,-1.3664,-1.0071,-0.4634,0.0905,-0.0669
8.8923,-2.249590,-1.611352,2.019910,-2.042407,-1.590390,2.654509,-0.186591,0.015863,0.065996,-0.004750,0.000216,-0.005221,-1.0814,-1.3348,-0.8378,-0.4673,0.0773,-0.1631
8.9023,-2.251458,-1.611198,2.020631,-2.042486,-1.590381,2.654438,-0.183267,0.011501,0.073206,-0.006723,0.000174,-0.013113,-0.9828,-1.3615,-0.8565,-0.4541,0.0719,-0.1627
8.9124,-2.253261,-1.611106,2.021453,-2.042539,-1.590378,2.654295,-0.175416,0.009043,0.084685,-0.008037,0.000117,-0.015870,-1.1559,-1.3282,-0.8842,-0.4860,0.0366,-0.1822
8.9224,-2.254997,-1.611046,2.022308,-2.042635,-1.590381,2.654159,-0.171058,0.004922,0.095555,-0.009455,0.000075,-0.019955,-1.1843,-1.2727,-0.8630,-0.4702,0.0046,-0.2070
8.9324,-2.256658,-1.611045,2.023321,-2.042726,-1.590359,2.653905,-0.167400,0.002803,0.104157,-0.009915,-0.000645,-0.025538,-1.0053,-1.3829,-0.7911,-0.4990,-0.0459,-0.2158
8.9424,-2.258306,-1.610994,2.024418,-2.042802,-1.590402,2.653636,-0.162758,0.000829,0.111811,-0.011337,-0.001742,-0.029715,-1.0677,-1.3163,-0.7376,-0.4905,-0.0768,-0.2078
8.9524,-2.259873,-1.610994,2.025615,-2.042948,-1.590395,2.653278,-0.154431,0.000636,0.120220,-0.012091,-0.001940,-0.032766,-1.2600,-1.4477,-0.6907,-0.4814,-0.1074,-0.2015
8.9623,-2.261387,-1.611026,2.026875,-2.043077,-1.590453,2.652953,-0.151536,0.000110,0.130494,-0.012668,-0.004264,-0.036075,-1.0563,-1.5110,-0.7503,-0.4980,-0.1070,-0.2234
8.9723,-2.262862,-1.610994,2.028220,-2.043177,-1.590517,2.652539,-0.149982,0.000000,0.136723,-0.013522,-0.006684,-0.041361,-1.0439,-1.5503,-0.7932,-0.4964,-0.1198,-0.1954
8.9827,-2.264276,-1.611010,2.029637,-2.043321,-1.590561,2.652138,-0.141795,-0.001188,0.142962,-0.014921,-0.006413,-0.046064,-0.9226,-1.5509,-0.8552,-0.4952,-0.1178,-0.2095
8.9924,-2.265666,-1.611010,2.031133,-2.043461,-1.590617,2.651604,-0.144503,0.000288,0.155479,-0.015797,-0.007698,-0.055672,-1.0771,-1.5641,-0.8182,-0.4875,-0.1341,-0.2081
9.0025,-2.267091,-1.611026,2.032706,-2.043628,-1.590665,2.650965,-0.141628,0.000000,0.159281,-0.018369,-0.006998,-0.062115,-1.1873,-1.6845,-0.7982,-0.4794,-0.1438,-0.2515
9.0123,-2.268496,-1.611010,2.034369,-2.043840,-1.590749,2.650285,-0.142343,-0.000636,0.166443,-0.019849,-0.008297,-0.075446,-1.1011,-1.6119,-0.8652,-0.5045,-0.1316,-0.2304
9.0223,-2.269902,-1.611022,2.036011,-2.043985,-1.590809,2.649498,-0.144984,-0.000523,0.172868,-0.020137,-0.006554,-0.085685,-1.1639,-1.6780,-0.7031,-0.5021,-0.1526,-0.2529
9.0325,-2.271386,-1.611034,2.037793,-2.044274,-1.590864,2.648536,-0.147990,-0.000236,0.177010,-0.023153,-0.005569,-0.097173,-1.2298,-1.6961,-0.7735,-0.4837,-0.1536,-0.2575
9.0426,-2.272878,-1.611038,2.039602,-2.044455,-1.590905,2.647493,-0.150609,-0.000378,0.181328,-0.021158,-0.005785,-0.106639,-1.1630,-1.6690,-0.8140,-0.5197,-0.1336,-0.2931
9.0525,-2.274420,-1.611037,2.041411,-2.044678,-1.590968,2.646269,-0.150920,-0.000316,0.181998,-0.021054,-0.004139,-0.123042,-1.1637,-1.6891,-0.8245,-0.5069,-0.1403,-0.2716
9.0625,-2.276000,-1.611034,2.043291,-2.044893,-1.590964,2.644954,-0.153843,-0.000234,0.187347,-0.021004,-0.003347,-0.135681,-1.1900,-1.6832,-0.9221,-0.5117,-0.1534,-0.2691
9.0723,-2.277599,-1.611015,2.045116,-2.045124,-1.591004,2.643501,-0.156921,-0.000256,0.187131,-0.019793,-0.003305,-0.148364,-1.1100,-1.8437,-0.7817,-0.5096,-0.1219,-0.2860
9.0824,-2.279180,-1.611034,2.046996,-2.045300,-1.591020,2.641928,-0.157220,-0.001532,0.188199,-0.019187,-0.002315,-0.162336,-1.1117,-1.8807,-0.9405,-0.5278,-0.1085,-0.2767
9.0922,-2.280806,-1.611018,2.048885,-2.045485,-1.591036,2.640208,-0.161479,-0.000804,0.194593,-0.019099,-0.001893,-0.174072,-1.2074,-1.8501,-0.7967,-0.5038,-0.1402,-0.2887
9.1024,-2.282461,-1.611089,2.050864,-2.045739,-1.591024,2.638406,-0.163079,-0.004035,0.193312,-0.018993,-0.001061,-0.189532,-1.3420,-1.8625,-0.6825,-0.4785,-0.1683,-0.2569
9.1124,-2.284146,-1.611079,2.052778,-2.045872,-1.591065,2.636425,-0.165321,-0.004137,0.196078,-0.016850,-0.002688,-0.196960,-1.2707,-1.9671,-0.8423,-0.5283,-0.1223,-0.2869
9.1224,-2.285804,-1.611121,2.054745,-2.046040,-1.591068,2.634366,-0.166799,-0.003392,0.197358,-0.016754,-0.001321,-0.204532,-1.2289,-2.0614,-0.7451,-0.4981,-0.1252,-0.2469
9.1323,-2.287478,-1.611142,2.056779,-2.046235,-1.591049,2.632278,-0.167021,-0.004107,0.197600,-0.017487,-0.001270,-0.210979,-1.3058,-2.1288,-0.7456,-0.4950,-0.1559,-0.2316
9.1423,-2.289116,-1.611193,2.058751,-2.046327,-1.591108,2.630190,-0.165341,-0.005856,0.197679,-0.015164,-0.002587,-0.209165,-1.0728,-2.2425,-0.9402,-0.5394,-0.1520,-0.2417
9.1524,-2.290754,-1.611238,2.060717,-2.046518,-1.591120,2.628105,-0.163199,-0.005795,0.194188,-0.016478,-0.001780,-0.211287,-1.1937,-2.2480,-0.9296,-0.5139,-0.1279,-0.2274
9.1625,-2.292336,-1.611304,2.062657,-2.046675,-1.591151,2.626099,-0.160733,-0.005113,0.194141,-0.016197,-0.001395,-0.205899,-1.1825,-2.2687,-0.8425,-0.5188,-0.1484,-0.2650
9.1723,-2.293906,-1.611369,2.064612,-2.046791,-1.591168,2.624071,-0.158290,-0.005959,0.195503,-0.014353,-0.002232,-0.206144,-1.1955,-2.2247,-0.9737,-0.5341,-0.1461,-0.2255
9.1829,-2.295447,-1.611417,2.066490,-2.046986,-1.591214,2.622097,-0.154450,-0.006490,0.190654,-0.015684,-0.001969,-0.199418,-0.9702,-2.2174,-1.0195,-0.4961,-0.1370,-0.2216
9.1924,-2.296946,-1.611468,2.068410,-2.047110,-1.591242,2.620137,-0.150935,-0.005404,0.192422,-0.014620,-0.002890,-0.190227,-1.0428,-2.2447,-0.9446,-0.5082,-0.1669,-0.2203
9.2024,-2.298454,-1.611537,2.070310,-2.047285,-1.591215,2.618244,-0.146687,-0.006767,0.191786,-0.016455,-0.002274,-0.183023,-0.9699,-2.2807,-0.7720,-0.4944,-0.1634,-0.2087
9.2123,-2.299841,-1.611596,2.072266,-2.047469,-1.591276,2.616480,-0.144174,-0.007457,0.193541,-0.017411,-0.003474,-0.169003,-0.8667,-2.2892,-0.9049,-0.5216,-0.1359,-0.2377
9.2226,-2.301210,-1.611656,2.074198,-2.047601,-1.591272,2.614855,-0.135361,-0.007034,0.189220,-0.019792,-0.001773,-0.158042,-0.7480,-2.3826,-0.8206,-0.5280,-0.1607,-0.1987
9.2323,-2.302493,-1.611724,2.076102,-2.047860,-1.591311,2.613322,-0.126014,-0.009006,0.190221,-0.025140,-0.002888,-0.144831,-0.8397,-2.3636,-0.8985,-0.5027,-0.1460,-0.2140
9.2426,-2.303769,-1.611836,2.077971,-2.048131,-1.591385,2.611902,-0.117598,-0.009533,0.185031,-0.029239,-0.002907,-0.134995,-0.6414,-2.3955,-0.8251,-0.5239,-0.1403,-0.1866
9.2524,-2.304863,-1.611931,2.079820,-2.048446,-1.591386,2.610667,-0.108101,-0.010485,0.182880,-0.033900,-0.003025,-0.123514,-0.6857,-2.3051,-0.9830,-0.5239,-0.1271,-0.1546
9.2628,-2.305878,-1.612031,2.081644,-2.048786,-1.591403,2.609483,-0.096083,-0.009822,0.179771,-0.038788,-0.003146,-0.107860,-0.6581,-2.3539,-0.9216,-0.5342,-0.1420,-0.1928
9.2726,-2.306822,-1.612150,2.083452,-2.049199,-1.591424,2.608482,-0.086909,-0.010745,0.178994,-0.045211,-0.003493,-0.097611,-0.6007,-2.3343,-1.1201,-0.5742,-0.1462,-0.1705
9.2823,-2.307640,-1.612242,2.085209,-2.049761,-1.591490,2.607603,-0.076220,-0.011268,0.173792,-0.057608,-0.003424,-0.084666,-0.6689,-2.3686,-1.1084,-0.5482,-0.1279,-0.1381
9.2927,-2.308369,-1.612366,2.086968,-2.050360,-1.591460,2.606803,-0.069011,-0.010280,0.175063,-0.068690,-0.002471,-0.071850,-0.5331,-2.3578,-0.8516,-0.5552,-0.1561,-0.1701
9.3022,-2.308987,-1.612476,2.088690,-2.051123,-1.591518,2.606116,-0.058779,-0.011483,0.173665,-0.079684,-0.003185,-0.063314,-0.6729,-2.3741,-0.8001,-0.5361,-0.1303,-0.1490
9.3122,-2.309570,-1.612596,2.090392,-2.051962,-1.591557,2.605559,-0.050503,-0.010486,0.170902,-0.089742,-0.002298,-0.051917,-0.7018,-2.3150,-0.9661,-0.5444,-0.1371,-0.1832
9.3225,-2.310044,-1.612707,2.092084,-2.052941,-1.591550,2.605082,-0.043479,-0.010489,0.168641,-0.100337,-0.002808,-0.044352,-0.7326,-2.3217,-0.8450,-0.5629,-0.1350,-0.1642
9.3322,-2.310465,-1.612784,2.093772,-2.054011,-1.591594,2.604677,-0.038629,-0.009147,0.168402,-0.113371,-0.002388,-0.034835,-0.6242,-2.2746,-0.9277,-0.5388,-0.1378,-0.1632
9.3423,-2.310809,-1.612868,2.095449,-2.055164,-1.591622,2.604346,-0.032922,-0.009115,0.166961,-0.120045,-0.002645,-0.027187,-0.6593,-2.2627,-0.9339,-0.5591,-0.1312,-0.1501
9.3524,-2.311133,-1.612970,2.097099,-2.056437,-1.591641,2.604144,-0.027692,-0.007659,0.165498,-0.129895,-0.002057,-0.021935,-0.6524,-2.2485,-0.8964,-0.5482,-0.1415,-0.1405
9.3622,-2.311374,-1.613004,2.098694,-2.057743,-1.591618,2.603937,-0.023053,-0.006668,0.160532,-0.136466,-0.001904,-0.016748,-0.5919,-2.2818,-0.8712,-0.5387,-0.1558,-0.1392
9.3723,-2.311563,-1.613061,2.100336,-2.059117,-1.591658,2.603808,-0.019554,-0.006079,0.160731,-0.136086,-0.002021,-0.012250,-0.5722,-2.2413,-0.8770,-0.5501,-0.1390,-0.1590
9.3823,-2.311743,-1.613124,2.101908,-2.060514,-1.591674,2.603654,-0.015484,-0.005921,0.156002,-0.140008,-0.001639,-0.009547,-0.5712,-2.2241,-0.8896,-0.5569,-0.1462,-0.1613
9.3923,-2.311875,-1.613199,2.103475,-2.061875,-1.591694,2.603635,-0.012218,-0.005406,0.156026,-0.140045,-0.002649,-0.004820,-0.5809,-2.2276,-1.0588,-0.5463,-0.1460,-0.1696
9.4023,-2.311983,-1.613216,2.105037,-2.063300,-1.591737,2.603580,-0.008714,-0.005190,0.152993,-0.138248,-0.002889,-0.003570,-0.4412,-2.2671,-0.9780,-0.5708,-0.1551,-0.1495
9.4125,-2.312000,-1.613299,2.106541,-2.064714,-1.591738,2.603532,-0.002587,-0.004441,0.147361,-0.140108,-0.003900,-0.003476,-0.4324,-2.2349,-1.0167,-0.5006,-0.1529,-0.1357
9.4229,-2.312004,-1.613319,2.107999,-2.066048,-1.591825,2.603511,0.000873,-0.003428,0.141311,-0.131926,-0.005920,-0.002742,-0.1877,-2.2951,-0.9764,-0.5319,-0.1789,-0.1209
9.4324,-2.311963,-1.613355,2.109334,-2.067350,-1.591870,2.603511,0.004270,-0.002964,0.135294,-0.127943,-0.010100,-0.000993,-0.0494,-2.2894,-1.0252,-0.5614,-0.1795,-0.1224
9.4430,-2.311912,-1.613379,2.110674,-2.068615,-1.592024,2.603481,0.004178,-0.002742,0.130822,-0.124554,-0.014559,-0.000555,0.1299,-2.2897,-1.0284,-0.5492,-0.1836,-0.0750
9.4524,-2.311880,-1.613414,2.111945,-2.069825,-1.592187,2.603511,0.006330,-0.002790,0.124361,-0.115759,-0.014813,-0.000062,0.1889,-2.2214,-1.1081,-0.5398,-0.1852,-0.0072
9.4623,-2.311820,-1.613438,2.113144,-2.070923,-1.592351,2.603496,0.007137,-0.002378,0.118188,-0.112175,-0.018649,0.001888,0.2886,-2.1853,-0.9748,-0.5171,-0.1995,0.0109
9.4724,-2.311720,-1.613447,2.114307,-2.072069,-1.592563,2.603530,0.008645,-0.002006,0.117621,-0.107296,-0.024720,0.001068,0.3722,-2.2528,-1.0391,-0.5018,-0.1928,0.0363
9.4825,-2.311620,-1.613475,2.115449,-2.073080,-1.592888,2.603505,0.008828,-0.002242,0.109522,-0.096610,-0.030016,0.001081,0.4473,-2.2207,-1.0286,-0.5241,-0.2371,0.0429
9.4924,-2.311575,-1.613495,2.116548,-2.074019,-1.593231,2.603520,0.009676,-0.002449,0.110126,-0.093787,-0.037418,0.000619,0.3983,-2.2273,-1.0482,-0.5524,-0.2580,0.0018
9.5023,-2.311475,-1.613522,2.117652,-2.074989,-1.593642,2.603539,0.010139,-0.002776,0.107012,-0.093843,-0.044769,0.000328,0.3527,-2.2926,-0.9939,-0.5406,-0.2324,-0.0592
9.5124,-2.311363,-1.613577,2.118690,-2.075909,-1.594125,2.603511,0.009327,-0.004248,0.103538,-0.092361,-0.050439,-0.000205,0.3737,-2.3167,-0.9657,-0.5312,-0.2136,-0.1115
9.5223,-2.311295,-1.613618,2.119745,-2.076803,-1.594636,2.603499,0.008183,-0.007441,0.104759,-0.090848,-0.053065,-0.002218,0.4086,-2.4503,-0.9984,-0.5699,-0.2148,-0.1491
9.5324,-2.311223,-1.613721,2.120780,-2.077757,-1.595178,2.603475,0.006192,-0.011526,0.100618,-0.094200,-0.056030,-0.005603,0.3232,-2.4454,-0.9883,-0.5683,-0.1816,-0.1482
9.5423,-2.311174,-1.613830,2.121768,-2.078701,-1.595760,2.603404,0.004096,-0.015588,0.100026,-0.097245,-0.051405,-0.007028,0.3867,-2.5453,-1.1049,-0.5522,-0.2206,-0.1454
9.5523,-2.311166,-1.614031,2.122769,-2.079704,-1.596264,2.603331,0.001959,-0.018105,0.098816,-0.098954,-0.051624,-0.007573,0.4414,-2.5246,-1.2524,-0.5481,-0.2209,-0.1509
9.5623,-2.311150,-1.614274,2.123708,-2.080687,-1.596822,2.603280,0.000864,-0.020134,0.088954,-0.100707,-0.051137,-0.005770,0.4043,-2.3971,-1.0331,-0.5657,-0.2368,-0.1635
9.5725,-2.311158,-1.614486,2.124584,-2.081705,-1.597367,2.603213,0.000753,-0.023498,0.086001,-0.105494,-0.053107,-0.003254,0.3760,-2.3727,-1.1046,-0.5308,-0.2295,-0.1500
9.5824,-2.311127,-1.614738,2.125384,-2.082791,-1.597906,2.603212,0.000936,-0.024737,0.079142,-0.104866,-0.052251,-0.002097,0.3178,-2.3892,-1.1538,-0.5350,-0.2111,-0.1451
9.5925,-2.311115,-1.615000,2.126143,-2.083830,-1.598386,2.603196,0.000661,-0.028299,0.069166,-0.107165,-0.054758,-0.000816,0.3410,-2.4334,-1.2165,-0.5846,-0.1732,-0.1117
9.6024,-2.311067,-1.615307,2.126779,-2.084874,-1.598913,2.603212,0.001383,-0.030495,0.063673,-0.110088,-0.052962,-0.000408,0.4227,-2.5083,-1.4390,-0.5560,-0.1894,-0.0322
9.6124,-2.311099,-1.615583,2.127346,-2.086055,-1.599443,2.603205,0.001881,-0.031875,0.052173,-0.110691,-0.048381,0.002473,0.4579,-2.5118,-1.2999,-0.5198,-0.2242,0.0065
9.6224,-2.311066,-1.615953,2.127823,-2.087107,-1.599976,2.603220,0.002415,-0.032703,0.041683,-0.107213,-0.048179,0.004957,0.5272,-2.5280,-1.2561,-0.5040,-0.2370,0.0679
9.6324,-2.311015,-1.616292,2.128191,-2.088126,-1.600447,2.603280,0.003788,-0.035203,0.034847,-0.103051,-0.047184,0.006665,0.5457,-2.4428,-1.3730,-0.5441,-0.2066,0.0815
9.6425,-2.310994,-1.616651,2.128487,-2.089176,-1.600879,2.603340,0.005633,-0.035608,0.026943,-0.100037,-0.044643,0.007725,0.5000,-2.5063,-1.3012,-0.5259,-0.2028,0.0700
9.6525,-2.310919,-1.617025,2.128727,-2.090143,-1.601309,2.603404,0.006681,-0.036512,0.019560,-0.092878,-0.040173,0.007991,0.5003,-2.4211,-1.3017,-0.5262,-0.1927,0.0910
9.6623,-2.310866,-1.617400,2.128863,-2.091023,-1.601680,2.603441,0.007082,-0.035894,0.012700,-0.087535,-0.035921,0.007986,0.4767,-2.4298,-1.3093,-0.5234,-0.1887,0.0890
9.6723,-2.310790,-1.617752,2.128939,-2.091893,-1.602023,2.603523,0.008132,-0.035474,0.002849,-0.081393,-0.030790,0.005905,0.5869,-2.3673,-1.6289,-0.5175,-0.1864,0.0892
9.6823,-2.310683,-1.618106,2.128899,-2.092645,-1.602276,2.603572,0.008140,-0.033058,-0.005784,-0.075088,-0.025352,0.005025,0.5760,-2.4170,-2.0581,-0.4970,-0.2008,0.0887
9.6924,-2.310610,-1.618442,2.128804,-2.093353,-1.602496,2.603580,0.008773,-0.032412,-0.014942,-0.065267,-0.022370,0.004518,0.5707,-2.4873,-2.4504,-0.4770,-0.1635,0.0932
9.7025,-2.310534,-1.618799,2.128598,-2.093952,-1.602718,2.603612,0.008801,-0.032805,-0.020222,-0.058163,-0.017917,0.003637,0.5177,-2.3689,-2.5439,-0.4826,-0.1798,0.0666
9.7125,-2.310431,-1.619106,2.128370,-2.094495,-1.602866,2.603643,0.008883,-0.030102,-0.024509,-0.049201,-0.013515,0.002200,0.5737,-2.3464,-2.5263,-0.5141,-0.1720,0.0939
9.7224,-2.310370,-1.619409,2.128149,-2.094944,-1.602990,2.603672,0.008560,-0.028474,-0.029576,-0.040660,-0.010858,0.001110,0.4562,-2.3056,-2.6434,-0.5092,-0.1562,0.0873
9.7323,-2.310298,-1.619673,2.127833,-2.095287,-1.603038,2.603632,0.007185,-0.026310,-0.033525,-0.032785,-0.003569,0.000494,0.5001,-2.3117,-2.7974,-0.5192,-0.1315,0.0560
9.7424,-2.310242,-1.619948,2.127455,-2.095627,-1.603019,2.603632,0.005650,-0.024254,-0.039361,-0.030916,-0.001037,0.000319,0.4785,-2.2740,-2.8379,-0.5040,-0.0822,0.0211
9.7522,-2.310205,-1.620175,2.127003,-2.095875,-1.603019,2.603632,0.004315,-0.021669,-0.048458,-0.024022,-0.000001,-0.000191,0.5362,-2.2771,-2.7863,-0.5162,-0.0091,-0.0362
9.7624,-2.310150,-1.620371,2.126464,-2.096090,-1.603021,2.603640,0.002706,-0.019600,-0.054728,-0.017402,0.002236,-0.002012,0.4870,-2.3951,-2.9190,-0.5215,0.0328,-0.0753
9.7722,-2.310126,-1.620539,2.125888,-2.096215,-1.602951,2.603635,0.001798,-0.017291,-0.065279,-0.013055,0.003928,-0.004979,0.4653,-2.2784,-2.8817,-0.5240,0.0269,-0.0950
9.7824,-2.310129,-1.620714,2.125185,-2.096342,-1.602899,2.603568,0.001016,-0.015133,-0.072869,-0.008373,0.005480,-0.007982,0.3743,-2.1800,-2.8804,-0.5011,0.0458,-0.1031
9.7925,-2.310141,-1.620855,2.124374,-2.096375,-1.602867,2.603520,0.000562,-0.013218,-0.084942,-0.002157,0.004022,-0.007928,0.3612,-2.2266,-3.0988,-0.5088,0.0659,-0.1086
9.8025,-2.310138,-1.620943,2.123463,-2.096390,-1.602843,2.603491,0.000222,-0.008321,-0.099394,-0.000310,0.002964,-0.007954,0.2559,-2.1481,-3.0084,-0.4505,0.0540,-0.1225
9.8123,-2.310126,-1.621007,2.122429,-2.096359,-1.602831,2.603397,0.000006,-0.003487,-0.104459,-0.000000,0.002176,-0.007776,0.2881,-2.1629,-2.9989,-0.3819,0.0607,-0.1325
9.8224,-2.310126,-1.621034,2.121323,-2.096355,-1.602823,2.603352,0.000000,-0.001057,-0.113110,0.002558,0.001699,-0.007536,0.2695,-2.0116,-2.9511,-0.3379,0.0674,-0.1288
9.8323,-2.310141,-1.621022,2.120140,-2.096339,-1.602826,2.603276,0.000000,-0.000095,-0.117318,0.003831,0.000904,-0.006318,0.2131,-1.8635,-2.8359,-0.2854,0.0417,-0.1291
9.8422,-2.310153,-1.620998,2.118950,-2.096299,-1.602807,2.603263,0.000000,0.001664,-0.119407,0.004636,0.000526,-0.004996,0.2573,-1.9364,-2.9013,-0.2767,0.0213,-0.1369
9.8524,-2.310172,-1.620998,2.117764,-2.096232,-1.602807,2.603208,0.000000,0.000610,-0.118489,0.004237,0.000371,-0.003690,0.4118,-1.7998,-3.0202,-0.2287,-0.0135,-0.1446
9.8624,-2.310126,-1.621017,2.116514,-2.096203,-1.602823,2.603184,0.000000,0.000869,-0.123580,0.007448,0.000002,-0.001915,0.3416,-1.8014,-3.0239,-0.2075,-0.0575,-0.1353
9.8727,-2.310149,-1.621017,2.115254,-2.096120,-1.602823,2.603187,0.000000,0.000500,-0.127424,0.011540,-0.002453,-0.000830,0.4571,-1.7586,-3.0815,-0.1947,-0.0982,-0.1026
9.8826,-2.310118,-1.620986,2.113936,-2.095996,-1.602855,2.603168,0.001578,0.000474,-0.129767,0.013810,-0.005475,-0.000402,0.4816,-1.7001,-3.0691,-0.2161,-0.1430,-0.0613
9.8924,-2.310118,-1.620989,2.112593,-2.095855,-1.602946,2.603172,0.001270,0.000439,-0.138338,0.015960,-0.008178,0.001622,0.5726,-1.6792,-2.9864,-0.1868,-0.1645,0.0395
9.9025,-2.310078,-1.620965,2.111159,-2.095681,-1.603061,2.603184,0.002422,0.001650,-0.138508,0.021088,-0.010240,0.005562,0.5570,-1.6853,-3.0807,-0.1761,-0.1735,0.0497
9.9124,-2.310038,-1.620903,2.109724,-2.095453,-1.603156,2.603280,0.003666,0.002702,-0.140729,0.025117,-0.012248,0.011142,0.5119,-1.5212,-2.9910,-0.1580,-0.1636,0.0764
9.9226,-2.310021,-1.620945,2.108297,-2.095189,-1.603245,2.603376,0.004719,0.003437,-0.142879,0.030931,-0.012544,0.012862,0.6293,-1.4461,-2.7551,-0.1699,-0.1922,0.0927
9.9324,-2.309961,-1.620863,2.106921,-2.094897,-1.603407,2.603475,0.005073,0.004574,-0.140061,0.034306,-0.012589,0.015252,0.5771,-1.3618,-2.7418,-0.1445,-0.1880,0.0988
9.9424,-2.309909,-1.620815,2.105542,-2.094523,-1.603512,2.603572,0.006422,0.005890,-0.131886,0.037549,-0.013022,0.017860,0.5579,-1.3483,-2.8377,-0.1125,-0.2061,0.1295
9.9523,-2.309857,-1.620767,2.104262,-2.094140,-1.603625,2.603716,0.006468,0.006966,-0.128792,0.042166,-0.013406,0.019951,0.6052,-1.2949,-2.6287,-0.1084,-0.2156,0.1187
9.9625,-2.309805,-1.620683,2.102984,-2.093687,-1.603777,2.603898,0.006669,0.008341,-0.119247,0.045812,-0.014519,0.021454,0.5654,-1.2205,-2.8191,-0.0637,-0.1805,0.1492
9.9724,-2.309729,-1.620596,2.101823,-2.093149,-1.603922,2.604064,0.006363,0.010851,-0.112911,0.053477,-0.013629,0.022666,0.3690,-1.2401,-2.5655,-0.0742,-0.1915,0.1347
9.9823,-2.309685,-1.620511,2.100733,-2.092621,-1.604062,2.604280,0.005052,0.011396,-0.104265,0.056800,-0.015744,0.021923,0.5313,-1.1700,-2.5644,-0.0153,-0.1768,0.1409
9.9924,-2.309673,-1.620380,2.099773,-2.091943,-1.604170,2.604473,0.002638,0.012668,-0.092969,0.069416,-0.010031,0.021708,0.6208,-1.1659,-2.4123,-0.0244,-0.2206,0.1290
10.0022,-2.309617,-1.620252,2.098883,-2.091231,-1.604262,2.604676,0.002738,0.012756,-0.080077,0.075285,-0.006877,0.017436,0.5294,-1.1249,-2.5008,-0.0236,-0.1754,0.1441
10.0124,-2.309632,-1.620128,2.098170,-2.090382,-1.604294,2.604800,0.002120,0.013377,-0.071398,0.084392,-0.004998,0.016001,0.4467,-1.1776,-2.3239,-0.0677,-0.1620,0.1266
10.0223,-2.309616,-1.619962,2.097534,-2.089534,-1.604291,2.604925,0.000883,0.015066,-0.055593,0.087316,-0.002125,0.013841,0.4435,-1.1915,-2.3692,-0.0466,-0.1631,0.1353
10.0323,-2.309613,-1.619806,2.097073,-2.088634,-1.604334,2.605063,0.000445,0.015165,-0.045435,0.094985,-0.000823,0.010383,0.4682,-1.1093,-2.2513,-0.0554,-0.1275,0.1377
10.0427,-2.309597,-1.619658,2.096666,-2.087665,-1.604311,2.605132,0.000179,0.015123,-0.032939,0.096817,-0.000390,0.005572,0.4241,-1.0440,-2.2863,-0.0264,-0.0993,0.1261
10.0523,-2.309613,-1.619511,2.096441,-2.086645,-1.604322,2.605137,-0.000170,0.015595,-0.021723,0.100113,0.000286,0.001791,0.2005,-1.0145,-2.1926,-0.0065,-0.0333,0.1371
10.0623,-2.309594,-1.619359,2.096289,-2.085639,-1.604279,2.605153,-0.000487,0.017218,-0.011815,0.103539,0.001978,0.001130,0.2039,-0.9777,-2.1523,-0.0164,0.0112,0.1217
10.0722,-2.309613,-1.619141,2.096265,-2.084608,-1.604209,2.605161,-0.000443,0.019661,0.005084,0.106305,0.005054,0.000639,0.1700,-0.8971,-1.7692,-0.0284,0.0254,0.1038
10.0825,-2.309628,-1.618956,2.096349,-2.083498,-1.604202,2.605168,-0.000396,0.020832,0.014884,0.106191,0.005458,0.000442,0.1211,-0.9033,-1.3104,-0.0563,0.0536,0.0726
10.0922,-2.309613,-1.618691,2.096525,-2.082475,-1.604132,2.605161,-0.000276,0.024092,0.021027,0.107016,0.006625,0.000296,0.1576,-0.9175,-1.3383,-0.0473,0.0676,0.0379
10.1023,-2.309644,-1.618396,2.096748,-2.081361,-1.604060,2.605145,-0.000211,0.025751,0.023818,0.109028,0.006820,0.000048,0.0834,-1.0860,-1.2237,-0.0701,0.0845,0.0200
10.1122,-2.309609,-1.618144,2.097024,-2.080314,-1.604007,2.605153,-0.000171,0.027126,0.026679,0.104483,0.007371,0.000000,0.2095,-1.1160,-1.2438,-0.0961,0.0770,-0.0032
10.1224,-2.309628,-1.617854,2.097284,-2.079314,-1.603951,2.605124,-0.000115,0.028888,0.027563,0.101381,0.007147,-0.001624,0.2439,-1.1581,-1.2347,-0.0718,0.0745,-0.0248
10.1323,-2.309613,-1.617579,2.097572,-2.078331,-1.603884,2.605153,0.000064,0.028157,0.027412,0.099971,0.006502,-0.000911,0.2648,-1.2374,-1.1017,-0.1262,0.0859,-0.0319
10.1424,-2.309628,-1.617307,2.097867,-2.077356,-1.603809,2.605141,0.000088,0.027080,0.028084,0.096312,0.005631,-0.000652,0.3219,-1.1379,-1.1477,-0.1303,0.0926,-0.0181
10.1524,-2.309632,-1.616985,2.098146,-2.076406,-1.603828,2.605160,0.000125,0.027423,0.027635,0.090958,0.004949,-0.000460,0.3820,-1.1469,-1.1792,-0.1399,0.0918,-0.0148
10.1623,-2.309616,-1.616744,2.098390,-2.075566,-1.603764,2.605124,0.000401,0.026448,0.025682,0.086168,0.004003,-0.000311,0.4376,-1.2134,-1.2019,-0.1136,0.0953,0.0359
10.1723,-2.309616,-1.616470,2.098615,-2.074712,-1.603729,2.605134,0.000598,0.025257,0.022945,0.080137,0.002953,0.000915,0.4968,-1.2508,-1.2182,-0.1100,0.0903,0.1307
10.1822,-2.309585,-1.616218,2.098846,-2.073909,-1.603763,2.605196,0.000730,0.023730,0.021390,0.074320,0.001391,0.006021,0.5037,-1.2412,-1.1840,-0.1367,0.0731,0.1592
10.1924,-2.309592,-1.615976,2.099062,-2.073217,-1.603759,2.605272,0.001154,0.022416,0.018307,0.069250,0.000631,0.013142,0.4938,-1.2048,-1.3105,-0.1525,0.0434,0.1664
10.2024,-2.309561,-1.615768,2.099211,-2.072547,-1.603751,2.605416,0.001520,0.021473,0.015150,0.061721,0.000332,0.014470,0.4868,-1.2517,-1.3908,-0.1443,0.0147,0.1777
10.2122,-2.309537,-1.615560,2.099366,-2.071963,-1.603717,2.605565,0.001870,0.019859,0.010984,0.055384,0.000147,0.016676,0.4743,-1.2495,-1.4073,-0.1520,-0.0388,0.1830
10.2224,-2.309529,-1.615369,2.099418,-2.071448,-1.603756,2.605720,0.002014,0.017851,0.004245,0.050111,-0.002154,0.019882,0.5297,-1.1892,-1.4769,-0.1285,-0.0660,0.1653
10.2322,-2.309501,-1.615205,2.099427,-2.070997,-1.603737,2.605928,0.002289,0.016662,0.000004,0.042321,-0.003104,0.021886,0.6027,-1.2565,-1.6968,-0.1483,-0.1107,0.1731
10.2424,-2.309496,-1.615050,2.099390,-2.070625,-1.603835,2.606156,0.002212,0.015174,-0.003942,0.034022,-0.004525,0.022597,0.5199,-1.2319,-2.0155,-0.1354,-0.1337,0.1533
10.2523,-2.309481,-1.614899,2.099335,-2.070302,-1.603864,2.606365,0.002435,0.013409,-0.007080,0.027550,-0.006489,0.023332,0.5757,-1.1739,-2.1849,-0.1483,-0.1189,0.1864
10.2624,-2.309441,-1.614790,2.099271,-2.070097,-1.603915,2.606581,0.002479,0.012179,-0.010238,0.020422,-0.005090,0.021879,0.5343,-1.2729,-2.4093,-0.1503,-0.1311,0.1823
10.2722,-2.309401,-1.614639,2.099088,-2.069941,-1.603959,2.606816,0.002163,0.010658,-0.012518,0.013537,-0.004658,0.020324,0.5126,-1.2112,-2.4260,-0.1488,-0.1398,0.1614
10.2824,-2.309408,-1.614566,2.098988,-2.069830,-1.603971,2.606977,0.001994,0.009662,-0.014098,0.007597,-0.004772,0.018492,0.5723,-1.2546,-2.3924,-0.1729,-0.1653,0.1825
10.2924,-2.309385,-1.614467,2.098847,-2.069821,-1.604019,2.607176,0.001849,0.007752,-0.015111,0.001369,-0.004954,0.014388,0.4863,-1.3152,-2.4237,-0.2350,-0.1572,0.1767
10.3024,-2.309388,-1.614391,2.098719,-2.069833,-1.604090,2.607297,0.001231,0.005906,-0.015629,0.000016,-0.004581,0.011520,0.5208,-1.3161,-2.5122,-0.3144,-0.1714,0.1702
10.3124,-2.309372,-1.614356,2.098532,-2.069873,-1.604079,2.607401,0.000673,0.004108,-0.016799,-0.003825,-0.003924,0.008814,0.3907,-1.3119,-2.4479,-0.4011,-0.1606,0.1513
10.3224,-2.309388,-1.614305,2.098388,-2.069933,-1.604130,2.607433,0.000159,0.002975,-0.017596,-0.008249,-0.003788,0.004435,0.4654,-1.2779,-2.4857,-0.4305,-0.1668,0.1589
10.3324,-2.309372,-1.614299,2.098224,-2.070001,-1.604139,2.607445,0.000001,0.002887,-0.018457,-0.011620,-0.003109,0.001303,0.2467,-1.2215,-2.4583,-0.4424,-0.1597,0.1362
10.3423,-2.309385,-1.614283,2.098013,-2.070160,-1.604156,2.607454,0.000000,0.003375,-0.018657,-0.011635,-0.002760,0.000683,0.1822,-1.2387,-2.5214,-0.4381,-0.1660,0.1130
10.3523,-2.309369,-1.614221,2.097856,-2.070236,-1.604183,2.607454,-0.000818,0.004905,-0.018574,-0.011641,-0.002210,0.000463,0.1611,-1.1823,-2.4875,-0.4573,-0.1753,0.0833
10.3623,-2.309408,-1.614176,2.097660,-2.070364,-1.604223,2.607445,-0.001710,0.004606,-0.017701,-0.013355,-0.002136,0.000024,0.1112,-1.1575,-2.5673,-0.4591,-0.1773,0.0246
10.3722,-2.309374,-1.614125,2.097508,-2.070488,-1.604219,2.607457,-0.001197,0.005566,-0.017179,-0.013975,-0.001579,-0.003478,-0.0356,-1.1631,-2.5316,-0.4589,-0.1543,-0.0014
10.3822,-2.309451,-1.614077,2.097321,-2.070647,-1.604273,2.607424,-0.002542,0.006771,-0.015769,-0.015992,-0.001220,-0.003794,-0.1048,-1.2028,-2.5260,-0.4518,-0.1588,-0.0480
10.3922,-2.309437,-1.614009,2.097169,-2.070787,-1.604243,2.607357,-0.002689,0.008436,-0.014958,-0.016686,-0.000961,-0.005568,-0.1828,-1.1683,-2.4799,-0.4617,-0.1736,-0.0482
10.4023,-2.309493,-1.613925,2.096998,-2.070947,-1.604262,2.607341,-0.003370,0.008179,-0.015343,-0.016816,-0.000810,-0.005900,-0.1421,-1.1048,-2.5249,-0.4488,-0.1655,-0.0382
10.4126,-2.309524,-1.613845,2.096893,-2.071107,-1.604263,2.607258,-0.003372,0.009153,-0.013318,-0.016276,-0.000786,-0.005980,-0.2807,-1.1675,-2.5217,-0.4598,-0.1514,-0.0575
10.4225,-2.309565,-1.613753,2.096776,-2.071291,-1.604283,2.607248,-0.004273,0.009751,-0.011894,-0.015943,-0.000589,-0.005376,-0.3229,-1.1238,-2.4400,-0.4596,-0.1364,-0.0595
10.4327,-2.309601,-1.613650,2.096653,-2.071449,-1.604297,2.607157,-0.004342,0.009803,-0.010282,-0.015185,-0.000403,-0.004961,-0.2316,-1.1881,-2.4704,-0.4636,-0.1302,-0.0702
10.4425,-2.309636,-1.613539,2.096554,-2.071598,-1.604294,2.607140,-0.004730,0.009018,-0.006867,-0.014851,-0.000305,-0.004705,-0.3220,-1.1435,-2.4471,-0.4569,-0.1368,-0.0664
10.4525,-2.309681,-1.613462,2.096494,-2.071734,-1.604252,2.607081,-0.004715,0.009420,-0.004502,-0.013592,-0.000246,-0.004292,-0.3586,-1.1601,-2.4348,-0.4661,-0.1113,-0.0929
10.4624,-2.309736,-1.613363,2.096470,-2.071849,-1.604297,2.607045,-0.004369,0.007879,-0.002809,-0.013041,-0.000206,-0.003188,-0.4135,-1.1064,-2.4236,-0.4654,-0.1063,-0.0652
10.4724,-2.309769,-1.613283,2.096473,-2.072008,-1.604279,2.607037,-0.004559,0.008616,-0.002100,-0.011925,-0.000058,-0.003451,-0.3624,-1.1609,-2.4717,-0.4655,-0.0733,-0.0821
10.4828,-2.309805,-1.613215,2.096465,-2.072093,-1.604301,2.606997,-0.004093,0.006942,-0.001548,-0.010865,-0.000025,-0.002548,-0.4039,-1.2916,-2.4566,-0.4578,-0.0593,-0.0805
10.4923,-2.309837,-1.613135,2.096425,-2.072149,-1.604274,2.607021,-0.004066,0.005237,-0.004211,-0.006591,-0.000000,-0.002262,-0.3997,-1.2682,-2.5891,-0.4672,-0.0364,-0.0653
10.5024,-2.309874,-1.613092,2.096393,-2.072204,-1.604263,2.606973,-0.004560,0.004660,-0.006992,-0.003804,-0.000000,-0.001750,-0.3758,-1.4026,-2.7874,-0.4700,-0.0341,-0.0620
10.5124,-2.309913,-1.613049,2.096297,-2.072200,-1.604256,2.606961,-0.003572,0.002916,-0.013670,-0.001462,0.000722,-0.001349,-0.4233,-1.3677,-2.8602,-0.4709,-0.0353,-0.0629
10.5224,-2.309946,-1.613043,2.096125,-2.072185,-1.604240,2.607000,-0.003350,0.001112,-0.019837,-0.000725,0.000576,-0.000876,-0.4022,-1.4516,-2.9395,-0.4352,-0.0436,-0.0629
10.5324,-2.309973,-1.613056,2.095867,-2.072181,-1.604256,2.606930,-0.002438,0.000000,-0.028482,-0.000042,0.000335,-0.000579,-0.4377,-1.5314,-2.9174,-0.3350,-0.0370,-0.0564
10.5424,-2.309985,-1.613072,2.095519,-2.072142,-1.604243,2.606950,-0.001350,-0.001914,-0.037691,0.004668,0.000244,-0.000453,-0.4107,-1.7178,-3.0477,-0.2697,-0.0439,-0.0496
10.5522,-2.309997,-1.613092,2.095085,-2.072061,-1.604259,2.606946,-0.000634,-0.002970,-0.048317,0.010219,0.000159,-0.000345,-0.3518,-1.8071,-3.1213,-0.2331,-0.0614,-0.0303
10.5622,-2.310000,-1.613115,2.094506,-2.071938,-1.604274,2.606969,-0.000372,-0.003804,-0.064901,0.016009,0.000103,-0.000278,-0.2954,-1.9772,-3.4425,-0.2142,-0.0800,-0.0177
10.5723,-2.310000,-1.613167,2.093693,-2.071704,-1.604274,2.606969,-0.000164,-0.004753,-0.088004,0.026935,-0.000175,-0.000204,-0.2708,-2.1010,-3.4446,-0.1870,-0.1496,0.0194
10.5829,-2.309989,-1.613199,2.092695,-2.071407,-1.604270,2.606953,0.000146,-0.005586,-0.108611,0.038975,-0.001451,-0.000029,-0.1884,-2.1877,-3.4060,-0.1487,-0.1808,0.0329
10.5922,-2.309973,-1.613271,2.091375,-2.070878,-1.604341,2.606996,0.000178,-0.010951,-0.147284,0.060925,-0.004255,0.001058,-0.2143,-2.3325,-3.8200,-0.1368,-0.1779,0.0777
10.6024,-2.309973,-1.613367,2.089680,-2.070082,-1.604324,2.606969,0.000536,-0.010113,-0.178141,0.092273,-0.005897,0.001025,-0.0886,-2.5547,-4.0224,-0.1082,-0.1814,0.0791
10.6123,-2.309942,-1.613509,2.087689,-2.068958,-1.604387,2.607004,0.000727,-0.012978,-0.213879,0.126023,-0.006883,0.001810,-0.0173,-2.4349,-3.7005,-0.0517,-0.1801,0.1122
10.6224,-2.309946,-1.613645,2.085374,-2.067510,-1.604465,2.607020,0.001529,-0.015188,-0.244528,0.161135,-0.007407,0.002460,0.0310,-2.5087,-3.7122,-0.0000,-0.1849,0.1015
10.6323,-2.309949,-1.613797,2.082709,-2.065658,-1.604541,2.607017,0.001058,-0.018314,-0.272068,0.201506,-0.006808,0.002822,0.1610,-2.4388,-3.7040,0.0313,-0.1879,0.1078
10.6425,-2.309922,-1.614012,2.079866,-2.063365,-1.604625,2.607022,0.001632,-0.019292,-0.294017,0.241715,-0.006437,0.003333,0.1793,-2.4775,-3.7069,0.0616,-0.1623,0.1096
10.6524,-2.309925,-1.614228,2.076812,-2.060695,-1.604664,2.607073,0.001653,-0.023866,-0.315694,0.282434,-0.006384,0.003169,0.1816,-2.6644,-3.5844,0.0724,-0.1813,0.1097
10.6624,-2.309897,-1.614507,2.073513,-2.057614,-1.604732,2.607073,0.001354,-0.030296,-0.334819,0.321066,-0.007354,0.002472,0.2319,-2.6406,-3.8452,0.0369,-0.1876,0.1298
10.6724,-2.309877,-1.614861,2.070032,-2.054154,-1.604796,2.607094,0.005518,-0.036954,-0.363680,0.360950,-0.006622,0.002338,0.2487,-2.7100,-3.6635,0.0459,-0.1845,0.1333
10.6825,-2.309841,-1.615244,2.066296,-2.050442,-1.604848,2.607117,0.004574,-0.041661,-0.378143,0.394761,-0.006086,0.002158,0.3340,-2.7444,-3.5375,0.0723,-0.1948,0.1194
10.6923,-2.309805,-1.615741,2.062404,-2.046279,-1.604869,2.607160,0.004151,-0.052579,-0.401292,0.442158,-0.005827,0.002565,0.3824,-2.7316,-3.6321,0.0963,-0.1744,0.1254
10.7024,-2.309765,-1.616275,2.058311,-2.041576,-1.604975,2.607169,0.003483,-0.055750,-0.411334,0.482071,-0.005910,0.001924,0.4995,-2.8590,-3.5533,0.1122,-0.1793,0.1358
10.7128,-2.309749,-1.616921,2.054071,-2.036550,-1.604981,2.607209,0.003376,-0.064236,-0.419490,0.511017,-0.004893,0.001775,0.4252,-2.7307,-3.3323,0.0741,-0.1696,0.1416
10.7228,-2.309709,-1.617611,2.049852,-2.031236,-1.605063,2.607177,0.003048,-0.068584,-0.422590,0.538478,-0.005310,0.002951,0.4967,-2.7979,-3.3454,0.1207,-0.1753,0.1312
10.7324,-2.309670,-1.618372,2.045649,-2.025702,-1.605084,2.607257,0.004134,-0.073849,-0.422351,0.561793,-0.004170,0.002992,0.4430,-2.5952,-3.1593,0.1345,-0.1831,0.1228
10.7423,-2.309624,-1.619105,2.041486,-2.019965,-1.605178,2.607234,0.004757,-0.075318,-0.414584,0.580413,-0.004322,0.002643,0.5848,-2.6518,-3.2597,0.1691,-0.1768,0.1632
10.7523,-2.309570,-1.619906,2.037386,-2.014076,-1.605192,2.607308,0.005476,-0.077834,-0.406785,0.603489,-0.005080,0.003534,0.5781,-2.6852,-3.0849,0.1086,-0.1713,0.1710
10.7625,-2.309501,-1.620712,2.033386,-2.007916,-1.605224,2.607322,0.006307,-0.080577,-0.395350,0.610111,-0.003489,0.003818,0.5938,-2.5111,-3.0163,0.1413,-0.1757,0.1725
10.7723,-2.309425,-1.621525,2.029471,-2.001670,-1.605264,2.607377,0.007631,-0.080512,-0.386081,0.620841,-0.003780,0.004496,0.5764,-2.5521,-2.8565,0.1112,-0.1600,0.1625
10.7824,-2.309357,-1.622355,2.025666,-1.995361,-1.605268,2.607413,0.008361,-0.076896,-0.369510,0.627502,-0.003900,0.005549,0.6136,-2.7073,-2.8242,0.1148,-0.1742,0.1515
10.7924,-2.309285,-1.623164,2.021978,-1.989157,-1.605320,2.607476,0.008660,-0.084163,-0.364225,0.635684,-0.003848,0.007965,0.6442,-2.5948,-3.1220,0.1879,-0.1617,0.1673
10.8024,-2.309204,-1.623994,2.018421,-1.982790,-1.605407,2.607540,0.009492,-0.080881,-0.355329,0.647681,-0.006291,0.009099,0.6915,-2.8287,-3.1220,0.1104,-0.1564,0.1625
10.8124,-2.309077,-1.624822,2.014952,-1.976203,-1.605478,2.607620,0.010200,-0.083923,-0.346839,0.646207,-0.007653,0.008686,0.6870,-2.7342,-3.1373,0.0281,-0.1739,0.1777
10.8227,-2.309012,-1.625651,2.011512,-1.969770,-1.605570,2.607701,0.010014,-0.088143,-0.339799,0.633282,-0.010508,0.010470,0.7383,-2.8628,-3.3692,0.0390,-0.1902,0.1672
10.8322,-2.308864,-1.626556,2.008168,-1.963415,-1.605654,2.607828,0.010546,-0.090139,-0.335425,0.625381,-0.012113,0.010703,0.6088,-2.8148,-3.1510,0.0392,-0.1867,0.1774
10.8426,-2.308758,-1.627429,2.004835,-1.957320,-1.605773,2.607921,0.010660,-0.093340,-0.326358,0.610460,-0.012011,0.010902,0.5212,-2.8712,-3.1590,0.0274,-0.1955,0.1710
10.8523,-2.308684,-1.628406,2.001593,-1.951409,-1.605901,2.607970,0.009261,-0.097343,-0.321742,0.593002,-0.012926,0.011199,0.6141,-2.9781,-3.0578,0.0421,-0.2026,0.1583
10.8625,-2.308573,-1.629413,1.998410,-1.945513,-1.606045,2.608160,0.008799,-0.105663,-0.314165,0.576130,-0.014926,0.011635,0.6541,-2.8097,-2.9622,0.0240,-0.2028,0.1705
10.8722,-2.308492,-1.630489,1.995357,-1.939822,-1.606211,2.608229,0.009603,-0.112640,-0.302470,0.558495,-0.017891,0.013221,0.6729,-2.7157,-3.0948,-0.0450,-0.1938,0.1921
10.8824,-2.308408,-1.631601,1.992322,-1.934403,-1.606359,2.608417,0.008938,-0.113781,-0.295281,0.530913,-0.017893,0.014303,0.7028,-2.9540,-2.9547,0.0197,-0.2125,0.1746
10.8925,-2.308319,-1.632797,1.989429,-1.929175,-1.606563,2.608533,0.011828,-0.128625,-0.287982,0.516008,-0.020086,0.017103,0.7064,-3.0866,-3.1067,0.0379,-0.2158,0.1742
10.9022,-2.308191,-1.634123,1.986621,-1.924107,-1.606751,2.608741,0.010698,-0.135171,-0.278695,0.504047,-0.020396,0.017411,0.7573,-3.0536,-3.1719,0.0178,-0.2299,0.1902
10.9123,-2.308068,-1.635497,1.983879,-1.919270,-1.606982,2.608917,0.011968,-0.143865,-0.268660,0.488969,-0.022281,0.019374,0.6841,-2.9973,-2.9166,0.0427,-0.2204,0.1948
10.9224,-2.307963,-1.636986,1.981285,-1.914395,-1.607205,2.609140,0.011540,-0.152776,-0.256541,0.472770,-0.024287,0.020965,0.6925,-3.1149,-2.7715,-0.0063,-0.2175,0.1868
10.9322,-2.307835,-1.638611,1.978850,-1.909748,-1.607461,2.609384,0.012572,-0.162423,-0.238611,0.454175,-0.025017,0.023489,0.6369,-2.9301,-2.8334,-0.0384,-0.2211,0.2080
10.9424,-2.307726,-1.640256,1.976582,-1.905305,-1.607707,2.609586,0.011227,-0.167352,-0.219695,0.432261,-0.025013,0.025818,0.6547,-3.0108,-2.5645,-0.0042,-0.2180,0.2066
10.9525,-2.307591,-1.641977,1.974436,-1.901128,-1.607940,2.609849,0.011407,-0.176012,-0.200340,0.411004,-0.025235,0.027838,0.7411,-2.8730,-2.7419,0.0070,-0.1932,0.2022
10.9629,-2.307483,-1.643807,1.972570,-1.897141,-1.608218,2.610156,0.012026,-0.182020,-0.183167,0.394946,-0.024995,0.030757,0.7536,-2.9980,-2.6345,-0.0024,-0.2022,0.1714
10.9724,-2.307342,-1.645727,1.970896,-1.893366,-1.608447,2.610462,0.013803,-0.188938,-0.162027,0.376833,-0.023565,0.032041,0.7256,-2.8337,-2.4819,-0.0064,-0.2037,0.1887
10.9824,-2.307175,-1.647676,1.969363,-1.889754,-1.608665,2.610814,0.013959,-0.190447,-0.141980,0.355958,-0.022533,0.034888,0.7160,-2.8607,-2.4471,-0.0193,-0.2158,0.2065
10.9924,-2.307038,-1.649707,1.968039,-1.886303,-1.608951,2.611174,0.016463,-0.205473,-0.123157,0.338192,-0.021436,0.038291,0.7835,-3.1150,-2.6475,-0.0416,-0.2044,0.1782
11.0023,-2.306882,-1.651801,1.966960,-1.882952,-1.609096,2.611597,0.016333,-0.211106,-0.103731,0.322781,-0.019716,0.040317,0.8181,-3.0635,-2.5665,-0.0546,-0.2030,0.1704
11.0122,-2.306690,-1.653996,1.965965,-1.879851,-1.609269,2.612002,0.017962,-0.219601,-0.085443,0.303919,-0.018847,0.041881,0.7567,-3.2339,-2.6179,-0.0537,-0.2025,0.1757
11.0222,-2.306494,-1.656279,1.965224,-1.876913,-1.609471,2.612453,0.019248,-0.230382,-0.071937,0.285152,-0.017595,0.042052,0.9050,-3.4743,-2.6086,-0.0519,-0.1922,0.2110
11.0323,-2.306302,-1.658592,1.964605,-1.874158,-1.609596,2.612906,0.020385,-0.244625,-0.057734,0.272632,-0.015205,0.044099,0.8508,-3.1953,-2.4753,-0.0671,-0.1710,0.1834
11.0424,-2.306089,-1.661097,1.964098,-1.871498,-1.609746,2.613408,0.021383,-0.252897,-0.040429,0.254100,-0.012673,0.045137,0.9028,-3.2617,-2.6318,-0.0332,-0.1758,0.1846
11.0523,-2.305842,-1.663632,1.963751,-1.869071,-1.609881,2.613873,0.023562,-0.260732,-0.029223,0.237904,-0.011502,0.046177,0.9166,-3.2692,-2.6248,-0.0676,-0.1815,0.1748
11.0623,-2.305566,-1.666298,1.963526,-1.866796,-1.609970,2.614326,0.025427,-0.274646,-0.018291,0.223411,-0.009851,0.044494,0.8457,-3.3289,-2.5300,-0.0689,-0.1892,0.1708
11.0723,-2.305332,-1.669135,1.963437,-1.864684,-1.610041,2.614778,0.028486,-0.289270,-0.005138,0.210587,-0.008365,0.043583,0.8287,-3.2142,-2.2139,-0.0530,-0.1902,0.1719
11.0824,-2.305034,-1.672092,1.963470,-1.862678,-1.610110,2.615211,0.027715,-0.296818,0.008930,0.197518,-0.007036,0.043886,0.9103,-3.2563,-1.6473,-0.0581,-0.2140,0.1827
11.0923,-2.304756,-1.675215,1.963632,-1.860798,-1.610189,2.615673,0.031861,-0.324353,0.018198,0.184473,-0.007073,0.042843,0.9510,-3.7388,-1.6098,-0.0710,-0.2024,0.1696
11.1024,-2.304439,-1.678625,1.963856,-1.858975,-1.610245,2.616087,0.030192,-0.335674,0.025140,0.180947,-0.006619,0.039871,0.9437,-3.8080,-1.5468,-0.1070,-0.1798,0.1756
11.1128,-2.304124,-1.682086,1.964108,-1.857235,-1.610298,2.616498,0.030859,-0.350828,0.029123,0.171022,-0.005639,0.039327,0.8910,-3.6601,-1.4541,-0.1055,-0.1930,0.1601
11.1223,-2.303799,-1.685760,1.964423,-1.855599,-1.610361,2.616851,0.032201,-0.367199,0.031505,0.160019,-0.004294,0.037631,0.9567,-3.9406,-1.4683,-0.0909,-0.1953,0.1617
11.1322,-2.303439,-1.689549,1.964747,-1.854039,-1.610408,2.617199,0.032087,-0.388308,0.033190,0.155287,-0.004310,0.035473,0.8897,-3.3578,-1.3029,-0.0738,-0.1874,0.1790
11.1423,-2.303114,-1.693468,1.965090,-1.852444,-1.610424,2.617567,0.031994,-0.395207,0.036336,0.151772,-0.002881,0.034065,0.9076,-3.4358,-1.3572,-0.1025,-0.1920,0.1758
11.1524,-2.302779,-1.697403,1.965478,-1.850941,-1.610457,2.617899,0.032580,-0.403737,0.038176,0.147432,-0.003453,0.032226,0.9281,-3.3207,-1.3510,-0.0995,-0.1546,0.1686
11.1624,-2.302430,-1.701501,1.965880,-1.849517,-1.610469,2.618207,0.035789,-0.413466,0.039069,0.144592,-0.001513,0.030785,0.9136,-3.2241,-1.3248,-0.0922,-0.1883,0.1598
11.1723,-2.302054,-1.705699,1.966249,-1.848010,-1.610453,2.618527,0.038475,-0.419576,0.040187,0.148521,-0.001480,0.030049,0.9164,-3.1735,-1.4587,-0.1058,-0.1741,0.1851
11.1828,-2.301677,-1.709941,1.966656,-1.846507,-1.610536,2.618839,0.039690,-0.418179,0.041491,0.147687,-0.001440,0.031242,0.9809,-3.1810,-1.3923,-0.0884,-0.1688,0.1966
11.1922,-2.301174,-1.714262,1.967055,-1.845039,-1.610524,2.619144,0.058136,-0.434925,0.036463,0.156192,-0.000736,0.035153,1.3185,-3.1739,-1.2955,-0.0628,-0.1421,0.1701
11.2023,-2.300541,-1.718640,1.967395,-1.843404,-1.610536,2.619497,0.067104,-0.431590,0.036553,0.167740,-0.000531,0.038656,1.5006,-3.2779,-1.3166,-0.0213,-0.1344,0.2001
11.2123,-2.299769,-1.722983,1.967742,-1.841638,-1.610494,2.619980,0.086516,-0.434704,0.034565,0.176912,-0.000388,0.044383,1.4951,-2.9526,-1.1677,0.0036,-0.1104,0.2056
11.2224,-2.298864,-1.727277,1.968062,-1.839807,-1.610575,2.620455,0.107919,-0.433677,0.033416,0.188807,-0.000270,0.051021,1.8975,-2.9030,-1.1749,0.0142,-0.0869,0.2229
11.2323,-2.297589,-1.731560,1.968438,-1.837816,-1.610541,2.621015,0.132879,-0.426633,0.034018,0.201044,-0.000221,0.060829,1.9262,-2.8161,-1.2688,0.0251,-0.0516,0.2353
11.2424,-2.296160,-1.735752,1.968746,-1.835654,-1.610575,2.621691,0.158879,-0.415483,0.032766,0.215040,-0.000058,0.069372,2.0548,-2.9069,-1.3174,-0.0114,-0.0430,0.2029
11.2524,-2.294403,-1.739924,1.969101,-1.833483,-1.610575,2.622420,0.186478,-0.403534,0.031764,0.221339,-0.000000,0.077732,2.2078,-2.8139,-1.3482,-0.0055,0.0109,0.2223
11.2623,-2.292385,-1.743960,1.969354,-1.831256,-1.610532,2.623298,0.219848,-0.391692,0.027673,0.228363,0.000237,0.086587,2.2443,-2.5622,-1.2541,-0.0095,0.0171,0.2270
11.2723,-2.289953,-1.747893,1.969641,-1.828958,-1.610548,2.624247,0.260895,-0.380967,0.024808,0.238277,0.001071,0.098921,1.9852,-2.2714,-1.1737,-0.0078,0.0296,0.2253
11.2825,-2.287170,-1.751618,1.969860,-1.826588,-1.610532,2.625298,0.291601,-0.362852,0.024563,0.239281,0.000740,0.108492,1.9680,-2.1102,-1.1229,0.0038,0.0565,0.2501
11.2925,-2.284000,-1.755141,1.970065,-1.824149,-1.610459,2.626449,0.339357,-0.356790,0.023205,0.244524,0.003201,0.123512,2.3976,-2.4279,-1.1711,-0.0034,0.0665,0.2512
11.3024,-2.280385,-1.758491,1.970333,-1.821677,-1.610529,2.627746,0.371567,-0.336409,0.025044,0.248211,0.001026,0.137393,2.4665,-2.6045,-1.1956,-0.0064,0.0742,0.2502
11.3124,-2.276385,-1.761780,1.970609,-1.819064,-1.610457,2.629200,0.404299,-0.325617,0.026101,0.247554,0.003010,0.151601,2.1747,-2.5298,-1.2853,-0.0432,0.0404,0.2248
11.3223,-2.272083,-1.764964,1.970903,-1.816636,-1.610457,2.630749,0.429642,-0.314420,0.026815,0.243897,0.001038,0.163437,2.2054,-2.8240,-1.3759,-0.0484,0.0575,0.2799
11.3323,-2.267650,-1.768121,1.971167,-1.814189,-1.610445,2.632445,0.450333,-0.308766,0.026748,0.241337,0.001229,0.177327,1.9794,-2.4552,-1.3673,-0.0520,0.0335,0.2490
11.3423,-2.263169,-1.771243,1.971422,-1.811782,-1.610431,2.634254,0.460425,-0.300867,0.026465,0.237392,0.000574,0.186641,1.9613,-2.4005,-1.2615,-0.0855,0.0005,0.2595
11.3527,-2.258568,-1.774241,1.971698,-1.809488,-1.610452,2.636167,0.469997,-0.292881,0.027380,0.230407,0.000375,0.196664,1.7416,-2.3109,-1.2725,-0.0459,-0.0278,0.2541
11.3624,-2.253840,-1.777257,1.971973,-1.807170,-1.610440,2.638168,0.470419,-0.288242,0.028898,0.226172,0.000232,0.204697,1.5040,-2.2053,-1.2228,-0.0324,-0.0748,0.2606
11.3723,-2.249064,-1.780096,1.972257,-1.804921,-1.610440,2.640265,0.467677,-0.283635,0.031625,0.224222,-0.000145,0.215926,1.3819,-2.1652,-1.1975,-0.0589,-0.1394,0.2560
11.3823,-2.244388,-1.782877,1.972613,-1.802683,-1.610426,2.642488,0.451676,-0.274751,0.035952,0.220427,-0.001716,0.222319,1.2741,-2.3840,-1.2837,-0.0341,-0.1676,0.2553
11.3924,-2.239865,-1.785596,1.973010,-1.800481,-1.610424,2.644750,0.442035,-0.285477,0.039550,0.222329,-0.002596,0.231846,1.4000,-2.6237,-1.1742,-0.0245,-0.1882,0.2654
11.4023,-2.235587,-1.788410,1.973394,-1.798311,-1.610453,2.647126,0.423423,-0.286234,0.045455,0.223166,-0.004374,0.237829,1.2422,-2.6727,-1.0946,-0.0189,-0.1863,0.2790
11.4123,-2.231535,-1.791282,1.973877,-1.796108,-1.610466,2.649585,0.403731,-0.286242,0.049894,0.223444,-0.005170,0.240704,1.0953,-2.3741,-1.1203,-0.0483,-0.2293,0.2487
11.4224,-2.227725,-1.794163,1.974408,-1.793888,-1.610541,2.652065,0.382437,-0.290210,0.056241,0.224465,-0.005138,0.241084,1.2350,-2.5858,-1.0976,-0.0430,-0.2118,0.2570
11.4323,-2.224011,-1.797058,1.974974,-1.791601,-1.610588,2.654510,0.362773,-0.292438,0.058234,0.228222,-0.003286,0.240683,0.9540,-2.4461,-0.9433,-0.0331,-0.2174,0.2374
11.4423,-2.220555,-1.799979,1.975608,-1.789241,-1.610590,2.656941,0.336801,-0.289568,0.064810,0.230725,-0.003040,0.239406,0.9794,-2.5499,-1.0109,-0.0531,-0.1994,0.2623
11.4523,-2.217257,-1.802952,1.976291,-1.786875,-1.610679,2.659319,0.313158,-0.291153,0.068926,0.233592,-0.003304,0.237087,0.8527,-2.4054,-1.0730,-0.0896,-0.1887,0.2686
11.4623,-2.214196,-1.805937,1.977025,-1.784519,-1.610679,2.661679,0.293056,-0.294936,0.070933,0.237528,-0.001259,0.236275,0.8409,-2.4334,-0.9380,-0.0566,-0.1938,0.2814
11.4725,-2.211336,-1.808923,1.977774,-1.782112,-1.610629,2.664016,0.269998,-0.297767,0.078227,0.241588,-0.000935,0.238837,0.7571,-2.2409,-0.9733,-0.0488,-0.1787,0.2147
11.4822,-2.208721,-1.811882,1.978594,-1.779665,-1.610645,2.666316,0.246430,-0.291574,0.084685,0.241340,-0.000729,0.234282,0.8378,-2.2388,-1.2037,-0.0256,-0.1929,0.2324
11.4923,-2.206307,-1.814860,1.979424,-1.777186,-1.610660,2.668648,0.239741,-0.302262,0.088498,0.253032,-0.000580,0.234856,0.9459,-2.3551,-1.0290,0.0063,-0.1649,0.2368
11.5024,-2.204048,-1.817844,1.980367,-1.774588,-1.610672,2.670953,0.225335,-0.299266,0.093240,0.260354,-0.000352,0.237438,1.1758,-2.3588,-0.9713,0.0119,-0.1366,0.2145
11.5123,-2.201876,-1.820787,1.981307,-1.771926,-1.610703,2.673321,0.215100,-0.299291,0.096596,0.265047,-0.000253,0.234544,1.2791,-2.5270,-0.9001,0.0027,-0.1102,0.2583
11.5224,-2.199782,-1.823764,1.982324,-1.769278,-1.610699,2.675696,0.214334,-0.306520,0.102138,0.273522,0.000062,0.237019,1.5439,-2.7822,-1.0504,0.0144,-0.0144,0.2660
11.5321,-2.197680,-1.826876,1.983370,-1.766520,-1.610684,2.678106,0.217935,-0.312979,0.108175,0.284176,0.002304,0.239911,1.4716,-2.7108,-0.9691,-0.0121,0.0262,0.2645
11.5424,-2.195525,-1.830003,1.984510,-1.763626,-1.610648,2.680577,0.216446,-0.312663,0.113179,0.287941,0.005917,0.241858,1.6268,-2.8597,-1.1439,-0.0167,0.0726,0.2685
11.5524,-2.193296,-1.833214,1.985632,-1.760721,-1.610561,2.683059,0.223502,-0.318910,0.116173,0.289935,0.008366,0.246202,1.4509,-2.6259,-0.9298,-0.0155,0.0889,0.2555
11.5625,-2.191010,-1.836513,1.986825,-1.757824,-1.610473,2.685598,0.232949,-0.321544,0.120924,0.288568,0.011807,0.248120,1.4659,-2.5529,-1.0718,-0.0018,0.1142,0.2295
11.5723,-2.188622,-1.839789,1.988067,-1.754911,-1.610385,2.688134,0.244219,-0.324536,0.126560,0.291396,0.013402,0.253188,1.3080,-2.2348,-0.9856,-0.0088,0.1204,0.2361
11.5822,-2.186086,-1.842984,1.989391,-1.751976,-1.610210,2.690646,0.248382,-0.317051,0.130276,0.288948,0.013772,0.253839,1.3384,-2.3013,-0.9681,-0.0089,0.1342,0.2352
11.5922,-2.183430,-1.846214,1.990701,-1.749072,-1.610098,2.693217,0.272679,-0.324037,0.139893,0.286859,0.017888,0.260770,1.6219,-2.3424,-0.9488,-0.0204,0.1496,0.2829
11.6022,-2.180575,-1.849322,1.992133,-1.746258,-1.609937,2.695773,0.283806,-0.314658,0.142749,0.280489,0.018247,0.263060,1.7665,-2.2066,-0.9162,-0.0316,0.2057,0.2665
11.6124,-2.177622,-1.852354,1.993590,-1.743446,-1.609703,2.698400,0.299370,-0.306343,0.147087,0.272273,0.022935,0.267014,1.6463,-2.1373,-0.9661,-0.0671,0.1546,0.2366
11.6225,-2.174552,-1.855381,1.995105,-1.740794,-1.609520,2.701028,0.313779,-0.301141,0.147908,0.256153,0.024632,0.266964,1.7951,-2.3053,-1.1594,-0.0585,0.1911,0.2753
11.6324,-2.171336,-1.858376,1.996609,-1.738351,-1.609238,2.703727,0.328321,-0.294564,0.147871,0.241478,0.027396,0.268987,1.8076,-1.9386,-1.1253,-0.0725,0.1804,0.2533
11.6425,-2.168044,-1.861261,1.998075,-1.736061,-1.608983,2.706453,0.338944,-0.279963,0.145175,0.225425,0.028922,0.269331,1.7959,-1.8957,-1.0761,-0.0677,0.1818,0.2430
11.6524,-2.164627,-1.864076,1.999548,-1.733898,-1.608705,2.709118,0.347988,-0.268900,0.144799,0.208015,0.027468,0.264900,1.7643,-1.9656,-0.9904,-0.0849,0.1966,0.2415
11.6625,-2.161105,-1.866768,2.000902,-1.731998,-1.608400,2.711836,0.362455,-0.257262,0.139181,0.187932,0.031741,0.261639,1.6535,-1.7730,-1.1334,-0.1249,0.1943,0.2287
11.6724,-2.157369,-1.869313,2.002294,-1.730210,-1.608137,2.714473,0.375071,-0.245864,0.135455,0.166935,0.031326,0.261386,1.5718,-1.6557,-1.0860,-0.1064,0.1993,0.2365
11.6824,-2.153539,-1.871705,2.003627,-1.728634,-1.607802,2.717120,0.377628,-0.231044,0.129153,0.148318,0.032238,0.253858,1.4431,-1.8997,-1.1651,-0.1751,0.1808,0.2421
11.6928,-2.149579,-1.873986,2.004885,-1.727269,-1.607515,2.719696,0.398712,-0.227742,0.124329,0.127881,0.033412,0.261176,1.9198,-2.0798,-1.3159,-0.1692,0.2025,0.2500
11.7026,-2.145486,-1.876160,2.006102,-1.726083,-1.607197,2.722330,0.407043,-0.215526,0.117701,0.111469,0.030690,0.265109,1.9143,-2.0376,-1.4617,-0.1322,0.2119,0.2655
11.7122,-2.141341,-1.878260,2.007181,-1.725065,-1.606872,2.724930,0.418980,-0.207054,0.107520,0.096653,0.031968,0.269571,1.7968,-1.8464,-1.2660,-0.1585,0.1441,0.3067
11.7225,-2.137140,-1.880258,2.008219,-1.724163,-1.606571,2.727665,0.431461,-0.198922,0.098883,0.086122,0.026740,0.275323,2.0607,-2.0603,-1.2963,-0.1539,0.1927,0.3029
11.7323,-2.132803,-1.882167,2.009157,-1.723333,-1.606388,2.730405,0.446914,-0.191743,0.089820,0.076492,0.022931,0.282880,1.9911,-1.6863,-1.3323,-0.1531,0.2239,0.2760
11.7422,-2.128263,-1.883977,2.009991,-1.722612,-1.606088,2.733217,0.459300,-0.176085,0.081344,0.069405,0.025074,0.287155,1.8083,-1.9440,-1.2116,-0.1539,0.1792,0.2210
11.7524,-2.123590,-1.885690,2.010778,-1.721964,-1.605903,2.736048,0.463507,-0.166945,0.072659,0.068312,0.021473,0.285011,1.7815,-1.7133,-1.4184,-0.1732,0.1956,0.2553
11.7623,-2.118830,-1.887283,2.011448,-1.721322,-1.605670,2.738936,0.469430,-0.154584,0.062011,0.062206,0.021704,0.284699,1.7428,-1.6922,-1.4244,-0.1339,0.1806,0.2571
11.7723,-2.114018,-1.888782,2.011964,-1.720649,-1.605476,2.741868,0.483240,-0.143849,0.050062,0.063869,0.019375,0.288440,1.6077,-1.5148,-1.4645,-0.1489,0.1647,0.2424
11.7823,-2.109217,-1.890109,2.012434,-1.720010,-1.605230,2.744781,0.478946,-0.129170,0.041942,0.064479,0.016343,0.285619,1.6563,-1.4633,-1.4778,-0.1080,0.1372,0.2819
11.7924,-2.104423,-1.891376,2.012778,-1.719371,-1.605135,2.747799,0.492373,-0.119552,0.030497,0.071743,0.014418,0.298541,2.0351,-1.3398,-1.4369,-0.0815,0.1835,0.2860
11.8022,-2.099520,-1.892518,2.013014,-1.718574,-1.605025,2.750810,0.497314,-0.101387,0.020027,0.080127,0.011870,0.308315,1.9141,-1.2783,-1.5180,-0.0867,0.1998,0.2895
11.8122,-2.094496,-1.893438,2.013127,-1.717713,-1.604845,2.753955,0.501610,-0.087838,0.010806,0.087005,0.014499,0.320798,1.5210,-1.3590,-1.4476,-0.0687,0.1678,0.2992
11.8222,-2.089471,-1.894252,2.013179,-1.716759,-1.604707,2.757215,0.500062,-0.075451,0.000892,0.098919,0.013148,0.331923,1.7852,-1.3369,-2.0266,-0.0607,0.1804,0.3162
11.8322,-2.084391,-1.894960,2.013170,-1.715725,-1.604599,2.760554,0.498629,-0.063914,-0.010139,0.105449,0.012667,0.347984,1.4454,-1.3250,-2.5370,-0.0586,0.1753,0.2962
11.8423,-2.079378,-1.895512,2.012988,-1.714583,-1.604426,2.764109,0.489672,-0.052692,-0.019214,0.114716,0.016265,0.356567,1.5207,-1.2768,-2.5713,-0.0502,0.1459,0.2866
11.8524,-2.074599,-1.896030,2.012756,-1.713393,-1.604240,2.767674,0.480199,-0.044088,-0.021495,0.121359,0.013696,0.364357,1.5590,-1.1202,-2.7180,-0.0313,0.1713,0.3072
11.8623,-2.069903,-1.896446,2.012548,-1.712121,-1.604163,2.771401,0.475736,-0.035292,-0.026078,0.132668,0.014857,0.371938,1.6538,-1.0127,-2.8030,-0.0366,0.1887,0.3026
11.8723,-2.065131,-1.896737,2.012253,-1.710693,-1.603980,2.775270,0.480543,-0.024854,-0.031009,0.146807,0.020387,0.387692,1.4656,-1.0916,-2.8006,-0.0431,0.1953,0.2969
11.8824,-2.060284,-1.896914,2.011934,-1.709167,-1.603734,2.779309,0.477824,-0.014065,-0.034865,0.154016,0.023649,0.400944,1.6003,-1.1632,-2.9536,-0.0424,0.1880,0.3039
11.8924,-2.055373,-1.896923,2.011547,-1.707582,-1.603510,2.783500,0.492035,-0.002992,-0.042148,0.168003,0.030331,0.427909,2.0063,-0.8422,-3.0767,-0.0710,0.2474,0.3583
11.9024,-2.050330,-1.896863,2.011064,-1.705887,-1.603184,2.787836,0.499666,0.010945,-0.050827,0.174062,0.035202,0.453072,2.2708,-0.5112,-3.1499,-0.0356,0.2996,0.4091
11.9124,-2.045275,-1.896676,2.010514,-1.704120,-1.602677,2.792486,0.514495,0.022276,-0.060886,0.181626,0.046937,0.480540,1.9716,-0.3929,-3.0757,-0.0729,0.2301,0.3606
11.9224,-2.040141,-1.896448,2.009852,-1.702328,-1.602171,2.797333,0.526580,0.024228,-0.068080,0.183321,0.054746,0.500804,2.1209,-0.3000,-3.4830,-0.0760,0.2783,0.3739
11.9323,-2.034827,-1.896169,2.009083,-1.700470,-1.601542,2.802517,0.540623,0.028853,-0.081441,0.183536,0.067701,0.516375,1.9245,-0.1937,-3.3151,-0.1028,0.2642,0.3036
11.9423,-2.029366,-1.895829,2.008212,-1.698683,-1.600757,2.807748,0.546289,0.035281,-0.091637,0.178398,0.080530,0.515890,1.9020,-0.4206,-3.3460,-0.0869,0.2689,0.3457
11.9523,-2.023755,-1.895449,2.007215,-1.696903,-1.599876,2.812995,0.550185,0.039025,-0.102977,0.173996,0.094651,0.513827,1.7789,-0.2985,-3.3682,-0.1047,0.2764,0.3364
11.9622,-2.018182,-1.895031,2.006129,-1.695234,-1.598840,2.818071,0.549542,0.040762,-0.112070,0.165930,0.105847,0.511575,1.8308,-0.3064,-3.5286,-0.1052,0.3218,0.3000
11.9722,-2.012734,-1.894608,2.004893,-1.693556,-1.597603,2.823114,0.557012,0.041397,-0.125160,0.156462,0.124376,0.511793,1.6703,-0.1640,-3.4173,-0.1451,0.2294,0.3027
11.9823,-2.007255,-1.894192,2.003568,-1.692104,-1.596271,2.828094,0.551459,0.044420,-0.137551,0.143280,0.135581,0.500948,1.5040,-0.1582,-3.1690,-0.1220,0.2766,0.2921
11.9922,-2.001736,-1.893752,2.002115,-1.690739,-1.594760,2.833129,0.560355,0.043182,-0.151254,0.131374,0.157805,0.501415,1.7936,-0.1063,-3.2752,-0.1469,0.3011,0.3005
12.0023,-1.996076,-1.893266,2.000531,-1.689462,-1.593109,2.838190,0.558778,0.048160,-0.162185,0.121050,0.171669,0.493307,2.0250,-0.1648,-3.3273,-0.1450,0.3341,0.3080
12.0124,-1.990395,-1.892761,1.998856,-1.688349,-1.591196,2.843132,0.558602,0.051339,-0.171256,0.106516,0.183989,0.487368,1.7428,-0.1726,-3.1669,-0.1362,0.3049,0.3082
12.0226,-1.984835,-1.892200,1.997104,-1.687347,-1.589242,2.847960,0.555372,0.053444,-0.175823,0.093771,0.195232,0.480311,1.9099,-0.2485,-3.3272,-0.1530,0.3133,0.3417
12.0323,-1.979332,-1.891740,1.995325,-1.686480,-1.587255,2.852718,0.557639,0.052944,-0.176344,0.081477,0.203002,0.480384,1.8336,-0.1313,-3.4646,-0.1640,0.3242,0.3229
12.0424,-1.973766,-1.891212,1.993512,-1.685778,-1.585183,2.857407,0.557654,0.052751,-0.183168,0.066270,0.209704,0.475034,1.6934,0.0566,-3.1275,-0.1317,0.3064,0.2954
12.0522,-1.968216,-1.890658,1.991653,-1.685216,-1.583089,2.862129,0.553425,0.054804,-0.181557,0.054475,0.210019,0.460688,1.6241,0.1164,-3.0205,-0.1118,0.2698,0.2742
12.0624,-1.962660,-1.890082,1.989899,-1.684713,-1.581081,2.866725,0.548142,0.056089,-0.179181,0.043936,0.209711,0.450502,1.7915,0.0361,-3.1365,-0.1190,0.3144,0.3032
12.0723,-1.957073,-1.889519,1.988136,-1.684325,-1.579001,2.871292,0.549491,0.057344,-0.175138,0.034358,0.207015,0.448210,1.6545,-0.0046,-3.0258,-0.1598,0.2807,0.2876
12.0824,-1.951639,-1.888893,1.986377,-1.684034,-1.576919,2.875719,0.541221,0.061370,-0.168768,0.021871,0.202333,0.437321,1.6752,-0.2540,-3.0789,-0.1582,0.2696,0.2961
12.0922,-1.946295,-1.888321,1.984735,-1.683894,-1.575016,2.880114,0.545071,0.061569,-0.162633,0.011275,0.193033,0.440339,2.0791,0.1297,-3.0028,-0.1284,0.2567,0.3446
12.1024,-1.940847,-1.887679,1.983177,-1.683843,-1.573174,2.884465,0.551411,0.067007,-0.155275,0.000852,0.184128,0.445627,2.0313,0.1317,-2.8491,-0.2426,0.2801,0.3391
12.1124,-1.935268,-1.886981,1.981648,-1.683949,-1.571366,2.888831,0.556474,0.071755,-0.147552,-0.011617,0.173101,0.444245,1.8763,0.4314,-2.7301,-0.3487,0.2427,0.3224
12.1226,-1.929582,-1.886211,1.980173,-1.684101,-1.569714,2.893298,0.560107,0.083136,-0.137124,-0.016558,0.158704,0.447860,1.8692,0.6068,-2.7620,-0.3672,0.2471,0.3198
12.1323,-1.923893,-1.885343,1.978918,-1.684295,-1.568252,2.897818,0.562254,0.098262,-0.129302,-0.019290,0.143639,0.451045,1.9468,0.6432,-2.7626,-0.4385,0.2451,0.3273
12.1424,-1.918317,-1.884235,1.977676,-1.684514,-1.566802,2.902450,0.564817,0.112589,-0.119878,-0.025949,0.131260,0.451319,2.0946,0.8019,-2.6720,-0.4602,0.2143,0.3208
12.1523,-1.912649,-1.883044,1.976513,-1.684820,-1.565714,2.906968,0.574780,0.132705,-0.109948,-0.033514,0.110898,0.447239,1.8595,1.0743,-2.7651,-0.4404,0.2542,0.3208
12.1626,-1.906939,-1.881610,1.975426,-1.685137,-1.564605,2.911421,0.577888,0.160692,-0.105588,-0.035527,0.101589,0.447217,1.6821,1.3100,-2.6104,-0.4375,0.2582,0.3378
12.1724,-1.901000,-1.879779,1.974393,-1.685539,-1.563714,2.915903,0.583974,0.199845,-0.098616,-0.039789,0.085572,0.460171,1.4219,1.1507,-2.6077,-0.4136,0.2352,0.2957
12.1823,-1.895084,-1.877678,1.973485,-1.685868,-1.562857,2.920496,0.581881,0.229377,-0.092808,-0.039032,0.071913,0.466351,1.6340,1.3969,-2.7089,-0.4652,0.2446,0.2913
12.1922,-1.889283,-1.875159,1.972587,-1.686317,-1.562229,2.925211,0.593641,0.284469,-0.091739,-0.040092,0.063398,0.479060,2.0399,1.9486,-2.6159,-0.5031,0.2291,0.3435
12.2023,-1.883415,-1.872121,1.971674,-1.686740,-1.561717,2.930141,0.602719,0.321411,-0.090827,-0.044427,0.046715,0.487648,2.0155,2.3330,-2.6249,-0.4921,0.2795,0.3202
12.2124,-1.877345,-1.868593,1.970763,-1.687211,-1.561235,2.935125,0.611687,0.365093,-0.090544,-0.046020,0.038727,0.489158,1.7024,2.0714,-2.7532,-0.4905,0.2785,0.3358
12.2223,-1.871104,-1.864644,1.969798,-1.687653,-1.560898,2.940096,0.615785,0.403156,-0.092360,-0.046310,0.032367,0.489723,1.8672,2.2316,-2.6982,-0.4664,0.2469,0.3650
12.2322,-1.864842,-1.860253,1.968886,-1.688111,-1.560634,2.944926,0.620121,0.442988,-0.091067,-0.043909,0.022855,0.493854,1.6491,1.7896,-2.7215,-0.4685,0.2521,0.3134
12.2424,-1.858629,-1.855585,1.968042,-1.688467,-1.560421,2.949764,0.617175,0.471181,-0.089787,-0.039819,0.015604,0.490040,1.8524,1.9898,-2.7551,-0.5177,0.2416,0.3079
12.2524,-1.852545,-1.850668,1.967129,-1.688870,-1.560284,2.954593,0.622171,0.505739,-0.087466,-0.039749,0.009623,0.480059,1.8240,1.5563,-2.8533,-0.4992,0.2307,0.2865
12.2623,-1.846387,-1.845523,1.966245,-1.689277,-1.560312,2.959408,0.618082,0.528510,-0.086893,-0.039532,0.001947,0.471345,1.9520,1.3286,-2.9353,-0.4844,0.2234,0.2980
12.2724,-1.840137,-1.840120,1.965405,-1.689715,-1.560315,2.964140,0.621802,0.550298,-0.085726,-0.039419,0.000825,0.466593,1.7201,0.8992,-2.7712,-0.4915,0.1669,0.2839
12.2823,-1.833845,-1.834580,1.964536,-1.690099,-1.560284,2.968837,0.617075,0.547146,-0.084813,-0.038153,0.000459,0.454422,1.7053,0.8153,-2.5299,-0.4965,0.0723,0.2836
12.2924,-1.827626,-1.828977,1.963819,-1.690418,-1.560284,2.973312,0.625918,0.550778,-0.075664,-0.036253,0.000131,0.449037,2.1116,0.7160,-2.8037,-0.4981,0.0204,0.3476
12.3025,-1.821447,-1.823479,1.963072,-1.690802,-1.560320,2.977730,0.628239,0.545083,-0.071121,-0.040507,-0.005955,0.448906,2.3567,0.2932,-2.8663,-0.5033,-0.0114,0.2961
12.3125,-1.815212,-1.818071,1.962370,-1.691243,-1.560368,2.982110,0.633171,0.532645,-0.065763,-0.042091,-0.007530,0.443050,1.9305,-0.2332,-2.8292,-0.5212,-0.0857,0.2801
12.3224,-1.808809,-1.812880,1.961738,-1.691674,-1.560404,2.986475,0.630847,0.514335,-0.060148,-0.044145,-0.007225,0.433442,2.0596,-0.6597,-2.8786,-0.5110,-0.1228,0.3005
12.3325,-1.802447,-1.807881,1.961210,-1.692121,-1.560514,2.990882,0.625598,0.485555,-0.052976,-0.047170,-0.009551,0.429522,1.8240,-1.0386,-2.8397,-0.4922,-0.1320,0.3061
12.3424,-1.796236,-1.803266,1.960743,-1.692615,-1.560521,2.995158,0.610782,0.447672,-0.044622,-0.048196,-0.007986,0.422198,1.6454,-0.9525,-2.9842,-0.5338,-0.1684,0.2974
12.3524,-1.790296,-1.798968,1.960304,-1.693125,-1.560595,2.999407,0.593573,0.406158,-0.038342,-0.052101,-0.010231,0.412708,1.5601,-0.8629,-2.9869,-0.5776,-0.1815,0.2929
12.3624,-1.784520,-1.795111,1.959991,-1.693724,-1.560692,3.003538,0.573971,0.365173,-0.030847,-0.061947,-0.010515,0.408445,1.4681,-0.8156,-2.9543,-0.5767,-0.1607,0.3092
12.3724,-1.778834,-1.791629,1.959691,-1.694445,-1.560771,3.007602,0.555209,0.330198,-0.024803,-0.074635,-0.007020,0.413003,1.3555,-0.9909,-2.9873,-0.5624,-0.2007,0.3207
12.3824,-1.773337,-1.788548,1.959500,-1.695235,-1.560776,3.011694,0.526046,0.293797,-0.017707,-0.084359,-0.007806,0.415069,1.1852,-1.2270,-2.9534,-0.5505,-0.1940,0.3007
12.3924,-1.768160,-1.785872,1.959403,-1.696163,-1.560879,3.015823,0.510339,0.257594,-0.010911,-0.098805,-0.005461,0.429715,1.5985,-1.2842,-3.0700,-0.6293,-0.2020,0.3316
12.4022,-1.763199,-1.783606,1.959362,-1.697265,-1.560936,3.020252,0.492259,0.226638,-0.003484,-0.118796,-0.007762,0.439781,1.6122,-1.2473,-2.8086,-0.6271,-0.1862,0.3502
12.4122,-1.758418,-1.781598,1.959319,-1.698616,-1.560980,3.024786,0.478474,0.193550,0.000252,-0.138823,-0.005931,0.450810,1.3426,-1.0129,-2.4392,-0.5610,-0.1941,0.3367
12.4223,-1.753764,-1.779807,1.959327,-1.700076,-1.561052,3.029417,0.463076,0.166567,0.005200,-0.151362,-0.005621,0.460120,1.7111,-0.7976,-2.0816,-0.6088,-0.1562,0.3664
12.4322,-1.749105,-1.778293,1.959359,-1.701711,-1.561097,3.034163,0.457924,0.149197,0.008142,-0.170031,-0.003931,0.472170,1.4264,-0.7326,-1.7709,-0.6172,-0.1731,0.3515
12.4423,-1.744561,-1.776852,1.959493,-1.703493,-1.561124,3.038861,0.443963,0.132869,0.012821,-0.185760,-0.003709,0.482878,1.2834,-0.7424,-1.7601,-0.6181,-0.1846,0.3978
12.4523,-1.740143,-1.775579,1.959661,-1.705462,-1.561148,3.043737,0.428661,0.119560,0.015425,-0.204967,-0.003274,0.501979,1.3958,-0.8277,-1.7588,-0.6176,-0.1848,0.3783
12.4623,-1.735931,-1.774448,1.959817,-1.707569,-1.561172,3.048783,0.420056,0.108903,0.016357,-0.215678,-0.002092,0.512548,1.6219,-0.8017,-1.7642,-0.6797,-0.1716,0.3396
12.4723,-1.731719,-1.773438,1.959970,-1.709873,-1.561166,3.054085,0.421662,0.103086,0.014645,-0.240006,-0.001309,0.523885,1.6295,-0.6274,-1.6637,-0.5987,-0.1614,0.3533
12.4823,-1.727538,-1.772449,1.960081,-1.712339,-1.561211,3.059397,0.423540,0.093809,0.011970,-0.251236,-0.001688,0.524974,1.6476,-0.5030,-1.4472,-0.5813,-0.1699,0.3314
12.4925,-1.723257,-1.771467,1.960185,-1.714931,-1.561235,3.064765,0.440722,0.100709,0.012051,-0.258222,-0.000985,0.533400,2.0078,-0.3636,-1.3907,-0.6131,-0.1431,0.3854
12.5023,-1.718779,-1.770458,1.960274,-1.717577,-1.561277,3.070049,0.453983,0.101185,0.011185,-0.266332,-0.002423,0.538411,2.0083,-0.2241,-1.5081,-0.6124,-0.1213,0.3732
12.5123,-1.714119,-1.769411,1.960409,-1.720359,-1.561299,3.075408,0.465024,0.107735,0.009063,-0.277471,-0.000942,0.541354,1.7041,-0.3053,-1.5185,-0.5659,-0.1211,0.2822
12.5223,-1.709375,-1.768244,1.960492,-1.723075,-1.561275,3.080737,0.464556,0.114390,0.004461,-0.277963,-0.000616,0.534465,1.8253,-0.2409,-1.5629,-0.5860,-0.1090,0.2935
12.5323,-1.704679,-1.767038,1.960501,-1.725930,-1.561249,3.086096,0.463543,0.118739,0.001204,-0.281461,-0.000431,0.514760,1.6162,-0.2598,-1.7691,-0.5871,-0.1282,0.2553
12.5424,-1.700136,-1.765833,1.960492,-1.728773,-1.561232,3.091087,0.454543,0.123783,-0.001620,-0.276651,-0.000332,0.487456,1.3384,-0.2226,-1.9574,-0.5728,-0.1026,0.2885
12.5526,-1.695731,-1.764536,1.960441,-1.731485,-1.561235,3.095837,0.440365,0.125822,-0.005855,-0.269912,-0.000236,0.457714,1.3245,-0.1788,-2.2211,-0.5794,-0.0517,0.2400
12.5625,-1.691461,-1.763279,1.960398,-1.734160,-1.561239,3.100163,0.425099,0.127244,-0.007869,-0.263728,-0.000060,0.427897,1.2036,-0.2666,-2.4888,-0.5360,-0.0133,0.2309
12.5724,-1.687285,-1.761967,1.960266,-1.736721,-1.561220,3.104220,0.410720,0.128006,-0.013183,-0.252423,0.000505,0.396988,0.9937,-0.3428,-2.7172,-0.5670,0.0481,0.2100
12.5824,-1.683326,-1.760689,1.960150,-1.739143,-1.561189,3.107905,0.384616,0.126128,-0.016489,-0.239616,0.001361,0.362951,0.9478,-0.3051,-2.6821,-0.5143,0.0949,0.2201
12.5927,-1.679556,-1.759463,1.959978,-1.741449,-1.561164,3.111353,0.361731,0.124057,-0.019293,-0.223874,0.004658,0.329872,1.0439,-0.5144,-2.9111,-0.4959,0.1476,0.1834
12.6025,-1.676019,-1.758278,1.959731,-1.743538,-1.561081,3.114464,0.334862,0.116701,-0.021690,-0.204429,0.010266,0.291712,0.9065,-0.5745,-3.0054,-0.5454,0.1331,0.1959
12.6124,-1.672786,-1.757160,1.959524,-1.745482,-1.560972,3.117212,0.310038,0.110470,-0.025411,-0.188260,0.010902,0.261367,0.6622,-0.5701,-3.0948,-0.5145,0.1280,0.1559
12.6226,-1.669895,-1.756114,1.959240,-1.747296,-1.560842,3.119690,0.279369,0.104277,-0.031880,-0.173464,0.011721,0.229427,0.7388,-0.7733,-3.2600,-0.4892,0.1396,0.1890
12.6325,-1.667310,-1.755175,1.958876,-1.748850,-1.560745,3.121825,0.250568,0.094416,-0.039802,-0.148275,0.011951,0.198927,0.6699,-0.6655,-3.2065,-0.5295,0.1474,0.1697
12.6429,-1.665000,-1.754265,1.958410,-1.750285,-1.560654,3.123635,0.221403,0.087430,-0.046348,-0.135175,0.011886,0.171684,0.5997,-0.5924,-3.4101,-0.5374,0.1808,0.1661
12.6523,-1.662955,-1.753427,1.957902,-1.751528,-1.560581,3.125233,0.197447,0.081273,-0.058100,-0.118415,0.012341,0.144752,0.4723,-0.6586,-3.3451,-0.4919,0.2031,0.1636
12.6623,-1.661174,-1.752673,1.957283,-1.752581,-1.560497,3.126561,0.170155,0.074566,-0.068052,-0.101397,0.013899,0.122132,0.6448,-0.7351,-3.4410,-0.5336,0.1955,0.1661
12.6724,-1.659613,-1.751986,1.956486,-1.753523,-1.560353,3.127684,0.144971,0.066951,-0.082711,-0.090383,0.014124,0.099779,0.5020,-0.7274,-3.4291,-0.4953,0.2134,0.1436
12.6822,-1.658323,-1.751339,1.955614,-1.754337,-1.560185,3.128513,0.124280,0.061986,-0.094327,-0.073286,0.014695,0.081572,0.4342,-0.8626,-3.3649,-0.4725,0.2295,0.1466
12.6923,-1.657179,-1.750737,1.954568,-1.754973,-1.560022,3.129182,0.103275,0.059283,-0.111647,-0.060755,0.014016,0.063276,0.5345,-0.9002,-3.6288,-0.4886,0.2391,0.1886
12.7025,-1.656238,-1.750186,1.953307,-1.755468,-1.559928,3.129770,0.087894,0.053914,-0.125077,-0.047503,0.013949,0.052692,0.4399,-0.8132,-3.6627,-0.5493,0.2509,0.1317
12.7125,-1.655449,-1.749684,1.951946,-1.755892,-1.559777,3.130177,0.072396,0.050823,-0.140078,-0.038585,0.014044,0.039216,0.3881,-0.7977,-3.4988,-0.5269,0.2631,0.1424
12.7224,-1.654836,-1.749212,1.950444,-1.756258,-1.559645,3.130525,0.056937,0.048702,-0.156606,-0.030352,0.013970,0.029581,0.4556,-0.7785,-3.4501,-0.5382,0.2576,0.1563
12.7324,-1.654322,-1.748721,1.948825,-1.756490,-1.559516,3.130777,0.045523,0.046499,-0.170388,-0.021321,0.013591,0.021138,0.5300,-0.7317,-3.3334,-0.5123,0.2594,0.1601
12.7423,-1.653915,-1.748231,1.947037,-1.756670,-1.559393,3.130934,0.035700,0.046288,-0.177867,-0.012984,0.013142,0.014245,0.4756,-0.7172,-3.5986,-0.5224,0.2580,0.1458
12.7523,-1.653610,-1.747776,1.945207,-1.756757,-1.559256,3.131026,0.027176,0.046695,-0.190436,-0.004028,0.012155,0.008623,0.4441,-0.7208,-3.5959,-0.4699,0.2580,0.1184
12.7624,-1.653351,-1.747294,1.943179,-1.756742,-1.559126,3.131094,0.021343,0.050526,-0.202741,-0.000248,0.010256,0.001670,0.4493,-0.6970,-3.4656,-0.4224,0.2643,0.1014
12.7724,-1.653147,-1.746729,1.941094,-1.756726,-1.559069,3.131090,0.018481,0.058060,-0.214845,-0.000000,0.009699,0.000682,0.5309,-0.5684,-3.4970,-0.3573,0.2902,0.0590
12.7824,-1.652995,-1.746134,1.938872,-1.756714,-1.558993,3.131050,0.017064,0.064824,-0.227342,0.001631,0.008065,0.000000,0.6053,-0.3207,-3.3673,-0.3212,0.2860,-0.0088
12.7924,-1.652787,-1.745343,1.936472,-1.756694,-1.558920,3.131070,0.022165,0.088938,-0.248998,0.001516,0.008354,-0.002230,0.7050,0.0204,-3.4936,-0.3689,0.2834,-0.0507
12.8024,-1.652538,-1.744348,1.933928,-1.756709,-1.558869,3.131014,0.030533,0.109242,-0.263358,0.000659,0.005056,-0.004726,0.8117,0.1276,-3.5134,-0.3950,0.3032,-0.0653
12.8124,-1.652162,-1.743106,1.931185,-1.756702,-1.558793,3.130966,0.040925,0.131640,-0.279139,0.000011,0.005079,-0.006424,1.0056,0.3599,-3.3928,-0.4660,0.2860,-0.0622
12.8226,-1.651683,-1.741632,1.928304,-1.756762,-1.558792,3.130934,0.057151,0.159872,-0.291985,-0.006419,0.003623,-0.006047,1.2593,0.6924,-3.6451,-0.5685,0.2981,-0.0782
12.8323,-1.650936,-1.739808,1.925261,-1.756925,-1.558753,3.130875,0.079690,0.192952,-0.309247,-0.017485,0.002418,-0.004818,1.3417,0.4831,-3.4570,-0.5083,0.2921,-0.0708
12.8425,-1.650009,-1.737712,1.922109,-1.757135,-1.558749,3.130872,0.101431,0.217389,-0.321511,-0.019419,0.001466,-0.004234,1.7012,0.7340,-3.3523,-0.5050,0.2823,-0.0614
12.8524,-1.648795,-1.735307,1.918814,-1.757335,-1.558780,3.130845,0.130628,0.244366,-0.330893,-0.023512,0.001010,-0.001680,1.5457,0.8349,-3.3876,-0.5296,0.2770,-0.0757
12.8623,-1.647328,-1.732651,1.915435,-1.757646,-1.558722,3.130830,0.158098,0.276821,-0.340636,-0.033032,0.000640,-0.000970,1.8894,0.7001,-3.4677,-0.5054,0.2483,-0.0616
12.8724,-1.645481,-1.729687,1.911951,-1.757985,-1.558698,3.130830,0.198086,0.312395,-0.353464,-0.039786,0.000416,-0.000510,1.7573,0.4743,-3.2534,-0.5496,0.1663,-0.0254
12.8823,-1.643244,-1.726433,1.908372,-1.758476,-1.558749,3.130826,0.235587,0.333348,-0.357722,-0.048784,0.000055,-0.000318,1.9855,0.6654,-3.2461,-0.5226,0.0507,-0.0177
12.8924,-1.640633,-1.722909,1.904746,-1.758990,-1.558816,3.130782,0.289726,0.372694,-0.370146,-0.057664,-0.005467,-0.000134,2.4997,0.8221,-3.4405,-0.5517,-0.0382,0.0235
12.9024,-1.637584,-1.719056,1.900970,-1.759659,-1.558916,3.130830,0.333727,0.400770,-0.378127,-0.069410,-0.014798,0.002292,2.7466,0.6946,-3.5044,-0.5589,-0.0449,0.0704
12.9123,-1.634007,-1.714914,1.897092,-1.760437,-1.559071,3.130888,0.380931,0.423119,-0.385617,-0.080189,-0.019700,0.003668,2.3897,0.4648,-3.2837,-0.5119,-0.1523,0.1249
12.9224,-1.630015,-1.710539,1.893171,-1.761323,-1.559256,3.130898,0.419955,0.439313,-0.391695,-0.087488,-0.028103,0.006106,2.5384,0.5394,-3.3836,-0.4843,-0.1495,0.1218
12.9322,-1.625595,-1.705935,1.889243,-1.762212,-1.559572,3.130961,0.456919,0.453571,-0.396149,-0.090343,-0.037103,0.005927,2.3889,0.1440,-3.2649,-0.5173,-0.1790,0.1402
12.9424,-1.620831,-1.701262,1.885303,-1.763138,-1.559935,3.130998,0.479404,0.461011,-0.395949,-0.096415,-0.042547,0.007248,2.1033,-0.0368,-3.3214,-0.5845,-0.1758,0.1446
12.9523,-1.615872,-1.696711,1.881354,-1.764116,-1.560342,3.131101,0.492142,0.460782,-0.391405,-0.106001,-0.047636,0.007067,1.8735,-0.3091,-3.3817,-0.5359,-0.2173,0.1693
12.9623,-1.610860,-1.692097,1.877493,-1.765218,-1.560822,3.131141,0.495903,0.458319,-0.384956,-0.108392,-0.052451,0.007835,1.8294,-0.5704,-3.3647,-0.5274,-0.1949,0.1763
12.9723,-1.605943,-1.687646,1.873699,-1.766330,-1.561283,3.131225,0.493841,0.450080,-0.379114,-0.111209,-0.052768,0.008153,1.4404,-0.5784,-3.2131,-0.5637,-0.2287,0.1721
12.9822,-1.601145,-1.683270,1.869933,-1.767437,-1.561803,3.131285,0.481402,0.433690,-0.365528,-0.116739,-0.053665,0.008087,1.3892,-0.5570,-3.0527,-0.5001,-0.2326,0.1629
12.9923,-1.596435,-1.678950,1.866355,-1.768607,-1.562347,3.131353,0.468582,0.419908,-0.353919,-0.114017,-0.052434,0.007441,1.1418,-0.4373,-2.9105,-0.4872,-0.2314,0.1498
13.0025,-1.591863,-1.674778,1.862917,-1.769736,-1.562866,3.131452,0.449229,0.402124,-0.339466,-0.110947,-0.053047,0.006790,0.9707,-0.4768,-2.9206,-0.4900,-0.2021,0.1668
13.0123,-1.587461,-1.670823,1.859628,-1.770845,-1.563367,3.131462,0.423607,0.384817,-0.320308,-0.108972,-0.047338,0.005852,0.9646,-0.7564,-2.9097,-0.4848,-0.2394,0.1745
13.0223,-1.583346,-1.667051,1.856611,-1.771845,-1.563834,3.131521,0.394527,0.366571,-0.299418,-0.105934,-0.043485,0.006069,0.9398,-1.0340,-3.0443,-0.4923,-0.2133,0.1782
13.0324,-1.579572,-1.663511,1.853694,-1.772898,-1.564227,3.131621,0.364199,0.344313,-0.277185,-0.101545,-0.038134,0.006244,0.9271,-1.1391,-2.9297,-0.5051,-0.2175,0.1818
13.0424,-1.576129,-1.660294,1.851035,-1.773865,-1.564586,3.131658,0.333862,0.317404,-0.256606,-0.098224,-0.030402,0.006735,0.8674,-1.2002,-2.9667,-0.4905,-0.2204,0.1832
13.0527,-1.573030,-1.657347,1.848603,-1.774851,-1.564886,3.131737,0.303497,0.290800,-0.234484,-0.094179,-0.025117,0.008320,1.1193,-1.0013,-2.9290,-0.4615,-0.1856,0.1724
13.0623,-1.570099,-1.654570,1.846361,-1.775785,-1.565075,3.131809,0.288158,0.269180,-0.214764,-0.085618,-0.018072,0.008442,1.0916,-1.0354,-2.7423,-0.4450,-0.1758,0.1831
13.0723,-1.567360,-1.652037,1.844333,-1.776592,-1.565199,3.131906,0.275046,0.248164,-0.197585,-0.080009,-0.009825,0.010014,1.0501,-0.9590,-2.8159,-0.4445,-0.1961,0.1881
13.0824,-1.564701,-1.649611,1.842507,-1.777300,-1.565251,3.132036,0.263018,0.230067,-0.176560,-0.075768,-0.001775,0.011136,1.0180,-1.0557,-2.6476,-0.5004,-0.1469,0.1995
13.0925,-1.562071,-1.647315,1.840826,-1.778113,-1.565306,3.132140,0.271489,0.222789,-0.157862,-0.077367,0.000650,0.012359,1.6428,-0.8811,-2.7582,-0.4637,0.0485,0.1614
13.1023,-1.559310,-1.645110,1.839333,-1.778855,-1.565268,3.132244,0.277950,0.210444,-0.142805,-0.076023,0.005684,0.012854,1.7467,-0.9841,-2.8131,-0.4637,0.1540,0.1842
13.1125,-1.556455,-1.643009,1.837971,-1.779630,-1.565100,3.132392,0.284230,0.206155,-0.131356,-0.076248,0.014892,0.012740,1.5942,-1.1952,-2.7308,-0.5216,0.0976,0.1916
13.1224,-1.553510,-1.640996,1.836756,-1.780428,-1.565039,3.132508,0.294176,0.197647,-0.118281,-0.079113,0.013031,0.014196,2.1018,-0.8192,-2.6293,-0.5226,0.1662,0.1809
13.1325,-1.550376,-1.639028,1.835630,-1.781290,-1.564936,3.132621,0.317281,0.197868,-0.106020,-0.087946,0.015485,0.014301,1.9970,-0.8272,-2.7384,-0.4728,0.1863,0.1924
13.1425,-1.547079,-1.637096,1.834640,-1.782149,-1.564756,3.132810,0.331368,0.191934,-0.092514,-0.089768,0.018385,0.015031,2.1716,-0.6416,-2.7614,-0.5040,0.1599,0.1750
13.1524,-1.543666,-1.635179,1.833797,-1.783090,-1.564556,3.132925,0.350572,0.192347,-0.085089,-0.094831,0.018616,0.015671,2.1117,-0.4873,-2.6119,-0.5118,0.1601,0.1666
13.1625,-1.540073,-1.633260,1.833017,-1.784053,-1.564428,3.133080,0.369267,0.198487,-0.074586,-0.098463,0.020241,0.016568,2.0128,-0.4806,-2.7821,-0.5308,0.1893,0.1764
13.1723,-1.536239,-1.631241,1.832323,-1.785125,-1.564188,3.133260,0.397348,0.205704,-0.068101,-0.110016,0.022102,0.017631,1.8486,-0.5782,-2.8133,-0.5335,0.1729,0.1744
13.1823,-1.532194,-1.629157,1.831657,-1.786239,-1.563972,3.133431,0.409865,0.209280,-0.061189,-0.115175,0.022078,0.018694,1.7788,-0.6597,-2.8726,-0.5696,0.1671,0.1821
13.1925,-1.527942,-1.627052,1.831086,-1.787465,-1.563784,3.133640,0.436597,0.223935,-0.058903,-0.127317,0.022377,0.024127,2.0299,-0.5077,-2.7766,-0.5569,0.1669,0.2119
13.2023,-1.523447,-1.624805,1.830503,-1.788830,-1.563600,3.133900,0.443454,0.230823,-0.056427,-0.141415,0.019152,0.029912,2.0786,-0.5612,-2.8023,-0.5338,0.2296,0.1961
13.2125,-1.518890,-1.622474,1.829971,-1.790302,-1.563340,3.134271,0.451018,0.237291,-0.053528,-0.144969,0.020578,0.036471,1.7562,-0.4862,-2.7954,-0.5648,0.1901,0.2129
13.2225,-1.514382,-1.620101,1.829445,-1.791787,-1.563164,3.134650,0.452879,0.239913,-0.050017,-0.152761,0.018533,0.046834,1.7220,-0.4170,-2.8499,-0.5595,0.2018,0.2165
13.2323,-1.509892,-1.617637,1.828969,-1.793379,-1.562960,3.135214,0.452627,0.245062,-0.048019,-0.157845,0.017706,0.057561,1.4488,-0.6045,-2.7917,-0.5545,0.1933,0.2584
13.2424,-1.505440,-1.615133,1.828514,-1.794976,-1.562733,3.135900,0.444473,0.243413,-0.045214,-0.163744,0.015820,0.072947,1.1238,-0.6443,-2.7581,-0.5490,0.1862,0.2555
13.2524,-1.501083,-1.612649,1.828067,-1.796616,-1.562584,3.136712,0.430034,0.241567,-0.041334,-0.166907,0.014712,0.086970,1.2326,-0.7852,-2.8290,-0.5355,0.1695,0.2505
13.2625,-1.496872,-1.610181,1.827660,-1.798272,-1.562508,3.137697,0.415784,0.239093,-0.037817,-0.167702,0.012771,0.106593,1.0845,-0.8982,-2.8628,-0.5598,0.1913,0.2558
13.2723,-1.492799,-1.607803,1.827344,-1.799964,-1.562341,3.138864,0.397922,0.233578,-0.033854,-0.171894,0.013136,0.128300,1.1416,-1.0086,-2.9510,-0.5522,0.1891,0.2562
13.2824,-1.488871,-1.605476,1.827024,-1.801658,-1.562216,3.140275,0.375020,0.226515,-0.032692,-0.174644,0.011177,0.147949,1.0729,-1.1096,-2.8384,-0.5323,0.1756,0.2734
13.2924,-1.485209,-1.603247,1.826720,-1.803442,-1.562085,3.141920,0.359832,0.225677,-0.028102,-0.178644,0.008516,0.176264,1.1817,-0.9541,-2.7940,-0.5693,0.1820,0.2861
13.3024,-1.481740,-1.601090,1.826449,-1.805263,-1.562068,3.143822,0.341161,0.214794,-0.026630,-0.183686,0.005558,0.200112,1.0941,-0.9649,-2.6628,-0.5337,0.1889,0.3129
13.3123,-1.478426,-1.598992,1.826198,-1.807119,-1.561995,3.145979,0.325909,0.211931,-0.021895,-0.182587,0.006338,0.221308,0.9994,-1.0636,-2.5877,-0.5418,0.1758,0.3033
13.3224,-1.475345,-1.596946,1.826016,-1.808919,-1.561987,3.148340,0.307444,0.204874,-0.017809,-0.183623,0.003236,0.241120,1.1469,-0.8012,-2.6665,-0.5311,0.1710,0.2835
13.3323,-1.472353,-1.594940,1.825851,-1.810752,-1.561909,3.150914,0.291566,0.203016,-0.013144,-0.179466,0.003495,0.256176,1.0427,-1.0346,-2.6029,-0.5258,0.1721,0.3025
13.3424,-1.469563,-1.592975,1.825746,-1.812528,-1.561868,3.153596,0.275894,0.192809,-0.007548,-0.174592,0.004348,0.267917,1.0490,-1.0687,-2.4885,-0.5286,0.1806,0.2659
13.3523,-1.466875,-1.591073,1.825734,-1.814222,-1.561899,3.156343,0.260758,0.186590,-0.001650,-0.167504,0.002782,0.272068,0.9775,-1.1690,-2.3356,-0.5089,0.2113,0.2845
13.3624,-1.464341,-1.589243,1.825722,-1.815847,-1.561813,3.159113,0.249454,0.178015,0.003046,-0.163001,0.004637,0.275674,1.0917,-1.1177,-2.0159,-0.4777,0.2101,0.3017
13.3723,-1.461833,-1.587449,1.825783,-1.817397,-1.561757,3.161891,0.241774,0.171036,0.006022,-0.152910,0.004948,0.278659,1.0501,-1.3761,-1.8541,-0.5136,0.1987,0.2551
13.3823,-1.459452,-1.585813,1.825858,-1.818853,-1.561720,3.164545,0.230276,0.160724,0.007869,-0.141662,0.003698,0.277342,0.9095,-1.3101,-1.6532,-0.5202,0.1853,0.2294
13.3923,-1.457135,-1.584222,1.825935,-1.820227,-1.561727,3.167267,0.232679,0.151495,0.012424,-0.131333,0.004724,0.273994,1.3363,-1.3626,-1.6037,-0.5262,0.2077,0.2647
13.4025,-1.454803,-1.582773,1.826104,-1.821501,-1.561693,3.169922,0.228097,0.143815,0.013258,-0.120312,0.002312,0.269610,1.5461,-1.3406,-1.4829,-0.5368,0.2276,0.2603
13.4124,-1.452491,-1.581312,1.826224,-1.822699,-1.561652,3.172611,0.232155,0.134284,0.013297,-0.117439,0.003322,0.263121,1.4372,-1.4762,-1.4330,-0.4980,0.1869,0.2248
13.4225,-1.450183,-1.580043,1.826352,-1.823763,-1.561624,3.175210,0.238556,0.122985,0.013627,-0.105330,0.002445,0.254810,1.8320,-1.4892,-1.4316,-0.4889,0.2134,0.2013
13.4324,-1.447755,-1.578804,1.826456,-1.824834,-1.561659,3.177720,0.251265,0.113367,0.012977,-0.096454,0.002293,0.241671,1.6954,-1.6397,-1.5153,-0.5329,0.2205,0.2066
13.4424,-1.445206,-1.577741,1.826580,-1.825735,-1.561568,3.180071,0.257439,0.102382,0.011689,-0.091772,0.003317,0.228464,1.8383,-1.6350,-1.4628,-0.5537,0.2195,0.2147
13.4523,-1.442593,-1.576764,1.826689,-1.826641,-1.561568,3.182343,0.271270,0.095654,0.011942,-0.088529,0.001975,0.216499,1.9295,-1.7287,-1.4760,-0.4962,0.2110,0.1911
13.4623,-1.439848,-1.575895,1.826823,-1.827514,-1.561549,3.184432,0.285246,0.082890,0.010060,-0.083066,0.002637,0.201634,1.9172,-1.6883,-1.5948,-0.5276,0.2210,0.2223
13.4723,-1.436837,-1.575102,1.826879,-1.828323,-1.561506,3.186404,0.309004,0.073581,0.005776,-0.078795,0.002611,0.186576,1.6933,-1.6105,-1.5262,-0.5521,0.2188,0.1895
13.4825,-1.433649,-1.574451,1.826899,-1.829068,-1.561536,3.188170,0.317337,0.065326,0.002391,-0.081307,0.001109,0.171119,1.8167,-1.6070,-1.6272,-0.5247,0.1936,0.1923
13.4924,-1.430270,-1.573822,1.826915,-1.829899,-1.561532,3.189845,0.350228,0.059183,0.000494,-0.080982,0.001120,0.157050,2.1653,-1.6376,-1.7522,-0.5126,0.2236,0.1872
13.5023,-1.426638,-1.573337,1.826880,-1.830733,-1.561556,3.191315,0.362571,0.051468,0.000000,-0.080569,0.000694,0.143625,2.2128,-1.5432,-1.9472,-0.5113,0.1778,0.1859
13.5125,-1.422874,-1.572840,1.826872,-1.831537,-1.561508,3.192608,0.377649,0.047013,-0.002035,-0.081246,0.000388,0.130373,1.7589,-1.4853,-2.1254,-0.5415,0.1085,0.1612
13.5223,-1.419064,-1.572401,1.826820,-1.832321,-1.561536,3.193829,0.387373,0.043549,-0.003112,-0.080273,0.000202,0.116411,1.9920,-1.5035,-2.2624,-0.5823,0.0611,0.1732
13.5323,-1.415156,-1.571991,1.826800,-1.833200,-1.561516,3.194937,0.399030,0.041840,-0.004721,-0.090236,-0.002995,0.103729,1.7340,-1.4521,-2.4385,-0.5239,0.0110,0.1404
13.5423,-1.411164,-1.571623,1.826771,-1.834080,-1.561532,3.195832,0.401493,0.039028,-0.006860,-0.092870,-0.003912,0.089814,1.6201,-1.3082,-2.4241,-0.4856,-0.0624,0.1550
13.5523,-1.407165,-1.571201,1.826677,-1.835001,-1.561556,3.196633,0.399515,0.038167,-0.008610,-0.091804,-0.007224,0.076809,1.4450,-1.2471,-2.5068,-0.5227,-0.0829,0.1469
13.5624,-1.403154,-1.570815,1.826573,-1.835927,-1.561695,3.197317,0.394100,0.038263,-0.008937,-0.095551,-0.009506,0.065131,1.3677,-1.2723,-2.6001,-0.5116,-0.0708,0.1289
13.5724,-1.399202,-1.570448,1.826505,-1.836961,-1.561740,3.197842,0.386383,0.040134,-0.009729,-0.097736,-0.009299,0.051374,1.0423,-1.2182,-2.5889,-0.4896,-0.1227,0.1430
13.5824,-1.395392,-1.570060,1.826390,-1.837926,-1.561792,3.198290,0.370211,0.040274,-0.010461,-0.096534,-0.011091,0.040666,1.1602,-1.1815,-2.5820,-0.4890,-0.1306,0.1642
13.5926,-1.391710,-1.569626,1.826325,-1.838857,-1.561927,3.198619,0.361179,0.046248,-0.010211,-0.093805,-0.011194,0.032525,1.1941,-1.0071,-2.6345,-0.5121,-0.1493,0.1621
13.6024,-1.388211,-1.569180,1.826198,-1.839829,-1.562036,3.198903,0.346771,0.050790,-0.012112,-0.095931,-0.012505,0.024698,1.0913,-0.9806,-2.6285,-0.5116,-0.1403,0.1661
13.6124,-1.384867,-1.568641,1.826082,-1.840765,-1.562080,3.199095,0.330100,0.055749,-0.011599,-0.092838,-0.011307,0.018984,1.0397,-0.9666,-2.7002,-0.4647,-0.1812,0.1558
13.6223,-1.381689,-1.568083,1.825981,-1.841664,-1.562216,3.199236,0.314856,0.060181,-0.012189,-0.086681,-0.012826,0.013925,0.9820,-1.1118,-2.6936,-0.5089,-0.1750,0.1600
13.6324,-1.378680,-1.567435,1.825846,-1.842497,-1.562340,3.199383,0.297346,0.063507,-0.013576,-0.081757,-0.012527,0.009565,0.8780,-1.0718,-2.6689,-0.5012,-0.1832,0.1148
13.6427,-1.375804,-1.566789,1.825692,-1.843316,-1.562444,3.199401,0.278800,0.066337,-0.014026,-0.078929,-0.010562,0.003219,0.8112,-1.1034,-2.7035,-0.4795,-0.1814,0.1246
13.6522,-1.373167,-1.566110,1.825570,-1.844087,-1.562583,3.199424,0.260717,0.067939,-0.015809,-0.071868,-0.010208,0.001280,0.8783,-1.1810,-2.7653,-0.4576,-0.1689,0.1353
13.6623,-1.370626,-1.565453,1.825411,-1.844740,-1.562648,3.199413,0.242625,0.068757,-0.017132,-0.066576,-0.008616,0.000555,0.9857,-1.1241,-2.7836,-0.4665,-0.1577,0.1320
13.6727,-1.368244,-1.564771,1.825216,-1.845290,-1.562727,3.199448,0.228360,0.068310,-0.020948,-0.055506,-0.006219,0.000627,0.7272,-1.2804,-2.8058,-0.5348,-0.1764,0.1597
13.6822,-1.366027,-1.564097,1.824976,-1.845833,-1.562721,3.199468,0.212674,0.067524,-0.024041,-0.051723,-0.006074,0.002145,0.7996,-1.2405,-2.8244,-0.5042,-0.1928,0.1550
13.6924,-1.363847,-1.563438,1.824709,-1.846301,-1.562820,3.199512,0.221081,0.065406,-0.031117,-0.045242,-0.002742,0.004442,1.2063,-1.2790,-3.0868,-0.5343,-0.1575,0.1736
13.7024,-1.361681,-1.562792,1.824365,-1.846724,-1.562888,3.199524,0.216498,0.066802,-0.038770,-0.040316,-0.004985,0.005457,1.5794,-1.3673,-3.1366,-0.5126,-0.1195,0.1564
13.7122,-1.359511,-1.562135,1.823898,-1.847132,-1.562868,3.199560,0.222840,0.066733,-0.049128,-0.036346,-0.001529,0.005997,1.6125,-1.4626,-2.9773,-0.4989,-0.1619,0.1850
13.7224,-1.357204,-1.561418,1.823388,-1.847428,-1.562948,3.199644,0.235897,0.064198,-0.055860,-0.028329,-0.003700,0.006801,1.9771,-1.4837,-3.1849,-0.4949,-0.1189,0.1697
13.7323,-1.354748,-1.560783,1.822755,-1.847649,-1.563035,3.199704,0.254409,0.064107,-0.064251,-0.022305,-0.006371,0.006786,1.8770,-1.5551,-3.2982,-0.5279,-0.1198,0.1737
13.7423,-1.352136,-1.560110,1.822033,-1.847841,-1.563072,3.199765,0.269433,0.064790,-0.074754,-0.017580,-0.006083,0.007369,1.9003,-1.7514,-3.3370,-0.5238,-0.1386,0.1625
13.7522,-1.349341,-1.559546,1.821230,-1.848021,-1.563167,3.199840,0.285091,0.058885,-0.087677,-0.014585,-0.010727,0.007913,1.9771,-1.4902,-3.0823,-0.5233,-0.1202,0.1689
13.7623,-1.346412,-1.558939,1.820304,-1.848141,-1.563287,3.199915,0.302500,0.060935,-0.095116,-0.010756,-0.011939,0.007762,1.8763,-1.5320,-3.1278,-0.5255,-0.1329,0.1704
13.7723,-1.343278,-1.558310,1.819317,-1.848229,-1.563399,3.199975,0.318831,0.063383,-0.104614,-0.006150,-0.012805,0.007357,1.6542,-1.4468,-3.0575,-0.5193,-0.1552,0.1753
13.7824,-1.340030,-1.557687,1.818224,-1.848288,-1.563504,3.200059,0.325191,0.067326,-0.108747,-0.002604,-0.014821,0.007093,1.5320,-1.3956,-3.1593,-0.4912,-0.1598,0.1779
13.7924,-1.336672,-1.556981,1.817110,-1.848282,-1.563647,3.200109,0.338799,0.082217,-0.114850,-0.001074,-0.015218,0.007715,1.6553,-0.8651,-3.1400,-0.4668,-0.1770,0.1656
13.8024,-1.333184,-1.556088,1.815878,-1.848296,-1.563827,3.200196,0.343536,0.096973,-0.122844,-0.000579,-0.019460,0.007348,1.5727,-0.5662,-3.0379,-0.4365,-0.1637,0.1634
13.8123,-1.329669,-1.555028,1.814632,-1.848290,-1.563999,3.200264,0.345563,0.114828,-0.128348,-0.000397,-0.019277,0.007752,1.3107,-0.5361,-2.9841,-0.4066,-0.2077,0.1571
13.8223,-1.326250,-1.553749,1.813358,-1.848278,-1.564153,3.200301,0.338338,0.137489,-0.131622,-0.000094,-0.021652,0.007156,1.3521,-0.0738,-2.9323,-0.4169,-0.2255,0.1609
13.8323,-1.322909,-1.552233,1.811970,-1.848293,-1.564434,3.200357,0.331985,0.164646,-0.137102,-0.000074,-0.023009,0.006978,1.0882,-0.1498,-2.8175,-0.4115,-0.2020,0.1542
13.8423,-1.319680,-1.550415,1.810582,-1.848305,-1.564624,3.200401,0.320103,0.187287,-0.138301,-0.000092,-0.024597,0.006685,0.9661,0.0361,-2.9437,-0.4421,-0.1990,0.1695
13.8525,-1.316583,-1.548346,1.809220,-1.848293,-1.564843,3.200497,0.305732,0.211797,-0.138351,-0.000079,-0.022013,0.006088,0.6947,0.1406,-2.8117,-0.4696,-0.2115,0.1548
13.8624,-1.313694,-1.546026,1.807796,-1.848302,-1.565094,3.200552,0.284866,0.238692,-0.135790,-0.000184,-0.022291,0.005358,0.6677,0.0288,-2.8292,-0.4824,-0.2053,0.1611
13.8724,-1.310949,-1.543488,1.806457,-1.848314,-1.565275,3.200600,0.264609,0.263118,-0.133034,-0.002241,-0.021788,0.005126,0.5739,-0.0741,-2.8615,-0.4836,-0.2291,0.1686
13.8826,-1.308400,-1.540713,1.805140,-1.848350,-1.565512,3.200625,0.240429,0.280151,-0.130860,-0.004318,-0.022538,0.004094,0.5218,-0.0409,-2.7788,-0.5116,-0.2380,0.1750
13.8923,-1.306108,-1.537769,1.803890,-1.848386,-1.565735,3.200688,0.217106,0.307911,-0.124020,-0.003499,-0.021019,0.004281,0.4097,-0.0398,-2.7454,-0.5187,-0.2636,0.1675
13.9024,-1.304061,-1.534647,1.802709,-1.848468,-1.565915,3.200709,0.195318,0.318877,-0.121909,-0.007823,-0.019607,0.004596,0.4815,-0.0470,-2.6326,-0.4992,-0.2462,0.1775
13.9123,-1.302228,-1.531454,1.801493,-1.848524,-1.566122,3.200761,0.169271,0.331554,-0.114746,-0.006544,-0.018146,0.003733,0.5723,-0.4781,-2.9023,-0.4946,-0.2402,0.1738
13.9223,-1.300660,-1.528104,1.800384,-1.848566,-1.566283,3.200773,0.147418,0.335527,-0.110290,-0.006141,-0.015025,0.003395,0.4937,-0.6001,-2.6678,-0.5153,-0.2354,0.1711
13.9324,-1.299294,-1.524694,1.799384,-1.848644,-1.566419,3.200812,0.126309,0.336561,-0.102765,-0.007196,-0.011097,0.002362,0.6090,-0.9891,-2.7058,-0.4910,-0.2103,0.1768
13.9425,-1.298153,-1.521299,1.798414,-1.848693,-1.566527,3.200832,0.107105,0.328811,-0.092630,-0.005714,-0.007176,0.002527,0.6367,-1.0706,-2.7781,-0.4922,-0.1789,0.1692
13.9524,-1.297186,-1.517963,1.797520,-1.848722,-1.566528,3.200838,0.091054,0.320350,-0.085232,-0.005706,-0.001635,0.002430,0.5897,-1.5619,-2.8150,-0.5209,-0.1448,0.1704
13.9626,-1.296378,-1.514820,1.796726,-1.848788,-1.566531,3.200888,0.075468,0.302565,-0.076670,-0.007053,-0.000812,0.001552,0.7514,-1.6994,-2.9052,-0.5318,-0.0807,0.1784
13.9723,-1.295668,-1.511817,1.796034,-1.848845,-1.566523,3.200881,0.065299,0.283391,-0.069071,-0.007725,-0.000020,0.001998,0.6962,-1.8404,-2.8818,-0.5459,-0.0193,0.1635
13.9823,-1.295152,-1.509157,1.795391,-1.848945,-1.566511,3.200916,0.051708,0.262013,-0.060172,-0.008248,0.003263,0.001598,0.7718,-2.0958,-2.9324,-0.5626,0.0193,0.1613
13.9924,-1.294684,-1.506695,1.794844,-1.849075,-1.566459,3.200948,0.045465,0.234615,-0.054556,-0.013726,0.007221,0.001573,0.8353,-2.0792,-2.7840,-0.5710,0.0679,0.1560
14.0023,-1.294280,-1.504519,1.794376,-1.849197,-1.566384,3.200968,0.039015,0.212412,-0.045311,-0.013539,0.009669,0.001151,0.9758,-2.1023,-2.9164,-0.5693,0.0842,0.1542
14.0125,-1.293889,-1.502552,1.793906,-1.849352,-1.566281,3.200937,0.033352,0.186737,-0.040840,-0.017184,0.011219,0.001045,0.9113,-1.9698,-2.8150,-0.5451,0.0989,0.1601
14.0222,-1.293581,-1.500860,1.793585,-1.849536,-1.566192,3.200968,0.031534,0.164167,-0.034123,-0.020524,0.011340,0.000851,0.7759,-1.9369,-2.7388,-0.5206,0.1081,0.1452
14.0324,-1.293293,-1.499355,1.793258,-1.849772,-1.566127,3.200945,0.028409,0.146700,-0.027516,-0.026015,0.011529,0.000799,0.9263,-2.1958,-2.7475,-0.5260,0.1059,0.1674
14.0423,-1.293030,-1.498047,1.793026,-1.850084,-1.566004,3.200961,0.025798,0.123804,-0.022241,-0.032337,0.012047,0.000523,0.7994,-2.0539,-2.7622,-0.5308,0.1141,0.1479
14.0528,-1.292798,-1.496901,1.792838,-1.850458,-1.565880,3.200976,0.024683,0.105152,-0.017212,-0.039320,0.013183,0.000397,0.7926,-1.9703,-2.7666,-0.5220,0.1276,0.1551
14.0624,-1.292546,-1.495953,1.792679,-1.850850,-1.565763,3.200976,0.022691,0.092142,-0.011862,-0.047010,0.014319,0.000380,0.7743,-2.0130,-2.7625,-0.5401,0.1320,0.1639
14.0724,-1.292326,-1.495078,1.792589,-1.851378,-1.565675,3.200961,0.021522,0.080058,-0.009147,-0.055827,0.014851,0.000269,0.7506,-1.7790,-2.7126,-0.5340,0.1489,0.1393
14.0824,-1.292138,-1.494304,1.792511,-1.851993,-1.565512,3.200973,0.019826,0.072126,-0.003937,-0.064673,0.015673,0.000248,0.7115,-1.9480,-2.6208,-0.5320,0.1582,0.1553
14.0922,-1.291946,-1.493620,1.792502,-1.852716,-1.565359,3.200973,0.016504,0.077941,-0.001191,-0.073876,0.016081,0.000235,0.6655,-1.3789,-2.5031,-0.5480,0.1610,0.1547
14.1023,-1.291790,-1.492818,1.792475,-1.853559,-1.565206,3.200973,0.015906,0.080656,-0.002330,-0.088007,0.016625,0.000227,0.6736,-1.0726,-2.5073,-0.5347,0.1518,0.1391
14.1123,-1.291635,-1.491956,1.792497,-1.854510,-1.565024,3.200976,0.016074,0.090652,-0.001499,-0.095699,0.017642,0.000196,0.5712,-1.0754,-2.7116,-0.5364,0.1623,0.1467
14.1225,-1.291463,-1.490957,1.792434,-1.855502,-1.564875,3.200992,0.014764,0.103449,-0.005502,-0.101838,0.016842,0.000170,0.6385,-0.6171,-2.8086,-0.5573,0.1625,0.1592
14.1322,-1.291331,-1.489816,1.792319,-1.856604,-1.564736,3.200969,0.013849,0.122484,-0.013778,-0.110354,0.016219,0.000143,0.6706,-0.8221,-2.8418,-0.5157,0.1638,0.1432
14.1422,-1.291200,-1.488479,1.792179,-1.857755,-1.564584,3.200995,0.013801,0.136178,-0.018897,-0.113853,0.014237,0.000124,0.6305,-0.7982,-2.8283,-0.5271,0.1747,0.1506
14.1524,-1.291040,-1.486977,1.791920,-1.858934,-1.564428,3.201000,0.014238,0.150646,-0.025255,-0.115930,0.013244,0.000130,0.6606,-0.9337,-2.8607,-0.5032,0.1708,0.1303
14.1624,-1.290928,-1.485340,1.791605,-1.860051,-1.564336,3.200985,0.013692,0.167093,-0.033071,-0.115229,0.012684,0.000116,0.6490,-0.8045,-2.9602,-0.5236,0.1622,0.1321
14.1723,-1.290802,-1.483524,1.791246,-1.861167,-1.564263,3.200992,0.015150,0.183133,-0.043375,-0.116204,0.008723,0.000105,0.6677,-0.9207,-2.9990,-0.5145,0.1633,0.1408
14.1823,-1.290632,-1.481619,1.790748,-1.862309,-1.564153,3.200992,0.017888,0.194281,-0.054710,-0.110023,0.006246,0.000096,0.6608,-1.0271,-3.0980,-0.5239,0.1643,0.1488
14.1923,-1.290417,-1.479570,1.790140,-1.863389,-1.564127,3.200981,0.019654,0.213137,-0.067835,-0.107373,0.005078,0.000088,0.7064,-0.8640,-3.3104,-0.5052,0.1524,0.1046
14.2022,-1.290222,-1.477382,1.789320,-1.864421,-1.564111,3.201019,0.022112,0.224243,-0.086732,-0.103103,0.001803,0.000081,0.7457,-0.8853,-3.2424,-0.4957,0.1559,0.0844
14.2123,-1.290001,-1.475054,1.788378,-1.865346,-1.564075,3.201000,0.024079,0.236454,-0.098733,-0.093279,0.001307,0.000040,0.8598,-1.0222,-3.3229,-0.5045,0.1507,0.0153
14.2223,-1.289769,-1.472681,1.787288,-1.866254,-1.564029,3.200976,0.025622,0.248324,-0.113903,-0.084998,0.000814,-0.002450,0.8344,-1.0250,-3.1469,-0.5142,0.1073,-0.0100
14.2322,-1.289474,-1.470170,1.786059,-1.867067,-1.564048,3.200949,0.028674,0.254964,-0.125175,-0.079227,0.000225,-0.005526,0.8941,-1.0657,-3.2486,-0.5183,0.0844,-0.0454
14.2423,-1.289198,-1.467622,1.784710,-1.867822,-1.564075,3.200842,0.031245,0.259778,-0.133907,-0.073264,0.000004,-0.008413,0.8003,-1.1065,-3.2030,-0.4661,0.0090,-0.0564
14.2524,-1.288874,-1.465009,1.783358,-1.868554,-1.564100,3.200820,0.031629,0.262509,-0.141176,-0.066775,-0.003672,-0.010682,0.8793,-1.0479,-3.1784,-0.4669,-0.0186,-0.0701
14.2625,-1.288559,-1.462294,1.781895,-1.869147,-1.564127,3.200724,0.032832,0.266881,-0.145512,-0.060035,-0.007546,-0.011679,0.8070,-1.1813,-3.2138,-0.4875,-0.0586,-0.0936
14.2755,-1.288239,-1.459602,1.780388,-1.869753,-1.564242,3.200594,0.033313,0.268841,-0.153458,-0.057475,-0.010611,-0.012325,0.7533,-1.3666,-3.0857,-0.5100,-0.0689,-0.1205
14.2847,-1.287887,-1.456873,1.778848,-1.870320,-1.564291,3.200532,0.032863,0.265619,-0.156414,-0.052026,-0.011294,-0.013030,0.8928,-1.3959,-3.0494,-0.5058,-0.0843,-0.1278
14.2973,-1.287552,-1.454134,1.777274,-1.870797,-1.564403,3.200385,0.033835,0.268138,-0.158685,-0.053113,-0.011403,-0.016536,0.7054,-1.1379,-3.3511,-0.5291,-0.0938,-0.1477
14.3060,-1.287228,-1.451413,1.775620,-1.871368,-1.564530,3.200284,0.033327,0.266391,-0.162868,-0.055361,-0.012997,-0.021714,0.7688,-1.4453,-3.1368,-0.5197,-0.1108,-0.1731
14.3168,-1.286921,-1.448756,1.773960,-1.871952,-1.564635,3.200077,0.033415,0.263792,-0.166255,-0.058815,-0.014947,-0.026911,0.7306,-1.3960,-3.2454,-0.5007,-0.0944,-0.1599
14.3269,-1.286569,-1.446136,1.772278,-1.872543,-1.564775,3.199810,0.033230,0.259358,-0.167218,-0.062443,-0.015332,-0.032663,0.7729,-1.3732,-3.1049,-0.5376,-0.1039,-0.1746
14.3357,-1.286246,-1.443591,1.770607,-1.873172,-1.564904,3.199505,0.032632,0.255465,-0.165849,-0.067563,-0.015100,-0.038351,0.8153,-1.4298,-3.1258,-0.5553,-0.1323,-0.1913
14.3442,-1.285926,-1.441105,1.768974,-1.873950,-1.565011,3.199125,0.032740,0.255120,-0.165326,-0.076809,-0.013923,-0.044815,0.7175,-1.4693,-3.1286,-0.5484,-0.1335,-0.1749
14.3539,-1.285606,-1.438642,1.767328,-1.874795,-1.565128,3.198623,0.031671,0.246272,-0.164211,-0.086708,-0.012865,-0.050732,0.7869,-1.4041,-2.8330,-0.5206,-0.1407,-0.1831
14.3639,-1.285358,-1.436746,1.766044,-1.875521,-1.565212,3.198265,0.031815,0.243522,-0.159570,-0.088673,-0.011151,-0.054606,0.7802,-1.5760,-2.9181,-0.5557,-0.1318,-0.1946
14.3748,-1.285003,-1.433939,1.764142,-1.876669,-1.565342,3.197522,0.032048,0.230349,-0.153610,-0.098678,-0.006917,-0.062600,0.7678,-1.6263,-2.8398,-0.5415,-0.1478,-0.2027
14.3845,-1.284691,-1.431695,1.762658,-1.877692,-1.565383,3.196898,0.030678,0.218208,-0.147220,-0.103849,-0.004487,-0.064714,0.8299,-1.8070,-2.5156,-0.5099,-0.1572,-0.2333
14.3956,-1.284383,-1.429524,1.761301,-1.878758,-1.565400,3.196254,0.031343,0.215721,-0.134332,-0.108771,-0.003744,-0.069550,0.7423,-1.7032,-2.9158,-0.5233,-0.1422,-0.1965
14.4043,-1.284052,-1.427373,1.759951,-1.879925,-1.565451,3.195561,0.032193,0.207348,-0.127754,-0.113266,-0.002978,-0.068052,0.9068,-1.6904,-2.7984,-0.5453,-0.1440,-0.1991
14.4144,-1.283717,-1.425307,1.758770,-1.881093,-1.565507,3.194890,0.034276,0.202367,-0.117143,-0.123088,-0.002471,-0.066897,0.8747,-1.6968,-2.8629,-0.5620,-0.1467,-0.1407
14.4232,-1.283366,-1.423283,1.757599,-1.882420,-1.565491,3.194234,0.035832,0.201813,-0.111293,-0.132103,-0.001992,-0.063944,0.9661,-1.1122,-2.6939,-0.5551,-0.1402,-0.1912
14.4338,-1.282958,-1.421187,1.756481,-1.883881,-1.565500,3.193634,0.041758,0.210019,-0.104051,-0.150900,-0.001745,-0.061023,0.8809,-1.2478,-2.6302,-0.5810,-0.1599,-0.2299
14.4430,-1.282518,-1.419033,1.755515,-1.885476,-1.565555,3.192975,0.047320,0.215440,-0.096143,-0.165682,-0.003202,-0.063181,0.9487,-0.9465,-2.6225,-0.5492,-0.1390,-0.1994
14.4535,-1.281991,-1.416830,1.754556,-1.887243,-1.565556,3.192414,0.053539,0.224341,-0.088270,-0.177089,-0.003301,-0.061943,0.9639,-1.0682,-2.6869,-0.5484,-0.1546,-0.1750
14.4628,-1.281439,-1.414528,1.753712,-1.889101,-1.565595,3.191801,0.060070,0.230436,-0.083030,-0.190394,-0.005004,-0.059274,0.8919,-1.1650,-2.5827,-0.5617,-0.1611,-0.1731
14.4728,-1.280805,-1.412251,1.752948,-1.891033,-1.565631,3.191229,0.063154,0.234779,-0.075739,-0.197160,-0.005455,-0.054370,0.9630,-1.4336,-2.6494,-0.5669,-0.1725,-0.1934
14.4828,-1.280146,-1.409917,1.752231,-1.893021,-1.565708,3.190701,0.066963,0.231574,-0.066900,-0.205394,-0.005664,-0.052992,0.9836,-1.5670,-2.7608,-0.5329,-0.1578,-0.1754
14.4928,-1.279478,-1.407539,1.751615,-1.895045,-1.565731,3.190212,0.074198,0.250395,-0.060102,-0.211956,-0.003759,-0.048689,0.9178,-1.0799,-2.6479,-0.5767,-0.1826,-0.1945
14.5028,-1.278704,-1.405083,1.751024,-1.897281,-1.565779,3.189728,0.076180,0.254844,-0.056416,-0.225578,-0.006474,-0.047380,0.9556,-0.8949,-2.5669,-0.5508,-0.1761,-0.1591
14.5128,-1.277928,-1.402497,1.750476,-1.899581,-1.565851,3.189293,0.079630,0.265816,-0.050835,-0.237562,-0.006856,-0.043741,0.9078,-1.0742,-2.7208,-0.4916,-0.1659,-0.1421
14.5226,-1.277074,-1.399807,1.749929,-1.901960,-1.565911,3.188932,0.081226,0.276042,-0.047704,-0.238852,-0.006188,-0.036675,0.8564,-0.6787,-2.5378,-0.6006,-0.1847,-0.1606
14.5325,-1.276251,-1.396914,1.749492,-1.904523,-1.565963,3.188604,0.084135,0.291759,-0.044613,-0.254479,-0.007321,-0.031700,0.9439,-0.9111,-2.5260,-0.5827,-0.1665,-0.1667
14.5428,-1.275356,-1.393882,1.749042,-1.907138,-1.566031,3.188308,0.085950,0.300908,-0.042940,-0.268318,-0.007800,-0.028181,0.9556,-0.7600,-2.5739,-0.5279,-0.1688,-0.1585
14.5528,-1.274493,-1.390716,1.748680,-1.909854,-1.566103,3.188059,0.087416,0.314080,-0.041012,-0.278157,-0.007170,-0.024033,0.9386,-0.8761,-2.6130,-0.5962,-0.1953,-0.1441
14.5627,-1.273606,-1.387409,1.748293,-1.912719,-1.566179,3.187788,0.088502,0.324713,-0.038441,-0.291257,-0.006668,-0.020927,0.8908,-0.9727,-2.6494,-0.6285,-0.1720,-0.1568
14.5726,-1.272711,-1.384106,1.747906,-1.915715,-1.566243,3.187631,0.088854,0.336407,-0.037266,-0.302045,-0.006869,-0.018507,0.9811,-1.1852,-2.7316,-0.6240,-0.1793,-0.1437
14.5827,-1.271796,-1.380738,1.747565,-1.918868,-1.566323,3.187456,0.089945,0.338641,-0.036154,-0.312044,-0.007331,-0.015510,0.9194,-1.3001,-2.7658,-0.6234,-0.1832,-0.1602
14.5926,-1.270861,-1.377336,1.747183,-1.922113,-1.566379,3.187303,0.097823,0.355242,-0.033891,-0.327483,-0.006927,-0.013573,1.2639,-1.0129,-2.7099,-0.6413,-0.1526,-0.1622
14.6027,-1.269826,-1.373841,1.746826,-1.925457,-1.566455,3.187191,0.104900,0.356514,-0.035516,-0.345625,-0.008640,-0.013352,1.3270,-0.9322,-2.6048,-0.6156,-0.1690,-0.1736
14.6124,-1.268712,-1.370303,1.746497,-1.928968,-1.566554,3.187059,0.115529,0.360866,-0.035393,-0.354546,-0.009025,-0.012081,1.0833,-1.3717,-2.6070,-0.5943,-0.1815,-0.1834
14.6226,-1.267534,-1.366661,1.746204,-1.932526,-1.566635,3.186943,0.123630,0.360726,-0.030606,-0.357986,-0.009432,-0.012025,1.5769,-1.2487,-2.5610,-0.6590,-0.1667,-0.2018
14.6328,-1.266201,-1.362973,1.745901,-1.936224,-1.566763,3.186858,0.136023,0.361612,-0.026863,-0.365932,-0.010823,-0.012941,1.5655,-1.5292,-2.6724,-0.6147,-0.1499,-0.1792
14.6431,-1.264756,-1.359287,1.745633,-1.939896,-1.566839,3.186734,0.148076,0.354484,-0.025282,-0.366328,-0.009433,-0.013246,1.6598,-1.5492,-2.5889,-0.6216,-0.1479,-0.1910
14.6526,-1.263223,-1.355705,1.745418,-1.943560,-1.566947,3.186574,0.161868,0.349695,-0.020401,-0.363177,-0.010806,-0.013481,1.6950,-1.7927,-2.6444,-0.6457,-0.1526,-0.1836
14.6627,-1.261499,-1.352236,1.745238,-1.947231,-1.567055,3.186427,0.177836,0.344141,-0.015541,-0.369170,-0.010050,-0.014347,1.7979,-1.8624,-2.6787,-0.6374,-0.1520,-0.1727
14.6730,-1.259652,-1.348827,1.745122,-1.950990,-1.567166,3.186248,0.195907,0.335317,-0.011411,-0.368174,-0.009022,-0.015139,1.7401,-2.0349,-2.7142,-0.6459,-0.1723,-0.1832
14.6827,-1.257603,-1.345623,1.745045,-1.954590,-1.567259,3.186119,0.206253,0.320858,-0.007932,-0.366972,-0.010915,-0.016074,1.7453,-1.9296,-2.6035,-0.6185,-0.1570,-0.1809
14.6925,-1.255417,-1.342525,1.745005,-1.958247,-1.567327,3.185923,0.233593,0.320671,0.000243,-0.371762,-0.008142,-0.017346,1.9057,-1.7587,-2.1569,-0.5838,-0.1762,-0.1679
14.7024,-1.253032,-1.339439,1.745005,-1.961949,-1.567464,3.185771,0.243677,0.310435,0.001837,-0.375689,-0.011154,-0.017928,1.9628,-1.5889,-1.6998,-0.5484,-0.1171,-0.1720
14.7125,-1.250471,-1.336380,1.745068,-1.965646,-1.567488,3.185556,0.259783,0.304477,0.009380,-0.375279,-0.006501,-0.018472,1.7021,-1.7088,-1.5119,-0.4930,-0.1677,-0.1551
14.7225,-1.247787,-1.333287,1.745212,-1.969371,-1.567603,3.185384,0.275192,0.299346,0.016407,-0.367881,-0.007405,-0.019080,1.9611,-1.7424,-1.4734,-0.5619,-0.1535,-0.1620
14.7326,-1.244969,-1.330288,1.745383,-1.973014,-1.567694,3.185191,0.285950,0.291459,0.016427,-0.361298,-0.006893,-0.019640,1.7276,-1.9430,-1.4172,-0.5783,-0.1696,-0.1636
14.7426,-1.242020,-1.327350,1.745575,-1.976590,-1.567723,3.184983,0.291620,0.282467,0.018548,-0.356256,-0.006908,-0.020005,1.6769,-2.0948,-1.4079,-0.5713,-0.1541,-0.1746
14.7525,-1.239007,-1.324554,1.745791,-1.980102,-1.567735,3.184792,0.298876,0.268053,0.021978,-0.345765,-0.007012,-0.019615,1.7744,-2.2968,-1.4396,-0.5957,-0.1612,-0.1617
14.7625,-1.235926,-1.321891,1.746003,-1.983580,-1.567827,3.184600,0.308651,0.259089,0.023302,-0.341837,-0.007170,-0.018677,1.7995,-2.1534,-1.4010,-0.5869,-0.1548,-0.1524
14.7724,-1.232730,-1.319405,1.746204,-1.986905,-1.567848,3.184412,0.318179,0.248808,0.022951,-0.332543,-0.004955,-0.018031,1.6139,-2.0759,-1.3143,-0.5621,-0.1882,-0.1630
14.7824,-1.229548,-1.317030,1.746456,-1.990152,-1.567934,3.184259,0.320846,0.234621,0.024357,-0.323300,-0.005835,-0.017367,1.5371,-2.1152,-1.3473,-0.5726,-0.1911,-0.1685
14.7925,-1.226258,-1.314739,1.746676,-1.993351,-1.568006,3.184064,0.337974,0.231609,0.026761,-0.321571,-0.005868,-0.015993,1.8710,-1.9152,-1.2241,-0.5713,-0.1660,-0.1699
14.8024,-1.222904,-1.312555,1.746959,-1.996498,-1.568075,3.183908,0.341782,0.222554,0.026099,-0.319687,-0.007251,-0.014766,1.7920,-1.9664,-1.1915,-0.5415,-0.1495,-0.1711
14.8125,-1.219502,-1.310440,1.747219,-1.999700,-1.568118,3.183746,0.346517,0.217956,0.027483,-0.314761,-0.005157,-0.013667,1.5616,-1.9535,-1.1185,-0.5571,-0.1757,-0.1804
14.8226,-1.216035,-1.308295,1.747522,-2.002827,-1.568202,3.183624,0.348734,0.212113,0.028926,-0.313317,-0.006247,-0.013165,1.6238,-1.8922,-1.1195,-0.5528,-0.1599,-0.1920
14.8325,-1.212534,-1.306195,1.747802,-2.005973,-1.568254,3.183466,0.348433,0.209821,0.031366,-0.307753,-0.005513,-0.013131,1.5072,-2.0704,-1.1618,-0.5987,-0.1521,-0.1940
14.8424,-1.209005,-1.304075,1.748102,-2.008982,-1.568243,3.183365,0.342218,0.204622,0.031939,-0.300245,-0.003849,-0.012454,1.3702,-2.0497,-1.1345,-0.6061,-0.1634,-0.1896
14.8525,-1.205554,-1.302079,1.748446,-2.012009,-1.568291,3.183264,0.335089,0.197865,0.033272,-0.293586,-0.004761,-0.012649,1.2862,-1.9905,-1.1659,-0.6051,-0.1877,-0.1990
14.8629,-1.202237,-1.300053,1.748782,-2.014960,-1.568311,3.183129,0.325468,0.195677,0.032364,-0.288361,-0.004926,-0.012469,1.1638,-1.9295,-1.1350,-0.6066,-0.1847,-0.1886
14.8723,-1.199029,-1.298055,1.749130,-2.017770,-1.568339,3.182993,0.312400,0.196216,0.032868,-0.287027,-0.003937,-0.011099,0.8904,-1.9660,-1.1148,-0.5740,-0.2123,-0.1726
14.8824,-1.196072,-1.296104,1.749450,-2.020554,-1.568359,3.182916,0.295809,0.191179,0.032362,-0.279478,-0.003969,-0.010286,0.8824,-2.2023,-1.2226,-0.5647,-0.2323,-0.1803
14.8923,-1.193208,-1.294181,1.749804,-2.023266,-1.568430,3.182820,0.281005,0.198891,0.035541,-0.276756,-0.004535,-0.009084,0.7484,-1.8788,-1.1680,-0.5670,-0.2061,-0.1667
14.9024,-1.190551,-1.292198,1.750156,-2.026049,-1.568439,3.182717,0.263291,0.192444,0.034930,-0.272546,-0.004216,-0.007373,0.7339,-1.7576,-1.0605,-0.5423,-0.2176,-0.1834
14.9124,-1.188057,-1.290253,1.750521,-2.028772,-1.568529,3.182637,0.246335,0.192592,0.036356,-0.265329,-0.004051,-0.008622,0.7026,-1.8361,-1.1283,-0.5612,-0.2028,-0.1727
14.9224,-1.185683,-1.288342,1.750920,-2.031387,-1.568515,3.182541,0.228066,0.193168,0.038519,-0.263818,-0.003319,-0.008310,0.7608,-1.6367,-1.1208,-0.5695,-0.2152,-0.1679
14.9321,-1.183517,-1.286443,1.751283,-2.034047,-1.568582,3.182454,0.210641,0.192456,0.038744,-0.262201,-0.003435,-0.008312,0.7525,-1.8374,-1.1545,-0.5796,-0.1864,-0.1572
14.9423,-1.181464,-1.284567,1.751657,-2.036650,-1.568610,3.182420,0.195818,0.188518,0.039203,-0.256598,-0.002249,-0.007503,0.7792,-1.7858,-1.1063,-0.5944,-0.1970,-0.1821
14.9523,-1.179582,-1.282682,1.752076,-2.039228,-1.568595,3.182317,0.178714,0.186869,0.042596,-0.251434,-0.001827,-0.007809,0.5960,-1.7993,-1.1059,-0.5869,-0.1915,-0.1797
14.9627,-1.177872,-1.280863,1.752511,-2.041760,-1.568607,3.182233,0.161618,0.185657,0.046080,-0.254113,-0.001413,-0.008790,0.7901,-1.8319,-1.1101,-0.5749,-0.2024,-0.1775
14.9724,-1.176318,-1.279063,1.753022,-2.044370,-1.568619,3.182101,0.149947,0.183782,0.053043,-0.257618,-0.000769,-0.010713,0.6752,-2.0758,-1.1261,-0.5837,-0.1902,-0.1735
14.9827,-1.174896,-1.277237,1.753522,-2.046966,-1.568622,3.182029,0.135191,0.179869,0.054933,-0.258851,-0.000547,-0.012204,0.7408,-2.0234,-1.0877,-0.5951,-0.1758,-0.1671
14.9924,-1.173586,-1.275446,1.754138,-2.049573,-1.568607,3.181870,0.125465,0.184652,0.062661,-0.271131,-0.000396,-0.015333,0.5550,-1.8738,-0.9049,-0.6081,-0.1459,-0.1906
15.0024,-1.172412,-1.273596,1.754806,-2.052343,-1.568634,3.181686,0.112629,0.176898,0.072217,-0.281551,-0.000311,-0.020165,0.7376,-1.8922,-0.8325,-0.5891,-0.1160,-0.1735
15.0124,-1.171341,-1.271823,1.755576,-2.055147,-1.568588,3.181451,0.099946,0.176835,0.077439,-0.292223,-0.000224,-0.026065,0.8361,-2.1406,-0.9933,-0.5927,-0.0881,-0.1947
15.0225,-1.170398,-1.270013,1.756369,-2.058132,-1.568622,3.181111,0.091234,0.172711,0.083507,-0.299270,-0.000001,-0.035085,0.6411,-2.0896,-0.9539,-0.6246,-0.0271,-0.2426
15.0323,-1.169547,-1.268203,1.757254,-2.061187,-1.568599,3.180712,0.082594,0.171308,0.087514,-0.307806,0.001974,-0.047429,0.6525,-2.1688,-1.1464,-0.5868,0.0130,-0.2410
15.0424,-1.168809,-1.266502,1.758142,-2.064250,-1.568606,3.180120,0.070940,0.166810,0.089474,-0.308143,0.004628,-0.062015,0.7211,-2.0818,-1.0505,-0.6376,0.0421,-0.2742
15.0524,-1.168149,-1.264828,1.759043,-2.067380,-1.568499,3.179388,0.061236,0.163480,0.090390,-0.307375,0.006976,-0.079564,0.6038,-2.0648,-1.0313,-0.6000,0.0748,-0.2977
15.0623,-1.167606,-1.263161,1.759945,-2.070466,-1.568474,3.178398,0.053682,0.162669,0.089037,-0.304373,0.008425,-0.104026,0.5605,-1.9775,-1.0985,-0.6410,0.0755,-0.2813
15.0724,-1.167150,-1.261510,1.760859,-2.073576,-1.568367,3.177105,0.044417,0.163747,0.087558,-0.304166,0.008933,-0.134197,0.6204,-1.9819,-1.1020,-0.5854,0.0704,-0.2728
15.0825,-1.166774,-1.259858,1.761649,-2.076601,-1.568291,3.175587,0.036680,0.162535,0.083969,-0.298566,0.008764,-0.159049,0.6639,-1.9675,-1.0688,-0.5908,0.0951,-0.3123
15.0924,-1.166435,-1.258249,1.762496,-2.079589,-1.568204,3.173737,0.029685,0.166344,0.078451,-0.302178,0.009743,-0.201365,0.5800,-1.7569,-0.9811,-0.5820,0.0976,-0.3483
15.1024,-1.166190,-1.256531,1.763240,-2.082574,-1.568143,3.171485,0.024141,0.168919,0.072840,-0.305061,0.009180,-0.239730,0.5856,-2.0284,-0.8851,-0.5761,0.0836,-0.3914
15.1124,-1.165984,-1.254840,1.763937,-2.085539,-1.568072,3.168867,0.018447,0.171319,0.069384,-0.303441,0.007978,-0.273933,0.6253,-2.0961,-1.1345,-0.5887,0.1244,-0.3554
15.1223,-1.165839,-1.253172,1.764597,-2.088555,-1.567992,3.165915,0.013872,0.170512,0.064330,-0.298601,0.008089,-0.306798,0.5653,-1.8820,-1.2300,-0.6229,0.1244,-0.3600
15.1325,-1.165711,-1.251481,1.765209,-2.091555,-1.567942,3.162692,0.009504,0.171720,0.056753,-0.298063,0.008715,-0.341432,0.5188,-2.0123,-1.1553,-0.6359,0.1085,-0.3320
15.1423,-1.165679,-1.249780,1.765732,-2.094512,-1.567879,3.159132,0.003288,0.169393,0.052121,-0.291360,0.008925,-0.366036,0.4288,-2.0498,-1.3308,-0.5912,0.1264,-0.3153
15.1523,-1.165655,-1.248118,1.766182,-2.097440,-1.567798,3.155392,0.000184,0.169396,0.043564,-0.283671,0.009693,-0.383930,0.2759,-2.1791,-1.3256,-0.5932,0.1259,-0.3100
15.1623,-1.165695,-1.246510,1.766553,-2.100229,-1.567695,3.151432,-0.002555,0.164880,0.035066,-0.278211,0.010127,-0.396854,0.1791,-2.1781,-1.2804,-0.5672,0.1374,-0.3499
15.1723,-1.165715,-1.244845,1.766924,-2.103002,-1.567627,3.147282,-0.004888,0.159622,0.027740,-0.268275,0.011225,-0.408599,-0.0626,-2.2645,-1.3591,-0.5925,0.1353,-0.3547
15.1824,-1.165751,-1.243297,1.767144,-2.105600,-1.567495,3.143138,-0.006583,0.153674,0.019816,-0.257378,0.012712,-0.412871,-0.2799,-2.4442,-1.3348,-0.5533,0.1460,-0.3287
15.1923,-1.165839,-1.241770,1.767262,-2.108142,-1.567395,3.138907,-0.009704,0.146755,0.012159,-0.246723,0.012722,-0.420754,-0.3589,-2.6410,-1.4938,-0.5443,0.1597,-0.2809
15.2021,-1.165962,-1.240296,1.767346,-2.110516,-1.567236,3.134743,-0.012557,0.136941,0.002694,-0.236522,0.012261,-0.418465,-0.5392,-2.7528,-1.7721,-0.5529,0.1343,-0.2743
15.2123,-1.166086,-1.238967,1.767320,-2.112732,-1.567171,3.130642,-0.014537,0.127941,-0.005337,-0.221595,0.011270,-0.411497,-0.5835,-2.8815,-2.2402,-0.5845,0.1536,-0.2809
15.2225,-1.166234,-1.237723,1.767175,-2.114874,-1.567047,3.126641,-0.015464,0.117829,-0.013686,-0.206707,0.011229,-0.404393,-0.6603,-2.7840,-2.5443,-0.5230,0.1544,-0.2891
15.2322,-1.166402,-1.236591,1.767038,-2.116847,-1.566920,3.122657,-0.017457,0.105749,-0.019104,-0.193065,0.011377,-0.396062,-0.5730,-2.8002,-2.5120,-0.5196,0.1656,-0.2633
15.2424,-1.166570,-1.235586,1.766803,-2.118654,-1.566819,3.118765,-0.018156,0.093321,-0.021889,-0.175590,0.011099,-0.379193,-0.6411,-2.8149,-2.5813,-0.5173,0.1677,-0.2532
15.2522,-1.166780,-1.234678,1.766606,-2.120281,-1.566739,3.115060,-0.019795,0.084107,-0.023880,-0.157571,0.011837,-0.361272,-0.6506,-2.7999,-2.6620,-0.5011,0.1489,-0.2041
15.2623,-1.166980,-1.233884,1.766335,-2.121751,-1.566659,3.111586,-0.021371,0.075968,-0.027493,-0.138178,0.010600,-0.336778,-0.6937,-2.8675,-2.6986,-0.5008,0.1540,-0.2405
15.2723,-1.167196,-1.233151,1.766035,-2.123030,-1.566539,3.108332,-0.023782,0.067649,-0.031745,-0.121051,0.011105,-0.317032,-0.6456,-2.7644,-2.7131,-0.5314,0.1352,-0.1984
15.2823,-1.167439,-1.232567,1.765693,-2.124155,-1.566435,3.105290,-0.024529,0.059545,-0.034855,-0.108261,0.010876,-0.291899,-0.7361,-2.6960,-2.8084,-0.4855,0.1482,-0.2093
15.2922,-1.167687,-1.231934,1.765321,-2.125141,-1.566327,3.102546,-0.028920,0.063618,-0.042055,-0.088235,0.009847,-0.266488,-0.7971,-2.5407,-2.7398,-0.5026,0.1553,-0.2440
15.3024,-1.167978,-1.231337,1.764880,-2.125956,-1.566231,3.099973,-0.030294,0.060276,-0.048950,-0.075971,0.010528,-0.246074,-0.8298,-2.1086,-2.8333,-0.5027,0.1595,-0.1946
15.3123,-1.168270,-1.230718,1.764306,-2.126605,-1.566147,3.097676,-0.034526,0.066600,-0.056136,-0.062250,0.010903,-0.226472,-0.9194,-2.0442,-2.7825,-0.4572,0.1614,-0.1557
15.3223,-1.168640,-1.230033,1.763722,-2.127168,-1.566059,3.095558,-0.036565,0.078645,-0.066262,-0.052237,0.009971,-0.203764,-1.0447,-1.5236,-2.8635,-0.4345,0.1591,-0.1780
15.3323,-1.169052,-1.229130,1.762971,-2.127607,-1.565959,3.093690,-0.039332,0.097363,-0.078627,-0.038431,0.008207,-0.183711,-0.9370,-1.4853,-2.8235,-0.4403,0.1574,-0.1597
15.3424,-1.169443,-1.228043,1.762108,-2.127909,-1.565915,3.091983,-0.041441,0.116075,-0.091069,-0.028609,0.006090,-0.166377,-0.9720,-1.2812,-2.7282,-0.4587,0.1571,-0.1410
15.3523,-1.169871,-1.226748,1.761087,-2.128168,-1.565847,3.090471,-0.044361,0.138643,-0.103337,-0.020655,0.004653,-0.143391,-0.9899,-1.0826,-2.7730,-0.4676,0.1595,-0.1519
15.3624,-1.170299,-1.225214,1.759980,-2.128324,-1.565815,3.089132,-0.044933,0.168488,-0.115053,-0.013515,0.002597,-0.126311,-1.0069,-0.9552,-2.8819,-0.4367,0.1671,-0.1757
15.3723,-1.170785,-1.223292,1.758763,-2.128404,-1.565791,3.087955,-0.047484,0.206436,-0.129336,-0.005720,0.001500,-0.110061,-0.8778,-1.1567,-2.9125,-0.4250,0.1380,-0.1423
15.3825,-1.171240,-1.221108,1.757353,-2.128397,-1.565822,3.086924,-0.048620,0.233920,-0.145793,-0.000585,0.000881,-0.093275,-0.7917,-0.8280,-2.7136,-0.3794,0.1476,-0.1452
15.3925,-1.171719,-1.218582,1.755781,-2.128380,-1.565760,3.086100,-0.051081,0.283626,-0.162818,0.000664,0.000536,-0.078316,-0.8434,-0.3321,-2.9692,-0.2661,0.1409,-0.1455
15.4024,-1.172242,-1.215626,1.754041,-2.128384,-1.565817,3.085396,-0.047829,0.319372,-0.179109,0.001858,0.001937,-0.066196,-0.9910,-0.1852,-2.8761,-0.2162,0.1514,-0.1593
15.4124,-1.172702,-1.212220,1.752143,-2.128345,-1.565783,3.084772,-0.048748,0.357804,-0.195069,0.004796,0.002141,-0.055608,-0.7942,-0.4944,-2.8169,-0.1899,0.1839,-0.1510
15.4224,-1.173178,-1.208412,1.750131,-2.128273,-1.565750,3.084254,-0.047290,0.390516,-0.207443,0.007754,0.004356,-0.045577,-0.9571,-0.3156,-2.9628,-0.1793,0.1794,-0.1492
15.4323,-1.173661,-1.204220,1.747979,-2.128202,-1.565656,3.083872,-0.048529,0.418463,-0.216449,0.007111,0.007196,-0.037566,-0.8925,-0.7800,-2.7751,-0.1808,0.1762,-0.1351
15.4425,-1.174184,-1.199791,1.745850,-2.128145,-1.565607,3.083521,-0.047689,0.434478,-0.220644,0.006772,0.006769,-0.029868,-0.9160,-0.9473,-2.7164,-0.1897,0.1804,-0.1481
15.4523,-1.174640,-1.195267,1.743652,-2.128026,-1.565539,3.083245,-0.048844,0.447944,-0.218894,0.004994,0.008871,-0.022923,-0.9851,-1.3815,-2.9580,-0.2306,0.1698,-0.1891
15.4624,-1.175202,-1.190736,1.741450,-2.128013,-1.565424,3.083045,-0.053338,0.457605,-0.221842,0.002375,0.006779,-0.022343,-0.8919,-1.7439,-3.0702,-0.2457,0.1671,-0.1850
15.4723,-1.175773,-1.186129,1.739199,-2.128008,-1.565402,3.082794,-0.058616,0.463241,-0.223807,0.000795,0.002928,-0.022853,-0.9339,-2.1747,-3.1311,-0.3096,0.1719,-0.2015
15.4825,-1.176411,-1.181677,1.736978,-2.128021,-1.565379,3.082556,-0.061380,0.454608,-0.227374,-0.002916,0.001984,-0.025904,-0.9632,-2.2753,-2.8981,-0.3637,0.1624,-0.1829
15.4924,-1.177102,-1.177157,1.734676,-2.128104,-1.565379,3.082265,-0.074445,0.444862,-0.231905,-0.010058,0.000877,-0.034384,-1.1735,-2.1209,-2.9673,-0.4793,0.1055,-0.2018
15.5023,-1.177849,-1.172657,1.732361,-2.128248,-1.565371,3.081890,-0.080454,0.430613,-0.230837,-0.016657,0.000424,-0.041256,-1.2334,-2.3432,-2.8350,-0.4779,0.0502,-0.2124
15.5124,-1.178716,-1.168412,1.730058,-2.128333,-1.565379,3.081370,-0.087038,0.410173,-0.230217,-0.012731,-0.000267,-0.050418,-1.1485,-2.5243,-2.8907,-0.5420,-0.0036,-0.2613
15.5224,-1.179638,-1.164280,1.727840,-2.128546,-1.565435,3.080796,-0.093519,0.392142,-0.223030,-0.021456,-0.003295,-0.061571,-1.3975,-2.5662,-2.9622,-0.5672,-0.0384,-0.2259
15.5323,-1.180651,-1.160444,1.725656,-2.128708,-1.565431,3.080132,-0.102248,0.374872,-0.214955,-0.027950,-0.006318,-0.074492,-1.2052,-3.0190,-3.1643,-0.6019,-0.0958,-0.2357
15.5423,-1.181761,-1.156900,1.723482,-2.129070,-1.565553,3.079297,-0.109029,0.351927,-0.209935,-0.039440,-0.010542,-0.085758,-1.0129,-3.0377,-3.0294,-0.6405,-0.0991,-0.2643
15.5524,-1.182900,-1.153627,1.721453,-2.129584,-1.565655,3.078291,-0.113955,0.326735,-0.203263,-0.049380,-0.011758,-0.101047,-1.1487,-2.5982,-3.2518,-0.6142,-0.0763,-0.2299
15.5625,-1.184062,-1.150515,1.719407,-2.130161,-1.565684,3.077243,-0.118547,0.312469,-0.198855,-0.062819,-0.011093,-0.112048,-1.1878,-2.6044,-2.8197,-0.5578,-0.1141,-0.2133
15.5724,-1.185280,-1.147520,1.717410,-2.130928,-1.565855,3.076048,-0.121272,0.301547,-0.194122,-0.079371,-0.013140,-0.117851,-1.0985,-2.3917,-2.6760,-0.4925,-0.1312,-0.2174
15.5824,-1.186490,-1.144552,1.715505,-2.131793,-1.565987,3.074826,-0.121004,0.285979,-0.185293,-0.087015,-0.013923,-0.126924,-1.1610,-2.2166,-2.5126,-0.5130,-0.1357,-0.1944
15.5922,-1.187705,-1.141577,1.713726,-2.132728,-1.566095,3.073499,-0.132538,0.305613,-0.174350,-0.106501,-0.015732,-0.132511,-1.2806,-1.7067,-2.5578,-0.5572,-0.1364,-0.1997
15.6023,-1.189034,-1.138445,1.711952,-2.134040,-1.566203,3.072207,-0.129867,0.311241,-0.169469,-0.132614,-0.015749,-0.130698,-1.4979,-1.1747,-2.4843,-0.5102,-0.1897,-0.2378
15.6124,-1.190364,-1.135224,1.710331,-2.135444,-1.566427,3.070888,-0.136550,0.325852,-0.162604,-0.150999,-0.018272,-0.133852,-1.1173,-1.5828,-2.5797,-0.5897,-0.1476,-0.2050
15.6226,-1.191709,-1.131913,1.708716,-2.137115,-1.566610,3.069618,-0.138660,0.342563,-0.152473,-0.172540,-0.018071,-0.127480,-1.5056,-1.1513,-2.6098,-0.6219,-0.1537,-0.2009
15.6323,-1.193098,-1.128395,1.707251,-2.139044,-1.566738,3.068413,-0.142224,0.361905,-0.145988,-0.196498,-0.017050,-0.121706,-1.3549,-1.2469,-2.6949,-0.6128,-0.1710,-0.1954
15.6424,-1.194509,-1.124749,1.705787,-2.141143,-1.566925,3.067250,-0.142720,0.375634,-0.142884,-0.221307,-0.017626,-0.115093,-1.3923,-1.1647,-2.4294,-0.5802,-0.1578,-0.1722
15.6524,-1.195966,-1.121000,1.704435,-2.143441,-1.567134,3.066174,-0.144823,0.390171,-0.134336,-0.234076,-0.016280,-0.103525,-1.2166,-1.2451,-2.5190,-0.6241,-0.1666,-0.1679
15.6625,-1.197388,-1.117024,1.703095,-2.145897,-1.567235,3.065231,-0.143484,0.399647,-0.126698,-0.254556,-0.013933,-0.095563,-1.1201,-1.4634,-2.5563,-0.5813,-0.1777,-0.1789
15.6723,-1.198786,-1.112901,1.701839,-2.148550,-1.567389,3.064343,-0.140877,0.408254,-0.122433,-0.274393,-0.014687,-0.083853,-1.0311,-1.8328,-2.2670,-0.5143,-0.1570,-0.1512
15.6823,-1.200191,-1.108670,1.700687,-2.151246,-1.567507,3.063635,-0.134399,0.406028,-0.111550,-0.279937,-0.014852,-0.071671,-0.9696,-2.0368,-2.4971,-0.6053,-0.1589,-0.1272
15.6925,-1.201492,-1.104451,1.699601,-2.154116,-1.567639,3.062972,-0.130514,0.411332,-0.103973,-0.299630,-0.013240,-0.059745,-0.9250,-2.1977,-2.4938,-0.6545,-0.1712,-0.1617
15.7026,-1.202787,-1.100317,1.698672,-2.157259,-1.567794,3.062441,-0.124482,0.405587,-0.094771,-0.315483,-0.011552,-0.050036,-0.6336,-2.5144,-2.7545,-0.6963,-0.1667,-0.1529
15.7124,-1.203979,-1.096324,1.697752,-2.160506,-1.567919,3.062028,-0.116374,0.393827,-0.089061,-0.328709,-0.011729,-0.040971,-0.6368,-2.8851,-2.7041,-0.7134,-0.1695,-0.1643
15.7225,-1.205149,-1.092557,1.696915,-2.163913,-1.568045,3.061660,-0.106053,0.378103,-0.080962,-0.341714,-0.010319,-0.033752,-0.4413,-3.1425,-2.8522,-0.7117,-0.1566,-0.1346
15.7323,-1.206158,-1.089026,1.696096,-2.167485,-1.568091,3.061384,-0.095469,0.355391,-0.075629,-0.351448,-0.008108,-0.026397,-0.3864,-3.2203,-2.7194,-0.7006,-0.1543,-0.1328
15.7424,-1.207078,-1.085648,1.695382,-2.171116,-1.568174,3.061144,-0.086159,0.328381,-0.070758,-0.354420,-0.007441,-0.020287,-0.4224,-3.1960,-2.5953,-0.6523,-0.1733,-0.1201
15.7525,-1.207877,-1.082465,1.694722,-2.174656,-1.568254,3.061004,-0.075105,0.304521,-0.062066,-0.355682,-0.006661,-0.013659,-0.4716,-3.3032,-2.5696,-0.6100,-0.1495,-0.1422
15.7624,-1.208581,-1.079572,1.694146,-2.178199,-1.568311,3.060923,-0.066469,0.276357,-0.055643,-0.357354,-0.005661,-0.007336,-0.2983,-3.3478,-2.6010,-0.6321,-0.1530,-0.1233
15.7725,-1.209235,-1.076896,1.693575,-2.181793,-1.568319,3.060906,-0.057112,0.248353,-0.048245,-0.360565,-0.005138,-0.001451,-0.2479,-3.5712,-2.5709,-0.6402,-0.1535,-0.0845
15.7823,-1.209737,-1.074536,1.693174,-2.185327,-1.568414,3.060906,-0.047684,0.223276,-0.039875,-0.356533,-0.005203,-0.000062,-0.4265,-3.7029,-2.6582,-0.6750,-0.1473,-0.0238
15.7925,-1.210181,-1.072468,1.692826,-2.188871,-1.568443,3.060919,-0.038197,0.193052,-0.034855,-0.358882,-0.004371,0.002999,-0.2406,-3.8264,-2.7694,-0.7281,-0.1414,0.0220
15.8024,-1.210485,-1.070634,1.692482,-2.192503,-1.568459,3.060967,-0.030388,0.166090,-0.030521,-0.354059,-0.003959,0.007689,-0.3771,-3.8008,-2.7484,-0.7273,-0.1537,0.0444
15.8123,-1.210725,-1.069188,1.692193,-2.196036,-1.568499,3.061066,-0.022250,0.139263,-0.027992,-0.353180,-0.003835,0.010885,-0.4646,-3.6516,-2.6352,-0.6434,-0.1689,0.0474
15.8224,-1.210932,-1.067974,1.691933,-2.199598,-1.568542,3.061100,-0.016396,0.115540,-0.025608,-0.342245,-0.005163,0.011558,-0.4276,-3.5924,-2.6467,-0.6384,-0.1736,0.0619
15.8322,-1.211057,-1.067003,1.691654,-2.202953,-1.568621,3.061219,-0.011275,0.091971,-0.023332,-0.330750,-0.005506,0.011559,-0.4562,-3.2669,-2.4835,-0.6048,-0.1854,0.0821
15.8424,-1.211120,-1.066233,1.691429,-2.206120,-1.568634,3.061280,-0.004824,0.074243,-0.020135,-0.313899,-0.004535,0.012382,-0.3317,-3.2872,-2.5147,-0.5960,-0.1856,0.0915
15.8523,-1.211125,-1.065586,1.691237,-2.209170,-1.568694,3.061402,-0.000631,0.058421,-0.018271,-0.298832,-0.005737,0.013763,-0.1949,-3.2297,-2.4398,-0.5632,-0.1730,0.1012
15.8624,-1.211105,-1.065075,1.691094,-2.212048,-1.568754,3.061510,0.002322,0.044994,-0.015323,-0.283017,-0.005286,0.014050,0.0384,-3.2137,-2.5271,-0.5579,-0.1881,0.1101
15.8723,-1.211077,-1.064727,1.690911,-2.214678,-1.568791,3.061594,0.004374,0.033350,-0.015615,-0.260658,-0.005692,0.015526,0.0842,-3.3136,-2.5156,-0.5552,-0.1980,0.1354
15.8824,-1.211014,-1.064448,1.690781,-2.217246,-1.568878,3.061700,0.004274,0.022577,-0.015676,-0.242075,-0.006139,0.016436,0.2169,-3.3485,-2.6092,-0.5270,-0.2010,0.1274
15.8924,-1.210985,-1.064314,1.690564,-2.219541,-1.568950,3.061882,0.005976,0.012494,-0.019084,-0.217267,-0.007876,0.017072,0.2640,-3.3290,-2.6744,-0.5489,-0.1835,0.1323
15.9028,-1.210894,-1.064270,1.690376,-2.221624,-1.568994,3.062061,0.007967,0.002149,-0.021352,-0.199398,-0.008912,0.017450,0.3540,-3.5824,-2.6510,-0.5214,-0.2107,0.1405
15.9123,-1.210810,-1.064283,1.690185,-2.223481,-1.569090,3.062205,0.008382,-0.007958,-0.024513,-0.179203,-0.009714,0.018120,0.3946,-4.0043,-2.6191,-0.5002,-0.2083,0.1359
15.9223,-1.210726,-1.064402,1.689906,-2.225162,-1.569179,3.062346,0.009033,-0.013138,-0.029230,-0.157326,-0.011492,0.018248,0.3329,-4.2537,-2.6693,-0.4926,-0.2190,0.1518
15.9325,-1.210645,-1.064527,1.689591,-2.226608,-1.569331,3.062530,0.008349,-0.016343,-0.032514,-0.134912,-0.011400,0.017989,0.3932,-4.3005,-2.6265,-0.5075,-0.2010,0.1598
15.9424,-1.210558,-1.064725,1.689224,-2.227884,-1.569423,3.062713,0.007822,-0.017655,-0.035536,-0.118846,-0.011914,0.017171,0.3354,-4.2419,-2.6574,-0.4866,-0.2025,0.1755
15.9524,-1.210498,-1.064920,1.688859,-2.228910,-1.569566,3.062870,0.006405,-0.018495,-0.039332,-0.096080,-0.012063,0.017788,0.3740,-4.1641,-2.6904,-0.4947,-0.1875,0.1440
15.9625,-1.210465,-1.065105,1.688435,-2.229796,-1.569682,3.063072,0.005529,-0.018964,-0.043045,-0.079847,-0.012080,0.017380,0.3632,-4.1007,-2.6175,-0.4907,-0.1898,0.1560
15.9724,-1.210417,-1.065265,1.687976,-2.230497,-1.569786,3.063246,0.003497,-0.019152,-0.046877,-0.066122,-0.012728,0.017635,0.3825,-4.0747,-2.4741,-0.4613,-0.1909,0.1462
15.9823,-1.210393,-1.065458,1.687505,-2.231097,-1.569946,3.063397,0.002262,-0.017426,-0.047152,-0.054634,-0.013344,0.016396,0.3305,-4.1280,-2.5687,-0.4279,-0.1931,0.1829
15.9923,-1.210416,-1.065635,1.687037,-2.231502,-1.570062,3.063576,0.001209,-0.015772,-0.048204,-0.037669,-0.014434,0.016699,0.3104,-4.0995,-2.5535,-0.4643,-0.2078,0.1926
16.0024,-1.210385,-1.065785,1.686552,-2.231846,-1.570206,3.063752,0.000585,-0.013107,-0.047930,-0.026495,-0.015512,0.017585,0.2491,-4.1339,-2.5858,-0.4860,-0.1779,0.1925
16.0124,-1.210385,-1.065898,1.686026,-2.232024,-1.570424,3.063944,0.000284,-0.012380,-0.050202,-0.017406,-0.017369,0.020657,0.2131,-4.1440,-2.5351,-0.4887,-0.1886,0.1655
16.0222,-1.210416,-1.065986,1.685544,-2.232172,-1.570558,3.064136,-0.000151,-0.011062,-0.050811,-0.011014,-0.019796,0.021190,0.1525,-4.1754,-2.6250,-0.4798,-0.1968,0.1989
16.0322,-1.210413,-1.066103,1.685014,-2.232204,-1.570806,3.064391,-0.000261,-0.009955,-0.053998,-0.001960,-0.023185,0.023893,0.1431,-4.1686,-2.6177,-0.3880,-0.1938,0.1855
16.0425,-1.210397,-1.066190,1.684458,-2.232192,-1.571039,3.064643,-0.000475,-0.009295,-0.055682,0.003765,-0.025741,0.026324,0.0734,-4.2631,-2.6758,-0.3219,-0.2171,0.1815
16.0522,-1.210394,-1.066281,1.683885,-2.232132,-1.571362,3.064916,-0.000551,-0.009199,-0.057181,0.008752,-0.031005,0.031103,0.0200,-4.2458,-2.7675,-0.2623,-0.2267,0.1958
16.0623,-1.210402,-1.066352,1.683317,-2.232015,-1.571741,3.065243,-0.000739,-0.007894,-0.062101,0.012552,-0.036522,0.033577,-0.0309,-4.3051,-2.7419,-0.2363,-0.2206,0.1844
16.0723,-1.210421,-1.066421,1.682634,-2.231888,-1.572102,3.065579,-0.000625,-0.007571,-0.066877,0.012799,-0.041779,0.035640,-0.0589,-4.3117,-2.7956,-0.2211,-0.2307,0.1841
16.0824,-1.210414,-1.066474,1.681954,-2.231775,-1.572550,3.065943,-0.000985,-0.008751,-0.071536,0.016613,-0.044708,0.037053,-0.0933,-4.4020,-2.7769,-0.2008,-0.2794,0.1884
16.0922,-1.210433,-1.066564,1.681176,-2.231576,-1.573100,3.066338,-0.000834,-0.009098,-0.079598,0.018165,-0.054913,0.039782,-0.1341,-4.3817,-2.9228,-0.1939,-0.2582,0.1864
16.1023,-1.210438,-1.066660,1.680318,-2.231407,-1.573680,3.066749,-0.001015,-0.009198,-0.086530,0.022742,-0.060861,0.042783,-0.1319,-4.3233,-2.9571,-0.1999,-0.2499,0.1680
16.1122,-1.210445,-1.066771,1.679394,-2.231152,-1.574312,3.067157,-0.000669,-0.008223,-0.093872,0.025846,-0.065060,0.041632,-0.2105,-4.2666,-2.8347,-0.1496,-0.2202,0.2034
16.1224,-1.210453,-1.066855,1.678421,-2.230919,-1.574960,3.067554,-0.000578,-0.007653,-0.096757,0.027826,-0.067570,0.042312,-0.2277,-4.2976,-2.9409,-0.1364,-0.2464,0.1738
16.1323,-1.210461,-1.066908,1.677401,-2.230552,-1.575675,3.067965,-0.000528,-0.007945,-0.103790,0.033035,-0.068819,0.040760,-0.2718,-4.2719,-2.8171,-0.1703,-0.2406,0.1920
16.1426,-1.210457,-1.066992,1.676355,-2.230236,-1.576383,3.068380,-0.000765,-0.008845,-0.105286,0.034784,-0.070592,0.040332,-0.2716,-4.2321,-2.8457,-0.1413,-0.2629,0.1868
16.1524,-1.210497,-1.067048,1.675290,-2.229876,-1.577052,3.068756,-0.000734,-0.008147,-0.107093,0.037203,-0.072197,0.039379,-0.2047,-4.2262,-2.7290,-0.1306,-0.2264,0.1410
16.1624,-1.210516,-1.067132,1.674210,-2.229519,-1.577807,3.069132,-0.000526,-0.007674,-0.103362,0.038500,-0.071467,0.038141,-0.2545,-4.3165,-2.7896,-0.1241,-0.2251,0.1699
16.1723,-1.210497,-1.067250,1.673170,-2.229124,-1.578502,3.069476,-0.001160,-0.008491,-0.102262,0.040104,-0.068124,0.035017,-0.2361,-4.2083,-2.5458,-0.0963,-0.2012,0.1740
16.1824,-1.210521,-1.067315,1.672183,-2.228711,-1.579130,3.069803,-0.000852,-0.009056,-0.095554,0.042445,-0.063542,0.031923,-0.2031,-4.1319,-2.4695,-0.1170,-0.2364,0.1809
16.1923,-1.210529,-1.067402,1.671321,-2.228318,-1.579735,3.070091,-0.000739,-0.007858,-0.083384,0.043626,-0.058946,0.028541,-0.1817,-4.2354,-2.3313,-0.1200,-0.2302,0.1634
16.2023,-1.210521,-1.067497,1.670525,-2.227867,-1.580283,3.070367,-0.000620,-0.009601,-0.072907,0.044667,-0.054995,0.022248,-0.1629,-4.1399,-2.2864,-0.1304,-0.2205,0.1578
16.2124,-1.210529,-1.067616,1.669909,-2.227447,-1.580790,3.070516,-0.000537,-0.009653,-0.062304,0.040443,-0.049710,0.016944,-0.3024,-4.1663,-2.2023,-0.0999,-0.1831,0.1588
16.2223,-1.210533,-1.067677,1.669357,-2.227027,-1.581290,3.070644,-0.000395,-0.008352,-0.048001,0.039109,-0.041024,0.011240,-0.2905,-4.1776,-2.2071,-0.1171,-0.2098,0.1345
16.2324,-1.210533,-1.067730,1.668949,-2.226646,-1.581635,3.070688,-0.000383,-0.007693,-0.035304,0.036819,-0.034739,0.001491,-0.3397,-4.2075,-2.1234,-0.1331,-0.1917,0.1073
16.2422,-1.210513,-1.067817,1.668680,-2.226312,-1.581943,3.070700,-0.000373,-0.006712,-0.023639,0.032981,-0.030395,-0.000676,-0.2682,-4.2295,-2.0006,-0.1277,-0.1777,0.0028
16.2522,-1.210525,-1.067877,1.668497,-2.225977,-1.582230,3.070645,-0.000381,-0.005333,-0.011764,0.030621,-0.024195,-0.007362,-0.3398,-4.1818,-1.9261,-0.1013,-0.1938,-0.0496
16.2624,-1.210557,-1.067940,1.668538,-2.225680,-1.582439,3.070537,-0.001205,-0.004726,0.008422,0.030690,-0.020107,-0.015160,-0.3882,-4.2058,-1.5909,-0.0882,-0.1973,-0.0561
16.2723,-1.210557,-1.067973,1.668665,-2.225305,-1.582638,3.070452,-0.001961,-0.003891,0.017665,0.037810,-0.016055,-0.014675,-0.4411,-4.2204,-1.1610,-0.1094,-0.2146,-0.0931
16.2822,-1.210565,-1.068004,1.668845,-2.224937,-1.582754,3.070298,-0.002380,-0.002217,0.021512,0.040332,-0.012669,-0.016748,-0.4967,-4.1542,-1.0499,-0.0874,-0.2068,-0.1120
16.2923,-1.210613,-1.067988,1.669097,-2.224468,-1.582812,3.070141,-0.004494,-0.000996,0.027776,0.052767,-0.009477,-0.022254,-0.5396,-4.1617,-0.9896,-0.0817,-0.1673,-0.1103
16.3024,-1.210661,-1.067985,1.669354,-2.223860,-1.582832,3.069962,-0.005875,-0.000389,0.030690,0.066430,-0.004397,-0.025905,-0.6586,-4.2302,-0.9783,-0.0585,-0.1791,-0.1400
16.3122,-1.210737,-1.067954,1.669697,-2.223113,-1.582884,3.069765,-0.008968,-0.000189,0.033900,0.079666,-0.002355,-0.029324,-0.6326,-4.1316,-0.9773,-0.0791,-0.1917,-0.1519
16.3222,-1.210829,-1.067973,1.670053,-2.222217,-1.582884,3.069454,-0.011636,-0.000140,0.036432,0.094225,-0.001130,-0.031522,-0.6487,-4.1234,-0.8855,-0.0448,-0.1607,-0.1506
16.3322,-1.210972,-1.067973,1.670421,-2.221177,-1.582919,3.069155,-0.011876,0.000094,0.039328,0.106417,-0.000689,-0.033033,-0.6379,-4.0691,-0.9017,-0.0472,-0.1223,-0.1826
16.3425,-1.211085,-1.067988,1.670841,-2.220012,-1.582911,3.068850,-0.013591,0.000112,0.043029,0.123501,-0.000078,-0.032724,-0.7413,-3.9759,-0.8846,-0.0807,-0.0523,-0.2061
16.3523,-1.211201,-1.067988,1.671308,-2.218715,-1.582864,3.068483,-0.014506,0.000435,0.045966,0.132737,0.004317,-0.034364,-0.7356,-3.8614,-0.8814,-0.0462,-0.0224,-0.1618
16.3622,-1.211360,-1.067988,1.671769,-2.217359,-1.582839,3.068171,-0.014798,0.000537,0.049332,0.143076,0.007942,-0.034163,-0.7607,-3.7773,-0.8652,-0.0258,0.0338,-0.1687
16.3723,-1.211512,-1.067961,1.672334,-2.215827,-1.582733,3.067874,-0.015713,0.000540,0.054358,0.152896,0.010599,-0.032202,-0.6666,-3.9113,-0.9773,-0.0746,0.0752,-0.1695
16.3823,-1.211672,-1.067945,1.672837,-2.214238,-1.582668,3.067524,-0.016180,0.000393,0.056659,0.157261,0.011581,-0.031598,-0.7504,-3.8839,-0.8293,-0.0581,0.1043,-0.1644
16.3924,-1.211820,-1.067957,1.673483,-2.212662,-1.582529,3.067243,-0.017765,0.000336,0.066326,0.162362,0.013375,-0.029600,-0.8113,-3.7431,-0.6460,-0.0502,0.1239,-0.1614
16.4023,-1.212004,-1.067976,1.674178,-2.211037,-1.582447,3.066955,-0.018715,0.000144,0.075356,0.159031,0.015403,-0.027705,-0.7713,-3.7641,-0.6635,-0.0140,0.1187,-0.1592
16.4123,-1.212215,-1.067961,1.674955,-2.209492,-1.582288,3.066660,-0.020221,0.000149,0.084592,0.159231,0.018026,-0.025877,-0.8238,-3.7822,-0.5502,-0.0627,0.1348,-0.1609
16.4223,-1.212415,-1.067973,1.675904,-2.207971,-1.582104,3.066424,-0.021675,0.000053,0.095251,0.149882,0.020283,-0.022740,-0.7585,-3.7737,-0.4314,-0.0386,0.1535,-0.1688
16.4323,-1.212631,-1.068007,1.676943,-2.206545,-1.581893,3.066224,-0.022724,0.000041,0.108811,0.141483,0.020406,-0.021630,-0.7751,-3.7368,-0.5012,-0.0446,0.1547,-0.1628
16.4423,-1.212890,-1.067973,1.678107,-2.205189,-1.581744,3.066023,-0.023826,0.000000,0.119750,0.131165,0.020239,-0.019873,-0.7538,-3.8384,-0.4471,-0.0869,0.1489,-0.1636
16.4524,-1.213106,-1.067961,1.679362,-2.203960,-1.581564,3.065813,-0.024615,0.000000,0.132002,0.116907,0.020062,-0.018830,-0.7148,-3.9234,-0.4829,-0.0945,0.1671,-0.1747
16.4622,-1.213374,-1.067957,1.680785,-2.202847,-1.581365,3.065652,-0.025252,0.000000,0.143834,0.103125,0.019219,-0.017396,-0.7235,-3.9028,-0.4748,-0.1172,0.1882,-0.1534
16.4723,-1.213661,-1.067961,1.682328,-2.201954,-1.581169,3.065492,-0.024943,0.000000,0.156360,0.086180,0.019177,-0.015388,-0.7230,-4.0011,-0.6170,-0.1498,0.1595,-0.1465
16.4824,-1.213909,-1.067988,1.683946,-2.201161,-1.581040,3.065379,-0.024568,0.000000,0.165209,0.068861,0.018403,-0.013474,-0.6957,-4.0007,-0.7415,-0.1516,0.1561,-0.1660
16.4924,-1.214129,-1.067957,1.685650,-2.200587,-1.580849,3.065244,-0.022631,-0.000329,0.175732,0.053277,0.016959,-0.012118,-0.7267,-3.9793,-0.5022,-0.1637,0.1714,-0.1625
16.5024,-1.214357,-1.067957,1.687462,-2.200124,-1.580690,3.065148,-0.021672,-0.000183,0.181154,0.036547,0.015705,-0.010365,-0.6252,-4.0252,-0.5012,-0.1584,0.1515,-0.1403
16.5124,-1.214595,-1.067945,1.689348,-2.199844,-1.580565,3.065021,-0.020007,0.002346,0.188345,0.021632,0.014020,-0.007817,-0.6834,-3.9990,-0.7444,-0.1588,0.1518,-0.1420
16.5225,-1.214768,-1.067949,1.691240,-2.199694,-1.580436,3.064961,-0.017343,-0.000001,0.190751,0.010285,0.012791,-0.006298,-0.6663,-3.8877,-0.6845,-0.1811,0.1582,-0.1518
16.5323,-1.214921,-1.067949,1.693163,-2.199701,-1.580316,3.064932,-0.015375,-0.000000,0.189784,0.000016,0.011865,-0.005597,-0.6430,-3.9142,-0.8468,-0.3902,0.1523,-0.1439
16.5423,-1.215053,-1.067937,1.695055,-2.199825,-1.580169,3.064850,-0.014222,-0.000000,0.188002,-0.017733,0.011494,-0.004974,-0.6536,-3.9359,-0.9767,-0.4712,0.1424,-0.1438
16.5525,-1.215181,-1.067937,1.696892,-2.200009,-1.580100,3.064848,-0.010791,-0.000000,0.184477,-0.020174,0.009607,-0.004234,-0.5898,-3.9130,-0.9223,-0.4555,0.1512,-0.1489
16.5623,-1.215253,-1.067952,1.698667,-2.200178,-1.580039,3.064820,-0.006342,0.000044,0.175876,-0.024883,0.010053,-0.003113,-0.4621,-3.9578,-0.9149,-0.4912,0.1695,-0.1352
16.5724,-1.215317,-1.067937,1.700383,-2.200403,-1.579924,3.064789,-0.001424,0.000035,0.166830,-0.029187,0.011014,-0.003596,-0.3656,-4.0137,-0.8625,-0.5068,0.1807,-0.1511
16.5825,-1.215285,-1.067952,1.701999,-2.200727,-1.579863,3.064737,0.001450,0.000029,0.158741,-0.034101,0.011731,-0.003034,-0.1632,-3.9667,-0.9480,-0.5055,0.1764,-0.1261
16.5924,-1.215253,-1.067934,1.703528,-2.201082,-1.579673,3.064684,0.005685,0.000025,0.151227,-0.036385,0.011921,-0.002397,0.0690,-4.0187,-0.9339,-0.5280,0.1835,-0.1430
16.6028,-1.215208,-1.067934,1.704967,-2.201473,-1.579589,3.064712,0.008289,0.000022,0.140515,-0.038340,0.007940,-0.002175,0.3050,-3.9583,-1.0756,-0.5666,0.1660,-0.1219
16.6124,-1.215093,-1.067952,1.706332,-2.201870,-1.579514,3.064668,0.012505,0.000020,0.131104,-0.040460,0.005721,-0.002021,0.3662,-4.0107,-1.0189,-0.5467,0.1405,-0.1171
16.6224,-1.214946,-1.067937,1.707579,-2.202314,-1.579516,3.064648,0.014941,0.000000,0.122834,-0.044207,0.002844,-0.001599,0.4204,-4.0306,-0.9076,-0.5325,0.1426,-0.1204
16.6322,-1.214790,-1.067964,1.708759,-2.202759,-1.579489,3.064620,0.016266,0.000000,0.113992,-0.044613,0.001528,-0.001767,0.4474,-4.1337,-1.0294,-0.5289,0.1465,-0.1113
16.6423,-1.214641,-1.067973,1.709862,-2.203175,-1.579489,3.064617,0.016484,-0.000869,0.105244,-0.045189,0.000724,-0.001134,0.4551,-4.1837,-0.9958,-0.5137,0.1345,-0.1334
16.6524,-1.214451,-1.067961,1.710875,-2.203615,-1.579508,3.064640,0.017085,-0.001721,0.096824,-0.044746,0.000215,-0.001176,0.5408,-4.2718,-1.0016,-0.5040,0.1111,-0.1394
16.6622,-1.214301,-1.067981,1.711788,-2.204051,-1.579500,3.064597,0.017485,-0.001288,0.092636,-0.042445,0.000071,-0.001073,0.5353,-4.3161,-1.0900,-0.5101,0.0467,-0.1376
16.6722,-1.214122,-1.067978,1.712641,-2.204487,-1.579489,3.064580,0.018102,-0.002534,0.085128,-0.040976,0.000000,-0.001033,0.5517,-4.3686,-0.9525,-0.5226,-0.0204,-0.1230
16.6825,-1.213950,-1.068051,1.713496,-2.204864,-1.579544,3.064584,0.017839,-0.003412,0.080012,-0.040537,-0.002737,-0.000842,0.5398,-4.3032,-0.9363,-0.5581,-0.0535,-0.1392
16.6924,-1.213750,-1.068072,1.714249,-2.205279,-1.579592,3.064550,0.018221,-0.004777,0.076484,-0.041597,-0.007641,-0.000612,0.6278,-4.3434,-1.0098,-0.5391,-0.0651,-0.1250
16.7023,-1.213563,-1.068104,1.715020,-2.205700,-1.579676,3.064572,0.017929,-0.005026,0.072360,-0.042440,-0.009337,-0.000511,0.5930,-4.4504,-0.9879,-0.5476,-0.1087,-0.1057
16.7123,-1.213394,-1.068168,1.715697,-2.206073,-1.579739,3.064541,0.017911,-0.006607,0.067516,-0.042733,-0.011609,-0.000595,0.6387,-4.4642,-1.0210,-0.5093,-0.1182,-0.1148
16.7224,-1.213222,-1.068221,1.716344,-2.206518,-1.579828,3.064564,0.017468,-0.008279,0.062445,-0.041378,-0.011900,-0.000413,0.6317,-4.4882,-1.0217,-0.5040,-0.1259,-0.1043
16.7324,-1.213023,-1.068347,1.716956,-2.206905,-1.579936,3.064557,0.017054,-0.011266,0.057553,-0.039048,-0.012576,-0.000353,0.6110,-4.5680,-1.0039,-0.5095,-0.1378,-0.1016
16.7423,-1.212883,-1.068482,1.717512,-2.207305,-1.580063,3.064564,0.017014,-0.014682,0.051716,-0.039313,-0.012478,-0.000319,0.6196,-4.6101,-1.0692,-0.5024,-0.1459,-0.1323
16.7523,-1.212675,-1.068607,1.717993,-2.207666,-1.580156,3.064553,0.018527,-0.016257,0.046850,-0.035969,-0.012802,-0.000215,0.6810,-4.5588,-0.9835,-0.5157,-0.1517,-0.1250
16.7623,-1.212492,-1.068814,1.718437,-2.208007,-1.580291,3.064548,0.017821,-0.020751,0.041368,-0.035364,-0.013865,-0.000225,0.6225,-4.5904,-1.1224,-0.5184,-0.1734,-0.1168
16.7723,-1.212308,-1.069065,1.718789,-2.208370,-1.580392,3.064497,0.017100,-0.025683,0.034656,-0.035191,-0.014863,-0.000586,0.5465,-4.5234,-1.1437,-0.5320,-0.1669,-0.1146
16.7826,-1.212128,-1.069347,1.719144,-2.208670,-1.580559,3.064509,0.016250,-0.029152,0.028799,-0.032139,-0.015425,-0.000706,0.5573,-4.4918,-1.1270,-0.5092,-0.1620,-0.0910
16.7923,-1.212008,-1.069698,1.719337,-2.208982,-1.580680,3.064521,0.014253,-0.036870,0.018868,-0.030204,-0.016547,-0.000395,0.5669,-4.7243,-1.3943,-0.5242,-0.1468,-0.0923
16.8024,-1.211844,-1.070038,1.719493,-2.209258,-1.580843,3.064564,0.013062,-0.041319,0.011690,-0.025622,-0.017156,-0.000275,0.4825,-4.6033,-1.5294,-0.5181,-0.1643,-0.0856
16.8123,-1.211709,-1.070475,1.719537,-2.209471,-1.580999,3.064564,0.011413,-0.046320,-0.004764,-0.020933,-0.017949,-0.000210,0.5257,-4.6890,-2.1715,-0.5146,-0.1560,-0.1018
16.8222,-1.211625,-1.070939,1.719417,-2.209655,-1.581156,3.064492,0.008031,-0.051118,-0.017173,-0.019871,-0.017343,-0.000263,0.4048,-4.8328,-2.5164,-0.4800,-0.1579,-0.0960
16.8323,-1.211603,-1.071532,1.719186,-2.209779,-1.581339,3.064569,0.005180,-0.056490,-0.024371,-0.011446,-0.017289,-0.000153,0.3513,-4.7088,-2.4872,-0.5087,-0.1755,-0.1321
16.8429,-1.211548,-1.072152,1.718894,-2.209896,-1.581496,3.064439,0.002057,-0.061431,-0.031944,-0.004036,-0.018576,-0.004185,0.3847,-4.7691,-2.5838,-0.4561,-0.1513,-0.1017
16.8524,-1.211567,-1.072803,1.718530,-2.209876,-1.581635,3.064552,0.000776,-0.067127,-0.040260,-0.000114,-0.015595,-0.001302,0.2608,-4.5993,-2.6361,-0.3619,-0.1762,-0.1448
16.8628,-1.211560,-1.073509,1.718067,-2.209848,-1.581787,3.064445,0.000229,-0.067091,-0.047381,0.004910,-0.015081,-0.006216,0.0909,-4.6384,-2.7276,-0.2738,-0.1623,-0.1114
16.8724,-1.211560,-1.074215,1.717587,-2.209788,-1.581904,3.064476,-0.000678,-0.069607,-0.054625,0.011415,-0.013299,-0.002810,0.0525,-4.6164,-2.7725,-0.2334,-0.1728,-0.1426
16.8823,-1.211575,-1.074933,1.716980,-2.209655,-1.582020,3.064408,-0.001858,-0.070598,-0.062250,0.012455,-0.013516,-0.006793,0.0229,-4.5202,-2.7161,-0.1906,-0.1575,-0.1463
16.8923,-1.211627,-1.075687,1.716266,-2.209492,-1.582147,3.064346,-0.003366,-0.077881,-0.078447,0.016219,-0.011364,-0.005171,-0.1187,-4.5942,-3.0636,-0.1898,-0.1848,-0.1716
16.9023,-1.211663,-1.076437,1.715425,-2.209300,-1.582299,3.064266,-0.004008,-0.075635,-0.093315,0.025349,-0.009085,-0.008607,-0.1946,-4.8311,-3.3581,-0.1736,-0.1821,-0.1512
16.9124,-1.211668,-1.077222,1.714402,-2.208988,-1.582323,3.064216,-0.005003,-0.080921,-0.112120,0.037100,-0.006716,-0.008761,-0.2568,-5.0201,-3.2859,-0.1673,-0.1984,-0.1491
16.9223,-1.211740,-1.078053,1.713139,-2.208561,-1.582372,3.064129,-0.008172,-0.087253,-0.138881,0.049136,-0.006857,-0.010245,-0.5941,-5.1522,-3.5976,-0.1540,-0.1805,-0.1472
16.9323,-1.211820,-1.078954,1.711557,-2.207928,-1.582420,3.064025,-0.014015,-0.091587,-0.170911,0.072871,-0.005729,-0.011001,-0.7678,-4.9716,-3.6450,-0.1694,-0.1949,-0.1543
16.9425,-1.212008,-1.079884,1.709623,-2.207109,-1.582480,3.063928,-0.016511,-0.091330,-0.203593,0.091266,-0.004677,-0.010955,-0.8044,-5.1918,-4.0175,-0.1056,-0.1910,-0.1449
16.9523,-1.212175,-1.080875,1.707348,-2.206053,-1.582531,3.063805,-0.020774,-0.097171,-0.244232,0.117833,-0.003696,-0.011754,-0.8651,-5.0871,-3.9149,-0.0776,-0.2125,-0.1543
16.9623,-1.212427,-1.081884,1.704619,-2.204733,-1.582551,3.063728,-0.027374,-0.099416,-0.284389,0.149420,-0.003735,-0.011481,-1.0041,-5.0204,-3.8935,-0.0943,-0.2196,-0.1421
16.9723,-1.212773,-1.082906,1.701532,-2.202997,-1.582576,3.063617,-0.037473,-0.099571,-0.326391,0.187185,-0.004136,-0.012393,-0.9257,-5.0887,-3.7750,-0.0410,-0.2037,-0.1570
16.9823,-1.213178,-1.083966,1.698042,-2.200921,-1.582603,3.063459,-0.046112,-0.099436,-0.359642,0.222906,-0.002688,-0.013116,-1.1097,-5.0211,-3.8235,-0.0128,-0.2256,-0.1525
16.9926,-1.213768,-1.085019,1.694165,-2.198371,-1.582619,3.063353,-0.073677,-0.106753,-0.410145,0.271272,-0.005246,-0.012489,-1.7575,-4.9962,-4.2358,0.0078,-0.2317,-0.1687
17.0027,-1.214613,-1.086072,1.689824,-2.195394,-1.582648,3.063210,-0.089048,-0.103539,-0.445522,0.319073,-0.002492,-0.013010,-2.1051,-5.0006,-4.4217,0.0305,-0.2648,-0.1773
17.0125,-1.215617,-1.087094,1.685070,-2.191869,-1.582683,3.063086,-0.112892,-0.101392,-0.485886,0.366801,-0.003476,-0.012835,-2.0816,-4.9412,-3.9020,0.0536,-0.2573,-0.1502
17.0223,-1.216874,-1.088184,1.680045,-2.188022,-1.582704,3.062919,-0.142225,-0.104142,-0.517706,0.404880,-0.005525,-0.012386,-2.8606,-4.8599,-3.9919,0.0880,-0.2800,-0.1740
17.0323,-1.218544,-1.089237,1.674679,-2.183642,-1.582763,3.062849,-0.180751,-0.104670,-0.542516,0.448222,-0.007444,-0.012100,-2.6110,-4.8169,-3.9271,0.0491,-0.2911,-0.1706
17.0422,-1.220544,-1.090275,1.669172,-2.179021,-1.582879,3.062707,-0.215154,-0.105251,-0.561735,0.479946,-0.010646,-0.011451,-3.1538,-4.8240,-4.0422,0.0724,-0.2846,-0.1540
17.0524,-1.222953,-1.091298,1.663390,-2.174060,-1.582980,3.062618,-0.260375,-0.111060,-0.584399,0.512153,-0.011616,-0.011691,-2.9593,-5.0040,-3.8414,0.0965,-0.2945,-0.1715
17.0625,-1.225709,-1.092470,1.657450,-2.168857,-1.583131,3.062491,-0.293331,-0.128311,-0.597768,0.534463,-0.014698,-0.011507,-3.1838,-5.2630,-3.9097,0.0830,-0.3074,-0.1807
17.0723,-1.228946,-1.093866,1.651345,-2.163215,-1.583327,3.062378,-0.339896,-0.153829,-0.613776,0.562064,-0.024439,-0.012503,-2.6924,-5.3909,-3.8920,0.0150,-0.2916,-0.1738
17.0823,-1.232503,-1.095410,1.645149,-2.157527,-1.583649,3.062242,-0.370692,-0.172194,-0.616830,0.574825,-0.032674,-0.012644,-2.7274,-5.7924,-3.9078,0.0076,-0.2894,-0.1926
17.0922,-1.236526,-1.097393,1.638922,-2.151643,-1.584066,3.062130,-0.426353,-0.227327,-0.639409,0.589645,-0.056217,-0.016968,-3.3352,-6.6549,-4.2570,0.0316,-0.3445,-0.1868
17.1023,-1.240902,-1.099663,1.632615,-2.145633,-1.584660,3.061931,-0.394911,-0.211790,-0.582654,0.608215,-0.055116,-0.019089,-2.2065,-6.2921,-3.1595,-0.1364,-0.3391,-0.1842
17.1124,-1.245158,-1.102210,1.626760,-2.140115,-1.585516,3.061727,-0.434481,-0.264149,-0.580837,0.554314,-0.082465,-0.021198,-3.0611,-5.7174,-3.0573,0.0768,-0.3130,-0.1912
17.1224,-1.249572,-1.104986,1.621127,-2.134522,-1.586299,3.061507,-0.435448,-0.280402,-0.555232,0.545731,-0.082774,-0.023820,-1.8800,-5.1356,-2.8745,-0.0254,-0.3930,-0.1700
17.1323,-1.253952,-1.107912,1.615702,-2.129218,-1.587391,3.061275,-0.439425,-0.288505,-0.533287,0.525605,-0.113289,-0.027720,-1.7120,-4.9965,-2.8724,0.0304,-0.2730,-0.1742
17.1424,-1.258360,-1.110955,1.610509,-2.124022,-1.588639,3.060932,-0.445474,-0.298262,-0.516629,0.507316,-0.120822,-0.030676,-1.4651,-4.9299,-2.9905,0.0452,-0.2294,-0.2200
17.1524,-1.262791,-1.113954,1.605402,-2.119054,-1.589831,3.060612,-0.449085,-0.300822,-0.505379,0.497827,-0.123031,-0.033231,-1.4491,-4.9888,-2.7686,0.0943,-0.3185,-0.2056
17.1625,-1.267296,-1.116985,1.600464,-2.114057,-1.591202,3.060224,-0.450881,-0.300468,-0.489150,0.494313,-0.141197,-0.037242,-1.3724,-5.1019,-3.0375,0.0410,-0.2410,-0.1682
17.1723,-1.271865,-1.119961,1.595615,-2.109283,-1.592729,3.059835,-0.455742,-0.299489,-0.477531,0.484226,-0.148336,-0.041317,-1.3743,-5.1712,-3.0682,0.0719,-0.2543,-0.1939
17.1823,-1.276480,-1.122996,1.590842,-2.104378,-1.594214,3.059371,-0.456117,-0.304720,-0.474105,0.483009,-0.157793,-0.044889,-1.3846,-4.9493,-2.9338,0.0624,-0.2899,-0.2018
17.1924,-1.281047,-1.125953,1.586251,-2.099506,-1.595887,3.058903,-0.455183,-0.305208,-0.461555,0.481199,-0.167882,-0.049569,-1.7197,-4.6358,-3.0354,0.0229,-0.2617,-0.2109
17.2023,-1.285624,-1.128978,1.581638,-2.094656,-1.597611,3.058374,-0.458846,-0.303262,-0.454876,0.477443,-0.173505,-0.056418,-1.9016,-4.5742,-3.1185,-0.0060,-0.3287,-0.2005
17.2124,-1.290123,-1.131973,1.577173,-2.089850,-1.599452,3.057805,-0.464847,-0.302387,-0.449106,0.475893,-0.187732,-0.061850,-1.9464,-4.6015,-3.1946,-0.0023,-0.2595,-0.1872
17.2224,-1.294753,-1.134991,1.572672,-2.085123,-1.601327,3.057110,-0.471197,-0.299357,-0.445667,0.476998,-0.191047,-0.066263,-1.9892,-4.6189,-2.9705,0.0710,-0.3021,-0.2047
17.2321,-1.299503,-1.137932,1.568251,-2.080344,-1.603250,3.056456,-0.478265,-0.295526,-0.436843,0.483337,-0.193079,-0.073997,-1.9972,-4.5889,-2.9851,0.0325,-0.3158,-0.1746
17.2425,-1.304383,-1.140919,1.563902,-2.075515,-1.605176,3.055680,-0.486583,-0.292322,-0.431579,0.489529,-0.201193,-0.077133,-2.0293,-4.6453,-3.0597,0.0711,-0.2959,-0.2239
17.2523,-1.309384,-1.143851,1.559649,-2.070546,-1.607219,3.054808,-0.494195,-0.287138,-0.418194,0.494421,-0.200260,-0.084558,-1.9792,-4.8038,-3.1522,0.0601,-0.3187,-0.2470
17.2624,-1.314379,-1.146783,1.555498,-2.065580,-1.609217,3.053896,-0.496439,-0.286407,-0.412351,0.495732,-0.202812,-0.094193,-1.9703,-4.7711,-3.1090,0.0714,-0.2733,-0.2260
17.2722,-1.319387,-1.149674,1.551393,-2.060529,-1.611227,3.052883,-0.508733,-0.285617,-0.405856,0.504275,-0.201103,-0.102901,-1.8948,-4.6153,-2.8951,0.0650,-0.2873,-0.2144
17.2822,-1.324464,-1.152518,1.547450,-2.055455,-1.613167,3.051805,-0.520035,-0.282420,-0.397495,0.511992,-0.199947,-0.109016,-1.8212,-4.6402,-2.9300,0.0831,-0.2767,-0.2491
17.2923,-1.329684,-1.155299,1.543544,-2.050328,-1.615145,3.050621,-0.529670,-0.286579,-0.384680,0.521394,-0.196706,-0.121946,-1.9092,-4.5452,-2.9638,0.0774,-0.2688,-0.2554
17.3024,-1.335067,-1.158051,1.539767,-2.045092,-1.617051,3.049332,-0.536479,-0.284750,-0.374481,0.535210,-0.190489,-0.133553,-1.9386,-4.8601,-3.0025,0.0648,-0.2855,-0.2561
17.3123,-1.340559,-1.160854,1.536080,-2.039669,-1.618938,3.047904,-0.544912,-0.288302,-0.361301,0.543644,-0.189295,-0.144026,-1.9392,-4.7597,-2.9080,0.0396,-0.2474,-0.2535
17.3224,-1.346063,-1.163729,1.532524,-2.034171,-1.620832,3.046394,-0.549071,-0.286892,-0.346513,0.546200,-0.180572,-0.157401,-1.9848,-4.7757,-2.8834,0.0677,-0.2315,-0.2483
17.3323,-1.351555,-1.166652,1.529149,-2.028624,-1.622581,3.044773,-0.563016,-0.295441,-0.332385,0.554886,-0.175603,-0.166702,-1.9692,-5.0774,-3.0382,0.0230,-0.2344,-0.2608
17.3425,-1.357195,-1.169620,1.525917,-2.023014,-1.624275,3.043005,-0.571688,-0.298594,-0.316498,0.559950,-0.162971,-0.178944,-2.0737,-4.9551,-2.8520,0.0624,-0.2705,-0.2615
17.3524,-1.362972,-1.172750,1.522850,-2.017414,-1.625904,3.041221,-0.586180,-0.306845,-0.298275,0.573672,-0.156379,-0.185587,-1.9891,-5.1233,-2.8847,0.0789,-0.2099,-0.2815
17.3622,-1.368934,-1.175952,1.519938,-2.011692,-1.627399,3.039265,-0.592430,-0.318425,-0.283278,0.585160,-0.144288,-0.198159,-2.0789,-4.9766,-2.7899,0.0819,-0.2520,-0.2504
17.3723,-1.374990,-1.179257,1.517214,-2.005726,-1.628828,3.037252,-0.599179,-0.327259,-0.265277,0.592712,-0.136649,-0.206366,-1.9768,-4.8308,-2.6275,0.1315,-0.2497,-0.2311
17.3824,-1.380997,-1.182532,1.514694,-1.999748,-1.630193,3.035201,-0.606230,-0.329827,-0.246032,0.600289,-0.128195,-0.211349,-1.9130,-4.9849,-2.6646,0.1186,-0.2240,-0.2366
17.3922,-1.387035,-1.185894,1.512365,-1.993694,-1.631409,3.033041,-0.616561,-0.346856,-0.225996,0.603645,-0.118885,-0.219358,-1.9553,-5.0094,-2.7238,0.1273,-0.2482,-0.2055
17.4024,-1.393170,-1.189320,1.510245,-1.987605,-1.632562,3.030918,-0.621651,-0.357594,-0.205643,0.614286,-0.112804,-0.220353,-2.0092,-5.1126,-2.9615,0.0998,-0.2409,-0.2551
17.4123,-1.399509,-1.192923,1.508281,-1.981480,-1.633643,3.028656,-0.630479,-0.371679,-0.187591,0.621641,-0.101935,-0.223328,-2.1468,-5.1693,-2.8267,0.1158,-0.2498,-0.2470
17.4225,-1.405947,-1.196706,1.506457,-1.975169,-1.634589,3.026442,-0.632279,-0.382832,-0.168656,0.630112,-0.090973,-0.222796,-1.8591,-5.0152,-2.6651,0.0749,-0.2505,-0.2788
17.4326,-1.412314,-1.200572,1.504893,-1.968830,-1.635455,3.024164,-0.639554,-0.395117,-0.152040,0.629698,-0.086403,-0.221415,-1.8526,-5.4413,-2.6743,0.0689,-0.2334,-0.2549
17.4424,-1.418624,-1.204682,1.503503,-1.962488,-1.636214,3.021823,-0.643886,-0.404761,-0.132705,0.634052,-0.076924,-0.223521,-1.8659,-5.4508,-2.6677,0.0860,-0.2449,-0.2260
17.4522,-1.425071,-1.208825,1.502292,-1.956151,-1.636963,3.019603,-0.650903,-0.415973,-0.112177,0.639086,-0.069666,-0.222099,-1.7847,-5.7192,-2.8043,0.0513,-0.2302,-0.2555
17.4623,-1.431654,-1.213145,1.501247,-1.949854,-1.637551,3.017369,-0.653606,-0.434705,-0.099702,0.634576,-0.058218,-0.221228,-2.0399,-5.5606,-2.5673,0.0435,-0.2664,-0.2532
17.4724,-1.438268,-1.217620,1.500347,-1.943503,-1.638077,3.015137,-0.653154,-0.453910,-0.081065,0.630380,-0.049696,-0.224930,-1.7833,-4.8883,-2.6015,0.0417,-0.2618,-0.2512
17.4832,-1.444765,-1.222148,1.499600,-1.937349,-1.638576,3.012925,-0.655730,-0.462853,-0.069362,0.612655,-0.044865,-0.221889,-1.7819,-4.7445,-2.4880,0.1091,-0.2372,-0.2827
17.4923,-1.451279,-1.226735,1.498979,-1.931199,-1.638956,3.010643,-0.664037,-0.474359,-0.052972,0.601288,-0.037839,-0.227264,-1.7654,-5.0658,-2.4449,0.0634,-0.2483,-0.2397
17.5023,-1.457934,-1.231457,1.498602,-1.925260,-1.639260,3.008352,-0.662689,-0.480687,-0.035891,0.586668,-0.032607,-0.236158,-2.0077,-5.5829,-2.7530,0.0035,-0.2456,-0.2359
17.5124,-1.464640,-1.236372,1.498353,-1.919600,-1.639585,3.005999,-0.661189,-0.488152,-0.021122,0.565054,-0.026062,-0.239636,-1.7634,-5.6297,-2.7892,-0.0071,-0.2202,-0.2865
17.5225,-1.471345,-1.241441,1.498189,-1.914066,-1.639813,3.003541,-0.660434,-0.498487,-0.011127,0.543021,-0.021718,-0.246788,-1.7815,-5.4206,-2.6558,-0.0494,-0.2120,-0.2596
17.5322,-1.477943,-1.246595,1.498102,-1.908742,-1.639989,3.001070,-0.664207,-0.515739,0.000447,0.516648,-0.015630,-0.260600,-1.8456,-5.4354,-2.0000,-0.0191,-0.2136,-0.2522
17.5424,-1.484520,-1.251790,1.498192,-1.903733,-1.640113,2.998433,-0.666462,-0.529641,0.015508,0.495878,-0.011689,-0.272342,-1.9287,-4.8769,-1.4222,0.0152,-0.2103,-0.2768
17.5523,-1.491195,-1.257065,1.498433,-1.898868,-1.640138,2.995633,-0.665302,-0.533139,0.023684,0.476028,-0.004228,-0.279360,-1.5721,-4.7634,-1.3786,0.0214,-0.1944,-0.2930
17.5629,-1.497907,-1.262365,1.498675,-1.894240,-1.640193,2.992736,-0.662407,-0.537669,0.029698,0.454474,-0.001254,-0.287933,-1.8510,-5.0111,-1.3124,-0.0410,-0.1918,-0.3023
17.5724,-1.504565,-1.267835,1.499011,-1.889883,-1.640208,2.989711,-0.668040,-0.541749,0.035596,0.436931,-0.000717,-0.304025,-1.9827,-5.2809,-1.3858,-0.0739,-0.1817,-0.2818
17.5824,-1.511184,-1.273374,1.499399,-1.885629,-1.640166,2.986538,-0.671823,-0.540440,0.041272,0.414802,-0.000457,-0.320708,-1.9368,-5.3848,-1.2909,-0.0091,-0.1392,-0.2937
17.5922,-1.517858,-1.278816,1.499839,-1.881547,-1.640215,2.983230,-0.670049,-0.546156,0.046920,0.398076,-0.000131,-0.337755,-1.7449,-5.0227,-1.2348,-0.0298,-0.0946,-0.2747
17.6026,-1.524622,-1.284234,1.500295,-1.877684,-1.640154,2.979736,-0.670505,-0.555536,0.048231,0.379791,-0.000000,-0.351832,-1.9132,-4.7929,-1.1032,0.0093,-0.0374,-0.3091
17.6125,-1.531417,-1.289784,1.500861,-1.873870,-1.640142,2.976156,-0.673564,-0.558348,0.054398,0.369362,0.000288,-0.368561,-2.1206,-4.6304,-1.1340,-0.0465,0.0354,-0.2882
17.6224,-1.538146,-1.295391,1.501398,-1.870247,-1.640184,2.972447,-0.675101,-0.555216,0.061432,0.357079,0.002759,-0.383637,-1.7607,-4.6509,-1.3144,-0.0449,0.0689,-0.2951
17.6323,-1.544818,-1.300964,1.501994,-1.866784,-1.640083,2.968585,-0.679858,-0.559195,0.060326,0.345513,0.004913,-0.400413,-1.9186,-4.9648,-1.0950,-0.0416,0.0869,-0.3168
17.6426,-1.551639,-1.306596,1.502689,-1.863392,-1.640018,2.964478,-0.682187,-0.556516,0.066142,0.336753,0.007209,-0.414373,-1.8522,-5.0706,-1.2094,-0.0232,0.0858,-0.3569
17.6527,-1.558542,-1.312216,1.503349,-1.860131,-1.640010,2.960163,-0.686644,-0.560305,0.069462,0.331024,0.006873,-0.432006,-1.7671,-4.8972,-1.2036,-0.0075,0.1012,-0.3600
17.6623,-1.565435,-1.317769,1.504041,-1.856916,-1.639974,2.955736,-0.680903,-0.564341,0.070653,0.324950,0.009179,-0.446190,-1.8288,-4.4989,-1.0614,0.0259,0.1238,-0.3230
17.6726,-1.572199,-1.323397,1.504772,-1.853606,-1.639894,2.951167,-0.686474,-0.571664,0.073481,0.321228,0.008457,-0.455427,-2.1004,-4.5730,-1.1672,-0.0562,0.1370,-0.3280
17.6823,-1.579009,-1.329112,1.505580,-1.850411,-1.639795,2.946514,-0.688877,-0.562478,0.080642,0.314214,0.008761,-0.464934,-1.8002,-4.6514,-1.1890,-0.0560,0.1302,-0.3435
17.6923,-1.585954,-1.334883,1.506399,-1.847316,-1.639711,2.941862,-0.690980,-0.565960,0.081480,0.309145,0.006958,-0.477257,-1.9610,-4.9875,-1.1435,-0.0682,0.1362,-0.3010
17.7022,-1.592932,-1.340584,1.507212,-1.844241,-1.639663,2.937160,-0.693732,-0.572610,0.085275,0.304206,0.006664,-0.482367,-1.8256,-5.1441,-1.1562,-0.0393,0.1078,-0.3348
17.7124,-1.599859,-1.346291,1.508100,-1.841222,-1.639635,2.932265,-0.692610,-0.578577,0.091140,0.302339,0.007083,-0.486341,-1.6047,-4.4924,-1.1037,-0.0042,0.1515,-0.3354
17.7223,-1.606711,-1.352044,1.509051,-1.838164,-1.639576,2.927346,-0.693918,-0.585844,0.094426,0.301743,0.007857,-0.486329,-2.0972,-4.8228,-0.9118,-0.0262,0.1452,-0.2986
17.7323,-1.613668,-1.357896,1.510079,-1.835144,-1.639452,2.922475,-0.695613,-0.588142,0.101954,0.304854,0.008788,-0.482031,-1.7057,-4.6689,-1.0128,-0.0393,0.1318,-0.3294
17.7425,-1.620712,-1.363869,1.511135,-1.832131,-1.639436,2.917603,-0.696091,-0.589669,0.108123,0.299374,0.004961,-0.480663,-1.9894,-5.0899,-1.0700,-0.0645,0.1414,-0.2753
17.7524,-1.627783,-1.369912,1.512246,-1.829212,-1.639412,2.912920,-0.699103,-0.594032,0.116076,0.295919,0.006037,-0.472145,-1.7393,-4.8819,-1.0508,-0.0057,0.1681,-0.2851
17.7624,-1.634702,-1.375885,1.513453,-1.826305,-1.639376,2.908332,-0.699592,-0.604550,0.121597,0.294185,0.005860,-0.463989,-1.9409,-4.9459,-0.9507,-0.0107,0.1762,-0.2886
17.7724,-1.641597,-1.381939,1.514689,-1.823341,-1.639292,2.903798,-0.706777,-0.618236,0.129049,0.292595,0.007630,-0.453481,-1.7675,-4.6011,-0.9603,-0.0220,0.1486,-0.2518
17.7824,-1.648650,-1.388062,1.516013,-1.820355,-1.639238,2.899303,-0.700546,-0.615942,0.135848,0.291581,0.008656,-0.437014,-2.2836,-4.7189,-0.9349,-0.0311,0.1154,-0.2554
17.7923,-1.655865,-1.394342,1.517397,-1.817478,-1.639152,2.894992,-0.706172,-0.619745,0.141756,0.288329,0.005424,-0.417678,-1.8925,-4.6898,-0.9125,-0.0381,0.1323,-0.2905
17.8027,-1.662943,-1.400619,1.518825,-1.814601,-1.639149,2.890869,-0.710694,-0.620799,0.147619,0.287455,0.005386,-0.404774,-1.9681,-4.9155,-1.1682,0.0056,0.1535,-0.2736
17.8125,-1.669978,-1.406846,1.520387,-1.811663,-1.639057,2.886933,-0.712039,-0.624941,0.154237,0.291129,0.009126,-0.386717,-1.6824,-4.5369,-1.0567,-0.0473,0.1537,-0.2303
17.8223,-1.677067,-1.413086,1.521890,-1.808765,-1.638985,2.883177,-0.718205,-0.632397,0.156712,0.293122,0.006227,-0.370099,-2.1127,-4.4654,-0.9277,0.0375,0.1339,-0.2203
17.8324,-1.684383,-1.419419,1.523497,-1.805751,-1.638913,2.879680,-0.715665,-0.630793,0.160949,0.302498,0.008733,-0.356435,-2.1010,-4.1697,-0.9598,-0.0008,0.1032,-0.2033
17.8423,-1.691632,-1.425780,1.525150,-1.802753,-1.638928,2.876252,-0.723620,-0.623845,0.164462,0.305381,0.003733,-0.339748,-1.9468,-4.1051,-1.0001,0.0341,0.1545,-0.2375
17.8524,-1.698824,-1.432069,1.526749,-1.799625,-1.638877,2.873029,-0.736453,-0.614198,0.165586,0.314609,0.005680,-0.327973,-2.0004,-4.3656,-1.1299,0.0395,0.1367,-0.2494
17.8625,-1.706113,-1.438195,1.528400,-1.796495,-1.638781,2.869744,-0.735651,-0.614698,0.163599,0.325567,0.007839,-0.321214,-2.2236,-4.2580,-1.0230,0.0946,0.1177,-0.2608
17.8723,-1.713579,-1.444277,1.530017,-1.793130,-1.638647,2.866556,-0.739103,-0.618933,0.162729,0.342053,0.006719,-0.320954,-2.0736,-3.9293,-0.8466,0.0448,0.1336,-0.2501
17.8825,-1.721031,-1.450391,1.531673,-1.789597,-1.638673,2.863318,-0.738427,-0.619065,0.162762,0.352019,0.005278,-0.322668,-1.9639,-4.0964,-0.9802,0.0570,0.1449,-0.2921
17.8924,-1.728309,-1.456470,1.533347,-1.785952,-1.638658,2.860092,-0.710033,-0.583636,0.164759,0.359232,0.009467,-0.319201,-1.2033,-3.7176,-1.1947,-0.0566,0.1822,-0.2707
17.9024,-1.735190,-1.462266,1.534865,-1.782487,-1.638606,2.856898,-0.682504,-0.560360,0.156428,0.345319,0.007992,-0.310640,-0.7723,-3.5874,-1.1342,-0.0185,0.2060,-0.2522
17.9122,-1.741731,-1.467798,1.536341,-1.779080,-1.638502,2.853842,-0.637196,-0.530329,0.143493,0.335006,0.008255,-0.297592,-0.6799,-3.1974,-1.0851,-0.0066,0.1631,-0.2552
17.9223,-1.747980,-1.472897,1.537724,-1.775794,-1.638518,2.850888,-0.592235,-0.501960,0.132628,0.322291,0.003318,-0.289655,-0.6160,-2.7673,-0.9883,0.0120,0.1920,-0.2700
17.9324,-1.753708,-1.477693,1.538999,-1.772613,-1.638561,2.848010,-0.545296,-0.467943,0.125799,0.310427,0.001368,-0.286203,-0.4167,-2.4040,-0.9230,-0.0147,0.2517,-0.2212
17.9425,-1.758805,-1.482087,1.540266,-1.769614,-1.638491,2.845247,-0.492926,-0.426714,0.117673,0.295116,0.003962,-0.281827,-0.3312,-2.5886,-0.9909,-0.0498,0.2064,-0.2013
17.9523,-1.763395,-1.486123,1.541389,-1.766795,-1.638439,2.842499,-0.447792,-0.386931,0.111726,0.277352,0.002460,-0.275104,-0.3651,-2.7812,-1.0282,-0.0780,0.2048,-0.2304
17.9624,-1.767582,-1.489832,1.542422,-1.764171,-1.638441,2.839773,-0.413647,-0.356068,0.100653,0.258090,0.001156,-0.269042,-0.4995,-2.8253,-1.0777,-0.0713,0.1658,-0.2770
17.9724,-1.771560,-1.493295,1.543385,-1.761641,-1.638352,2.837032,-0.389891,-0.327319,0.091877,0.244549,0.000623,-0.269758,-0.9714,-2.9947,-0.8899,-0.0909,0.0930,-0.2684
17.9825,-1.775335,-1.496447,1.544336,-1.759255,-1.638355,2.834293,-0.368332,-0.304627,0.091318,0.233354,0.000395,-0.271591,-1.4101,-3.0464,-1.1412,-0.1088,0.0364,-0.3030
17.9923,-1.779017,-1.499415,1.545224,-1.757000,-1.638359,2.831530,-0.357994,-0.284995,0.087706,0.218174,0.000244,-0.274985,-1.4137,-2.7957,-1.1257,-0.1074,-0.0092,-0.2562
18.0024,-1.782572,-1.502122,1.546063,-1.754956,-1.638362,2.828796,-0.351411,-0.266861,0.085216,0.202187,0.000014,-0.276510,-1.6333,-2.4472,-1.1080,-0.0411,-0.0496,-0.2546
18.0124,-1.786070,-1.504604,1.546832,-1.752942,-1.638367,2.825993,-0.348065,-0.244288,0.079641,0.194892,-0.002156,-0.273202,-1.5113,-2.6009,-0.9826,-0.0468,-0.0593,-0.2684
18.0222,-1.789485,-1.506867,1.547636,-1.751043,-1.638359,2.823294,-0.349640,-0.224348,0.080742,0.182484,-0.002597,-0.266853,-2.0573,-2.9250,-1.1057,-0.0710,-0.1180,-0.2826
18.0323,-1.793030,-1.508970,1.548470,-1.749204,-1.638374,2.820588,-0.360884,-0.209453,0.079846,0.176654,-0.004111,-0.268528,-1.9687,-2.8946,-1.0664,-0.1337,-0.1563,-0.2569
18.0423,-1.796639,-1.510938,1.549278,-1.747487,-1.638422,2.817915,-0.369105,-0.193532,0.081399,0.164896,-0.005098,-0.269440,-2.0483,-3.0586,-1.1792,-0.1160,-0.1601,-0.2202
18.0524,-1.800416,-1.512808,1.550061,-1.745936,-1.638468,2.815316,-0.380297,-0.182290,0.079437,0.154314,-0.004757,-0.262457,-1.8830,-3.0767,-1.0383,-0.1013,-0.1611,-0.2457
18.0626,-1.804342,-1.514646,1.550892,-1.744423,-1.638481,2.812810,-0.391113,-0.173739,0.084159,0.144783,-0.006243,-0.256591,-1.8023,-3.1394,-1.0608,-0.1083,-0.1612,-0.2671
18.0725,-1.808486,-1.516343,1.551757,-1.743022,-1.638569,2.810250,-0.422561,-0.169528,0.093292,0.136709,-0.009529,-0.260709,-2.2073,-3.2980,-1.2077,-0.1171,-0.1930,-0.2373
18.0823,-1.812827,-1.518022,1.552736,-1.741706,-1.638663,2.807603,-0.437133,-0.168426,0.100161,0.125629,-0.006220,-0.263358,-2.4715,-3.2657,-0.9418,-0.0967,-0.2009,-0.2596
18.0924,-1.817402,-1.519746,1.553798,-1.740553,-1.638728,2.804945,-0.459868,-0.167231,0.110059,0.114691,-0.005725,-0.263880,-2.2037,-3.2318,-0.8409,-0.0898,-0.1942,-0.2829
18.1022,-1.822039,-1.521485,1.554944,-1.739523,-1.638779,2.802242,-0.481317,-0.166138,0.120471,0.102401,-0.005543,-0.264342,-2.4277,-3.1233,-0.7062,-0.0790,-0.2001,-0.2879
18.1123,-1.826902,-1.523148,1.556255,-1.738526,-1.638781,2.799548,-0.501606,-0.164533,0.134454,0.092444,-0.004363,-0.268506,-1.9157,-3.1312,-0.7458,-0.0962,-0.1655,-0.2725
18.1228,-1.831940,-1.524827,1.557669,-1.737663,-1.638875,2.796785,-0.510578,-0.161147,0.149106,0.083585,-0.005012,-0.275531,-2.2158,-3.3485,-0.7111,-0.1016,-0.1763,-0.2641
18.1323,-1.837209,-1.526470,1.559244,-1.736929,-1.638817,2.794007,-0.525021,-0.163903,0.165556,0.070495,-0.003180,-0.282301,-2.1285,-3.1827,-0.7186,-0.0919,-0.2039,-0.2680
18.1424,-1.842552,-1.528106,1.561036,-1.736208,-1.638916,2.791120,-0.530972,-0.164077,0.180308,0.063125,-0.006316,-0.284585,-1.9624,-2.9870,-0.7913,-0.1201,-0.1650,-0.2815
18.1525,-1.847918,-1.529730,1.562898,-1.735696,-1.638988,2.788330,-0.531985,-0.161211,0.195346,0.051343,-0.003482,-0.287113,-1.8390,-2.9709,-0.7971,-0.1132,-0.1609,-0.2849
18.1624,-1.853183,-1.531279,1.564936,-1.735265,-1.638985,2.785441,-0.531857,-0.158361,0.208880,0.041470,-0.004203,-0.290170,-1.5350,-3.0216,-0.6707,-0.0643,-0.1597,-0.2601
18.1724,-1.858437,-1.532811,1.567165,-1.734877,-1.639037,2.782478,-0.532930,-0.152755,0.228185,0.036829,-0.005640,-0.300747,-1.4462,-3.0299,-0.5580,-0.0885,-0.1353,-0.2433
18.1823,-1.863656,-1.534279,1.569549,-1.734542,-1.639068,2.779527,-0.523548,-0.153235,0.246280,0.029047,-0.002372,-0.306793,-1.5551,-2.9128,-0.4684,-0.1100,-0.1759,-0.2728
18.1923,-1.868901,-1.535779,1.572118,-1.734357,-1.639080,2.776401,-0.512815,-0.149813,0.264360,0.019337,-0.001939,-0.314570,-1.2232,-3.0130,-0.4374,-0.0781,-0.1591,-0.2598
18.2023,-1.874009,-1.537227,1.574863,-1.734131,-1.639147,2.773242,-0.497120,-0.145911,0.278076,0.015135,-0.002281,-0.315909,-1.2265,-3.0202,-0.5454,-0.1260,-0.1561,-0.2545
18.2123,-1.878947,-1.538624,1.577694,-1.734070,-1.639143,2.770076,-0.475228,-0.142237,0.288089,0.005935,-0.001046,-0.313402,-1.0498,-3.1151,-0.7122,-0.1490,-0.1251,-0.2691
18.2224,-1.883547,-1.539973,1.580619,-1.734023,-1.639155,2.766936,-0.453215,-0.137103,0.296223,0.001233,-0.000579,-0.310509,-1.3571,-3.1948,-0.4973,-0.1973,-0.1196,-0.2854
18.2322,-1.887917,-1.541340,1.583648,-1.734047,-1.639164,2.763863,-0.439504,-0.131929,0.306016,0.000006,-0.000362,-0.309524,-0.8915,-3.2277,-0.7982,-0.2934,-0.1147,-0.2917
18.2423,-1.892072,-1.542676,1.586758,-1.734090,-1.639145,2.760733,-0.416417,-0.130995,0.308737,-0.005184,-0.000253,-0.303552,-0.8946,-3.0533,-0.6912,-0.3569,-0.0942,-0.2755
18.2523,-1.896112,-1.543946,1.589852,-1.734149,-1.639152,2.757736,-0.393562,-0.126850,0.311599,-0.009619,-0.000197,-0.299317,-0.8670,-3.0696,-0.7892,-0.4130,-0.0770,-0.2718
18.2623,-1.899965,-1.545269,1.592923,-1.734293,-1.639147,2.754741,-0.370361,-0.124896,0.311230,-0.015354,-0.000130,-0.296522,-0.8686,-3.0986,-0.7414,-0.3759,-0.0775,-0.2361
18.2723,-1.903598,-1.546499,1.596115,-1.734346,-1.639164,2.751855,-0.350207,-0.125139,0.315061,-0.012178,-0.000110,-0.296157,-0.9263,-3.1382,-0.9529,-0.4387,-0.0823,-0.2396
18.2824,-1.906997,-1.547728,1.599301,-1.734472,-1.639125,2.748960,-0.327026,-0.121813,0.316728,-0.014237,-0.000095,-0.296626,-1.0498,-3.3888,-0.8223,-0.4403,-0.0856,-0.2701
18.2923,-1.910194,-1.548957,1.602456,-1.734585,-1.639155,2.746020,-0.307726,-0.126145,0.319763,-0.016808,-0.000084,-0.294389,-1.0565,-3.3913,-1.0978,-0.4704,-0.0711,-0.2765
18.3024,-1.913146,-1.550241,1.605661,-1.734763,-1.639167,2.743066,-0.288134,-0.126388,0.316951,-0.018734,-0.000075,-0.291624,-0.7835,-3.5149,-1.0357,-0.5119,-0.0757,-0.2833
18.3123,-1.915888,-1.551565,1.608837,-1.734975,-1.639152,2.740134,-0.269777,-0.127429,0.314940,-0.023128,-0.000068,-0.286238,-0.9678,-3.4682,-0.9233,-0.4841,-0.0694,-0.2906
18.3224,-1.918413,-1.552886,1.611944,-1.735207,-1.639171,2.737200,-0.256130,-0.131967,0.314625,-0.023727,-0.000062,-0.286028,-1.0591,-3.3190,-0.4605,-0.4737,-0.0794,-0.3196
18.3323,-1.920897,-1.554316,1.615183,-1.735478,-1.639125,2.734217,-0.247007,-0.135237,0.327707,-0.028479,-0.000057,-0.300282,-1.0497,-3.4382,-0.5877,-0.4429,-0.1120,-0.2627
18.3424,-1.923228,-1.555724,1.618500,-1.735740,-1.639143,2.731166,-0.236698,-0.142112,0.335101,-0.026833,-0.000053,-0.308088,-1.1203,-3.1891,-0.6846,-0.5118,-0.1161,-0.2574
18.3525,-1.925582,-1.557157,1.621885,-1.736011,-1.639143,2.728036,-0.229019,-0.143447,0.343598,-0.030428,-0.000049,-0.312535,-1.1351,-3.2305,-0.8336,-0.5001,-0.1238,-0.2711
18.3623,-1.927852,-1.558632,1.625387,-1.736336,-1.639104,2.724855,-0.227796,-0.146536,0.349522,-0.033998,-0.000020,-0.320208,-1.0837,-3.1410,-0.7302,-0.4740,-0.1548,-0.2682
18.3723,-1.930160,-1.560137,1.628971,-1.736678,-1.639139,2.721655,-0.228266,-0.148423,0.364195,-0.035770,-0.000842,-0.331973,-1.1733,-3.2242,-0.6699,-0.4981,-0.1680,-0.2811
18.3823,-1.932470,-1.561652,1.632651,-1.737049,-1.639125,2.718374,-0.228768,-0.153454,0.373260,-0.038619,-0.001397,-0.341066,-1.4489,-3.0314,-0.4886,-0.4804,-0.1820,-0.3002
18.3923,-1.934826,-1.563180,1.636480,-1.737420,-1.639112,2.714984,-0.232026,-0.157142,0.380329,-0.039992,-0.001601,-0.346280,-1.2699,-3.1732,-0.6526,-0.5162,-0.1762,-0.3234
18.4022,-1.937197,-1.564695,1.640315,-1.737815,-1.639164,2.711429,-0.234061,-0.156854,0.386963,-0.043942,-0.002187,-0.347565,-1.3636,-3.1878,-0.8189,-0.5312,-0.1782,-0.2999
18.4122,-1.939554,-1.566235,1.644194,-1.738266,-1.639183,2.707944,-0.235492,-0.157712,0.388446,-0.048933,-0.001709,-0.343197,-1.4126,-3.2147,-0.8523,-0.4913,-0.1815,-0.3069
18.4223,-1.941933,-1.567812,1.648032,-1.738779,-1.639200,2.704518,-0.238259,-0.157444,0.387027,-0.050790,-0.002422,-0.340967,-1.6190,-3.1236,-0.6948,-0.4694,-0.1667,-0.2855
18.4322,-1.944342,-1.569356,1.651927,-1.739258,-1.639203,2.701165,-0.245299,-0.157318,0.387668,-0.049513,-0.002143,-0.336736,-1.3537,-3.0479,-0.8136,-0.5114,-0.1641,-0.2424
18.4428,-1.946787,-1.570923,1.655823,-1.739730,-1.639227,2.697775,-0.245993,-0.156099,0.384437,-0.048435,-0.001439,-0.325560,-1.4424,-3.0619,-0.9808,-0.5200,-0.1644,-0.2621
18.4527,-1.949225,-1.572488,1.659592,-1.740258,-1.639236,2.694617,-0.249472,-0.153001,0.378091,-0.049102,-0.001416,-0.313961,-1.2972,-2.8990,-1.0495,-0.5123,-0.1671,-0.2639
18.4623,-1.951711,-1.573938,1.663336,-1.740738,-1.639209,2.691549,-0.249816,-0.147151,0.368221,-0.049747,-0.000727,-0.302794,-1.3243,-3.0296,-0.9572,-0.4869,-0.1849,-0.2331
18.4723,-1.954182,-1.575379,1.667000,-1.741206,-1.639232,2.688609,-0.255998,-0.143398,0.364756,-0.049580,-0.001848,-0.293327,-1.3797,-2.9277,-1.0213,-0.4644,-0.1731,-0.2371
18.4823,-1.956770,-1.576762,1.670595,-1.741661,-1.639248,2.685738,-0.256890,-0.137019,0.358336,-0.047898,-0.000989,-0.286953,-1.5377,-3.0489,-0.9670,-0.5160,-0.1765,-0.2320
18.4924,-1.959367,-1.578172,1.674119,-1.742148,-1.639263,2.682933,-0.258890,-0.136605,0.346687,-0.047884,-0.002204,-0.278171,-1.1934,-3.0646,-1.0055,-0.5211,-0.1790,-0.2086
18.5024,-1.961965,-1.579480,1.677534,-1.742606,-1.639295,2.680199,-0.257745,-0.132191,0.338423,-0.043518,-0.003197,-0.265489,-1.2934,-2.9834,-1.1742,-0.5545,-0.1786,-0.2332
18.5125,-1.964603,-1.580808,1.680835,-1.743054,-1.639354,2.677586,-0.256524,-0.125878,0.323710,-0.043624,-0.002818,-0.251869,-1.2833,-2.9641,-1.0936,-0.5249,-0.1840,-0.2249
18.5224,-1.967196,-1.582095,1.684021,-1.743492,-1.639383,2.675163,-0.255590,-0.125073,0.309354,-0.041588,-0.003817,-0.238521,-1.5160,-2.9095,-1.2449,-0.5338,-0.2015,-0.2641
18.5325,-1.969826,-1.583299,1.686985,-1.743859,-1.639395,2.672762,-0.257946,-0.120283,0.293297,-0.037062,-0.004810,-0.236940,-1.3104,-3.0811,-1.3049,-0.5374,-0.1896,-0.1981
18.5428,-1.972396,-1.584492,1.689841,-1.744218,-1.639459,2.670478,-0.257367,-0.116885,0.275207,-0.035276,-0.005028,-0.223389,-1.4692,-3.0632,-1.4623,-0.5543,-0.1913,-0.2169
18.5524,-1.974922,-1.585649,1.692500,-1.744593,-1.639506,2.668281,-0.255741,-0.112553,0.255558,-0.032574,-0.004023,-0.213418,-1.3548,-3.1591,-1.5059,-0.5558,-0.2037,-0.2221
18.5624,-1.977494,-1.586770,1.694936,-1.744850,-1.639562,2.666110,-0.258681,-0.109585,0.236795,-0.028808,-0.005788,-0.209858,-1.3179,-3.0310,-1.4234,-0.5502,-0.1926,-0.2138
18.5722,-1.980036,-1.587917,1.697244,-1.745191,-1.639580,2.664044,-0.266507,-0.111034,0.219655,-0.025708,-0.006113,-0.209865,-1.4486,-3.1433,-1.4942,-0.5781,-0.1970,-0.2593
18.5826,-1.982634,-1.589001,1.699321,-1.745404,-1.639634,2.661952,-0.265547,-0.109844,0.202595,-0.023017,-0.005852,-0.211861,-1.6374,-3.0866,-1.4128,-0.5679,-0.2234,-0.2388
18.5925,-1.985252,-1.590126,1.701284,-1.745623,-1.639699,2.659850,-0.269539,-0.110329,0.190873,-0.020099,-0.006238,-0.218148,-1.4241,-3.0259,-1.4183,-0.5720,-0.2115,-0.2657
18.6029,-1.987957,-1.591219,1.703076,-1.745830,-1.639774,2.657694,-0.271230,-0.110278,0.173799,-0.019314,-0.006963,-0.219097,-1.3017,-3.0552,-1.3041,-0.5533,-0.2120,-0.2692
18.6124,-1.990677,-1.592304,1.704737,-1.746042,-1.639853,2.655468,-0.270189,-0.109185,0.159745,-0.017930,-0.008052,-0.225721,-1.2190,-2.8909,-1.2549,-0.5187,-0.2051,-0.2294
18.6227,-1.993409,-1.593423,1.706269,-1.746177,-1.639928,2.653230,-0.263873,-0.108362,0.148424,-0.013530,-0.005855,-0.227361,-1.3679,-2.9689,-1.3038,-0.5346,-0.2327,-0.2880
18.6324,-1.996094,-1.594437,1.707681,-1.746328,-1.639965,2.650855,-0.265396,-0.106262,0.140822,-0.012790,-0.006511,-0.234492,-1.1579,-2.9729,-1.2437,-0.5011,-0.2123,-0.2819
18.6423,-1.998796,-1.595465,1.708996,-1.746432,-1.640022,2.648395,-0.257531,-0.103816,0.128638,-0.008952,-0.006804,-0.242183,-1.2031,-3.0361,-1.2596,-0.5067,-0.2022,-0.2574
18.6525,-2.001387,-1.596509,1.710237,-1.746485,-1.640078,2.645954,-0.253531,-0.103248,0.120585,-0.004836,-0.006844,-0.247411,-1.0711,-2.8677,-1.3359,-0.5032,-0.1968,-0.2710
18.6624,-2.003921,-1.597499,1.711431,-1.746552,-1.640176,2.643413,-0.252725,-0.100076,0.114548,-0.003567,-0.006306,-0.250503,-1.1903,-2.8049,-1.4328,-0.5034,-0.1927,-0.2747
18.6725,-2.006469,-1.598495,1.712531,-1.746577,-1.640228,2.640743,-0.257822,-0.098388,0.110362,-0.005306,-0.005639,-0.265561,-1.2497,-2.9020,-1.3281,-0.5031,-0.1980,-0.2670
18.6823,-2.009038,-1.599464,1.713579,-1.746637,-1.640253,2.638041,-0.258520,-0.093874,0.104184,-0.006358,-0.002211,-0.277305,-1.6525,-2.8654,-1.0902,-0.4963,-0.2127,-0.2747
18.6924,-2.011570,-1.600385,1.714584,-1.746700,-1.640238,2.635232,-0.266141,-0.092793,0.102603,-0.006693,-0.002126,-0.285736,-1.4979,-2.7424,-1.1912,-0.4903,-0.2001,-0.2618
18.7025,-2.014206,-1.601311,1.715620,-1.746760,-1.640284,2.632380,-0.269976,-0.088253,0.100078,-0.006740,-0.001904,-0.289072,-1.5249,-2.5848,-1.1121,-0.5006,-0.2134,-0.2994
18.7124,-2.016879,-1.602188,1.716643,-1.746836,-1.640289,2.629449,-0.275110,-0.083650,0.100217,-0.006422,-0.001236,-0.291970,-1.5957,-2.5713,-1.1867,-0.5088,-0.1959,-0.2794
18.7222,-2.019652,-1.602958,1.717678,-1.746947,-1.640261,2.626578,-0.281232,-0.078331,0.097566,-0.008000,-0.000689,-0.290099,-1.9154,-2.4799,-0.9305,-0.4903,-0.1959,-0.2752
18.7322,-2.022588,-1.603687,1.718694,-1.746968,-1.640261,2.623714,-0.296497,-0.070114,0.100416,-0.008039,-0.001167,-0.293407,-1.7101,-2.6361,-1.1357,-0.4840,-0.1966,-0.2327
18.7422,-2.025633,-1.604369,1.719682,-1.747102,-1.640289,2.620842,-0.301478,-0.066595,0.103565,-0.009005,-0.000561,-0.288976,-1.6103,-2.4334,-1.1589,-0.4863,-0.1724,-0.1997
18.7523,-2.028767,-1.604976,1.720686,-1.747152,-1.640285,2.618040,-0.309103,-0.059084,0.102476,-0.007737,-0.000369,-0.278000,-1.6441,-2.3936,-1.1997,-0.4959,-0.1378,-0.2221
18.7624,-2.031974,-1.605522,1.721721,-1.747214,-1.640311,2.615319,-0.314106,-0.054383,0.100663,-0.006566,-0.000229,-0.264481,-1.4944,-2.3347,-1.1471,-0.5122,-0.0939,-0.2244
18.7723,-2.035195,-1.606016,1.722732,-1.747295,-1.640289,2.612726,-0.321301,-0.045629,0.102281,-0.007514,-0.000114,-0.249258,-1.4726,-2.3828,-1.2597,-0.5087,-0.0147,-0.2444
18.7823,-2.038419,-1.606416,1.723772,-1.747355,-1.640277,2.610210,-0.326210,-0.039991,0.100413,-0.008153,0.003164,-0.240826,-1.6849,-2.4428,-1.0758,-0.4940,0.0088,-0.1852
18.7924,-2.041608,-1.606775,1.724757,-1.747430,-1.640241,2.607956,-0.326512,-0.034757,0.099013,-0.008056,0.006977,-0.223042,-1.4887,-2.4512,-1.1428,-0.4948,0.0758,-0.1814
18.8024,-2.044829,-1.607097,1.725740,-1.747490,-1.640172,2.605782,-0.328404,-0.030723,0.097185,-0.006502,0.008269,-0.203486,-1.3158,-2.3539,-1.2799,-0.5119,0.0985,-0.2112
18.8123,-2.048010,-1.607354,1.726711,-1.747574,-1.640109,2.603789,-0.322338,-0.025213,0.092496,-0.006916,0.010587,-0.189166,-1.3034,-2.4625,-1.1538,-0.5043,0.1052,-0.1967
18.8225,-2.051171,-1.607608,1.727615,-1.747646,-1.640014,2.602027,-0.316633,-0.020568,0.089961,-0.005559,0.010980,-0.170804,-1.3786,-2.4293,-1.2999,-0.5169,0.1079,-0.1975
18.8322,-2.054362,-1.607788,1.728479,-1.747655,-1.639902,2.600353,-0.310871,-0.017462,0.086668,-0.005426,0.012463,-0.157990,-1.1993,-2.4331,-1.3595,-0.5313,0.1137,-0.1828
18.8424,-2.057449,-1.607959,1.729306,-1.747745,-1.639846,2.598900,-0.299786,-0.013616,0.078860,-0.005145,0.011187,-0.142343,-1.1068,-2.4376,-1.2612,-0.5385,0.1286,-0.1952
18.8523,-2.060458,-1.608017,1.730047,-1.747786,-1.639738,2.597528,-0.286158,-0.009770,0.071209,-0.005759,0.011963,-0.133042,-1.0950,-2.4065,-1.1998,-0.5229,0.1463,-0.1500
18.8623,-2.063277,-1.608095,1.730723,-1.747868,-1.639643,2.596315,-0.273173,-0.003899,0.067201,-0.005423,0.012163,-0.120303,-1.0224,-2.4014,-1.3726,-0.5092,0.1299,-0.1934
18.8724,-2.065991,-1.608104,1.731374,-1.747928,-1.639586,2.595128,-0.261907,-0.001056,0.060684,-0.004759,0.010769,-0.116705,-1.0722,-2.3720,-1.2996,-0.5087,0.1766,-0.1923
18.8826,-2.068498,-1.608095,1.731950,-1.747949,-1.639440,2.594006,-0.248233,0.000410,0.054632,-0.004046,0.012315,-0.115583,-0.9720,-2.2027,-1.3592,-0.5213,0.1558,-0.2001
18.8927,-2.070904,-1.608083,1.732450,-1.747965,-1.639360,2.592905,-0.233944,0.000971,0.048796,-0.003472,0.011144,-0.114576,-0.7986,-2.1079,-1.3551,-0.5360,0.1573,-0.2004
18.9025,-2.073112,-1.608044,1.732910,-1.747993,-1.639275,2.591761,-0.216481,0.002435,0.044291,-0.003504,0.010324,-0.114948,-0.8508,-2.1138,-1.4800,-0.5297,0.1558,-0.2472
18.9123,-2.075154,-1.608048,1.733322,-1.748028,-1.639188,2.590573,-0.201765,0.002545,0.038277,-0.004241,0.008053,-0.120887,-0.9651,-1.9394,-1.4769,-0.5118,0.1491,-0.2048
18.9225,-2.077057,-1.608020,1.733682,-1.748064,-1.639112,2.589348,-0.187113,0.002947,0.032649,-0.002919,0.007827,-0.121453,-0.8293,-1.8869,-1.4684,-0.5144,0.1497,-0.2475
18.9321,-2.078837,-1.607983,1.733993,-1.748100,-1.639041,2.588109,-0.173265,0.003602,0.028973,-0.002317,0.006443,-0.130558,-0.7191,-1.7817,-1.4259,-0.5304,0.1432,-0.2237
18.9424,-2.080450,-1.607948,1.734242,-1.748099,-1.638996,2.586750,-0.157511,0.004364,0.025093,-0.002840,0.004976,-0.133800,-0.7205,-1.6910,-1.4551,-0.5213,0.1471,-0.2163
18.9524,-2.081926,-1.607900,1.734497,-1.748148,-1.638973,2.585360,-0.143230,0.005484,0.021644,-0.002061,0.004535,-0.136099,-0.9152,-1.7010,-1.4369,-0.5313,0.1351,-0.2320
18.9624,-2.083330,-1.607837,1.734689,-1.748157,-1.638952,2.583957,-0.135345,0.006728,0.019165,-0.002360,0.002472,-0.144061,-0.8291,-1.5808,-1.5176,-0.5280,0.1254,-0.2459
18.9724,-2.084640,-1.607757,1.734838,-1.748172,-1.638913,2.582469,-0.130052,0.008637,0.016879,-0.001725,0.001414,-0.147993,-0.9504,-1.6017,-1.4321,-0.5266,0.1092,-0.2313
18.9826,-2.085927,-1.607670,1.734990,-1.748178,-1.638890,2.580941,-0.128450,0.009198,0.014522,-0.001953,0.001033,-0.152978,-0.9328,-1.4755,-1.3942,-0.5236,0.1047,-0.2104
18.9923,-2.087211,-1.607597,1.735153,-1.748190,-1.638889,2.579412,-0.127353,0.008597,0.013913,-0.001429,0.000586,-0.153445,-1.0769,-1.4553,-1.4396,-0.5140,0.1037,-0.1933
19.0024,-2.088539,-1.607522,1.735266,-1.748210,-1.638897,2.577895,-0.133280,0.008225,0.012284,-0.002051,0.000421,-0.150363,-0.9759,-1.3954,-1.4644,-0.4843,0.0978,-0.2167
19.0124,-2.089859,-1.607446,1.735362,-1.748241,-1.638889,2.576334,-0.131705,0.007766,0.011432,-0.001223,0.000316,-0.152011,-1.0453,-1.4931,-1.3271,-0.5165,0.0851,-0.2036
19.0224,-2.091243,-1.607359,1.735532,-1.748253,-1.638885,2.574837,-0.136272,0.008025,0.011398,-0.001135,0.000252,-0.145101,-1.5851,-1.4276,-1.4294,-0.5255,0.0575,-0.2259
19.0322,-2.092676,-1.607255,1.735617,-1.748260,-1.638880,2.573376,-0.152623,0.008237,0.011271,-0.000919,0.000069,-0.143420,-1.3540,-1.3949,-1.4019,-0.5408,0.0049,-0.1975
19.0423,-2.094307,-1.607227,1.735725,-1.748245,-1.638854,2.571956,-0.164195,0.005768,0.010582,-0.001055,0.000030,-0.136739,-1.5768,-1.3515,-1.3227,-0.5268,-0.0435,-0.1947
19.0524,-2.096042,-1.607164,1.735833,-1.748258,-1.638880,2.570671,-0.175734,0.005151,0.010957,-0.000966,0.000000,-0.130769,-1.7116,-1.2600,-1.2663,-0.5265,-0.0856,-0.2040
19.0624,-2.097929,-1.607123,1.735973,-1.748296,-1.638901,2.569395,-0.196334,0.005578,0.011628,-0.000917,-0.001809,-0.124569,-1.7331,-1.4136,-1.3150,-0.4983,-0.1175,-0.1887
19.0724,-2.100040,-1.607051,1.736073,-1.748320,-1.638901,2.568179,-0.225954,0.006790,0.014560,-0.000611,-0.003684,-0.115667,-1.8906,-1.3410,-1.2869,-0.5054,-0.1247,-0.2023
19.0825,-2.102364,-1.607015,1.736222,-1.748300,-1.638943,2.567098,-0.249124,0.005019,0.017107,-0.000367,-0.002014,-0.110363,-2.3072,-1.0484,-1.2026,-0.5023,-0.1812,-0.2094
19.0923,-2.104995,-1.606908,1.736448,-1.748296,-1.638976,2.566032,-0.275557,0.007487,0.021975,-0.000415,-0.003772,-0.102675,-1.9584,-1.1887,-1.1511,-0.5025,-0.1421,-0.1816
19.1024,-2.107812,-1.606887,1.736680,-1.748300,-1.638985,2.565062,-0.297855,0.008126,0.026683,-0.000553,-0.004312,-0.096470,-2.0523,-1.1164,-1.0522,-0.5057,-0.1442,-0.1506
19.1124,-2.110898,-1.606772,1.736992,-1.748309,-1.639024,2.564177,-0.318732,0.008462,0.032363,-0.001866,-0.003165,-0.088698,-1.9574,-1.2510,-0.9237,-0.5148,-0.1489,-0.2046
19.1224,-2.114173,-1.606661,1.737371,-1.748367,-1.639041,2.563337,-0.335182,0.008981,0.041941,-0.002859,-0.003566,-0.085778,-2.2256,-1.1450,-0.7635,-0.5110,-0.1360,-0.1828
19.1321,-2.117693,-1.606600,1.737875,-1.748387,-1.639041,2.562563,-0.355619,0.009920,0.056905,-0.003646,-0.002353,-0.076839,-1.8744,-1.1731,-0.9256,-0.5179,-0.1447,-0.1794
19.1423,-2.121393,-1.606494,1.738499,-1.748408,-1.639067,2.561865,-0.367967,0.007907,0.067201,-0.005338,-0.002592,-0.069846,-1.7563,-1.1184,-0.7448,-0.5003,-0.1241,-0.1612
19.1523,-2.125186,-1.606401,1.739257,-1.748483,-1.639116,2.561226,-0.375994,0.008930,0.083236,-0.005146,-0.001156,-0.063286,-1.6050,-1.1699,-0.7680,-0.4987,-0.1087,-0.1957
19.1622,-2.129025,-1.606302,1.740196,-1.748544,-1.639140,2.560582,-0.377627,0.008847,0.097126,-0.005162,-0.000557,-0.061781,-1.5861,-1.3093,-0.8259,-0.5041,-0.0921,-0.1714
19.1724,-2.132845,-1.606198,1.741263,-1.748545,-1.639140,2.559989,-0.382366,0.010736,0.114267,-0.004365,-0.000367,-0.062520,-1.4286,-1.3166,-0.7005,-0.5087,-0.0569,-0.1689
19.1824,-2.136582,-1.606071,1.742502,-1.748651,-1.639125,2.559365,-0.378954,0.008911,0.131471,-0.006012,-0.000229,-0.062732,-1.3115,-1.1477,-0.7516,-0.4903,0.0021,-0.1983
19.1922,-2.140274,-1.606011,1.743909,-1.748668,-1.639137,2.558710,-0.370980,0.009874,0.145748,-0.006074,0.000161,-0.066475,-1.1624,-1.3113,-0.7675,-0.5202,0.0457,-0.1692
19.2023,-2.143843,-1.605919,1.745437,-1.748724,-1.639116,2.558072,-0.357448,0.010065,0.159044,-0.007307,0.002282,-0.065822,-1.0597,-1.2996,-0.9232,-0.5039,0.0971,-0.2138
19.2124,-2.147332,-1.605835,1.747066,-1.748842,-1.639104,2.557381,-0.340714,0.009565,0.168699,-0.008153,0.003854,-0.069424,-0.9868,-1.2575,-0.7871,-0.4894,0.1018,-0.2029
19.2224,-2.150654,-1.605728,1.748781,-1.748901,-1.639056,2.556633,-0.319104,0.008998,0.174879,-0.006916,0.004487,-0.074947,-0.9712,-1.2468,-0.6246,-0.5038,0.1142,-0.1973
19.2323,-2.153838,-1.605624,1.750632,-1.748907,-1.639039,2.555877,-0.298257,0.010686,0.183140,-0.008673,0.006046,-0.075287,-0.7376,-1.3307,-0.6098,-0.4849,0.1177,-0.1849
19.2423,-2.156757,-1.605489,1.752527,-1.748991,-1.639000,2.555078,-0.275486,0.010883,0.189879,-0.006632,0.006360,-0.076482,-0.6901,-1.3043,-0.7787,-0.4856,0.1387,-0.1914
19.2524,-2.159390,-1.605405,1.754474,-1.749055,-1.638942,2.554311,-0.246062,0.012186,0.195936,-0.006496,0.005655,-0.077488,-0.6644,-1.3748,-0.9658,-0.5095,0.1574,-0.2291
19.2625,-2.161691,-1.605273,1.756437,-1.749130,-1.638897,2.553496,-0.221163,0.012692,0.199580,-0.006771,0.007129,-0.080346,-0.6659,-1.4214,-0.9515,-0.5146,0.1497,-0.2232
19.2725,-2.163693,-1.605137,1.758515,-1.749174,-1.638838,2.552671,-0.195871,0.013505,0.207848,-0.005992,0.006382,-0.083122,-0.5999,-1.3550,-0.7739,-0.4975,0.1661,-0.1793
19.2824,-2.165527,-1.605018,1.760654,-1.749246,-1.638778,2.551828,-0.171876,0.011996,0.215476,-0.008465,0.006376,-0.084227,-0.6871,-1.2193,-0.6425,-0.5100,0.1685,-0.2121
19.2923,-2.167074,-1.604860,1.762849,-1.749376,-1.638694,2.550948,-0.148765,0.012485,0.223215,-0.013648,0.007029,-0.081307,-0.7072,-1.3185,-0.6085,-0.5073,0.1611,-0.2298
19.3024,-2.168425,-1.604759,1.765096,-1.749540,-1.638615,2.550197,-0.129309,0.012417,0.232728,-0.016183,0.006164,-0.081360,-0.6771,-1.2145,-0.7549,-0.4765,0.1748,-0.2292
19.3126,-2.169591,-1.604659,1.767498,-1.749677,-1.638581,2.549326,-0.111202,0.012695,0.239502,-0.018288,0.006406,-0.080589,-0.5545,-1.2338,-0.7387,-0.5110,0.1433,-0.1995
19.3224,-2.170588,-1.604523,1.769940,-1.749868,-1.638568,2.548527,-0.092563,0.013534,0.247948,-0.022411,0.005892,-0.078349,-0.6008,-1.1588,-0.5329,-0.5450,0.1564,-0.1505
19.3324,-2.171410,-1.604384,1.772482,-1.750229,-1.638463,2.547755,-0.076754,0.014109,0.257945,-0.037370,0.005021,-0.071104,-0.4776,-1.1942,-0.7253,-0.5233,0.1490,-0.1891
19.3424,-2.172076,-1.604249,1.775117,-1.750637,-1.638464,2.547086,-0.062928,0.014011,0.265097,-0.047387,0.004416,-0.066118,-0.5354,-1.2082,-0.6883,-0.5664,0.1427,-0.1754
19.3524,-2.172629,-1.604105,1.777785,-1.751215,-1.638413,2.546494,-0.051917,0.014209,0.274800,-0.062441,0.004151,-0.059382,-0.5093,-1.2103,-0.8757,-0.5905,0.1610,-0.1875
19.3623,-2.173034,-1.603949,1.780618,-1.751987,-1.638350,2.545892,-0.039789,0.015148,0.281068,-0.082353,0.004345,-0.055643,-0.4863,-1.3002,-0.7050,-0.5607,0.1512,-0.1637
19.3724,-2.173395,-1.603809,1.783521,-1.752991,-1.638315,2.545404,-0.030593,0.014580,0.299789,-0.112531,0.003044,-0.048486,-0.4531,-1.2105,-0.6853,-0.5933,0.1384,-0.1557
19.3823,-2.173600,-1.603662,1.786580,-1.754299,-1.638275,2.544986,-0.020706,0.013399,0.313423,-0.142225,0.002770,-0.041490,-0.4889,-1.1740,-0.3991,-0.5986,0.1321,-0.1534
19.3924,-2.173780,-1.603539,1.789806,-1.756037,-1.638258,2.544567,-0.014309,0.011897,0.327421,-0.176883,0.002403,-0.034489,-0.4209,-1.2373,-0.4535,-0.6207,0.1544,-0.1701
19.4024,-2.173849,-1.603432,1.793159,-1.757959,-1.638243,2.544278,-0.004459,0.010739,0.338371,-0.209159,0.001420,-0.026818,-0.2516,-1.2876,-0.4853,-0.6371,0.1408,-0.1562
19.4123,-2.173846,-1.603328,1.796635,-1.760295,-1.638243,2.543988,0.003197,0.009862,0.352487,-0.242768,0.000936,-0.022067,0.0718,-1.3596,-0.7753,-0.6761,0.1412,-0.1852
19.4223,-2.173774,-1.603239,1.800165,-1.762940,-1.638203,2.543852,0.006912,0.006919,0.358393,-0.269254,0.000697,-0.016501,0.1834,-1.3265,-0.2993,-0.6485,0.1133,-0.1698
19.4324,-2.173714,-1.603172,1.803824,-1.765874,-1.638200,2.543709,0.010924,0.005395,0.371659,-0.302771,0.000614,-0.011837,0.5205,-1.4677,-0.5290,-0.6447,0.1098,-0.1465
19.4423,-2.173562,-1.603171,1.807577,-1.768976,-1.638203,2.543636,0.014591,0.001802,0.379051,-0.327321,0.000365,-0.004524,0.6032,-1.3526,-0.6308,-0.6258,0.0674,-0.1295
19.4523,-2.173394,-1.603156,1.811481,-1.772293,-1.638215,2.543631,0.015134,0.001051,0.381438,-0.344684,0.000208,-0.001047,0.5426,-1.4614,-0.7408,-0.6104,0.0352,-0.0876
19.4624,-2.173278,-1.603140,1.815275,-1.775877,-1.638207,2.543628,0.015580,0.000825,0.387784,-0.362801,0.000121,-0.000001,0.6527,-1.4514,-0.7379,-0.6260,-0.0078,-0.0048
19.4724,-2.173125,-1.603140,1.819249,-1.779716,-1.638234,2.543667,0.016265,0.001351,0.410516,-0.390923,-0.000174,0.004412,0.6833,-1.3455,-0.3237,-0.6309,-0.0363,0.0370
19.4824,-2.172981,-1.603160,1.823433,-1.783812,-1.638215,2.543709,0.015652,-0.001581,0.429224,-0.419386,-0.001206,0.009052,0.6799,-1.4158,0.0709,-0.6120,-0.0504,0.0656
19.4926,-2.172813,-1.603192,1.827861,-1.788210,-1.638243,2.543808,0.015538,0.000003,0.450805,-0.444318,-0.001488,0.013100,0.6974,-1.5857,-0.2412,-0.6844,-0.0747,0.0745
19.5025,-2.172637,-1.603176,1.832445,-1.792836,-1.638277,2.543900,0.015953,-0.000222,0.467105,-0.465025,-0.001269,0.013307,0.7410,-1.7556,-0.3700,-0.6549,-0.0939,0.0929
19.5127,-2.172496,-1.603160,1.837209,-1.797538,-1.638232,2.543998,0.015727,-0.002046,0.474854,-0.476088,-0.001547,0.016546,0.7454,-1.8692,-0.4193,-0.6111,-0.1100,0.0975
19.5230,-2.172353,-1.603203,1.841984,-1.802234,-1.638244,2.544116,0.014998,-0.002112,0.480915,-0.478439,-0.002775,0.019657,0.8239,-1.9260,-0.1728,-0.6753,-0.0911,0.1136
19.5322,-2.172193,-1.603169,1.846855,-1.807085,-1.638278,2.544236,0.014836,-0.001177,0.490715,-0.484700,-0.001154,0.022561,0.6841,-2.1115,-0.6587,-0.5883,-0.1186,0.1323
19.5423,-2.172080,-1.603220,1.851771,-1.811878,-1.638305,2.544435,0.013067,-0.003757,0.487460,-0.473041,-0.001834,0.025628,0.8090,-2.0618,-0.6782,-0.6072,-0.1048,0.1399
19.5524,-2.171951,-1.603287,1.856651,-1.816540,-1.638321,2.544672,0.013661,-0.004678,0.483305,-0.465281,-0.000903,0.028244,0.7327,-2.2139,-0.7106,-0.5932,-0.1077,0.1532
19.5624,-2.171807,-1.603315,1.861457,-1.821160,-1.638299,2.544951,0.013407,-0.003979,0.476441,-0.452448,-0.000629,0.029277,0.6533,-2.2414,-0.8758,-0.5558,-0.1180,0.1671
19.5723,-2.171702,-1.603343,1.866165,-1.825589,-1.638299,2.545243,0.011839,-0.004491,0.474156,-0.432445,-0.000416,0.032082,0.7235,-2.3165,-0.7455,-0.6451,-0.1179,0.1828
19.5824,-2.171587,-1.603391,1.870895,-1.829804,-1.638326,2.545575,0.011023,-0.005879,0.468948,-0.417080,-0.000335,0.035269,0.7709,-2.1909,-0.6247,-0.6623,-0.1023,0.1650
19.5927,-2.171448,-1.603446,1.875579,-1.833872,-1.638302,2.545955,0.011246,-0.005683,0.460198,-0.405261,-0.000257,0.039196,0.6802,-2.3929,-0.8544,-0.6243,-0.0866,0.1754
19.6024,-2.171359,-1.603487,1.880085,-1.837799,-1.638364,2.546301,0.011185,-0.005057,0.451625,-0.392230,-0.000207,0.044150,0.6886,-2.4022,-1.1329,-0.5611,-0.0735,0.1795
19.6122,-2.171238,-1.603538,1.884522,-1.841637,-1.638309,2.546750,0.011104,-0.006402,0.435818,-0.374048,-0.000174,0.044565,0.7285,-2.5397,-1.1299,-0.5319,-0.0445,0.1954
19.6225,-2.171139,-1.603594,1.888788,-1.845208,-1.638302,2.547191,0.010650,-0.007147,0.418163,-0.349096,-0.000150,0.047010,0.7374,-2.4365,-0.9101,-0.5834,-0.0361,0.2100
19.6324,-2.171058,-1.603670,1.892882,-1.848647,-1.638302,2.547692,0.009526,-0.006749,0.404756,-0.335066,-0.000110,0.050956,0.7610,-2.4857,-1.0465,-0.5496,-0.0143,0.1933
19.6424,-2.170958,-1.603734,1.896820,-1.851878,-1.638318,2.548192,0.009180,-0.007743,0.388651,-0.311546,0.000036,0.053369,0.6915,-2.4034,-1.1913,-0.5638,0.0333,0.1936
19.6524,-2.170877,-1.603809,1.900606,-1.854867,-1.638318,2.548752,0.008673,-0.007541,0.368951,-0.290009,0.001132,0.055401,0.7075,-2.3406,-1.0844,-0.5505,0.0486,0.1782
19.6624,-2.170798,-1.603885,1.904220,-1.857718,-1.638278,2.549315,0.008379,-0.006644,0.352924,-0.276095,0.001014,0.054574,0.6541,-2.4759,-1.1973,-0.5116,0.0707,0.1768
19.6725,-2.170725,-1.603929,1.907662,-1.860328,-1.638294,2.549899,0.006378,-0.006212,0.337316,-0.258546,0.001331,0.055161,0.7923,-2.3442,-1.2144,-0.5293,0.0920,0.1790
19.6822,-2.170649,-1.603984,1.910919,-1.862767,-1.638243,2.550414,0.006714,-0.005998,0.317819,-0.242645,0.001745,0.056715,0.7141,-2.3597,-1.1677,-0.5594,0.1018,0.1842
19.6923,-2.170609,-1.604025,1.914020,-1.865078,-1.638227,2.550989,0.006666,-0.005370,0.298854,-0.228670,0.002180,0.055220,0.7014,-2.3725,-1.2690,-0.4959,0.1105,0.1735
19.7023,-2.170529,-1.604080,1.916893,-1.867189,-1.638203,2.551545,0.006485,-0.004110,0.279026,-0.206471,0.002211,0.053931,0.6402,-2.4575,-1.3548,-0.5443,0.1199,0.1750
19.7123,-2.170469,-1.604100,1.919566,-1.869171,-1.638194,2.552078,0.005857,-0.003486,0.257502,-0.189031,0.002190,0.051080,0.6799,-2.4839,-1.5595,-0.5505,0.1357,0.1759
19.7226,-2.170433,-1.604136,1.921940,-1.870979,-1.638182,2.552629,0.005453,-0.003274,0.232037,-0.174086,0.002819,0.047809,0.6098,-2.5071,-1.4558,-0.5334,0.1273,0.1924
19.7322,-2.170424,-1.604172,1.924122,-1.872655,-1.638128,2.553090,0.004753,-0.003309,0.209593,-0.159426,0.002465,0.046196,0.7729,-2.3870,-1.4014,-0.4999,0.1497,0.1644
19.7425,-2.170309,-1.604196,1.926096,-1.874163,-1.638116,2.553546,0.004356,-0.002743,0.188623,-0.142822,0.002759,0.043150,0.6884,-2.4400,-1.4211,-0.5447,0.1369,0.1529
19.7524,-2.170277,-1.604216,1.927851,-1.875538,-1.638106,2.553982,0.004936,-0.002578,0.171228,-0.133457,0.002862,0.039774,0.6700,-2.3787,-1.6193,-0.5441,0.1216,0.1761
19.7624,-2.170229,-1.604252,1.929464,-1.876866,-1.638087,2.554351,0.004620,-0.002452,0.150950,-0.127569,0.002393,0.035328,0.6541,-2.4340,-1.4214,-0.5718,0.1303,0.1710
19.7723,-2.170208,-1.604268,1.930856,-1.878166,-1.638059,2.554711,0.004573,-0.002827,0.136671,-0.129765,0.001993,0.032696,0.6508,-2.3931,-1.4245,-0.5290,0.1294,0.1579
19.7823,-2.170156,-1.604304,1.932091,-1.879474,-1.638048,2.555048,0.004506,-0.002467,0.120705,-0.130633,0.002049,0.030469,0.6248,-2.3359,-1.3624,-0.5610,0.1318,0.1552
19.7924,-2.170140,-1.604316,1.933288,-1.880801,-1.638005,2.555293,0.003951,-0.002266,0.106715,-0.133848,0.001598,0.027635,0.7241,-2.4061,-1.4921,-0.5749,0.1355,0.1727
19.8023,-2.170089,-1.604336,1.934303,-1.882173,-1.638030,2.555581,0.004024,-0.002035,0.096212,-0.140170,0.001866,0.024783,0.6726,-2.3387,-1.4478,-0.5403,0.1267,0.1715
19.8122,-2.170052,-1.604352,1.935171,-1.883647,-1.638022,2.555805,0.004162,-0.002023,0.083896,-0.142125,0.001174,0.023199,0.6517,-2.3578,-1.4838,-0.5930,0.1306,0.1594
19.8222,-2.170012,-1.604376,1.935974,-1.885094,-1.637995,2.556033,0.003973,-0.002021,0.072500,-0.151150,0.001137,0.020641,0.7067,-2.3339,-1.3393,-0.5663,0.1293,0.1695
19.8321,-2.169992,-1.604384,1.936621,-1.886673,-1.638003,2.556275,0.003704,-0.001280,0.062409,-0.155719,0.000695,0.019108,0.6863,-2.3244,-1.4408,-0.5768,0.1281,0.1691
19.8422,-2.169944,-1.604408,1.937190,-1.888245,-1.637998,2.556448,0.003491,-0.000550,0.052947,-0.157695,0.000769,0.017497,0.7206,-2.2518,-1.3873,-0.5775,0.1416,0.1745
19.8522,-2.169912,-1.604384,1.937638,-1.889840,-1.637986,2.556616,0.003436,-0.000273,0.044537,-0.161460,0.000692,0.016637,0.6850,-2.1948,-1.4662,-0.5702,0.1343,0.1610
19.8622,-2.169876,-1.604384,1.938030,-1.891490,-1.637964,2.556745,0.003485,0.000266,0.035927,-0.168926,0.000525,0.014549,0.6759,-2.0630,-1.3687,-0.5726,0.1370,0.1713
19.8722,-2.169836,-1.604356,1.938365,-1.893249,-1.637998,2.556889,0.003117,0.001607,0.029529,-0.178684,0.000471,0.013078,0.7107,-1.9411,-1.3804,-0.5572,0.1399,0.1442
19.8826,-2.169796,-1.604344,1.938629,-1.895024,-1.637983,2.557018,0.003386,0.001989,0.022375,-0.185822,0.000520,0.010647,0.6631,-1.6967,-1.3888,-0.5839,0.1403,0.1511
19.8923,-2.169788,-1.604321,1.938818,-1.896908,-1.637967,2.557132,0.003402,0.004413,0.017376,-0.191712,0.000682,0.008828,0.6889,-1.5764,-1.3943,-0.5462,0.1353,0.1404
19.9022,-2.169756,-1.604257,1.938918,-1.898803,-1.637971,2.557168,0.003227,0.007391,0.011880,-0.196597,0.000525,0.004461,0.6074,-1.4389,-1.5150,-0.5573,0.1406,0.1689
19.9124,-2.169716,-1.604196,1.939033,-1.900764,-1.637971,2.557186,0.003128,0.010399,0.004003,-0.193868,0.000485,0.002707,0.6896,-1.3066,-1.6382,-0.5673,0.1191,0.1443
19.9222,-2.169711,-1.604104,1.939009,-1.902695,-1.637955,2.557209,0.002939,0.011663,-0.002127,-0.195389,0.000446,0.001843,0.6533,-1.2685,-1.8144,-0.5466,0.1214,0.1399
19.9323,-2.169664,-1.603930,1.938973,-1.904646,-1.637971,2.557225,0.002899,0.015601,-0.006769,-0.189927,0.000408,0.001031,0.6563,-1.0471,-1.9767,-0.5164,0.1318,0.1468
19.9427,-2.169652,-1.603739,1.938875,-1.906550,-1.637967,2.557249,0.002799,0.019995,-0.008134,-0.184172,0.000319,0.000896,0.7012,-1.1326,-2.3028,-0.4828,0.1165,0.1374
19.9525,-2.169620,-1.603539,1.938783,-1.908279,-1.637943,2.557240,0.001832,0.023142,-0.012573,-0.171192,0.000329,0.000602,0.5510,-1.0640,-2.4041,-0.5292,0.1303,0.1179
19.9623,-2.169620,-1.603304,1.938675,-1.909977,-1.637939,2.557233,0.000488,0.025654,-0.013243,-0.165188,0.000434,0.000425,0.5417,-1.0303,-2.5388,-0.4973,0.1374,0.1048
19.9724,-2.169620,-1.603001,1.938569,-1.911587,-1.637931,2.557249,0.000218,0.030609,-0.013915,-0.155441,0.000388,0.000198,0.4651,-0.9582,-2.4867,-0.5333,0.1322,0.0336
19.9824,-2.169620,-1.602652,1.938399,-1.913110,-1.637939,2.557228,-0.000056,0.034385,-0.014190,-0.149321,0.000367,0.000000,0.3311,-0.8748,-2.4581,-0.5111,0.1241,-0.0164
19.9923,-2.169644,-1.602316,1.938287,-1.914565,-1.637954,2.557194,-0.000877,0.037955,-0.013605,-0.138606,0.000313,-0.001996,0.2723,-0.9189,-2.5091,-0.5078,0.1273,-0.0537
20.0024,-2.169648,-1.601933,1.938124,-1.915895,-1.637955,2.557193,-0.000945,0.041663,-0.013571,-0.132819,0.000274,-0.005353,0.0407,-0.8841,-2.5364,-0.4925,0.1417,-0.0559
20.0123,-2.169652,-1.601495,1.938023,-1.917185,-1.637915,2.557107,-0.002395,0.044276,-0.012338,-0.121765,0.000248,-0.006989,-0.0449,-0.8704,-2.5231,-0.5251,0.1265,-0.0968
20.0224,-2.169692,-1.601063,1.937911,-1.918370,-1.637962,2.557023,-0.003543,0.047362,-0.011172,-0.117597,0.000224,-0.008033,-0.2209,-0.9050,-2.5821,-0.5071,0.1406,-0.0954
20.0324,-2.169712,-1.600535,1.937800,-1.919549,-1.637947,2.556938,-0.005454,0.050168,-0.010398,-0.113763,0.000175,-0.008645,-0.2815,-0.9311,-2.5851,-0.4880,0.1409,-0.0796
20.0424,-2.169788,-1.600067,1.937688,-1.920626,-1.637947,2.556897,-0.007346,0.051685,-0.009436,-0.107499,0.000176,-0.009783,-0.3702,-0.9976,-2.6567,-0.4756,0.1424,-0.0864
20.0525,-2.169872,-1.599537,1.937592,-1.921693,-1.637931,2.556810,-0.009146,0.053421,-0.008725,-0.102252,0.000176,-0.009469,-0.4720,-1.0101,-2.6083,-0.5096,0.1250,-0.1113
20.0625,-2.169976,-1.598995,1.937552,-1.922642,-1.637943,2.556757,-0.010850,0.053454,-0.006669,-0.100243,0.000155,-0.010207,-0.5613,-0.8320,-2.5722,-0.4983,0.1182,-0.1103
20.0725,-2.170096,-1.598464,1.937527,-1.923641,-1.637950,2.556669,-0.012638,0.056991,-0.004378,-0.099285,0.000138,-0.010496,-0.4679,-1.0374,-2.5397,-0.4759,0.0967,-0.1257
20.0824,-2.170212,-1.597894,1.937449,-1.924609,-1.637912,2.556612,-0.013276,0.056059,-0.002655,-0.097215,0.000124,-0.010262,-0.6675,-0.8954,-2.4995,-0.5337,0.0830,-0.1203
20.0923,-2.170368,-1.597336,1.937447,-1.925608,-1.637912,2.556577,-0.015103,0.059049,-0.000799,-0.097935,0.000054,-0.011566,-0.5842,-1.1995,-2.4311,-0.4905,0.0134,-0.1124
20.1023,-2.170493,-1.596759,1.937456,-1.926556,-1.637935,2.556446,-0.015803,0.054737,0.000164,-0.099068,0.000000,-0.011355,-0.6393,-0.9520,-2.3441,-0.4928,-0.0235,-0.1234
20.1124,-2.170657,-1.596227,1.937476,-1.927528,-1.637927,2.556390,-0.016443,0.055503,0.001074,-0.098111,-0.001921,-0.010941,-0.7273,-1.0846,-2.1464,-0.5033,-0.0527,-0.1298
20.1224,-2.170825,-1.595677,1.937496,-1.928505,-1.637955,2.556309,-0.018419,0.053923,0.002772,-0.097475,-0.002808,-0.009808,-0.6688,-1.1396,-1.9765,-0.5323,-0.0955,-0.1418
20.1322,-2.171036,-1.595166,1.937547,-1.929526,-1.637988,2.556222,-0.019816,0.050635,0.004200,-0.101237,-0.004227,-0.008741,-0.7219,-1.1072,-1.8682,-0.5395,-0.1177,-0.1393
20.1425,-2.171256,-1.594653,1.937602,-1.930558,-1.638020,2.556153,-0.020677,0.049851,0.005691,-0.104047,-0.006559,-0.008772,-0.6704,-1.0934,-1.7271,-0.5044,-0.1208,-0.1288
20.1522,-2.171425,-1.594190,1.937627,-1.931599,-1.638130,2.556072,-0.022708,0.046218,0.008288,-0.104539,-0.007744,-0.007497,-0.6025,-1.2574,-1.6418,-0.5354,-0.1272,-0.1327
20.1623,-2.171630,-1.593770,1.937699,-1.932669,-1.638174,2.556017,-0.023126,0.044076,0.009817,-0.106590,-0.006989,-0.007060,-0.7071,-1.2551,-1.5530,-0.5316,-0.1492,-0.1355
20.1723,-2.171886,-1.593325,1.937842,-1.933755,-1.638203,2.555925,-0.023779,0.041236,0.012968,-0.112821,-0.007548,-0.007919,-0.6951,-1.3424,-1.4816,-0.5297,-0.1446,-0.1136
20.1823,-2.172098,-1.592978,1.937958,-1.934893,-1.638294,2.555869,-0.024525,0.037797,0.013397,-0.111892,-0.007154,-0.007632,-0.6677,-1.2503,-1.3904,-0.5261,-0.1585,-0.1253
20.1926,-2.172366,-1.592576,1.938099,-1.936008,-1.638366,2.555793,-0.024869,0.035345,0.014470,-0.113775,-0.008307,-0.006779,-0.7559,-1.2755,-1.3260,-0.5593,-0.1496,-0.1251
20.2028,-2.172591,-1.592291,1.938218,-1.937165,-1.638426,2.555738,-0.026235,0.033158,0.014926,-0.114736,-0.007627,-0.006521,-0.5237,-1.2631,-1.2762,-0.5260,-0.1859,-0.1061
20.2126,-2.172863,-1.591957,1.938398,-1.938274,-1.638470,2.555654,-0.024956,0.030225,0.015866,-0.110782,-0.008217,-0.004597,-0.6264,-1.3064,-1.2429,-0.5229,-0.1751,-0.1343
20.2223,-2.173115,-1.591674,1.938557,-1.939397,-1.638538,2.555646,-0.024214,0.027950,0.017424,-0.109067,-0.008024,-0.003598,-0.6919,-1.2530,-1.1752,-0.5113,-0.1591,-0.1390
20.2324,-2.173327,-1.591395,1.938765,-1.940469,-1.638554,2.555632,-0.024596,0.025655,0.019001,-0.106311,-0.007028,-0.003909,-0.6337,-1.2933,-1.1553,-0.4906,-0.1816,-0.1489
20.2428,-2.173553,-1.591148,1.938953,-1.941540,-1.638680,2.555558,-0.023455,0.023613,0.021347,-0.102300,-0.006700,-0.004048,-0.7846,-1.3571,-1.1533,-0.5031,-0.1872,-0.1304
20.2523,-2.173781,-1.590916,1.939180,-1.942536,-1.638737,2.555569,-0.023597,0.022566,0.025949,-0.095776,-0.005543,-0.002762,-0.7886,-1.2205,-1.1087,-0.5365,-0.1988,-0.1369
20.2627,-2.174036,-1.590650,1.939448,-1.943520,-1.638769,2.555567,-0.025707,0.030346,0.029580,-0.096216,-0.005437,-0.003073,-0.7820,-1.0368,-1.0640,-0.4877,-0.1879,-0.1231
20.2723,-2.174313,-1.590291,1.939779,-1.944468,-1.638813,2.555490,-0.030641,0.051104,0.035036,-0.091352,-0.006068,-0.001764,-0.9887,-0.3984,-0.8739,-0.4607,-0.2027,-0.1214
20.2823,-2.174632,-1.589725,1.940138,-1.945388,-1.638884,2.555527,-0.033014,0.070588,0.039094,-0.088984,-0.004685,-0.000908,-1.1286,0.2740,-0.7494,-0.4422,-0.2073,-0.1146
20.2923,-2.174965,-1.588869,1.940518,-1.946267,-1.638885,2.555474,-0.036092,0.099556,0.045095,-0.085946,-0.004779,-0.000589,-1.0563,0.0703,-0.8519,-0.4608,-0.1954,-0.1014
20.3025,-2.175341,-1.587710,1.941005,-1.947152,-1.638960,2.555508,-0.041951,0.130377,0.051283,-0.085233,-0.005996,-0.000403,-1.0587,0.5128,-0.8254,-0.4278,-0.1940,-0.0722
20.3122,-2.175778,-1.586176,1.941512,-1.947975,-1.639000,2.555493,-0.045392,0.164496,0.053372,-0.079524,-0.004942,-0.000103,-1.0730,0.2444,-0.8816,-0.4345,-0.1931,-0.0304
20.3224,-2.176251,-1.584331,1.942033,-1.948701,-1.639032,2.555485,-0.049675,0.193047,0.057192,-0.071267,-0.005145,-0.000000,-1.1569,0.6166,-0.7249,-0.4350,-0.1913,0.0058
20.3324,-2.176795,-1.582151,1.942667,-1.949387,-1.639071,2.555517,-0.055112,0.226152,0.059956,-0.066314,-0.004464,0.002370,-1.0006,0.1610,-0.8543,-0.4718,-0.1807,0.0274
20.3423,-2.177379,-1.579676,1.943309,-1.949980,-1.639092,2.555541,-0.059120,0.249980,0.061699,-0.061208,-0.003973,0.003163,-1.1543,0.1629,-0.9037,-0.4912,-0.1861,0.0700
20.3523,-2.178013,-1.577024,1.943929,-1.950574,-1.639124,2.555537,-0.064410,0.270910,0.062059,-0.055996,-0.003239,0.003080,-0.9644,-0.1352,-0.9429,-0.4980,-0.1844,0.0941
20.3623,-2.178716,-1.574145,1.944548,-1.951077,-1.639145,2.555620,-0.068404,0.287960,0.063126,-0.050002,-0.003100,0.006613,-0.9748,-0.3993,-1.1133,-0.4750,-0.1787,0.0710
20.3724,-2.179437,-1.571154,1.945168,-1.951525,-1.639181,2.555653,-0.073394,0.303575,0.064325,-0.041149,-0.003820,0.006828,-0.9888,-0.2957,-1.0474,-0.4754,-0.1661,0.0659
20.3829,-2.180203,-1.568096,1.945803,-1.951912,-1.639205,2.555626,-0.077194,0.311649,0.060088,-0.034215,-0.002351,0.006736,-1.0618,-0.3466,-0.9998,-0.4776,-0.1842,0.0856
20.3923,-2.181027,-1.564997,1.946427,-1.952184,-1.639212,2.555733,-0.080758,0.312726,0.060135,-0.028184,-0.002223,0.007575,-0.9002,-0.7020,-1.1751,-0.5302,-0.1843,0.0962
20.4023,-2.181869,-1.561903,1.947006,-1.952463,-1.639248,2.555750,-0.085327,0.313047,0.059696,-0.022617,-0.002183,0.008256,-0.9339,-0.9387,-1.2574,-0.5100,-0.1733,0.1252
20.4124,-2.182761,-1.558788,1.947620,-1.952640,-1.639275,2.555801,-0.087748,0.305977,0.056412,-0.018564,-0.002083,0.010625,-0.9590,-1.0859,-1.3003,-0.5409,-0.1748,0.1205
20.4224,-2.183662,-1.555724,1.948187,-1.952776,-1.639287,2.555874,-0.087274,0.298971,0.053111,-0.014088,-0.001954,0.011461,-1.0846,-1.1609,-1.2511,-0.5206,-0.1862,0.1054
20.4322,-2.184559,-1.552735,1.948667,-1.952869,-1.639295,2.555992,-0.090133,0.287718,0.048300,-0.009407,-0.001709,0.011877,-0.9825,-1.2941,-1.3065,-0.5130,-0.1694,0.1306
20.4424,-2.185472,-1.549882,1.949123,-1.952902,-1.639312,2.556041,-0.092146,0.275272,0.043814,-0.002888,-0.000828,0.012322,-0.9271,-1.4370,-1.3145,-0.5144,-0.1688,0.1258
20.4524,-2.186370,-1.547145,1.949539,-1.952902,-1.639319,2.556157,-0.089751,0.262415,0.038042,-0.001005,-0.000770,0.012045,-0.9096,-1.5556,-1.3335,-0.5122,-0.1604,0.1514
20.4623,-2.187300,-1.544561,1.949929,-1.952924,-1.639307,2.556293,-0.088938,0.249504,0.036440,-0.000592,-0.000633,0.012993,-0.8834,-1.5625,-1.4378,-0.4624,-0.1691,0.1319
20.4724,-2.188185,-1.542142,1.950234,-1.952905,-1.639327,2.556409,-0.089751,0.237491,0.030703,-0.000179,-0.000697,0.014009,-0.7392,-1.4423,-1.4045,-0.4015,-0.1641,0.1583
20.4824,-2.189050,-1.539899,1.950490,-1.952917,-1.639312,2.556525,-0.080833,0.224138,0.024316,-0.000006,-0.000685,0.015633,-0.8499,-1.2820,-1.3861,-0.3707,-0.1653,0.1543
20.4923,-2.189827,-1.537725,1.950725,-1.952905,-1.639351,2.556717,-0.076982,0.213142,0.019523,0.001810,-0.000605,0.018235,-0.9033,-1.3237,-1.4322,-0.3582,-0.1584,0.1694
20.5022,-2.190569,-1.535671,1.950889,-1.952893,-1.639375,2.556910,-0.072397,0.201943,0.014257,0.001572,-0.000471,0.022689,-0.8356,-1.2803,-1.4108,-0.3322,-0.1496,0.1812
20.5124,-2.191286,-1.533775,1.950993,-1.952857,-1.639351,2.557160,-0.068085,0.191096,0.009299,0.002678,-0.000371,0.025414,-0.8057,-1.3276,-1.5530,-0.3034,-0.1588,0.1858
20.5223,-2.191926,-1.531963,1.951045,-1.952802,-1.639358,2.557417,-0.063740,0.180185,0.001443,0.005177,-0.000324,0.028126,-0.7606,-1.2937,-1.6775,-0.2917,-0.1620,0.1980
20.5324,-2.192542,-1.530212,1.950981,-1.952797,-1.639336,2.557724,-0.057422,0.172582,-0.004187,0.003706,-0.000347,0.031861,-0.8549,-1.4980,-2.0477,-0.2449,-0.1743,0.1919
20.5422,-2.193092,-1.528597,1.950902,-1.952749,-1.639371,2.558076,-0.052889,0.161630,-0.009958,0.004627,-0.000395,0.034695,-0.7965,-1.4020,-2.2426,-0.2440,-0.1642,0.1978
20.5522,-2.193592,-1.527056,1.950798,-1.952695,-1.639371,2.558433,-0.049737,0.149465,-0.014441,0.004469,-0.000435,0.037180,-0.6947,-1.3784,-2.4753,-0.2506,-0.1690,0.1797
20.5623,-2.194058,-1.525635,1.950642,-1.952677,-1.639376,2.558805,-0.045309,0.138694,-0.017051,0.005222,-0.000374,0.039096,-0.7274,-1.5897,-2.4648,-0.2340,-0.1713,0.1880
20.5723,-2.194514,-1.524291,1.950475,-1.952644,-1.639367,2.559229,-0.042673,0.129441,-0.019283,0.005890,-0.000372,0.041278,-0.8211,-1.8044,-2.5835,-0.2043,-0.1684,0.1921
20.5822,-2.194914,-1.523081,1.950299,-1.952562,-1.639348,2.559649,-0.039615,0.115745,-0.020335,0.007453,-0.000583,0.042650,-0.8246,-1.7222,-2.6692,-0.2015,-0.1884,0.1879
20.5924,-2.195290,-1.521944,1.950032,-1.952482,-1.639372,2.560081,-0.036832,0.102504,-0.023016,0.008406,-0.000534,0.045765,-0.7397,-1.7770,-2.7561,-0.2191,-0.1777,0.2057
20.6023,-2.195620,-1.520959,1.949804,-1.952422,-1.639351,2.560580,-0.034670,0.091428,-0.026418,0.007869,-0.000434,0.046870,-0.8650,-1.8320,-2.8670,-0.2267,-0.1825,0.2094
20.6125,-2.195952,-1.520116,1.949540,-1.952350,-1.639360,2.561093,-0.032000,0.082800,-0.030262,0.006452,-0.000441,0.051428,-0.6887,-1.9125,-2.8238,-0.2119,-0.1560,0.2104
20.6229,-2.196269,-1.519354,1.949221,-1.952290,-1.639391,2.561638,-0.029903,0.069119,-0.034423,0.007911,-0.000495,0.056866,-0.7391,-1.8653,-2.7755,-0.1903,-0.1653,0.2484
20.6324,-2.196513,-1.518724,1.948858,-1.952225,-1.639376,2.562297,-0.027580,0.060891,-0.037364,0.008556,-0.000463,0.067299,-0.7461,-1.9432,-2.8359,-0.1971,-0.1639,0.2266
20.6423,-2.196781,-1.518169,1.948434,-1.952134,-1.639391,2.563029,-0.024324,0.047916,-0.039829,0.007998,-0.000541,0.074889,-0.7151,-1.7521,-2.8434,-0.1810,-0.1649,0.2437
20.6524,-2.197015,-1.517749,1.948066,-1.952063,-1.639372,2.563813,-0.022292,0.039216,-0.042940,0.007680,-0.000465,0.085418,-0.7049,-1.7324,-2.9841,-0.1682,-0.1681,0.2362
20.6624,-2.197241,-1.517402,1.947599,-1.951987,-1.639403,2.564718,-0.021095,0.031562,-0.045748,0.008084,-0.000409,0.094929,-0.6531,-1.7409,-2.9814,-0.1868,-0.1719,0.2300
20.6723,-2.197433,-1.517131,1.947129,-1.951897,-1.639403,2.565765,-0.018411,0.025020,-0.047297,0.007800,-0.000389,0.111208,-0.6513,-1.7798,-2.8700,-0.1769,-0.1712,0.2238
20.6824,-2.197595,-1.516931,1.946590,-1.951883,-1.639403,2.566914,-0.016175,0.019089,-0.050975,0.007058,-0.000310,0.127031,-0.6904,-1.8172,-2.8204,-0.1832,-0.1626,0.2381
20.6923,-2.197720,-1.516791,1.946086,-1.951799,-1.639419,2.568270,-0.015139,0.013163,-0.052082,0.007105,-0.000287,0.140011,-0.6159,-1.7868,-2.7397,-0.1651,-0.1735,0.2578
20.7028,-2.197871,-1.516690,1.945571,-1.951751,-1.639415,2.569714,-0.013409,0.008870,-0.052986,0.006860,-0.000199,0.156034,-0.7153,-1.7216,-2.7332,-0.1536,-0.1590,0.2652
20.7124,-2.197999,-1.516623,1.945074,-1.951707,-1.639419,2.571384,-0.012071,0.003027,-0.051620,0.006421,-0.000195,0.168358,-0.6787,-1.7772,-2.8861,-0.1510,-0.1658,0.2885
20.7225,-2.198095,-1.516627,1.944547,-1.951611,-1.639396,2.573109,-0.011549,0.000162,-0.052555,0.007197,-0.000191,0.184803,-0.5721,-2.0859,-2.7167,-0.1793,-0.1669,0.2992
20.7323,-2.198194,-1.516651,1.943988,-1.951602,-1.639412,2.575037,-0.007555,-0.003397,-0.049860,0.005467,-0.000167,0.197807,-0.5453,-2.1563,-2.7819,-0.1487,-0.1582,0.2573
20.7424,-2.198239,-1.516671,1.943488,-1.951512,-1.639442,2.577112,-0.005334,-0.004607,-0.049882,0.005616,-0.000169,0.209248,-0.5204,-2.3440,-2.7294,-0.1511,-0.1620,0.2592
20.7524,-2.198290,-1.516719,1.942993,-1.951510,-1.639388,2.579225,-0.003068,-0.005877,-0.048510,0.005263,-0.000151,0.215722,-0.6532,-2.2963,-2.6259,-0.1625,-0.1594,0.2629
20.7629,-2.198311,-1.516775,1.942542,-1.951443,-1.639434,2.581439,-0.002892,-0.006777,-0.046423,0.004074,-0.000131,0.223310,-0.5600,-2.3652,-2.6141,-0.1447,-0.1683,0.2385
20.7724,-2.198323,-1.516851,1.942071,-1.951398,-1.639393,2.583770,-0.003283,-0.006976,-0.044379,0.004129,-0.000137,0.230852,-0.6490,-2.4787,-2.7630,-0.1432,-0.1713,0.2554
20.7824,-2.198378,-1.516923,1.941624,-1.951340,-1.639434,2.586150,-0.003835,-0.007007,-0.042315,0.004288,-0.000142,0.235107,-0.7013,-2.4948,-2.6749,-0.1452,-0.1774,0.2710
20.7925,-2.198407,-1.516990,1.941227,-1.951327,-1.639434,2.588536,-0.004983,-0.007389,-0.040903,0.004256,-0.000146,0.238034,-0.7632,-2.5997,-2.7643,-0.1502,-0.1729,0.2527
20.8029,-2.198464,-1.517058,1.940859,-1.951275,-1.639419,2.590984,-0.007448,-0.008409,-0.038517,0.003700,-0.000217,0.238534,-0.8244,-2.5684,-2.8301,-0.1604,-0.1873,0.2599
20.8123,-2.198570,-1.517122,1.940484,-1.951270,-1.639431,2.593380,-0.010889,-0.009080,-0.037154,0.003533,-0.000207,0.240983,-0.6937,-2.5707,-2.7134,-0.1407,-0.1744,0.2537
20.8222,-2.198690,-1.517253,1.940094,-1.951243,-1.639427,2.595741,-0.012762,-0.009641,-0.037732,0.002428,-0.000197,0.236967,-0.8404,-2.6340,-2.6685,-0.1310,-0.1714,0.2505
20.8324,-2.198819,-1.517329,1.939722,-1.951192,-1.639415,2.598063,-0.013754,-0.010162,-0.034903,0.003693,-0.000184,0.236105,-0.8135,-2.5743,-2.7406,-0.1373,-0.1688,0.2198
20.8425,-2.198947,-1.517413,1.939433,-1.951152,-1.639415,2.600380,-0.015255,-0.010041,-0.034204,0.005010,-0.000201,0.228872,-0.7254,-2.5335,-2.6254,-0.1327,-0.1601,0.2342
20.8523,-2.199121,-1.517521,1.939113,-1.951089,-1.639392,2.602612,-0.015262,-0.009168,-0.032380,0.005381,-0.000183,0.222725,-0.7810,-2.6354,-2.6148,-0.1313,-0.1576,0.2411
20.8625,-2.199259,-1.517624,1.938767,-1.951048,-1.639446,2.604820,-0.015047,-0.008660,-0.031365,0.004982,-0.000182,0.216403,-0.7111,-2.6515,-2.5908,-0.1289,-0.1594,0.1980
20.8724,-2.199403,-1.517699,1.938436,-1.951000,-1.639411,2.606887,-0.015875,-0.008397,-0.029711,0.004968,-0.000159,0.209957,-0.7911,-2.5909,-2.6112,-0.1139,-0.1618,0.1985
20.8823,-2.199559,-1.517733,1.938175,-1.950943,-1.639443,2.608971,-0.015933,-0.007710,-0.028100,0.006091,-0.000151,0.202162,-0.7495,-2.6729,-2.5780,-0.1216,-0.1625,0.1918
20.8923,-2.199715,-1.517820,1.937908,-1.950880,-1.639451,2.610951,-0.016003,-0.007758,-0.026196,0.007613,-0.000145,0.193144,-0.7258,-2.6054,-2.5780,-0.1197,-0.1522,0.2069
20.9023,-2.199890,-1.517935,1.937644,-1.950781,-1.639393,2.612872,-0.015751,-0.007109,-0.024226,0.009579,-0.000132,0.185171,-0.7196,-2.5693,-2.6468,-0.1253,-0.1679,0.1903
20.9123,-2.200058,-1.517972,1.937447,-1.950676,-1.639427,2.614646,-0.015900,-0.005932,-0.022158,0.009758,-0.000121,0.173850,-0.6349,-2.5618,-2.6541,-0.1232,-0.1639,0.1909
20.9223,-2.200198,-1.518028,1.937216,-1.950577,-1.639424,2.616378,-0.015327,-0.005158,-0.020473,0.010991,-0.000111,0.161746,-0.6966,-2.6038,-2.6411,-0.1286,-0.1526,0.1709
20.9325,-2.200339,-1.518071,1.937032,-1.950472,-1.639442,2.617968,-0.014729,-0.004241,-0.019962,0.012430,-0.000103,0.153150,-0.6881,-2.6324,-2.6180,-0.1536,-0.1580,0.1852
20.9425,-2.200506,-1.518107,1.936829,-1.950330,-1.639427,2.619448,-0.013686,-0.003177,-0.018027,0.012395,-0.000086,0.143846,-0.7712,-2.8013,-2.6509,-0.1285,-0.1521,0.1703
20.9523,-2.200619,-1.518143,1.936640,-1.950203,-1.639439,2.620831,-0.012853,-0.003696,-0.017071,0.014284,-0.000075,0.132014,-0.6973,-2.5981,-2.5893,-0.1160,-0.1501,0.1558
20.9623,-2.200745,-1.518179,1.936508,-1.950050,-1.639411,2.622043,-0.011876,-0.004126,-0.013925,0.016198,-0.000069,0.121675,-0.6828,-2.5998,-2.5819,-0.1326,-0.1458,0.1589
20.9724,-2.200854,-1.518242,1.936401,-1.949899,-1.639439,2.623214,-0.011475,-0.005057,-0.012045,0.017040,-0.000064,0.109050,-0.6594,-2.7063,-2.6532,-0.1131,-0.1431,0.1408
20.9824,-2.200943,-1.518313,1.936269,-1.949711,-1.639439,2.624247,-0.010054,-0.004853,-0.009109,0.019146,-0.000060,0.098074,-0.5866,-2.7069,-2.5343,-0.1173,-0.1396,0.1743
20.9922,-2.201022,-1.518335,1.936213,-1.949531,-1.639424,2.625167,-0.007846,-0.005823,-0.004796,0.020108,-0.000056,0.087276,-0.5897,-2.7342,-2.4660,-0.0895,-0.1585,0.1834
21.0023,-2.201117,-1.518402,1.936208,-1.949300,-1.639424,2.625987,-0.006094,-0.006383,-0.001195,0.022392,-0.000053,0.079081,-0.6208,-2.7210,-2.3368,-0.1058,-0.1517,0.1803
21.0123,-2.201143,-1.518454,1.936205,-1.949076,-1.639451,2.626683,-0.004514,-0.006931,0.000043,0.024089,-0.000050,0.072274,-0.6344,-2.7410,-2.1504,-0.1086,-0.1292,0.1605
21.0223,-2.201210,-1.518514,1.936206,-1.948836,-1.639427,2.627361,-0.004185,-0.006982,0.002285,0.024212,-0.000000,0.060490,-0.6148,-2.7783,-1.8908,-0.1370,-0.1353,0.1802
21.0324,-2.201227,-1.518617,1.936256,-1.948611,-1.639427,2.627913,-0.003545,-0.006816,0.004942,0.023624,-0.000000,0.054834,-0.5419,-2.6964,-1.6505,-0.1030,-0.1224,0.1594
21.0424,-2.201251,-1.518673,1.936271,-1.948356,-1.639408,2.628428,-0.002382,-0.006903,0.007683,0.024274,-0.000000,0.047485,-0.5131,-2.6412,-1.4623,-0.0922,-0.0968,0.1620
21.0523,-2.201263,-1.518718,1.936427,-1.948088,-1.639439,2.628825,-0.001620,-0.006502,0.010751,0.025503,-0.000000,0.040593,-0.5675,-2.5994,-1.5067,-0.0929,-0.0553,0.1644
21.0624,-2.201259,-1.518793,1.936516,-1.947840,-1.639430,2.629184,-0.001232,-0.005226,0.013307,0.025816,0.000070,0.033528,-0.5307,-2.6581,-1.3783,-0.1103,-0.0031,0.1746
21.0724,-2.201283,-1.518825,1.936660,-1.947560,-1.639403,2.629519,-0.000979,-0.003736,0.014942,0.027299,0.002709,0.029994,-0.5271,-2.6412,-1.3473,-0.0906,0.0366,0.1510
21.0824,-2.201303,-1.518849,1.936831,-1.947265,-1.639367,2.629826,-0.000753,-0.002642,0.016630,0.027048,0.005108,0.027165,-0.5290,-2.6426,-1.3497,-0.1005,0.0813,0.1446
21.0924,-2.201287,-1.518873,1.936999,-1.947000,-1.639304,2.630090,-0.000694,-0.001339,0.016736,0.026759,0.009361,0.024804,-0.5444,-2.6769,-1.2549,-0.1002,0.1017,0.1515
21.1023,-2.201315,-1.518889,1.937164,-1.946744,-1.639196,2.630333,-0.000780,-0.000724,0.017869,0.027391,0.012017,0.022940,-0.5409,-2.5890,-1.2172,-0.0978,0.1148,0.1694
21.1123,-2.201276,-1.518846,1.937371,-1.946453,-1.639053,2.630509,-0.000664,-0.000289,0.019375,0.028036,0.013789,0.021222,-0.5515,-2.4669,-1.2471,-0.1250,0.0996,0.1719
21.1223,-2.201304,-1.518818,1.937554,-1.946184,-1.638973,2.630726,-0.000740,0.000976,0.020338,0.026040,0.013800,0.021809,-0.5753,-2.3558,-1.2316,-0.1294,0.1152,0.1755
21.1322,-2.201339,-1.518837,1.937754,-1.945913,-1.638821,2.630926,-0.002201,0.001167,0.021110,0.026030,0.015457,0.024618,-0.5814,-2.2472,-1.2306,-0.1062,0.1135,0.1834
21.1424,-2.201347,-1.518825,1.937958,-1.945681,-1.638693,2.631205,-0.003145,0.002209,0.021559,0.025449,0.016714,0.026796,-0.7558,-2.2186,-1.2057,-0.1144,0.1303,0.1776
21.1523,-2.201399,-1.518782,1.938146,-1.945420,-1.638515,2.631489,-0.004282,0.002922,0.021743,0.026474,0.018769,0.030364,-0.7221,-2.1308,-1.2273,-0.1173,0.1437,0.1974
21.1624,-2.201465,-1.518774,1.938402,-1.945156,-1.638358,2.631843,-0.006664,0.003201,0.021327,0.025835,0.019764,0.037044,-0.6928,-2.1094,-1.2144,-0.1181,0.1647,0.2000
21.1723,-2.201530,-1.518753,1.938629,-1.944932,-1.638186,2.632274,-0.009557,0.003566,0.022060,0.025628,0.021122,0.048293,-0.8082,-2.0119,-1.2125,-0.1309,0.1511,0.2043
21.1826,-2.201615,-1.518718,1.938825,-1.944652,-1.637951,2.632817,-0.012124,0.003782,0.021138,0.025078,0.022003,0.060697,-0.8245,-2.0013,-1.2136,-0.1088,0.1513,0.2514
21.1922,-2.201759,-1.518697,1.939033,-1.944385,-1.637745,2.633484,-0.015201,0.004949,0.019581,0.025357,0.022330,0.074797,-0.8113,-1.9126,-1.2417,-0.1031,0.1681,0.2577
21.2029,-2.201914,-1.518638,1.939213,-1.944157,-1.637536,2.634354,-0.017444,0.005078,0.018213,0.023781,0.022494,0.092743,-0.8275,-1.9248,-1.2538,-0.1003,0.1775,0.2498
21.2123,-2.202071,-1.518586,1.939369,-1.943905,-1.637321,2.635379,-0.016757,0.005276,0.016561,0.023600,0.022603,0.110549,-0.7003,-1.8717,-1.3109,-0.1217,0.1715,0.2411
21.2223,-2.202235,-1.518514,1.939521,-1.943661,-1.637102,2.636569,-0.016370,0.005561,0.014912,0.022086,0.021166,0.128529,-0.6612,-1.8814,-1.3254,-0.1287,0.1791,0.2626
21.2323,-2.202407,-1.518451,1.939649,-1.943458,-1.636864,2.637999,-0.016425,0.007552,0.012535,0.020456,0.020690,0.147668,-0.6447,-1.7465,-1.3226,-0.1136,0.1929,0.2516
21.2423,-2.202575,-1.518383,1.939756,-1.943276,-1.636719,2.639560,-0.016007,0.007002,0.010186,0.019429,0.018437,0.165133,-0.6677,-1.7953,-1.3498,-0.1322,0.1771,0.2715
21.2525,-2.202745,-1.518323,1.939856,-1.943053,-1.636532,2.641332,-0.015532,0.007189,0.005913,0.018451,0.017347,0.181555,-0.6917,-1.7886,-1.4792,-0.1237,0.1586,0.2726
21.2624,-2.202847,-1.518247,1.939861,-1.942873,-1.636388,2.643246,-0.015265,0.006149,0.001774,0.016407,0.014148,0.196331,-0.6737,-1.8048,-1.4949,-0.1403,0.1621,0.2487
21.2722,-2.203018,-1.518195,1.939861,-1.942733,-1.636261,2.645385,-0.014680,0.006279,0.000362,0.015136,0.010486,0.213957,-0.7009,-1.7627,-1.6554,-0.1291,0.1597,0.2777
21.2823,-2.203177,-1.518143,1.939868,-1.942608,-1.636212,2.647620,-0.014251,0.005304,-0.001154,0.016132,0.005712,0.226634,-0.6206,-1.7790,-1.7984,-0.1137,0.1413,0.2765
21.2925,-2.203291,-1.518095,1.939856,-1.942430,-1.636173,2.650027,-0.012818,0.004654,-0.002061,0.015329,0.002369,0.235792,-0.6200,-1.6759,-1.9789,-0.1201,0.1408,0.2648
21.3026,-2.203399,-1.518063,1.939848,-1.942280,-1.636145,2.652448,-0.012215,0.004153,-0.002371,0.015087,0.000972,0.242985,-0.6279,-1.6929,-2.0277,-0.1200,0.1211,0.2625
21.3124,-2.203537,-1.517972,1.939828,-1.942118,-1.636153,2.654936,-0.009580,0.003523,-0.002199,0.014655,0.000549,0.243009,-0.5743,-1.6966,-2.0561,-0.1177,0.1028,0.2546
21.3225,-2.203602,-1.517983,1.939758,-1.941977,-1.636176,2.657353,-0.009052,0.003651,-0.001647,0.014214,0.000164,0.245144,-0.5253,-1.7649,-2.0748,-0.1122,0.0433,0.2541
21.3322,-2.203659,-1.517940,1.939765,-1.941849,-1.636169,2.659801,-0.005699,0.002222,-0.000774,0.012628,0.000006,0.244164,-0.5624,-1.6963,-2.0134,-0.1088,-0.0145,0.2482
21.3424,-2.203710,-1.517931,1.939832,-1.941682,-1.636219,2.662181,-0.002904,0.001584,-0.000147,0.013582,-0.003028,0.236702,-0.4431,-1.7078,-1.8401,-0.0916,-0.0403,0.2585
21.3524,-2.203734,-1.517912,1.939784,-1.941585,-1.636220,2.664490,-0.001183,0.000732,0.002430,0.012699,-0.005242,0.230732,-0.4613,-1.7699,-1.6805,-0.1044,-0.0777,0.1948
21.3622,-2.203715,-1.517912,1.939852,-1.941449,-1.636271,2.666660,-0.000387,0.000436,0.003369,0.012943,-0.007435,0.219998,-0.3166,-1.8340,-1.3685,-0.1040,-0.0749,0.1959
21.3724,-2.203726,-1.517924,1.939861,-1.941345,-1.636316,2.668757,-0.000009,0.000259,0.007292,0.011821,-0.008041,0.204700,-0.3813,-1.8042,-1.1671,-0.0960,-0.0853,0.1969
21.3824,-2.203710,-1.517936,1.939964,-1.941233,-1.636434,2.670702,-0.000000,0.000121,0.012207,0.010851,-0.008596,0.189927,-0.1813,-1.8288,-1.0266,-0.0981,-0.1066,0.1747
21.3924,-2.203710,-1.517924,1.940096,-1.941145,-1.636487,2.672492,0.001021,0.000099,0.016810,0.010799,-0.009382,0.174698,-0.1342,-1.8178,-1.0854,-0.0879,-0.1283,0.1678
21.4022,-2.203714,-1.517943,1.940319,-1.941021,-1.636559,2.674170,0.000917,0.000111,0.020584,0.010053,-0.008332,0.158370,0.0072,-1.8428,-1.1078,-0.1121,-0.1355,0.1519
21.4124,-2.203702,-1.517897,1.940507,-1.940941,-1.636634,2.675629,0.001014,0.000078,0.022927,0.008220,-0.009036,0.139826,0.0874,-1.7625,-1.2158,-0.1125,-0.1293,0.1399
21.4224,-2.203671,-1.517935,1.940778,-1.940832,-1.636718,2.676911,0.001279,0.000801,0.023971,0.006392,-0.008880,0.123964,0.1057,-1.7925,-1.1346,-0.1049,-0.1389,0.1336
21.4323,-2.203675,-1.517908,1.941045,-1.940774,-1.636794,2.678070,0.001388,0.000850,0.027363,0.005459,-0.008724,0.106332,0.1660,-1.7654,-1.1149,-0.0961,-0.1429,0.1508
21.4424,-2.203678,-1.517904,1.941282,-1.940714,-1.636885,2.679038,0.001507,0.000868,0.029388,0.005286,-0.007786,0.091989,0.2547,-1.6526,-1.0989,-0.0963,-0.1447,0.1665
21.4524,-2.203651,-1.517864,1.941617,-1.940650,-1.636942,2.679939,0.001750,0.001385,0.031745,0.005264,-0.008511,0.078328,0.1674,-1.7524,-1.0165,-0.0807,-0.1466,0.1567
21.4626,-2.203642,-1.517868,1.941937,-1.940610,-1.636993,2.680632,0.001287,0.002068,0.035650,0.004923,-0.007734,0.066167,0.2702,-1.6088,-1.0894,-0.0826,-0.1564,0.1656
21.4727,-2.203615,-1.517856,1.942343,-1.940565,-1.637046,2.681215,0.001581,0.003251,0.039960,0.005318,-0.005875,0.054261,0.2833,-1.5859,-1.0542,-0.1066,-0.1512,0.1474
21.4826,-2.203602,-1.517808,1.942766,-1.940502,-1.637117,2.681718,0.001851,0.003605,0.043137,0.005363,-0.004309,0.044096,0.3626,-1.5588,-0.9033,-0.0887,-0.1579,0.1631
21.4924,-2.203567,-1.517772,1.943199,-1.940454,-1.637099,2.682141,0.001705,0.003827,0.048016,0.004106,-0.004358,0.037909,0.3254,-1.6736,-0.9910,-0.0904,-0.1516,0.1684
21.5024,-2.203559,-1.517740,1.943734,-1.940437,-1.637176,2.682482,0.001821,0.004794,0.053108,0.003276,-0.002809,0.031850,0.3530,-1.6236,-1.0840,-0.1119,-0.1448,0.1515
21.5127,-2.203538,-1.517697,1.944245,-1.940401,-1.637170,2.682765,0.001428,0.003888,0.055287,0.003141,-0.002381,0.027959,0.3280,-1.5966,-0.9558,-0.1072,-0.1432,0.1659
21.5222,-2.203542,-1.517661,1.944851,-1.940354,-1.637173,2.683044,0.001855,0.003372,0.058942,0.002399,-0.001278,0.026151,0.3635,-1.5318,-0.7960,-0.1067,-0.1317,0.1628
21.5325,-2.203514,-1.517597,1.945452,-1.940345,-1.637209,2.683327,0.001539,0.003563,0.064869,0.002135,-0.000650,0.024712,0.3704,-1.5715,-0.8248,-0.1063,-0.1234,0.1579
21.5428,-2.203518,-1.517605,1.946185,-1.940341,-1.637177,2.683532,0.001061,0.003781,0.071269,0.001089,-0.000377,0.025714,0.4351,-1.5517,-0.8855,-0.1208,-0.1029,0.1793
21.5527,-2.203506,-1.517553,1.946890,-1.940329,-1.637185,2.683800,0.001150,0.001409,0.076566,0.000732,-0.000213,0.026084,0.4026,-1.6794,-0.9627,-0.1330,-0.0437,0.1750
21.5624,-2.203506,-1.517545,1.947747,-1.940298,-1.637177,2.684060,0.000865,0.002836,0.079749,0.000463,0.001332,0.026139,0.3796,-1.7777,-0.9897,-0.1554,0.0179,0.1640
21.5728,-2.203491,-1.517517,1.948582,-1.940322,-1.637153,2.684335,0.000937,0.002364,0.085012,0.000128,0.004114,0.027555,0.4277,-1.5355,-1.0577,-0.2070,0.0811,0.1665
21.5824,-2.203479,-1.517497,1.949402,-1.940306,-1.637074,2.684619,0.000933,0.002325,0.089108,0.000000,0.007376,0.029412,0.4080,-1.4833,-0.9050,-0.2572,0.0711,0.1625
21.5925,-2.203451,-1.517485,1.950339,-1.940357,-1.636967,2.684974,0.001051,0.003519,0.090528,-0.002735,0.010180,0.030626,0.3966,-1.5711,-0.9088,-0.2991,0.0902,0.1855
21.6023,-2.203427,-1.517406,1.951219,-1.940380,-1.636922,2.685306,0.000945,0.004648,0.091420,-0.002802,0.012484,0.035527,0.4659,-1.5285,-0.8388,-0.3087,0.1090,0.1788
21.6123,-2.203458,-1.517393,1.952145,-1.940385,-1.636819,2.685700,0.000863,0.005705,0.092306,-0.005296,0.012239,0.038776,0.4167,-1.5413,-0.8317,-0.3227,0.1137,0.1899
21.6226,-2.203430,-1.517302,1.953069,-1.940441,-1.636688,2.686095,0.000803,0.007055,0.094631,-0.005461,0.012869,0.042735,0.4463,-1.4664,-0.9057,-0.3398,0.1462,0.1939
21.6324,-2.203446,-1.517230,1.954035,-1.940505,-1.636607,2.686574,0.000704,0.007679,0.096993,-0.006465,0.014142,0.049458,0.5419,-1.5256,-0.9139,-0.3851,0.1397,0.1975
21.6427,-2.203434,-1.517162,1.954973,-1.940557,-1.636436,2.687098,0.000689,0.008024,0.094447,-0.005743,0.015430,0.056734,0.4207,-1.5114,-1.0850,-0.3905,0.1691,0.1780
21.6524,-2.203430,-1.517062,1.955920,-1.940597,-1.636304,2.687704,0.001026,0.009029,0.093419,-0.006108,0.016391,0.058290,0.5004,-1.5774,-0.9866,-0.4076,0.1639,0.2151
21.6624,-2.203441,-1.516998,1.956858,-1.940673,-1.636136,2.688328,0.001426,0.008386,0.091875,-0.005823,0.017882,0.067042,0.5016,-1.5645,-1.0543,-0.4059,0.1708,0.1988
21.6723,-2.203399,-1.516883,1.957765,-1.940737,-1.635976,2.689043,0.002256,0.008440,0.092437,-0.005351,0.018730,0.077539,0.5350,-1.5550,-1.0659,-0.3987,0.1649,0.1896
21.6822,-2.203375,-1.516808,1.958669,-1.940769,-1.635782,2.689864,0.003063,0.007671,0.091591,-0.005565,0.018864,0.085697,0.5929,-1.4877,-1.1662,-0.3937,0.1690,0.2229
21.6923,-2.203338,-1.516747,1.959584,-1.940817,-1.635614,2.690790,0.004138,0.008401,0.088371,-0.005308,0.018927,0.093792,0.5437,-1.5582,-1.2469,-0.4247,0.1581,0.2088
21.7022,-2.203278,-1.516663,1.960458,-1.940858,-1.635380,2.691737,0.005906,0.007704,0.084642,-0.004795,0.018240,0.099892,0.6288,-1.6346,-1.2106,-0.4130,0.1781,0.2066
21.7125,-2.203212,-1.516556,1.961285,-1.940937,-1.635228,2.692739,0.006938,0.007196,0.081793,-0.004673,0.017502,0.101856,0.5892,-1.6240,-1.2198,-0.4370,0.1704,0.2262
21.7225,-2.203154,-1.516528,1.962057,-1.940989,-1.635049,2.693737,0.007649,0.006384,0.078172,-0.005890,0.016024,0.105522,0.5904,-1.6810,-1.1567,-0.4414,0.1848,0.2281
21.7323,-2.203098,-1.516471,1.962828,-1.941073,-1.634928,2.694862,0.007774,0.005806,0.074735,-0.007576,0.014948,0.111548,0.6448,-1.5453,-1.0519,-0.4232,0.1717,0.2181
21.7423,-2.203015,-1.516420,1.963563,-1.941129,-1.634793,2.695972,0.006359,0.004758,0.073328,-0.007820,0.013678,0.117497,0.6623,-1.6108,-1.1157,-0.4272,0.1802,0.2050
21.7524,-2.202951,-1.516349,1.964314,-1.941225,-1.634661,2.697119,0.007415,0.003982,0.072879,-0.010045,0.011916,0.121765,0.6870,-1.5916,-1.2403,-0.4139,0.1689,0.2025
21.7623,-2.202879,-1.516329,1.965029,-1.941340,-1.634565,2.698357,0.007949,0.003471,0.072243,-0.011739,0.010412,0.124663,0.6541,-1.5868,-1.1177,-0.4094,0.1734,0.2116
21.7725,-2.202807,-1.516312,1.965783,-1.941441,-1.634481,2.699650,0.008813,0.003252,0.072697,-0.012406,0.008254,0.133024,0.7231,-1.6348,-1.0250,-0.4036,0.1844,0.2103
21.7824,-2.202738,-1.516292,1.966495,-1.941549,-1.634417,2.700932,0.010663,0.002885,0.072666,-0.011939,0.007741,0.133459,0.7898,-1.4830,-0.8439,-0.4294,0.1799,0.2290
21.7924,-2.202599,-1.516237,1.967261,-1.941688,-1.634307,2.702293,0.012626,0.002550,0.075767,-0.013701,0.006607,0.136783,0.8029,-1.5449,-1.0868,-0.4269,0.1809,0.1996
21.8028,-2.202480,-1.516197,1.968032,-1.941785,-1.634281,2.703660,0.013892,0.002528,0.078555,-0.014764,0.006184,0.134683,0.8251,-1.5639,-1.0762,-0.4475,0.1751,0.2169
21.8123,-2.202339,-1.516208,1.968812,-1.941945,-1.634175,2.704988,0.014811,0.002703,0.079586,-0.016711,0.006143,0.133760,0.7715,-1.6534,-1.1529,-0.4734,0.1748,0.1779
21.8223,-2.202203,-1.516169,1.969614,-1.942120,-1.634119,2.706318,0.015668,0.002277,0.080151,-0.018636,0.005945,0.129134,0.7919,-1.6218,-1.1320,-0.4718,0.1801,0.1693
21.8323,-2.202012,-1.516153,1.970378,-1.942339,-1.634062,2.707584,0.016890,0.002035,0.080366,-0.019837,0.005537,0.122600,0.7663,-1.5729,-1.2012,-0.4890,0.1725,0.1732
21.8422,-2.201819,-1.516160,1.971204,-1.942496,-1.634011,2.708787,0.018528,0.001701,0.079267,-0.021000,0.005049,0.114802,0.8601,-1.5939,-1.0830,-0.4918,0.1845,0.1904
21.8523,-2.201643,-1.516101,1.971959,-1.942751,-1.633991,2.709900,0.020537,0.001625,0.078744,-0.022197,0.004681,0.106257,0.7552,-1.6831,-1.1399,-0.4953,0.1691,0.1649
21.8622,-2.201447,-1.516074,1.972743,-1.942979,-1.633924,2.710942,0.020318,0.001288,0.077525,-0.022758,0.007368,0.098848,0.8059,-1.6055,-1.0282,-0.4797,0.1695,0.1699
21.8721,-2.201232,-1.516105,1.973574,-1.943207,-1.633871,2.711869,0.023044,0.000705,0.081390,-0.022973,0.009126,0.090255,0.8231,-1.6976,-0.9557,-0.4890,0.1677,0.1813
21.8822,-2.201011,-1.516109,1.974374,-1.943428,-1.633768,2.712783,0.023395,0.000167,0.083037,-0.023028,0.010546,0.084111,0.8402,-1.7478,-0.8525,-0.4769,0.1717,0.1543
21.8922,-2.200748,-1.516105,1.975180,-1.943656,-1.633687,2.713577,0.024010,0.000000,0.084227,-0.023352,0.011202,0.074513,0.8085,-1.8874,-0.9680,-0.4689,0.1906,0.1428
21.9022,-2.200531,-1.516105,1.976046,-1.943867,-1.633545,2.714275,0.024510,-0.001115,0.085418,-0.023045,0.012093,0.067446,0.8524,-1.9730,-0.9600,-0.4850,0.1600,0.1769
21.9124,-2.200283,-1.516121,1.976900,-1.944096,-1.633425,2.714894,0.024768,-0.000693,0.088797,-0.023460,0.011933,0.060541,0.8206,-2.0464,-1.1810,-0.4743,0.1748,0.1603
21.9224,-2.200051,-1.516145,1.977765,-1.944339,-1.633305,2.715470,0.024207,-0.001215,0.085312,-0.022406,0.012794,0.053478,0.8722,-2.0700,-0.9546,-0.5034,0.1888,0.1455
21.9322,-2.199784,-1.516160,1.978617,-1.944564,-1.633177,2.715954,0.025056,-0.000664,0.086751,-0.023161,0.013541,0.045860,0.7973,-2.2534,-1.1423,-0.4763,0.1861,0.1507
21.9427,-2.199531,-1.516160,1.979467,-1.944783,-1.633018,2.716354,0.024946,-0.000976,0.083400,-0.022744,0.014785,0.040322,0.8553,-2.1494,-1.0591,-0.4804,0.1797,0.1509
21.9524,-2.199280,-1.516157,1.980273,-1.945011,-1.632890,2.716783,0.026586,-0.000544,0.081615,-0.022003,0.014910,0.033606,0.7914,-2.2233,-1.0930,-0.4941,0.1945,0.1664
21.9625,-2.199031,-1.516172,1.981099,-1.945227,-1.632722,2.717025,0.026497,-0.000339,0.080491,-0.021276,0.015813,0.028172,0.7106,-2.0770,-1.2641,-0.5021,0.1953,0.1505
21.9723,-2.198736,-1.516141,1.981850,-1.945439,-1.632551,2.717278,0.026541,-0.000148,0.076498,-0.021167,0.016497,0.022694,0.8031,-1.7849,-1.0742,-0.5004,0.1892,0.1435
21.9822,-2.198484,-1.516129,1.982576,-1.945635,-1.632361,2.717492,0.025652,0.002554,0.074673,-0.020474,0.016885,0.018922,0.7972,-1.6553,-1.0379,-0.4909,0.2019,0.1375
21.9924,-2.198251,-1.516121,1.983295,-1.945847,-1.632223,2.717675,0.024904,0.005208,0.069693,-0.020705,0.016661,0.016159,0.7760,-1.5057,-1.0081,-0.5075,0.1685,0.1375
22.0022,-2.198004,-1.516037,1.983993,-1.946071,-1.632052,2.717792,0.024417,0.010461,0.066394,-0.018689,0.016297,0.011251,0.7029,-1.1395,-1.0786,-0.4882,0.1842,0.1644
22.0123,-2.197764,-1.515881,1.984612,-1.946235,-1.631882,2.717896,0.023959,0.016451,0.062187,-0.017872,0.015483,0.008253,0.6778,-1.1294,-1.0754,-0.4782,0.1678,0.1486
22.0223,-2.197517,-1.515671,1.985235,-1.946419,-1.631722,2.717950,0.022508,0.021585,0.059501,-0.016276,0.015187,0.003251,0.6897,-1.0321,-1.1206,-0.4775,0.1798,0.1650
22.0324,-2.197332,-1.515407,1.985789,-1.946582,-1.631570,2.717959,0.021907,0.029080,0.052978,-0.015542,0.014278,0.001640,0.6561,-1.0715,-1.0737,-0.4639,0.1577,0.1424
22.0426,-2.197123,-1.515053,1.986265,-1.946724,-1.631439,2.717955,0.019510,0.036034,0.049685,-0.015386,0.013385,0.000931,0.6696,-1.0119,-1.1359,-0.4544,0.1731,0.1261
22.0523,-2.196966,-1.514626,1.986744,-1.946882,-1.631307,2.717951,0.018447,0.046470,0.043660,-0.015367,0.012584,0.000565,0.5856,-1.1034,-1.1520,-0.4558,0.1691,0.1015
22.0627,-2.196774,-1.514128,1.987171,-1.946995,-1.631206,2.718018,0.016724,0.054794,0.038967,-0.014754,0.011288,0.000406,0.5625,-1.0640,-1.0802,-0.4744,0.1717,0.1116
22.0723,-2.196618,-1.513503,1.987578,-1.947187,-1.631102,2.717995,0.014651,0.067758,0.035774,-0.014062,0.010796,0.000317,0.6553,-0.8450,-1.1799,-0.4412,0.1714,0.0839
22.0825,-2.196470,-1.512793,1.987882,-1.947314,-1.630987,2.717944,0.013698,0.077918,0.031211,-0.014598,0.010007,0.000259,0.6332,-0.5858,-1.1140,-0.4496,0.1796,0.0778
22.0927,-2.196342,-1.511955,1.988169,-1.947439,-1.630907,2.717968,0.012529,0.090552,0.027033,-0.013243,0.008429,0.000192,0.6067,-0.7799,-1.1792,-0.4621,0.1882,0.0694
22.1025,-2.196231,-1.510993,1.988424,-1.947595,-1.630839,2.717979,0.011256,0.100612,0.022722,-0.013171,0.008560,0.000167,0.5821,-0.6319,-1.1502,-0.4528,0.1809,0.0942
22.1124,-2.196153,-1.509855,1.988617,-1.947715,-1.630732,2.718021,0.010092,0.112277,0.020107,-0.012958,0.008435,0.000168,0.5268,-1.0311,-1.2017,-0.4558,0.1807,0.0906
22.1232,-2.196025,-1.508685,1.988797,-1.947838,-1.630640,2.717971,0.007157,0.121365,0.016520,-0.011650,0.008522,0.000151,0.5637,-0.8418,-1.2522,-0.4566,0.1748,0.1176
22.1325,-2.195990,-1.507429,1.988956,-1.947958,-1.630560,2.717983,0.005274,0.130012,0.013056,-0.012486,0.007898,0.000114,0.5291,-0.9945,-1.2495,-0.4564,0.1530,0.1616
22.1426,-2.195938,-1.506108,1.989060,-1.948059,-1.630516,2.718015,0.004273,0.138100,0.008848,-0.011808,0.006310,0.003084,0.5952,-1.0404,-1.4481,-0.4679,0.1688,0.1588
22.1527,-2.195887,-1.504712,1.989108,-1.948190,-1.630425,2.718062,0.003057,0.143716,0.002922,-0.010794,0.005932,0.004224,0.5908,-0.9984,-1.5003,-0.4819,0.1766,0.1680
22.1625,-2.195885,-1.503284,1.989100,-1.948291,-1.630365,2.718079,0.002146,0.146836,-0.000810,-0.011474,0.005696,0.006844,0.5525,-0.8905,-1.6480,-0.4630,0.1765,0.1609
22.1723,-2.195885,-1.501776,1.989053,-1.948430,-1.630325,2.718147,0.001122,0.157784,-0.005225,-0.009826,0.006357,0.009026,0.5446,-0.8008,-1.8434,-0.4270,0.1914,0.1683
22.1826,-2.195882,-1.500201,1.989021,-1.948475,-1.630242,2.718210,0.001088,0.160782,-0.007454,-0.008571,0.007029,0.009212,0.5204,-0.9319,-2.1137,-0.4498,0.1880,0.1718
22.1925,-2.195881,-1.498568,1.988968,-1.948550,-1.630185,2.718311,0.000932,0.164031,-0.010200,-0.006396,0.007414,0.011046,0.4954,-1.0249,-2.2349,-0.4725,0.1779,0.1670
22.2023,-2.195861,-1.496946,1.988814,-1.948588,-1.630117,2.718438,0.000727,0.163278,-0.012642,-0.006764,0.007585,0.011837,0.4879,-1.1350,-2.4079,-0.4926,0.1627,0.1696
22.2123,-2.195861,-1.495276,1.988694,-1.948667,-1.630042,2.718558,0.000587,0.162880,-0.014056,-0.005898,0.007677,0.010735,0.5164,-1.4338,-2.4108,-0.4883,0.1754,0.1857
22.2226,-2.195845,-1.493667,1.988566,-1.948692,-1.629958,2.718659,0.000392,0.162039,-0.013922,-0.005665,0.006349,0.011112,0.5372,-1.4429,-2.4420,-0.4998,0.1644,0.1827
22.2323,-2.195874,-1.492018,1.988418,-1.948771,-1.629910,2.718782,0.000327,0.158344,-0.015056,-0.005424,0.005454,0.012988,0.5257,-1.4124,-2.3950,-0.4741,0.1557,0.1799
22.2425,-2.195845,-1.490476,1.988291,-1.948835,-1.629875,2.718917,0.000293,0.151238,-0.014751,-0.004846,0.004980,0.014074,0.5116,-1.3238,-2.5132,-0.4989,0.1608,0.1849
22.2524,-2.195845,-1.488923,1.988147,-1.948867,-1.629846,2.719092,0.000311,0.149862,-0.015726,-0.005034,0.004450,0.015977,0.5717,-1.5598,-2.4758,-0.4832,0.1576,0.1794
22.2623,-2.195868,-1.487384,1.987994,-1.948930,-1.629798,2.719265,0.000299,0.150850,-0.017001,-0.004204,0.002804,0.020553,0.4930,-1.4001,-2.5305,-0.5047,0.1675,0.1805
22.2722,-2.195834,-1.485854,1.987772,-1.948963,-1.629751,2.719543,0.000421,0.158039,-0.019656,-0.006460,0.002394,0.030429,0.4961,-1.1460,-2.5610,-0.4798,0.1672,0.2005
22.2825,-2.195837,-1.484245,1.987557,-1.949035,-1.629762,2.719859,0.000613,0.162591,-0.024039,-0.007406,0.001855,0.041326,0.4893,-0.7403,-2.6028,-0.4620,0.1625,0.2376
22.2924,-2.195828,-1.482579,1.987283,-1.949083,-1.629734,2.720361,0.001141,0.173827,-0.027769,-0.006586,0.001252,0.054233,0.5504,-0.7481,-2.6704,-0.4966,0.1572,0.2461
22.3023,-2.195816,-1.480774,1.986986,-1.949143,-1.629715,2.720984,0.002181,0.181187,-0.031168,-0.007502,0.000621,0.069748,0.4933,-0.8821,-2.7596,-0.4968,0.1386,0.2087
22.3124,-2.195786,-1.478930,1.986658,-1.949246,-1.629719,2.721754,0.001723,0.190696,-0.039196,-0.008264,0.000397,0.081107,0.5938,-0.7718,-2.7919,-0.5018,0.1519,0.2421
22.3224,-2.195780,-1.476954,1.986217,-1.949295,-1.629719,2.722669,0.001888,0.198036,-0.045075,-0.008101,0.000290,0.093783,0.5143,-0.7566,-2.8516,-0.5186,0.1415,0.2519
22.3323,-2.195738,-1.474948,1.985745,-1.949413,-1.629762,2.723647,0.003189,0.208087,-0.053110,-0.009912,0.000229,0.105876,0.6037,-0.8464,-2.9303,-0.5148,0.1178,0.2509
22.3423,-2.195717,-1.472872,1.985166,-1.949490,-1.629714,2.724777,0.004498,0.214771,-0.060912,-0.010669,0.000189,0.116639,0.6430,-0.9367,-2.8250,-0.5204,0.0838,0.2433
22.3525,-2.195669,-1.470742,1.984505,-1.949605,-1.629741,2.725998,0.005749,0.216076,-0.068960,-0.011633,0.000134,0.126158,0.6406,-0.9992,-2.9139,-0.5217,0.0670,0.2291
22.3625,-2.195609,-1.468574,1.983705,-1.949718,-1.629722,2.727304,0.006034,0.220443,-0.077377,-0.011299,0.000095,0.133773,0.6477,-1.1797,-2.9411,-0.5149,0.0339,0.2396
22.3724,-2.195533,-1.466322,1.982889,-1.949841,-1.629727,2.728654,0.006649,0.229742,-0.090658,-0.012982,-0.000043,0.144742,0.7495,-1.1675,-2.7345,-0.4978,-0.0077,0.2117
22.3823,-2.195461,-1.464014,1.981944,-1.949965,-1.629751,2.730111,0.009867,0.229419,-0.099645,-0.012611,-0.000707,0.147543,0.4167,-1.0386,-2.8801,-0.4960,-0.0327,0.2307
22.3924,-2.195396,-1.461678,1.980864,-1.950093,-1.629762,2.731606,0.008121,0.231527,-0.108015,-0.013402,-0.001775,0.151437,0.5657,-1.1442,-2.8433,-0.5058,-0.0624,0.2274
22.4024,-2.195296,-1.459395,1.979824,-1.950209,-1.629740,2.733094,0.008412,0.227860,-0.112857,-0.013468,-0.003391,0.154277,0.5691,-1.2910,-2.9424,-0.5077,-0.0625,0.1977
22.4124,-2.195240,-1.457017,1.978656,-1.950365,-1.629806,2.734638,0.008998,0.224487,-0.114882,-0.014811,-0.002447,0.148944,0.6031,-1.5154,-3.0752,-0.5140,-0.0943,0.1897
22.4224,-2.195136,-1.454759,1.977452,-1.950520,-1.629822,2.736073,0.009040,0.215381,-0.120118,-0.017459,-0.004277,0.145524,0.6846,-1.4381,-2.9889,-0.5101,-0.0968,0.1706
22.4323,-2.195061,-1.452590,1.976240,-1.950692,-1.629835,2.737466,0.008464,0.208378,-0.123632,-0.017174,-0.004702,0.137049,0.6573,-1.6328,-2.8832,-0.5107,-0.0869,0.1853
22.4426,-2.195000,-1.450558,1.974996,-1.950879,-1.629890,2.738797,0.008082,0.197626,-0.123501,-0.018366,-0.004684,0.128734,0.6300,-1.6427,-2.8521,-0.4972,-0.0963,0.1563
22.4524,-2.194908,-1.448645,1.973704,-1.951102,-1.629957,2.740077,0.008026,0.186482,-0.127611,-0.018762,-0.005961,0.119025,0.5971,-1.7268,-2.6344,-0.4997,-0.1038,0.1921
22.4624,-2.194836,-1.446912,1.972469,-1.951267,-1.630001,2.741217,0.008026,0.173000,-0.126941,-0.019058,-0.006790,0.107098,0.6828,-1.6839,-2.6471,-0.4673,-0.0929,0.1970
22.4725,-2.194745,-1.445259,1.971190,-1.951455,-1.630065,2.742259,0.006788,0.161504,-0.129138,-0.019430,-0.007159,0.098049,0.6592,-1.6229,-2.8884,-0.4870,-0.0863,0.1719
22.4829,-2.194692,-1.443709,1.969910,-1.951666,-1.630090,2.743170,0.006243,0.147830,-0.130070,-0.018258,-0.007061,0.085663,0.6410,-1.8215,-3.0267,-0.4955,-0.1347,0.1853
22.4923,-2.194632,-1.442339,1.968549,-1.951849,-1.630150,2.743982,0.005825,0.134752,-0.131595,-0.017335,-0.007872,0.076686,0.6594,-1.8894,-3.0294,-0.5369,-0.1267,0.1598
22.5027,-2.194565,-1.441072,1.967200,-1.951974,-1.630221,2.744684,0.005237,0.120368,-0.135626,-0.015994,-0.007747,0.067048,0.5682,-2.0256,-2.9575,-0.5354,-0.1394,0.1776
22.5124,-2.194536,-1.439970,1.965875,-1.952181,-1.630301,2.745351,0.004655,0.105653,-0.135659,-0.017722,-0.008108,0.057107,0.5982,-1.7685,-2.9652,-0.5228,-0.1428,0.1500
22.5224,-2.194514,-1.439015,1.964465,-1.952349,-1.630349,2.745890,0.004275,0.092641,-0.139028,-0.016463,-0.008362,0.049841,0.5860,-1.7832,-2.7774,-0.5310,-0.1367,0.1405
22.5323,-2.194448,-1.438214,1.963064,-1.952521,-1.630425,2.746345,0.003739,0.080705,-0.140684,-0.016356,-0.007310,0.040305,0.5822,-1.8788,-2.8514,-0.5356,-0.1500,0.1714
22.5425,-2.194428,-1.437507,1.961649,-1.952669,-1.630493,2.746698,0.002810,0.069102,-0.141558,-0.016616,-0.008524,0.032791,0.6059,-1.8672,-2.8388,-0.5301,-0.1452,0.1465
22.5524,-2.194423,-1.436887,1.960227,-1.952852,-1.630588,2.746966,0.002412,0.059048,-0.138780,-0.015818,-0.007937,0.026429,0.6229,-1.9022,-2.9201,-0.5013,-0.1421,0.1353
22.5623,-2.194414,-1.436383,1.958793,-1.953008,-1.630652,2.747193,0.001670,0.047030,-0.139388,-0.014872,-0.007729,0.019518,0.6214,-1.8909,-2.8030,-0.4970,-0.1517,0.1337
22.5724,-2.194356,-1.435959,1.957415,-1.953136,-1.630728,2.747357,0.002143,0.036992,-0.140539,-0.015513,-0.008239,0.014153,0.5578,-1.9825,-2.8785,-0.5071,-0.1475,0.1443
22.5823,-2.194344,-1.435643,1.955997,-1.953311,-1.630796,2.747477,0.002423,0.027572,-0.137925,-0.015797,-0.007266,0.009873,0.5584,-2.1269,-3.0337,-0.5148,-0.1642,0.1382
22.5924,-2.194347,-1.435418,1.954630,-1.953432,-1.630902,2.747518,0.001041,0.019117,-0.139444,-0.015026,-0.006530,0.004132,0.5771,-2.0783,-2.9257,-0.5236,-0.1739,0.1291
22.6024,-2.194332,-1.435306,1.953224,-1.953569,-1.630938,2.747533,0.000713,0.010229,-0.138395,-0.015412,-0.007569,0.001174,0.4488,-2.2144,-2.9967,-0.4969,-0.1812,0.1083
22.6125,-2.194335,-1.435285,1.951825,-1.953766,-1.631002,2.747521,0.000360,0.000782,-0.143073,-0.014415,-0.006874,0.000205,0.4069,-2.4087,-2.9267,-0.4857,-0.1626,0.0663
22.6223,-2.194347,-1.435313,1.950427,-1.953890,-1.631058,2.747537,0.000206,-0.004940,-0.141515,-0.013741,-0.006998,0.000002,0.3215,-2.6888,-2.9772,-0.4766,-0.1923,0.0153
22.6328,-2.194351,-1.435393,1.948970,-1.953995,-1.631099,2.747499,0.000120,-0.009768,-0.143409,-0.012161,-0.006648,-0.001894,0.2884,-2.8153,-2.7990,-0.4541,-0.1698,-0.0036
22.6423,-2.194347,-1.435494,1.947529,-1.954174,-1.631127,2.747494,-0.000077,-0.013040,-0.140238,-0.011350,-0.006190,-0.003093,0.2651,-2.8389,-2.8752,-0.4703,-0.1652,-0.0339
22.6524,-2.194344,-1.435664,1.946087,-1.954231,-1.631225,2.747473,-0.000064,-0.014510,-0.141889,-0.008916,-0.005265,-0.003786,0.2828,-2.8003,-2.7557,-0.4357,-0.1807,-0.0530
22.6624,-2.194347,-1.435773,1.944712,-1.954310,-1.631285,2.747406,-0.000081,-0.014076,-0.139776,-0.005162,-0.004769,-0.004665,0.2319,-2.8626,-2.8286,-0.4650,-0.1757,-0.0559
22.6722,-2.194328,-1.435948,1.943309,-1.954326,-1.631283,2.747433,-0.000071,-0.014009,-0.142997,-0.004108,-0.003901,-0.005938,0.2530,-2.9110,-2.8413,-0.4586,-0.1729,-0.0624
22.6823,-2.194351,-1.436068,1.941863,-1.954382,-1.631319,2.747369,-0.000043,-0.012396,-0.142093,-0.002980,-0.004924,-0.006056,0.2784,-3.0590,-2.9051,-0.4461,-0.1739,-0.0623
22.6924,-2.194347,-1.436173,1.940434,-1.954406,-1.631393,2.747299,-0.000037,-0.012992,-0.142469,-0.002015,-0.004687,-0.006437,0.3514,-2.9063,-2.7867,-0.4303,-0.1722,-0.0769
22.7026,-2.194354,-1.436332,1.939052,-1.954387,-1.631422,2.747270,-0.000017,-0.013251,-0.139914,-0.000859,-0.004968,-0.006166,0.3724,-2.9410,-2.7015,-0.4394,-0.1759,-0.0732
22.7124,-2.194335,-1.436437,1.937653,-1.954386,-1.631485,2.747203,-0.000000,-0.011937,-0.136095,-0.000409,-0.004695,-0.005188,0.4067,-2.9444,-2.6320,-0.4416,-0.1952,-0.1016
22.7228,-2.194347,-1.436529,1.936361,-1.954395,-1.631549,2.747201,-0.000000,-0.011526,-0.131264,-0.000446,-0.005870,-0.004235,0.3547,-2.9602,-2.6701,-0.4063,-0.1957,-0.0962
22.7325,-2.194351,-1.436649,1.935072,-1.954367,-1.631600,2.747165,-0.000000,-0.011335,-0.124491,-0.000303,-0.005912,-0.004529,0.3901,-2.9160,-2.7037,-0.3893,-0.1739,-0.0767
22.7425,-2.194332,-1.436730,1.933845,-1.954395,-1.631661,2.747079,-0.000000,-0.011253,-0.120440,-0.000111,-0.006498,-0.004832,0.3381,-2.8940,-2.5935,-0.3409,-0.1823,-0.0943
22.7525,-2.194351,-1.436872,1.932679,-1.954418,-1.631705,2.747074,-0.000000,-0.011031,-0.111724,-0.000000,-0.007142,-0.004200,0.2597,-2.9930,-2.6909,-0.2781,-0.1953,-0.0920
22.7624,-2.194335,-1.436945,1.931591,-1.954390,-1.631785,2.747101,0.000000,-0.010803,-0.102598,0.001905,-0.007451,-0.003275,0.2397,-3.0154,-2.6226,-0.2200,-0.1595,-0.1010
22.7723,-2.194351,-1.437076,1.930600,-1.954354,-1.631872,2.747050,0.000000,-0.013728,-0.095189,0.004536,-0.007433,-0.003294,0.2574,-3.0577,-2.5420,-0.2070,-0.1861,-0.0935
22.7827,-2.194347,-1.437204,1.929710,-1.954322,-1.631913,2.746999,0.000000,-0.015850,-0.085436,0.006172,-0.008154,-0.002550,0.1899,-3.0544,-2.4933,-0.1600,-0.1904,-0.0964
22.7923,-2.194363,-1.437388,1.928895,-1.954228,-1.631980,2.746975,0.000000,-0.019601,-0.077494,0.008374,-0.008355,-0.002796,0.0959,-3.1498,-2.4434,-0.1463,-0.1667,-0.0852
22.8024,-2.194362,-1.437557,1.928219,-1.954159,-1.632072,2.746967,-0.000286,-0.023053,-0.066327,0.010397,-0.007431,-0.002495,0.0936,-3.2050,-2.5606,-0.1529,-0.1940,-0.0872
22.8125,-2.194359,-1.437823,1.927615,-1.954054,-1.632174,2.746994,-0.000569,-0.026833,-0.058431,0.011424,-0.007798,-0.001771,0.0658,-3.1671,-2.3870,-0.1569,-0.1716,-0.1017
22.8226,-2.194356,-1.438102,1.927118,-1.953928,-1.632231,2.746986,-0.000737,-0.030944,-0.047021,0.012531,-0.007802,-0.002241,-0.0267,-3.2061,-2.5875,-0.1582,-0.1821,-0.0878
22.8323,-2.194368,-1.438457,1.926679,-1.953823,-1.632275,2.746943,-0.001029,-0.034825,-0.040276,0.012621,-0.007145,-0.002427,-0.1216,-3.1349,-2.4796,-0.1442,-0.1873,-0.1062
22.8424,-2.194395,-1.438782,1.926339,-1.953695,-1.632348,2.746934,-0.001322,-0.038860,-0.032959,0.013744,-0.007045,-0.001454,-0.1480,-3.1293,-2.4827,-0.1237,-0.1800,-0.0960
22.8528,-2.194411,-1.439182,1.926055,-1.953545,-1.632439,2.746870,-0.001682,-0.042017,-0.026234,0.015441,-0.006802,-0.001533,-0.1884,-3.1084,-2.4202,-0.1507,-0.1756,-0.0705
22.8625,-2.194404,-1.439617,1.925843,-1.953416,-1.632510,2.746902,-0.001360,-0.043172,-0.019282,0.017374,-0.008020,-0.000688,-0.2358,-3.1230,-2.4448,-0.1389,-0.1785,-0.0650
22.8725,-2.194435,-1.440088,1.925675,-1.953212,-1.632602,2.746898,-0.001493,-0.048038,-0.013534,0.019885,-0.009334,-0.000390,-0.2434,-3.1264,-2.3838,-0.1200,-0.1927,-0.0679
22.8830,-2.194432,-1.440583,1.925571,-1.953001,-1.632694,2.746898,-0.001207,-0.049958,-0.004995,0.023191,-0.012121,-0.000272,-0.2545,-3.0677,-2.2001,-0.1318,-0.1974,-0.0465
22.8924,-2.194447,-1.441086,1.925579,-1.952802,-1.632810,2.746898,-0.000942,-0.050769,0.003006,0.023631,-0.011923,-0.000147,-0.2052,-3.1846,-1.9484,-0.0959,-0.1927,-0.0112
22.9024,-2.194424,-1.441581,1.925639,-1.952541,-1.632925,2.746898,-0.000465,-0.051562,0.009843,0.027585,-0.012300,0.000179,-0.1756,-3.1455,-1.5683,-0.1419,-0.2047,0.0326
22.9123,-2.194459,-1.442120,1.925759,-1.952314,-1.633056,2.746910,-0.000368,-0.052855,0.015908,0.027408,-0.013665,0.002039,-0.2039,-3.0724,-1.3590,-0.1092,-0.1952,0.0777
22.9225,-2.194444,-1.442612,1.925949,-1.952023,-1.633181,2.746927,-0.000231,-0.053272,0.018455,0.028499,-0.014906,0.005508,-0.1630,-3.0101,-1.1582,-0.1159,-0.2384,0.1144
22.9323,-2.194444,-1.443162,1.926156,-1.951730,-1.633402,2.747001,-0.000182,-0.053032,0.021907,0.028340,-0.017621,0.009346,-0.1489,-3.0484,-1.2438,-0.1333,-0.2238,0.1093
22.9424,-2.194432,-1.443681,1.926377,-1.951448,-1.633590,2.747058,-0.000121,-0.051860,0.024051,0.025672,-0.019069,0.010827,-0.1475,-3.0104,-1.1329,-0.1122,-0.2068,0.1323
22.9523,-2.194444,-1.444181,1.926605,-1.951220,-1.633755,2.747165,-0.000078,-0.049604,0.025820,0.024394,-0.022341,0.012055,-0.0871,-3.1360,-1.1275,-0.1072,-0.2233,0.1210
22.9624,-2.194419,-1.444673,1.926903,-1.950953,-1.634029,2.747270,-0.000068,-0.050974,0.029105,0.023267,-0.025166,0.012600,-0.0324,-2.9670,-1.1453,-0.1024,-0.2113,0.1152
22.9724,-2.194432,-1.445192,1.927181,-1.950756,-1.634308,2.747346,0.000047,-0.049236,0.034021,0.020912,-0.027108,0.012393,0.0197,-2.9136,-1.1457,-0.1107,-0.2235,0.1635
22.9826,-2.194444,-1.445683,1.927547,-1.950596,-1.634559,2.747482,0.000062,-0.048292,0.036539,0.017041,-0.028413,0.013680,0.0521,-2.8608,-0.9553,-0.1121,-0.2274,0.1523
22.9925,-2.194447,-1.446170,1.927939,-1.950405,-1.634848,2.747610,0.000074,-0.046255,0.042031,0.012970,-0.030978,0.014344,0.1056,-2.9705,-1.0732,-0.1164,-0.2482,0.1736
23.0024,-2.194435,-1.446613,1.928389,-1.950337,-1.635173,2.747785,0.000081,-0.045258,0.045556,0.006368,-0.032361,0.015657,0.0787,-3.0083,-0.9287,-0.1545,-0.2534,0.1629
23.0123,-2.194432,-1.447041,1.928868,-1.950313,-1.635496,2.747959,0.000214,-0.044757,0.051265,0.001071,-0.031904,0.014959,0.1237,-2.9973,-1.0124,-0.1456,-0.2509,0.1853
23.0223,-2.194432,-1.447481,1.929415,-1.950333,-1.635796,2.748119,0.000173,-0.043049,0.056272,-0.000086,-0.032291,0.015279,0.1154,-3.0320,-0.8947,-0.2554,-0.2193,0.1654
23.0323,-2.194432,-1.447904,1.929995,-1.950345,-1.636119,2.748251,0.000174,-0.043549,0.061537,-0.005415,-0.028997,0.015095,0.1857,-3.1506,-0.9198,-0.3197,-0.2133,0.1649
23.0423,-2.194435,-1.448383,1.930676,-1.950447,-1.636356,2.748372,0.000191,-0.045783,0.066939,-0.009881,-0.025685,0.014727,0.3462,-3.0659,-0.9079,-0.3800,-0.1842,0.1696
23.0525,-2.194407,-1.448869,1.931387,-1.950548,-1.636615,2.748535,0.001597,-0.047336,0.073117,-0.012867,-0.021366,0.013856,0.2334,-3.1278,-0.9552,-0.3881,-0.1958,0.1636
23.0624,-2.194423,-1.449345,1.932126,-1.950668,-1.636797,2.748706,0.000860,-0.051584,0.075355,-0.014110,-0.016232,0.013401,0.3963,-3.0442,-0.8678,-0.4106,-0.2160,0.1612
23.0723,-2.194426,-1.449856,1.932905,-1.950800,-1.636933,2.748764,0.000951,-0.055074,0.080050,-0.016930,-0.011470,0.013830,0.3350,-3.2529,-0.9046,-0.4090,-0.1972,0.1694
23.0829,-2.194392,-1.450444,1.933756,-1.950967,-1.636978,2.748935,0.000745,-0.059738,0.085241,-0.020744,-0.004745,0.012951,0.4461,-3.3217,-0.9360,-0.4228,-0.1827,0.1836
23.0927,-2.194383,-1.451067,1.934619,-1.951172,-1.636982,2.749070,0.001443,-0.065787,0.088476,-0.022148,-0.001162,0.014030,0.4038,-3.2333,-0.9946,-0.4420,-0.1221,0.1684
23.1024,-2.194383,-1.451772,1.935502,-1.951371,-1.636998,2.749214,0.001485,-0.070357,0.091833,-0.023163,-0.000123,0.014078,0.5216,-3.3188,-0.9832,-0.4589,-0.0296,0.1736
23.1126,-2.194378,-1.452505,1.936436,-1.951657,-1.636962,2.749346,0.002091,-0.075804,0.093001,-0.025132,0.003448,0.013772,0.5171,-3.3470,-1.0494,-0.4590,0.0348,0.1533
23.1224,-2.194319,-1.453339,1.937364,-1.951922,-1.636898,2.749490,0.003040,-0.082019,0.095193,-0.026304,0.008105,0.013922,0.6547,-3.3832,-1.1662,-0.4634,0.0813,0.1665
23.1323,-2.194299,-1.454244,1.938275,-1.952154,-1.636803,2.749602,0.005239,-0.092157,0.092951,-0.025001,0.012549,0.014128,0.7194,-3.4816,-1.0252,-0.5092,0.0930,0.1510
23.1422,-2.194223,-1.455200,1.939225,-1.952412,-1.636699,2.749765,0.008110,-0.098944,0.092215,-0.027102,0.012812,0.013047,0.6879,-3.4579,-1.1399,-0.4919,0.0821,0.1689
23.1525,-2.194112,-1.456246,1.940121,-1.952633,-1.636603,2.749888,0.010584,-0.102747,0.092319,-0.025193,0.012534,0.012908,0.7555,-3.5719,-1.2580,-0.5279,0.0891,0.1703
23.1623,-2.194023,-1.457375,1.940956,-1.952900,-1.636432,2.750044,0.012592,-0.109519,0.087322,-0.025000,0.015265,0.012771,0.7164,-3.5206,-1.1674,-0.5276,0.1127,0.1532
23.1724,-2.193891,-1.458584,1.941798,-1.953108,-1.636274,2.750157,0.013682,-0.118701,0.080374,-0.023455,0.017157,0.011843,0.8389,-3.4631,-1.1688,-0.5084,0.1189,0.1675
23.1825,-2.193703,-1.459799,1.942623,-1.953347,-1.636117,2.750272,0.016085,-0.123301,0.077321,-0.020804,0.018779,0.012342,0.6436,-3.4328,-1.1949,-0.4918,0.1386,0.1726
23.1925,-2.193566,-1.461088,1.943332,-1.953523,-1.635945,2.750388,0.015345,-0.124515,0.072283,-0.018343,0.020641,0.011030,0.6894,-3.4593,-1.1842,-0.4833,0.1301,0.1675
23.2024,-2.193391,-1.462367,1.943978,-1.953687,-1.635746,2.750472,0.015974,-0.125036,0.066741,-0.016639,0.021460,0.010557,0.7116,-3.1696,-1.1198,-0.4842,0.1453,0.1684
23.2124,-2.193234,-1.463602,1.944625,-1.953851,-1.635543,2.750585,0.017460,-0.124681,0.061970,-0.014159,0.021399,0.009503,0.7040,-3.1167,-1.1164,-0.4885,0.1227,0.1647
23.2222,-2.193054,-1.464868,1.945251,-1.954006,-1.635371,2.750645,0.018444,-0.123765,0.059407,-0.012014,0.021109,0.009107,0.7616,-3.0218,-1.1945,-0.4795,0.1365,0.1625
23.2325,-2.192866,-1.466062,1.945794,-1.954074,-1.635152,2.750776,0.019241,-0.119341,0.052982,-0.007530,0.020707,0.007258,0.7796,-2.8228,-1.0588,-0.4711,0.1350,0.1661
23.2425,-2.192693,-1.467189,1.946334,-1.954099,-1.634972,2.750832,0.021106,-0.108945,0.049745,-0.005287,0.019177,0.006657,0.7241,-2.9250,-1.1364,-0.4590,0.1550,0.1648
23.2524,-2.192445,-1.468250,1.946808,-1.954167,-1.634804,2.750885,0.022421,-0.103040,0.046621,-0.002452,0.019379,0.005508,0.7254,-2.8466,-1.1175,-0.4641,0.1324,0.1812
23.2624,-2.192210,-1.469229,1.947256,-1.954163,-1.634606,2.750952,0.022872,-0.093647,0.043306,-0.001631,0.016427,0.005215,0.7589,-2.9090,-1.2017,-0.4491,0.1509,0.1616
23.2724,-2.191957,-1.470078,1.947695,-1.954171,-1.634485,2.750996,0.026204,-0.085928,0.039616,-0.000712,0.013258,0.005212,0.6514,-2.8025,-1.1201,-0.4205,0.1667,0.1757
23.2826,-2.191721,-1.470911,1.948040,-1.954171,-1.634377,2.751100,0.025434,-0.077655,0.037540,-0.000305,0.011777,0.004914,0.7167,-2.7926,-1.2384,-0.3548,0.1444,0.1518
23.2923,-2.191453,-1.471596,1.948412,-1.954163,-1.634278,2.751097,0.026345,-0.069522,0.034646,0.001792,0.005777,0.004885,0.7005,-2.6730,-1.2011,-0.2726,0.1418,0.1653
23.3026,-2.191204,-1.472258,1.948735,-1.954127,-1.634270,2.751168,0.026637,-0.061062,0.032409,0.004099,0.002582,0.004639,0.6027,-2.6489,-1.1517,-0.1941,0.1437,0.1661
23.3127,-2.190944,-1.472806,1.949062,-1.954063,-1.634261,2.751219,0.026703,-0.051657,0.030019,0.008442,0.001086,0.004312,0.6892,-2.7164,-1.1610,-0.1734,0.1256,0.1575
23.3224,-2.190655,-1.473273,1.949331,-1.953959,-1.634265,2.751224,0.026089,-0.045781,0.028352,0.010802,0.000583,0.003434,0.6189,-2.6885,-1.1241,-0.1866,0.0905,0.1710
23.3323,-2.190399,-1.473662,1.949625,-1.953859,-1.634273,2.751272,0.025414,-0.039447,0.026815,0.012920,0.000132,0.003437,0.5744,-2.6253,-1.1325,-0.1686,0.0391,0.1511
23.3424,-2.190150,-1.474021,1.949870,-1.953709,-1.634242,2.751277,0.024301,-0.033611,0.025207,0.014075,0.000000,0.002642,0.5266,-2.6560,-1.1261,-0.1552,-0.0219,0.1664
23.3524,-2.189906,-1.474321,1.950129,-1.953577,-1.634270,2.751316,0.023018,-0.029050,0.023872,0.016006,-0.002441,0.002573,0.5512,-2.7085,-1.1541,-0.1648,-0.0447,0.1791
23.3622,-2.189694,-1.474541,1.950341,-1.953428,-1.634314,2.751332,0.020860,-0.023154,0.022403,0.016942,-0.004578,0.001942,0.5241,-2.8108,-1.1173,-0.1627,-0.0753,0.1613
23.3725,-2.189490,-1.474792,1.950591,-1.953241,-1.634357,2.751375,0.019738,-0.020649,0.020453,0.017991,-0.005639,0.002104,0.5910,-2.8057,-1.1202,-0.1478,-0.0946,0.1648
23.3822,-2.189282,-1.474964,1.950757,-1.953077,-1.634409,2.751411,0.017690,-0.017063,0.019052,0.017876,-0.007475,0.002165,0.5706,-2.8272,-1.1465,-0.1506,-0.0876,0.1440
23.3924,-2.189090,-1.475108,1.950956,-1.952886,-1.634496,2.751407,0.016319,-0.014852,0.017180,0.017716,-0.006642,0.001680,0.4896,-2.7779,-1.1011,-0.1530,-0.1128,0.1543
23.4023,-2.188960,-1.475221,1.951070,-1.952730,-1.634466,2.751404,0.015222,-0.012477,0.015967,0.017070,-0.005134,0.001527,0.5259,-2.8348,-1.1420,-0.1450,-0.1412,0.1391
23.4123,-2.188820,-1.475341,1.951248,-1.952586,-1.634625,2.751428,0.014005,-0.010690,0.014231,0.018442,-0.010630,0.002364,0.4751,-2.7805,-1.0968,-0.1522,-0.0469,0.1121
23.4224,-2.188688,-1.475437,1.951396,-1.952406,-1.634679,2.751519,0.011844,-0.008142,0.013485,0.016307,-0.007209,0.001735,0.5548,-2.7359,-1.1885,-0.1629,-0.1215,0.1051
23.4325,-2.188565,-1.475488,1.951488,-1.952266,-1.634658,2.751476,0.011714,-0.005156,0.011230,0.016158,-0.004381,0.000637,0.4457,-2.6699,-1.1628,-0.1512,-0.1605,0.1292
23.4429,-2.188453,-1.475509,1.951651,-1.952126,-1.634728,2.751467,0.009136,-0.003121,0.009589,0.015226,-0.004780,0.000344,0.5152,-2.7284,-1.2058,-0.1257,-0.1503,0.1260
23.4524,-2.188372,-1.475514,1.951707,-1.951935,-1.634760,2.751464,0.008258,-0.001816,0.005747,0.015863,-0.004805,0.000349,0.4775,-2.7075,-1.2117,-0.1349,-0.1672,0.1462
23.4624,-2.188343,-1.475517,1.951705,-1.951823,-1.634812,2.751456,0.006026,-0.000743,0.002706,0.015700,-0.004091,0.000367,0.4914,-2.6813,-1.2935,-0.1241,-0.1689,0.1323
23.4724,-2.188268,-1.475536,1.951724,-1.951639,-1.634832,2.751498,0.004640,-0.000440,0.000755,0.016088,-0.004377,0.000365,0.4796,-2.6575,-1.4579,-0.1195,-0.1580,0.1438
23.4829,-2.188224,-1.475536,1.951693,-1.951503,-1.634876,2.751476,0.002945,-0.000313,-0.000248,0.016534,-0.003851,0.000452,0.4616,-2.6250,-1.5928,-0.1096,-0.1534,0.1373
23.4923,-2.188216,-1.475545,1.951712,-1.951331,-1.634892,2.751491,0.002184,-0.000202,-0.001595,0.017421,-0.002870,0.000458,0.4560,-2.4958,-1.7861,-0.1109,-0.1557,0.1441
23.5024,-2.188207,-1.475505,1.951654,-1.951148,-1.634897,2.751476,0.001386,0.000014,-0.003365,0.018282,-0.002004,0.000427,0.3957,-2.4011,-1.9674,-0.1016,-0.1719,0.1405
23.5124,-2.188192,-1.475536,1.951621,-1.950984,-1.634928,2.751469,0.000737,0.001195,-0.004624,0.018890,-0.001775,0.000409,0.4215,-2.3189,-2.0719,-0.0897,-0.1625,0.1396
23.5224,-2.188180,-1.475493,1.951604,-1.950781,-1.634925,2.751491,0.000584,0.001860,-0.005924,0.020704,-0.001778,0.000421,0.4500,-2.1749,-2.1634,-0.1085,-0.1553,0.1294
23.5326,-2.188184,-1.475512,1.951544,-1.950604,-1.634968,2.751515,0.000399,0.001649,-0.007920,0.020179,-0.001142,0.000366,0.3729,-2.0719,-2.1937,-0.0731,-0.1762,0.1351
23.5424,-2.188199,-1.475466,1.951426,-1.950370,-1.634952,2.751522,0.000293,0.002435,-0.008915,0.021581,-0.000980,0.000351,0.3714,-2.0780,-2.2686,-0.1010,-0.1802,0.1583
23.5523,-2.188180,-1.475468,1.951349,-1.950126,-1.634976,2.751515,0.000269,0.003505,-0.009422,0.022308,-0.001166,0.000323,0.4089,-2.0593,-2.3443,-0.1233,-0.1564,0.1388
23.5625,-2.188184,-1.475428,1.951235,-1.949930,-1.634941,2.751512,0.000250,0.003288,-0.010538,0.022484,-0.000758,0.000265,0.3934,-2.0143,-2.3356,-0.1079,-0.1557,0.1279
23.5724,-2.188180,-1.475404,1.951120,-1.949682,-1.634972,2.751527,0.000226,0.003378,-0.011594,0.022691,-0.000554,0.000265,0.3279,-1.9072,-2.3014,-0.0911,-0.1488,0.1437
23.5821,-2.188167,-1.475380,1.951046,-1.949471,-1.635007,2.751531,0.000252,0.003594,-0.011987,0.022786,-0.000400,0.000336,0.4770,-1.8783,-2.4031,-0.1133,-0.1387,0.1246
23.5924,-2.188203,-1.475336,1.950918,-1.949227,-1.634984,2.751496,0.000490,0.003964,-0.012548,0.023378,-0.000226,0.000311,0.4738,-1.8474,-2.4024,-0.1031,-0.1112,0.1373
23.6024,-2.188171,-1.475284,1.950810,-1.948992,-1.634972,2.751508,0.000794,0.003676,-0.013278,0.022568,-0.000181,0.000282,0.4600,-1.8822,-2.4651,-0.1258,-0.1127,0.1371
23.6123,-2.188175,-1.475245,1.950705,-1.948752,-1.634991,2.751535,0.001125,0.004149,-0.014049,0.022283,-0.000124,0.000263,0.4432,-1.8625,-2.5059,-0.1114,-0.0930,0.1436
23.6223,-2.188166,-1.475178,1.950527,-1.948536,-1.634976,2.751512,0.000982,0.006718,-0.015484,0.022186,-0.000103,0.000222,0.4010,-1.9210,-2.5242,-0.0953,-0.0889,0.1304
23.6324,-2.188144,-1.475130,1.950375,-1.948328,-1.634991,2.751543,0.000650,0.005344,-0.016646,0.020892,-0.000090,0.000213,0.4042,-1.8581,-2.6469,-0.0872,-0.0706,0.1261
23.6426,-2.188139,-1.475086,1.950179,-1.948104,-1.634972,2.751523,0.000443,0.005265,-0.020632,0.021895,-0.000060,0.000178,0.3501,-1.8584,-2.5675,-0.0936,-0.0402,0.1387
23.6525,-2.188144,-1.475026,1.949972,-1.947907,-1.634964,2.751523,0.000266,0.005049,-0.021729,0.021173,0.000051,0.000179,0.2701,-1.8773,-2.7068,-0.1108,-0.0305,0.1354
23.6624,-2.188135,-1.474993,1.949755,-1.947707,-1.634991,2.751539,0.000164,0.004761,-0.021962,0.021704,0.000090,0.000179,0.2517,-1.8910,-2.7084,-0.0941,-0.0068,0.1305
23.6724,-2.188147,-1.474957,1.949508,-1.947425,-1.634952,2.751539,-0.000124,0.004356,-0.026784,0.021625,0.000523,0.000164,0.1521,-1.8380,-2.6416,-0.0987,0.0013,0.1207
23.6823,-2.188159,-1.474933,1.949245,-1.947243,-1.634971,2.751539,-0.000562,0.003493,-0.027509,0.020827,0.000858,0.000139,0.0974,-1.8492,-2.6708,-0.1046,0.0191,0.1331
23.6924,-2.188144,-1.474894,1.948933,-1.947043,-1.634939,2.751508,-0.000585,0.003010,-0.028251,0.020282,0.001186,0.000145,0.0191,-1.8067,-2.6765,-0.0926,0.0216,0.1335
23.7024,-2.188175,-1.474873,1.948632,-1.946844,-1.634909,2.751532,-0.001107,0.002762,-0.029183,0.020112,0.001626,0.000128,-0.0202,-1.8326,-2.7828,-0.1102,0.0369,0.1434
23.7124,-2.188187,-1.474850,1.948339,-1.946643,-1.634928,2.751555,-0.001236,0.002402,-0.030336,0.018374,0.002479,0.000133,-0.1552,-1.8218,-2.7260,-0.1010,0.0599,0.1352
23.7225,-2.188227,-1.474844,1.948031,-1.946445,-1.634885,2.751523,-0.005447,0.001947,-0.032279,0.018294,0.003955,0.000138,-0.1260,-1.8226,-2.8341,-0.1158,0.0626,0.1314
23.7324,-2.188228,-1.474795,1.947696,-1.946268,-1.634863,2.751523,-0.004773,0.002253,-0.034005,0.017421,0.004444,0.000144,-0.1947,-1.8642,-2.8983,-0.1414,0.0816,0.1376
23.7426,-2.188264,-1.474774,1.947333,-1.946100,-1.634793,2.751527,-0.003920,0.002309,-0.038000,0.015453,0.005957,0.000126,-0.3808,-1.8608,-2.8689,-0.1206,0.0686,0.1545
23.7528,-2.188323,-1.474754,1.946913,-1.945976,-1.634760,2.751523,-0.003877,0.002002,-0.042102,0.014478,0.006366,0.000133,-0.3857,-1.8816,-2.8324,-0.1312,0.0848,0.1297
23.7625,-2.188351,-1.474769,1.946473,-1.945816,-1.634744,2.751528,-0.003457,0.001240,-0.049476,0.012578,0.005554,0.000138,-0.3830,-1.8618,-2.9802,-0.1206,0.0970,0.1461
23.7723,-2.188388,-1.474745,1.945879,-1.945696,-1.634672,2.751548,-0.003084,0.001119,-0.064883,0.011386,0.005500,0.000322,-0.3259,-1.9183,-3.1358,-0.1340,0.0945,0.1616
23.7824,-2.188403,-1.474737,1.945162,-1.945564,-1.634641,2.751567,-0.002166,0.002676,-0.082254,0.012504,0.004480,0.001380,-0.3931,-2.0312,-3.1940,-0.1601,0.1219,0.1858
23.7924,-2.188412,-1.474728,1.944266,-1.945439,-1.634625,2.751591,-0.001059,0.000907,-0.097796,0.013634,0.003206,0.003129,-0.3197,-1.8852,-3.3708,-0.1539,0.1095,0.1619
23.8023,-2.188400,-1.474694,1.943157,-1.945285,-1.634624,2.751592,-0.000207,0.001974,-0.118476,0.013900,0.002062,0.004346,-0.2395,-1.9586,-3.3576,-0.1430,0.1217,0.1604
23.8125,-2.188384,-1.474666,1.941852,-1.945129,-1.634566,2.751659,-0.000000,0.001058,-0.137559,0.015779,0.001542,0.005287,-0.0896,-1.9184,-3.4844,-0.1462,0.0952,0.1654
23.8224,-2.188400,-1.474632,1.940402,-1.944973,-1.634577,2.751710,0.001457,0.000996,-0.158880,0.016669,0.000866,0.005187,0.0748,-2.0654,-3.7131,-0.1568,0.0896,0.1774
23.8322,-2.188344,-1.474670,1.938639,-1.944788,-1.634569,2.751743,0.004383,-0.000226,-0.185520,0.020362,0.000590,0.004765,0.2711,-2.0978,-3.6977,-0.1684,0.0788,0.1963
23.8423,-2.188300,-1.474689,1.936633,-1.944616,-1.634573,2.751772,0.006597,-0.000000,-0.208979,0.021043,0.000418,0.005610,0.4347,-2.2661,-3.5218,-0.1406,0.0666,0.1688
23.8527,-2.188235,-1.474666,1.934414,-1.944377,-1.634569,2.751842,0.010956,-0.001471,-0.232175,0.024776,0.000324,0.005566,0.5673,-2.3574,-3.4625,-0.1242,0.0529,0.1799
23.8628,-2.188107,-1.474709,1.931928,-1.944078,-1.634612,2.751895,0.014840,-0.004625,-0.254461,0.028692,0.000265,0.005713,0.6734,-2.6238,-3.6294,-0.1067,0.0553,0.1743
23.8722,-2.187915,-1.474788,1.929204,-1.943745,-1.634616,2.751943,0.023496,-0.012594,-0.289740,0.037320,0.000224,0.005925,0.8357,-3.0836,-3.6870,-0.1232,0.0358,0.1686
23.8824,-2.187613,-1.474899,1.926177,-1.943270,-1.634597,2.752042,0.031475,-0.015888,-0.315637,0.050820,0.000169,0.006296,1.0783,-3.4773,-4.1231,-0.1193,0.0217,0.1858
23.8925,-2.187260,-1.475069,1.922846,-1.942705,-1.634620,2.752055,0.043264,-0.024082,-0.346982,0.067358,0.000024,0.006480,1.1734,-3.4498,-3.8647,-0.1065,-0.0072,0.1846
23.9023,-2.186744,-1.475363,1.919263,-1.941903,-1.634589,2.752131,0.056115,-0.034440,-0.375889,0.082921,0.000000,0.006686,1.3451,-3.7239,-4.0435,-0.0848,-0.0174,0.1728
23.9124,-2.186096,-1.475781,1.915373,-1.940949,-1.634632,2.752198,0.071132,-0.048935,-0.397036,0.105735,-0.001246,0.006999,1.4127,-3.7039,-3.8957,-0.0377,-0.0247,0.1578
23.9227,-2.185286,-1.476301,1.911261,-1.939714,-1.634637,2.752254,0.086017,-0.061141,-0.418387,0.129286,-0.000995,0.007305,1.7515,-4.0807,-4.0490,-0.0522,-0.0378,0.1853
23.9322,-2.184246,-1.477012,1.906926,-1.938240,-1.634680,2.752357,0.108932,-0.077089,-0.440664,0.159154,-0.000743,0.008256,1.5837,-4.1375,-3.9501,-0.0202,-0.0565,0.1711
23.9424,-2.183029,-1.477890,1.902350,-1.936480,-1.634649,2.752441,0.127784,-0.092217,-0.460044,0.186937,-0.001511,0.009613,1.6681,-4.0357,-3.9880,-0.0100,-0.0528,0.1845
23.9525,-2.181607,-1.478919,1.897581,-1.934438,-1.634645,2.752499,0.148980,-0.106610,-0.475729,0.213880,-0.001274,0.011269,1.8058,-3.9017,-3.5285,0.0045,-0.0810,0.2016
23.9624,-2.179948,-1.480108,1.892748,-1.932162,-1.634713,2.752685,0.166722,-0.123605,-0.487187,0.243955,-0.001815,0.014619,1.7207,-3.7073,-3.6447,0.0323,-0.0736,0.1923
23.9724,-2.178118,-1.481461,1.887811,-1.929441,-1.634700,2.752846,0.193255,-0.141356,-0.514704,0.279275,-0.000923,0.022734,1.8124,-3.8965,-3.8477,0.0106,-0.0945,0.1981
23.9824,-2.176081,-1.482888,1.882535,-1.926563,-1.634744,2.753137,0.209715,-0.146863,-0.527833,0.311192,-0.002931,0.033498,1.7881,-4.0713,-4.1882,0.0631,-0.0838,0.2248
23.9924,-2.173893,-1.484472,1.877149,-1.923314,-1.634705,2.753572,0.224757,-0.154905,-0.547086,0.343060,-0.001063,0.048624,1.6653,-3.7448,-3.7108,0.1019,-0.0969,0.2420
24.0024,-2.171606,-1.486096,1.871629,-1.919695,-1.634709,2.754147,0.236097,-0.161053,-0.561707,0.372540,-0.001338,0.066391,1.6449,-3.6517,-3.8585,0.0630,-0.1120,0.2938
24.0122,-2.169236,-1.487767,1.865946,-1.915772,-1.634736,2.754969,0.242315,-0.160970,-0.571082,0.398496,-0.000897,0.088190,1.5831,-3.4631,-3.5592,0.0445,-0.1043,0.2713
24.0223,-2.166789,-1.489433,1.860189,-1.911725,-1.634705,2.755998,0.247922,-0.157244,-0.577820,0.412611,-0.000625,0.112476,1.3428,-3.3315,-3.6790,0.0808,-0.0938,0.3306
24.0322,-2.164346,-1.491031,1.854330,-1.907357,-1.634721,2.757309,0.248066,-0.157451,-0.586113,0.437854,-0.000418,0.143353,1.2667,-2.9199,-3.6746,0.0216,-0.0956,0.2962
24.0423,-2.161895,-1.492585,1.848441,-1.902929,-1.634713,2.758929,0.245513,-0.145785,-0.588069,0.445648,-0.000314,0.172529,1.0812,-3.0529,-3.5137,0.0716,-0.0818,0.3119
24.0525,-2.159468,-1.493996,1.842530,-1.898511,-1.634693,2.760822,0.238114,-0.136267,-0.587111,0.448850,-0.000251,0.201193,1.0153,-2.8527,-3.2036,0.1201,-0.0765,0.2923
24.0625,-2.157101,-1.495328,1.836683,-1.893973,-1.634709,2.763007,0.229810,-0.127059,-0.583865,0.460433,-0.000209,0.229548,1.0010,-2.8476,-3.2775,0.0750,-0.0630,0.2994
24.0727,-2.154794,-1.496587,1.830842,-1.889350,-1.634713,2.765439,0.220679,-0.121319,-0.589768,0.470838,-0.000180,0.261760,0.9559,-2.7549,-3.5154,0.0552,-0.0528,0.3154
24.0823,-2.152605,-1.497715,1.824958,-1.884544,-1.634708,2.768230,0.213772,-0.108211,-0.592670,0.481391,-0.000051,0.288642,0.9815,-2.7873,-3.5767,0.0378,-0.0170,0.3480
24.0923,-2.150451,-1.498710,1.819034,-1.879645,-1.634705,2.771279,0.207981,-0.097187,-0.590816,0.485816,-0.000045,0.311081,0.9381,-2.6799,-3.3930,0.0584,-0.0251,0.3056
24.1024,-2.148416,-1.499605,1.813149,-1.874784,-1.634697,2.774514,0.194921,-0.088799,-0.590016,0.488410,-0.000020,0.328335,0.9682,-2.6957,-3.5347,0.0942,-0.0086,0.3016
24.1124,-2.146509,-1.500443,1.807243,-1.869854,-1.634735,2.777919,0.186621,-0.077387,-0.585158,0.495309,-0.000000,0.338951,1.0432,-2.6966,-3.4055,0.0809,-0.0074,0.2928
24.1223,-2.144655,-1.501137,1.801440,-1.864941,-1.634685,2.781410,0.182186,-0.067738,-0.577079,0.491021,-0.000000,0.343118,1.1159,-2.7327,-3.5043,0.1811,0.0300,0.3314
24.1324,-2.142853,-1.501737,1.795718,-1.860002,-1.634673,2.784840,0.179791,-0.061240,-0.574299,0.504579,0.001163,0.350384,1.0121,-2.5162,-3.2840,0.1269,0.0276,0.2894
24.1425,-2.141102,-1.502236,1.790024,-1.854922,-1.634645,2.788304,0.175994,-0.048789,-0.563005,0.508236,0.000955,0.352707,1.0750,-2.5699,-3.2850,0.0843,0.0534,0.2813
24.1526,-2.139411,-1.502695,1.784406,-1.849737,-1.634621,2.791744,0.171997,-0.041300,-0.550010,0.507301,0.002028,0.348317,1.1330,-2.6749,-3.1222,0.0430,0.0731,0.2359
24.1623,-2.137695,-1.503040,1.778987,-1.844727,-1.634645,2.795133,0.175012,-0.036291,-0.537838,0.502882,0.003139,0.342930,1.2784,-2.6088,-2.8761,0.0691,0.1067,0.2205
24.1729,-2.135932,-1.503373,1.773634,-1.839613,-1.634625,2.798537,0.188838,-0.031612,-0.529612,0.509419,0.005419,0.338917,1.3926,-2.6221,-3.0581,0.0869,0.1013,0.2216
24.1823,-2.134001,-1.503618,1.768460,-1.834534,-1.634589,2.801884,0.196783,-0.025437,-0.518278,0.513161,0.003773,0.330744,1.7625,-2.8717,-3.3529,0.0677,0.1807,0.2366
24.1923,-2.131991,-1.503876,1.763324,-1.829375,-1.634581,2.805157,0.212193,-0.022142,-0.508089,0.516614,0.004329,0.320295,1.6790,-2.8549,-3.1084,0.0687,0.1465,0.2703
24.2024,-2.129818,-1.504049,1.758361,-1.824272,-1.634517,2.808359,0.223703,-0.020422,-0.495496,0.512242,0.005216,0.309539,1.6972,-2.9420,-2.9980,0.0534,0.1708,0.2673
24.2123,-2.127452,-1.504240,1.753454,-1.819132,-1.634489,2.811470,0.237576,-0.019658,-0.476992,0.503601,0.005330,0.297679,1.6576,-2.9875,-3.0345,0.0430,0.1541,0.2540
24.2223,-2.124972,-1.504447,1.748752,-1.814161,-1.634434,2.814379,0.250633,-0.022556,-0.459175,0.493059,0.005689,0.287713,1.8748,-3.0946,-2.9357,0.0707,0.1833,0.2716
24.2322,-2.122300,-1.504703,1.744293,-1.809238,-1.634377,2.817198,0.263996,-0.029862,-0.436667,0.488043,0.005406,0.281970,1.7371,-3.0193,-3.0714,0.0425,0.1738,0.2395
24.2426,-2.119563,-1.505009,1.740078,-1.804483,-1.634290,2.819948,0.272882,-0.034171,-0.415102,0.472378,0.006390,0.273881,1.6500,-3.1975,-2.9054,0.0428,0.1525,0.2319
24.2524,-2.116741,-1.505396,1.736121,-1.799929,-1.634246,2.822554,0.279012,-0.043386,-0.391748,0.450613,0.005136,0.263609,1.7196,-3.3464,-2.7690,0.0960,0.1635,0.2345
24.2624,-2.113856,-1.505965,1.732324,-1.795455,-1.634163,2.825136,0.293735,-0.062269,-0.364125,0.445386,0.007384,0.260276,1.6610,-3.5466,-2.7698,0.0582,0.1601,0.2503
24.2724,-2.110817,-1.506748,1.728889,-1.790980,-1.634145,2.827721,0.321231,-0.102723,-0.335289,0.442105,0.009067,0.263556,2.0956,-3.9700,-2.8387,0.0133,0.1746,0.2364
24.2824,-2.107639,-1.507807,1.725712,-1.786541,-1.634032,2.830359,0.328804,-0.124478,-0.299812,0.438551,0.006883,0.266055,2.5753,-4.8416,-2.7465,-0.0619,0.1935,0.2740
24.2924,-2.104253,-1.509248,1.722877,-1.782277,-1.633967,2.833108,0.350688,-0.160084,-0.266377,0.423417,0.008074,0.269735,1.9116,-4.6128,-2.6784,-0.0084,0.1820,0.2446
24.3025,-2.100756,-1.511029,1.720404,-1.778109,-1.633907,2.835865,0.358092,-0.193880,-0.231641,0.411126,0.010871,0.271187,2.0551,-4.7407,-2.5525,0.0067,0.1945,0.2521
24.3122,-2.097140,-1.513214,1.718334,-1.774113,-1.633779,2.838553,0.364224,-0.225719,-0.196600,0.395370,0.011471,0.271609,1.8159,-4.4921,-2.4716,0.0075,0.1508,0.2496
24.3224,-2.093404,-1.515718,1.716562,-1.770288,-1.633656,2.841357,0.368375,-0.252207,-0.160158,0.377320,0.012547,0.269350,1.9480,-4.5543,-2.4695,-0.0008,0.1933,0.2702
24.3323,-2.089597,-1.518542,1.715172,-1.766685,-1.633531,2.844076,0.375202,-0.284225,-0.122359,0.360549,0.013072,0.272162,1.6416,-4.1772,-2.3027,-0.0163,0.1828,0.2544
24.3423,-2.085784,-1.521533,1.714142,-1.763205,-1.633356,2.846805,0.370865,-0.301718,-0.089433,0.340930,0.013437,0.270511,1.5409,-4.2357,-2.3327,-0.0249,0.1713,0.2617
24.3523,-2.082072,-1.524778,1.713472,-1.759947,-1.633210,2.849435,0.367180,-0.318860,-0.055631,0.315394,0.013985,0.267392,1.4215,-3.9916,-2.3688,-0.0382,0.1559,0.2840
24.3626,-2.078418,-1.528121,1.713056,-1.756863,-1.633046,2.852073,0.366637,-0.337796,-0.027067,0.293779,0.016613,0.265615,1.2165,-3.6518,-2.1946,-0.0407,0.1654,0.2416
24.3724,-2.074824,-1.531544,1.712955,-1.754018,-1.632878,2.854699,0.364978,-0.354755,0.007397,0.275504,0.017671,0.267979,1.3655,-3.6591,-0.8227,0.0046,0.1581,0.2498
24.3823,-2.071225,-1.535122,1.713222,-1.751413,-1.632719,2.857341,0.365169,-0.368004,0.038340,0.259020,0.018607,0.267416,1.7349,-3.8171,-1.0382,0.0326,0.1915,0.2297
24.3927,-2.067590,-1.538759,1.713776,-1.748819,-1.632534,2.860035,0.369133,-0.377224,0.060982,0.247155,0.019690,0.268189,1.4609,-3.6352,-1.0550,-0.0787,0.1888,0.2557
24.4030,-2.063929,-1.542485,1.714451,-1.746445,-1.632293,2.862712,0.369917,-0.379689,0.078202,0.229331,0.023186,0.266241,1.5064,-3.7684,-0.9507,-0.0498,0.1930,0.2270
24.4126,-2.060190,-1.546350,1.715382,-1.744211,-1.632062,2.865381,0.367276,-0.382463,0.096162,0.216413,0.024061,0.262840,1.5883,-3.5761,-0.8651,-0.0487,0.2105,0.2437
24.4226,-2.056432,-1.550228,1.716436,-1.742120,-1.631842,2.868056,0.369906,-0.378953,0.110436,0.201904,0.027325,0.258776,2.0298,-3.8706,-0.8239,-0.0512,0.2356,0.2591
24.4323,-2.052592,-1.554227,1.717624,-1.740229,-1.631594,2.870658,0.381322,-0.384504,0.126399,0.188855,0.029762,0.260587,1.8741,-3.4523,-0.8145,-0.0293,0.2217,0.2276
24.4426,-2.048714,-1.558106,1.718983,-1.738425,-1.631165,2.873275,0.382817,-0.379810,0.141860,0.176133,0.033402,0.256276,1.7561,-3.2013,-0.6528,-0.0406,0.1640,0.2587
24.4524,-2.044870,-1.561903,1.720470,-1.736773,-1.630876,2.875868,0.388117,-0.373193,0.159644,0.162647,0.030880,0.252251,1.7407,-2.9396,-0.5151,-0.0120,0.2292,0.2371
24.4624,-2.040961,-1.565592,1.722219,-1.735228,-1.630529,2.878376,0.399009,-0.375147,0.178381,0.150588,0.037689,0.251486,1.5800,-2.7104,-0.6229,-0.0704,0.1903,0.2409
24.4724,-2.036927,-1.569228,1.724126,-1.733812,-1.630107,2.880843,0.423805,-0.371243,0.200608,0.138600,0.045242,0.252997,1.8388,-3.0862,-0.2848,-0.0409,0.2193,0.2504
24.4825,-2.032669,-1.572781,1.726303,-1.732444,-1.629640,2.883327,0.432447,-0.367003,0.226390,0.125865,0.048119,0.252861,2.2063,-3.6469,-0.4019,-0.0669,0.2684,0.2737
24.4925,-2.028199,-1.576436,1.728707,-1.731333,-1.629113,2.885839,0.446257,-0.366433,0.251100,0.106477,0.053304,0.255437,1.9936,-3.7151,-0.7304,-0.0738,0.2406,0.2607
24.5024,-2.023598,-1.580081,1.731388,-1.730244,-1.628516,2.888389,0.457502,-0.363798,0.269936,0.097666,0.061629,0.256749,2.0241,-3.6701,-0.5680,-0.1257,0.2693,0.2349
24.5123,-2.018943,-1.583810,1.734173,-1.729402,-1.627847,2.890920,0.466336,-0.362360,0.286376,0.080944,0.066555,0.257171,1.8568,-3.6285,-0.7124,-0.1358,0.2445,0.2480
24.5223,-2.014296,-1.587540,1.737060,-1.728670,-1.627089,2.893484,0.471043,-0.362439,0.297807,0.069694,0.070560,0.255165,2.1359,-3.6695,-0.5135,-0.1253,0.2497,0.2662
24.5324,-2.009554,-1.591270,1.740110,-1.728060,-1.626351,2.896040,0.481916,-0.370746,0.310667,0.057928,0.077040,0.255703,1.6351,-2.9955,-0.5927,-0.0732,0.2300,0.2256
24.5423,-2.004770,-1.594898,1.743244,-1.727491,-1.625501,2.898627,0.478202,-0.362383,0.316823,0.049707,0.081207,0.250592,1.5883,-2.9665,-0.5318,-0.0835,0.2259,0.2413
24.5526,-1.999932,-1.598453,1.746495,-1.726999,-1.624663,2.901158,0.473043,-0.353761,0.322160,0.045121,0.081620,0.247740,1.1716,-2.7680,-0.7393,-0.1125,0.2160,0.2428
24.5623,-1.995266,-1.601836,1.749728,-1.726555,-1.623743,2.903630,0.453398,-0.339756,0.320039,0.039506,0.086234,0.237935,1.0329,-2.7290,-1.0751,-0.1620,0.1970,0.2342
24.5724,-1.990763,-1.605090,1.752903,-1.726224,-1.622822,2.906003,0.430059,-0.321597,0.312538,0.029786,0.087407,0.228541,0.9260,-2.7487,-1.1280,-0.1683,0.1771,0.2108
24.5823,-1.986574,-1.608247,1.755961,-1.725948,-1.621962,2.908222,0.411021,-0.308417,0.302109,0.023954,0.088065,0.218010,1.1010,-2.9028,-1.0403,-0.1545,0.2093,0.2454
24.5924,-1.982628,-1.611281,1.758954,-1.725761,-1.621074,2.910339,0.392352,-0.295872,0.292616,0.016658,0.085706,0.208194,1.0566,-2.6466,-1.1173,-0.1128,0.1880,0.2204
24.6024,-1.978833,-1.614230,1.761792,-1.725577,-1.620224,2.912303,0.374158,-0.281340,0.280893,0.014370,0.081656,0.200175,1.0818,-2.5696,-1.0502,-0.1346,0.2268,0.2211
24.6124,-1.975284,-1.616983,1.764499,-1.725422,-1.619379,2.914223,0.357744,-0.266073,0.269665,0.013425,0.081763,0.190528,1.1754,-2.6471,-1.0861,-0.1771,0.1929,0.2213
24.6223,-1.971762,-1.619626,1.767153,-1.725362,-1.618621,2.916050,0.348259,-0.257501,0.262503,0.007621,0.075275,0.183967,1.4556,-3.0648,-0.7945,-0.1344,0.2450,0.2350
24.6324,-1.968280,-1.622219,1.769786,-1.725310,-1.617911,2.917870,0.348024,-0.258395,0.258407,0.003962,0.072443,0.185411,1.4587,-2.9010,-0.9238,-0.1380,0.2238,0.2182
24.6424,-1.964764,-1.624718,1.772363,-1.725289,-1.617196,2.919730,0.346921,-0.250570,0.259357,0.002380,0.070040,0.186239,1.6836,-3.0420,-0.9346,-0.1560,0.2448,0.2103
24.6525,-1.961175,-1.627181,1.774961,-1.725250,-1.616542,2.921522,0.354681,-0.251492,0.258603,0.002255,0.064132,0.187311,1.6472,-3.1587,-0.8958,-0.1597,0.2127,0.2110
24.6623,-1.957579,-1.629680,1.777584,-1.725253,-1.615920,2.923433,0.361796,-0.259644,0.263202,0.001156,0.064481,0.195029,1.7072,-3.3180,-0.8546,-0.1702,0.1698,0.2285
24.6727,-1.953827,-1.632337,1.780298,-1.725238,-1.615344,2.925536,0.393381,-0.290914,0.278147,0.000640,0.058062,0.219753,2.0581,-3.6028,-0.8479,-0.1542,0.1994,0.2758
24.6826,-1.949875,-1.635225,1.783161,-1.725230,-1.614807,2.927926,0.407791,-0.299763,0.294717,0.000520,0.051053,0.243341,2.6732,-4.2007,-1.0339,-0.1677,0.2420,0.3481
24.6924,-1.945731,-1.638355,1.786164,-1.725210,-1.614332,2.930557,0.432699,-0.319272,0.302959,0.000579,0.046834,0.267841,2.2405,-4.1101,-0.9365,-0.2008,0.2359,0.3183
24.7024,-1.941315,-1.641673,1.789212,-1.725214,-1.613862,2.933403,0.456573,-0.334132,0.309622,0.000413,0.046893,0.289647,2.3815,-3.9431,-0.8298,-0.2154,0.2339,0.2917
24.7126,-1.936594,-1.645144,1.792343,-1.725241,-1.613446,2.936445,0.478291,-0.342705,0.315598,0.000281,0.041657,0.306535,2.2426,-3.7577,-0.8719,-0.2414,0.2261,0.2917
24.7224,-1.931568,-1.648729,1.795502,-1.725226,-1.613031,2.939590,0.494990,-0.349387,0.316851,0.000230,0.040864,0.318141,2.4286,-3.6345,-0.6867,-0.2673,0.2122,0.3137
24.7323,-1.926380,-1.652324,1.798680,-1.725261,-1.612633,2.942849,0.515516,-0.353225,0.318638,0.000003,0.036204,0.333652,2.2611,-3.2878,-0.6918,-0.2675,0.2145,0.3262
24.7425,-1.921178,-1.655888,1.801841,-1.725241,-1.612237,2.946182,0.528888,-0.349847,0.316977,0.000000,0.036177,0.342093,2.2393,-3.0168,-0.8501,-0.3037,0.1616,0.3083
24.7524,-1.915864,-1.659274,1.804975,-1.725261,-1.611950,2.949632,0.548419,-0.343763,0.311243,-0.002020,0.030456,0.348320,2.0572,-2.7029,-0.8401,-0.2849,0.2009,0.3008
24.7624,-1.910342,-1.662604,1.808100,-1.725265,-1.611682,2.953105,0.559810,-0.331725,0.309573,-0.000840,0.028737,0.354069,1.7706,-2.5861,-1.0573,-0.3146,0.2130,0.2993
24.7722,-1.904581,-1.665824,1.811217,-1.725250,-1.611399,2.956735,0.584152,-0.321724,0.307756,-0.000301,0.029329,0.360802,2.1074,-2.5941,-0.7219,-0.3096,0.1977,0.2882
24.7824,-1.898573,-1.668924,1.814283,-1.725234,-1.611156,2.960379,0.594082,-0.304160,0.305639,-0.000455,0.024741,0.366747,2.4161,-2.6304,-0.9608,-0.3408,0.2633,0.3032
24.7923,-1.892527,-1.671955,1.817297,-1.725247,-1.610873,2.964166,0.603607,-0.287920,0.302467,-0.002878,0.023751,0.370025,2.1128,-2.3655,-1.0617,-0.3647,0.2020,0.2920
24.8027,-1.886530,-1.674770,1.820255,-1.725286,-1.610660,2.967917,0.617906,-0.268242,0.291204,-0.003125,0.022059,0.371416,2.2518,-2.4122,-0.8985,-0.3852,0.2122,0.3032
24.8123,-1.880366,-1.677429,1.823133,-1.725325,-1.610471,2.971613,0.625293,-0.249995,0.283381,-0.004207,0.018392,0.373836,1.9930,-1.9925,-0.9841,-0.4005,0.2274,0.2725
24.8224,-1.874039,-1.679822,1.825858,-1.725370,-1.610224,2.975337,0.628719,-0.226284,0.272773,-0.006431,0.021409,0.374978,1.9669,-2.0370,-0.8324,-0.4048,0.1985,0.2994
24.8322,-1.867563,-1.681995,1.828536,-1.725460,-1.610059,2.979074,0.635420,-0.205562,0.264850,-0.008656,0.016930,0.378374,1.9003,-1.9302,-0.8338,-0.3833,0.2001,0.2799
24.8423,-1.861181,-1.683870,1.831163,-1.725493,-1.609824,2.982805,0.630649,-0.181038,0.256126,-0.005248,0.016473,0.375813,1.9007,-1.8372,-0.9282,-0.3968,0.1750,0.2579
24.8524,-1.854902,-1.685556,1.833675,-1.725498,-1.609686,2.986557,0.637323,-0.157300,0.247356,-0.006150,0.013745,0.368980,1.7143,-2.0085,-1.1192,-0.4392,0.1349,0.2598
24.8622,-1.848625,-1.686958,1.836078,-1.725577,-1.609608,2.990257,0.632615,-0.135588,0.233801,-0.006204,0.010618,0.364139,1.6247,-2.0167,-1.1354,-0.4506,0.1856,0.2872
24.8724,-1.842293,-1.688165,1.838342,-1.725633,-1.609461,2.993981,0.641549,-0.117980,0.224709,-0.007254,0.013078,0.363417,2.0356,-2.1303,-1.1426,-0.4350,0.1737,0.3027
24.8825,-1.835803,-1.689237,1.840547,-1.725705,-1.609431,2.997614,0.641771,-0.098504,0.213795,-0.007502,0.009601,0.363445,2.0623,-2.2021,-1.0473,-0.4264,0.2070,0.3087
24.8922,-1.829329,-1.690091,1.842663,-1.725772,-1.609272,3.001378,0.642576,-0.083983,0.204823,-0.008805,0.007627,0.367182,1.9359,-2.0942,-1.2496,-0.4320,0.1510,0.3211
24.9023,-1.822988,-1.690817,1.844668,-1.725800,-1.609204,3.005037,0.643274,-0.070146,0.195293,-0.007694,0.006194,0.370191,2.1939,-2.3100,-1.4031,-0.4758,0.1743,0.3071
24.9126,-1.816654,-1.691462,1.846551,-1.725903,-1.609213,3.008733,0.645342,-0.059074,0.183367,-0.009200,0.003005,0.375273,1.7555,-2.1731,-1.4246,-0.4665,0.1875,0.3127
24.9224,-1.810174,-1.692003,1.848279,-1.725979,-1.609145,3.012437,0.640808,-0.048946,0.171858,-0.010243,0.005365,0.379175,2.0019,-2.0874,-1.2823,-0.4698,0.1580,0.3073
24.9322,-1.803621,-1.692388,1.849922,-1.726111,-1.609078,3.016301,0.637861,-0.038189,0.156988,-0.010281,0.004489,0.388353,1.9089,-2.0881,-1.1062,-0.4692,0.1583,0.3037
24.9424,-1.797244,-1.692695,1.851465,-1.726163,-1.609002,3.020140,0.632203,-0.028814,0.148097,-0.008197,0.005199,0.386932,2.0146,-2.0895,-1.2062,-0.4890,0.1387,0.2754
24.9524,-1.791007,-1.692949,1.852916,-1.726246,-1.608958,3.024057,0.632091,-0.020715,0.141399,-0.009955,0.003431,0.384055,1.7576,-2.1391,-1.2761,-0.4796,0.1236,0.2665
24.9625,-1.784779,-1.693156,1.854302,-1.726303,-1.609001,3.027946,0.625238,-0.015252,0.131955,-0.010315,0.001434,0.379740,1.5445,-2.0408,-1.5693,-0.5094,0.1539,0.2541
24.9724,-1.778433,-1.693241,1.855518,-1.726478,-1.608973,3.031792,0.634979,-0.008999,0.118022,-0.012344,0.003370,0.383504,1.9160,-1.9353,-1.2124,-0.4488,0.1694,0.2648
24.9824,-1.772047,-1.693277,1.856633,-1.726609,-1.608946,3.035638,0.632181,-0.001098,0.109687,-0.011310,0.001720,0.382707,2.0223,-1.7569,-1.2777,-0.4736,0.2009,0.3369
24.9924,-1.765685,-1.693229,1.857647,-1.726698,-1.608889,3.039430,0.630944,0.004035,0.099734,-0.013045,0.002552,0.388226,1.8920,-1.6073,-1.3029,-0.4655,0.1302,0.3234
25.0025,-1.759502,-1.693166,1.858618,-1.726782,-1.608905,3.043262,0.631508,0.006534,0.093157,-0.012454,0.001149,0.390398,2.1065,-1.5235,-1.4143,-0.5196,0.1584,0.2938
25.0124,-1.753253,-1.693064,1.859485,-1.726944,-1.608948,3.047173,0.633383,0.007864,0.082974,-0.014740,0.001175,0.391508,1.8471,-1.3412,-1.4686,-0.5295,0.1435,0.2767
25.0229,-1.746854,-1.693023,1.860195,-1.727127,-1.608881,3.051040,0.628630,0.009717,0.071942,-0.016887,0.000805,0.387178,1.9719,-1.3143,-1.3633,-0.5113,0.1565,0.2648
25.0326,-1.740453,-1.692915,1.860896,-1.727273,-1.608835,3.054953,0.628949,0.010523,0.064815,-0.017308,0.001598,0.384954,1.7457,-1.3015,-1.4348,-0.4875,0.1454,0.2592
25.0422,-1.734198,-1.692780,1.861501,-1.727419,-1.608803,3.058829,0.619739,0.011415,0.054473,-0.015865,0.000737,0.378739,2.0250,-1.2610,-1.2941,-0.5318,0.1532,0.2475
25.0524,-1.728081,-1.692700,1.861966,-1.727603,-1.608786,3.062621,0.623337,0.011265,0.048269,-0.017794,0.002080,0.367698,1.7427,-1.2470,-1.4498,-0.5364,0.0996,0.2549
25.0626,-1.721931,-1.692616,1.862460,-1.727773,-1.608830,3.066252,0.615918,0.010448,0.039702,-0.018254,0.000848,0.358779,1.7081,-1.1687,-1.3844,-0.5621,0.0799,0.2711
25.0725,-1.715695,-1.692514,1.862766,-1.728041,-1.608861,3.069735,0.626719,0.008260,0.031961,-0.022795,0.000534,0.355063,1.8314,-1.0548,-1.3536,-0.5059,0.1008,0.2676
25.0823,-1.709360,-1.692418,1.863054,-1.728221,-1.608807,3.073212,0.623815,0.010465,0.027565,-0.020305,0.000341,0.352187,2.2531,-1.1516,-1.3914,-0.4938,0.0574,0.2734
25.0925,-1.703063,-1.692336,1.863306,-1.728437,-1.608817,3.076665,0.626469,0.011247,0.022574,-0.021110,0.000093,0.349307,1.9302,-1.1402,-1.4578,-0.5204,0.0087,0.2669
25.1022,-1.696874,-1.692218,1.863552,-1.728601,-1.608821,3.080149,0.626888,0.010447,0.019387,-0.020990,0.000000,0.344378,2.0456,-1.1892,-1.5507,-0.5524,-0.0353,0.2470
25.1124,-1.690680,-1.692138,1.863689,-1.728835,-1.608901,3.083559,0.629577,0.009021,0.014159,-0.024240,-0.003712,0.334516,1.8354,-1.0432,-1.5346,-0.5444,-0.0318,0.2785
25.1225,-1.684377,-1.692066,1.863789,-1.729166,-1.608885,3.086938,0.625582,0.009706,0.008363,-0.027005,-0.002958,0.328950,1.9711,-1.0073,-1.5624,-0.4966,-0.0791,0.2742
25.1325,-1.678023,-1.691940,1.863849,-1.729425,-1.608910,3.090263,0.625960,0.009396,0.002728,-0.025350,-0.005346,0.327870,1.6622,-0.9794,-1.5346,-0.4910,-0.0664,0.2589
25.1427,-1.671746,-1.691848,1.863861,-1.729637,-1.608925,3.093577,0.617900,0.011132,0.000744,-0.025369,-0.004681,0.324153,2.0184,-1.1048,-1.7725,-0.5090,-0.0903,0.2715
25.1524,-1.665589,-1.691740,1.863841,-1.729923,-1.608984,3.096789,0.621469,0.012152,-0.000281,-0.027433,-0.003309,0.317809,1.5519,-1.0218,-1.9231,-0.5177,-0.1336,0.2798
25.1625,-1.659491,-1.691633,1.863821,-1.730167,-1.609024,3.099935,0.614796,0.012468,-0.001886,-0.026770,-0.005624,0.317436,1.6848,-0.9366,-2.0419,-0.5237,-0.1016,0.2675
25.1724,-1.653221,-1.691525,1.863766,-1.730502,-1.609060,3.103067,0.625665,0.011983,-0.003648,-0.029187,-0.002823,0.316937,1.9470,-0.9097,-2.0443,-0.4799,-0.0923,0.2615
25.1823,-1.646879,-1.691394,1.863753,-1.730790,-1.609129,3.106158,0.623610,0.014777,-0.003974,-0.026921,-0.004982,0.317286,2.2507,-0.8307,-2.1715,-0.5032,-0.0590,0.2694
25.1925,-1.640602,-1.691215,1.863744,-1.731074,-1.609090,3.109350,0.625941,0.019193,-0.003214,-0.027454,-0.004410,0.316187,1.9058,-0.9450,-2.2826,-0.5037,-0.0936,0.2461
25.2025,-1.634476,-1.690999,1.863713,-1.731289,-1.609153,3.112441,0.626915,0.022159,-0.002386,-0.025274,-0.004251,0.311008,2.0318,-0.9864,-2.3825,-0.5448,-0.0874,0.2390
25.2123,-1.628237,-1.690777,1.863717,-1.731579,-1.609232,3.115535,0.629671,0.023499,-0.002994,-0.028934,-0.004946,0.301924,1.7596,-0.8480,-2.4747,-0.5348,-0.0880,0.2578
25.2223,-1.621935,-1.690523,1.863649,-1.731883,-1.609220,3.118502,0.625521,0.025733,-0.004451,-0.030022,-0.002343,0.290821,2.0189,-0.8536,-2.3579,-0.4708,-0.0883,0.2546
25.2322,-1.615588,-1.690260,1.863598,-1.732183,-1.609209,3.121372,0.623790,0.028129,-0.004333,-0.027315,-0.001337,0.276112,1.6993,-0.7860,-2.3319,-0.4795,-0.1155,0.2117
25.2422,-1.609349,-1.690002,1.863578,-1.732429,-1.609221,3.124107,0.611678,0.033723,-0.002537,-0.023609,-0.002046,0.259502,1.5694,-0.9364,-2.4792,-0.5174,-0.1232,0.2110
25.2523,-1.603396,-1.689622,1.863565,-1.732657,-1.609232,3.126609,0.595192,0.036341,-0.001786,-0.024811,-0.002833,0.241232,1.1840,-0.8681,-2.5145,-0.5084,-0.1172,0.2137
25.2623,-1.597612,-1.689275,1.863565,-1.732877,-1.609225,3.128885,0.572884,0.036225,-0.001175,-0.025195,-0.001616,0.218590,1.2090,-0.7432,-2.5968,-0.5184,-0.1075,0.2068
25.2722,-1.592035,-1.688936,1.863530,-1.733156,-1.609240,3.130951,0.551928,0.038612,-0.002347,-0.026817,-0.000883,0.198525,0.9327,-0.7526,-2.4702,-0.4767,-0.0636,0.2006
25.2823,-1.586639,-1.688527,1.863537,-1.733443,-1.609225,3.132776,0.521715,0.040257,-0.002507,-0.023348,-0.000077,0.179604,0.9880,-0.7211,-2.4500,-0.4616,0.0454,0.1481
25.2925,-1.581542,-1.688136,1.863509,-1.733635,-1.609192,3.134426,0.483402,0.041559,-0.001449,-0.021161,0.003579,0.159029,0.8933,-0.7782,-2.5535,-0.5049,0.1201,0.1671
25.3024,-1.576870,-1.687702,1.863521,-1.733807,-1.609093,3.135830,0.449472,0.042368,-0.001268,-0.020503,0.013207,0.137033,0.8144,-0.8479,-2.6170,-0.5199,0.1098,0.1720
25.3124,-1.572604,-1.687292,1.863536,-1.734014,-1.608930,3.137093,0.415297,0.041375,-0.002224,-0.020620,0.017086,0.119464,0.7136,-0.8027,-2.6671,-0.5213,0.1349,0.1550
25.3232,-1.568764,-1.686932,1.863453,-1.734245,-1.608758,3.138098,0.380062,0.039520,-0.004931,-0.021551,0.025899,0.099464,0.6243,-0.7783,-2.6370,-0.4907,0.1740,0.1425
25.3322,-1.565224,-1.686534,1.863370,-1.734472,-1.608444,3.138969,0.343622,0.038881,-0.007062,-0.020918,0.039050,0.081154,0.4219,-0.7787,-2.6685,-0.4834,0.2190,0.1731
25.3424,-1.562016,-1.686143,1.863314,-1.734640,-1.607926,3.139697,0.305917,0.039764,-0.007505,-0.019103,0.054153,0.068086,0.4298,-0.8393,-2.7121,-0.4954,0.2433,0.1307
25.3529,-1.559149,-1.685709,1.863254,-1.734796,-1.607316,3.140269,0.271424,0.038117,-0.007951,-0.018057,0.073359,0.051405,0.4198,-0.8150,-2.7469,-0.5097,0.2503,0.1387
25.3624,-1.556636,-1.685299,1.863159,-1.734971,-1.606353,3.140694,0.235231,0.037300,-0.010363,-0.019407,0.093988,0.037990,0.4027,-0.9679,-2.8866,-0.5308,0.2722,0.1281
25.3724,-1.554421,-1.684960,1.863044,-1.735218,-1.605313,3.141033,0.203110,0.036920,-0.014943,-0.023552,0.126752,0.030154,0.3666,-0.8926,-2.8819,-0.5343,0.2855,0.1337
25.3823,-1.552510,-1.684606,1.862910,-1.735466,-1.603864,3.141273,0.172736,0.034453,-0.017934,-0.026560,0.158042,0.021244,0.5366,-0.8356,-2.8293,-0.5344,0.3198,0.1370
25.3923,-1.550948,-1.684238,1.862680,-1.735777,-1.602125,3.141390,0.148775,0.035496,-0.020377,-0.030092,0.186055,0.014107,0.4907,-0.9837,-2.8728,-0.5229,0.3041,0.1307
25.4023,-1.549632,-1.683846,1.862483,-1.736095,-1.600096,3.141526,0.122764,0.034985,-0.023641,-0.034041,0.212302,0.007849,0.4584,-0.8810,-2.9410,-0.5230,0.3143,0.1189
25.4124,-1.548543,-1.683533,1.862235,-1.736427,-1.597826,3.141562,0.100803,0.036076,-0.027836,-0.039122,0.236316,0.001556,0.3703,-0.9765,-2.9883,-0.5421,0.2670,0.1089
25.4223,-1.547659,-1.683147,1.861892,-1.736889,-1.595349,3.141550,0.081744,0.035904,-0.034467,-0.044663,0.249262,0.000473,0.5983,-0.8409,-3.1102,-0.5299,0.2946,0.0736
25.4324,-1.546934,-1.682799,1.861489,-1.737340,-1.592711,3.141534,0.068396,0.036870,-0.043805,-0.047204,0.262044,0.000139,0.6165,-0.9527,-3.1404,-0.5549,0.3029,0.0551
25.4423,-1.546335,-1.682401,1.861028,-1.737846,-1.590038,3.141543,0.052568,0.039354,-0.051027,-0.051685,0.267268,0.000100,0.6707,-1.0465,-3.2356,-0.5627,0.2762,0.0541
25.4525,-1.545859,-1.681986,1.860464,-1.738360,-1.587369,3.141531,0.043943,0.041571,-0.062793,-0.055784,0.266010,0.000039,0.7561,-0.7640,-3.3852,-0.5395,0.2677,0.0655
25.4623,-1.545411,-1.681458,1.859695,-1.738966,-1.584806,3.141590,0.045033,0.057704,-0.083360,-0.061596,0.254624,0.000112,0.8994,-0.5769,-3.5846,-0.5683,0.2719,0.1239
25.4723,-1.544889,-1.680713,1.858671,-1.739641,-1.582382,3.141594,0.060835,0.094857,-0.128826,-0.076124,0.237841,0.009381,1.0611,-0.0693,-4.0466,-0.5743,0.2707,0.1755
25.4825,-1.544235,-1.679615,1.857115,-1.740446,-1.580197,3.141758,0.077908,0.126500,-0.172275,-0.083630,0.215948,0.016605,1.6952,0.4959,-4.1712,-0.6002,0.2652,0.1521
25.4924,-1.543289,-1.678103,1.855126,-1.741351,-1.578252,3.141897,0.107026,0.168882,-0.218530,-0.091953,0.191242,0.017228,1.6802,0.6004,-3.9724,-0.5508,0.2444,0.1496
25.5023,-1.542075,-1.676149,1.852629,-1.742355,-1.576542,3.142077,0.140330,0.211694,-0.264347,-0.100744,0.168504,0.019540,2.1020,0.8259,-4.0452,-0.5918,0.2012,0.1783
25.5123,-1.540465,-1.673762,1.849732,-1.743375,-1.575035,3.142313,0.182895,0.258208,-0.307908,-0.106352,0.135988,0.023517,2.0631,0.5211,-4.0655,-0.6018,0.2105,0.1694
25.5223,-1.538431,-1.670924,1.846393,-1.744542,-1.573846,3.142577,0.220440,0.298914,-0.349137,-0.117586,0.109988,0.025493,2.1757,1.0019,-4.2121,-0.5842,0.2236,0.1625
25.5322,-1.535940,-1.667604,1.842607,-1.745751,-1.572924,3.142800,0.266682,0.346196,-0.391956,-0.123281,0.084429,0.028078,2.3606,0.8323,-4.0444,-0.6057,0.1901,0.1724
25.5424,-1.533052,-1.663963,1.838487,-1.747024,-1.572290,3.143088,0.308765,0.383657,-0.426178,-0.129582,0.056436,0.028964,2.3391,0.9158,-4.1913,-0.5671,0.2193,0.1751
25.5523,-1.529687,-1.659881,1.833969,-1.748356,-1.571827,3.143385,0.355007,0.425576,-0.463575,-0.132474,0.036741,0.028494,2.1106,0.5893,-3.9258,-0.5826,0.1803,0.1480
25.5624,-1.525875,-1.655448,1.829120,-1.749767,-1.571625,3.143672,0.388573,0.458525,-0.493518,-0.137808,0.015352,0.027636,2.1102,0.5153,-3.8452,-0.5722,0.1805,0.1456
25.5722,-1.521676,-1.650672,1.823995,-1.751176,-1.571596,3.143952,0.436975,0.500370,-0.532838,-0.142028,-0.008641,0.025725,2.3561,0.7890,-3.6979,-0.5355,-0.0458,0.1784
25.5824,-1.517082,-1.645383,1.818523,-1.752631,-1.571824,3.144212,0.470250,0.530535,-0.559322,-0.146758,-0.028444,0.024785,2.6977,1.0002,-3.9554,-0.5779,-0.0437,0.1469
25.5924,-1.512148,-1.639805,1.812795,-1.754128,-1.572018,3.144451,0.510110,0.553873,-0.584087,-0.153354,-0.038863,0.022620,2.3071,0.5407,-3.9325,-0.5147,-0.1653,0.1521
25.6023,-1.506951,-1.634140,1.806866,-1.755647,-1.572464,3.144664,0.539364,0.571327,-0.597379,-0.151167,-0.054875,0.020102,2.5181,-0.0405,-3.7715,-0.5608,-0.2097,0.1547
25.6124,-1.501461,-1.628433,1.800929,-1.757172,-1.573146,3.144848,0.561922,0.575977,-0.599304,-0.154521,-0.075293,0.018061,1.9402,-0.3624,-3.5126,-0.5384,-0.2720,0.1327
25.6225,-1.495783,-1.622708,1.794998,-1.758771,-1.573963,3.144996,0.565342,0.571489,-0.589507,-0.153968,-0.096746,0.013893,1.9401,-0.5508,-3.5497,-0.5483,-0.3002,0.1543
25.6323,-1.490101,-1.616985,1.789104,-1.760315,-1.575056,3.145135,0.561468,0.559516,-0.577554,-0.159353,-0.122907,0.009980,1.6481,-1.0818,-3.1897,-0.4999,-0.2784,0.1637
25.6425,-1.484534,-1.611453,1.783449,-1.761949,-1.576394,3.145180,0.544568,0.535603,-0.552825,-0.157693,-0.141059,0.003559,1.5954,-1.0596,-3.0817,-0.4830,-0.3602,0.1397
25.6524,-1.479201,-1.606261,1.778085,-1.763463,-1.577885,3.145204,0.525912,0.503942,-0.522887,-0.153778,-0.169980,0.001250,0.9748,-0.9846,-2.9646,-0.5364,-0.3588,0.1009
25.6623,-1.474185,-1.601396,1.773047,-1.765068,-1.579743,3.145222,0.495775,0.475874,-0.490279,-0.159186,-0.190731,0.000217,0.9260,-1.1949,-2.8661,-0.5189,-0.3955,0.0510
25.6724,-1.469460,-1.596822,1.768348,-1.766652,-1.581771,3.145192,0.458335,0.448394,-0.451984,-0.160489,-0.224004,-0.001904,0.7371,-1.3288,-2.6709,-0.5277,-0.3707,-0.0338
25.6824,-1.465096,-1.592590,1.764097,-1.768281,-1.584133,3.145155,0.421258,0.417901,-0.411314,-0.166165,-0.249366,-0.004047,0.5915,-1.3725,-2.5693,-0.5076,-0.4250,-0.0717
25.6924,-1.461050,-1.588571,1.760210,-1.769945,-1.586786,3.145108,0.379795,0.387016,-0.366405,-0.164918,-0.267508,-0.008641,0.5647,-1.3923,-2.6115,-0.5348,-0.4020,-0.0805
25.7025,-1.457440,-1.584893,1.756766,-1.771595,-1.589567,3.145015,0.339275,0.358741,-0.323945,-0.169628,-0.283760,-0.011522,0.4319,-1.2134,-2.4334,-0.4837,-0.4075,-0.0824
25.7123,-1.454221,-1.581437,1.753762,-1.773302,-1.592585,3.144935,0.299533,0.328214,-0.280656,-0.170647,-0.299016,-0.011423,0.4967,-1.1909,-2.4855,-0.5062,-0.3395,-0.1057
25.7228,-1.451449,-1.578295,1.751206,-1.775034,-1.595553,3.144804,0.260774,0.302168,-0.237998,-0.174278,-0.301864,-0.014267,0.4501,-0.9950,-2.3203,-0.4864,-0.3486,-0.1126
25.7325,-1.449102,-1.575365,1.749059,-1.776788,-1.598602,3.144676,0.224943,0.282257,-0.198042,-0.175758,-0.304264,-0.015317,0.4682,-1.1126,-2.1999,-0.5039,-0.3404,-0.1350
25.7425,-1.447083,-1.572668,1.747345,-1.778572,-1.601652,3.144517,0.194387,0.262690,-0.160003,-0.181784,-0.297941,-0.017903,0.6471,-1.1676,-2.4209,-0.4744,-0.3432,-0.1401
25.7526,-1.445331,-1.570170,1.745970,-1.780404,-1.604618,3.144420,0.164620,0.243255,-0.125577,-0.182123,-0.288682,-0.020303,0.6915,-1.2443,-2.4909,-0.5244,-0.3109,-0.1537
25.7624,-1.443840,-1.567842,1.744929,-1.782252,-1.607432,3.144264,0.142110,0.228719,-0.088764,-0.186850,-0.272987,-0.021073,0.5757,-1.3918,-2.6103,-0.4898,-0.2933,-0.1473
25.7723,-1.442551,-1.565657,1.744191,-1.784136,-1.610048,3.144065,0.123551,0.219552,-0.061440,-0.187213,-0.259797,-0.021299,0.4992,-1.1120,-2.3843,-0.5639,-0.2789,-0.1369
25.7826,-1.441482,-1.563646,1.743723,-1.786081,-1.612552,3.143886,0.101778,0.207132,-0.035969,-0.193327,-0.242785,-0.020459,0.5793,-0.6559,-2.1283,-0.5321,-0.2224,-0.1448
25.7923,-1.440538,-1.561620,1.743518,-1.788059,-1.614827,3.143728,0.088070,0.204879,-0.012449,-0.201095,-0.222178,-0.018032,0.6611,-1.0370,-1.8872,-0.5218,-0.2731,-0.1370
25.8025,-1.439757,-1.559607,1.743594,-1.790132,-1.616887,3.143569,0.075527,0.199949,0.021406,-0.204503,-0.202490,-0.015965,0.6704,-0.8867,-1.2504,-0.4736,-0.2232,-0.1487
25.8124,-1.439050,-1.557603,1.743916,-1.792072,-1.618789,3.143444,0.065952,0.201900,0.037115,-0.200309,-0.180640,-0.013237,0.6176,-0.9244,-1.1395,-0.5852,-0.2174,-0.1563
25.8226,-1.438478,-1.555518,1.744406,-1.794116,-1.620486,3.143345,0.055985,0.203135,0.051642,-0.206453,-0.158928,-0.008203,0.5042,-0.6508,-1.0384,-0.5979,-0.2207,-0.1280
25.8325,-1.437975,-1.553416,1.744967,-1.796287,-1.621911,3.143301,0.048668,0.208592,0.062570,-0.218074,-0.137226,-0.003248,0.5327,-0.9454,-0.9695,-0.5142,-0.1955,-0.1287
25.8424,-1.437536,-1.551325,1.745655,-1.798426,-1.623164,3.143285,0.043784,0.207515,0.072672,-0.218045,-0.116550,-0.000987,0.5735,-0.7506,-0.8897,-0.5207,-0.1993,-0.1130
25.8526,-1.437151,-1.549143,1.746474,-1.800596,-1.624249,3.143269,0.037290,0.212611,0.084354,-0.219795,-0.095516,-0.000208,0.6355,-1.1644,-1.0411,-0.5678,-0.1906,-0.0448
25.8623,-1.436779,-1.546984,1.747300,-1.802821,-1.625128,3.143313,0.035887,0.217366,0.087845,-0.228009,-0.078421,0.004574,0.6258,-0.9904,-1.0507,-0.5190,-0.1815,-0.0025
25.8723,-1.436444,-1.544727,1.748234,-1.805101,-1.625807,3.143317,0.036192,0.225939,0.096581,-0.227672,-0.061314,0.008882,0.6947,-0.8302,-0.9463,-0.5751,-0.1440,0.0662
25.8825,-1.436060,-1.542493,1.749247,-1.807468,-1.626353,3.143417,0.037980,0.225045,0.100650,-0.236462,-0.047359,0.012355,0.8424,-0.7306,-0.8120,-0.5922,-0.1512,0.0446
25.8924,-1.435665,-1.540188,1.750275,-1.809910,-1.626769,3.143504,0.041352,0.229480,0.111092,-0.248859,-0.037387,0.012741,0.8428,-0.9296,-1.0567,-0.5473,-0.1150,0.0718
25.9023,-1.435206,-1.537909,1.751396,-1.812417,-1.627049,3.143596,0.045884,0.230515,0.115279,-0.251490,-0.023993,0.016258,0.9233,-0.9171,-0.9128,-0.5669,-0.1490,0.0760
25.9123,-1.434724,-1.535651,1.752610,-1.814968,-1.627213,3.143641,0.050476,0.230329,0.121792,-0.255956,-0.015168,0.017071,0.9368,-1.1026,-1.0316,-0.5823,-0.1520,0.1083
25.9223,-1.434187,-1.533358,1.753884,-1.817571,-1.627344,3.143811,0.057016,0.226945,0.125893,-0.262334,-0.008283,0.019079,1.1095,-1.0356,-1.0559,-0.5740,-0.1066,0.1049
25.9324,-1.433561,-1.531127,1.755171,-1.820174,-1.627360,3.143960,0.064763,0.225418,0.129547,-0.268431,-0.000659,0.019353,1.1193,-1.2768,-1.0521,-0.5615,-0.0247,0.1323
25.9423,-1.432843,-1.528925,1.756471,-1.822931,-1.627317,3.144140,0.073778,0.220436,0.132868,-0.271234,0.005011,0.021145,1.0956,-1.4069,-1.1563,-0.5758,0.0424,0.1167
25.9522,-1.432049,-1.526754,1.757849,-1.825641,-1.627227,3.144344,0.079664,0.213233,0.132645,-0.268788,0.009351,0.020963,1.1076,-1.6127,-1.1178,-0.5746,0.0919,0.1417
25.9626,-1.431189,-1.524645,1.759213,-1.828320,-1.627119,3.144532,0.089307,0.206799,0.138090,-0.267962,0.012962,0.019894,1.1248,-1.5545,-1.3027,-0.6212,0.1295,0.1541
25.9722,-1.430227,-1.522583,1.760565,-1.831006,-1.627012,3.144756,0.101938,0.200825,0.136602,-0.275209,0.012576,0.019862,1.1152,-1.6601,-1.1793,-0.5675,0.1098,0.1639
25.9829,-1.429139,-1.520630,1.761947,-1.833749,-1.626895,3.144916,0.111661,0.196125,0.135627,-0.279434,0.013046,0.019208,1.4047,-1.3413,-1.0341,-0.5823,0.1210,0.1681
25.9923,-1.427906,-1.518593,1.763296,-1.836548,-1.626842,3.145120,0.124983,0.196086,0.134535,-0.284538,0.012466,0.019229,1.2461,-1.4671,-0.9201,-0.5808,0.1372,0.1728
26.0023,-1.426569,-1.516673,1.764643,-1.839453,-1.626710,3.145318,0.138754,0.190010,0.135891,-0.282894,0.013436,0.019359,1.3322,-1.4181,-1.0426,-0.6004,0.1441,0.1570
26.0123,-1.425139,-1.514790,1.766017,-1.842264,-1.626575,3.145495,0.150186,0.185993,0.134569,-0.281748,0.014501,0.018266,1.5585,-1.2909,-1.1912,-0.6048,0.1514,0.1682
26.0222,-1.423572,-1.512923,1.767322,-1.845161,-1.626449,3.145678,0.161210,0.186105,0.131968,-0.282032,0.013335,0.016965,1.8080,-1.0551,-1.0685,-0.5780,0.1545,0.1739
26.0322,-1.421839,-1.511041,1.768645,-1.847961,-1.626293,3.145815,0.175951,0.189921,0.130911,-0.283800,0.013301,0.016376,1.6934,-1.2634,-1.0236,-0.5698,0.1521,0.1576
26.0422,-1.420002,-1.509149,1.769952,-1.850788,-1.626162,3.145995,0.192381,0.188166,0.130436,-0.282905,0.012046,0.015034,1.4172,-1.1296,-1.2064,-0.5370,0.1529,0.1475
26.0523,-1.418044,-1.507258,1.771251,-1.853580,-1.626042,3.146127,0.199738,0.189838,0.126993,-0.273304,0.011057,0.013226,1.5767,-1.0830,-1.0562,-0.5963,0.1287,0.1668
26.0624,-1.415995,-1.505289,1.772514,-1.856306,-1.625958,3.146266,0.216499,0.197474,0.124445,-0.269882,0.009255,0.011616,1.4461,-1.1860,-1.2113,-0.5941,0.1274,0.1555
26.0723,-1.413786,-1.503313,1.773722,-1.859040,-1.625902,3.146343,0.233162,0.207221,0.121069,-0.270390,0.007694,0.011040,1.6523,-1.1528,-1.1017,-0.5475,0.1309,0.1596
26.0823,-1.411421,-1.501252,1.774914,-1.861711,-1.625830,3.146447,0.245013,0.211160,0.117322,-0.274633,0.005725,0.010411,1.7493,-0.7750,-0.9785,-0.5455,0.1552,0.1732
26.0924,-1.408878,-1.499124,1.776101,-1.864405,-1.625798,3.146550,0.258767,0.219655,0.114779,-0.276763,0.004066,0.008443,1.5591,-0.9855,-1.2189,-0.5410,0.1452,0.1724
26.1024,-1.406257,-1.496904,1.777225,-1.867102,-1.625808,3.146615,0.270120,0.223688,0.109138,-0.272818,0.004151,0.007565,1.5484,-1.0670,-1.1370,-0.5670,0.1790,0.1483
26.1123,-1.403457,-1.494624,1.778265,-1.869852,-1.625710,3.146706,0.279682,0.227202,0.103368,-0.270980,0.004117,0.007074,1.4604,-1.2032,-1.1916,-0.5742,0.1592,0.1797
26.1224,-1.400569,-1.492299,1.779270,-1.872563,-1.625690,3.146747,0.288407,0.227436,0.098450,-0.270644,0.002908,0.007069,1.7896,-1.2695,-1.2640,-0.5918,0.1641,0.1499
26.1322,-1.397526,-1.489955,1.780244,-1.875292,-1.625678,3.146814,0.300831,0.227438,0.090805,-0.272078,0.002327,0.004992,1.6273,-1.4027,-1.2732,-0.5887,0.1368,0.1380
26.1425,-1.394461,-1.487662,1.781151,-1.877969,-1.625661,3.146834,0.307212,0.223910,0.086319,-0.270206,0.000732,0.002374,1.5878,-1.5327,-1.3504,-0.6142,0.1317,0.1569
26.1524,-1.391346,-1.485397,1.781959,-1.880680,-1.625673,3.146877,0.313172,0.218589,0.080353,-0.264416,0.000523,0.002323,1.6353,-1.6387,-1.4831,-0.6093,0.0864,0.1423
26.1624,-1.388190,-1.483220,1.782739,-1.883370,-1.625627,3.146874,0.321720,0.210978,0.073797,-0.262777,0.000167,0.001091,1.5020,-1.6817,-1.4747,-0.6194,0.0515,0.1346
26.1722,-1.384896,-1.481123,1.783431,-1.886051,-1.625627,3.146867,0.335997,0.207000,0.066347,-0.267421,0.000049,0.000699,1.7429,-1.6730,-1.5532,-0.5901,0.0052,0.0964
26.1822,-1.381567,-1.479094,1.784039,-1.888756,-1.625693,3.146894,0.344419,0.204400,0.058702,-0.268064,-0.005298,0.000391,1.8274,-1.4738,-1.3725,-0.6033,0.0038,0.1043
26.1922,-1.378091,-1.477065,1.784603,-1.891403,-1.625702,3.146867,0.351683,0.201049,0.052438,-0.267712,-0.006016,0.000218,1.6457,-1.5206,-1.3807,-0.6249,-0.0514,0.0719
26.2022,-1.374568,-1.475115,1.785070,-1.894070,-1.625762,3.146855,0.356898,0.198945,0.047333,-0.266441,-0.007521,-0.000084,1.6690,-1.4639,-1.3651,-0.5811,-0.0752,0.0126
26.2122,-1.370989,-1.473194,1.785479,-1.896676,-1.625837,3.146851,0.357812,0.196906,0.041635,-0.263512,-0.008191,-0.001927,1.5190,-1.4097,-1.3990,-0.5667,-0.0797,-0.0137
26.2228,-1.367378,-1.471230,1.785909,-1.899277,-1.625904,3.146862,0.354059,0.195626,0.035300,-0.264122,-0.007493,-0.002900,1.5152,-1.0969,-1.2054,-0.5332,-0.1117,-0.0320
26.2324,-1.363783,-1.469296,1.786225,-1.901864,-1.625976,3.146838,0.354034,0.201218,0.032223,-0.252734,-0.008814,-0.002285,1.2357,-1.2183,-1.2463,-0.5716,-0.1114,-0.0680
26.2423,-1.360275,-1.467315,1.786537,-1.904408,-1.625974,3.146802,0.341617,0.200730,0.027186,-0.245788,-0.010065,-0.004227,1.2675,-1.1174,-1.2763,-0.5525,-0.1208,-0.0523
26.2523,-1.356923,-1.465286,1.786753,-1.906849,-1.626064,3.146786,0.330275,0.203167,0.024137,-0.240664,-0.008761,-0.003755,1.1483,-1.1865,-1.2182,-0.4999,-0.1637,-0.0467
26.2624,-1.353676,-1.463213,1.786988,-1.909188,-1.626105,3.146757,0.321891,0.207216,0.022075,-0.231663,-0.009292,-0.003218,1.0270,-1.2229,-1.2665,-0.5544,-0.1685,-0.0514
26.2724,-1.350566,-1.461101,1.787200,-1.911475,-1.626216,3.146715,0.312730,0.215076,0.022000,-0.222603,-0.008394,-0.003253,1.0004,-1.1016,-1.2756,-0.5573,-0.1592,-0.0615
26.2825,-1.347494,-1.458932,1.787407,-1.913722,-1.626307,3.146741,0.302986,0.215803,0.019194,-0.221563,-0.007866,-0.002347,1.0673,-1.0383,-1.2062,-0.5413,-0.1672,-0.0464
26.2924,-1.344566,-1.456664,1.787599,-1.915911,-1.626376,3.146706,0.295960,0.216640,0.019334,-0.218361,-0.008316,-0.001095,1.0126,-1.2433,-1.2483,-0.5613,-0.1592,-0.0469
26.3023,-1.341689,-1.454439,1.787806,-1.918068,-1.626471,3.146697,0.287154,0.216969,0.020499,-0.209721,-0.007533,-0.000694,1.1050,-1.3664,-1.3088,-0.5719,-0.1509,-0.0496
26.3124,-1.338841,-1.452203,1.788018,-1.920169,-1.626546,3.146675,0.280084,0.215895,0.022682,-0.212905,-0.007075,-0.000677,1.1967,-1.5017,-1.2504,-0.5345,-0.1456,-0.0481
26.3224,-1.336054,-1.450082,1.788215,-1.922260,-1.626575,3.146663,0.273243,0.209971,0.023484,-0.207734,-0.006074,-0.000464,1.3303,-1.4639,-1.2917,-0.5681,-0.1387,-0.0390
26.3323,-1.333289,-1.447988,1.788489,-1.924374,-1.626635,3.146709,0.270061,0.208790,0.025380,-0.215888,-0.006816,-0.000325,1.4030,-1.6831,-1.2431,-0.5549,-0.1343,-0.0210
26.3423,-1.330592,-1.445935,1.788745,-1.926506,-1.626683,3.146660,0.262774,0.201300,0.025955,-0.220288,-0.005594,-0.000208,1.3501,-1.5204,-1.1465,-0.5553,-0.1309,0.0037
26.3524,-1.327957,-1.443977,1.789048,-1.928671,-1.626722,3.146663,0.260191,0.194212,0.029161,-0.218862,-0.006601,-0.000136,1.3477,-1.4702,-1.2740,-0.5653,-0.1408,0.0373
26.3621,-1.325367,-1.442057,1.789355,-1.930924,-1.626786,3.146694,0.259436,0.192858,0.031159,-0.222245,-0.005064,0.000160,1.1047,-1.6008,-1.2728,-0.5572,-0.1670,0.0683
26.3724,-1.322814,-1.440171,1.789632,-1.933142,-1.626833,3.146737,0.257009,0.193167,0.032741,-0.225470,-0.003219,0.001228,1.3385,-1.4043,-1.1739,-0.5462,-0.1540,0.0972
26.3824,-1.320254,-1.438275,1.790032,-1.935424,-1.626850,3.146702,0.259014,0.193294,0.034427,-0.223671,-0.004453,0.002424,1.5295,-1.2751,-1.0853,-0.5477,-0.1337,0.1062
26.3922,-1.317700,-1.436388,1.790380,-1.937743,-1.626917,3.146727,0.259240,0.194927,0.034011,-0.230595,-0.004886,0.003432,1.3350,-1.3849,-1.1575,-0.5249,-0.1401,0.1229
26.4024,-1.315166,-1.434457,1.790708,-1.939995,-1.626914,3.146781,0.257528,0.195339,0.036625,-0.227338,-0.003068,0.002555,1.3142,-1.3189,-1.2328,-0.5467,-0.1409,0.1307
26.4123,-1.312587,-1.432525,1.791033,-1.942262,-1.626950,3.146814,0.256239,0.196787,0.037777,-0.222415,-0.003638,0.004256,1.2970,-1.3433,-1.1976,-0.5747,-0.1393,0.1281
26.4224,-1.310045,-1.430526,1.791458,-1.944451,-1.626958,3.146841,0.254845,0.200967,0.038751,-0.223008,-0.001943,0.004332,1.3151,-1.0882,-0.9895,-0.5366,-0.1638,0.1382
26.4324,-1.307467,-1.428428,1.791850,-1.946717,-1.626994,3.146843,0.251804,0.208100,0.043499,-0.221314,-0.001816,0.003426,1.2166,-1.1179,-1.0089,-0.5395,-0.1402,0.1269
26.4425,-1.304915,-1.426319,1.792292,-1.948948,-1.627006,3.146867,0.247310,0.213568,0.045306,-0.220056,-0.002338,0.003920,1.0971,-0.9983,-0.9787,-0.5008,-0.1396,0.1411
26.4522,-1.302425,-1.424065,1.792757,-1.951055,-1.627025,3.146910,0.241507,0.218969,0.048974,-0.214439,-0.001203,0.003047,1.0172,-1.1641,-0.9946,-0.5418,-0.1750,0.1528
26.4624,-1.299984,-1.421755,1.793283,-1.953182,-1.627012,3.146954,0.233234,0.224104,0.054127,-0.211201,-0.002232,0.003606,0.9587,-1.2511,-1.0609,-0.5565,-0.1429,0.1539
26.4723,-1.297666,-1.419447,1.793874,-1.955264,-1.627049,3.146978,0.228526,0.234217,0.062732,-0.210729,-0.001233,0.003833,0.9668,-1.1785,-0.9050,-0.5219,-0.1761,0.1374
26.4824,-1.295453,-1.417053,1.794521,-1.957321,-1.627018,3.147049,0.219674,0.236006,0.067858,-0.209832,-0.001919,0.003238,0.8839,-1.0516,-0.8006,-0.5418,-0.1801,0.1559
26.4923,-1.293375,-1.414643,1.795239,-1.959448,-1.627057,3.147020,0.207217,0.238890,0.076312,-0.208650,-0.002633,0.003509,0.7664,-1.3126,-0.8978,-0.5148,-0.1665,0.1470
26.5023,-1.291409,-1.412267,1.796068,-1.961443,-1.627066,3.147059,0.194067,0.239960,0.084858,-0.208370,-0.001497,0.002884,0.7467,-1.3681,-1.0354,-0.5020,-0.1636,0.1535
26.5124,-1.289573,-1.409932,1.796935,-1.963479,-1.627102,3.147083,0.180072,0.236770,0.089900,-0.198192,-0.001672,0.002200,0.7150,-1.6276,-1.0404,-0.5407,-0.1774,0.1546
26.5225,-1.287868,-1.407582,1.797892,-1.965448,-1.627137,3.147088,0.168059,0.231058,0.095360,-0.196416,-0.001067,0.002410,0.7084,-1.5931,-0.8892,-0.5186,-0.1466,0.1456
26.5323,-1.286314,-1.405377,1.798886,-1.967385,-1.627117,3.147115,0.151954,0.226339,0.100334,-0.193885,-0.000585,0.002384,0.7731,-1.6766,-0.7760,-0.5335,-0.1512,0.1511
26.5426,-1.284907,-1.403178,1.799897,-1.969316,-1.627114,3.147174,0.135696,0.215727,0.106852,-0.186807,-0.000501,0.002456,0.8705,-1.6622,-0.8898,-0.5084,-0.1604,0.1526
26.5523,-1.283644,-1.401059,1.801049,-1.971182,-1.627083,3.147151,0.121943,0.207044,0.114195,-0.180017,-0.000273,0.001425,0.7386,-1.7898,-0.8922,-0.5482,-0.1564,0.1438
26.5623,-1.282484,-1.399032,1.802216,-1.972953,-1.627133,3.147167,0.109615,0.197633,0.122071,-0.174204,-0.000240,0.001202,0.6108,-1.9145,-0.9887,-0.5482,-0.1559,0.1394
26.5724,-1.281469,-1.397073,1.803469,-1.974717,-1.627114,3.147210,0.096888,0.189948,0.129682,-0.174603,-0.000204,0.001039,0.6067,-1.9406,-0.8703,-0.5262,-0.1608,0.1426
26.5823,-1.280574,-1.395177,1.804833,-1.976427,-1.627114,3.147179,0.082940,0.180163,0.137014,-0.168692,-0.000193,0.000956,0.5477,-1.6789,-0.7162,-0.5331,-0.1457,0.1654
26.5922,-1.279834,-1.393370,1.806247,-1.978147,-1.627083,3.147199,0.072333,0.171931,0.145091,-0.169873,-0.000173,0.000918,0.4455,-1.8768,-0.8329,-0.5245,-0.1520,0.1437
26.6025,-1.279202,-1.391655,1.807762,-1.979814,-1.627117,3.147218,0.058587,0.164426,0.151222,-0.162641,-0.000152,0.000817,0.5415,-1.8777,-0.8972,-0.4998,-0.1539,0.1483
26.6123,-1.278667,-1.390062,1.809316,-1.981395,-1.627152,3.147230,0.049122,0.156471,0.155996,-0.159751,-0.000155,0.000773,0.4211,-1.8463,-1.0164,-0.5371,-0.1444,0.1384
26.6225,-1.278223,-1.388545,1.810881,-1.982958,-1.627114,3.147211,0.039806,0.149633,0.156427,-0.153975,-0.000120,0.000778,0.4435,-1.8253,-0.8571,-0.5389,-0.1398,0.1548
26.6324,-1.277879,-1.387077,1.812472,-1.984522,-1.627102,3.147242,0.030557,0.146991,0.162105,-0.152630,-0.000127,0.000736,0.5026,-1.8268,-0.8206,-0.5316,-0.1429,0.1522
26.6425,-1.277616,-1.385640,1.814104,-1.986020,-1.627141,3.147277,0.022381,0.136963,0.160862,-0.150435,-0.000114,0.000632,0.4824,-1.7577,-0.8937,-0.5016,-0.1516,0.1372
26.6524,-1.277463,-1.384312,1.815736,-1.987390,-1.627133,3.147242,0.015809,0.132847,0.164277,-0.140419,-0.000137,0.000532,0.5088,-1.7197,-0.9670,-0.4974,-0.1399,0.1463
26.6625,-1.277311,-1.382992,1.817326,-1.988788,-1.627135,3.147270,0.011781,0.131952,0.161641,-0.138018,-0.000183,0.000470,0.4553,-1.8147,-1.0804,-0.4935,-0.1462,0.1337
26.6724,-1.277247,-1.381709,1.818927,-1.990070,-1.627107,3.147285,0.003157,0.134488,0.161533,-0.131457,-0.000166,0.000468,0.3125,-1.6880,-1.0026,-0.5059,-0.1298,0.1503
26.6826,-1.277228,-1.380414,1.820551,-1.991362,-1.627150,3.147274,0.000001,0.131191,0.156553,-0.128915,-0.000140,0.000461,0.0929,-1.6398,-0.8670,-0.5027,-0.1273,0.1261
26.6924,-1.277298,-1.379134,1.822105,-1.992599,-1.627153,3.147254,-0.002632,0.131476,0.155632,-0.124843,-0.000145,0.000402,-0.0179,-1.7005,-1.0488,-0.5011,-0.1258,0.1312
26.7026,-1.277303,-1.377834,1.823642,-1.993799,-1.627153,3.147266,-0.004215,0.130854,0.150071,-0.121073,-0.000128,0.000415,-0.0561,-1.6430,-1.0193,-0.4983,-0.1312,0.1375
26.7124,-1.277311,-1.376520,1.825111,-1.995008,-1.627119,3.147290,-0.004213,0.129595,0.148420,-0.117814,-0.000115,0.000427,-0.1726,-1.6423,-1.1069,-0.5250,-0.1268,0.1142
26.7225,-1.277379,-1.375283,1.826536,-1.996178,-1.627176,3.147294,-0.003444,0.130882,0.139881,-0.116274,-0.000104,0.000363,-0.2476,-1.7548,-0.9917,-0.5193,-0.1098,0.1349
26.7322,-1.277395,-1.373970,1.827901,-1.997319,-1.627162,3.147256,-0.002658,0.129644,0.134804,-0.111922,-0.000110,0.000322,-0.1594,-1.7459,-0.9572,-0.5348,-0.1239,0.1317
26.7423,-1.277407,-1.372732,1.829206,-1.998419,-1.627153,3.147294,-0.001873,0.127319,0.128122,-0.108431,-0.000101,0.000289,-0.2035,-1.7447,-1.0821,-0.5368,-0.1214,0.1462
26.7524,-1.277411,-1.371476,1.830449,-1.999502,-1.627162,3.147302,-0.000859,0.123992,0.120630,-0.107033,-0.000094,0.000251,-0.1432,-1.9091,-1.1160,-0.5300,-0.1209,0.1329
26.7624,-1.277435,-1.370265,1.831579,-2.000553,-1.627150,3.147321,-0.000408,0.119251,0.114980,-0.104152,-0.000087,0.000223,-0.1177,-2.0345,-1.2035,-0.5425,-0.1098,0.1407
26.7722,-1.277419,-1.369055,1.832685,-2.001610,-1.627172,3.147309,-0.000172,0.115768,0.106992,-0.106214,-0.000082,0.000217,0.0029,-2.1907,-1.1873,-0.5566,-0.1234,0.1347
26.7823,-1.277423,-1.367902,1.833696,-2.002700,-1.627162,3.147290,0.000143,0.109852,0.099120,-0.107536,-0.000077,0.000186,0.1080,-2.1952,-1.2088,-0.5319,-0.1118,0.1269
26.7922,-1.277407,-1.366843,1.834678,-2.003779,-1.627119,3.147287,0.000642,0.103017,0.092073,-0.106013,-0.000072,0.000154,0.1813,-2.2663,-1.2602,-0.5410,-0.1273,0.1369
26.8025,-1.277415,-1.365821,1.835572,-2.004837,-1.627150,3.147290,0.000780,0.095630,0.084469,-0.107168,-0.000001,0.000158,0.2458,-2.3302,-1.2464,-0.5715,-0.1307,0.1286
26.8125,-1.277387,-1.364910,1.836371,-2.005955,-1.627138,3.147278,0.002329,0.091304,0.077533,-0.110850,-0.000000,0.000155,0.2709,-2.5122,-1.2408,-0.5502,-0.1127,0.1314
26.8225,-1.277375,-1.364035,1.837125,-2.007054,-1.627165,3.147306,0.003198,0.080538,0.071282,-0.110888,-0.000000,0.000143,0.4133,-2.3699,-1.2230,-0.5453,-0.1312,0.1251
26.8323,-1.277351,-1.363250,1.837805,-2.008202,-1.627153,3.147287,0.002450,0.073455,0.064294,-0.111845,-0.000000,0.000146,0.4160,-2.3228,-1.2040,-0.5608,-0.1263,0.1398
26.8425,-1.277327,-1.362577,1.838408,-2.009309,-1.627143,3.147302,0.002719,0.067114,0.059493,-0.111327,-0.000000,0.000146,0.4658,-2.6073,-1.2697,-0.5196,-0.1287,0.1326
26.8524,-1.277291,-1.361955,1.839014,-2.010404,-1.627165,3.147271,0.003028,0.056623,0.054181,-0.104826,-0.000000,0.000125,0.4372,-2.2694,-1.2846,-0.5290,-0.1264,0.1254
26.8623,-1.277255,-1.361438,1.839510,-2.011450,-1.627138,3.147287,0.003296,0.049729,0.049194,-0.100900,-0.000000,0.000132,0.4727,-2.2846,-1.2943,-0.5633,-0.1332,0.1136
26.8723,-1.277235,-1.360932,1.839965,-2.012462,-1.627168,3.147295,0.003386,0.043810,0.043816,-0.105270,-0.000000,0.000118,0.4425,-2.3883,-1.1582,-0.5305,-0.1181,0.1183
26.8824,-1.277195,-1.360556,1.840397,-2.013529,-1.627177,3.147287,0.002992,0.036910,0.039765,-0.104196,-0.000000,0.000106,0.5906,-2.3088,-1.1955,-0.5219,-0.1225,0.0871
26.8922,-1.277171,-1.360193,1.840783,-2.014525,-1.627143,3.147314,0.003032,0.030443,0.036570,-0.098466,-0.000000,0.000080,0.5502,-2.2871,-1.2372,-0.5668,-0.1269,0.0379
26.9021,-1.277143,-1.359921,1.841146,-2.015538,-1.627165,3.147302,0.003198,0.025971,0.033208,-0.098638,-0.000000,-0.000067,0.5315,-2.3709,-1.2819,-0.5547,-0.1390,0.0042
26.9124,-1.277123,-1.359693,1.841441,-2.016505,-1.627135,3.147290,0.002806,0.021335,0.030008,-0.097859,-0.000000,-0.001088,0.5305,-2.2740,-1.2816,-0.5370,-0.1307,-0.0021
26.9225,-1.277103,-1.359493,1.841691,-2.017441,-1.627150,3.147263,0.002683,0.017241,0.027013,-0.094736,-0.000000,-0.001428,0.4923,-2.3120,-1.2744,-0.5348,-0.1253,-0.0227
26.9323,-1.277060,-1.359338,1.841943,-2.018379,-1.627165,3.147300,0.002819,0.013477,0.023934,-0.092253,-0.000000,-0.002222,0.4752,-2.3286,-1.2168,-0.5329,-0.1405,-0.0483
26.9423,-1.277055,-1.359249,1.842189,-2.019301,-1.627177,3.147211,0.002509,0.009373,0.021829,-0.091172,-0.000000,-0.003394,0.5075,-2.2044,-1.2857,-0.4971,-0.1385,-0.0500
26.9525,-1.277000,-1.359130,1.842385,-2.020168,-1.627147,3.147203,0.002406,0.006970,0.019036,-0.087148,-0.000000,-0.004507,0.4985,-2.2923,-1.2916,-0.5121,-0.1404,-0.0556
26.9627,-1.277007,-1.359074,1.842561,-2.021048,-1.627138,3.147160,0.001922,0.005226,0.016455,-0.082341,-0.000000,-0.004953,0.4945,-2.3021,-1.2297,-0.5346,-0.1370,-0.0733
26.9724,-1.276991,-1.359038,1.842713,-2.021818,-1.627147,3.147127,0.002126,0.006600,0.015011,-0.082291,-0.000000,-0.004429,0.5618,-2.1528,-1.3076,-0.5130,-0.1269,-0.0526
26.9824,-1.276947,-1.358951,1.842857,-2.022670,-1.627150,3.147126,0.002171,0.012501,0.012422,-0.082829,-0.000000,-0.003633,0.5095,-1.8071,-1.1882,-0.4994,-0.1429,-0.0554
26.9925,-1.276932,-1.358838,1.842948,-2.023490,-1.627131,3.147087,0.001924,0.018456,0.010389,-0.082039,-0.000070,-0.003844,0.5351,-1.7431,-1.2235,-0.4455,-0.1253,-0.0649
27.0023,-1.276892,-1.358603,1.843048,-2.024281,-1.627189,3.147050,0.001992,0.026109,0.008554,-0.078528,-0.000065,-0.002781,0.4979,-1.6232,-1.1937,-0.4599,-0.1376,-0.0825
27.0123,-1.276868,-1.358316,1.843097,-2.025023,-1.627177,3.147020,0.002097,0.034877,0.006047,-0.075222,-0.000060,-0.002288,0.4392,-1.5361,-1.2510,-0.5223,-0.1326,-0.0887
27.0223,-1.276856,-1.357881,1.843180,-2.025818,-1.627162,3.147011,0.001836,0.047584,0.003280,-0.077326,-0.000057,-0.001927,0.4350,-1.1854,-1.2213,-0.5120,-0.1249,-0.0774
27.0323,-1.276860,-1.357287,1.843180,-2.026623,-1.627158,3.147002,0.001102,0.066519,0.001700,-0.080442,-0.000053,-0.002158,0.4451,-1.1490,-1.2444,-0.4779,-0.1307,-0.0688
27.0425,-1.276836,-1.356525,1.843195,-2.027434,-1.627147,3.147002,0.002123,0.085392,0.000330,-0.078025,-0.000050,-0.001176,0.4243,-1.1644,-1.3417,-0.4616,-0.1094,-0.0747
27.0524,-1.276839,-1.355575,1.843164,-2.028178,-1.627147,3.146974,0.001161,0.104073,-0.000367,-0.076619,-0.000000,-0.001073,0.4492,-1.0046,-1.5402,-0.4999,-0.1278,-0.0676
27.0625,-1.276828,-1.354374,1.843187,-2.028972,-1.627180,3.146990,0.001195,0.135400,-0.000876,-0.079942,-0.000000,-0.000806,0.4507,-0.9134,-1.6368,-0.4699,-0.1205,-0.0582
27.0725,-1.276815,-1.352800,1.843116,-2.029773,-1.627192,3.146997,0.000777,0.176784,-0.001159,-0.077999,-0.000000,-0.000534,0.3418,-0.4048,-1.6591,-0.4577,-0.1166,-0.0545
27.0825,-1.276776,-1.350963,1.843064,-2.030588,-1.627192,3.146981,0.003539,0.202508,-0.005362,-0.082542,-0.000000,-0.000359,0.3869,-0.1307,-1.6625,-0.4155,-0.1269,-0.0610
27.0924,-1.276779,-1.348745,1.843063,-2.031407,-1.627155,3.146981,0.001403,0.232821,-0.005205,-0.084562,-0.000000,-0.000269,0.5716,-0.4101,-1.9203,-0.4177,-0.1113,-0.0472
27.1023,-1.276740,-1.346282,1.843005,-2.032251,-1.627162,3.147028,0.002451,0.257094,-0.005013,-0.080604,-0.000000,-0.000216,0.4512,-0.5846,-2.0951,-0.4866,-0.1074,-0.0155
27.1125,-1.276743,-1.343611,1.842956,-2.033013,-1.627146,3.146966,0.002573,0.275451,-0.005240,-0.082891,-0.000000,-0.000154,0.4364,-1.0087,-2.2326,-0.5013,-0.1123,0.0176
27.1224,-1.276719,-1.340794,1.842936,-2.033827,-1.627155,3.146966,0.002204,0.286095,-0.005698,-0.080452,-0.000000,-0.000103,0.5530,-1.2009,-2.2804,-0.5027,-0.1055,0.0309
27.1323,-1.276688,-1.337847,1.842861,-2.034658,-1.627169,3.146978,0.001021,0.291934,-0.006420,-0.078552,-0.000000,0.000104,0.4813,-1.5364,-2.2989,-0.4905,-0.1122,0.0435
27.1423,-1.276692,-1.334941,1.842821,-2.035388,-1.627178,3.146983,0.002575,0.289272,-0.006659,-0.073467,-0.000000,0.000882,0.4634,-1.7150,-2.2792,-0.5094,-0.1036,0.0505
27.1526,-1.276652,-1.331994,1.842753,-2.036075,-1.627181,3.147002,0.002660,0.282824,-0.005877,-0.071246,-0.000000,0.001166,0.5850,-1.7709,-2.4248,-0.5074,-0.1030,0.0742
27.1626,-1.276648,-1.329174,1.842732,-2.036786,-1.627162,3.147011,0.003534,0.269982,-0.005085,-0.067748,-0.000000,0.001282,0.5751,-2.1835,-2.4583,-0.5061,-0.0928,0.0869
27.1725,-1.276589,-1.326492,1.842654,-2.037417,-1.627178,3.147002,0.004883,0.250928,-0.004369,-0.061274,-0.000000,0.002217,0.7233,-2.2661,-2.6080,-0.5212,-0.0876,0.0872
27.1824,-1.276545,-1.323954,1.842622,-2.037995,-1.627174,3.147027,0.004790,0.235666,-0.003561,-0.054767,-0.000000,0.002592,0.7518,-2.5570,-2.6423,-0.5270,-0.0467,0.1122
27.1924,-1.276509,-1.321752,1.842597,-2.038565,-1.627181,3.147059,0.005430,0.216493,-0.003913,-0.051235,-0.000004,0.002416,0.8174,-2.7089,-2.5641,-0.5135,-0.0024,0.1112
27.2023,-1.276451,-1.319691,1.842577,-2.038988,-1.627131,3.147075,0.006403,0.194147,-0.002809,-0.045775,0.002044,0.001968,0.7653,-2.5516,-2.5036,-0.5419,0.0306,0.1042
27.2124,-1.276373,-1.317921,1.842529,-2.039435,-1.627126,3.147071,0.007614,0.173025,-0.001655,-0.040478,0.003087,0.002805,0.7772,-2.5750,-2.5090,-0.5282,0.0448,0.1074
27.2226,-1.276308,-1.316359,1.842540,-2.039833,-1.627125,3.147110,0.007974,0.151104,-0.000990,-0.036563,0.004096,0.001906,0.7540,-2.4187,-2.4407,-0.5336,0.0857,0.1125
27.2325,-1.276197,-1.314988,1.842529,-2.040189,-1.627026,3.147134,0.009410,0.131098,-0.000555,-0.034138,0.005989,0.001622,0.7227,-2.3053,-2.3685,-0.5000,0.0886,0.1197
27.2427,-1.276094,-1.313763,1.842549,-2.040485,-1.626978,3.147119,0.010435,0.116196,-0.000070,-0.028600,0.006477,0.002219,0.7698,-2.4653,-2.2431,-0.5133,0.1039,0.1181
27.2523,-1.276012,-1.312720,1.842545,-2.040777,-1.626919,3.147143,0.011522,0.100842,-0.000000,-0.026121,0.006544,0.001928,0.7334,-2.4526,-2.0961,-0.5162,0.0943,0.1152
27.2623,-1.275876,-1.311838,1.842522,-2.040981,-1.626870,3.147186,0.012625,0.085099,0.000838,-0.022461,0.007493,0.001946,0.7018,-2.4859,-1.9619,-0.4896,0.0981,0.1176
27.2724,-1.275729,-1.311088,1.842565,-2.041216,-1.626803,3.147167,0.013038,0.071255,0.001749,-0.020304,0.008187,0.001777,0.7058,-2.5750,-1.9100,-0.5056,0.0976,0.1199
27.2824,-1.275575,-1.310482,1.842546,-2.041412,-1.626744,3.147213,0.013459,0.058190,0.001424,-0.018392,0.007352,0.001555,0.7054,-2.5228,-1.7014,-0.4954,0.1049,0.1319
27.2924,-1.275469,-1.309960,1.842569,-2.041622,-1.626695,3.147228,0.014241,0.044757,0.002127,-0.016433,0.007439,0.001581,0.6973,-2.4420,-1.6601,-0.4937,0.1097,0.1245
27.3023,-1.275313,-1.309615,1.842589,-2.041706,-1.626639,3.147222,0.013999,0.033711,0.003625,-0.014279,0.007401,0.001083,0.7679,-2.3512,-1.5298,-0.5001,0.1162,0.1431
27.3123,-1.275153,-1.309324,1.842641,-2.041883,-1.626548,3.147218,0.016545,0.026316,0.004220,-0.013488,0.007357,0.001287,0.8006,-2.4478,-1.4834,-0.4787,0.1175,0.1339
27.3225,-1.274939,-1.309132,1.842689,-2.041999,-1.626512,3.147233,0.020388,0.019117,0.005587,-0.013190,0.007071,0.001070,1.0735,-2.4611,-1.3773,-0.5138,0.1382,0.1356
27.3329,-1.274683,-1.308933,1.842780,-2.042167,-1.626452,3.147223,0.030911,0.014424,0.007531,-0.017146,0.006557,0.001029,1.0840,-2.4732,-1.3013,-0.5165,0.1393,0.1288
27.3426,-1.274316,-1.308857,1.842845,-2.042374,-1.626408,3.147254,0.040817,0.005950,0.009109,-0.021958,0.006392,0.001002,1.2367,-2.6980,-1.2471,-0.5285,0.1330,0.1325
27.3527,-1.273821,-1.308824,1.842940,-2.042633,-1.626367,3.147223,0.055118,0.001415,0.009883,-0.027931,0.005655,0.000874,1.3160,-2.7138,-1.2552,-0.5385,0.1488,0.1327
27.3626,-1.273179,-1.308836,1.843039,-2.043000,-1.626359,3.147254,0.072979,-0.002187,0.009888,-0.038288,0.005982,0.000696,1.5588,-2.9379,-1.1858,-0.5477,0.1405,0.1144
27.3723,-1.272260,-1.308900,1.843108,-2.043479,-1.626288,3.147258,0.105947,-0.004733,0.009831,-0.056177,0.006220,0.000454,1.8944,-3.0281,-1.0488,-0.5361,0.1545,0.0928
27.3823,-1.271066,-1.308948,1.843212,-2.044119,-1.626229,3.147273,0.127227,-0.003140,0.010358,-0.071832,0.002474,0.000334,2.1787,-3.1631,-1.0849,-0.5271,0.1822,0.0768
27.3924,-1.269554,-1.308952,1.843331,-2.044976,-1.626212,3.147251,0.154949,-0.002390,0.010291,-0.090900,0.002373,0.000097,1.8556,-3.1093,-1.1347,-0.5219,0.1478,0.0406
27.4025,-1.267895,-1.308956,1.843416,-2.045975,-1.626177,3.147223,0.178078,-0.001054,0.010174,-0.105607,0.001230,0.000000,1.9013,-3.0794,-1.0966,-0.5749,0.1532,0.0010
27.4123,-1.265924,-1.308940,1.843515,-2.047145,-1.626196,3.147242,0.200066,-0.000032,0.009346,-0.125701,0.001072,-0.001841,1.8247,-2.8821,-1.1996,-0.5710,0.0966,-0.0263
27.4224,-1.263869,-1.308948,1.843592,-2.048497,-1.626177,3.147233,0.213947,0.002274,0.007181,-0.140712,0.000451,-0.003276,1.7786,-2.7774,-1.3139,-0.5873,0.0879,-0.0484
27.4323,-1.261659,-1.308913,1.843643,-2.049975,-1.626169,3.147186,0.227314,0.004174,0.003916,-0.159877,0.000301,-0.005132,1.5019,-2.6464,-1.2636,-0.5691,0.0560,-0.0559
27.4423,-1.259335,-1.308896,1.843683,-2.051702,-1.626203,3.147158,0.230547,0.004308,0.001746,-0.173596,0.000180,-0.006627,1.4028,-2.4193,-1.3121,-0.5316,0.0084,-0.0690
27.4523,-1.257037,-1.308844,1.843683,-2.053466,-1.626157,3.147083,0.234827,0.005160,0.000295,-0.180021,-0.000188,-0.006219,1.0880,-2.2691,-1.3759,-0.5923,-0.0473,-0.0782
27.4623,-1.254714,-1.308776,1.843655,-2.055361,-1.626157,3.147004,0.229240,0.010161,0.000000,-0.191442,-0.002356,-0.007041,0.9175,-2.1368,-1.6555,-0.5617,-0.0818,-0.0722
27.4723,-1.252469,-1.308653,1.843600,-2.057291,-1.626188,3.146963,0.219825,0.016776,-0.003969,-0.197874,-0.002889,-0.006956,0.9402,-1.9567,-1.8843,-0.5658,-0.1109,-0.0877
27.4824,-1.250318,-1.308477,1.843561,-2.059306,-1.626232,3.146942,0.211809,0.022556,-0.007096,-0.199803,-0.006824,-0.007596,0.8997,-1.6708,-2.0821,-0.5438,-0.0843,-0.0998
27.4923,-1.248249,-1.308179,1.843515,-2.061299,-1.626249,3.146867,0.200278,0.031783,-0.011924,-0.199596,-0.005473,-0.008149,0.6875,-1.7177,-2.2967,-0.5466,-0.1057,-0.0948
27.5023,-1.246333,-1.307808,1.843356,-2.063271,-1.626339,3.146834,0.183982,0.043030,-0.015905,-0.194771,-0.006280,-0.007316,0.4873,-1.6670,-2.3811,-0.5534,-0.1401,-0.1006
27.5123,-1.244551,-1.307314,1.843165,-2.065244,-1.626368,3.146755,0.167724,0.056120,-0.019780,-0.192781,-0.007175,-0.007143,0.4374,-1.6591,-2.4159,-0.4827,-0.1376,-0.1167
27.5224,-1.242956,-1.306673,1.842933,-2.067136,-1.626428,3.146706,0.150345,0.071639,-0.025870,-0.180110,-0.007604,-0.008978,0.4310,-1.2933,-2.5704,-0.5457,-0.1391,-0.1097
27.5324,-1.241564,-1.305840,1.842606,-2.068889,-1.626511,3.146624,0.131519,0.092357,-0.034924,-0.173779,-0.007515,-0.008610,0.3771,-1.2231,-2.6845,-0.4924,-0.1435,-0.1221
27.5424,-1.240325,-1.304823,1.842199,-2.070582,-1.626611,3.146590,0.113301,0.110627,-0.048424,-0.163730,-0.008537,-0.009177,0.3707,-1.1159,-2.6027,-0.4882,-0.1378,-0.1155
27.5523,-1.239289,-1.303559,1.841657,-2.072136,-1.626647,3.146511,0.094998,0.133938,-0.056957,-0.153453,-0.006405,-0.010647,0.3574,-1.1709,-2.8491,-0.4739,-0.1551,-0.1277
27.5624,-1.238417,-1.302064,1.841018,-2.073609,-1.626698,3.146408,0.079676,0.154317,-0.073305,-0.136846,-0.006805,-0.010970,0.3728,-1.2796,-2.9133,-0.5096,-0.1647,-0.1238
27.5723,-1.237725,-1.300322,1.840153,-2.074896,-1.626782,3.146343,0.064731,0.180850,-0.094943,-0.124849,-0.007247,-0.011486,0.3983,-1.4318,-2.8987,-0.5221,-0.1784,-0.1538
27.5824,-1.237134,-1.298383,1.839135,-2.076104,-1.626854,3.146247,0.052081,0.197892,-0.113191,-0.115064,-0.007964,-0.012381,0.4020,-1.3399,-3.2976,-0.4760,-0.1754,-0.1480
27.5927,-1.236718,-1.296232,1.837881,-2.077115,-1.626914,3.146142,0.041089,0.213860,-0.131043,-0.096495,-0.008187,-0.011859,0.3990,-1.5644,-3.0933,-0.5579,-0.1602,-0.1608
27.6023,-1.236345,-1.294009,1.836422,-2.078058,-1.626967,3.146019,0.031520,0.220521,-0.148413,-0.090729,-0.008319,-0.011478,0.3788,-1.7901,-3.1039,-0.4893,-0.1763,-0.1531
27.6123,-1.236082,-1.291752,1.834865,-2.078889,-1.627081,3.145927,0.022018,0.224212,-0.161258,-0.080980,-0.009509,-0.010339,0.5043,-1.8587,-3.1166,-0.4604,-0.1742,-0.1579
27.6224,-1.235905,-1.289537,1.833169,-2.079566,-1.627119,3.145815,0.015196,0.223966,-0.168982,-0.065510,-0.007752,-0.011096,0.5606,-1.9298,-3.2155,-0.5058,-0.1991,-0.1563
27.6324,-1.235790,-1.287265,1.831405,-2.080169,-1.627225,3.145688,0.010362,0.220617,-0.181415,-0.052508,-0.008895,-0.010543,0.4918,-2.1294,-3.0390,-0.5120,-0.1914,-0.1494
27.6424,-1.235784,-1.285110,1.829577,-2.080612,-1.627336,3.145611,0.001933,0.213918,-0.187123,-0.042775,-0.008122,-0.009898,0.3482,-2.1462,-3.1314,-0.5175,-0.1864,-0.1640
27.6528,-1.235789,-1.283047,1.827747,-2.081004,-1.627405,3.145493,-0.003527,0.202092,-0.187900,-0.034555,-0.008974,-0.009816,0.1650,-2.2892,-2.9262,-0.5244,-0.1776,-0.1796
27.6623,-1.235853,-1.281171,1.825836,-2.081360,-1.627500,3.145447,-0.006809,0.190906,-0.188685,-0.030353,-0.008199,-0.009234,0.0011,-2.4233,-2.9024,-0.4954,-0.1817,-0.1725
27.6726,-1.235921,-1.279361,1.824006,-2.081576,-1.627557,3.145304,-0.008014,0.175232,-0.185064,-0.023129,-0.007530,-0.009799,-0.1783,-2.6170,-2.8515,-0.4816,-0.2043,-0.1699
27.6825,-1.236021,-1.277701,1.822138,-2.081796,-1.627629,3.145244,-0.009290,0.160093,-0.181646,-0.015851,-0.008102,-0.008429,-0.2294,-2.6370,-2.8061,-0.4746,-0.1884,-0.1985
27.6924,-1.236117,-1.276197,1.820369,-2.081908,-1.627771,3.145167,-0.011021,0.144472,-0.171896,-0.009582,-0.007625,-0.008710,-0.2832,-2.5771,-2.7531,-0.4575,-0.1949,-0.1916
27.7023,-1.236240,-1.274852,1.818677,-2.081940,-1.627796,3.145054,-0.010699,0.129284,-0.162625,-0.002265,-0.005972,-0.008253,-0.3267,-2.7727,-2.7516,-0.4337,-0.1857,-0.1887
27.7124,-1.236336,-1.273675,1.817155,-2.081933,-1.627840,3.145000,-0.010571,0.111000,-0.150192,-0.000810,-0.006167,-0.007901,-0.2946,-2.6322,-2.7135,-0.3845,-0.1883,-0.1855
27.7225,-1.236431,-1.272606,1.815709,-2.081940,-1.627904,3.144936,-0.008570,0.095697,-0.139152,-0.000006,-0.006461,-0.007971,-0.3378,-2.6296,-2.7074,-0.3185,-0.1994,-0.1776
27.7324,-1.236512,-1.271755,1.814400,-2.081925,-1.627951,3.144852,-0.008139,0.081449,-0.126411,0.002239,-0.006207,-0.008447,-0.3466,-2.6639,-2.6349,-0.2904,-0.2005,-0.1791
27.7425,-1.236556,-1.270977,1.813178,-2.081889,-1.627992,3.144780,-0.006764,0.065522,-0.115331,0.002979,-0.006059,-0.007960,-0.3823,-2.6580,-2.5203,-0.2577,-0.1908,-0.1854
27.7525,-1.236616,-1.270407,1.812072,-2.081856,-1.628071,3.144712,-0.004870,0.054809,-0.103374,0.004396,-0.005806,-0.009628,-0.4057,-2.7061,-2.4323,-0.2470,-0.1884,-0.1807
27.7626,-1.236668,-1.269927,1.811141,-2.081829,-1.628139,3.144671,-0.003533,0.042946,-0.090807,0.004412,-0.004954,-0.008454,-0.3407,-2.7327,-2.3810,-0.2150,-0.1906,-0.1898
27.7723,-1.236692,-1.269556,1.810304,-2.081785,-1.628136,3.144549,-0.002431,0.032159,-0.076643,0.004684,-0.003305,-0.008522,-0.4255,-2.7181,-2.4191,-0.1828,-0.2048,-0.1823
27.7823,-1.236712,-1.269284,1.809596,-2.081721,-1.628191,3.144469,-0.002318,0.023030,-0.065207,0.006046,-0.002515,-0.009432,-0.4076,-2.7142,-2.3448,-0.1744,-0.1673,-0.1847
27.7923,-1.236737,-1.269108,1.809037,-2.081665,-1.628218,3.144388,-0.002063,0.017158,-0.054139,0.006032,-0.001402,-0.009696,-0.3612,-2.7128,-2.4817,-0.1653,-0.1734,-0.1677
27.8025,-1.236768,-1.268949,1.808568,-2.081586,-1.628203,3.144284,-0.002384,0.011071,-0.044171,0.006708,-0.000786,-0.010532,-0.3948,-2.6757,-2.5352,-0.1863,-0.1781,-0.1649
27.8125,-1.236784,-1.268900,1.808130,-2.081557,-1.628206,3.144185,-0.003019,0.003741,-0.036827,0.005944,-0.000532,-0.009306,-0.4243,-2.7017,-2.4945,-0.1699,-0.1645,-0.1707
27.8224,-1.236796,-1.268850,1.807810,-2.081493,-1.628218,3.144097,-0.003469,0.000116,-0.030798,0.005157,-0.000264,-0.009219,-0.4365,-2.9246,-2.4779,-0.1593,-0.1401,-0.1733
27.8324,-1.236832,-1.268874,1.807510,-2.081449,-1.628165,3.144017,-0.004039,-0.002278,-0.025796,0.003676,-0.000105,-0.008812,-0.4646,-3.0416,-2.4851,-0.1558,-0.1080,-0.1795
27.8425,-1.236899,-1.268956,1.807278,-2.081413,-1.628230,3.143945,-0.004750,-0.005312,-0.020454,0.003948,-0.000041,-0.009455,-0.4340,-3.1807,-2.4528,-0.1684,-0.0636,-0.1708
27.8524,-1.236928,-1.269004,1.807095,-2.081374,-1.628203,3.143868,-0.005011,-0.005604,-0.016159,0.004766,-0.000000,-0.007843,-0.5261,-3.1695,-2.5400,-0.1879,-0.0168,-0.1816
27.8623,-1.236996,-1.269049,1.806951,-2.081345,-1.628167,3.143746,-0.005198,-0.005360,-0.013954,0.002535,0.001583,-0.008339,-0.5588,-3.2618,-2.4922,-0.1507,0.0033,-0.1581
27.8724,-1.237020,-1.269085,1.806850,-2.081324,-1.628153,3.143708,-0.005669,-0.004709,-0.012246,0.003792,0.002148,-0.008064,-0.5481,-3.2573,-2.4586,-0.1893,0.0234,-0.1694
27.8824,-1.237115,-1.269108,1.806755,-2.081309,-1.628127,3.143624,-0.005872,-0.002699,-0.010493,0.002673,0.002710,-0.007689,-0.5735,-3.3267,-2.5395,-0.1780,0.0338,-0.1871
27.8923,-1.237160,-1.269129,1.806609,-2.081254,-1.628107,3.143513,-0.007337,-0.001199,-0.010854,0.002448,0.002597,-0.009543,-0.5457,-3.2723,-2.4745,-0.1717,0.0499,-0.1898
27.9023,-1.237232,-1.269101,1.806539,-2.081234,-1.628095,3.143441,-0.008390,-0.000576,-0.009933,0.001822,0.003215,-0.009904,-0.6107,-3.1835,-2.5738,-0.1756,0.0536,-0.1759
27.9125,-1.237343,-1.269108,1.806440,-2.081217,-1.628049,3.143321,-0.009228,0.002686,-0.010880,0.001806,0.003163,-0.011670,-0.5921,-2.9809,-2.5700,-0.1882,0.0692,-0.1790
27.9228,-1.237431,-1.269065,1.806304,-2.081232,-1.628020,3.143206,-0.011235,0.004696,-0.013080,0.001110,0.003652,-0.012061,-0.6836,-2.5877,-2.6041,-0.1926,0.0599,-0.1811
27.9321,-1.237555,-1.268989,1.806167,-2.081181,-1.628008,3.143066,-0.014307,0.012678,-0.016817,0.001521,0.003664,-0.013658,-0.7042,-2.3192,-2.5923,-0.1786,0.0588,-0.1760
27.9423,-1.237695,-1.268830,1.805953,-2.081197,-1.627975,3.142934,-0.014776,0.017234,-0.020380,0.000959,0.004179,-0.014571,-0.6914,-2.2354,-2.5653,-0.1709,0.0577,-0.1979
27.9527,-1.237886,-1.268611,1.805742,-2.081166,-1.627955,3.142747,-0.016170,0.023255,-0.024138,0.000713,0.004209,-0.016926,-0.6598,-2.1623,-2.5605,-0.1842,0.0835,-0.1830
27.9623,-1.238038,-1.268331,1.805462,-2.081158,-1.627892,3.142579,-0.018079,0.032073,-0.028534,0.001146,0.004015,-0.019194,-0.6797,-2.1538,-2.6284,-0.1902,0.0741,-0.1983
27.9724,-1.238258,-1.267897,1.805156,-2.081174,-1.627884,3.142359,-0.020909,0.045666,-0.033097,0.000731,0.003520,-0.022402,-0.7528,-2.0583,-2.6281,-0.1704,0.0836,-0.1939
27.9828,-1.238474,-1.267422,1.804828,-2.081177,-1.627875,3.142108,-0.022828,0.054837,-0.037703,0.000454,0.004429,-0.024665,-0.7970,-1.7829,-2.6841,-0.1801,0.0670,-0.2207
27.9922,-1.238706,-1.266777,1.804400,-2.081177,-1.627816,3.141851,-0.024446,0.064037,-0.040700,0.000412,0.004202,-0.026941,-0.7052,-1.7125,-2.7233,-0.1817,0.0798,-0.2069
28.0024,-1.238946,-1.266044,1.803938,-2.081195,-1.627768,3.141569,-0.025900,0.076407,-0.044070,0.000329,0.003877,-0.028452,-0.8002,-1.7729,-2.6506,-0.2039,0.0975,-0.2341
28.0124,-1.239221,-1.265234,1.803487,-2.081177,-1.627740,3.141263,-0.027656,0.089189,-0.046703,0.000268,0.004167,-0.030584,-0.7810,-2.0334,-2.7092,-0.1928,0.0915,-0.2196
28.0223,-1.239541,-1.264285,1.803019,-2.081181,-1.627712,3.140952,-0.029163,0.093952,-0.047227,0.000226,0.004159,-0.032382,-0.8219,-1.9017,-2.6832,-0.2264,0.0911,-0.1928
28.0323,-1.239840,-1.263273,1.802552,-2.081174,-1.627704,3.140612,-0.030669,0.099809,-0.048213,0.000195,0.004008,-0.033072,-0.7323,-1.9276,-2.7099,-0.2215,0.0976,-0.1809
28.0424,-1.240164,-1.262228,1.802065,-2.081157,-1.627618,3.140289,-0.029969,0.104443,-0.047759,0.000150,0.003940,-0.032257,-0.8136,-1.9630,-2.6473,-0.2452,0.0985,-0.1891
28.0524,-1.240495,-1.261166,1.801578,-2.081158,-1.627644,3.139950,-0.031560,0.105779,-0.047198,0.000134,0.003857,-0.032336,-0.6905,-2.0845,-2.6038,-0.2526,0.0987,-0.1692
28.0624,-1.240787,-1.260074,1.801115,-2.081157,-1.627589,3.139622,-0.030236,0.104581,-0.045520,0.000041,0.003255,-0.031508,-0.6878,-2.1356,-2.6019,-0.2902,0.1111,-0.1621
28.0726,-1.241107,-1.259036,1.800699,-2.081164,-1.627569,3.139369,-0.030165,0.104346,-0.043328,0.000037,0.003445,-0.030250,-0.6920,-2.2834,-2.6106,-0.2849,0.1188,-0.1672
28.0823,-1.241411,-1.257995,1.800245,-2.081181,-1.627545,3.139100,-0.029873,0.102393,-0.040340,0.000017,0.002912,-0.027849,-0.7455,-2.3890,-2.6074,-0.2919,0.1042,-0.1676
28.0925,-1.241710,-1.257002,1.799885,-2.081154,-1.627525,3.138808,-0.030005,0.096604,-0.037037,0.000000,0.003027,-0.026303,-0.6319,-2.3713,-2.6129,-0.2997,0.1198,-0.1818
28.1025,-1.241979,-1.256088,1.799517,-2.081181,-1.627508,3.138538,-0.030003,0.091790,-0.035349,0.000000,0.002909,-0.024278,-0.6499,-2.3673,-2.5175,-0.2996,0.1022,-0.1936
28.1126,-1.242298,-1.255234,1.799174,-2.081170,-1.627461,3.138355,-0.028915,0.086868,-0.031119,0.000000,0.002815,-0.022522,-0.6835,-2.3698,-2.5451,-0.3190,0.1146,-0.1949
28.1228,-1.242585,-1.254380,1.798879,-2.081192,-1.627441,3.138082,-0.027857,0.081582,-0.027760,-0.000413,0.002512,-0.021793,-0.7387,-2.5649,-2.4571,-0.3232,0.1162,-0.2012
28.1324,-1.242885,-1.253635,1.798600,-2.081185,-1.627401,3.137889,-0.027218,0.074523,-0.024338,-0.000309,0.002623,-0.019911,-0.6379,-2.4400,-2.4707,-0.3407,0.1176,-0.1691
28.1424,-1.243121,-1.252920,1.798403,-2.081185,-1.627436,3.137687,-0.025654,0.066854,-0.020429,-0.000280,0.002245,-0.018664,-0.6359,-2.3355,-2.4813,-0.3495,0.1207,-0.1570
28.1526,-1.243385,-1.252317,1.798240,-2.081170,-1.627420,3.137507,-0.024847,0.061140,-0.016222,-0.000250,0.002489,-0.016537,-0.7216,-2.3410,-2.5068,-0.3689,0.1306,-0.1783
28.1623,-1.243622,-1.251755,1.798107,-2.081188,-1.627374,3.137366,-0.022801,0.055346,-0.012377,-0.000254,0.001833,-0.014533,-0.7736,-2.4196,-2.4798,-0.3668,0.1371,-0.1678
28.1723,-1.243872,-1.251225,1.798012,-2.081208,-1.627341,3.137238,-0.023013,0.049386,-0.008705,-0.000257,0.002177,-0.013463,-0.6103,-2.3972,-2.3609,-0.3650,0.1239,-0.1596
28.1831,-1.244065,-1.250790,1.797932,-2.081166,-1.627334,3.137149,-0.021309,0.044187,-0.003123,-0.000380,0.001189,-0.012661,-0.6661,-2.4476,-2.3265,-0.3631,0.1294,-0.1605
28.1924,-1.244284,-1.250387,1.797955,-2.081213,-1.627333,3.136952,-0.019990,0.037777,-0.000702,-0.000576,0.001295,-0.012203,-0.6213,-2.3540,-2.1845,-0.3990,0.1294,-0.1528
28.2029,-1.244473,-1.250028,1.797960,-2.081213,-1.627302,3.136850,-0.018461,0.035913,0.001039,-0.000512,0.000995,-0.010547,-0.6553,-2.4174,-2.0024,-0.4189,0.1229,-0.1836
28.2124,-1.244649,-1.249690,1.797948,-2.081194,-1.627298,3.136758,-0.017490,0.032151,0.002647,-0.001304,0.001321,-0.011065,-0.7401,-2.4337,-1.7796,-0.4336,0.1206,-0.1536
28.2224,-1.244848,-1.249394,1.798000,-2.081217,-1.627286,3.136650,-0.015994,0.030986,0.003334,-0.001739,0.001197,-0.011244,-0.6969,-2.3520,-1.6275,-0.4620,0.1049,-0.1543
28.2325,-1.245023,-1.249064,1.798008,-2.081257,-1.627290,3.136530,-0.014393,0.030779,0.003559,-0.003280,0.001106,-0.010678,-0.5904,-2.3059,-1.6035,-0.4419,0.1224,-0.1699
28.2423,-1.245120,-1.248793,1.798040,-2.081302,-1.627266,3.136415,-0.012885,0.031627,0.002904,-0.005926,0.000990,-0.009887,-0.6851,-2.2330,-1.5176,-0.3962,0.1302,-0.1670
28.2523,-1.245259,-1.248489,1.798056,-2.081361,-1.627316,3.136354,-0.011604,0.033345,0.002123,-0.003828,0.000857,-0.010119,-0.6219,-2.2340,-1.4692,-0.4195,0.1234,-0.1767
28.2623,-1.245332,-1.248123,1.798096,-2.081385,-1.627258,3.136251,-0.010415,0.036774,0.002178,-0.004592,0.000977,-0.009009,-0.6380,-2.1050,-1.5576,-0.4464,0.1146,-0.1447
28.2722,-1.245459,-1.247740,1.798146,-2.081456,-1.627254,3.136154,-0.009577,0.044159,0.001528,-0.005804,0.000710,-0.009113,-0.7359,-2.0110,-1.4954,-0.4731,0.1093,-0.1615
28.2827,-1.245536,-1.247243,1.798123,-2.081540,-1.627223,3.136082,-0.009588,0.049865,0.000523,-0.009547,0.000639,-0.008595,-0.7408,-1.9272,-1.5616,-0.4585,0.1243,-0.1472
28.2922,-1.245647,-1.246717,1.798088,-2.081613,-1.627265,3.135976,-0.008983,0.057951,0.000000,-0.010388,0.000659,-0.008309,-0.6810,-2.0079,-1.6489,-0.4702,0.1161,-0.1529
28.3023,-1.245723,-1.246122,1.798111,-2.081744,-1.627230,3.135907,-0.008981,0.065450,-0.000313,-0.011373,0.000726,-0.008045,-0.7339,-1.9324,-1.9135,-0.4638,0.1210,-0.1657
28.3124,-1.245804,-1.245394,1.798092,-2.081824,-1.627230,3.135831,-0.009345,0.072168,-0.001211,-0.011415,0.000602,-0.007393,-0.7364,-2.0437,-2.0542,-0.4682,0.1235,-0.1778
28.3223,-1.245911,-1.244637,1.798087,-2.081928,-1.627258,3.135778,-0.009919,0.076688,-0.002355,-0.010880,0.000511,-0.007122,-0.7474,-2.0446,-2.2451,-0.4861,0.1419,-0.1597
28.3322,-1.246023,-1.243800,1.798009,-2.082031,-1.627234,3.135737,-0.009939,0.083680,-0.004497,-0.010943,0.000458,-0.006007,-0.6507,-2.1510,-2.3640,-0.4881,0.1239,-0.1711
28.3424,-1.246103,-1.242959,1.797960,-2.082159,-1.627246,3.135646,-0.009924,0.086680,-0.007268,-0.012214,0.000499,-0.005672,-0.6538,-2.2620,-2.5469,-0.4797,0.1196,-0.1469
28.3524,-1.246199,-1.242043,1.797923,-2.082287,-1.627229,3.135611,-0.008961,0.087357,-0.010798,-0.012625,0.000514,-0.005373,-0.7369,-2.2278,-2.6078,-0.4906,0.1287,-0.1624
28.3623,-1.246275,-1.241122,1.797777,-2.082419,-1.627237,3.135547,-0.009383,0.089953,-0.013272,-0.013241,0.000424,-0.004732,-0.6368,-2.3665,-2.7014,-0.4879,0.1244,-0.1562
28.3726,-1.246359,-1.240185,1.797648,-2.082535,-1.627218,3.135511,-0.008076,0.088155,-0.015395,-0.013130,0.000304,-0.004793,-0.6554,-2.3861,-2.6715,-0.4896,0.1001,-0.1562
28.3823,-1.246466,-1.239296,1.797473,-2.082639,-1.627218,3.135451,-0.008516,0.087946,-0.018140,-0.012900,0.000237,-0.004281,-0.6157,-2.5074,-2.6812,-0.5074,0.0699,-0.1602
28.3928,-1.246535,-1.238411,1.797262,-2.082771,-1.627206,3.135418,-0.008252,0.085241,-0.020073,-0.012945,0.000162,-0.003991,-0.6445,-2.5927,-2.7035,-0.5203,0.0364,-0.1581
28.4026,-1.246615,-1.237590,1.797058,-2.082922,-1.627225,3.135383,-0.006724,0.079325,-0.021634,-0.012211,0.000110,-0.003314,-0.6346,-2.6894,-2.7231,-0.5115,0.0118,-0.1574
28.4124,-1.246694,-1.236773,1.796839,-2.082971,-1.627214,3.135328,-0.005981,0.074270,-0.022788,-0.011688,-0.000103,-0.004306,-0.6737,-2.7239,-2.7712,-0.5123,0.0064,-0.1693
28.4224,-1.246723,-1.236059,1.796627,-2.083115,-1.627281,3.135342,-0.005482,0.068830,-0.023571,-0.010936,-0.000917,-0.003026,-0.5626,-2.6530,-2.7505,-0.5017,-0.0238,-0.1674
28.4323,-1.246771,-1.235374,1.796376,-2.083203,-1.627258,3.135314,-0.004831,0.062884,-0.024370,-0.009798,-0.000866,-0.003257,-0.6570,-2.6887,-2.7957,-0.4947,-0.0379,-0.1669
28.4424,-1.246837,-1.234780,1.796136,-2.083267,-1.627273,3.135294,-0.004459,0.057839,-0.025042,-0.006687,-0.000945,-0.002663,-0.6466,-2.6914,-2.7579,-0.4992,-0.0593,-0.1647
28.4527,-1.246858,-1.234250,1.795865,-2.083374,-1.627242,3.135273,-0.003850,0.050843,-0.025382,-0.005504,-0.000991,-0.002047,-0.6338,-2.6810,-2.7451,-0.5240,-0.0685,-0.1823
28.4625,-1.246906,-1.233775,1.795605,-2.083402,-1.627270,3.135208,-0.003398,0.044763,-0.026135,-0.004251,-0.000979,-0.002136,-0.6707,-2.5848,-2.6498,-0.5254,-0.0685,-0.1622
28.4722,-1.246939,-1.233379,1.795342,-2.083418,-1.627285,3.135187,-0.003222,0.041884,-0.026547,-0.002580,-0.000839,-0.001826,-0.6803,-2.5532,-2.6451,-0.5129,-0.0870,-0.1642
28.4825,-1.246950,-1.232973,1.795054,-2.083458,-1.627262,3.135210,-0.003269,0.039791,-0.026975,-0.002176,-0.000902,-0.001933,-0.7914,-2.5103,-2.6526,-0.5006,-0.0890,-0.1721
28.4924,-1.246986,-1.232594,1.794807,-2.083462,-1.627274,3.135167,-0.004516,0.038754,-0.027304,-0.001029,-0.000801,-0.001561,-0.6934,-2.4780,-2.5450,-0.4831,-0.0895,-0.1617
28.5023,-1.247031,-1.232196,1.794531,-2.083451,-1.627259,3.135170,-0.006156,0.038550,-0.027494,-0.000435,-0.000488,-0.001287,-0.8327,-2.4186,-2.5862,-0.4386,-0.0811,-0.1631
28.5125,-1.247138,-1.231797,1.794263,-2.083459,-1.627262,3.135124,-0.008249,0.039416,-0.027738,-0.000236,-0.000316,-0.001048,-0.8555,-2.2628,-2.4751,-0.4114,-0.0675,-0.1782
28.5225,-1.247199,-1.231399,1.793971,-2.083459,-1.627309,3.135143,-0.011382,0.041556,-0.027505,0.000120,-0.000234,-0.000923,-0.9123,-2.0279,-2.4847,-0.3355,-0.0118,-0.1586
28.5326,-1.247338,-1.230936,1.793721,-2.083471,-1.627285,3.135115,-0.015260,0.049348,-0.025967,0.001099,0.000105,-0.000726,-0.9205,-2.0337,-2.3995,-0.2986,0.0455,-0.1550
28.5424,-1.247518,-1.230407,1.793429,-2.083470,-1.627261,3.135143,-0.016453,0.054440,-0.023672,0.002202,0.001939,-0.000622,-0.8621,-2.0609,-2.3302,-0.2327,0.0767,-0.1785
28.5524,-1.247689,-1.229821,1.793238,-2.083423,-1.627230,3.135131,-0.018184,0.061868,-0.020008,0.003001,0.004833,-0.000619,-0.8897,-2.1900,-2.3247,-0.2319,0.1380,-0.1671
28.5626,-1.247877,-1.229175,1.793042,-2.083360,-1.627170,3.135119,-0.019569,0.065030,-0.016699,0.004400,0.009565,-0.000730,-0.9079,-2.0226,-2.3519,-0.2066,0.1488,-0.1436
28.5724,-1.248100,-1.228494,1.792918,-2.083343,-1.627074,3.135119,-0.020535,0.072233,-0.012116,0.005409,0.012293,-0.000570,-0.7874,-2.0648,-2.3637,-0.1941,0.1557,-0.1616
28.5824,-1.248317,-1.227740,1.792806,-2.083287,-1.626934,3.135107,-0.022328,0.075441,-0.008753,0.004276,0.013325,-0.000432,-0.8892,-1.9555,-2.2090,-0.1630,0.1446,-0.1671
28.5923,-1.248528,-1.226951,1.792790,-2.083247,-1.626804,3.135107,-0.023856,0.081086,-0.002586,0.003857,0.013462,-0.000448,-0.8698,-2.0517,-2.1254,-0.1648,0.1607,-0.1650
28.6023,-1.248768,-1.226119,1.792783,-2.083218,-1.626711,3.135092,-0.025086,0.085154,-0.000000,0.005921,0.014868,-0.001369,-0.8449,-2.0231,-1.7926,-0.1693,0.1619,-0.1802
28.6123,-1.249020,-1.225199,1.792845,-2.083135,-1.626540,3.135092,-0.025467,0.091412,0.005662,0.004809,0.015933,-0.002440,-0.7819,-2.2049,-1.5059,-0.1552,0.1710,-0.1877
28.6226,-1.249296,-1.224306,1.792898,-2.083115,-1.626377,3.135036,-0.027202,0.090683,0.011495,0.004744,0.017193,-0.003909,-0.8791,-2.1206,-1.1864,-0.1603,0.1524,-0.1738
28.6323,-1.249587,-1.223413,1.793084,-2.083091,-1.626181,3.135060,-0.029133,0.095980,0.017244,0.003221,0.020021,-0.003346,-0.8825,-2.2672,-1.1235,-0.1629,0.1442,-0.1799
28.6423,-1.249859,-1.222464,1.793253,-2.083047,-1.626025,3.134999,-0.029612,0.093573,0.021651,0.003466,0.017916,-0.004381,-0.9225,-2.0590,-1.0397,-0.1810,0.1799,-0.1889
28.6525,-1.250174,-1.221527,1.793547,-2.083042,-1.625794,3.134969,-0.031131,0.095272,0.026910,0.001961,0.020539,-0.005060,-0.8395,-2.2474,-1.0401,-0.1957,0.1579,-0.1795
28.6622,-1.250490,-1.220603,1.793810,-2.083019,-1.625612,3.134876,-0.031165,0.093224,0.030709,0.000751,0.020837,-0.006101,-0.8474,-2.2570,-0.9509,-0.2085,0.1863,-0.1943
28.6725,-1.250798,-1.219682,1.794126,-2.083031,-1.625356,3.134819,-0.033129,0.094555,0.037636,0.000517,0.021652,-0.007928,-0.8200,-2.3830,-0.9567,-0.2096,0.2177,-0.1941
28.6826,-1.251115,-1.218804,1.794549,-2.083038,-1.625149,3.134754,-0.031780,0.089339,0.041310,0.000133,0.021460,-0.009211,-0.8687,-2.2032,-0.8333,-0.2318,0.2028,-0.2001
28.6923,-1.251441,-1.217940,1.794965,-2.083019,-1.624925,3.134636,-0.031815,0.087698,0.045333,0.000007,0.024115,-0.011896,-0.7822,-2.2380,-0.8189,-0.2646,0.1988,-0.2107
28.7022,-1.251753,-1.217122,1.795487,-2.083038,-1.624714,3.134500,-0.031207,0.081871,0.051372,0.000000,0.025429,-0.011810,-0.8545,-2.2264,-0.9865,-0.3448,0.2226,-0.1911
28.7127,-1.252053,-1.216333,1.796014,-2.083031,-1.624387,3.134408,-0.030579,0.080011,0.055673,-0.001611,0.029163,-0.012790,-0.8183,-2.3927,-1.1076,-0.3905,0.1797,-0.1739
28.7224,-1.252346,-1.215524,1.796585,-2.083071,-1.624123,3.134268,-0.030755,0.075559,0.055457,-0.003233,0.027962,-0.013788,-0.7484,-2.4174,-0.9021,-0.4133,0.1998,-0.1903
28.7325,-1.252661,-1.214802,1.797159,-2.083095,-1.623867,3.134113,-0.030213,0.072820,0.057652,-0.005464,0.027496,-0.016231,-0.7328,-2.5463,-0.9629,-0.4248,0.1829,-0.1929
28.7423,-1.252964,-1.214069,1.797726,-2.083158,-1.623573,3.133952,-0.027900,0.068076,0.059170,-0.006117,0.028590,-0.018277,-0.7390,-2.5510,-0.9814,-0.4327,0.2043,-0.1868
28.7524,-1.253228,-1.213446,1.798298,-2.083199,-1.623281,3.133749,-0.026186,0.064093,0.058414,-0.005822,0.029292,-0.020909,-0.6999,-2.6663,-0.9788,-0.4648,0.1801,-0.1705
28.7623,-1.253483,-1.212824,1.798932,-2.083278,-1.622967,3.133511,-0.024261,0.059605,0.056051,-0.006270,0.028150,-0.022693,-0.6598,-2.7907,-0.9315,-0.4581,0.1767,-0.1844
28.7724,-1.253723,-1.212271,1.799491,-2.083298,-1.622691,3.133293,-0.022318,0.051948,0.056570,-0.005781,0.027465,-0.026539,-0.6558,-2.6568,-0.9941,-0.4953,0.1703,-0.1735
28.7823,-1.253927,-1.211768,1.800018,-2.083389,-1.622421,3.133029,-0.020338,0.047012,0.056357,-0.006807,0.025403,-0.029598,-0.6510,-2.6900,-1.0762,-0.5095,0.1815,-0.1748
28.7923,-1.254115,-1.211314,1.800538,-2.083427,-1.622177,3.132729,-0.018431,0.043600,0.052273,-0.007454,0.023532,-0.028615,-0.7293,-2.7852,-1.0859,-0.5055,0.1930,-0.2025
28.8024,-1.254295,-1.210923,1.801056,-2.083486,-1.621961,3.132413,-0.016458,0.037445,0.050367,-0.005576,0.022576,-0.031752,-0.6842,-2.6569,-1.0460,-0.5296,0.2020,-0.2020
28.8124,-1.254435,-1.210576,1.801571,-2.083546,-1.621753,3.132083,-0.013870,0.033148,0.047848,-0.005212,0.020807,-0.032492,-0.6815,-2.7225,-1.0862,-0.5243,0.1848,-0.2018
28.8225,-1.254543,-1.210297,1.801992,-2.083625,-1.621534,3.131773,-0.013327,0.028517,0.045191,-0.005493,0.019128,-0.032866,-0.6497,-2.7067,-1.1072,-0.5187,0.1710,-0.2038
28.8323,-1.254678,-1.209990,1.802454,-2.083666,-1.621366,3.131439,-0.011432,0.025399,0.042698,-0.005138,0.017788,-0.034064,-0.6197,-2.7911,-1.0637,-0.5186,0.1846,-0.2141
28.8426,-1.254771,-1.209771,1.802877,-2.083695,-1.621187,3.131107,-0.008405,0.021923,0.039358,-0.004595,0.016551,-0.032450,-0.6534,-2.7269,-1.1409,-0.5015,0.1923,-0.2150
28.8524,-1.254843,-1.209564,1.803244,-2.083809,-1.621051,3.130747,-0.005473,0.018992,0.037649,-0.004714,0.015714,-0.033679,-0.6909,-2.7871,-1.1100,-0.5061,0.1907,-0.1850
28.8624,-1.254859,-1.209396,1.803588,-2.083814,-1.620876,3.130427,-0.004257,0.015625,0.035048,-0.004368,0.014902,-0.032885,-0.6639,-2.8449,-1.0746,-0.5166,0.1717,-0.1863
28.8723,-1.254942,-1.209288,1.803923,-2.083842,-1.620701,3.130123,-0.004874,0.012165,0.032989,-0.004073,0.014024,-0.031969,-0.6004,-2.8157,-1.0208,-0.5126,0.1692,-0.1776
28.8826,-1.254963,-1.209180,1.804259,-2.083866,-1.620601,3.129799,-0.004649,0.007161,0.030900,-0.003934,0.010686,-0.031288,-0.7587,-2.9523,-1.0095,-0.5170,0.1892,-0.1656
28.8923,-1.255026,-1.209160,1.804582,-2.083914,-1.620466,3.129454,-0.006200,0.002194,0.031855,-0.003982,0.011914,-0.030289,-0.7613,-2.9942,-1.1147,-0.5119,0.1561,-0.1591
28.9023,-1.255055,-1.209140,1.804912,-2.083930,-1.620374,3.129216,-0.007640,0.000006,0.031004,-0.002863,0.010839,-0.029487,-0.8514,-3.1390,-1.0218,-0.5175,0.1681,-0.1473
28.9123,-1.255163,-1.209149,1.805181,-2.084009,-1.620282,3.128921,-0.009357,-0.002739,0.029852,-0.003942,0.008356,-0.026380,-0.8587,-3.3666,-0.9278,-0.5069,0.1620,-0.1561
28.9224,-1.255278,-1.209196,1.805492,-2.084057,-1.620225,3.128700,-0.011720,-0.005148,0.029988,-0.003030,0.007969,-0.023176,-0.9201,-3.4539,-0.8967,-0.5169,0.1887,-0.1751
28.9322,-1.255394,-1.209284,1.805811,-2.084050,-1.620114,3.128465,-0.014393,-0.007042,0.030091,-0.002905,0.007883,-0.022095,-0.9245,-3.5455,-1.0036,-0.4942,0.1458,-0.1639
28.9423,-1.255558,-1.209344,1.806075,-2.084101,-1.620054,3.128264,-0.016176,-0.007994,0.029486,-0.002213,0.008510,-0.019066,-0.9489,-3.6037,-1.0451,-0.5051,0.1689,-0.1763
28.9523,-1.255745,-1.209435,1.806383,-2.084082,-1.619994,3.128088,-0.019148,-0.008462,0.029346,-0.001696,0.008623,-0.017264,-0.8725,-3.7146,-1.0965,-0.5096,0.1634,-0.1761
28.9623,-1.255946,-1.209503,1.806650,-2.084090,-1.619875,3.127955,-0.021894,-0.009279,0.028913,-0.001812,0.009899,-0.016044,-0.8551,-3.6873,-0.9771,-0.5005,0.1767,-0.1628
28.9723,-1.256184,-1.209610,1.807016,-2.084121,-1.619771,3.127780,-0.024122,-0.009153,0.030010,-0.001474,0.011628,-0.014281,-0.9607,-3.7017,-1.0821,-0.5210,0.1768,-0.1807
28.9823,-1.256448,-1.209706,1.807262,-2.084134,-1.619663,3.127657,-0.026914,-0.009247,0.029532,-0.001916,0.012209,-0.013399,-0.8484,-3.7057,-1.0515,-0.5110,0.1792,-0.1773
28.9923,-1.256712,-1.209790,1.807576,-2.084161,-1.619523,3.127497,-0.028224,-0.009305,0.029086,-0.001124,0.012353,-0.012626,-0.8314,-3.6664,-0.9970,-0.4881,0.1691,-0.1800
29.0026,-1.257003,-1.209897,1.807848,-2.084142,-1.619416,3.127362,-0.029534,-0.008127,0.028625,-0.000815,0.013468,-0.012008,-0.9206,-3.7363,-1.0244,-0.5015,0.1828,-0.1714
29.0123,-1.257268,-1.209938,1.808135,-2.084185,-1.619272,3.127285,-0.029991,-0.007726,0.028940,-0.000983,0.013965,-0.010954,-0.8752,-3.6949,-1.0678,-0.4968,0.1703,-0.1693
29.0224,-1.257568,-1.209986,1.808446,-2.084163,-1.619148,3.127177,-0.030395,-0.006292,0.027474,-0.000833,0.015192,-0.010683,-0.8757,-3.5975,-1.0521,-0.4810,0.1677,-0.1639
29.0323,-1.257871,-1.210080,1.808686,-2.084181,-1.618996,3.127097,-0.031374,-0.004894,0.026471,-0.000670,0.015752,-0.008862,-0.8280,-3.6701,-1.0612,-0.4751,0.1860,-0.1652
29.0425,-1.258183,-1.210090,1.808985,-2.084187,-1.618818,3.127028,-0.030612,-0.004305,0.026366,-0.000645,0.015744,-0.008038,-0.8188,-3.7005,-0.9981,-0.4749,0.1763,-0.1572
29.0523,-1.258482,-1.210148,1.809256,-2.084225,-1.618643,3.126891,-0.030239,-0.003206,0.026604,-0.000610,0.016263,-0.008564,-0.7570,-3.7420,-1.0246,-0.4717,0.1911,-0.1519
29.0626,-1.258779,-1.210146,1.809508,-2.084190,-1.618542,3.126860,-0.030324,-0.002440,0.026317,-0.000507,0.015860,-0.007690,-0.6607,-3.6740,-1.0536,-0.4676,0.1988,-0.1637
29.0724,-1.259075,-1.210169,1.809740,-2.084214,-1.618332,3.126770,-0.029359,-0.001677,0.026656,-0.000459,0.015864,-0.006765,-0.7099,-3.7028,-1.0119,-0.4576,0.1957,-0.1648
29.0823,-1.259378,-1.210189,1.810046,-2.084218,-1.618187,3.126708,-0.028047,-0.003110,0.027699,-0.000381,0.015769,-0.007085,-0.7607,-3.6492,-0.9606,-0.4714,0.1953,-0.1548
29.0924,-1.259641,-1.210251,1.810284,-2.084214,-1.618036,3.126637,-0.027728,-0.001851,0.029050,-0.000620,0.015864,-0.007513,-0.7170,-3.6540,-0.9750,-0.4634,0.1970,-0.1626
29.1024,-1.259905,-1.210256,1.810600,-2.084245,-1.617884,3.126523,-0.026128,-0.001315,0.030839,-0.001425,0.014939,-0.008005,-0.7509,-3.6819,-0.9313,-0.4766,0.2093,-0.1654
29.1124,-1.260169,-1.210241,1.810949,-2.084253,-1.617725,3.126485,-0.025461,-0.001066,0.032819,-0.002413,0.013880,-0.008699,-0.6871,-3.6719,-0.8868,-0.4689,0.2040,-0.1669
29.1225,-1.260418,-1.210230,1.811323,-2.084262,-1.617628,3.126386,-0.024457,-0.000914,0.034704,-0.002510,0.013028,-0.009581,-0.6820,-3.6474,-0.8086,-0.4799,0.1924,-0.1640
29.1324,-1.260661,-1.210268,1.811652,-2.084305,-1.617493,3.126321,-0.022850,-0.000550,0.038079,-0.004878,0.012533,-0.009259,-0.7458,-3.6198,-0.8044,-0.4820,0.1943,-0.1669
29.1422,-1.260857,-1.210265,1.812091,-2.084366,-1.617342,3.126174,-0.021597,-0.000530,0.041901,-0.004982,0.012144,-0.010037,-0.7045,-3.5905,-0.8223,-0.4804,0.1982,-0.1562
29.1522,-1.261092,-1.210276,1.812533,-2.084394,-1.617219,3.126081,-0.020651,-0.000689,0.043937,-0.005534,0.010831,-0.010606,-0.7194,-3.5971,-0.7778,-0.4863,0.1795,-0.1346
29.1624,-1.261297,-1.210292,1.813004,-2.084473,-1.617127,3.125974,-0.019440,-0.000469,0.046738,-0.005435,0.009244,-0.010264,-0.6849,-3.6326,-0.6625,-0.4732,0.1810,-0.1744
29.1724,-1.261488,-1.210288,1.813465,-2.084512,-1.617051,3.125879,-0.019455,-0.000436,0.054454,-0.004968,0.007279,-0.012451,-0.7164,-3.6154,-0.7750,-0.5037,0.1682,-0.1863
29.1823,-1.261664,-1.210276,1.814079,-2.084553,-1.616991,3.125723,-0.018482,-0.000372,0.058444,-0.006054,0.006390,-0.016796,-0.7383,-3.5541,-0.7188,-0.4916,0.1845,-0.1924
29.1924,-1.261844,-1.210292,1.814674,-2.084632,-1.616967,3.125524,-0.018609,-0.000336,0.063143,-0.006647,0.006226,-0.020013,-0.7471,-3.6047,-0.8536,-0.4810,0.1900,-0.1771
29.2023,-1.262032,-1.210300,1.815321,-2.084696,-1.616919,3.125282,-0.019017,-0.000369,0.067161,-0.005608,0.005321,-0.022741,-0.7231,-3.5900,-0.9589,-0.4658,0.1760,-0.1610
29.2123,-1.262215,-1.210300,1.815979,-2.084736,-1.616831,3.125116,-0.019338,-0.000366,0.069147,-0.003974,0.005636,-0.022633,-0.7545,-3.6613,-0.8564,-0.4794,0.1763,-0.2286
29.2223,-1.262438,-1.210288,1.816721,-2.084745,-1.616839,3.124776,-0.019801,-0.000626,0.071811,-0.003572,0.003733,-0.030092,-0.6943,-3.6655,-0.9680,-0.4926,0.1786,-0.1686
29.2323,-1.262615,-1.210328,1.817416,-2.084781,-1.616775,3.124577,-0.020270,-0.001526,0.073010,-0.004677,0.004325,-0.029184,-0.6943,-3.7290,-0.8968,-0.4908,0.1523,-0.2409
29.2423,-1.262831,-1.210320,1.818182,-2.084820,-1.616747,3.124161,-0.020605,-0.003188,0.072867,-0.004506,0.001544,-0.036554,-0.7938,-3.7064,-0.9273,-0.4748,0.1618,-0.1780
29.2525,-1.263035,-1.210360,1.818854,-2.084891,-1.616727,3.123893,-0.019657,-0.003959,0.073027,-0.004917,0.000935,-0.034011,-0.7332,-3.7679,-0.9578,-0.4971,0.1550,-0.2161
29.2623,-1.263238,-1.210389,1.819631,-2.084904,-1.616789,3.123453,-0.021737,-0.005109,0.070610,-0.004218,0.000823,-0.039401,-0.7307,-3.7807,-0.8908,-0.4840,0.1298,-0.1554
29.2722,-1.263454,-1.210479,1.820322,-2.084932,-1.616758,3.123157,-0.022088,-0.006797,0.069342,-0.002738,0.000394,-0.035534,-0.8483,-3.7797,-0.9704,-0.4909,0.0924,-0.1999
29.2824,-1.263697,-1.210531,1.821017,-2.084953,-1.616723,3.122698,-0.023289,-0.007880,0.065151,-0.002319,0.000221,-0.039411,-0.8068,-3.8657,-0.9366,-0.4694,0.0519,-0.1626
29.2926,-1.263941,-1.210638,1.821648,-2.084964,-1.616727,3.122396,-0.024634,-0.009329,0.063689,-0.001306,-0.000037,-0.035628,-0.7080,-3.8571,-1.1138,-0.4802,0.0088,-0.1971
29.3024,-1.264158,-1.210679,1.822250,-2.084957,-1.616760,3.121954,-0.025391,-0.009170,0.058624,-0.001288,-0.002874,-0.036772,-0.7529,-3.8963,-1.0867,-0.4633,-0.0072,-0.1868
29.3124,-1.264440,-1.210810,1.822794,-2.084969,-1.616787,3.121607,-0.026932,-0.011145,0.053774,-0.000963,-0.002815,-0.035084,-0.6228,-3.8543,-1.1152,-0.4575,-0.0542,-0.1741
29.3226,-1.264701,-1.210933,1.823325,-2.085001,-1.616839,3.121255,-0.026591,-0.012809,0.047190,-0.000501,-0.003830,-0.033120,-0.8698,-3.9459,-1.1372,-0.4473,-0.0740,-0.1781
29.3323,-1.264992,-1.211045,1.823724,-2.084966,-1.616840,3.120919,-0.028859,-0.014120,0.039827,-0.000322,-0.004716,-0.031352,-0.7221,-4.0162,-1.1810,-0.4270,-0.0856,-0.2003
29.3426,-1.265276,-1.211173,1.824099,-2.085001,-1.616926,3.120604,-0.029693,-0.015508,0.033116,-0.000237,-0.005753,-0.031297,-0.7755,-3.9302,-1.2316,-0.4109,-0.0956,-0.1928
29.3523,-1.265588,-1.211353,1.824345,-2.085001,-1.616970,3.120318,-0.030612,-0.015672,0.024922,-0.000150,-0.006548,-0.029449,-0.7789,-4.0064,-1.2572,-0.3776,-0.0709,-0.1675
29.3626,-1.265896,-1.211539,1.824567,-2.084989,-1.617034,3.120030,-0.032206,-0.016593,0.017554,0.000053,-0.007046,-0.026725,-0.7885,-3.9731,-1.2756,-0.3478,-0.0823,-0.1649
29.3725,-1.266231,-1.211711,1.824688,-2.084953,-1.617070,3.119791,-0.034626,-0.019281,0.008093,0.000946,-0.008479,-0.023201,-0.8597,-3.9497,-1.4372,-0.3083,-0.1183,-0.1545
29.3823,-1.266626,-1.211910,1.824704,-2.084913,-1.617146,3.119540,-0.038504,-0.020590,-0.004936,0.004159,-0.008831,-0.019400,-0.9576,-4.0263,-1.9357,-0.2829,-0.1247,-0.1773
29.3924,-1.267045,-1.212141,1.824612,-2.084909,-1.617229,3.119388,-0.044128,-0.024028,-0.013693,0.005629,-0.010058,-0.016583,-0.7891,-4.0005,-2.2047,-0.2284,-0.1477,-0.1493
29.4027,-1.267489,-1.212385,1.824437,-2.084813,-1.617333,3.119239,-0.048869,-0.027255,-0.020219,0.009624,-0.012373,-0.013270,-0.9360,-4.0564,-2.3081,-0.2206,-0.1575,-0.1535
29.4123,-1.268005,-1.212687,1.824210,-2.084745,-1.617429,3.119112,-0.053042,-0.033440,-0.024255,0.012533,-0.013941,-0.009941,-0.9791,-4.0377,-2.4204,-0.1586,-0.1444,-0.1460
29.4224,-1.268571,-1.213053,1.823970,-2.084582,-1.617544,3.119058,-0.059695,-0.037447,-0.026930,0.014725,-0.013998,-0.004839,-1.3299,-4.2666,-2.7534,-0.1673,-0.1684,-0.1423
29.4323,-1.269245,-1.213456,1.823659,-2.084429,-1.617677,3.119035,-0.072442,-0.045911,-0.033889,0.020915,-0.016508,-0.001975,-1.1111,-4.2370,-2.7725,-0.1616,-0.1789,-0.1133
29.4424,-1.270040,-1.213954,1.823288,-2.084187,-1.617832,3.119030,-0.081173,-0.052199,-0.037686,0.027802,-0.020043,-0.000628,-1.2840,-4.4904,-2.8947,-0.1383,-0.1830,-0.0837
29.4524,-1.270928,-1.214543,1.822865,-2.083863,-1.618028,3.119045,-0.091789,-0.062766,-0.046948,0.034708,-0.023157,-0.000301,-1.3550,-4.4713,-2.9025,-0.1470,-0.1934,-0.0433
29.4624,-1.271982,-1.215240,1.822334,-2.083464,-1.618313,3.119050,-0.105516,-0.073718,-0.057203,0.043921,-0.027551,0.001479,-1.3309,-4.6128,-2.9623,-0.1224,-0.1887,0.0187
29.4724,-1.273132,-1.216061,1.821680,-2.082961,-1.618584,3.119065,-0.126165,-0.093596,-0.072912,0.056998,-0.032687,0.004003,-1.3221,-4.6717,-3.1606,-0.0878,-0.1987,0.0519
29.4825,-1.274466,-1.217053,1.820902,-2.082338,-1.618916,3.119125,-0.133929,-0.108939,-0.088063,0.074061,-0.032899,0.006838,-1.5886,-5.0707,-3.3595,-0.0766,-0.2381,0.0751
29.4923,-1.275904,-1.218225,1.819912,-2.081456,-1.619244,3.119194,-0.149457,-0.131234,-0.101877,0.096691,-0.037191,0.009361,-1.2457,-4.9506,-3.2369,-0.0967,-0.2337,0.0767
29.5023,-1.277513,-1.219650,1.818795,-2.080422,-1.619653,3.119235,-0.157777,-0.149472,-0.118139,0.112970,-0.039964,0.010332,-1.3704,-5.2614,-3.3623,-0.0645,-0.2133,0.1133
29.5125,-1.279136,-1.221268,1.817511,-2.079183,-1.620069,3.119334,-0.164665,-0.172621,-0.133381,0.135223,-0.041464,0.011203,-1.3608,-4.9356,-3.2293,-0.0412,-0.2127,0.0913
29.5224,-1.280833,-1.223089,1.816098,-2.077774,-1.620456,3.119434,-0.169931,-0.194852,-0.147033,0.153670,-0.042046,0.011356,-1.3596,-5.3957,-3.3677,-0.0437,-0.2194,0.0858
29.5323,-1.282555,-1.225185,1.814565,-2.076057,-1.620934,3.119513,-0.173296,-0.223037,-0.159972,0.176764,-0.042028,0.011699,-1.2524,-5.2539,-3.3396,-0.0497,-0.2197,0.0952
29.5424,-1.284324,-1.227539,1.812893,-2.074148,-1.621307,3.119566,-0.173927,-0.242004,-0.169188,0.196373,-0.043657,0.012680,-1.1334,-5.3492,-3.3667,-0.0435,-0.2260,0.1016
29.5523,-1.286043,-1.230058,1.811122,-2.072151,-1.621757,3.119638,-0.174501,-0.260332,-0.181258,0.209730,-0.044755,0.012474,-0.9965,-5.1913,-3.1892,0.0098,-0.1811,0.1215
29.5623,-1.287754,-1.232851,1.809281,-2.069919,-1.622274,3.119749,-0.171685,-0.285129,-0.186573,0.230837,-0.042451,0.012928,-0.8912,-5.1781,-3.0236,0.0012,-0.1679,0.1197
29.5723,-1.289399,-1.235912,1.807322,-2.067485,-1.622669,3.119830,-0.165006,-0.319498,-0.195784,0.250367,-0.039641,0.013206,-0.8635,-5.2914,-3.0512,-0.0046,-0.2273,0.1188
29.5823,-1.290974,-1.239262,1.805416,-2.064842,-1.623115,3.119960,-0.159685,-0.336532,-0.195741,0.273037,-0.039061,0.012618,-0.9453,-5.9883,-3.1518,-0.0056,-0.2140,0.1161
29.5923,-1.292548,-1.242853,1.803397,-2.061976,-1.623495,3.120042,-0.154061,-0.361435,-0.196059,0.292423,-0.040042,0.011304,-0.9069,-5.4308,-2.8852,0.0227,-0.1771,0.1159
29.6024,-1.294031,-1.246592,1.801475,-2.058935,-1.623882,3.120173,-0.148393,-0.382190,-0.194309,0.308174,-0.036568,0.010685,-0.8978,-5.2599,-2.8710,0.0332,-0.2097,0.1200
29.6124,-1.295461,-1.250537,1.799555,-2.055782,-1.624222,3.120272,-0.141162,-0.399550,-0.191162,0.322674,-0.035792,0.010157,-0.8293,-4.8565,-2.7131,0.0486,-0.1822,0.1285
29.6224,-1.296824,-1.254572,1.797658,-2.052520,-1.624612,3.120356,-0.136046,-0.411214,-0.184535,0.335434,-0.033800,0.008648,-0.7969,-5.0582,-2.7605,0.0807,-0.1986,0.1531
29.6324,-1.298158,-1.258715,1.795874,-2.049096,-1.624966,3.120397,-0.131078,-0.426777,-0.177341,0.354008,-0.031914,0.008112,-0.9022,-4.7234,-2.7836,0.0704,-0.1856,0.1212
29.6425,-1.299445,-1.263002,1.794176,-2.045505,-1.625234,3.120489,-0.126389,-0.428084,-0.167930,0.364801,-0.028214,0.006937,-0.8440,-4.8875,-2.5548,0.0550,-0.1748,0.1412
29.6523,-1.300715,-1.267363,1.792536,-2.041816,-1.625502,3.120549,-0.123703,-0.426746,-0.158239,0.370317,-0.025587,0.006998,-0.8846,-4.6877,-2.5801,0.0738,-0.1807,0.1462
29.6623,-1.301966,-1.271844,1.790984,-2.038055,-1.625745,3.120621,-0.123510,-0.432643,-0.148624,0.376109,-0.022921,0.006831,-0.6746,-4.3105,-2.4744,0.0446,-0.1718,0.1464
29.6724,-1.303221,-1.276187,1.789597,-2.034217,-1.625941,3.120654,-0.127407,-0.437421,-0.138748,0.383862,-0.021216,0.006120,-1.0919,-4.4818,-2.5613,0.0585,-0.1927,0.1373
29.6824,-1.304463,-1.280582,1.788247,-2.030297,-1.626112,3.120717,-0.127299,-0.436515,-0.126477,0.390036,-0.018279,0.005669,-1.4154,-4.2862,-2.5329,0.0629,-0.2050,0.1492
29.6922,-1.305853,-1.284890,1.787048,-2.026348,-1.626319,3.120772,-0.136853,-0.437533,-0.117977,0.392919,-0.015795,0.004460,-1.2710,-4.0804,-2.2394,0.0743,-0.1962,0.1497
29.7022,-1.307278,-1.289162,1.785935,-2.022399,-1.626448,3.120813,-0.144017,-0.432360,-0.107854,0.394534,-0.014079,0.004309,-1.3756,-4.0509,-2.3685,0.0609,-0.1855,0.1401
29.7124,-1.308781,-1.293458,1.784991,-2.018466,-1.626594,3.120868,-0.149153,-0.425069,-0.093181,0.396096,-0.012300,0.004204,-1.4756,-4.2430,-2.4918,0.0378,-0.1965,0.1466
29.7225,-1.310355,-1.297694,1.784085,-2.014621,-1.626687,3.120897,-0.158868,-0.418548,-0.083230,0.393219,-0.011464,0.003474,-1.4875,-4.6389,-2.6141,0.0315,-0.1628,0.1602
29.7322,-1.312044,-1.301966,1.783379,-2.010637,-1.626771,3.120902,-0.170688,-0.418401,-0.071418,0.389782,-0.007082,0.003213,-1.5063,-4.4376,-2.5769,0.0054,-0.1782,0.1413
29.7424,-1.313775,-1.306174,1.782711,-2.006739,-1.626858,3.120948,-0.178734,-0.412796,-0.060581,0.382059,-0.005444,0.002942,-1.5003,-4.2858,-2.6789,0.0117,-0.1696,0.1377
29.7523,-1.315625,-1.310346,1.782131,-2.003036,-1.626890,3.120978,-0.187552,-0.409350,-0.053772,0.366753,-0.003952,0.002564,-1.4074,-4.0054,-2.4411,0.0743,-0.1686,0.1203
29.7623,-1.317538,-1.314368,1.781635,-1.999362,-1.626911,3.120974,-0.194857,-0.407516,-0.045586,0.363601,-0.003204,0.001375,-1.3940,-3.7740,-2.4119,0.0344,-0.1625,0.1409
29.7726,-1.319527,-1.318358,1.781204,-1.995664,-1.626946,3.121036,-0.207369,-0.404246,-0.037798,0.362220,-0.004255,0.001514,-1.5113,-3.8711,-2.2806,0.0235,-0.1597,0.1317
29.7825,-1.321596,-1.322325,1.780892,-1.992082,-1.626927,3.121020,-0.214812,-0.399901,-0.028465,0.358563,-0.001666,0.001872,-1.5027,-4.3667,-2.4980,0.0118,-0.1881,0.1280
29.7924,-1.323766,-1.326304,1.780668,-1.988526,-1.626998,3.121060,-0.221949,-0.396995,-0.020119,0.354813,-0.002674,0.001389,-1.4214,-4.2856,-2.4809,-0.0032,-0.1585,0.1296
29.8025,-1.325997,-1.330271,1.780508,-1.985124,-1.627010,3.121018,-0.226937,-0.391820,-0.013712,0.347692,-0.001940,0.001326,-1.4063,-4.3893,-2.4957,0.0052,-0.1685,0.1344
29.8123,-1.328283,-1.334263,1.780396,-1.981702,-1.627042,3.121069,-0.229971,-0.389220,-0.007292,0.341228,-0.001560,0.001170,-1.2898,-4.3027,-2.3131,0.0102,-0.1646,0.1398
29.8225,-1.330632,-1.338176,1.780364,-1.978362,-1.627085,3.121046,-0.232055,-0.385652,-0.000393,0.330889,-0.001977,0.001116,-1.4490,-4.2823,-2.0435,-0.0001,-0.1604,0.1353
29.8325,-1.333017,-1.342093,1.780423,-1.975016,-1.627082,3.121120,-0.235342,-0.389209,0.006099,0.324635,-0.001596,0.001340,-1.2593,-3.9022,-1.7178,-0.0439,-0.1439,0.1466
29.8424,-1.335362,-1.345843,1.780483,-1.971829,-1.627074,3.121082,-0.234037,-0.381606,0.010002,0.311120,-0.000733,0.000950,-1.3397,-3.7762,-1.3996,-0.0345,-0.1579,0.1341
29.8524,-1.337746,-1.349571,1.780603,-1.968782,-1.627102,3.121067,-0.233521,-0.371973,0.014047,0.295634,-0.000955,0.001057,-1.2512,-3.7895,-1.2457,0.0020,-0.1439,0.1407
29.8627,-1.340052,-1.353222,1.780759,-1.965813,-1.627105,3.121125,-0.230658,-0.364754,0.015850,0.286337,-0.000676,0.000927,-1.2481,-3.7718,-1.2732,-0.0437,-0.1526,0.1494
29.8722,-1.342413,-1.356814,1.780950,-1.962978,-1.627105,3.121140,-0.235209,-0.361705,0.017739,0.280092,-0.000914,0.000856,-1.2992,-3.9773,-1.3994,-0.0719,-0.1501,0.1322
29.8822,-1.344781,-1.360396,1.781134,-1.960265,-1.627102,3.121109,-0.238060,-0.355961,0.018326,0.268449,-0.000854,0.000755,-1.6007,-4.5104,-1.4249,-0.0530,-0.1467,0.1344
29.8924,-1.347154,-1.364021,1.781287,-1.957626,-1.627079,3.121140,-0.242121,-0.351003,0.018057,0.264328,-0.000534,0.000880,-1.4175,-4.3663,-1.2768,-0.0435,-0.1244,0.1525
29.9027,-1.349575,-1.367618,1.781497,-1.955050,-1.627117,3.121137,-0.246065,-0.350926,0.018093,0.257321,-0.000357,0.000817,-1.4510,-4.0340,-1.2023,-0.0464,-0.1414,0.1346
29.9123,-1.352054,-1.371148,1.781614,-1.952620,-1.627117,3.121146,-0.248342,-0.347600,0.017871,0.251799,-0.000269,0.000700,-1.6156,-3.9402,-1.1626,-0.0305,-0.1283,0.1358
29.9223,-1.354512,-1.374594,1.781822,-1.950130,-1.627102,3.121146,-0.256300,-0.343569,0.018166,0.247767,-0.000215,0.000527,-1.8488,-4.1371,-1.1710,-0.0187,-0.1555,0.1329
29.9323,-1.357143,-1.378019,1.782068,-1.947651,-1.627083,3.121158,-0.271205,-0.352001,0.020811,0.245150,-0.000185,0.000420,-1.7487,-3.7622,-1.2138,-0.0138,-0.1627,0.1155
29.9424,-1.359916,-1.381433,1.782277,-1.945159,-1.627102,3.121130,-0.279240,-0.346501,0.024880,0.242502,-0.000153,0.000315,-1.8468,-4.1157,-1.3364,-0.0877,-0.1438,0.0847
29.9523,-1.362823,-1.384836,1.782529,-1.942768,-1.627086,3.121158,-0.291194,-0.341991,0.026140,0.235074,-0.000131,0.000101,-1.6804,-4.2427,-1.3399,-0.0715,-0.1497,0.0565
29.9626,-1.365855,-1.388308,1.782789,-1.940464,-1.627090,3.121133,-0.304731,-0.349221,0.027110,0.230680,-0.000160,0.000010,-1.7155,-4.0825,-1.2980,-0.0554,-0.1449,0.0403
29.9724,-1.369088,-1.391904,1.783097,-1.938169,-1.627086,3.121153,-0.328949,-0.357094,0.030299,0.226074,-0.002309,0.000000,-1.8918,-4.3976,-1.3086,-0.0749,-0.1802,-0.0064
29.9823,-1.372468,-1.395591,1.783439,-1.935914,-1.627117,3.121149,-0.343915,-0.360987,0.035880,0.225199,-0.000874,-0.001617,-2.3010,-4.5128,-1.1415,-0.0508,-0.1710,-0.0270
29.9925,-1.376046,-1.399293,1.783807,-1.933650,-1.627110,3.121113,-0.361638,-0.366621,0.041293,0.223453,-0.000643,-0.003323,-1.9605,-4.0447,-0.9986,-0.0507,-0.1390,-0.0499
30.0023,-1.379717,-1.403039,1.784258,-1.931507,-1.627122,3.121092,-0.377937,-0.367106,0.048217,0.213925,-0.000445,-0.004738,-1.8463,-3.7748,-0.8503,-0.0026,-0.1288,-0.0890
30.0122,-1.383499,-1.406639,1.784767,-1.929391,-1.627126,3.121041,-0.383401,-0.363205,0.057187,0.208312,-0.000340,-0.006682,-1.7240,-3.4124,-0.7943,-0.0383,-0.1147,-0.0937
30.0226,-1.387333,-1.410201,1.785385,-1.927423,-1.627126,3.120959,-0.387234,-0.355227,0.065551,0.196403,-0.000275,-0.006298,-2.1769,-3.5390,-0.7168,0.0035,-0.1016,-0.0936
30.0322,-1.391294,-1.413648,1.786128,-1.925488,-1.627095,3.120921,-0.402358,-0.348022,0.077469,0.189475,-0.000209,-0.007676,-1.7970,-3.5867,-0.7643,-0.0258,-0.1069,-0.1159
30.0423,-1.395368,-1.417051,1.786998,-1.923687,-1.627134,3.120842,-0.405125,-0.336187,0.090286,0.177606,-0.000174,-0.009615,-1.6760,-3.4526,-0.7866,-0.0603,-0.1107,-0.1079
30.0527,-1.399507,-1.420401,1.787947,-1.922043,-1.627138,3.120801,-0.408166,-0.325217,0.100173,0.162516,-0.000153,-0.010417,-1.6539,-3.4481,-0.7547,-0.0340,-0.0811,-0.1382
30.0624,-1.403666,-1.423668,1.789044,-1.920496,-1.627138,3.120744,-0.410909,-0.312722,0.112969,0.149735,-0.000136,-0.011424,-1.6613,-3.3459,-0.6183,-0.0325,-0.0977,-0.1292
30.0723,-1.407902,-1.426772,1.790254,-1.919115,-1.627134,3.120660,-0.426952,-0.301190,0.134264,0.136389,-0.000141,-0.014656,-1.8173,-3.2978,-0.6160,-0.0635,-0.1257,-0.1462
30.0826,-1.412168,-1.429794,1.791658,-1.917788,-1.627154,3.120554,-0.433366,-0.290914,0.145223,0.123746,-0.000128,-0.015720,-2.2367,-3.2976,-0.4997,-0.0722,-0.1228,-0.1439
30.0924,-1.416507,-1.432658,1.793159,-1.916662,-1.627150,3.120419,-0.446115,-0.279434,0.158479,0.107485,-0.000118,-0.018288,-2.0036,-3.1085,-0.4830,-0.0971,-0.1175,-0.1565
30.1024,-1.420965,-1.435361,1.794843,-1.915655,-1.627138,3.120255,-0.459746,-0.268460,0.170104,0.093223,-0.000109,-0.021722,-2.2126,-2.9832,-0.3873,-0.0902,-0.1244,-0.1770
30.1122,-1.425624,-1.437905,1.796635,-1.914764,-1.627090,3.120015,-0.471848,-0.255017,0.182502,0.079903,-0.000101,-0.026643,-1.9906,-3.1005,-0.7233,-0.1092,-0.1521,-0.1788
30.1224,-1.430462,-1.440365,1.798456,-1.914035,-1.627146,3.119724,-0.481116,-0.244646,0.190026,0.067202,-0.000094,-0.031672,-2.4010,-3.0294,-0.5431,-0.0945,-0.1317,-0.1942
30.1323,-1.435440,-1.442717,1.800455,-1.913419,-1.627098,3.119367,-0.494323,-0.234855,0.201774,0.056559,-0.000089,-0.043819,-2.2656,-3.2012,-0.5272,-0.1259,-0.1535,-0.2006
30.1427,-1.440458,-1.444942,1.802496,-1.912910,-1.627173,3.118838,-0.502830,-0.223455,0.210848,0.045526,-0.000084,-0.054004,-2.0549,-3.1947,-0.7294,-0.1212,-0.1404,-0.2464
30.1522,-1.445499,-1.447084,1.804650,-1.912526,-1.627146,3.118171,-0.507441,-0.211219,0.216310,0.038068,-0.000050,-0.068760,-1.7685,-3.2493,-0.7735,-0.1385,-0.1160,-0.2344
30.1625,-1.450570,-1.449164,1.806845,-1.912147,-1.627134,3.117380,-0.513452,-0.206370,0.216955,0.029634,-0.000000,-0.088448,-1.6006,-3.2314,-0.7564,-0.1397,-0.1098,-0.2951
30.1722,-1.455781,-1.451164,1.809072,-1.911953,-1.627119,3.116294,-0.529875,-0.197063,0.222896,0.019583,-0.000000,-0.121611,-1.7119,-3.3625,-0.7123,-0.1352,-0.1434,-0.2505
30.1825,-1.461100,-1.453143,1.811362,-1.911757,-1.627115,3.114904,-0.527404,-0.192483,0.227931,0.014935,-0.000000,-0.151295,-2.1531,-3.4081,-0.8385,-0.1668,-0.1399,-0.3041
30.1924,-1.466509,-1.455060,1.813620,-1.911653,-1.627150,3.113176,-0.532674,-0.188241,0.226454,0.008030,-0.000000,-0.185868,-1.9619,-3.3181,-0.8820,-0.1659,-0.1201,-0.3646
30.2022,-1.471849,-1.456930,1.815852,-1.911617,-1.627126,3.111082,-0.535432,-0.180489,0.227177,0.001270,-0.000000,-0.221093,-2.0849,-3.5273,-0.9628,-0.2126,-0.1375,-0.3679
30.2124,-1.477230,-1.458764,1.818072,-1.911641,-1.627154,3.108598,-0.540104,-0.178215,0.221219,-0.000486,-0.000000,-0.261119,-1.7997,-3.4996,-0.8933,-0.3298,-0.1269,-0.3507
30.2224,-1.482594,-1.460514,1.820268,-1.911677,-1.627181,3.105788,-0.541305,-0.173144,0.216208,-0.005642,-0.000000,-0.293432,-2.1564,-3.5978,-0.9462,-0.3921,-0.1132,-0.4056
30.2324,-1.488047,-1.462283,1.822432,-1.911718,-1.627142,3.102600,-0.547472,-0.175466,0.213715,-0.009682,-0.000000,-0.329195,-1.8197,-3.4776,-1.2094,-0.4656,-0.1370,-0.4058
30.2426,-1.493595,-1.464017,1.824498,-1.911869,-1.627146,3.099080,-0.545325,-0.170959,0.203523,-0.014195,-0.000000,-0.365362,-1.9401,-3.5253,-1.0311,-0.4485,-0.1287,-0.4027
30.2523,-1.499042,-1.465773,1.826481,-1.911993,-1.627178,3.095241,-0.542282,-0.170311,0.193737,-0.014358,-0.000000,-0.395695,-1.6118,-3.4061,-1.0347,-0.4566,-0.1167,-0.3850
30.2623,-1.504462,-1.467444,1.828315,-1.912223,-1.627181,3.091128,-0.537973,-0.168731,0.184658,-0.018119,-0.000000,-0.425366,-1.5795,-3.5182,-1.0264,-0.4210,-0.1147,-0.3567
30.2723,-1.509881,-1.469152,1.830151,-1.912352,-1.627138,3.086642,-0.554572,-0.171021,0.178308,-0.019870,-0.000065,-0.458063,-1.9995,-3.3970,-1.1365,-0.4645,-0.1603,-0.3491
30.2825,-1.515352,-1.470802,1.831916,-1.912521,-1.627143,3.081911,-0.558122,-0.173851,0.171894,-0.021988,-0.000079,-0.478696,-2.1341,-3.6120,-1.2294,-0.5065,-0.1627,-0.4264
30.2923,-1.521002,-1.472567,1.833593,-1.912717,-1.627138,3.076935,-0.566561,-0.180719,0.167796,-0.023501,-0.000421,-0.504056,-1.8193,-3.6230,-1.4205,-0.5233,-0.1236,-0.3977
30.3024,-1.526691,-1.474352,1.835229,-1.913043,-1.627138,3.071776,-0.569048,-0.183463,0.157389,-0.029083,-0.000287,-0.515692,-2.1868,-3.5677,-1.2339,-0.4535,-0.1507,-0.3669
30.3124,-1.532499,-1.476174,1.836751,-1.913347,-1.627134,3.066630,-0.574505,-0.183688,0.148247,-0.029442,-0.000217,-0.527215,-2.0487,-3.4377,-1.1681,-0.4912,-0.1260,-0.3348
30.3223,-1.538258,-1.477952,1.838204,-1.913604,-1.627162,3.061441,-0.576486,-0.183655,0.142231,-0.028868,-0.000210,-0.529898,-2.2336,-3.5789,-1.1767,-0.5038,-0.1274,-0.3654
30.3323,-1.544018,-1.479804,1.839574,-1.913916,-1.627166,3.056018,-0.584312,-0.183226,0.135758,-0.029764,-0.000176,-0.533944,-2.0459,-3.6215,-1.1963,-0.5061,-0.1259,-0.3190
30.3423,-1.549901,-1.481645,1.840912,-1.914184,-1.627146,3.050622,-0.587125,-0.180717,0.128999,-0.030005,-0.000151,-0.523330,-2.0007,-3.5701,-1.2695,-0.5422,-0.1264,-0.3005
30.3524,-1.555906,-1.483463,1.842141,-1.914538,-1.627119,3.045491,-0.592954,-0.179528,0.119675,-0.033320,-0.000133,-0.511328,-1.7771,-3.3822,-1.1917,-0.5485,-0.1279,-0.2614
30.3626,-1.561928,-1.485311,1.843338,-1.914954,-1.627178,3.040489,-0.589391,-0.177553,0.114117,-0.037702,-0.000118,-0.491023,-1.7614,-3.2882,-1.1146,-0.4931,-0.1156,-0.2879
30.3724,-1.567858,-1.487090,1.844418,-1.915316,-1.627158,3.035684,-0.605383,-0.171636,0.112224,-0.041288,-0.000124,-0.480133,-2.0744,-3.0640,-1.0178,-0.4965,-0.1597,-0.2587
30.3824,-1.573833,-1.488799,1.845535,-1.915743,-1.627169,3.031079,-0.609821,-0.167874,0.109107,-0.043351,-0.000047,-0.465170,-2.2830,-3.1931,-1.0311,-0.5066,-0.1386,-0.2475
30.3924,-1.579953,-1.490465,1.846638,-1.916135,-1.627158,3.026498,-0.617865,-0.161641,0.109666,-0.042965,-0.000051,-0.445672,-1.9772,-3.1920,-1.2060,-0.5224,-0.1338,-0.2928
30.4023,-1.586168,-1.492091,1.847699,-1.916622,-1.627146,3.022036,-0.620386,-0.155353,0.106437,-0.046515,-0.000047,-0.430193,-2.2944,-3.1695,-1.1623,-0.5237,-0.1245,-0.2632
30.4125,-1.592487,-1.493657,1.848753,-1.917122,-1.627150,3.017843,-0.623585,-0.148562,0.103977,-0.051448,-0.000043,-0.411949,-1.9031,-3.0343,-1.1721,-0.5055,-0.1182,-0.2503
30.4225,-1.598717,-1.495130,1.849664,-1.917694,-1.627189,3.013817,-0.623698,-0.143951,0.099092,-0.052383,-0.000040,-0.392847,-2.1461,-2.9520,-0.8554,-0.4886,-0.0914,-0.2510
30.4327,-1.604899,-1.496481,1.850706,-1.918221,-1.627146,3.009963,-0.624498,-0.132926,0.099215,-0.053524,-0.000037,-0.378906,-1.6679,-2.9143,-0.8654,-0.4815,-0.0923,-0.2481
30.4424,-1.611054,-1.497740,1.851729,-1.918740,-1.627217,3.006275,-0.614621,-0.122609,0.099585,-0.052854,0.000028,-0.361729,-1.5776,-2.9222,-1.0573,-0.4949,-0.0491,-0.2469
30.4523,-1.617145,-1.498925,1.852721,-1.919249,-1.627224,3.002769,-0.596255,-0.112563,0.096455,-0.055286,0.000024,-0.348951,-1.5038,-2.9594,-1.0120,-0.4909,-0.0525,-0.2523
30.4623,-1.623106,-1.499992,1.853680,-1.919833,-1.627170,2.999387,-0.582841,-0.102270,0.095067,-0.056146,0.000021,-0.335714,-1.4271,-3.0226,-1.1155,-0.4807,-0.0421,-0.2749
30.4723,-1.628901,-1.500899,1.854595,-1.920448,-1.627178,2.996054,-0.575561,-0.092814,0.093217,-0.055515,0.000019,-0.332084,-1.3149,-2.7784,-1.0657,-0.4487,-0.0627,-0.2471
30.4824,-1.634495,-1.501772,1.855534,-1.920949,-1.627201,2.992751,-0.558650,-0.082964,0.088871,-0.054711,0.000017,-0.323339,-1.6930,-2.8094,-0.9782,-0.4458,-0.0512,-0.2791
30.4927,-1.639949,-1.502444,1.856430,-1.921445,-1.627205,2.989419,-0.546257,-0.070804,0.086853,-0.048182,0.000027,-0.317765,-1.3037,-2.9182,-1.0341,-0.5109,-0.0339,-0.2772
30.5022,-1.645262,-1.503118,1.857262,-1.921952,-1.627213,2.986283,-0.532466,-0.063200,0.080991,-0.050484,0.000029,-0.313332,-1.2931,-2.8139,-1.1190,-0.5103,-0.0263,-0.2773
30.5124,-1.650543,-1.503701,1.858038,-1.922487,-1.627174,2.983107,-0.511377,-0.053779,0.076850,-0.052233,0.000053,-0.311226,-1.3162,-2.7482,-1.1416,-0.4909,-0.0166,-0.2404
30.5227,-1.655636,-1.504203,1.858770,-1.922984,-1.627209,2.980047,-0.494981,-0.046488,0.070379,-0.049745,0.000050,-0.308578,-1.6772,-2.7362,-1.1171,-0.4840,-0.0351,-0.2428
30.5324,-1.660565,-1.504595,1.859450,-1.923453,-1.627174,2.976968,-0.487623,-0.038176,0.065933,-0.047823,0.000046,-0.308074,-1.4336,-2.7091,-1.1621,-0.4643,-0.0136,-0.2529
30.5423,-1.665338,-1.504898,1.860104,-1.923881,-1.627209,2.973916,-0.472917,-0.030846,0.061122,-0.041075,0.000085,-0.306795,-1.4163,-2.7066,-1.1758,-0.4986,-0.0116,-0.2650
30.5523,-1.669946,-1.505177,1.860673,-1.924300,-1.627217,2.970968,-0.457905,-0.023849,0.055245,-0.039005,0.000078,-0.302459,-1.2136,-2.8258,-1.2819,-0.5174,-0.0064,-0.2658
30.5625,-1.674448,-1.505357,1.861205,-1.924696,-1.627189,2.967989,-0.450595,-0.018357,0.048652,-0.039570,0.000072,-0.301023,-1.3984,-2.9080,-1.3219,-0.5088,-0.0010,-0.2676
30.5724,-1.679004,-1.505524,1.861648,-1.925076,-1.627189,2.964888,-0.452262,-0.013902,0.038713,-0.036457,0.000080,-0.305396,-1.4988,-2.7601,-1.3017,-0.4916,-0.0429,-0.2924
30.5824,-1.683549,-1.505640,1.861937,-1.925429,-1.627162,2.961834,-0.443776,-0.009798,0.030482,-0.034192,0.000074,-0.308899,-1.9658,-2.5984,-1.3074,-0.4862,-0.0447,-0.3094
30.5924,-1.688037,-1.505678,1.862209,-1.925788,-1.627150,2.958603,-0.443318,-0.001909,0.023451,-0.030352,0.000069,-0.312584,-1.7319,-2.5501,-1.3659,-0.4720,-0.0331,-0.2852
30.6024,-1.692406,-1.505645,1.862386,-1.926040,-1.627205,2.955456,-0.440606,0.002523,0.015648,-0.028060,0.000065,-0.315575,-1.7555,-2.3005,-1.3388,-0.4379,-0.0419,-0.2622
30.6123,-1.696765,-1.505609,1.862502,-1.926287,-1.627166,2.952287,-0.437325,0.006471,0.009277,-0.023924,0.000061,-0.315540,-1.7183,-2.1240,-1.6242,-0.4870,-0.0428,-0.2661
30.6226,-1.701057,-1.505502,1.862519,-1.926488,-1.627181,2.949093,-0.437113,0.009266,0.000004,-0.022672,0.000000,-0.312859,-1.8344,-1.9743,-2.0417,-0.4924,-0.0423,-0.2483
30.6323,-1.705459,-1.505394,1.862478,-1.926756,-1.627146,2.945986,-0.443058,0.011803,-0.010326,-0.022402,0.000000,-0.312846,-1.5776,-1.9954,-2.4551,-0.4926,-0.0592,-0.2523
30.6424,-1.709893,-1.505271,1.862306,-1.926913,-1.627162,2.942972,-0.437066,0.012262,-0.019163,-0.018855,0.000033,-0.307144,-1.5857,-1.8622,-2.4958,-0.4678,-0.0248,-0.2526
30.6524,-1.714328,-1.505194,1.862118,-1.927105,-1.627150,2.940016,-0.431637,0.012087,-0.022165,-0.018946,0.000043,-0.298927,-1.6382,-1.7905,-2.5864,-0.4681,-0.0414,-0.2595
30.6626,-1.718695,-1.505067,1.861856,-1.927331,-1.627146,2.937074,-0.432129,0.012009,-0.025799,-0.016349,-0.000085,-0.292400,-1.6450,-1.6963,-2.6702,-0.4585,-0.0292,-0.2760
30.6723,-1.723087,-1.504936,1.861573,-1.927476,-1.627162,2.934126,-0.443655,0.012390,-0.030584,-0.016299,-0.000000,-0.289348,-1.7043,-1.7023,-2.7369,-0.4807,-0.0826,-0.2501
30.6826,-1.727471,-1.504819,1.861256,-1.927607,-1.627178,2.931274,-0.444710,0.013237,-0.035994,-0.015167,-0.000000,-0.283004,-2.0791,-1.7819,-2.8999,-0.4912,-0.0623,-0.2393
30.6925,-1.731868,-1.504695,1.860888,-1.927748,-1.627143,2.928439,-0.452295,0.012391,-0.042478,-0.014463,-0.000000,-0.277883,-1.5471,-1.7943,-2.9279,-0.4858,-0.0604,-0.2056
30.7024,-1.736368,-1.504568,1.860468,-1.927860,-1.627155,2.925690,-0.452920,0.011159,-0.048101,-0.012890,-0.000000,-0.266474,-1.6460,-1.8137,-3.0119,-0.4958,-0.0491,-0.2365
30.7123,-1.740918,-1.504457,1.859930,-1.928027,-1.627154,2.923086,-0.448889,0.009364,-0.055720,-0.012231,-0.000000,-0.257281,-1.6255,-1.7733,-3.2001,-0.5123,-0.0428,-0.2582
30.7224,-1.745416,-1.504392,1.859302,-1.928127,-1.627166,2.920542,-0.445871,0.009890,-0.067249,-0.011096,-0.000000,-0.249346,-2.1317,-1.7207,-3.3178,-0.5313,-0.0515,-0.2274
30.7323,-1.750025,-1.504305,1.858571,-1.928201,-1.627142,2.918007,-0.453499,0.009118,-0.081586,-0.009263,-0.000000,-0.246799,-1.8043,-1.6747,-3.2280,-0.5344,-0.0674,-0.2019
30.7425,-1.754593,-1.504225,1.857684,-1.928332,-1.627220,2.915623,-0.451908,0.009654,-0.095700,-0.008051,-0.000000,-0.237610,-1.7414,-1.8111,-3.2716,-0.5000,-0.0521,-0.2338
30.7527,-1.759068,-1.504129,1.856615,-1.928381,-1.627155,2.913312,-0.448922,0.009766,-0.111585,-0.004691,-0.000000,-0.227922,-1.4991,-1.8856,-3.2511,-0.5144,-0.0437,-0.2304
30.7624,-1.763502,-1.504018,1.855408,-1.928424,-1.627178,2.911117,-0.447932,0.010075,-0.124124,-0.005434,-0.000000,-0.221715,-1.2997,-1.8948,-3.2803,-0.4762,-0.0417,-0.1693
30.7723,-1.767863,-1.503917,1.854097,-1.928461,-1.627174,2.909016,-0.444899,0.010335,-0.144161,-0.005313,-0.000000,-0.213744,-1.2758,-1.8411,-3.4136,-0.5139,-0.0287,-0.1926
30.7823,-1.772291,-1.503799,1.852571,-1.928512,-1.627158,2.906949,-0.433839,0.012978,-0.156340,-0.002496,-0.000000,-0.204317,-1.5782,-1.8117,-3.5706,-0.5551,-0.0268,-0.2071
30.7923,-1.776652,-1.503683,1.850900,-1.928536,-1.627146,2.904981,-0.424429,0.012880,-0.173947,-0.002615,-0.000000,-0.199025,-1.4219,-1.7427,-3.3287,-0.5419,-0.0117,-0.1905
30.8023,-1.780899,-1.503554,1.849038,-1.928576,-1.627158,2.903077,-0.413446,0.012987,-0.187640,-0.004682,-0.000000,-0.183798,-1.3491,-1.5883,-3.3077,-0.5132,0.0082,-0.1969
30.8126,-1.784970,-1.503400,1.847105,-1.928632,-1.627174,2.901280,-0.400165,0.015556,-0.197422,-0.004023,0.000806,-0.176357,-1.2702,-1.5453,-3.1863,-0.4942,0.0364,-0.1797
30.8224,-1.788853,-1.503190,1.845081,-1.928668,-1.627174,2.899617,-0.384991,0.018607,-0.206488,-0.002947,0.001198,-0.162227,-1.3391,-1.6474,-3.3212,-0.5105,0.0690,-0.2059
30.8325,-1.792627,-1.503033,1.842981,-1.928653,-1.627158,2.897996,-0.373163,0.021316,-0.213914,-0.003063,0.002017,-0.153646,-1.1202,-1.4909,-3.1887,-0.4818,0.1029,-0.1812
30.8425,-1.796182,-1.502812,1.840771,-1.928728,-1.627145,2.896534,-0.355051,0.024195,-0.217828,-0.002489,0.003692,-0.142360,-0.9274,-1.5240,-3.1749,-0.5134,0.0937,-0.1782
30.8524,-1.799621,-1.502569,1.838567,-1.928741,-1.627047,2.895152,-0.341024,0.027022,-0.221068,-0.002879,0.006191,-0.133061,-0.8111,-1.4805,-3.0721,-0.4959,0.0889,-0.1783
30.8628,-1.802930,-1.502275,1.836339,-1.928781,-1.627025,2.893876,-0.323136,0.029365,-0.221164,-0.003063,0.005134,-0.123430,-1.0961,-1.4373,-2.9437,-0.4834,0.0808,-0.1829
30.8724,-1.806189,-1.502003,1.834127,-1.928864,-1.626978,2.892681,-0.317976,0.033051,-0.218790,-0.004148,0.003902,-0.113540,-1.0453,-1.2584,-3.0849,-0.4861,0.0971,-0.2079
30.8826,-1.809331,-1.501625,1.831963,-1.928853,-1.626934,2.891568,-0.306669,0.035800,-0.217946,-0.003268,0.005459,-0.110677,-1.4212,-1.2283,-3.0134,-0.4956,0.0955,-0.1989
30.8926,-1.812374,-1.501262,1.829861,-1.928889,-1.626847,2.890511,-0.300043,0.039175,-0.211234,-0.002179,0.008609,-0.104059,-1.2931,-1.2532,-2.9228,-0.4901,0.0966,-0.1928
30.9024,-1.815397,-1.500855,1.827778,-1.928924,-1.626838,2.889476,-0.294954,0.042850,-0.206633,-0.003142,0.005903,-0.097357,-1.3498,-1.3020,-2.8238,-0.4618,0.1077,-0.2191
30.9123,-1.818267,-1.500393,1.825758,-1.928948,-1.626767,2.888509,-0.288680,0.045238,-0.198085,-0.002408,0.008379,-0.095446,-1.3658,-1.3586,-2.7373,-0.4785,0.1098,-0.1997
30.9225,-1.821106,-1.499954,1.823861,-1.928976,-1.626660,2.887596,-0.286230,0.046768,-0.186863,-0.002433,0.007148,-0.090050,-1.6453,-1.4728,-2.8669,-0.4871,0.0973,-0.1895
30.9323,-1.823977,-1.499471,1.822079,-1.929004,-1.626620,2.886720,-0.288557,0.047793,-0.178488,-0.002583,0.007172,-0.083363,-1.3679,-1.6003,-2.7314,-0.4812,0.0998,-0.1773
30.9425,-1.826794,-1.499062,1.820351,-1.929012,-1.626571,2.885917,-0.285613,0.045281,-0.165930,-0.002389,0.006961,-0.077316,-1.3810,-1.6018,-2.9162,-0.5033,0.1256,-0.1898
30.9523,-1.829583,-1.498600,1.818710,-1.929068,-1.626488,2.885168,-0.284840,0.043993,-0.157575,-0.002037,0.007673,-0.073979,-1.3147,-1.4685,-2.7970,-0.4862,0.1102,-0.1715
30.9623,-1.832463,-1.498153,1.817189,-1.929100,-1.626444,2.884463,-0.284677,0.042488,-0.147488,-0.002897,0.006584,-0.066619,-1.3151,-1.4398,-2.6457,-0.4909,0.1224,-0.1986
30.9724,-1.835352,-1.497749,1.815767,-1.929096,-1.626389,2.883796,-0.289250,0.042669,-0.138138,-0.002652,0.003929,-0.062452,-1.1285,-1.4753,-2.7665,-0.4857,0.1186,-0.1423
30.9824,-1.838267,-1.497294,1.814426,-1.929120,-1.626339,2.883260,-0.285153,0.042592,-0.129203,-0.002455,0.006121,-0.056066,-1.6020,-1.5789,-2.8206,-0.4742,0.0952,-0.1544
30.9925,-1.841135,-1.496859,1.813184,-1.929128,-1.626312,2.882744,-0.285577,0.040675,-0.121839,-0.001280,0.005190,-0.051971,-1.2077,-1.7035,-2.8222,-0.4905,0.1157,-0.1579
31.0024,-1.844021,-1.496482,1.812002,-1.929152,-1.626264,2.882287,-0.283612,0.038109,-0.115134,-0.001377,0.004761,-0.048979,-1.3661,-1.6581,-2.7594,-0.4905,0.1117,-0.1826
31.0124,-1.846872,-1.496104,1.810873,-1.929165,-1.626268,2.881807,-0.281172,0.036801,-0.105909,-0.002211,0.003319,-0.046784,-1.2464,-1.6948,-2.8107,-0.4806,0.1408,-0.1857
31.0227,-1.849577,-1.495739,1.809892,-1.929192,-1.626201,2.881363,-0.274484,0.035329,-0.097882,-0.002093,0.003411,-0.045285,-1.3593,-1.6919,-2.7867,-0.4734,0.1279,-0.1707
31.0324,-1.852335,-1.495385,1.808935,-1.929209,-1.626177,2.880877,-0.273779,0.034268,-0.090925,-0.002503,0.001412,-0.046121,-1.2684,-1.5834,-2.7975,-0.4898,0.1365,-0.1911
31.0423,-1.855020,-1.495065,1.808057,-1.929263,-1.626196,2.880393,-0.269204,0.033701,-0.083443,-0.004029,0.002455,-0.047911,-1.2086,-1.6483,-2.6997,-0.4753,0.1418,-0.1883
31.0526,-1.857650,-1.494733,1.807257,-1.929280,-1.626129,2.879916,-0.264224,0.033920,-0.075560,-0.003637,0.003157,-0.053399,-1.1165,-1.6034,-2.8218,-0.4864,0.1275,-0.1691
31.0627,-1.860229,-1.494359,1.806519,-1.929320,-1.626118,2.879373,-0.260073,0.035951,-0.072687,-0.004806,0.001724,-0.056316,-1.1366,-1.6505,-2.7035,-0.4841,0.1315,-0.1971
31.0723,-1.862809,-1.493979,1.805827,-1.929351,-1.626093,2.878745,-0.257472,0.042593,-0.068557,-0.005315,0.002017,-0.067641,-1.1936,-1.4924,-2.7816,-0.5055,0.1121,-0.2116
31.0831,-1.865348,-1.493540,1.805141,-1.929412,-1.626088,2.878025,-0.253649,0.048037,-0.066246,-0.007042,0.001551,-0.079912,-1.3486,-1.2017,-2.6453,-0.4777,0.1024,-0.2177
31.0924,-1.867894,-1.492998,1.804490,-1.929477,-1.626076,2.877147,-0.249547,0.056390,-0.063908,-0.005122,0.001036,-0.092247,-1.2337,-1.2184,-2.6799,-0.5004,0.1323,-0.2251
31.1023,-1.870406,-1.492437,1.803871,-1.929540,-1.626054,2.876195,-0.247082,0.065729,-0.060931,-0.006548,0.001644,-0.104330,-1.2662,-1.0400,-2.7437,-0.4650,0.1163,-0.2151
31.1123,-1.872897,-1.491699,1.803292,-1.929615,-1.626033,2.875163,-0.241603,0.077175,-0.059418,-0.006505,0.003004,-0.114926,-1.3300,-1.0403,-2.7456,-0.4739,0.1174,-0.2378
31.1224,-1.875328,-1.490829,1.802689,-1.929688,-1.626037,2.873979,-0.238298,0.091384,-0.055917,-0.006607,0.001227,-0.127225,-1.4820,-0.8459,-2.6841,-0.4642,0.1189,-0.2294
31.1322,-1.877760,-1.489792,1.802166,-1.929739,-1.626025,2.872622,-0.240059,0.108104,-0.055042,-0.005723,0.000952,-0.135654,-1.3651,-0.8285,-2.7637,-0.4731,0.1306,-0.2462
31.1423,-1.880159,-1.488638,1.801627,-1.929795,-1.626047,2.871186,-0.237165,0.118956,-0.053846,-0.006823,0.002141,-0.144710,-1.4926,-0.7526,-2.7044,-0.4819,0.1257,-0.2383
31.1524,-1.882557,-1.487313,1.801081,-1.929868,-1.625973,2.869685,-0.236451,0.133321,-0.052710,-0.007810,0.003646,-0.150160,-1.3507,-1.0018,-2.7405,-0.4910,0.1148,-0.1984
31.1625,-1.884873,-1.485933,1.800570,-1.929939,-1.625979,2.868157,-0.237022,0.144890,-0.050470,-0.008680,0.001364,-0.150316,-1.3922,-0.9854,-2.7249,-0.4758,0.1381,-0.2478
31.1724,-1.887264,-1.484365,1.800097,-1.930011,-1.625949,2.866611,-0.244773,0.158561,-0.049949,-0.008682,0.001610,-0.155501,-1.3926,-0.9283,-2.6644,-0.4917,0.1274,-0.2051
31.1825,-1.889668,-1.482736,1.799603,-1.930080,-1.625922,2.865000,-0.246275,0.164617,-0.046557,-0.010381,0.002133,-0.152875,-1.5550,-0.8882,-2.6510,-0.5044,0.1135,-0.2184
31.1922,-1.892069,-1.480986,1.799175,-1.930192,-1.625902,2.863502,-0.247169,0.174231,-0.042381,-0.012636,0.002035,-0.150001,-1.3108,-1.1363,-2.7349,-0.5092,0.1389,-0.2345
31.2023,-1.894526,-1.479241,1.798755,-1.930324,-1.625885,2.861981,-0.245592,0.174431,-0.039477,-0.012894,0.002653,-0.142824,-1.4361,-1.2352,-2.6762,-0.5071,0.1277,-0.2314
31.2124,-1.896990,-1.477496,1.798396,-1.930471,-1.625842,2.860584,-0.244301,0.173325,-0.035133,-0.014558,0.003731,-0.140302,-1.1963,-1.3864,-2.6853,-0.5166,0.1398,-0.2043
31.2223,-1.899439,-1.475724,1.798070,-1.930646,-1.625813,2.859250,-0.238694,0.170290,-0.030540,-0.017001,0.004919,-0.131146,-1.1372,-1.5365,-2.6533,-0.5160,0.1254,-0.2025
31.2323,-1.901891,-1.474072,1.797817,-1.930815,-1.625789,2.857973,-0.235977,0.166376,-0.024609,-0.023087,0.004601,-0.119847,-1.0961,-1.7780,-2.7463,-0.5186,0.1400,-0.1783
31.2424,-1.904251,-1.472455,1.797616,-1.931117,-1.625781,2.856793,-0.227050,0.155501,-0.019439,-0.027137,0.005039,-0.111189,-1.0095,-1.7662,-2.7293,-0.5290,0.1693,-0.1725
31.2523,-1.906489,-1.470969,1.797449,-1.931402,-1.625678,2.855743,-0.218432,0.146967,-0.014964,-0.034231,0.006933,-0.099443,-0.9961,-1.7946,-2.6727,-0.5457,0.1568,-0.1657
31.2623,-1.908642,-1.469586,1.797314,-1.931798,-1.625630,2.854795,-0.209056,0.135536,-0.010482,-0.041335,0.006357,-0.087616,-0.9310,-1.8246,-2.6798,-0.5707,0.1828,-0.1776
31.2724,-1.910685,-1.468316,1.797233,-1.932278,-1.625544,2.854005,-0.198967,0.125833,-0.004106,-0.056622,0.007030,-0.077359,-0.9281,-1.9409,-2.5777,-0.5499,0.1775,-0.1817
31.2823,-1.912583,-1.467173,1.797245,-1.932940,-1.625499,2.853317,-0.188858,0.112172,0.000362,-0.067665,0.008480,-0.067553,-0.8937,-1.9881,-2.3630,-0.5445,0.1643,-0.1562
31.2923,-1.914368,-1.466153,1.797266,-1.933656,-1.625438,2.852707,-0.176255,0.098525,0.004904,-0.079651,0.007954,-0.057386,-0.7755,-1.9680,-1.9876,-0.5566,0.1718,-0.1425
31.3023,-1.916021,-1.465191,1.797341,-1.934551,-1.625312,2.852207,-0.162128,0.087200,0.008676,-0.091586,0.008370,-0.046513,-0.9663,-2.0353,-1.7599,-0.5684,0.1725,-0.1374
31.3124,-1.917554,-1.464383,1.797440,-1.935531,-1.625259,2.851817,-0.152225,0.076461,0.012984,-0.102994,0.007769,-0.035723,-0.8016,-1.9865,-1.5737,-0.5836,0.1557,-0.1653
31.3225,-1.918995,-1.463661,1.797581,-1.936650,-1.625172,2.851506,-0.139796,0.066546,0.016145,-0.113545,0.006445,-0.027393,-0.7636,-2.0814,-1.5380,-0.5914,0.1710,-0.1565
31.3324,-1.920299,-1.463019,1.797758,-1.937881,-1.625112,2.851254,-0.128429,0.056888,0.017564,-0.123344,0.006913,-0.020683,-0.5856,-2.2022,-1.5007,-0.5953,0.1676,-0.1533
31.3423,-1.921496,-1.462533,1.797953,-1.939189,-1.625044,2.851112,-0.114583,0.046765,0.018388,-0.133340,0.006616,-0.013322,-0.7284,-2.2168,-1.4673,-0.5937,0.1642,-0.1476
31.3524,-1.922533,-1.462110,1.798142,-1.940561,-1.624987,2.851040,-0.102227,0.039732,0.019828,-0.141554,0.006618,-0.005565,-0.5474,-2.3280,-1.3801,-0.5881,0.1803,-0.1140
31.3625,-1.923493,-1.461797,1.798318,-1.942063,-1.624939,2.851027,-0.092319,0.029097,0.020916,-0.141571,0.006095,-0.000825,-0.5526,-2.1242,-1.4221,-0.5658,0.1704,-0.0584
31.3725,-1.924354,-1.461551,1.798510,-1.943530,-1.624868,2.851017,-0.082870,0.021384,0.021939,-0.148749,0.006233,0.003187,-0.4807,-2.0940,-1.2585,-0.5743,0.1839,-0.0034
31.3824,-1.925100,-1.461362,1.798768,-1.945010,-1.624820,2.851068,-0.073613,0.016273,0.023210,-0.149607,0.005756,0.006375,-0.6938,-2.0697,-1.2058,-0.5584,0.1690,0.0630
31.3924,-1.925818,-1.461265,1.798958,-1.946510,-1.624776,2.851105,-0.066155,0.011606,0.025548,-0.151024,0.005538,0.008773,-0.6893,-2.0676,-1.1684,-0.5585,0.1620,0.0530
31.4024,-1.926416,-1.461162,1.799237,-1.948034,-1.624687,2.851201,-0.061672,0.005174,0.027868,-0.147538,0.005643,0.009959,-0.7400,-2.0364,-1.2086,-0.5327,0.1686,0.0891
31.4123,-1.927031,-1.461145,1.799506,-1.949430,-1.624661,2.851288,-0.059031,0.001629,0.030634,-0.138334,0.004936,0.009926,-0.7426,-2.1082,-1.1089,-0.5527,0.1504,0.0859
31.4227,-1.927639,-1.461150,1.799855,-1.950804,-1.624617,2.851388,-0.058637,0.000351,0.033627,-0.136522,0.004874,0.010019,-0.9548,-2.2250,-1.1415,-0.5262,0.1460,0.0825
31.4325,-1.928248,-1.461169,1.800198,-1.952150,-1.624529,2.851425,-0.063867,-0.000324,0.035588,-0.128183,0.004513,0.010443,-1.0119,-2.2761,-1.0217,-0.5534,0.1487,0.0891
31.4423,-1.928892,-1.461205,1.800601,-1.953344,-1.624509,2.851536,-0.066827,-0.001553,0.038320,-0.120569,0.004072,0.010504,-1.1384,-2.2766,-1.0223,-0.5439,0.1471,0.1186
31.4523,-1.929662,-1.461205,1.801008,-1.954522,-1.624504,2.851597,-0.073600,-0.000818,0.043054,-0.116853,0.003644,0.010768,-1.1624,-2.3183,-1.1222,-0.4840,0.1434,0.1183
31.4622,-1.930475,-1.461214,1.801493,-1.955603,-1.624442,2.851666,-0.084786,-0.000714,0.047026,-0.103983,0.002650,0.010679,-1.2015,-2.2586,-1.0700,-0.4993,0.1550,0.1209
31.4722,-1.931430,-1.461186,1.801969,-1.956551,-1.624425,2.851729,-0.105400,-0.000248,0.053621,-0.094828,0.001526,0.008445,-1.2993,-2.2001,-1.0900,-0.5155,0.1366,0.1332
31.4824,-1.932570,-1.461186,1.802517,-1.957398,-1.624386,2.851794,-0.120662,-0.000221,0.058590,-0.086101,0.004172,0.008123,-1.4998,-2.1497,-0.9567,-0.5049,0.1200,0.1270
31.4924,-1.933897,-1.461221,1.803147,-1.958178,-1.624339,2.851877,-0.136169,0.000205,0.063983,-0.077113,0.004872,0.006424,-1.4666,-2.1361,-0.9696,-0.4878,0.1264,0.1251
31.5023,-1.935372,-1.461205,1.803829,-1.958877,-1.624321,2.851878,-0.150415,0.000396,0.070044,-0.068546,0.004524,0.005075,-1.6520,-2.0692,-0.9938,-0.4837,0.1403,0.1132
31.5124,-1.936989,-1.461190,1.804562,-1.959485,-1.624269,2.851972,-0.164789,0.000517,0.077580,-0.059264,0.004549,0.003342,-1.5788,-2.0093,-0.9322,-0.4687,0.1505,0.1386
31.5227,-1.938724,-1.461190,1.805372,-1.960024,-1.624254,2.851957,-0.175165,0.000612,0.081991,-0.051442,0.004785,0.002468,-1.6641,-1.9319,-0.7962,-0.4437,0.1445,0.1139
31.5324,-1.940588,-1.461169,1.806212,-1.960491,-1.624194,2.851966,-0.187250,0.001923,0.092474,-0.045418,0.006291,0.001675,-1.5961,-2.0323,-0.7743,-0.4460,0.1456,0.1207
31.5426,-1.942512,-1.461138,1.807236,-1.960918,-1.624124,2.851985,-0.197629,0.000924,0.100711,-0.038368,0.005911,0.001027,-1.5903,-1.9097,-0.7906,-0.4668,0.1540,0.1098
31.5523,-1.944524,-1.461111,1.808322,-1.961246,-1.624056,2.851985,-0.205812,0.002215,0.112486,-0.032440,0.007080,0.000599,-1.2757,-1.9484,-0.9908,-0.4585,0.1697,0.0876
31.5625,-1.946564,-1.461133,1.809483,-1.961526,-1.624027,2.851978,-0.203985,0.002370,0.118337,-0.029766,0.006461,0.000423,-1.3640,-1.9222,-0.9459,-0.4517,0.1766,0.0720
31.5724,-1.948580,-1.461066,1.810708,-1.961821,-1.623967,2.851966,-0.205973,0.002985,0.127524,-0.027725,0.007309,0.000297,-1.0758,-1.9678,-0.9115,-0.4836,0.1955,0.0466
31.5824,-1.950610,-1.461054,1.812031,-1.962074,-1.623880,2.852000,-0.197680,0.002262,0.132414,-0.030323,0.008120,0.000020,-1.0890,-1.9623,-0.7969,-0.4716,0.1846,0.0101
31.5925,-1.952549,-1.461018,1.813384,-1.962416,-1.623844,2.851954,-0.192049,0.002326,0.139243,-0.033692,0.008223,-0.002901,-0.9585,-1.9904,-0.9683,-0.5156,0.2005,-0.0208
31.6023,-1.954389,-1.461014,1.814790,-1.962775,-1.623763,2.851945,-0.182912,0.002233,0.142567,-0.038921,0.008404,-0.001585,-0.7872,-1.8962,-0.9794,-0.5133,0.1909,-0.0772
31.6129,-1.956155,-1.461002,1.816234,-1.963202,-1.623679,2.851914,-0.169994,0.002678,0.145288,-0.044553,0.007874,-0.003216,-0.7843,-1.9960,-0.9242,-0.5457,0.1901,-0.0674
31.6222,-1.957766,-1.460950,1.817695,-1.963693,-1.623628,2.851894,-0.157039,0.002587,0.146739,-0.052470,0.007158,-0.004999,-0.6439,-1.9249,-1.0009,-0.5347,0.1893,-0.0788
31.6325,-1.959292,-1.460914,1.819110,-1.964296,-1.623529,2.851857,-0.141907,0.003200,0.147231,-0.062706,0.007522,-0.005482,-0.5405,-1.9633,-1.0107,-0.5127,0.1886,-0.0706
31.6424,-1.960628,-1.460878,1.820633,-1.964958,-1.623488,2.851821,-0.126692,0.003044,0.146962,-0.069813,0.006807,-0.004838,-0.6079,-1.9763,-0.9802,-0.4955,0.1753,-0.0932
31.6524,-1.961835,-1.460851,1.822134,-1.965662,-1.623428,2.851816,-0.110722,0.003343,0.145746,-0.074993,0.007129,-0.005341,-0.6200,-2.0679,-1.1137,-0.5511,0.1722,-0.0954
31.6623,-1.962871,-1.460791,1.823549,-1.966471,-1.623357,2.851758,-0.096185,0.003991,0.146142,-0.082498,0.006717,-0.005409,-0.4927,-2.0385,-1.1861,-0.5539,0.1810,-0.0913
31.6724,-1.963754,-1.460767,1.825029,-1.967409,-1.623290,2.851744,-0.084237,0.003989,0.147229,-0.094841,0.005702,-0.005751,-0.3526,-2.0618,-0.9014,-0.5544,0.1865,-0.0935
31.6823,-1.964527,-1.460719,1.826493,-1.968436,-1.623225,2.851716,-0.072295,0.002826,0.148959,-0.104410,0.005867,-0.005860,-0.5120,-1.9525,-0.7891,-0.5059,0.1702,-0.0964
31.6924,-1.965179,-1.460707,1.828006,-1.969535,-1.623170,2.851669,-0.060672,0.002369,0.155501,-0.111624,0.005637,-0.004720,-0.5719,-2.0027,-0.9364,-0.5309,0.1731,-0.0897
31.7026,-1.965755,-1.460710,1.829508,-1.970704,-1.623122,2.851626,-0.053399,0.002109,0.154511,-0.116478,0.004641,-0.003213,-0.5509,-1.9093,-0.8859,-0.5598,0.1663,-0.1388
31.7125,-1.966238,-1.460687,1.831107,-1.971929,-1.623100,2.851602,-0.044256,0.002086,0.157860,-0.126490,0.004660,-0.002792,-0.7224,-1.9319,-0.9401,-0.5359,0.1513,-0.1108
31.7223,-1.966626,-1.460659,1.832651,-1.973240,-1.623006,2.851612,-0.038179,0.002174,0.160009,-0.128288,0.004362,-0.002094,-0.6984,-1.9232,-0.7904,-0.5723,0.1570,-0.1182
31.7324,-1.966995,-1.460642,1.834287,-1.974628,-1.622974,2.851585,-0.034942,0.002432,0.165149,-0.139500,0.002987,-0.001530,-0.7439,-2.1643,-0.8192,-0.5158,0.1630,-0.1096
31.7424,-1.967330,-1.460658,1.835979,-1.975967,-1.622962,2.851585,-0.031970,0.000465,0.166058,-0.139774,0.003380,-0.001168,-0.7681,-2.0734,-0.8256,-0.5367,0.1654,-0.1189
31.7523,-1.967646,-1.460635,1.837672,-1.977419,-1.622926,2.851564,-0.029921,0.000177,0.171049,-0.141176,0.002675,-0.001185,-0.7944,-2.0433,-0.7442,-0.5732,0.1765,-0.1082
31.7624,-1.967918,-1.460654,1.839428,-1.978892,-1.622859,2.851573,-0.028588,0.000119,0.173783,-0.145888,0.003195,-0.000921,-0.7736,-2.0838,-0.8577,-0.5420,0.1503,-0.1131
31.7722,-1.968221,-1.460651,1.841173,-1.980354,-1.622839,2.851545,-0.030175,0.000000,0.180210,-0.144291,0.001975,-0.000608,-0.7848,-2.2001,-0.7839,-0.5889,0.1522,-0.0891
31.7824,-1.968533,-1.460670,1.843012,-1.981794,-1.622842,2.851526,-0.029908,-0.001620,0.184772,-0.150443,0.002679,-0.000427,-0.8557,-2.2077,-0.7163,-0.5343,0.1524,-0.0664
31.7922,-1.968844,-1.460647,1.844915,-1.983330,-1.622797,2.851561,-0.030963,-0.000782,0.188107,-0.149741,0.002388,-0.000299,-0.8343,-2.4492,-0.8117,-0.5131,0.1403,-0.0383
31.8023,-1.969144,-1.460659,1.846792,-1.984777,-1.622779,2.851577,-0.031976,-0.001462,0.193272,-0.145939,0.002417,-0.000021,-0.8539,-2.4431,-0.9681,-0.5505,0.1481,0.0298
31.8125,-1.969480,-1.460683,1.848718,-1.986226,-1.622755,2.851562,-0.033251,-0.002309,0.195900,-0.144179,0.001696,0.002219,-0.8199,-2.5630,-0.8772,-0.5103,0.1541,0.0143
31.8226,-1.969816,-1.460687,1.850678,-1.987619,-1.622743,2.851597,-0.033531,-0.001773,0.196438,-0.141953,0.001899,0.002235,-0.9249,-2.6241,-0.6862,-0.5346,0.1411,0.0440
31.8324,-1.970186,-1.460710,1.852707,-1.989032,-1.622742,2.851624,-0.035027,-0.002496,0.200356,-0.140162,0.003409,0.002335,-0.8079,-2.6947,-0.7630,-0.4779,0.1500,0.0890
31.8424,-1.970487,-1.460758,1.854727,-1.990315,-1.622701,2.851649,-0.034225,-0.004527,0.204060,-0.129971,0.003866,0.003572,-0.8797,-2.6954,-0.9002,-0.5023,0.1553,0.0621
31.8529,-1.970831,-1.460794,1.856817,-1.991597,-1.622650,2.851720,-0.035283,-0.004317,0.206470,-0.125659,0.004517,0.003267,-0.8441,-2.7744,-0.9123,-0.5048,0.1596,0.0874
31.8624,-1.971206,-1.460834,1.858892,-1.992781,-1.622603,2.851685,-0.034798,-0.004589,0.210731,-0.120899,0.003893,0.003818,-0.8917,-2.8068,-0.8270,-0.5016,0.1537,0.0920
31.8725,-1.971554,-1.460863,1.861030,-1.994002,-1.622594,2.851686,-0.034208,-0.004751,0.218994,-0.114631,0.005281,0.004175,-0.8833,-2.8159,-0.7674,-0.4951,0.1637,0.0874
31.8824,-1.971909,-1.460954,1.863282,-1.995109,-1.622531,2.851748,-0.033504,-0.005909,0.225595,-0.112756,0.007328,0.003918,-0.7418,-2.7830,-0.5801,-0.4780,0.1510,0.0926
31.8923,-1.972194,-1.460989,1.865536,-1.996239,-1.622502,2.851753,-0.031219,-0.006577,0.232810,-0.110082,0.006530,0.004639,-0.7729,-2.8400,-0.7515,-0.4660,0.1601,0.0992
31.9023,-1.972513,-1.461065,1.867867,-1.997271,-1.622399,2.851832,-0.030254,-0.005911,0.234656,-0.100858,0.006871,0.004843,-0.8400,-2.8961,-0.6857,-0.4861,0.1742,0.1124
31.9125,-1.972778,-1.461094,1.870245,-1.998239,-1.622336,2.851844,-0.026997,-0.005822,0.238125,-0.098526,0.007267,0.005012,-0.7938,-2.9197,-0.8682,-0.5078,0.1785,0.1260
31.9223,-1.973033,-1.461154,1.872628,-1.999191,-1.622245,2.851861,-0.025178,-0.006157,0.238351,-0.092740,0.007541,0.004709,-0.8605,-2.8098,-0.6513,-0.4804,0.1748,0.1253
31.9324,-1.973282,-1.461217,1.875040,-2.000079,-1.622196,2.851901,-0.024695,-0.005710,0.242531,-0.085769,0.007904,0.004985,-0.8257,-2.8196,-0.5735,-0.5243,0.1717,0.1261
31.9424,-1.973528,-1.461288,1.877505,-2.000940,-1.622086,2.851906,-0.022110,-0.006641,0.244444,-0.079427,0.009545,0.004747,-0.8259,-2.8670,-0.7550,-0.4895,0.1899,0.1048
31.9524,-1.973759,-1.461306,1.879955,-2.001633,-1.621982,2.851914,-0.021578,-0.005819,0.244312,-0.073632,0.010321,0.003087,-0.8441,-2.8548,-1.0126,-0.4897,0.1888,0.1032
31.9624,-1.973956,-1.461358,1.882350,-2.002383,-1.621920,2.851969,-0.020500,-0.005318,0.240737,-0.069856,0.009517,0.002163,-0.8055,-2.8800,-0.8990,-0.4523,0.1979,0.1221
31.9725,-1.974151,-1.461409,1.884769,-2.003011,-1.621794,2.851981,-0.020011,-0.004674,0.239364,-0.059016,0.010428,0.001270,-0.7768,-2.8348,-0.9051,-0.4851,0.1857,0.1114
31.9824,-1.974359,-1.461438,1.887131,-2.003534,-1.621690,2.851966,-0.019344,-0.004257,0.234783,-0.052195,0.010908,0.000837,-0.7728,-2.8823,-0.8242,-0.4835,0.1876,0.1075
31.9924,-1.974539,-1.461484,1.889466,-2.004029,-1.621563,2.851969,-0.018654,-0.003831,0.230999,-0.045538,0.010897,0.000634,-0.8047,-2.9347,-0.9015,-0.4957,0.1841,0.0998
32.0023,-1.974716,-1.461513,1.891730,-2.004457,-1.621463,2.851997,-0.018297,-0.003753,0.225678,-0.039044,0.011253,0.000383,-0.7712,-2.8921,-1.0253,-0.5059,0.1757,0.0918
32.0123,-1.974876,-1.461549,1.893991,-2.004817,-1.621351,2.851997,-0.018329,-0.003929,0.219760,-0.035114,0.012076,0.000268,-0.7854,-2.9323,-1.1077,-0.5112,0.1936,0.0782
32.0222,-1.975075,-1.461573,1.896161,-2.005140,-1.621208,2.851997,-0.018025,-0.003415,0.214510,-0.031268,0.012362,0.000187,-0.7939,-2.9259,-0.9715,-0.4959,0.1747,0.0594
32.0323,-1.975285,-1.461625,1.898214,-2.005451,-1.621100,2.851978,-0.018926,-0.002867,0.203590,-0.029676,0.011888,0.000101,-0.7493,-2.9535,-0.9082,-0.4851,0.1894,0.0261
32.0424,-1.975443,-1.461630,1.900280,-2.005715,-1.620999,2.851981,-0.018777,-0.003503,0.197406,-0.024550,0.012016,-0.001264,-0.8371,-2.9024,-0.9299,-0.5151,0.1664,-0.0028
32.0523,-1.975639,-1.461645,1.902204,-2.005966,-1.620856,2.851969,-0.019921,-0.003066,0.192037,-0.024018,0.012293,-0.001199,-0.8041,-2.9887,-1.3160,-0.5187,0.1824,-0.0456
32.0624,-1.975858,-1.461677,1.904088,-2.006192,-1.620763,2.851976,-0.021878,-0.002829,0.186217,-0.023723,0.011157,-0.002237,-0.7723,-2.9749,-1.1054,-0.5175,0.1888,-0.0716
32.0724,-1.976082,-1.461720,1.905902,-2.006455,-1.620667,2.851968,-0.024201,-0.002062,0.178781,-0.026000,0.010250,-0.003062,-0.8996,-2.9510,-1.1592,-0.5215,0.1939,-0.0661
32.0824,-1.976322,-1.461744,1.907621,-2.006748,-1.620525,2.851909,-0.027406,-0.002584,0.168681,-0.030373,0.010389,-0.005303,-0.8527,-2.8920,-1.0462,-0.5389,0.1839,-0.0662
32.0923,-1.976586,-1.461777,1.909250,-2.007081,-1.620437,2.851885,-0.029819,-0.003008,0.161526,-0.035632,0.008661,-0.005501,-0.8841,-2.9436,-1.0972,-0.5317,0.1736,-0.0656
32.1024,-1.976916,-1.461773,1.910863,-2.007437,-1.620343,2.851814,-0.031768,-0.002276,0.155826,-0.040371,0.007349,-0.004180,-1.0013,-2.9451,-1.0773,-0.5722,0.1855,-0.0839
32.1123,-1.977237,-1.461797,1.912377,-2.007911,-1.620271,2.851832,-0.034584,-0.002302,0.147533,-0.049253,0.008425,-0.004720,-1.0017,-2.9701,-1.2035,-0.5693,0.1657,-0.0978
32.1224,-1.977611,-1.461809,1.913814,-2.008434,-1.620241,2.851758,-0.036959,-0.002460,0.137224,-0.055868,0.007082,-0.004563,-0.9651,-2.9368,-1.0402,-0.5680,0.1858,-0.1023
32.1322,-1.977968,-1.461861,1.915108,-2.009095,-1.620161,2.851769,-0.038152,-0.002290,0.131988,-0.065807,0.006372,-0.004347,-1.0587,-3.0120,-1.1081,-0.5431,0.1872,-0.1040
32.1424,-1.978356,-1.461873,1.916343,-2.009787,-1.620114,2.851744,-0.039520,-0.002092,0.124985,-0.071781,0.006094,-0.004223,-0.9746,-2.9757,-1.2606,-0.5368,0.1868,-0.1220
32.1523,-1.978783,-1.461916,1.917571,-2.010538,-1.620030,2.851693,-0.041567,-0.001863,0.113125,-0.077461,0.005760,-0.004551,-0.8977,-3.0642,-1.2380,-0.5479,0.1679,-0.1111
32.1623,-1.979187,-1.461893,1.918651,-2.011345,-1.619982,2.851666,-0.041638,-0.001846,0.104670,-0.080828,0.004579,-0.004272,-0.9113,-3.0341,-1.2298,-0.5887,0.2022,-0.1125
32.1723,-1.979610,-1.461933,1.919634,-2.012237,-1.619953,2.851656,-0.042186,-0.001864,0.096087,-0.089919,0.004972,-0.004012,-0.8068,-2.9525,-1.1448,-0.5959,0.1743,-0.1235
32.1825,-1.980003,-1.461933,1.920550,-2.013227,-1.619905,2.851574,-0.042067,-0.001532,0.089393,-0.098481,0.004816,-0.003933,-0.8039,-3.0344,-1.2702,-0.5444,0.1726,-0.1358
32.1924,-1.980440,-1.461976,1.921416,-2.014237,-1.619862,2.851566,-0.041433,-0.001925,0.083854,-0.101147,0.003195,-0.003287,-0.7605,-3.0095,-1.2486,-0.5667,0.1539,-0.1402
32.2024,-1.980824,-1.461950,1.922196,-2.015232,-1.619839,2.851552,-0.038533,-0.002198,0.077557,-0.104661,0.002533,-0.003141,-0.8395,-2.9406,-1.2381,-0.5266,0.1526,-0.1374
32.2124,-1.981181,-1.461977,1.922953,-2.016278,-1.619815,2.851537,-0.036054,-0.001898,0.070083,-0.105577,0.001568,-0.003056,-0.7084,-2.6882,-1.1512,-0.5317,0.1378,-0.1362
32.2224,-1.981528,-1.461993,1.923606,-2.017320,-1.619818,2.851516,-0.033302,-0.000000,0.063877,-0.101944,0.000638,-0.002759,-0.7426,-2.8707,-1.2727,-0.5172,0.1330,-0.1461
32.2324,-1.981867,-1.461993,1.924207,-2.018271,-1.619834,2.851461,-0.031227,-0.000000,0.058243,-0.097572,0.000373,-0.002996,-0.7715,-2.8408,-1.2100,-0.5379,0.1288,-0.1290
32.2424,-1.982120,-1.462001,1.924761,-2.019248,-1.619830,2.851465,-0.028378,-0.000000,0.052993,-0.096878,0.000264,-0.002618,-0.6681,-2.8195,-1.2258,-0.5074,0.0967,-0.1263
32.2524,-1.982431,-1.461993,1.925258,-2.020178,-1.619846,2.851418,-0.026220,-0.000000,0.048342,-0.090236,0.000163,-0.002606,-0.6632,-2.8036,-1.2720,-0.5249,0.0288,-0.1268
32.2623,-1.982624,-1.462008,1.925713,-2.021011,-1.619830,2.851410,-0.023589,0.000000,0.042024,-0.081488,-0.000105,-0.002427,-0.6302,-2.8594,-1.2613,-0.5099,-0.0018,-0.1178
32.2723,-1.982855,-1.462020,1.926115,-2.021777,-1.619866,2.851390,-0.020896,0.000000,0.037375,-0.077512,-0.002046,-0.001573,-0.6472,-2.8094,-1.2545,-0.4908,-0.0208,-0.1406
32.2827,-1.983047,-1.462020,1.926432,-2.022515,-1.619866,2.851377,-0.018424,0.000000,0.032688,-0.070924,-0.002809,-0.001864,-0.6345,-2.8524,-1.2494,-0.4918,-0.0533,-0.1295
32.2924,-1.983227,-1.462024,1.926729,-2.023160,-1.619883,2.851353,-0.015739,0.000000,0.028646,-0.063607,-0.004393,-0.001317,-0.6483,-2.8308,-1.2675,-0.4857,-0.0600,-0.1441
32.3024,-1.983359,-1.462020,1.926991,-2.023747,-1.619946,2.851384,-0.013170,0.000000,0.024567,-0.057290,-0.005873,-0.001006,-0.5993,-2.7823,-1.2867,-0.4602,-0.0530,-0.1479
32.3124,-1.983478,-1.461974,1.927235,-2.024314,-1.620009,2.851337,-0.011442,0.000000,0.021394,-0.050228,-0.005796,-0.000877,-0.6179,-2.8679,-1.3554,-0.4593,-0.0859,-0.1255
32.3228,-1.983564,-1.462020,1.927377,-2.024746,-1.620061,2.851372,-0.009357,0.000000,0.018003,-0.044542,-0.006843,-0.000721,-0.5945,-2.8865,-1.3812,-0.4814,-0.0733,-0.1308
32.3326,-1.983651,-1.461993,1.927567,-2.025188,-1.620090,2.851326,-0.005546,-0.000035,0.013373,-0.038716,-0.007818,-0.000674,-0.5229,-2.8819,-1.3545,-0.4824,-0.0960,-0.1327
32.3424,-1.983672,-1.462001,1.927668,-2.025511,-1.620185,2.851357,-0.003151,-0.000032,0.009461,-0.032751,-0.007715,-0.000634,-0.5107,-2.8436,-1.3754,-0.4982,-0.0819,-0.1286
32.3525,-1.983700,-1.462032,1.927713,-2.025792,-1.620256,2.851302,-0.001634,-0.000044,0.003263,-0.027835,-0.008445,-0.000513,-0.4642,-2.8834,-1.5516,-0.5026,-0.1113,-0.1215
32.3627,-1.983684,-1.462024,1.927735,-2.026055,-1.620317,2.851329,-0.000930,-0.000027,-0.001082,-0.023636,-0.009606,-0.000458,-0.4511,-2.8493,-1.7601,-0.4940,-0.1302,-0.1284
32.3723,-1.983696,-1.462005,1.927707,-2.026280,-1.620408,2.851348,-0.000519,-0.000013,-0.006373,-0.020212,-0.012288,-0.000395,-0.3550,-2.7994,-2.0429,-0.4690,-0.1395,-0.1417
32.3826,-1.983715,-1.461993,1.927620,-2.026423,-1.620512,2.851314,-0.000355,-0.000000,-0.011200,-0.013936,-0.013921,-0.000424,-0.3271,-2.7011,-2.4316,-0.4902,-0.1417,-0.1305
32.3925,-1.983680,-1.461977,1.927491,-2.026539,-1.620643,2.851329,-0.000277,0.000849,-0.015971,-0.009461,-0.012913,-0.000460,-0.4053,-2.6052,-2.5365,-0.4677,-0.1458,-0.1193
32.4024,-1.983719,-1.461977,1.927329,-2.026583,-1.620774,2.851321,-0.000227,0.000937,-0.017303,-0.003366,-0.014202,-0.000431,-0.4800,-2.4645,-2.5611,-0.4640,-0.1697,-0.1181
32.4124,-1.983700,-1.461965,1.927134,-2.026583,-1.620899,2.851296,-0.000237,0.001085,-0.019028,-0.001176,-0.014767,-0.000420,-0.4725,-2.4102,-2.5803,-0.4419,-0.1781,-0.1540
32.4224,-1.983708,-1.461957,1.926926,-2.026583,-1.621026,2.851317,-0.001231,0.002260,-0.020537,-0.000562,-0.016703,-0.000354,-0.5835,-2.3097,-2.6097,-0.4140,-0.1772,-0.1106
32.4324,-1.983751,-1.461929,1.926742,-2.026580,-1.621210,2.851305,-0.002782,0.003397,-0.022916,-0.000309,-0.016126,-0.000276,-0.5770,-2.2541,-2.6190,-0.3919,-0.1950,-0.1334
32.4424,-1.983784,-1.461893,1.926490,-2.026603,-1.621373,2.851324,-0.004318,0.003898,-0.024317,-0.000138,-0.017551,-0.000226,-0.5933,-2.1219,-2.6249,-0.3599,-0.1744,-0.0853
32.4523,-1.983820,-1.461873,1.926246,-2.026549,-1.621514,2.851309,-0.005121,0.003807,-0.025685,0.001255,-0.018022,-0.000090,-0.6512,-2.1687,-2.6790,-0.3156,-0.1629,-0.0663
32.4624,-1.983899,-1.461849,1.925999,-2.026563,-1.621685,2.851305,-0.006528,0.004059,-0.026886,0.001796,-0.018245,-0.000008,-0.6491,-2.0485,-2.5854,-0.2768,-0.1851,-0.0311
32.4724,-1.983948,-1.461801,1.925723,-2.026539,-1.621876,2.851333,-0.008691,0.004030,-0.028758,0.002061,-0.018303,0.001930,-0.6476,-2.0301,-2.6599,-0.2508,-0.1706,0.0011
32.4824,-1.984023,-1.461765,1.925408,-2.026534,-1.622055,2.851345,-0.008920,0.004935,-0.029181,0.003803,-0.017039,0.001666,-0.6481,-1.9595,-2.6371,-0.2273,-0.1746,0.0387
32.4924,-1.984123,-1.461710,1.925114,-2.026479,-1.622211,2.851388,-0.009636,0.004710,-0.029666,0.003439,-0.016359,0.003753,-0.6288,-1.9502,-2.6818,-0.2227,-0.1613,0.0595
32.5024,-1.984234,-1.461673,1.924814,-2.026431,-1.622394,2.851417,-0.009951,0.005707,-0.028456,0.004993,-0.016068,0.005627,-0.6138,-1.9751,-2.6526,-0.2246,-0.1742,0.0625
32.5123,-1.984311,-1.461590,1.924529,-2.026392,-1.622534,2.851468,-0.009955,0.006027,-0.029717,0.004723,-0.015275,0.006593,-0.6481,-1.9244,-2.5342,-0.2142,-0.1989,0.0801
32.5226,-1.984403,-1.461556,1.924261,-2.026337,-1.622635,2.851513,-0.009284,0.005766,-0.027796,0.004085,-0.015672,0.007394,-0.5029,-1.9255,-2.5110,-0.2074,-0.1760,0.0919
32.5325,-1.984491,-1.461486,1.923993,-2.026317,-1.622813,2.851561,-0.008400,0.005974,-0.026489,0.003185,-0.014747,0.006943,-0.4959,-1.9213,-2.5362,-0.2070,-0.1794,0.0885
32.5423,-1.984578,-1.461426,1.923746,-2.026265,-1.622938,2.851612,-0.007607,0.005529,-0.023664,0.002745,-0.012691,0.007652,-0.5888,-1.9154,-2.5497,-0.2123,-0.1637,0.1105
32.5523,-1.984635,-1.461375,1.923515,-2.026269,-1.623085,2.851641,-0.006859,0.005405,-0.021554,0.000991,-0.011202,0.007890,-0.5648,-1.9028,-2.5842,-0.2094,-0.1793,0.1191
32.5627,-1.984695,-1.461330,1.923323,-2.026276,-1.623180,2.851717,-0.006073,0.005146,-0.017416,0.000746,-0.010196,0.008294,-0.5012,-1.8616,-2.6348,-0.2184,-0.1783,0.1014
32.5724,-1.984770,-1.461270,1.923155,-2.026284,-1.623292,2.851769,-0.006016,0.004970,-0.014195,0.000491,-0.009773,0.007802,-0.5658,-1.9209,-2.5062,-0.2307,-0.1729,0.1114
32.5826,-1.984803,-1.461238,1.923020,-2.026272,-1.623367,2.851817,-0.005433,0.004683,-0.010066,0.000366,-0.007755,0.008192,-0.5236,-1.8448,-2.5100,-0.2619,-0.1879,0.1321
32.5922,-1.984854,-1.461202,1.922967,-2.026292,-1.623435,2.851912,-0.004458,0.004247,-0.003348,0.000051,-0.007365,0.008851,-0.5813,-1.8175,-2.3225,-0.3285,-0.1577,0.1435
32.6027,-1.984886,-1.461135,1.923022,-2.026312,-1.623488,2.851957,-0.003948,0.004176,-0.000000,-0.001146,-0.006536,0.007603,-0.5662,-1.7707,-1.8955,-0.3641,-0.1717,0.1319
32.6124,-1.984945,-1.461130,1.923066,-2.026319,-1.623529,2.852033,-0.003778,0.004271,0.007581,-0.001294,-0.005732,0.007839,-0.5139,-1.8046,-1.6264,-0.4277,-0.1539,0.1311
32.6224,-1.984974,-1.461063,1.923184,-2.026351,-1.623620,2.852077,-0.002953,0.004895,0.013525,-0.005139,-0.005360,0.007061,-0.5295,-1.8121,-1.3699,-0.4434,-0.1744,0.1417
32.6324,-1.984982,-1.461031,1.923386,-2.026435,-1.623659,2.852149,-0.002556,0.004958,0.018512,-0.009189,-0.004974,0.006968,-0.5153,-1.7573,-1.3118,-0.4450,-0.1633,0.1548
32.6424,-1.984994,-1.460971,1.923525,-2.026507,-1.623683,2.852217,-0.002028,0.005894,0.022129,-0.011176,-0.004776,0.006478,-0.5477,-1.7620,-1.2345,-0.4732,-0.1694,0.1440
32.6524,-1.985018,-1.460930,1.923800,-2.026623,-1.623731,2.852249,-0.001740,0.007243,0.026867,-0.014067,-0.003498,0.005559,-0.5208,-1.7394,-1.1435,-0.4798,-0.1825,0.1249
32.6625,-1.985021,-1.460823,1.924098,-2.026755,-1.623767,2.852258,-0.001804,0.006951,0.031465,-0.015492,-0.003570,0.005196,-0.4804,-1.7554,-1.0704,-0.4816,-0.1859,0.1264
32.6723,-1.985042,-1.460782,1.924431,-2.026931,-1.623784,2.852341,-0.001379,0.007219,0.040502,-0.017137,-0.004056,0.004211,-0.5299,-1.7622,-1.1122,-0.4962,-0.1722,0.1491
32.6824,-1.985066,-1.460723,1.924862,-2.027114,-1.623838,2.852381,-0.001296,0.007053,0.047637,-0.021231,-0.003400,0.004309,-0.4558,-1.8109,-0.9956,-0.4891,-0.1688,0.1314
32.6924,-1.985097,-1.460670,1.925369,-2.027381,-1.623816,2.852414,-0.001191,0.006700,0.053838,-0.026174,-0.003759,0.005220,-0.5326,-1.8244,-1.0616,-0.4860,-0.1756,0.1305
32.7025,-1.985060,-1.460587,1.925967,-2.027660,-1.623883,2.852449,-0.001110,0.006320,0.061063,-0.030413,-0.002327,0.003562,-0.5308,-1.9021,-0.9481,-0.5037,-0.1939,0.1393
32.7125,-1.985075,-1.460527,1.926571,-2.028008,-1.623883,2.852466,-0.000921,0.005190,0.067255,-0.036229,-0.002064,0.003212,-0.4921,-1.8303,-0.9671,-0.5104,-0.1734,0.1356
32.7223,-1.985110,-1.460479,1.927312,-2.028422,-1.623915,2.852544,-0.000802,0.001406,0.075628,-0.041236,-0.002534,0.003751,-0.5011,-1.9367,-1.0714,-0.5276,-0.1745,0.1495
32.7324,-1.985106,-1.460467,1.928063,-2.028846,-1.623946,2.852564,-0.000478,0.001957,0.079036,-0.049205,-0.001701,0.002968,-0.4390,-2.0150,-0.9349,-0.5092,-0.1723,0.1497
32.7424,-1.985075,-1.460483,1.928870,-2.029373,-1.623974,2.852577,-0.000312,0.000646,0.083328,-0.053548,-0.001442,0.002026,-0.4070,-1.9511,-0.8615,-0.4825,-0.1749,0.1508
32.7523,-1.985122,-1.460448,1.929738,-2.029974,-1.623982,2.852593,-0.000185,0.000376,0.087499,-0.058720,-0.001200,0.002260,-0.3865,-1.9861,-0.9225,-0.4911,-0.1719,0.1376
32.7624,-1.985090,-1.460483,1.930659,-2.030542,-1.623987,2.852590,-0.000111,0.000159,0.090611,-0.062384,-0.001609,0.002540,-0.2230,-2.0912,-0.9010,-0.4801,-0.1817,0.1540
32.7728,-1.985093,-1.460498,1.931554,-2.031196,-1.623979,2.852630,0.000181,-0.000178,0.093412,-0.065023,-0.000988,0.001820,-0.1174,-2.1927,-0.9900,-0.5151,-0.1682,0.1473
32.7824,-1.985060,-1.460469,1.932516,-2.031863,-1.624003,2.852677,0.000623,-0.000869,0.092732,-0.067137,-0.000880,0.001399,-0.0864,-2.3891,-0.9603,-0.5210,-0.1745,0.1321
32.7925,-1.985066,-1.460531,1.933420,-2.032558,-1.624033,2.852654,0.000776,-0.001670,0.092965,-0.069563,-0.000681,0.001305,-0.0699,-2.4614,-1.0562,-0.5452,-0.1514,0.1391
32.8024,-1.985066,-1.460515,1.934335,-2.033258,-1.624018,2.852666,0.000913,-0.002285,0.089465,-0.069857,-0.000409,0.001221,0.0866,-2.5209,-1.0895,-0.5410,-0.1416,0.1322
32.8125,-1.985051,-1.460574,1.935209,-2.034007,-1.623987,2.852666,0.001281,-0.002786,0.083936,-0.071544,-0.000225,0.000857,0.1131,-2.6018,-1.0787,-0.5100,-0.1135,0.1493
32.8226,-1.985030,-1.460591,1.936034,-2.034671,-1.624015,2.852681,0.004151,-0.003874,0.082955,-0.066054,-0.000131,0.000560,0.2343,-2.6014,-1.1795,-0.5207,-0.0803,0.1260
32.8323,-1.984991,-1.460611,1.936796,-2.035318,-1.624034,2.852690,0.004426,-0.004347,0.075736,-0.062726,0.000176,0.000660,0.3578,-2.6931,-1.0899,-0.5330,-0.0335,0.1336
32.8424,-1.984943,-1.460635,1.937526,-2.035944,-1.623968,2.852721,0.005155,-0.004574,0.068968,-0.061968,0.001452,0.001022,0.4128,-2.8120,-1.0893,-0.5247,-0.0091,0.1296
32.8522,-1.984883,-1.460699,1.938180,-2.036538,-1.623967,2.852709,0.006370,-0.005058,0.063837,-0.056946,0.002777,0.000874,0.4704,-2.8256,-1.2220,-0.5145,0.0222,0.1377
32.8624,-1.984830,-1.460762,1.938800,-2.037058,-1.623946,2.852683,0.007695,-0.005571,0.057866,-0.053054,0.004291,0.000881,0.5247,-2.8581,-1.2069,-0.4893,0.0574,0.1237
32.8723,-1.984727,-1.460799,1.939304,-2.037549,-1.623852,2.852717,0.009234,-0.006423,0.053020,-0.047609,0.007123,0.000854,0.5216,-2.8750,-1.2041,-0.4575,0.0506,0.1389
32.8822,-1.984640,-1.460863,1.939787,-2.037970,-1.623838,2.852695,0.010142,-0.006898,0.047231,-0.039056,0.007737,0.000778,0.6388,-2.8334,-1.0857,-0.5084,0.0786,0.1442
32.8923,-1.984532,-1.460954,1.940275,-2.038348,-1.623717,2.852698,0.010467,-0.007531,0.045205,-0.034569,0.009305,0.000803,0.6085,-2.7855,-1.1083,-0.4878,0.0942,0.1380
32.9022,-1.984440,-1.461041,1.940690,-2.038661,-1.623640,2.852729,0.010871,-0.007661,0.042921,-0.029483,0.009665,0.000487,0.6755,-2.8332,-1.1841,-0.5037,0.1211,0.1324
32.9125,-1.984323,-1.461097,1.941138,-2.038937,-1.623545,2.852761,0.011692,-0.006791,0.040099,-0.025657,0.011642,0.000362,0.6765,-2.8586,-1.0190,-0.4949,0.1022,0.1284
32.9228,-1.984239,-1.461154,1.941521,-2.039176,-1.623421,2.852734,0.012267,-0.007146,0.038879,-0.022059,0.011933,0.000315,0.6750,-2.8246,-1.0308,-0.5003,0.1021,0.1312
32.9329,-1.984104,-1.461198,1.941960,-2.039376,-1.623348,2.852737,0.011341,-0.005573,0.041912,-0.018875,0.011463,0.000292,0.7615,-2.8367,-1.0759,-0.5084,0.1272,0.1348
32.9424,-1.984011,-1.461277,1.942376,-2.039529,-1.623273,2.852750,0.011875,-0.005644,0.042987,-0.014927,0.011010,0.000212,0.6856,-2.8112,-1.0538,-0.5112,0.1073,0.1490
32.9522,-1.983888,-1.461340,1.942819,-2.039680,-1.623177,2.852757,0.011529,-0.005116,0.045967,-0.012432,0.010129,0.000499,0.7279,-2.8010,-1.0992,-0.5135,0.1256,0.1352
32.9623,-1.983796,-1.461373,1.943250,-2.039802,-1.623051,2.852734,0.011543,-0.004963,0.047987,-0.009885,0.009853,0.000503,0.7077,-2.8456,-1.0757,-0.4893,0.1263,0.1413
32.9725,-1.983675,-1.461424,1.943754,-2.039840,-1.622963,2.852703,0.011901,-0.004293,0.052037,-0.004041,0.009973,0.000433,0.7272,-2.7648,-1.0723,-0.4879,0.1260,0.1476
32.9823,-1.983564,-1.461419,1.944297,-2.039864,-1.622864,2.852750,0.010980,-0.003916,0.052910,-0.002814,0.010683,0.000409,0.7687,-2.7973,-0.8629,-0.4589,0.1325,0.1242
32.9924,-1.983453,-1.461481,1.944875,-2.039903,-1.622775,2.852746,0.010611,-0.003481,0.057562,-0.001209,0.011077,0.000353,0.6995,-2.8683,-0.9476,-0.4921,0.1336,0.1257
33.0025,-1.983364,-1.461505,1.945440,-2.039888,-1.622686,2.852743,0.009514,-0.003009,0.059409,-0.000992,0.010578,0.000284,0.6802,-2.8764,-0.9510,-0.4723,0.1325,0.1085
33.0123,-1.983265,-1.461529,1.946082,-2.039888,-1.622588,2.852754,0.008764,-0.002746,0.062188,-0.000591,0.009439,0.000211,0.7116,-2.8499,-1.0713,-0.4910,0.1349,0.1013
33.0224,-1.983208,-1.461573,1.946694,-2.039885,-1.622507,2.852746,0.007192,-0.002743,0.062503,-0.001038,0.009664,0.000083,0.6343,-2.8754,-1.0364,-0.5050,0.1391,0.0266
33.0323,-1.983132,-1.461566,1.947313,-2.039934,-1.622420,2.852765,0.005529,-0.002482,0.063484,-0.001119,0.007454,0.000000,0.7002,-2.8571,-1.1010,-0.5233,0.1312,-0.0002
33.0423,-1.983097,-1.461597,1.947964,-2.039934,-1.622322,2.852722,0.004293,-0.002636,0.060681,-0.001697,0.006845,-0.001727,0.6303,-2.8754,-1.0547,-0.5068,0.1448,-0.0245
33.0523,-1.983076,-1.461621,1.948587,-2.039927,-1.622288,2.852698,0.002233,-0.002418,0.060396,-0.002968,0.006163,-0.003952,0.6131,-2.9012,-1.1275,-0.5193,0.1487,-0.0491
33.0624,-1.983058,-1.461645,1.949166,-2.039972,-1.622240,2.852671,0.001017,-0.002194,0.057451,-0.003708,0.004267,-0.004971,0.5513,-2.8839,-1.1547,-0.5265,0.1518,-0.0546
33.0724,-1.983064,-1.461645,1.949714,-2.040011,-1.622193,2.852603,0.000034,-0.002240,0.053088,-0.004711,0.003681,-0.007599,0.3464,-2.8956,-1.1472,-0.5335,0.1563,-0.0644
33.0824,-1.983076,-1.461700,1.950238,-2.040087,-1.622199,2.852606,-0.001120,-0.002307,0.051632,-0.005344,0.003532,-0.006928,0.2266,-2.9140,-1.2059,-0.5131,0.1343,-0.0733
33.0923,-1.983096,-1.461708,1.950737,-2.040111,-1.622187,2.852552,-0.002393,-0.002132,0.047454,-0.004711,0.002354,-0.007992,-0.0343,-2.8357,-1.1224,-0.5324,0.1426,-0.0652
33.1024,-1.983152,-1.461732,1.951184,-2.040155,-1.622163,2.852501,-0.004986,-0.002071,0.043089,-0.005803,0.001953,-0.007962,-0.2239,-2.8073,-1.0705,-0.5113,0.1432,-0.0820
33.1123,-1.983208,-1.461741,1.951592,-2.040206,-1.622109,2.852422,-0.008809,-0.002480,0.039840,-0.006114,0.001550,-0.007498,-0.3944,-2.9424,-1.1102,-0.5153,0.1286,-0.1066
33.1224,-1.983292,-1.461768,1.951959,-2.040275,-1.622105,2.852381,-0.011251,-0.002212,0.035200,-0.005491,0.001013,-0.007491,-0.4545,-2.9102,-1.1273,-0.5205,0.1230,-0.1117
33.1323,-1.983455,-1.461777,1.952319,-2.040323,-1.622112,2.852329,-0.013952,-0.002398,0.033894,-0.005324,0.000664,-0.008306,-0.5576,-2.8799,-1.2314,-0.5364,0.1096,-0.1160
33.1424,-1.983602,-1.461797,1.952618,-2.040398,-1.622097,2.852277,-0.015402,-0.002573,0.029315,-0.005731,0.000435,-0.008696,-0.5352,-2.8824,-1.2585,-0.5217,0.1152,-0.0958
33.1524,-1.983735,-1.461828,1.952915,-2.040450,-1.622109,2.852230,-0.018598,-0.002066,0.026219,-0.005618,0.000323,-0.007861,-0.6254,-2.9275,-1.3227,-0.5205,0.1006,-0.1256
33.1626,-1.983943,-1.461830,1.953115,-2.040494,-1.622097,2.852146,-0.020914,-0.001507,0.022046,-0.005790,0.000257,-0.007870,-0.6862,-2.8670,-1.3249,-0.5297,0.0802,-0.1175
33.1723,-1.984175,-1.461849,1.953342,-2.040550,-1.622112,2.852097,-0.025431,-0.000754,0.018282,-0.008516,0.000214,-0.007047,-0.7223,-2.8203,-1.3912,-0.5217,0.0578,-0.1206
33.1822,-1.984447,-1.461857,1.953467,-2.040619,-1.622109,2.852022,-0.032081,-0.000410,0.014219,-0.007859,0.000030,-0.008047,-0.8229,-2.7056,-1.3887,-0.5339,0.0156,-0.1330
33.1923,-1.984793,-1.461849,1.953621,-2.040761,-1.622109,2.851981,-0.034980,-0.000176,0.010622,-0.010248,0.000000,-0.007744,-0.8722,-2.7146,-1.4454,-0.5110,-0.0364,-0.1208
33.2024,-1.985122,-1.461852,1.953693,-2.040829,-1.622124,2.851941,-0.037228,0.000187,0.004197,-0.009170,-0.001515,-0.006514,-0.8435,-2.6488,-1.5014,-0.5521,-0.0602,-0.1205
33.2122,-1.985528,-1.461837,1.953690,-2.040940,-1.622187,2.851873,-0.039183,0.000686,0.000430,-0.010060,-0.003282,-0.006307,-0.8579,-2.6155,-1.7000,-0.5301,-0.0734,-0.1361
33.2224,-1.985912,-1.461840,1.953646,-2.041060,-1.622238,2.851813,-0.042587,0.000708,-0.002670,-0.010947,-0.004748,-0.006263,-0.8915,-2.5119,-1.8022,-0.5005,-0.0841,-0.1253
33.2322,-1.986328,-1.461840,1.953618,-2.041161,-1.622286,2.851742,-0.042475,0.000653,-0.003920,-0.012639,-0.005693,-0.005973,-0.8007,-2.4300,-2.0567,-0.4868,-0.0794,-0.1432
33.2423,-1.986778,-1.461825,1.953582,-2.041272,-1.622328,2.851717,-0.042018,0.005668,-0.005186,-0.012156,-0.006579,-0.005572,-0.7218,-2.3407,-2.1891,-0.5229,-0.0948,-0.1534
33.2524,-1.987167,-1.461773,1.953546,-2.041431,-1.622375,2.851662,-0.041110,0.003152,-0.006478,-0.015079,-0.007181,-0.004267,-0.8345,-2.1694,-2.2571,-0.5190,-0.0983,-0.1444
33.2628,-1.987571,-1.461753,1.953443,-2.041596,-1.622451,2.851660,-0.040301,0.004338,-0.006802,-0.017855,-0.007747,-0.003811,-0.8243,-2.1322,-2.3816,-0.5347,-0.1116,-0.1593
33.2723,-1.987991,-1.461708,1.953399,-2.041800,-1.622522,2.851628,-0.040281,0.005733,-0.007422,-0.021456,-0.007805,-0.003712,-0.8691,-2.0240,-2.4058,-0.5536,-0.1334,-0.1404
33.2824,-1.988406,-1.461614,1.953327,-2.042027,-1.622548,2.851588,-0.040108,0.007168,-0.008378,-0.026377,-0.008393,-0.003112,-0.8914,-1.9859,-2.3186,-0.5492,-0.1401,-0.1594
33.2925,-1.988790,-1.461546,1.953258,-2.042346,-1.622670,2.851564,-0.040729,0.008756,-0.007824,-0.032929,-0.009293,-0.003413,-0.7859,-1.9809,-2.3846,-0.5411,-0.1402,-0.1360
33.3024,-1.989241,-1.461443,1.953199,-2.042698,-1.622734,2.851513,-0.042257,0.010169,-0.006150,-0.038386,-0.008606,-0.003237,-0.8098,-1.8068,-2.4254,-0.5025,-0.1309,-0.1560
33.3125,-1.989652,-1.461366,1.953116,-2.043120,-1.622825,2.851501,-0.042619,0.011355,-0.004569,-0.044458,-0.008788,-0.003232,-0.7484,-1.7099,-2.4215,-0.5216,-0.1460,-0.1497
33.3226,-1.990076,-1.461200,1.953095,-2.043652,-1.622912,2.851487,-0.044575,0.012707,-0.003107,-0.051468,-0.008399,-0.002673,-0.7892,-1.7282,-2.3396,-0.5214,-0.1395,-0.1461
33.3323,-1.990551,-1.461090,1.953091,-2.044221,-1.622965,2.851437,-0.048306,0.014699,-0.002032,-0.057027,-0.008002,-0.002334,-0.6871,-1.7650,-2.3872,-0.5403,-0.1543,-0.1561
33.3425,-1.991024,-1.460931,1.953040,-2.044856,-1.623052,2.851410,-0.048093,0.015014,-0.000953,-0.068290,-0.008081,-0.001580,-0.8780,-1.7199,-2.3759,-0.5163,-0.1596,-0.1420
33.3524,-1.991535,-1.460775,1.953087,-2.045571,-1.623093,2.851433,-0.051507,0.016663,-0.000192,-0.074580,-0.008074,-0.001256,-0.8625,-1.7375,-2.2530,-0.5628,-0.1652,-0.1481
33.3623,-1.992067,-1.460596,1.953102,-2.046435,-1.623158,2.851424,-0.055717,0.018686,-0.000000,-0.086183,-0.007392,-0.001215,-0.8744,-1.6837,-2.1449,-0.5426,-0.1683,-0.1354
33.3724,-1.992685,-1.460406,1.953080,-2.047345,-1.623264,2.851417,-0.060253,0.022344,0.000861,-0.100652,-0.009737,-0.000909,-0.9505,-1.6597,-2.0163,-0.5382,-0.1591,-0.1489
33.3823,-1.993333,-1.460140,1.953068,-2.048423,-1.623360,2.851432,-0.065962,0.027654,0.000822,-0.109691,-0.009151,-0.001274,-1.1331,-1.3269,-1.8362,-0.5405,-0.1853,-0.1343
33.3923,-1.994028,-1.459825,1.953115,-2.049589,-1.623452,2.851384,-0.071539,0.037296,0.001242,-0.120699,-0.009235,-0.001101,-1.0618,-1.2242,-1.8100,-0.5411,-0.1755,-0.1403
33.4024,-1.994790,-1.459399,1.953135,-2.050865,-1.623566,2.851368,-0.077171,0.049632,0.000832,-0.132498,-0.009643,-0.000761,-1.0341,-0.9671,-1.7194,-0.5045,-0.1862,-0.1440
33.4124,-1.995601,-1.458805,1.953118,-2.052207,-1.623617,2.851337,-0.082677,0.065445,0.000829,-0.134436,-0.009624,-0.000672,-1.0891,-0.7790,-1.7158,-0.5243,-0.1681,-0.1453
33.4224,-1.996481,-1.458062,1.953096,-2.053581,-1.623719,2.851349,-0.086335,0.084538,0.000500,-0.142169,-0.009704,-0.000672,-1.2287,-0.3133,-1.7201,-0.5104,-0.1826,-0.1291
33.4324,-1.997384,-1.457018,1.953092,-2.055001,-1.623830,2.851360,-0.090050,0.114453,0.000003,-0.146344,-0.008271,-0.000621,-1.1349,-0.4936,-1.8428,-0.4853,-0.1841,-0.1441
33.4424,-1.998318,-1.455736,1.953075,-2.056470,-1.623922,2.851341,-0.093734,0.136450,-0.001779,-0.147142,-0.008195,-0.000616,-1.2203,-0.1957,-2.0307,-0.4946,-0.1919,-0.1406
33.4526,-1.999302,-1.454159,1.953067,-2.057945,-1.623982,2.851345,-0.095204,0.165435,-0.003537,-0.146098,-0.006180,-0.000611,-1.1084,-0.3184,-2.1226,-0.4178,-0.1880,-0.1382
33.4626,-2.000249,-1.452316,1.953035,-2.059340,-1.624070,2.851364,-0.095534,0.193013,-0.005365,-0.139564,-0.005713,-0.000564,-1.0406,-0.4841,-2.3091,-0.4598,-0.1932,-0.1437
33.4725,-2.001244,-1.450192,1.952975,-2.060700,-1.624091,2.851321,-0.095792,0.225447,-0.007555,-0.132202,-0.004723,-0.000508,-1.1054,-0.3565,-2.4154,-0.4986,-0.1592,-0.1467
33.4825,-2.002202,-1.447794,1.952848,-2.061993,-1.624162,2.851345,-0.093531,0.244528,-0.013113,-0.131797,-0.004057,-0.000505,-1.1179,-0.2861,-2.4619,-0.4856,-0.1991,-0.1492
33.4925,-2.003166,-1.445242,1.952720,-2.063224,-1.624194,2.851314,-0.091507,0.262823,-0.015456,-0.120036,-0.004513,-0.000695,-0.9985,-0.7142,-2.4865,-0.5136,-0.1571,-0.1515
33.5024,-2.004053,-1.442541,1.952537,-2.064411,-1.624234,2.851305,-0.088907,0.273055,-0.016861,-0.114075,-0.002631,-0.001554,-1.0347,-0.8380,-2.4999,-0.4867,-0.1845,-0.1618
33.5124,-2.004936,-1.439791,1.952393,-2.065537,-1.624242,2.851296,-0.086587,0.279066,-0.018610,-0.104493,-0.003021,-0.002326,-0.8519,-1.0358,-2.6329,-0.4694,-0.1659,-0.1628
33.5223,-2.005772,-1.437034,1.952201,-2.066488,-1.624254,2.851273,-0.084146,0.278698,-0.018891,-0.091495,-0.001859,-0.002389,-0.7314,-1.2887,-2.6429,-0.5200,-0.1717,-0.1684
33.5324,-2.006549,-1.434284,1.952013,-2.067375,-1.624275,2.851249,-0.076113,0.271730,-0.021441,-0.086476,-0.001769,-0.002744,-0.7615,-1.5474,-2.6117,-0.5090,-0.1707,-0.1538
33.5425,-2.007262,-1.431631,1.951813,-2.068185,-1.624305,2.851225,-0.067959,0.260591,-0.022023,-0.078675,-0.001477,-0.002508,-0.9217,-1.7004,-2.6638,-0.4823,-0.1841,-0.1500
33.5525,-2.007945,-1.429052,1.951570,-2.068889,-1.624314,2.851217,-0.063537,0.246909,-0.023569,-0.067589,-0.001054,-0.002703,-0.8243,-1.7609,-2.6441,-0.5072,-0.1589,-0.1598
33.5622,-2.008529,-1.426624,1.951361,-2.069536,-1.624320,2.851192,-0.057258,0.232184,-0.024184,-0.058211,-0.000735,-0.001848,-0.8014,-1.9849,-2.5950,-0.4993,-0.1488,-0.1636
33.5724,-2.009100,-1.424392,1.951118,-2.070059,-1.624310,2.851173,-0.051723,0.210619,-0.023988,-0.050940,-0.000567,-0.001648,-0.7262,-2.0572,-2.5955,-0.5384,-0.1514,-0.1491
33.5825,-2.009573,-1.422347,1.950840,-2.070519,-1.624267,2.851137,-0.046975,0.194385,-0.023381,-0.043523,-0.000447,-0.001944,-0.6138,-2.3224,-2.6595,-0.5473,-0.1560,-0.1605
33.5924,-2.010016,-1.420512,1.950628,-2.070950,-1.624310,2.851164,-0.040670,0.172070,-0.023161,-0.037789,-0.000341,-0.001402,-0.5877,-2.3378,-2.6303,-0.5254,-0.1369,-0.1659
33.6023,-2.010341,-1.418927,1.950404,-2.071291,-1.624314,2.851109,-0.035647,0.151708,-0.022345,-0.032767,-0.000276,-0.001191,-0.5746,-2.2653,-2.6804,-0.4884,-0.1317,-0.1577
33.6124,-2.010683,-1.417527,1.950179,-2.071628,-1.624329,2.851116,-0.031565,0.132051,-0.021789,-0.026122,-0.000231,-0.000977,-0.6088,-2.0546,-2.6918,-0.4763,-0.1096,-0.1294
33.6223,-2.010944,-1.416334,1.949979,-2.071829,-1.624288,2.851097,-0.026455,0.112082,-0.020651,-0.020619,-0.000199,-0.000740,-0.5346,-2.0506,-2.6220,-0.4813,-0.0869,-0.1372
33.6322,-2.011168,-1.415322,1.949772,-2.071990,-1.624305,2.851116,-0.020561,0.096596,-0.018743,-0.015777,-0.000153,-0.000495,-0.6654,-2.0179,-2.5784,-0.4576,-0.0709,-0.1317
33.6425,-2.011341,-1.414438,1.949608,-2.072125,-1.624298,2.851096,-0.017661,0.081022,-0.016401,-0.010693,-0.000045,-0.000368,-0.4506,-2.0256,-2.6535,-0.4841,-0.0522,-0.0921
33.6524,-2.011519,-1.413694,1.949447,-2.072216,-1.624298,2.851127,-0.014711,0.068528,-0.015429,-0.007762,-0.000000,-0.000293,-0.5119,-2.0640,-2.5657,-0.4621,-0.0264,-0.0474
33.6625,-2.011635,-1.413094,1.949312,-2.072241,-1.624305,2.851116,-0.010534,0.054337,-0.012554,-0.003025,-0.000000,-0.000003,-0.3875,-2.0969,-2.5884,-0.4717,-0.0175,-0.0043
33.6725,-2.011707,-1.412645,1.949161,-2.072272,-1.624314,2.851142,-0.004741,0.041513,-0.009202,-0.001103,0.000499,0.003724,-0.4212,-2.0520,-2.4686,-0.4407,-0.0257,0.0297
33.6824,-2.011724,-1.412286,1.949073,-2.072281,-1.624290,2.851196,-0.001781,0.029773,-0.003954,-0.000589,0.000321,0.005761,-0.2613,-2.1266,-2.4345,-0.4210,-0.0513,0.0405
33.6924,-2.011712,-1.412080,1.949124,-2.072253,-1.624293,2.851252,-0.000127,0.019838,-0.000288,-0.000401,0.000236,0.008694,-0.1705,-2.1186,-2.2580,-0.3937,-0.0486,0.0763
33.7023,-2.011703,-1.411890,1.949151,-2.072253,-1.624302,2.851313,0.002474,0.011980,0.002539,-0.000111,0.000187,0.012345,-0.0423,-2.2369,-1.8823,-0.3764,-0.0783,0.0920
33.7122,-2.011676,-1.411876,1.949172,-2.072265,-1.624308,2.851448,0.004074,0.000203,0.005973,-0.000038,0.000109,0.013033,0.1392,-2.4721,-1.7334,-0.3505,-0.1253,0.1228
33.7223,-2.011643,-1.411939,1.949232,-2.072269,-1.624283,2.851509,0.004054,-0.006898,0.007881,-0.000000,-0.000143,0.014761,0.2886,-2.8791,-1.5908,-0.3294,-0.1818,0.1114
33.7325,-2.011593,-1.412078,1.949324,-2.072257,-1.624348,2.851640,0.005187,-0.014963,0.010778,0.000896,-0.002422,0.016979,0.3724,-2.9809,-1.4413,-0.3134,-0.1812,0.1293
33.7423,-2.011533,-1.412231,1.949435,-2.072261,-1.624365,2.851769,0.006614,-0.017888,0.011943,0.001135,-0.004742,0.019162,0.3916,-2.9407,-1.3234,-0.2777,-0.1939,0.1512
33.7524,-2.011479,-1.412466,1.949583,-2.072233,-1.624425,2.851937,0.008308,-0.019194,0.013223,0.001701,-0.006516,0.021583,0.5213,-2.9718,-1.2318,-0.2531,-0.1838,0.1569
33.7624,-2.011407,-1.412639,1.949679,-2.072240,-1.624473,2.852149,0.008932,-0.021000,0.012657,0.002365,-0.007030,0.023585,0.5255,-2.8456,-1.2513,-0.2356,-0.1848,0.1530
33.7724,-2.011274,-1.412839,1.949791,-2.072166,-1.624541,2.852345,0.009156,-0.020582,0.013361,0.004149,-0.008083,0.024022,0.6220,-2.8899,-1.1997,-0.2220,-0.1980,0.1690
33.7823,-2.011216,-1.413035,1.949951,-2.072130,-1.624628,2.852585,0.009174,-0.020116,0.013572,0.004372,-0.009077,0.024053,0.5924,-2.9090,-1.1796,-0.2019,-0.1948,0.1725
33.7924,-2.011125,-1.413226,1.950063,-2.072082,-1.624687,2.852825,0.009477,-0.018006,0.013563,0.005161,-0.009202,0.023277,0.6447,-2.9870,-1.2605,-0.1971,-0.1859,0.1692
33.8024,-2.011041,-1.413379,1.950234,-2.072001,-1.624774,2.853038,0.008438,-0.016815,0.013307,0.005968,-0.008799,0.022876,0.5886,-3.0153,-1.3413,-0.1850,-0.1922,0.1628
33.8125,-2.010964,-1.413554,1.950300,-2.071985,-1.624904,2.853265,0.008467,-0.016129,0.011439,0.006690,-0.008548,0.023057,0.5619,-2.9637,-1.2457,-0.1796,-0.1816,0.1865
33.8225,-2.010871,-1.413722,1.950411,-2.071890,-1.624957,2.853474,0.006884,-0.015646,0.008818,0.006394,-0.008129,0.022166,0.5835,-2.9143,-1.3248,-0.1583,-0.1960,0.1931
33.8321,-2.010817,-1.413847,1.950490,-2.071837,-1.625062,2.853695,0.007326,-0.013843,0.003289,0.009224,-0.008810,0.022241,0.6187,-2.9204,-1.3940,-0.1579,-0.1937,0.1659
33.8423,-2.010730,-1.413986,1.950459,-2.071738,-1.625170,2.853961,0.006448,-0.013022,-0.000077,0.009228,-0.008942,0.020385,0.5559,-2.9615,-1.6253,-0.1504,-0.1932,0.1467
33.8524,-2.010685,-1.414090,1.950446,-2.071685,-1.625243,2.854114,0.006096,-0.010734,-0.002043,0.010126,-0.008757,0.018147,0.5918,-3.0580,-1.9701,-0.1610,-0.1783,0.1881
33.8622,-2.010622,-1.414208,1.950391,-2.071522,-1.625338,2.854307,0.006019,-0.010764,-0.008615,0.011769,-0.009352,0.019792,0.5238,-3.0122,-2.2744,-0.1699,-0.1960,0.1658
33.8724,-2.010571,-1.414303,1.950208,-2.071402,-1.625430,2.854458,0.004322,-0.013769,-0.019974,0.011966,-0.009961,0.014790,0.5547,-3.0954,-2.4721,-0.1720,-0.1743,0.1882
33.8824,-2.010526,-1.414438,1.950008,-2.071311,-1.625526,2.854606,0.004254,-0.014772,-0.025031,0.012798,-0.009430,0.016098,0.5185,-3.3239,-2.7285,-0.1454,-0.1853,0.1976
33.8923,-2.010533,-1.414609,1.949755,-2.071120,-1.625609,2.854786,0.003433,-0.019343,-0.030978,0.017246,-0.009363,0.015163,0.5617,-3.3115,-2.9335,-0.1468,-0.1945,0.1749
33.9029,-2.010506,-1.414868,1.949396,-2.070932,-1.625737,2.854879,0.002789,-0.026609,-0.042132,0.023016,-0.009325,0.012047,0.5639,-3.3709,-2.8073,-0.1701,-0.1745,0.1853
33.9125,-2.010454,-1.415141,1.948874,-2.070684,-1.625786,2.855035,0.002385,-0.031160,-0.051421,0.028063,-0.008422,0.011624,0.6112,-3.3266,-3.0395,-0.1273,-0.1854,0.1667
33.9223,-2.010431,-1.415454,1.948334,-2.070326,-1.625900,2.855119,0.002438,-0.036765,-0.062518,0.037019,-0.009485,0.009875,0.6023,-3.4437,-3.2425,-0.1506,-0.1915,0.1855
33.9325,-2.010422,-1.415891,1.947628,-2.069922,-1.625962,2.855235,0.003333,-0.043313,-0.074266,0.045828,-0.008628,0.009860,0.6154,-3.4152,-3.3180,-0.1473,-0.1892,0.1652
33.9426,-2.010386,-1.416355,1.946774,-2.069427,-1.626056,2.855354,0.003882,-0.047472,-0.089720,0.052984,-0.008827,0.008790,0.5757,-3.6192,-3.1757,-0.1030,-0.1889,0.1744
33.9523,-2.010335,-1.416875,1.945746,-2.068842,-1.626155,2.855376,0.004863,-0.055204,-0.101557,0.061444,-0.008105,0.008569,0.5839,-3.5520,-3.1286,-0.0934,-0.2129,0.1760
33.9625,-2.010305,-1.417486,1.944654,-2.068167,-1.626194,2.855491,0.005714,-0.062798,-0.116909,0.072198,-0.007682,0.010430,0.6355,-3.4589,-3.1238,-0.1070,-0.1822,0.1729
33.9723,-2.010242,-1.418174,1.943376,-2.067389,-1.626311,2.855575,0.006950,-0.073209,-0.132902,0.082416,-0.007732,0.010742,0.6423,-3.5450,-3.1864,-0.0963,-0.1893,0.1858
33.9825,-2.010167,-1.418964,1.941963,-2.066506,-1.626391,2.855695,0.008183,-0.080219,-0.143814,0.093473,-0.007373,0.010225,0.6841,-3.9440,-3.3249,-0.1648,-0.1738,0.1737
33.9924,-2.010110,-1.419820,1.940481,-2.065556,-1.626421,2.855792,0.008465,-0.092171,-0.155546,0.099054,-0.007709,0.009944,0.7598,-3.6893,-3.1731,-0.1058,-0.1677,0.1704
34.0024,-2.010011,-1.420819,1.938923,-2.064499,-1.626534,2.855844,0.009830,-0.104243,-0.164726,0.106398,-0.008145,0.008395,0.6929,-3.6310,-3.1795,-0.1200,-0.1858,0.2000
34.0124,-2.009911,-1.421923,1.937218,-2.063420,-1.626572,2.855987,0.009686,-0.112971,-0.172702,0.110613,-0.007524,0.009467,0.7213,-3.9043,-3.1475,-0.1221,-0.1996,0.1725
34.0226,-2.009850,-1.423110,1.935486,-2.062330,-1.626705,2.856095,0.010115,-0.125974,-0.177994,0.114474,-0.009099,0.009067,0.7260,-4.2314,-3.1970,-0.1300,-0.1779,0.1804
34.0322,-2.009704,-1.424576,1.933705,-2.061141,-1.626755,2.856186,0.011323,-0.147094,-0.180109,0.119451,-0.008675,0.009392,0.6989,-4.0189,-3.1493,-0.1296,-0.1806,0.1806
34.0426,-2.009631,-1.426166,1.931881,-2.059927,-1.626839,2.856291,0.007722,-0.160445,-0.181293,0.121532,-0.009247,0.008793,0.7084,-4.3189,-3.2051,-0.1094,-0.1846,0.1772
34.0524,-2.009556,-1.427898,1.930063,-2.058726,-1.626926,2.856335,0.008500,-0.179374,-0.183510,0.122823,-0.008519,0.008930,0.7196,-4.1047,-2.9627,-0.0853,-0.1938,0.1664
34.0624,-2.009475,-1.429882,1.928211,-2.057491,-1.627061,2.856400,0.009457,-0.202186,-0.182007,0.126459,-0.010258,0.008189,0.7358,-4.2296,-3.0501,-0.0885,-0.1901,0.1805
34.0723,-2.009387,-1.432076,1.926345,-2.056175,-1.627130,2.856507,0.010210,-0.232290,-0.184736,0.128348,-0.008842,0.007523,0.6619,-4.5270,-3.0988,-0.1100,-0.1969,0.1772
34.0824,-2.009268,-1.434515,1.924578,-2.054873,-1.627232,2.856540,0.011000,-0.257715,-0.181489,0.136257,-0.010174,0.007473,0.8252,-4.8717,-3.1891,-0.0963,-0.2005,0.1887
34.0925,-2.009147,-1.437213,1.922748,-2.053468,-1.627348,2.856628,0.011822,-0.286284,-0.178087,0.144921,-0.011290,0.007984,0.7463,-4.7188,-3.0504,-0.0858,-0.1972,0.1663
34.1024,-2.009040,-1.440187,1.920963,-2.052039,-1.627449,2.856723,0.012097,-0.311075,-0.174428,0.143446,-0.012320,0.007414,0.7424,-4.4407,-2.9318,-0.0201,-0.2145,0.1756
34.1123,-2.008935,-1.443381,1.919292,-2.050584,-1.627569,2.856772,0.012190,-0.332773,-0.171403,0.154498,-0.014217,0.006544,0.7212,-4.3072,-2.7415,-0.0317,-0.2248,0.1572
34.1224,-2.008780,-1.446787,1.917626,-2.049024,-1.627786,2.856821,0.011288,-0.351932,-0.159935,0.159528,-0.016789,0.006220,0.7697,-4.7527,-2.8545,-0.0232,-0.2409,0.1835
34.1322,-2.008695,-1.450484,1.916065,-2.047390,-1.627950,2.856908,0.011358,-0.375804,-0.148027,0.168046,-0.022288,0.006158,0.6451,-4.3168,-2.7341,-0.0275,-0.2511,0.1814
34.1424,-2.008581,-1.454356,1.914649,-2.045678,-1.628202,2.856940,0.010069,-0.385108,-0.139583,0.175226,-0.026457,0.006527,0.6417,-4.3934,-2.7830,-0.0241,-0.2387,0.1719
34.1523,-2.008504,-1.458401,1.913335,-2.043902,-1.628494,2.857059,0.007453,-0.395377,-0.128702,0.180917,-0.031550,0.007481,0.6002,-4.0477,-2.5497,-0.0572,-0.2325,0.1613
34.1623,-2.008401,-1.462480,1.912046,-2.042086,-1.628887,2.857097,0.006851,-0.406273,-0.118669,0.180380,-0.036593,0.009025,0.5791,-3.7900,-2.3116,-0.0431,-0.2450,0.1875
34.1722,-2.008364,-1.466681,1.910960,-2.040241,-1.629294,2.857204,0.005957,-0.416481,-0.104344,0.186634,-0.046183,0.010176,0.5099,-3.5844,-2.4860,-0.0257,-0.2555,0.1831
34.1822,-2.008309,-1.470842,1.909986,-2.038383,-1.629824,2.857292,0.003091,-0.416257,-0.092421,0.187173,-0.054678,0.011394,0.5262,-3.5997,-2.4235,-0.0208,-0.2722,0.1709
34.1924,-2.008295,-1.474930,1.909150,-2.036440,-1.630458,2.857400,0.002152,-0.414494,-0.079581,0.191125,-0.063301,0.010285,0.4199,-3.2328,-2.4428,-0.0566,-0.2768,0.1970
34.2022,-2.008295,-1.478959,1.908403,-2.034560,-1.631136,2.857564,0.000775,-0.405248,-0.067147,0.186534,-0.071682,0.011659,0.4764,-3.3122,-2.3710,-0.0458,-0.3169,0.1807
34.2123,-2.008292,-1.482934,1.907835,-2.032714,-1.631958,2.857664,0.000609,-0.394525,-0.054491,0.182126,-0.084012,0.012337,0.4173,-3.3594,-2.5457,-0.0617,-0.2851,0.1811
34.2223,-2.008285,-1.486827,1.907347,-2.030905,-1.632926,2.857808,0.000374,-0.382694,-0.044018,0.175722,-0.098054,0.013928,0.3572,-3.5102,-2.4245,-0.0543,-0.2800,0.1920
34.2323,-2.008292,-1.490691,1.906978,-2.029163,-1.633975,2.857941,0.000289,-0.373290,-0.032488,0.174077,-0.113206,0.015509,0.3009,-3.2802,-2.3519,-0.0727,-0.3043,0.2016
34.2423,-2.008269,-1.494429,1.906679,-2.027420,-1.635250,2.858097,0.000038,-0.359536,-0.023091,0.171486,-0.125467,0.016559,0.2801,-3.0859,-2.2915,-0.0545,-0.3681,0.1955
34.2525,-2.008292,-1.498029,1.906518,-2.025743,-1.636643,2.858296,0.000000,-0.346659,-0.013637,0.167890,-0.150198,0.017920,0.1891,-2.7847,-2.1812,-0.0200,-0.3064,0.1903
34.2625,-2.008280,-1.501359,1.906481,-2.024114,-1.638229,2.858477,0.000000,-0.329725,-0.001077,0.163369,-0.163212,0.019455,0.0247,-2.5622,-1.6329,0.0215,-0.3626,0.2010
34.2724,-2.008276,-1.504534,1.906553,-2.022481,-1.640003,2.858670,-0.001104,-0.311517,0.015795,0.164627,-0.189963,0.021295,-0.0449,-2.5430,-1.2133,-0.0148,-0.3599,0.1800
34.2825,-2.008311,-1.507469,1.906789,-2.020871,-1.642009,2.858905,-0.000797,-0.295473,0.023360,0.158485,-0.204134,0.023077,-0.1028,-2.6294,-1.1872,-0.0153,-0.3837,0.1889
34.2925,-2.008315,-1.510258,1.907029,-2.019251,-1.644096,2.859157,-0.002513,-0.275292,0.031012,0.155341,-0.223438,0.024921,-0.1540,-2.8491,-1.2501,-0.0678,-0.3512,0.1963
34.3023,-2.008352,-1.512844,1.907399,-2.017776,-1.646380,2.859394,-0.003728,-0.256094,0.035453,0.150035,-0.234730,0.025380,-0.2199,-2.9121,-1.0699,-0.0644,-0.3548,0.1864
34.3122,-2.008379,-1.515343,1.907842,-2.016316,-1.648733,2.859685,-0.003047,-0.241396,0.042595,0.143756,-0.240407,0.026338,-0.2637,-2.8802,-1.0290,-0.0779,-0.3371,0.1783
34.3223,-2.008399,-1.517709,1.908255,-2.014937,-1.651182,2.859946,-0.003093,-0.229098,0.047948,0.136878,-0.250252,0.027358,-0.3059,-2.9165,-0.8528,-0.1007,-0.2946,0.1736
34.3323,-2.008435,-1.520038,1.908787,-2.013623,-1.653700,2.860198,-0.002788,-0.220664,0.060161,0.129900,-0.255072,0.027707,-0.3877,-2.6737,-0.8972,-0.0978,-0.3196,0.1795
34.3424,-2.008425,-1.522162,1.909450,-2.012365,-1.656274,2.860529,-0.002829,-0.207566,0.069986,0.123006,-0.249445,0.028457,-0.3250,-2.6874,-0.7797,-0.1015,-0.3421,0.1700
34.3524,-2.008456,-1.524213,1.910275,-2.011137,-1.658870,2.860778,-0.002924,-0.198572,0.081674,0.111573,-0.250325,0.028230,-0.4766,-2.7402,-0.8704,-0.0976,-0.2849,0.1747
34.3623,-2.008488,-1.526124,1.911143,-2.010078,-1.661344,2.861082,-0.002009,-0.189151,0.094802,0.101234,-0.247019,0.029827,-0.4571,-2.8840,-0.6818,-0.0866,-0.2891,0.1732
34.3724,-2.008519,-1.527991,1.912208,-2.009138,-1.663785,2.861379,-0.001649,-0.187143,0.117685,0.092044,-0.240655,0.029832,-0.4098,-3.0140,-0.5744,-0.0878,-0.3102,0.1782
34.3823,-2.008543,-1.529815,1.913506,-2.008267,-1.666217,2.861726,-0.002115,-0.185975,0.133541,0.080289,-0.233650,0.031352,-0.2847,-3.3822,-0.4470,-0.0994,-0.3151,0.1879
34.3924,-2.008528,-1.531689,1.914952,-2.007543,-1.668516,2.862015,-0.000518,-0.189679,0.151596,0.066484,-0.226235,0.032804,-0.3272,-3.2888,-0.4511,-0.1315,-0.2571,0.1615
34.4022,-2.008549,-1.533568,1.916597,-2.006948,-1.670695,2.862371,-0.000649,-0.195066,0.170618,0.055257,-0.213880,0.032840,-0.2974,-3.3294,-0.6503,-0.1181,-0.3101,0.1833
34.4124,-2.008559,-1.535522,1.918390,-2.006445,-1.672692,2.862699,-0.000452,-0.199677,0.187480,0.044874,-0.204401,0.035089,-0.2555,-3.4050,-0.6250,-0.1581,-0.2726,0.1654
34.4224,-2.008552,-1.537508,1.920384,-2.006068,-1.674613,2.863063,-0.000266,-0.208328,0.200912,0.033326,-0.190624,0.035154,-0.1789,-3.7319,-0.5179,-0.1517,-0.2627,0.1783
34.4323,-2.008559,-1.539666,1.922499,-2.005808,-1.676436,2.863423,0.000239,-0.223093,0.217285,0.021157,-0.175038,0.037359,-0.0895,-3.6157,-0.7092,-0.1310,-0.2908,0.1673
34.4425,-2.008555,-1.541944,1.924745,-2.005590,-1.678114,2.863784,0.000151,-0.230892,0.228888,0.014459,-0.166021,0.035735,-0.0129,-3.6992,-0.8341,-0.1516,-0.2581,0.1716
34.4523,-2.008559,-1.544357,1.927100,-2.005513,-1.679654,2.864113,0.000333,-0.242738,0.238898,0.004664,-0.151214,0.034808,0.1016,-3.6941,-0.9048,-0.2480,-0.2455,0.1616
34.4624,-2.008528,-1.546921,1.929536,-2.005533,-1.681096,2.864496,0.002835,-0.260492,0.246314,-0.007770,-0.138385,0.034291,0.1009,-3.6457,-0.9067,-0.3910,-0.2343,0.1696
34.4724,-2.008523,-1.549686,1.932012,-2.005703,-1.682391,2.864856,0.005161,-0.285041,0.258706,-0.020694,-0.125044,0.032665,0.3405,-3.7178,-0.8431,-0.4329,-0.2056,0.1804
34.4823,-2.008453,-1.552661,1.934649,-2.005884,-1.683528,2.865192,0.004529,-0.301270,0.266476,-0.022125,-0.109581,0.032339,0.7390,-4.3526,-0.7415,-0.4933,-0.2123,0.1868
34.4922,-2.008381,-1.555868,1.937391,-2.006139,-1.684603,2.865493,0.007074,-0.322824,0.275787,-0.030695,-0.098146,0.030812,0.6385,-4.2577,-0.6571,-0.4863,-0.2319,0.1842
34.5024,-2.008339,-1.559320,1.940147,-2.006486,-1.685459,2.865789,0.008866,-0.348575,0.283145,-0.038385,-0.084110,0.027093,0.7427,-4.1856,-0.7505,-0.5207,-0.2297,0.1950
34.5124,-2.008209,-1.562894,1.943003,-2.006880,-1.686236,2.866100,0.009985,-0.367415,0.284467,-0.044233,-0.072412,0.026919,0.7446,-4.0787,-0.8228,-0.5215,-0.2087,0.1708
34.5224,-2.008117,-1.566633,1.945855,-2.007345,-1.686919,2.866342,0.010557,-0.384963,0.288704,-0.049602,-0.063500,0.023418,0.7834,-4.4043,-0.9933,-0.5556,-0.1897,0.1608
34.5323,-2.008000,-1.570601,1.948705,-2.007891,-1.687467,2.866538,0.011963,-0.412133,0.289444,-0.053999,-0.051135,0.020873,0.7686,-3.8899,-0.9768,-0.5747,-0.1787,0.1667
34.5423,-2.007916,-1.574742,1.951612,-2.008387,-1.687879,2.866719,0.012229,-0.422422,0.286126,-0.056192,-0.039495,0.017673,0.9229,-3.9881,-0.9856,-0.6094,-0.1981,0.1596
34.5523,-2.007761,-1.579048,1.954511,-2.009025,-1.688251,2.866894,0.012904,-0.429787,0.282382,-0.063948,-0.030736,0.013545,0.8408,-3.9923,-1.2470,-0.5384,-0.1839,0.1883
34.5624,-2.007637,-1.583481,1.957219,-2.009683,-1.688491,2.866979,0.014002,-0.438351,0.273181,-0.061943,-0.021316,0.009515,0.7757,-3.7484,-1.1460,-0.5317,-0.2034,0.1493
34.5724,-2.007493,-1.587959,1.959894,-2.010276,-1.688639,2.867039,0.014221,-0.446794,0.264599,-0.054030,-0.015015,0.001738,0.7577,-3.6763,-1.1740,-0.5408,-0.1640,0.1398
34.5823,-2.007337,-1.592505,1.962499,-2.010787,-1.688743,2.867007,0.012589,-0.447492,0.252226,-0.046198,-0.007971,0.000583,0.6899,-3.5919,-0.9597,-0.5295,-0.1243,0.0704
34.5924,-2.007187,-1.597028,1.964948,-2.011238,-1.688772,2.866999,0.011971,-0.444692,0.239467,-0.040758,-0.001068,-0.002806,0.5471,-2.9557,-1.1497,-0.4981,-0.1026,0.0104
34.6023,-2.007101,-1.601344,1.967304,-2.011566,-1.688755,2.867003,0.010551,-0.433784,0.226459,-0.029915,0.000198,-0.005628,0.4540,-2.8392,-0.9579,-0.5062,-0.0124,-0.0569
34.6125,-2.007017,-1.605539,1.969519,-2.011778,-1.688751,2.866904,0.007227,-0.416059,0.214880,-0.020122,0.003407,-0.008387,0.4647,-2.6503,-1.0955,-0.5479,0.0264,-0.0535
34.6224,-2.006977,-1.609586,1.971596,-2.011922,-1.688703,2.866852,0.003129,-0.393062,0.199681,-0.013024,0.005970,-0.010896,0.4250,-2.6657,-1.1547,-0.4918,0.0254,-0.0849
34.6323,-2.006988,-1.613415,1.973502,-2.011962,-1.688628,2.866743,0.000667,-0.368755,0.187477,-0.000214,0.007172,-0.011190,0.3022,-2.5817,-1.1184,-0.3853,0.0515,-0.0931
34.6424,-2.006962,-1.617070,1.975266,-2.011886,-1.688598,2.866663,-0.000524,-0.344331,0.174307,0.010455,0.007615,-0.011211,0.1040,-2.2916,-0.9835,-0.2071,0.0443,-0.0895
34.6523,-2.007009,-1.620377,1.976981,-2.011696,-1.688528,2.866575,-0.002727,-0.316217,0.163989,0.017849,0.006508,-0.011340,-0.0899,-2.0673,-1.1176,-0.1991,0.0641,-0.0803
34.6626,-2.007025,-1.623417,1.978514,-2.011489,-1.688484,2.866467,-0.003695,-0.287157,0.155316,0.026744,0.005641,-0.012193,-0.3016,-1.9923,-0.8770,-0.1678,0.0690,-0.0891
34.6723,-2.007057,-1.626108,1.980032,-2.011165,-1.688455,2.866402,-0.006018,-0.259802,0.150128,0.039511,0.002310,-0.015017,-0.4686,-1.8473,-0.9010,-0.0978,0.0644,-0.1123
34.6823,-2.007140,-1.628489,1.981516,-2.010746,-1.688439,2.866319,-0.008905,-0.234311,0.149477,0.049688,0.001721,-0.018327,-0.5690,-1.7134,-0.8028,-0.0612,0.0251,-0.1287
34.6924,-2.007233,-1.630629,1.982973,-2.010163,-1.688415,2.866199,-0.009752,-0.208749,0.144135,0.063631,0.000579,-0.021462,-0.6111,-2.0195,-0.7676,-0.0826,0.0127,-0.1396
34.7023,-2.007372,-1.632523,1.984426,-2.009500,-1.688436,2.866014,-0.013175,-0.183814,0.144677,0.072018,0.000282,-0.024833,-0.5138,-2.0571,-0.8714,-0.0854,-0.0199,-0.1758
34.7124,-2.007516,-1.634132,1.985887,-2.008761,-1.688431,2.865683,-0.013046,-0.163129,0.142596,0.080189,-0.000096,-0.028664,-0.4634,-2.2425,-0.9568,-0.0696,-0.0798,-0.1720
34.7223,-2.007613,-1.635638,1.987332,-2.007815,-1.688436,2.865383,-0.012433,-0.145767,0.141298,0.088529,-0.002710,-0.032376,-0.5838,-2.4152,-0.9995,-0.0825,-0.1249,-0.1947
34.7323,-2.007764,-1.637037,1.988697,-2.006873,-1.688479,2.865055,-0.012185,-0.134886,0.140328,0.095302,-0.004413,-0.035265,-0.5172,-2.3507,-1.0443,-0.0772,-0.1595,-0.1937
34.7424,-2.007868,-1.638313,1.990074,-2.005903,-1.688551,2.864679,-0.011944,-0.123410,0.136803,0.099953,-0.006924,-0.038063,-0.6048,-2.3853,-1.0179,-0.0849,-0.1574,-0.1900
34.7525,-2.007979,-1.639489,1.991431,-2.004845,-1.688616,2.864318,-0.011437,-0.114284,0.134411,0.107100,-0.008728,-0.040773,-0.6269,-2.3776,-1.0933,-0.0983,-0.1665,-0.1828
34.7625,-2.008103,-1.640616,1.992768,-2.003728,-1.688688,2.863902,-0.011000,-0.109135,0.131455,0.108647,-0.007829,-0.043439,-0.6946,-2.6137,-1.1676,-0.0830,-0.1781,-0.1882
34.7724,-2.008156,-1.641731,1.994111,-2.002609,-1.688727,2.863462,-0.009540,-0.112740,0.129632,0.114115,-0.008945,-0.046352,-0.6599,-2.7293,-1.0342,-0.1103,-0.1939,-0.1816
34.7824,-2.008268,-1.642821,1.995385,-2.001443,-1.688846,2.863018,-0.010483,-0.118044,0.129391,0.117241,-0.010668,-0.044940,-0.5745,-3.1990,-1.2364,-0.1380,-0.2020,-0.2054
34.7924,-2.008391,-1.644063,1.996654,-2.000241,-1.688943,2.862542,-0.010838,-0.125162,0.124410,0.115782,-0.009412,-0.044180,-0.7741,-3.1761,-1.1446,-0.1193,-0.1997,-0.1845
34.8022,-2.008507,-1.645422,1.997884,-1.999086,-1.689054,2.862101,-0.012210,-0.137554,0.125872,0.114482,-0.009593,-0.041635,-0.5981,-3.3949,-1.3857,-0.1285,-0.2133,-0.2109
34.8123,-2.008612,-1.646932,1.999090,-1.997941,-1.689162,2.861688,-0.011802,-0.152077,0.122572,0.109740,-0.009747,-0.042354,-0.7028,-3.4052,-1.1738,-0.1472,-0.1897,-0.2124
34.8223,-2.008720,-1.648550,2.000299,-1.996905,-1.689227,2.861260,-0.010984,-0.168411,0.120067,0.105193,-0.007905,-0.042502,-0.5812,-3.3773,-1.0160,-0.1373,-0.2007,-0.2058
34.8325,-2.008819,-1.650389,2.001525,-1.995887,-1.689283,2.860860,-0.010155,-0.183115,0.123100,0.101577,-0.007343,-0.040831,-0.6992,-3.3522,-1.0328,-0.1471,-0.1841,-0.1882
34.8424,-2.008911,-1.652330,2.002758,-1.994913,-1.689359,2.860487,-0.009788,-0.196241,0.125214,0.093197,-0.006475,-0.038057,-0.6178,-3.3338,-1.0313,-0.1398,-0.2045,-0.1795
34.8525,-2.009007,-1.654356,2.004019,-1.994022,-1.689447,2.860103,-0.008902,-0.208691,0.127878,0.085679,-0.007127,-0.036120,-0.6755,-3.2868,-1.1286,-0.1431,-0.1916,-0.1689
34.8624,-2.009086,-1.656542,2.005324,-1.993226,-1.689522,2.859736,-0.008077,-0.221437,0.131065,0.077881,-0.005892,-0.034064,-0.6108,-3.2007,-1.0945,-0.1345,-0.2071,-0.1548
34.8722,-2.009127,-1.658813,2.006656,-1.992515,-1.689547,2.859431,-0.005556,-0.239945,0.133419,0.070236,-0.005813,-0.030874,-0.6888,-3.1916,-0.9813,-0.1494,-0.2036,-0.1719
34.8824,-2.009202,-1.661236,2.008044,-1.991849,-1.689611,2.859115,-0.005311,-0.253920,0.139380,0.061197,-0.006021,-0.028867,-0.6119,-3.4214,-1.0909,-0.1300,-0.2054,-0.1633
34.8923,-2.009235,-1.663826,2.009454,-1.991270,-1.689658,2.858811,-0.004514,-0.269225,0.141876,0.056982,-0.004454,-0.027393,-0.6259,-3.3772,-0.9915,-0.1638,-0.2006,-0.1823
34.9023,-2.009283,-1.666512,2.010871,-1.990770,-1.689691,2.858585,-0.004045,-0.278336,0.146003,0.047465,-0.003624,-0.025330,-0.6392,-3.3778,-1.1460,-0.1626,-0.2179,-0.1788
34.9124,-2.009315,-1.669393,2.012340,-1.990377,-1.689746,2.858321,-0.003773,-0.290642,0.147184,0.038453,-0.004621,-0.025459,-0.5894,-3.3768,-1.1600,-0.1342,-0.2084,-0.1699
34.9224,-2.009358,-1.672367,2.013800,-1.989994,-1.689786,2.858046,-0.003248,-0.300082,0.146554,0.032531,-0.003858,-0.023655,-0.5511,-3.4161,-1.0384,-0.1321,-0.2052,-0.1657
34.9323,-2.009348,-1.675530,2.015239,-1.989706,-1.689771,2.857803,-0.001491,-0.313412,0.147486,0.027632,-0.002354,-0.024770,-0.7695,-3.3398,-1.0747,-0.1513,-0.1974,-0.1662
34.9425,-2.009410,-1.678762,2.016735,-1.989467,-1.689806,2.857578,-0.002739,-0.318305,0.146018,0.022739,-0.001269,-0.024216,-0.6398,-3.2373,-1.2158,-0.1282,-0.1814,-0.1706
34.9524,-2.009418,-1.682069,2.018187,-1.989271,-1.689826,2.857326,-0.002725,-0.324901,0.143934,0.018115,-0.000727,-0.023232,-0.6047,-3.2238,-1.0324,-0.1358,-0.1877,-0.1988
34.9624,-2.009446,-1.685408,2.019632,-1.989116,-1.689811,2.857061,-0.001233,-0.333889,0.142046,0.014049,-0.000436,-0.025780,-0.6545,-3.2013,-1.1910,-0.1274,-0.1697,-0.1788
34.9724,-2.009411,-1.688828,2.021048,-1.989015,-1.689833,2.856789,-0.000808,-0.357199,0.142459,0.009541,-0.000311,-0.028207,-0.6962,-3.2333,-1.1077,-0.1091,-0.1255,-0.1819
34.9823,-2.009435,-1.692381,2.022517,-1.988900,-1.689811,2.856496,-0.003356,-0.368641,0.144957,0.005901,-0.000201,-0.032504,-0.4427,-3.6461,-1.3106,-0.1535,-0.0802,-0.1761
34.9922,-2.009447,-1.696108,2.023990,-1.988895,-1.689826,2.856137,-0.001366,-0.383824,0.144161,0.001470,0.000075,-0.036659,-0.6079,-3.6247,-1.1323,-0.1746,-0.0320,-0.1896
35.0023,-2.009521,-1.699986,2.025434,-1.988907,-1.689802,2.855700,-0.002295,-0.399926,0.144667,0.000431,0.002039,-0.042487,-0.6011,-3.5526,-1.1063,-0.2251,-0.0002,-0.2068
35.0122,-2.009535,-1.704058,2.026895,-1.988923,-1.689779,2.855225,-0.003714,-0.411174,0.145507,0.000194,0.003864,-0.047518,-0.5871,-3.3519,-1.0396,-0.2587,0.0353,-0.2226
35.0224,-2.009559,-1.708281,2.028328,-1.988907,-1.689742,2.854668,-0.003471,-0.420462,0.143935,-0.000268,0.005449,-0.059278,-0.6306,-3.7321,-1.0495,-0.3398,0.0293,-0.2582
35.0323,-2.009568,-1.712732,2.029805,-1.988938,-1.689679,2.853941,-0.003336,-0.436305,0.147223,-0.002417,0.006252,-0.079676,-0.6779,-3.5908,-1.1524,-0.3474,0.0487,-0.2443
35.0424,-2.009607,-1.717196,2.031277,-1.988998,-1.689604,2.853029,-0.005312,-0.448497,0.146596,-0.004521,0.006324,-0.095252,-0.6137,-3.6894,-1.2012,-0.3776,0.0573,-0.2753
35.0525,-2.009659,-1.721826,2.032707,-1.989046,-1.689603,2.851972,-0.006483,-0.471011,0.146350,-0.005012,0.006212,-0.115274,-0.6427,-3.2488,-1.1575,-0.3709,0.0756,-0.2552
35.0623,-2.009715,-1.726495,2.034207,-1.989066,-1.689546,2.850677,-0.007730,-0.479657,0.148399,-0.005232,0.007104,-0.136730,-0.6432,-3.1396,-1.1168,-0.4004,0.0649,-0.2676
35.0723,-2.009834,-1.731307,2.035704,-1.989068,-1.689439,2.849149,-0.008258,-0.487704,0.151410,-0.002983,0.006361,-0.160210,-0.7459,-3.1465,-1.0730,-0.4275,0.0884,-0.2829
35.0826,-2.009902,-1.736208,2.037225,-1.989134,-1.689423,2.847481,-0.008471,-0.491319,0.153467,-0.003657,0.006641,-0.177075,-0.5738,-3.2633,-1.0622,-0.4060,0.0976,-0.3106
35.0922,-2.009954,-1.741211,2.038781,-1.989150,-1.689355,2.845631,-0.008127,-0.486138,0.154569,-0.001998,0.006537,-0.196421,-0.7342,-2.9050,-1.0148,-0.3826,0.1008,-0.2807
35.1022,-2.009991,-1.746129,2.040267,-1.989171,-1.689296,2.843630,-0.002927,-0.476544,0.152641,-0.000691,0.005803,-0.208020,-0.6148,-2.5495,-0.8737,-0.3501,0.1023,-0.2955
35.1124,-2.010011,-1.750851,2.041773,-1.989167,-1.689251,2.841517,-0.002873,-0.460346,0.152578,-0.000242,0.006221,-0.216100,-0.5968,-2.2728,-0.8463,-0.2385,0.1156,-0.2808
35.1223,-2.010014,-1.755306,2.043290,-1.989151,-1.689203,2.839317,-0.001497,-0.444515,0.153097,0.004053,0.005687,-0.222329,-0.6283,-2.1048,-1.0054,-0.1193,0.1186,-0.2554
35.1323,-2.009999,-1.759631,2.044846,-1.989036,-1.689147,2.837089,-0.000247,-0.427708,0.151960,0.013601,0.005362,-0.216443,-0.6869,-1.8635,-0.9165,-0.1048,0.1132,-0.2591
35.1423,-2.010042,-1.763708,2.046303,-1.988864,-1.689092,2.834898,-0.000961,-0.402243,0.146198,0.020029,0.004930,-0.212591,-0.6355,-1.9270,-0.9112,-0.0576,0.1060,-0.2228
35.1524,-2.010038,-1.767561,2.047741,-1.988601,-1.689059,2.832842,-0.000722,-0.377135,0.142492,0.031427,0.003849,-0.203287,-0.6735,-2.0404,-0.9664,-0.0761,0.1086,-0.2279
35.1624,-2.010038,-1.771287,2.049182,-1.988210,-1.688992,2.830841,-0.000401,-0.355862,0.138210,0.043314,0.004548,-0.190252,-0.4766,-2.0866,-1.1385,-0.0397,0.1017,-0.2137
35.1723,-2.010038,-1.774766,2.050567,-1.987609,-1.688975,2.828979,0.000123,-0.339254,0.133839,0.065409,0.004178,-0.178561,-0.3932,-2.2538,-1.1086,-0.0290,0.1115,-0.2052
35.1824,-2.010031,-1.778137,2.051841,-1.986897,-1.688923,2.827313,0.000166,-0.326717,0.125496,0.085970,0.003944,-0.162567,-0.2678,-2.2482,-1.1882,0.0231,0.1055,-0.2097
35.1926,-2.010026,-1.781335,2.053074,-1.985872,-1.688923,2.825724,0.001404,-0.313962,0.120311,0.115593,0.003754,-0.151668,-0.2884,-2.1122,-1.1823,-0.0127,0.1100,-0.1772
35.2028,-2.010018,-1.784397,2.054236,-1.984563,-1.688860,2.824299,0.000827,-0.305368,0.111278,0.143446,0.004281,-0.130962,-0.0507,-2.1602,-1.2548,-0.0038,0.0823,-0.1892
35.2123,-2.009987,-1.787291,2.055349,-1.982983,-1.688839,2.823129,0.001434,-0.293744,0.102940,0.171890,0.002932,-0.116495,-0.0244,-2.2197,-1.2741,-0.0195,0.1079,-0.1798
35.2223,-2.009966,-1.790122,2.056316,-1.981101,-1.688804,2.822040,0.003122,-0.285698,0.095278,0.200137,0.003909,-0.103489,0.0622,-2.5844,-1.4241,-0.0047,0.0923,-0.1379
35.2325,-2.009954,-1.792942,2.057195,-1.978850,-1.688783,2.821067,0.003742,-0.286522,0.084525,0.231957,0.002365,-0.088825,0.1761,-2.7193,-1.6441,-0.0270,0.0940,-0.1226
35.2424,-2.009927,-1.795779,2.057966,-1.976329,-1.688755,2.820338,0.002970,-0.283033,0.074987,0.256231,0.002410,-0.068729,0.2962,-2.8451,-1.5208,-0.0331,0.1178,-0.1611
35.2523,-2.009895,-1.798660,2.058637,-1.973613,-1.688747,2.819730,0.003000,-0.287328,0.063391,0.281198,0.001505,-0.060351,0.4703,-2.6489,-1.5016,-0.0141,0.0939,-0.1724
35.2622,-2.009858,-1.801598,2.059236,-1.970689,-1.688720,2.819225,0.005188,-0.294010,0.051939,0.302618,0.002394,-0.049998,0.4264,-2.5894,-1.5275,-0.0014,0.0952,-0.1638
35.2722,-2.009811,-1.804644,2.059664,-1.967463,-1.688742,2.818784,0.006831,-0.308819,0.039254,0.330021,0.001566,-0.038726,0.4429,-2.9069,-1.4441,0.0142,0.1155,-0.1579
35.2824,-2.009739,-1.807812,2.060031,-1.964014,-1.688700,2.818357,0.005661,-0.311619,0.032654,0.348978,0.001854,-0.032269,0.4640,-2.8816,-1.7081,-0.0056,0.1155,-0.1110
35.2957,-2.009686,-1.810997,2.060276,-1.960464,-1.688671,2.818175,0.006845,-0.315486,0.022852,0.359764,0.002326,-0.019699,0.4567,-2.6254,-1.5448,-0.0304,0.1028,-0.1472
35.3104,-2.009603,-1.814113,2.060487,-1.956889,-1.688667,2.818064,0.006268,-0.312198,0.015107,0.363872,0.001288,-0.013690,0.4623,-2.3481,-1.5330,-0.0256,0.1014,-0.1582
35.3197,-2.009574,-1.817172,2.060587,-1.953307,-1.688663,2.817891,0.006295,-0.303372,0.007508,0.360449,0.000716,-0.008098,0.4503,-2.0898,-1.6388,-0.0522,0.1037,-0.0712
35.3254,-2.009475,-1.820170,2.060580,-1.949752,-1.688659,2.817899,0.006842,-0.295881,-0.001059,0.353276,0.000602,-0.001245,0.4808,-2.3859,-1.9660,-0.0900,0.1123,-0.0646
35.3380,-2.009430,-1.823097,2.060540,-1.946278,-1.688670,2.817895,0.008380,-0.296824,-0.008570,0.341305,0.001171,-0.000000,0.5575,-2.5487,-2.3112,-0.0538,0.1059,0.0190
35.3495,-2.009334,-1.826050,2.060424,-1.942895,-1.688605,2.817927,0.008744,-0.297650,-0.013743,0.335858,0.000688,0.003180,0.4898,-2.3240,-2.5676,-0.0557,0.1119,0.0607
35.3589,-2.009259,-1.828989,2.060284,-1.939540,-1.688631,2.817976,0.008677,-0.294085,-0.017259,0.330448,0.001097,0.006965,0.6112,-2.4984,-2.6676,-0.0689,0.0981,0.0639
35.3655,-2.009156,-1.831985,2.060067,-1.936272,-1.688643,2.818039,0.010002,-0.300514,-0.019369,0.330829,0.000604,0.007579,0.5709,-2.5592,-2.6166,-0.0830,0.1102,0.0993
35.3758,-2.009076,-1.835118,2.059918,-1.932918,-1.688628,2.818166,0.013732,-0.325646,-0.020757,0.336490,0.000983,0.010356,0.7369,-3.1609,-2.9029,-0.0073,0.0970,0.0808
35.3889,-2.008928,-1.838493,2.059675,-1.929443,-1.688655,2.818211,0.011512,-0.343634,-0.019435,0.351383,0.000913,0.009088,0.7986,-3.0890,-2.8993,-0.0221,0.0989,0.0922
35.3966,-2.008824,-1.842035,2.059479,-1.925903,-1.688635,2.818286,0.012281,-0.366793,-0.021660,0.362002,0.000694,0.011142,0.7382,-3.5400,-2.9098,-0.0077,0.1058,0.1038
35.4090,-2.008704,-1.845868,2.059287,-1.922255,-1.688600,2.818362,0.012459,-0.388904,-0.022527,0.377372,0.000613,0.010001,0.6672,-3.0682,-2.8560,0.0221,0.1042,0.1078
35.4186,-2.008584,-1.849777,2.059040,-1.918460,-1.688623,2.818435,0.011692,-0.403518,-0.022381,0.386677,0.000583,0.010142,0.7008,-2.9443,-2.7240,-0.0474,0.0905,0.1058
35.4248,-2.008461,-1.853819,2.058800,-1.914580,-1.688591,2.818500,0.011983,-0.413316,-0.022295,0.386249,0.000658,0.009422,0.8384,-3.2097,-2.8204,0.0028,0.0991,0.1138
35.4397,-2.008360,-1.858068,2.058624,-1.910625,-1.688564,2.818572,0.010920,-0.430666,-0.020903,0.392971,0.002361,0.009296,0.6303,-2.8363,-2.8965,-0.0560,0.0960,0.0990
35.4445,-2.008248,-1.862428,2.058385,-1.906678,-1.688500,2.818619,0.009092,-0.430333,-0.021214,0.392119,0.003896,0.008460,0.6149,-2.8627,-2.8482,-0.0420,0.0952,0.1242
35.4564,-2.008177,-1.866864,2.058150,-1.902723,-1.688457,2.818727,0.007889,-0.430234,-0.020980,0.388709,0.004852,0.008034,0.6558,-2.6654,-2.8276,-0.0320,0.0981,0.1019
35.4663,-2.008108,-1.871230,2.057957,-1.898912,-1.688460,2.818771,0.008219,-0.427948,-0.021607,0.380269,0.005962,0.007075,0.6850,-2.1727,-2.7778,-0.0295,0.1204,0.1269
35.4742,-2.008036,-1.875449,2.057750,-1.895217,-1.688408,2.818800,0.007251,-0.412919,-0.021998,0.368907,0.007340,0.005829,0.5693,-2.0301,-2.8443,-0.0276,0.1366,0.1104
35.4854,-2.007940,-1.879490,2.057517,-1.891685,-1.688336,2.818895,0.008100,-0.396771,-0.023829,0.354022,0.010121,0.005434,0.5418,-1.6167,-2.6358,-0.0232,0.1561,0.1151
35.4941,-2.007856,-1.883278,2.057224,-1.888301,-1.688228,2.818920,0.009234,-0.377448,-0.024058,0.337771,0.012636,0.005020,0.5546,-1.4541,-2.6033,-0.0397,0.1273,0.1016
35.5057,-2.007757,-1.886885,2.057004,-1.884982,-1.688084,2.818941,0.010523,-0.354573,-0.023217,0.319858,0.011786,0.004386,0.5611,-1.2377,-2.6088,-0.0529,0.1313,0.1174
35.5138,-2.007649,-1.890210,2.056795,-1.881836,-1.687992,2.818980,0.011060,-0.327012,-0.021991,0.303499,0.012315,0.003137,0.5880,-1.2809,-2.6373,-0.1208,0.1495,0.1124
35.5237,-2.007538,-1.893338,2.056600,-1.878943,-1.687868,2.819023,0.012044,-0.298567,-0.020818,0.278436,0.014173,0.002934,0.6272,-1.2775,-2.7094,-0.0538,0.1714,0.1200
35.5345,-2.007409,-1.896186,2.056385,-1.876185,-1.687681,2.819056,0.013981,-0.271090,-0.019428,0.267134,0.016459,0.004469,0.7135,-1.1556,-2.6064,-0.0817,0.1750,0.1149
35.5447,-2.007281,-1.898772,2.056209,-1.873590,-1.687529,2.819111,0.015218,-0.241444,-0.017114,0.252425,0.018279,0.005639,0.7260,-1.1113,-2.6410,-0.0778,0.1754,0.1272
35.5530,-2.007129,-1.901085,2.056044,-1.871174,-1.687369,2.819155,0.017624,-0.213173,-0.015591,0.237150,0.020621,0.006395,0.6903,-0.9799,-2.6554,-0.0507,0.1736,0.1281
35.5632,-2.006906,-1.903086,2.055873,-1.868843,-1.687086,2.819219,0.019559,-0.185754,-0.014390,0.222422,0.023325,0.006627,0.6877,-0.8777,-2.5417,-0.0754,0.1819,0.1252
35.5731,-2.006698,-1.904750,2.055729,-1.866743,-1.686862,2.819291,0.022235,-0.159090,-0.011863,0.208485,0.024540,0.006844,0.6595,-1.0016,-2.5596,-0.0726,0.1918,0.1406
35.5836,-2.006443,-1.906142,2.055662,-1.864756,-1.686575,2.819340,0.023060,-0.132767,-0.007665,0.193147,0.027253,0.009007,0.7507,-0.8236,-2.4994,-0.0858,0.1625,0.1489
35.5933,-2.006234,-1.907304,2.055617,-1.862976,-1.686330,2.819409,0.024682,-0.106729,-0.002634,0.176714,0.027010,0.011201,0.7333,-1.0681,-2.3794,-0.0892,0.1842,0.1544
35.6030,-2.006007,-1.908266,2.055641,-1.861305,-1.686059,2.819564,0.026737,-0.083801,0.000722,0.162131,0.027231,0.012296,0.7630,-1.2101,-2.2009,-0.0714,0.1752,0.1534
35.6129,-2.005699,-1.908950,2.055692,-1.859753,-1.685822,2.819672,0.029173,-0.063875,0.005867,0.147755,0.027950,0.013349,0.6856,-1.2167,-1.8736,-0.1219,0.1780,0.1699
35.6244,-2.005400,-1.909529,2.055729,-1.858444,-1.685515,2.819792,0.029909,-0.048503,0.010159,0.130324,0.028011,0.014995,0.7690,-1.0703,-1.5880,-0.1005,0.1632,0.1567
35.6330,-2.005092,-1.909890,2.055899,-1.857226,-1.685231,2.819960,0.031572,-0.032870,0.017832,0.115500,0.026627,0.018865,0.8373,-1.0153,-1.4648,-0.1084,0.1941,0.1759
35.6428,-2.004749,-1.910134,2.056092,-1.856129,-1.684939,2.820168,0.033280,-0.019400,0.021361,0.101982,0.028431,0.021967,0.6845,-0.8976,-1.4277,-0.1357,0.1449,0.1778
35.6532,-2.004417,-1.910238,2.056327,-1.855194,-1.684645,2.820389,0.034397,-0.003468,0.025256,0.085123,0.028157,0.024126,0.7613,-0.6633,-1.3640,-0.1538,0.1582,0.1837
35.6628,-2.004061,-1.910144,2.056587,-1.854393,-1.684372,2.820683,0.035456,0.011059,0.028734,0.070825,0.026797,0.026958,0.6934,-0.1865,-1.2233,-0.1495,0.1604,0.1911
35.6727,-2.003717,-1.909979,2.056922,-1.853784,-1.684140,2.820921,0.035946,0.020635,0.035402,0.060593,0.026550,0.030617,0.6911,-0.1537,-1.2268,-0.1508,0.1759,0.1877
35.6825,-2.003381,-1.909755,2.057305,-1.853197,-1.683860,2.821252,0.035913,0.023921,0.043727,0.050743,0.025898,0.033534,0.6525,-0.0459,-1.1549,-0.1787,0.1556,0.1932
35.6929,-2.003018,-1.909476,2.057788,-1.852777,-1.683596,2.821581,0.036012,0.028571,0.052894,0.037135,0.025247,0.036759,0.6813,-0.1284,-1.2239,-0.1780,0.1777,0.2001
35.7025,-2.002658,-1.909192,2.058361,-1.852492,-1.683341,2.822003,0.033722,0.031836,0.060290,0.026555,0.024368,0.039214,0.7487,-0.0674,-1.0883,-0.1539,0.1709,0.2082
35.7126,-2.002303,-1.908861,2.059036,-1.852265,-1.683105,2.822397,0.033187,0.032195,0.071007,0.016758,0.023418,0.044084,0.6699,-0.0386,-1.1660,-0.1555,0.1832,0.2120
35.7227,-2.001959,-1.908554,2.059821,-1.852168,-1.682892,2.822872,0.032883,0.033195,0.080979,0.008158,0.022595,0.047705,0.5752,-0.0137,-1.0102,-0.1780,0.1575,0.2095
35.7326,-2.001647,-1.908187,2.060661,-1.852128,-1.682668,2.823360,0.031567,0.032660,0.089258,-0.000282,0.022518,0.050728,0.6180,-0.0938,-0.7844,-0.3234,0.1677,0.2027
35.7429,-2.001324,-1.907876,2.061626,-1.852238,-1.682437,2.823889,0.029863,0.032572,0.099370,-0.009232,0.021502,0.054014,0.6473,-0.0983,-0.6191,-0.4094,0.1534,0.1982
35.7526,-2.001040,-1.907524,2.062715,-1.852348,-1.682217,2.824429,0.029479,0.031792,0.111945,-0.016117,0.021214,0.058429,0.5679,-0.2056,-0.9072,-0.4131,0.1618,0.1728
35.7627,-2.000724,-1.907236,2.063889,-1.852471,-1.681967,2.824991,0.028731,0.028943,0.118951,-0.014574,0.020595,0.059104,0.6525,-0.2709,-0.9428,-0.4601,0.1533,0.2033
35.7725,-2.000440,-1.906910,2.065142,-1.852631,-1.681837,2.825602,0.030950,0.026909,0.126750,-0.015814,0.019501,0.058599,0.7714,-0.3659,-1.0027,-0.4748,0.1710,0.2061
35.7827,-2.000085,-1.906685,2.066380,-1.852778,-1.681618,2.826207,0.033379,0.022668,0.128405,-0.017694,0.019334,0.060906,0.8637,-0.4406,-1.1340,-0.5089,0.1616,0.2049
35.7926,-1.999765,-1.906512,2.067650,-1.852943,-1.681434,2.826815,0.037614,0.018532,0.128385,-0.020111,0.018750,0.060453,0.9410,-0.4482,-1.3644,-0.5318,0.1444,0.1752
35.8026,-1.999315,-1.906364,2.068903,-1.853147,-1.681289,2.827419,0.043866,0.014224,0.122135,-0.020752,0.018081,0.060508,0.9356,-0.4226,-1.2615,-0.5287,0.1386,0.1949
35.8125,-1.998866,-1.906236,2.070117,-1.853311,-1.681074,2.828039,0.052119,0.010825,0.117679,-0.019274,0.016288,0.059438,0.9253,-0.4538,-1.3414,-0.5502,0.1637,0.1712
35.8226,-1.998283,-1.906184,2.071215,-1.853506,-1.680973,2.828617,0.059332,0.004301,0.107051,-0.018705,0.015328,0.060581,1.0305,-0.6176,-1.4766,-0.5323,0.1781,0.1676
35.8324,-1.997620,-1.906165,2.072219,-1.853690,-1.680806,2.829232,0.070226,0.000000,0.095795,-0.016380,0.013636,0.056122,1.1365,-0.8266,-1.4753,-0.5515,0.1825,0.1741
35.8425,-1.996853,-1.906196,2.073073,-1.853834,-1.680662,2.829726,0.080722,-0.003165,0.082956,-0.014776,0.012221,0.053069,1.2537,-0.9999,-1.6230,-0.5437,0.1730,0.1859
35.8525,-1.995935,-1.906201,2.073867,-1.853971,-1.680542,2.830258,0.091510,-0.005912,0.069919,-0.013744,0.010754,0.051028,1.1902,-1.2050,-1.6499,-0.5328,0.1602,0.1663
35.8624,-1.994943,-1.906312,2.074455,-1.854090,-1.680431,2.830798,0.104036,-0.009618,0.053187,-0.011609,0.008047,0.047158,1.1822,-1.3727,-1.6948,-0.5355,0.1456,0.1502
35.8725,-1.993790,-1.906423,2.074906,-1.854174,-1.680367,2.831241,0.119307,-0.014926,0.037719,-0.005777,0.005288,0.043881,1.3775,-1.5018,-1.7491,-0.5318,0.1487,0.1696
35.8826,-1.992501,-1.906591,2.075202,-1.854207,-1.680358,2.831639,0.131939,-0.014943,0.022694,-0.001653,0.002584,0.040879,1.4817,-1.6297,-1.8329,-0.5175,0.1450,0.1506
35.8925,-1.991116,-1.906732,2.075298,-1.854223,-1.680346,2.832035,0.143445,-0.017198,0.007414,-0.000811,0.001877,0.037609,1.4443,-1.5048,-2.1768,-0.4786,0.1369,0.1528
35.9024,-1.989602,-1.906919,2.075251,-1.854183,-1.680330,2.832411,0.154351,-0.018778,-0.015755,-0.000045,0.000954,0.034128,1.2985,-1.6419,-2.9536,-0.4287,0.1517,0.1543
35.9127,-1.988008,-1.907091,2.074992,-1.854194,-1.680330,2.832685,0.161419,-0.020065,-0.029925,0.001412,0.000638,0.030921,1.3107,-1.5914,-2.9391,-0.3573,0.1327,0.1559
35.9226,-1.986346,-1.907322,2.074617,-1.854194,-1.680322,2.832999,0.169165,-0.021784,-0.044208,0.004159,0.000374,0.027473,1.3286,-1.5869,-3.2279,-0.3041,0.1112,0.1638
35.9326,-1.984668,-1.907578,2.074118,-1.854099,-1.680318,2.833272,0.171699,-0.024329,-0.060241,0.011187,0.000264,0.023813,1.3542,-1.5285,-3.5565,-0.2755,0.0884,0.1556
35.9423,-1.982938,-1.907789,2.073365,-1.853951,-1.680283,2.833469,0.172898,-0.023694,-0.078613,0.012028,0.000163,0.020143,1.3265,-1.5251,-3.5219,-0.2851,0.0640,0.1452
35.9524,-1.981236,-1.908057,2.072467,-1.853860,-1.680291,2.833664,0.174442,-0.024274,-0.099288,0.013720,0.000100,0.016731,1.1618,-1.5595,-3.6455,-0.2368,0.0276,0.1694
35.9624,-1.979524,-1.908269,2.071330,-1.853696,-1.680306,2.833817,0.170433,-0.024128,-0.120359,0.018232,-0.000133,0.015321,1.1179,-1.5152,-3.5523,-0.2340,-0.0164,0.1511
35.9723,-1.977862,-1.908505,2.069986,-1.853523,-1.680322,2.833954,0.165271,-0.024534,-0.146445,0.019053,-0.001311,0.012371,1.0539,-1.5159,-3.5823,-0.2243,-0.0265,0.1560
35.9832,-1.976268,-1.908736,2.068422,-1.853343,-1.680326,2.834057,0.160765,-0.021679,-0.164963,0.022856,-0.002004,0.009971,1.0066,-1.5916,-3.6391,-0.2202,-0.0372,0.1509
35.9924,-1.974725,-1.908972,2.066673,-1.853123,-1.680358,2.834122,0.149865,-0.022061,-0.183131,0.025097,-0.003400,0.006996,0.8661,-1.4832,-3.4954,-0.1907,-0.0666,0.1387
36.0024,-1.973286,-1.909215,2.064773,-1.852844,-1.680382,2.834233,0.140262,-0.022890,-0.197074,0.027603,-0.003733,0.004021,0.7309,-1.4916,-3.3985,-0.2024,-0.0790,0.1532
36.0124,-1.971956,-1.909423,2.062777,-1.852587,-1.680430,2.834249,0.127799,-0.021266,-0.206832,0.028226,-0.004647,0.003126,0.7366,-1.3399,-3.3218,-0.1767,-0.0858,0.1578
36.0223,-1.970724,-1.909639,2.060642,-1.852313,-1.680435,2.834273,0.117807,-0.018237,-0.212153,0.028538,-0.003981,0.002302,0.6275,-1.3390,-3.1941,-0.1498,-0.0941,0.1403
36.0323,-1.969648,-1.909806,2.058477,-1.852017,-1.680478,2.834254,0.104030,-0.015416,-0.214145,0.030137,-0.003958,0.000981,0.6895,-1.2725,-3.0603,-0.1450,-0.0849,0.1502
36.0424,-1.968653,-1.909911,2.056352,-1.851713,-1.680506,2.834262,0.092381,-0.012765,-0.209476,0.030602,-0.002995,0.000589,0.6023,-1.3354,-3.1149,-0.1256,-0.1052,0.1276
36.0525,-1.967797,-1.910051,2.054279,-1.851441,-1.680530,2.834332,0.078043,-0.010473,-0.205058,0.029837,-0.003642,0.000356,0.6648,-1.2532,-2.9828,-0.1271,-0.0862,0.0857
36.0623,-1.967062,-1.910081,2.052255,-1.851117,-1.680551,2.834289,0.066861,-0.004858,-0.197691,0.028502,-0.003117,0.000204,0.5012,-1.1372,-2.8077,-0.1288,-0.1061,0.0575
36.0725,-1.966458,-1.910162,2.050330,-1.850853,-1.680602,2.834285,0.056581,0.000141,-0.187115,0.026967,-0.003438,-0.001081,0.5089,-0.9517,-2.8050,-0.1251,-0.0894,-0.0037
36.0824,-1.965942,-1.910103,2.048528,-1.850601,-1.680595,2.834270,0.047080,0.001426,-0.174696,0.027322,-0.002991,-0.001635,0.5109,-0.6331,-2.7956,-0.1215,-0.0968,-0.0372
36.0923,-1.965526,-1.910086,2.046880,-1.850337,-1.680654,2.834222,0.037281,0.004406,-0.160797,0.026471,-0.003261,-0.003556,0.5608,-0.4464,-2.7981,-0.1129,-0.0946,-0.0570
36.1023,-1.965183,-1.910007,2.045373,-1.850058,-1.680678,2.834201,0.029677,0.008244,-0.146222,0.024897,-0.003470,-0.005550,0.5537,-0.4344,-2.6939,-0.1364,-0.1108,-0.0599
36.1123,-1.964946,-1.909943,2.043968,-1.849846,-1.680698,2.834137,0.022838,0.009859,-0.131612,0.022140,-0.003607,-0.007051,0.5224,-0.3163,-2.6926,-0.1325,-0.0972,-0.0671
36.1224,-1.964739,-1.909838,2.042761,-1.849638,-1.680800,2.834034,0.015942,0.011720,-0.116681,0.020235,-0.004615,-0.007180,0.5673,-0.2170,-2.7560,-0.1091,-0.1081,-0.0973
36.1323,-1.964626,-1.909687,2.041668,-1.849391,-1.680754,2.834002,0.011512,0.012017,-0.102023,0.019807,-0.004641,-0.007348,0.4330,-0.1912,-2.7162,-0.1434,-0.1201,-0.1293
36.1425,-1.964511,-1.909564,2.040718,-1.849277,-1.680822,2.833958,0.004788,0.012645,-0.089717,0.016272,-0.005123,-0.008577,0.2970,-0.3023,-2.6480,-0.1330,-0.1164,-0.1030
36.1524,-1.964499,-1.909416,2.039926,-1.849090,-1.680854,2.833870,-0.000133,0.013409,-0.076161,0.015123,-0.005836,-0.007788,0.1875,-0.2381,-2.6904,-0.1318,-0.1328,-0.1223
36.1625,-1.964554,-1.909285,2.039263,-1.848958,-1.680938,2.833794,-0.003846,0.014396,-0.062429,0.013590,-0.006279,-0.007669,0.0116,-0.2306,-2.6920,-0.1440,-0.1080,-0.1147
36.1723,-1.964590,-1.909156,2.038704,-1.848845,-1.680950,2.833726,-0.005462,0.014484,-0.052306,0.012255,-0.004666,-0.008175,-0.2009,-0.2146,-2.5639,-0.1413,-0.1206,-0.1201
36.1825,-1.964662,-1.909016,2.038209,-1.848697,-1.681030,2.833682,-0.007055,0.015162,-0.042024,0.011898,-0.004421,-0.007893,-0.2211,-0.1828,-2.5401,-0.1574,-0.1226,-0.1246
36.1924,-1.964730,-1.908853,2.037850,-1.848617,-1.681077,2.833614,-0.007873,0.015273,-0.032708,0.009788,-0.004422,-0.007610,-0.3028,-0.2058,-2.5899,-0.1533,-0.1349,-0.1153
36.2025,-1.964822,-1.908725,2.037551,-1.848561,-1.681082,2.833578,-0.008237,0.017293,-0.024349,0.006276,-0.004250,-0.007216,-0.4679,-0.1336,-2.5898,-0.1503,-0.1488,-0.1319
36.2123,-1.964890,-1.908538,2.037409,-1.848482,-1.681137,2.833565,-0.008327,0.018325,-0.017635,0.005553,-0.005455,-0.007014,-0.3852,-0.0740,-2.5895,-0.1519,-0.1305,-0.1356
36.2223,-1.964955,-1.908331,2.037278,-1.848453,-1.681170,2.833494,-0.007572,0.020023,-0.011704,0.004946,-0.005113,-0.007712,-0.4537,-0.1080,-2.5300,-0.1559,-0.1406,-0.1439
36.2323,-1.965027,-1.908127,2.037182,-1.848413,-1.681221,2.833473,-0.007857,0.022829,-0.003924,0.003634,-0.004052,-0.007081,-0.4937,-0.0016,-2.4202,-0.1433,-0.1493,-0.1302
36.2422,-1.965118,-1.907919,2.037197,-1.848393,-1.681245,2.833413,-0.006496,0.024210,-0.000001,0.003450,-0.003872,-0.007264,-0.4410,-0.0276,-2.1637,-0.1231,-0.1339,-0.1285
36.2524,-1.965178,-1.907658,2.037241,-1.848282,-1.681281,2.833393,-0.005410,0.026695,0.004665,0.004805,-0.003487,-0.006538,-0.5030,-0.1552,-1.9493,-0.1661,-0.1354,-0.1233
36.2624,-1.965195,-1.907383,2.037301,-1.848269,-1.681293,2.833302,-0.004425,0.028630,0.006863,0.002568,-0.002004,-0.006553,-0.5548,-0.0915,-1.7688,-0.1615,-0.1294,-0.1227
36.2725,-1.965246,-1.907071,2.037350,-1.848292,-1.681301,2.833281,-0.003157,0.030968,0.008388,0.002741,-0.001352,-0.006178,-0.5326,-0.0452,-1.6911,-0.1727,-0.1349,-0.1182
36.2824,-1.965282,-1.906741,2.037445,-1.848230,-1.681317,2.833237,-0.002856,0.033377,0.009292,0.002019,-0.001380,-0.005276,-0.5521,-0.1000,-1.6087,-0.1563,-0.1494,-0.1365
36.2922,-1.965298,-1.906390,2.037510,-1.848229,-1.681317,2.833189,-0.001805,0.035569,0.009683,0.001297,-0.001472,-0.003719,-0.4570,-0.1168,-1.5716,-0.1737,-0.1520,-0.1346
36.3024,-1.965313,-1.906057,2.037641,-1.848209,-1.681318,2.833158,-0.001157,0.035073,0.010525,0.000741,-0.001581,-0.003647,-0.4863,-0.0281,-1.5315,-0.2056,-0.1389,-0.1402
36.3123,-1.965309,-1.905698,2.037705,-1.848232,-1.681341,2.833125,-0.000786,0.036382,0.008851,0.000467,-0.001202,-0.003568,-0.4511,-0.1916,-1.5693,-0.2035,-0.1524,-0.1385
36.3224,-1.965325,-1.905331,2.037808,-1.848209,-1.681349,2.833089,-0.000531,0.035591,0.007903,0.000340,-0.002638,-0.003145,-0.3963,-0.1566,-1.5636,-0.2427,-0.1615,-0.1357
36.3323,-1.965321,-1.904944,2.037899,-1.848213,-1.681389,2.833093,-0.000373,0.036246,0.004312,0.000086,-0.003101,-0.002693,-0.4217,-0.2316,-1.6289,-0.3029,-0.1431,-0.1350
36.3424,-1.965309,-1.904560,2.037892,-1.848225,-1.681385,2.833076,-0.000288,0.036106,0.001502,0.000000,-0.002416,-0.002362,-0.3399,-0.2396,-1.6973,-0.3627,-0.1594,-0.1325
36.3522,-1.965321,-1.904213,2.037848,-1.848221,-1.681464,2.833030,-0.000234,0.034409,0.000005,-0.002104,-0.003677,-0.002605,-0.3964,-0.1639,-1.9680,-0.3821,-0.1361,-0.1128
36.3625,-1.965306,-1.903905,2.037821,-1.848261,-1.681411,2.833013,-0.000198,0.032954,-0.004176,-0.003110,-0.001895,-0.001993,-0.4046,-0.2264,-2.2682,-0.4096,-0.1700,-0.1227
36.3724,-1.965306,-1.903551,2.037764,-1.848297,-1.681481,2.833033,-0.000171,0.032210,-0.011146,-0.004474,-0.003209,-0.001614,-0.3626,-0.2080,-2.7262,-0.4393,-0.1687,-0.1267
36.3824,-1.965321,-1.903270,2.037637,-1.848309,-1.681505,2.833009,-0.000150,0.031842,-0.018119,-0.006494,-0.002588,-0.001195,-0.3695,-0.2046,-2.9309,-0.4657,-0.1754,-0.1196
36.3923,-1.965321,-1.902930,2.037398,-1.848381,-1.681517,2.832978,-0.000134,0.031190,-0.024447,-0.006963,-0.003331,-0.000721,-0.3231,-0.2126,-2.9533,-0.4523,-0.1583,-0.1265
36.4022,-1.965309,-1.902612,2.037103,-1.848441,-1.681581,2.832997,-0.000121,0.030155,-0.032841,-0.005397,-0.002980,-0.000683,-0.3708,-0.1857,-3.0457,-0.4700,-0.1605,-0.1140
36.4123,-1.965302,-1.902323,2.036775,-1.848489,-1.681593,2.833004,-0.000111,0.030755,-0.039336,-0.004575,-0.002669,-0.000649,-0.3526,-0.2296,-3.2142,-0.4959,-0.1303,-0.1206
36.4224,-1.965337,-1.902043,2.036336,-1.848493,-1.681594,2.832958,-0.000102,0.027836,-0.050007,-0.004376,-0.001256,-0.000570,-0.3991,-0.2845,-3.2963,-0.5159,-0.1414,-0.1152
36.4323,-1.965325,-1.901764,2.035762,-1.848545,-1.681617,2.832969,-0.000108,0.027090,-0.060399,-0.003644,-0.000836,-0.000479,-0.4089,-0.3355,-3.2047,-0.5062,-0.1385,-0.1279
36.4424,-1.965337,-1.901469,2.035123,-1.848585,-1.681632,2.832941,-0.000067,0.025021,-0.068521,-0.003410,-0.000565,-0.000567,-0.4525,-0.3313,-3.4693,-0.5162,-0.1347,-0.1283
36.4524,-1.965318,-1.901229,2.034333,-1.848565,-1.681629,2.832949,-0.000074,0.023503,-0.080115,-0.002292,-0.000393,-0.000511,-0.4610,-0.3425,-3.3119,-0.4923,-0.1357,-0.1339
36.4623,-1.965333,-1.900974,2.033433,-1.848590,-1.681629,2.832949,-0.000495,0.021394,-0.091326,-0.001018,-0.000299,-0.000524,-0.4018,-0.3490,-3.3116,-0.4885,-0.1119,-0.1282
36.4723,-1.965333,-1.900774,2.032467,-1.848581,-1.681582,2.832933,-0.000582,0.019648,-0.108380,-0.000477,-0.000242,-0.000556,-0.4328,-0.3140,-3.1927,-0.4344,-0.0873,-0.1374
36.4824,-1.965333,-1.900598,2.031337,-1.848612,-1.681601,2.832937,-0.000605,0.018397,-0.118223,0.002693,-0.000074,-0.000568,-0.4904,-0.4122,-3.5161,-0.3120,-0.0707,-0.1209
36.4924,-1.965361,-1.900449,2.030033,-1.848517,-1.681601,2.832945,-0.000971,0.016378,-0.133055,0.012025,-0.000031,-0.000504,-0.4352,-0.3083,-3.2959,-0.2461,-0.0379,-0.1323
36.5026,-1.965373,-1.900251,2.028652,-1.848370,-1.681551,2.832905,-0.001074,0.015455,-0.142450,0.018001,-0.000000,-0.000435,-0.5174,-0.4492,-3.3506,-0.1597,-0.0290,-0.1368
36.5124,-1.965373,-1.900134,2.027148,-1.848150,-1.681585,2.832928,-0.001091,0.013107,-0.154985,0.031388,-0.000000,-0.000411,-0.5676,-0.3380,-3.3178,-0.1360,-0.0030,-0.1130
36.5231,-1.965370,-1.900002,2.025532,-1.847755,-1.681585,2.832937,-0.001204,0.012966,-0.164864,0.047402,0.000446,-0.000384,-0.5018,-0.4229,-3.3641,-0.1140,-0.0045,-0.1152
36.5323,-1.965393,-1.899894,2.023780,-1.847120,-1.681589,2.832912,-0.001258,0.006860,-0.174899,0.070808,0.000513,-0.000378,-0.5336,-0.4096,-3.3547,-0.0641,0.0233,-0.1126
36.5423,-1.965421,-1.899857,2.021965,-1.846266,-1.681589,2.832909,-0.001913,0.003481,-0.180580,0.093635,0.000690,-0.000404,-0.4729,-0.5371,-3.3814,-0.0828,0.0395,-0.1146
36.5524,-1.965441,-1.899831,2.020117,-1.845198,-1.681558,2.832928,-0.001764,0.000375,-0.185061,0.116749,0.000967,-0.000418,-0.4866,-0.6865,-3.3857,-0.0414,0.0497,-0.1275
36.5623,-1.965417,-1.899866,2.018202,-1.843856,-1.681573,2.832916,-0.000001,-0.003368,-0.189696,0.144303,0.001122,-0.000453,-0.3017,-0.8310,-3.3028,-0.0200,0.0719,-0.1175
36.5723,-1.965425,-1.899906,2.016277,-1.842199,-1.681553,2.832932,-0.000000,-0.009130,-0.193863,0.184196,0.001769,-0.000378,-0.3283,-1.1482,-3.2037,0.0432,0.0608,-0.1199
36.5823,-1.965425,-1.900037,2.014326,-1.840154,-1.681510,2.832909,-0.000000,-0.012969,-0.194772,0.221335,0.001854,-0.000349,-0.3336,-1.4505,-2.9229,0.0990,0.0763,-0.1325
36.5924,-1.965441,-1.900209,2.012422,-1.837678,-1.681501,2.832916,-0.000000,-0.017456,-0.190324,0.257175,0.003963,-0.000303,-0.3558,-1.4231,-3.0082,0.0740,0.0559,-0.1373
36.6023,-1.965441,-1.900377,2.010542,-1.834880,-1.681488,2.832904,-0.000000,-0.021439,-0.183924,0.292920,0.003832,-0.000314,-0.3168,-1.5438,-2.9646,0.0452,0.0526,-0.1206
36.6123,-1.965441,-1.900655,2.008743,-1.831791,-1.681449,2.832897,0.000000,-0.025793,-0.176427,0.322864,0.002548,-0.000285,-0.2617,-1.6034,-2.8187,0.0714,0.0483,-0.1418
36.6225,-1.965437,-1.900928,2.007061,-1.828437,-1.681422,2.832889,0.000000,-0.033205,-0.161773,0.353109,0.002946,-0.000302,-0.0523,-1.8094,-2.6971,0.0901,0.0626,-0.1313
36.6323,-1.965405,-1.901350,2.005549,-1.824755,-1.681362,2.832901,0.002832,-0.045907,-0.143938,0.379269,0.002781,-0.000279,0.2489,-1.7726,-2.5477,0.1162,0.0627,-0.1166
36.6424,-1.965341,-1.901866,2.004231,-1.820724,-1.681373,2.832904,0.007470,-0.056464,-0.122983,0.401282,0.002563,-0.000250,0.5303,-2.0612,-2.5647,0.0716,0.0774,-0.1198
36.6524,-1.965222,-1.902578,2.003156,-1.816612,-1.681358,2.832873,0.013579,-0.071995,-0.102769,0.414922,0.003610,-0.000269,0.6286,-2.0442,-2.4404,0.0620,0.0789,-0.1216
36.6624,-1.965047,-1.903397,2.002313,-1.812414,-1.681294,2.832889,0.020081,-0.091845,-0.078224,0.422026,0.003588,-0.000257,0.7621,-2.1343,-2.5452,0.0668,0.0739,-0.1280
36.6725,-1.964794,-1.904479,2.001702,-1.808150,-1.681298,2.832873,0.031113,-0.121448,-0.050430,0.428291,0.003781,-0.000244,1.0132,-2.5935,-2.4658,0.0474,0.0815,-0.1310
36.6825,-1.964424,-1.905812,2.001322,-1.803835,-1.681278,2.832873,0.040289,-0.146709,-0.027464,0.428629,0.002573,-0.000259,1.2991,-3.0955,-2.3353,0.0089,0.1024,-0.1236
36.6925,-1.963996,-1.907441,2.001185,-1.799643,-1.681257,2.832858,0.052707,-0.177750,-0.003256,0.419723,0.003081,-0.000252,1.2727,-2.8967,-1.5948,0.0151,0.0932,-0.1103
36.7026,-1.963358,-1.909370,2.001388,-1.795619,-1.681190,2.832858,0.065880,-0.207832,0.029579,0.407172,0.004562,-0.000215,1.4731,-3.1335,-1.1389,0.0290,0.1025,-0.1295
36.7126,-1.962614,-1.911633,2.001846,-1.791554,-1.681213,2.832861,0.078066,-0.236885,0.052733,0.391925,0.003576,-0.000195,1.3957,-2.8548,-0.8895,-0.0483,0.1080,-0.1221
36.7227,-1.961728,-1.914133,2.002531,-1.787721,-1.681118,2.832861,0.089760,-0.259293,0.078226,0.365539,0.006256,-0.000192,1.4072,-3.0251,-0.7061,-0.0925,0.1048,-0.1247
36.7323,-1.960758,-1.916927,2.003473,-1.784279,-1.681073,2.832853,0.099801,-0.288638,0.110184,0.333800,0.005596,-0.000190,1.4628,-2.7158,-0.5087,-0.0974,0.1054,-0.1244
36.7424,-1.959659,-1.919933,2.004765,-1.781123,-1.681031,2.832873,0.107201,-0.304812,0.142403,0.306997,0.006454,-0.000165,1.3790,-2.4701,-0.4510,-0.0563,0.1333,-0.1162
36.7524,-1.958524,-1.923042,2.006416,-1.778205,-1.680978,2.832865,0.114612,-0.319827,0.177040,0.278327,0.006939,-0.000167,1.2938,-2.4244,-0.3633,-0.0780,0.1152,-0.0986
36.7623,-1.957313,-1.926324,2.008356,-1.775598,-1.680894,2.832899,0.120517,-0.330313,0.209213,0.244538,0.006815,-0.000150,1.1422,-2.3378,-0.3082,-0.0824,0.1213,-0.1116
36.7722,-1.956059,-1.929766,2.010708,-1.773379,-1.680857,2.832865,0.123980,-0.344114,0.257179,0.216176,0.007279,-0.000136,1.2226,-2.2153,-0.1530,-0.0620,0.1342,-0.0766
36.7830,-1.954804,-1.933308,2.013520,-1.771411,-1.680754,2.832884,0.124902,-0.353721,0.296573,0.184940,0.007790,-0.000109,1.3314,-2.1501,0.0899,-0.0725,0.1454,-0.0473
36.7940,-1.953600,-1.936898,2.016728,-1.769714,-1.680695,2.832877,0.124156,-0.358025,0.338094,0.157180,0.008129,-0.000023,1.1357,-1.9500,-0.1098,-0.1152,0.1605,-0.0255
36.8024,-1.952389,-1.940503,2.020294,-1.768363,-1.680623,2.832877,0.121266,-0.358754,0.373190,0.128373,0.007963,0.002790,1.0145,-1.7779,0.1327,-0.0543,0.1363,-0.0047
36.8124,-1.951168,-1.944057,2.024218,-1.767213,-1.680551,2.832901,0.119206,-0.359934,0.403028,0.105958,0.007719,0.002439,0.9251,-1.7533,-0.1236,-0.1238,0.1494,0.0482
36.8223,-1.950064,-1.947638,2.028478,-1.766266,-1.680502,2.832912,0.113361,-0.358432,0.429365,0.087673,0.008643,0.002973,0.9441,-2.0275,0.1338,-0.1680,0.1430,0.0744
36.8322,-1.948976,-1.951224,2.032976,-1.765558,-1.680390,2.832968,0.105839,-0.360950,0.459159,0.063732,0.009174,0.005134,0.8377,-1.8273,-0.0741,-0.1354,0.1513,0.0725
36.8424,-1.947973,-1.954780,2.037638,-1.764980,-1.680275,2.832978,0.097678,-0.356810,0.481323,0.047798,0.009621,0.007147,0.8664,-1.9178,-0.3349,-0.1574,0.1516,0.0725
36.8524,-1.947057,-1.958340,2.042583,-1.764640,-1.680180,2.833017,0.089380,-0.355070,0.492957,0.029034,0.009609,0.007502,0.7027,-1.9479,-0.3390,-0.1322,0.1616,0.0738
36.8624,-1.946224,-1.961983,2.047597,-1.764395,-1.680079,2.833091,0.082756,-0.358655,0.506415,0.018849,0.010678,0.007819,0.7060,-1.9782,-0.4841,-0.1717,0.1568,0.0907
36.8727,-1.945455,-1.965677,2.052757,-1.764255,-1.679975,2.833086,0.075138,-0.366370,0.519886,0.010152,0.010454,0.009728,0.6774,-2.0834,-0.6111,-0.1713,0.1666,0.0876
36.8827,-1.944760,-1.969365,2.057990,-1.764219,-1.679868,2.833172,0.067790,-0.373616,0.524912,0.001490,0.010927,0.009130,0.6855,-2.4574,-0.3657,-0.2411,0.1739,0.0928
36.8924,-1.944151,-1.973173,2.063337,-1.764208,-1.679751,2.833225,0.054612,-0.385675,0.530383,0.000000,0.011945,0.009393,0.6351,-2.3288,-0.7629,-0.3685,0.1661,0.0957
36.9025,-1.943641,-1.976988,2.068569,-1.764228,-1.679628,2.833313,0.048587,-0.394275,0.528370,-0.003986,0.012175,0.008692,0.6476,-2.4740,-0.9082,-0.4250,0.1548,0.0997
36.9124,-1.943219,-1.980939,2.073805,-1.764303,-1.679539,2.833388,0.041498,-0.402245,0.515969,-0.008879,0.011304,0.008363,0.6219,-2.2262,-1.1375,-0.4420,0.1634,0.1294
36.9225,-1.942859,-1.984914,2.078919,-1.764346,-1.679435,2.833441,0.036165,-0.404317,0.501854,-0.004670,0.012155,0.008594,0.7444,-2.9200,-1.1026,-0.4727,0.1698,0.1157
36.9324,-1.942518,-1.989106,2.083823,-1.764363,-1.679304,2.833501,0.033245,-0.420678,0.484130,-0.001736,0.010795,0.008071,0.7549,-2.6082,-1.3166,-0.4458,0.1551,0.1258
36.9425,-1.942217,-1.993461,2.088547,-1.764339,-1.679231,2.833589,0.030286,-0.429036,0.459389,-0.000458,0.011518,0.007369,0.6849,-2.8039,-1.4285,-0.3840,0.1542,0.1344
36.9525,-1.941902,-1.997923,2.093054,-1.764328,-1.679124,2.833617,0.028496,-0.444560,0.434129,0.004954,0.010780,0.007087,0.7238,-2.4804,-1.5032,-0.2869,0.1682,0.1289
36.9625,-1.941633,-2.002446,2.097208,-1.764200,-1.679007,2.833709,0.027930,-0.452831,0.407868,0.015160,0.010673,0.007360,0.6411,-2.4484,-1.5425,-0.2174,0.1690,0.1434
36.9723,-1.941314,-2.007096,2.101074,-1.764063,-1.678919,2.833762,0.029482,-0.486749,0.374228,0.019851,0.008015,0.007189,0.6678,-2.5071,-1.5496,-0.1645,0.1370,0.1423
36.9826,-1.941029,-2.011947,2.104636,-1.763789,-1.678816,2.833801,0.026890,-0.496730,0.344026,0.033892,0.006198,0.006506,0.6460,-3.0956,-1.6374,-0.1366,0.1532,0.1281
36.9926,-1.940761,-2.017027,2.107954,-1.763303,-1.678787,2.833873,0.026600,-0.514046,0.312323,0.049185,0.004452,0.006216,0.6053,-2.6916,-1.9343,-0.1603,0.1470,0.1437
37.0026,-1.940553,-2.022286,2.110873,-1.762737,-1.678739,2.833928,0.025063,-0.530066,0.278034,0.063502,0.003837,0.004975,0.6773,-3.0547,-1.9590,-0.1857,0.1262,0.1611
37.0124,-1.940309,-2.027751,2.113447,-1.762034,-1.678743,2.833961,0.023493,-0.545024,0.241427,0.077728,0.002903,0.004133,0.6230,-2.5888,-1.9939,-0.1911,0.1268,0.1519
37.0224,-1.940120,-2.033288,2.115642,-1.761170,-1.678691,2.834028,0.021634,-0.556658,0.203170,0.093361,0.002295,0.004026,0.6634,-2.8911,-1.9401,-0.1005,0.1366,0.1274
37.0325,-1.939861,-2.038889,2.117438,-1.760109,-1.678703,2.834042,0.020843,-0.565293,0.165649,0.116411,0.000921,0.003938,0.6709,-2.1603,-2.0248,-0.1094,0.1308,0.1450
37.0423,-1.939661,-2.044436,2.118863,-1.758789,-1.678679,2.834077,0.020711,-0.559633,0.127441,0.134822,0.001728,0.003355,0.4771,-1.9094,-1.7896,-0.0757,0.1139,0.1451
37.0524,-1.939445,-2.049993,2.119924,-1.757302,-1.678686,2.834133,0.018840,-0.545497,0.090837,0.156731,0.000922,0.003746,0.5035,-1.7120,-1.9860,-0.0773,0.0873,0.1424
37.0623,-1.939253,-2.055463,2.120676,-1.755583,-1.678667,2.834126,0.018365,-0.531736,0.059035,0.178577,0.000562,0.002816,0.5131,-1.6630,-2.0558,-0.0714,0.0706,0.1540
37.0725,-1.939088,-2.060732,2.121046,-1.753646,-1.678644,2.834158,0.017028,-0.516810,0.023256,0.206392,0.000354,0.003004,0.4454,-1.5947,-2.2244,-0.0328,0.0560,0.1215
37.0824,-1.938917,-2.065834,2.121106,-1.751424,-1.678698,2.834177,0.014486,-0.498250,-0.024279,0.237380,0.000089,0.001264,0.4951,-1.5564,-3.0766,0.0445,0.0303,0.1669
37.0926,-1.938753,-2.070695,2.120723,-1.748784,-1.678703,2.834204,0.014143,-0.480298,-0.045476,0.273396,0.000000,0.001518,0.3629,-1.1143,-3.1844,-0.0101,0.0103,0.1485
37.1025,-1.938648,-2.075336,2.120095,-1.745948,-1.678653,2.834190,0.012680,-0.458374,-0.069578,0.302872,-0.001596,0.001209,0.4238,-0.9167,-3.1341,0.0604,-0.0288,0.1446
37.1122,-1.938496,-2.079754,2.119287,-1.742639,-1.678718,2.834225,0.012188,-0.431352,-0.091846,0.336277,-0.001379,0.001189,0.4568,-1.0251,-3.1678,-0.0032,-0.0664,0.1498
37.1223,-1.938416,-2.083937,2.118304,-1.739159,-1.678707,2.834203,0.010786,-0.408757,-0.106826,0.357849,-0.002036,0.001440,0.4655,-1.1582,-3.6969,0.0519,-0.0783,0.1346
37.1322,-1.938309,-2.087959,2.117049,-1.735433,-1.678744,2.834265,0.009779,-0.388885,-0.133316,0.390224,-0.002757,0.000986,0.4462,-0.9447,-3.5983,0.0262,-0.0706,0.1442
37.1424,-1.938208,-2.091754,2.115555,-1.731400,-1.678771,2.834239,0.008772,-0.363666,-0.158156,0.415606,-0.003262,0.001047,0.4578,-1.1264,-3.5363,0.0622,-0.0941,0.1344
37.1523,-1.938140,-2.095282,2.113858,-1.727005,-1.678812,2.834242,0.008376,-0.343934,-0.179636,0.442446,-0.004391,0.000844,0.5131,-1.0679,-3.6891,0.0343,-0.0989,0.1353
37.1626,-1.938032,-2.098603,2.111955,-1.722389,-1.678855,2.834273,0.009291,-0.330907,-0.201393,0.459862,-0.004265,0.000738,0.5029,-0.9791,-3.6344,-0.0109,-0.0918,0.1290
37.1724,-1.937936,-2.101826,2.109733,-1.717709,-1.678868,2.834288,0.009442,-0.325260,-0.232595,0.484259,-0.003119,0.000512,0.4720,-1.1350,-3.7921,0.0590,-0.1062,0.1263
37.1823,-1.937864,-2.104911,2.107232,-1.712637,-1.678903,2.834270,0.008550,-0.313221,-0.258914,0.508816,-0.003946,0.000259,0.5102,-1.6880,-3.8770,0.0680,-0.0975,0.0998
37.1923,-1.937795,-2.107968,2.104531,-1.707422,-1.678904,2.834288,0.009816,-0.308608,-0.279972,0.530516,-0.004168,0.000188,0.6008,-1.5021,-3.9033,0.0173,-0.1130,0.0683
37.2025,-1.937709,-2.111016,2.101607,-1.702066,-1.678955,2.834251,0.009293,-0.300547,-0.301656,0.549493,-0.003894,-0.000002,0.6193,-1.7059,-3.8248,0.0245,-0.1073,0.0333
37.2124,-1.937631,-2.114060,2.098469,-1.696530,-1.679011,2.834270,0.008874,-0.297558,-0.317197,0.561101,-0.004434,-0.001293,0.5546,-1.3202,-3.5396,0.0257,-0.0952,0.0001
37.2223,-1.937516,-2.117041,2.095269,-1.690862,-1.679027,2.834230,0.009102,-0.290614,-0.327768,0.565288,-0.002055,-0.001926,0.5246,-1.5461,-3.5665,0.1019,-0.1212,-0.0324
37.2324,-1.937432,-2.120002,2.091911,-1.685126,-1.679043,2.834222,0.008708,-0.288374,-0.335719,0.576951,-0.002760,-0.003327,0.5826,-0.9769,-3.4159,0.0544,-0.1072,-0.0538
37.2424,-1.937335,-2.122869,2.088491,-1.679329,-1.679064,2.834177,0.009038,-0.275449,-0.339145,0.579532,-0.002075,-0.004313,0.4971,-1.0952,-3.1911,0.0475,-0.1320,-0.0648
37.2523,-1.937252,-2.125610,2.085105,-1.673604,-1.679111,2.834131,0.008548,-0.267196,-0.333221,0.572090,-0.002622,-0.006183,0.4976,-0.8520,-2.9643,0.0886,-0.1121,-0.0708
37.2624,-1.937184,-2.128188,2.081819,-1.667891,-1.679138,2.834093,0.006855,-0.255676,-0.323680,0.571874,-0.002730,-0.006694,0.4432,-0.8521,-2.9069,0.0631,-0.1066,-0.0846
37.2724,-1.937136,-2.130668,2.078602,-1.662117,-1.679138,2.834030,0.005123,-0.248363,-0.313756,0.571541,-0.001847,-0.006585,0.4599,-0.7680,-2.8584,0.0405,-0.1219,-0.0798
37.2824,-1.937084,-2.133017,2.075587,-1.656433,-1.679143,2.833978,0.003165,-0.236365,-0.299492,0.564902,-0.001798,-0.007031,0.4488,-0.9153,-2.9298,0.0762,-0.1238,-0.0973
37.2923,-1.937091,-2.135298,2.072671,-1.650792,-1.679186,2.833917,0.001344,-0.228999,-0.282590,0.559287,-0.002353,-0.006925,0.3862,-0.7626,-2.7656,0.0698,-0.1214,-0.1064
37.3028,-1.937080,-2.137536,2.069938,-1.645240,-1.679175,2.833854,0.000539,-0.219352,-0.265104,0.551614,-0.001582,-0.007090,0.3205,-0.8395,-2.6806,0.0237,-0.1128,-0.1134
37.3124,-1.937103,-2.139650,2.067418,-1.639874,-1.679231,2.833813,-0.000120,-0.211863,-0.241906,0.538876,-0.001659,-0.007001,0.2506,-0.8107,-2.7320,0.0630,-0.1195,-0.1308
37.3226,-1.937065,-2.141728,2.065162,-1.634551,-1.679172,2.833738,-0.000169,-0.205362,-0.219144,0.526888,-0.000813,-0.007564,0.1943,-1.1438,-2.6107,0.0661,-0.1112,-0.1234
37.3321,-1.937084,-2.143844,2.063085,-1.629242,-1.679187,2.833671,-0.000354,-0.206381,-0.199092,0.515257,-0.000626,-0.007252,0.0563,-0.8381,-2.7348,0.0179,-0.1110,-0.1290
37.3424,-1.937093,-2.145874,2.061224,-1.624230,-1.679210,2.833685,-0.001657,-0.199617,-0.176628,0.496167,-0.000360,-0.007073,0.0201,-1.0189,-2.8869,0.0245,-0.0890,-0.1159
37.3524,-1.937139,-2.147907,2.059563,-1.619350,-1.679191,2.833606,-0.002112,-0.198139,-0.155750,0.476631,-0.000257,-0.006940,-0.0377,-1.0067,-2.4992,0.0413,-0.0744,-0.1335
37.3629,-1.937151,-2.149933,2.058118,-1.614641,-1.679175,2.833570,-0.001338,-0.199648,-0.136208,0.461369,-0.000161,-0.006572,-0.1005,-1.0586,-2.6261,0.0326,-0.0443,-0.1359
37.3724,-1.937147,-2.151986,2.056879,-1.610078,-1.679210,2.833549,-0.001667,-0.206785,-0.115899,0.458656,-0.000005,-0.005544,-0.1141,-1.3144,-2.5532,0.0262,-0.0048,-0.1405
37.3823,-1.937184,-2.154102,2.055820,-1.605585,-1.679156,2.833532,-0.002985,-0.210554,-0.101479,0.455308,0.001318,-0.004774,-0.0822,-1.5776,-2.7044,0.0433,0.0370,-0.1297
37.3924,-1.937199,-2.156292,2.054894,-1.600985,-1.679167,2.833473,-0.001281,-0.219701,-0.086299,0.454010,0.002448,-0.004146,-0.1655,-1.2639,-2.6749,0.0058,0.0942,-0.1291
37.4024,-1.937211,-2.158517,2.054131,-1.596445,-1.679112,2.833493,-0.001548,-0.225583,-0.073529,0.447920,0.006166,-0.002762,-0.0991,-1.4334,-2.7824,-0.0118,0.1076,-0.1540
37.4124,-1.937180,-2.160822,2.053470,-1.592032,-1.679059,2.833453,-0.000752,-0.232960,-0.066250,0.439155,0.008610,-0.002371,-0.0837,-1.3648,-3.0066,0.0245,0.1307,-0.1357
37.4227,-1.937184,-2.163167,2.052817,-1.587653,-1.678939,2.833441,-0.000243,-0.241701,-0.063759,0.434592,0.013116,-0.001309,-0.0263,-1.6913,-3.3316,-0.0088,0.1832,-0.1236
37.4327,-1.937180,-2.165651,2.052131,-1.583192,-1.678788,2.833434,-0.000000,-0.257015,-0.073622,0.439740,0.017389,-0.000626,-0.0483,-1.3924,-3.3332,-0.0535,0.1856,-0.1191
37.4424,-1.937196,-2.168203,2.051361,-1.578893,-1.678588,2.833410,-0.000399,-0.261685,-0.081214,0.441680,0.026535,-0.000398,-0.0021,-1.5581,-3.5263,-0.0276,0.2066,-0.0894
37.4524,-1.937211,-2.170865,2.050435,-1.574467,-1.678300,2.833425,-0.000094,-0.269636,-0.097442,0.443377,0.038301,-0.000246,0.0067,-1.4423,-3.3509,0.0119,0.2358,-0.0611
37.4625,-1.937165,-2.173613,2.049408,-1.569956,-1.677798,2.833476,-0.000000,-0.271519,-0.110836,0.446040,0.057251,-0.000191,0.0718,-1.3559,-3.5800,-0.0389,0.2402,-0.0282
37.4724,-1.937199,-2.176357,2.048141,-1.565477,-1.677068,2.833450,-0.000000,-0.273834,-0.133355,0.446453,0.087677,0.001940,0.0884,-1.1210,-3.5745,-0.0230,0.2755,0.0060
37.4826,-1.937199,-2.179114,2.046696,-1.560980,-1.675973,2.833465,-0.000000,-0.265567,-0.148986,0.447327,0.121305,0.001536,0.0752,-1.0928,-3.5558,-0.0315,0.3481,0.0491
