t_rel_s,fx,fy,fz,tx,ty,tz
1.0129,-1.03468,4.54476,-1.12834,0.15761,0.06557,0.10263
1.0226,-1.08422,4.48489,-1.28516,0.16405,0.08352,0.09519
1.0328,-1.08983,4.02747,-1.37228,0.15602,0.07350,0.09820
1.0423,-1.03187,3.73723,-1.04169,0.17126,0.07213,0.09761
1.0523,-1.00296,3.96072,-1.40688,0.17337,0.06576,0.09203
1.0629,-0.93430,4.06319,-1.40069,0.16503,0.07754,0.09625
1.0725,-0.99515,3.93410,-1.47495,0.17351,0.08282,0.08818
1.0828,-0.90933,3.33518,-1.12678,0.19094,0.07709,0.08799
1.0924,-1.02060,3.54327,-1.73138,0.19423,0.07167,0.09523
1.1025,-0.87456,4.06180,-2.04579,0.17515,0.09085,0.09425
1.1124,-1.16792,3.47844,-1.43808,0.19453,0.06659,0.08376
1.1225,-0.75676,3.47417,-1.22415,0.18403,0.08345,0.08696
1.1324,-1.02272,4.31196,-1.58743,0.15863,0.07655,0.08599
1.1424,-0.85188,3.40692,-1.03521,0.18573,0.07838,0.08777
1.1524,-0.85685,3.01925,-0.55465,0.19018,0.07722,0.08721
1.1627,-0.81353,4.19391,-0.74783,0.16260,0.07980,0.08312
1.1724,-0.88483,3.05217,-0.45221,0.20459,0.08976,0.08734
1.1825,-0.66945,3.62912,-0.37810,0.18367,0.07953,0.08195
1.1926,-1.02040,3.71606,-0.63571,0.18642,0.07114,0.08553
1.2024,-0.60887,4.17899,-1.06155,0.15857,0.07815,0.07526
1.2128,-0.79425,3.42100,-0.17886,0.18381,0.08102,0.07986
1.2226,-0.89660,3.91959,-0.37331,0.18000,0.08040,0.07200
1.2325,-0.56145,4.59299,-0.93353,0.15601,0.07893,0.08061
1.2425,-0.95373,3.97812,-0.02175,0.17826,0.07434,0.07567
1.2526,-1.00633,4.01978,0.03898,0.17390,0.07076,0.07709
1.2626,-0.88847,4.35409,-0.22891,0.15827,0.07345,0.07812
1.2725,-0.91749,4.20025,-0.29405,0.16122,0.08189,0.07337
1.2824,-0.79347,3.96374,-0.04474,0.17784,0.06926,0.07729
1.2925,-0.99036,3.70883,0.05382,0.17821,0.08276,0.08132
1.3025,-0.66266,4.01021,0.13814,0.17682,0.07862,0.08774
1.3128,-0.66396,4.32658,0.05168,0.16117,0.07919,0.09331
1.3228,-0.79518,3.81853,0.71468,0.18492,0.08974,0.08887
1.3325,-1.00605,3.87256,0.69259,0.17910,0.08983,0.08907
1.3425,-0.67121,4.20607,0.30406,0.16861,0.09643,0.09465
1.3524,-1.21724,3.79525,0.31639,0.16971,0.08969,0.08855
1.3627,-0.62149,3.25658,0.68125,0.18408,0.08974,0.08942
1.3725,-1.03694,3.50687,0.41676,0.18245,0.09567,0.09097
1.3828,-0.73271,3.42145,0.04272,0.17561,0.08771,0.09379
1.3926,-1.03003,3.39378,-0.01812,0.18096,0.08696,0.08781
1.4024,-0.40599,3.46558,0.02930,0.18139,0.08402,0.09004
1.4125,-0.50271,2.97844,0.28888,0.19274,0.09507,0.08639
1.4226,-0.32329,3.67918,0.07592,0.19236,0.09139,0.09426
1.4324,-0.22276,3.89583,-0.72573,0.17716,0.09510,0.09567
1.4425,-1.18810,3.74102,-0.59583,0.17065,0.10530,0.09079
1.4527,-0.53195,3.51274,-0.46386,0.18388,0.09867,0.08975
1.4628,-0.58685,3.51024,-0.37247,0.17962,0.10180,0.09062
1.4725,-0.55815,3.73101,-0.67039,0.17350,0.09787,0.09022
1.4829,-0.37744,3.81245,-0.56978,0.17568,0.09070,0.09441
1.4927,-0.41532,3.45352,-0.27815,0.18477,0.09852,0.09255
1.5026,-0.64083,3.74640,-0.30007,0.19163,0.09246,0.08810
1.5126,-0.42242,3.92842,-0.37356,0.19052,0.10421,0.08852
1.5226,-1.18116,3.60394,-0.18368,0.18937,0.09497,0.09543
1.5325,-0.39322,3.20250,-0.11017,0.19224,0.09446,0.09100
1.5426,-0.65105,3.79221,-0.28902,0.17518,0.09433,0.09262
1.5526,-1.04065,3.88605,-0.30120,0.18510,0.09632,0.08513
1.5624,-1.03849,3.56200,-0.04137,0.18269,0.08780,0.09072
1.5725,-1.16844,3.45900,-0.00306,0.17792,0.09447,0.09132
1.5826,-0.99287,3.93498,-0.57450,0.17695,0.07368,0.09472
1.5924,-0.89353,3.83701,-0.47652,0.17689,0.08185,0.09339
1.6024,-1.33202,4.23859,-0.45337,0.16660,0.09918,0.09073
1.6124,-1.06403,3.88950,-0.39849,0.18054,0.08051,0.08817
1.6228,-1.03216,4.09759,-0.95143,0.18278,0.08168,0.09266
1.6326,-1.31766,4.10310,-1.02607,0.18703,0.08051,0.09142
1.6429,-1.19786,3.88935,-1.04728,0.17705,0.07576,0.09260
1.6525,-0.78619,3.90988,-0.80597,0.18567,0.07674,0.09539
1.6623,-0.81917,3.90390,-1.36187,0.18213,0.08614,0.09408
1.6727,-1.12939,4.05422,-1.25785,0.18018,0.08786,0.09430
1.6828,-1.42837,4.03560,-0.92259,0.18543,0.08193,0.08982
1.6924,-1.03233,4.11685,-0.98681,0.18616,0.07436,0.09337
1.7026,-1.17316,4.19936,-1.13336,0.17738,0.08206,0.09267
1.7127,-1.23216,3.95647,-1.08322,0.18303,0.08698,0.09541
1.7225,-1.11495,4.06827,-1.25684,0.17853,0.08002,0.09671
1.7323,-1.19672,4.15839,-1.01648,0.19112,0.08009,0.09841
1.7425,-1.17575,4.25635,-1.22698,0.17618,0.08144,0.09023
1.7525,-1.19225,4.08877,-1.09050,0.18262,0.08239,0.09148
1.7626,-1.34195,4.16102,-0.93523,0.19136,0.07203,0.09356
1.7724,-1.10421,4.29696,-1.07789,0.18625,0.08353,0.08878
1.7830,-1.12153,4.13853,-1.18379,0.18620,0.07644,0.09446
1.7925,-0.91703,3.73517,-0.98400,0.18669,0.08953,0.08969
1.8030,-1.06456,3.59706,-1.05199,0.18024,0.08355,0.09516
1.8124,-1.06682,3.78892,-0.96131,0.18680,0.07710,0.09467
1.8227,-1.20774,3.79703,-1.07756,0.18554,0.08216,0.09451
1.8326,-0.72178,3.92709,-0.89894,0.19246,0.07845,0.09613
1.8424,-0.80308,3.72165,-0.86186,0.18787,0.08148,0.09516
1.8524,-0.94377,4.20278,-0.87433,0.18274,0.08523,0.09134
1.8624,-1.10472,3.93716,-0.82575,0.18594,0.08297,0.09561
1.8725,-1.15440,3.77836,-0.48824,0.18706,0.08828,0.09301
1.8825,-1.10535,3.77525,-0.59813,0.18599,0.09932,0.09399
1.8924,-0.60714,3.79352,-0.07896,0.19655,0.08361,0.09722
1.9025,-0.92045,3.60075,0.12478,0.19174,0.09209,0.09516
1.9125,-0.69701,3.66042,-0.33965,0.18797,0.08581,0.09819
1.9225,-0.79681,3.86821,-0.52997,0.18056,0.08131,0.09711
1.9326,-0.70560,3.63777,-0.09696,0.19412,0.09139,0.08948
1.9428,-0.65527,3.51104,-0.33379,0.19255,0.08853,0.09538
1.9525,-0.48651,4.00329,-0.52656,0.18516,0.08562,0.09334
1.9626,-0.87327,3.89657,-0.48982,0.18906,0.08615,0.09473
1.9727,-0.64091,3.60421,-0.32586,0.19019,0.08989,0.09457
1.9826,-0.85707,3.62509,-0.02746,0.18655,0.09074,0.09343
1.9928,-0.60730,3.85937,-0.21503,0.19081,0.09206,0.09652
2.0027,-0.87676,3.97034,-0.16716,0.18558,0.09247,0.09332
2.0126,-0.92883,3.94458,-0.44474,0.18935,0.09570,0.09328
2.0222,-1.07558,3.94149,-0.41624,0.18108,0.10290,0.09419
2.0325,-0.99536,3.78702,-0.32333,0.19673,0.09725,0.09761
2.0425,-1.16419,3.61056,-0.51048,0.19254,0.10151,0.10136
2.0525,-0.94805,3.74270,-0.62404,0.18537,0.10274,0.10350
2.0627,-0.86473,3.88895,-0.44273,0.19702,0.09090,0.09832
2.0725,-0.66052,3.67927,-0.77451,0.19330,0.09292,0.10255
2.0827,-0.63049,4.07009,-0.98889,0.18744,0.09119,0.10350
2.0927,-0.58235,4.04143,-0.98549,0.19356,0.08833,0.09732
2.1026,-0.49582,4.00753,-0.85814,0.19178,0.10616,0.10386
2.1125,-0.74468,3.94962,-0.86550,0.18597,0.09989,0.10235
2.1224,-0.31517,3.86106,-1.12721,0.19075,0.09940,0.11298
2.1324,-0.46361,3.78399,-1.13796,0.18597,0.10049,0.11152
2.1424,-0.73346,3.79122,-1.04661,0.18221,0.10028,0.10786
2.1527,-0.44396,3.64158,-1.15855,0.17740,0.09654,0.11297
2.1629,-0.64920,3.66115,-1.14627,0.18199,0.09937,0.11208
2.1724,-0.28739,3.98084,-1.36655,0.18773,0.09255,0.10963
2.1824,-0.54273,3.60583,-1.04683,0.18805,0.08166,0.11312
2.1929,-0.14026,3.69006,-1.23389,0.19161,0.09675,0.10612
2.2027,0.13218,3.71739,-1.09090,0.18257,0.11759,0.11847
2.2125,-0.20710,3.58274,-0.92357,0.19569,0.10067,0.11310
2.2226,-0.12003,3.52098,-0.99324,0.17777,0.10543,0.11198
2.2327,0.20310,3.43843,-0.74315,0.18768,0.12044,0.11279
2.2427,-0.48156,3.49281,-0.58682,0.18429,0.09315,0.11064
2.2526,0.35323,3.97610,-0.90902,0.18780,0.10739,0.11366
2.2627,-0.52799,3.47275,-0.48947,0.18353,0.09638,0.10898
2.2725,0.08805,3.52094,-0.58894,0.17876,0.12705,0.10866
2.2832,-0.67491,3.94446,-0.73689,0.17606,0.08555,0.11223
2.2928,0.86216,3.58026,0.01055,0.19156,0.15530,0.10831
2.3025,0.76717,3.87735,0.34037,0.17650,0.13743,0.11502
2.3126,1.03383,3.01707,0.43485,0.20521,0.14836,0.11979
2.3225,-0.05585,3.75931,0.28748,0.18930,0.11721,0.11738
2.3327,1.07459,2.76026,1.16030,0.21131,0.17227,0.11909
2.3424,-0.80276,3.33013,1.16225,0.20186,0.08044,0.11524
2.3526,-0.25414,3.60258,1.00469,0.19361,0.12616,0.12059
2.3626,-0.77687,3.54953,1.74173,0.18879,0.10405,0.11817
2.3725,-0.28180,3.21284,2.12299,0.20592,0.13192,0.12279
2.3827,-0.43551,4.10749,1.31035,0.17995,0.12766,0.11539
2.3926,-0.39041,3.81331,1.89901,0.18708,0.14005,0.11734
2.4026,-1.90009,3.46958,1.95702,0.20025,0.07192,0.12015
2.4126,-1.03036,3.50054,1.33932,0.21751,0.11123,0.11990
2.4223,-2.25154,3.63317,0.77556,0.20754,0.06330,0.11839
2.4323,-1.43392,3.15285,1.61343,0.21274,0.10248,0.11822
2.4427,-2.15285,3.93967,1.11605,0.19680,0.07019,0.12388
2.4524,-1.24503,3.40497,0.90141,0.20894,0.08041,0.12005
2.4625,-1.82194,4.27336,-0.01570,0.18105,0.08604,0.11832
2.4725,-1.97349,3.37525,0.47635,0.21858,0.07582,0.11374
2.4826,-2.33763,4.20627,-0.19273,0.19407,0.04108,0.12490
2.4925,-1.88868,3.73690,-0.13299,0.19570,0.09265,0.12413
2.5028,-2.31729,2.80231,0.75341,0.22913,0.06536,0.10872
2.5127,-2.10276,4.34649,-0.00887,0.18149,0.08268,0.11463
2.5226,-2.09255,4.13675,-0.42765,0.20415,0.06483,0.12072
2.5325,-2.42479,3.40551,-0.27596,0.23420,0.05156,0.10925
2.5425,-2.17043,3.89992,-0.98928,0.21772,0.08292,0.10718
2.5528,-1.66392,3.07280,-0.42284,0.22864,0.09092,0.11046
2.5624,-2.32420,4.94820,-1.20593,0.17393,0.05520,0.10748
2.5726,-1.35824,3.84471,-0.82684,0.21283,0.10112,0.11518
2.5825,-1.73157,3.73438,-1.17949,0.21758,0.07107,0.10539
2.5926,-0.88531,4.58174,-1.75197,0.19476,0.08757,0.11564
2.6030,-1.49278,3.65657,-1.79567,0.22935,0.09067,0.10986
2.6124,-1.15487,4.56381,-3.11552,0.19292,0.10155,0.10840
2.6228,-1.67814,3.94082,-3.38623,0.20169,0.07729,0.10785
2.6325,-1.34867,3.79124,-4.04645,0.21496,0.08176,0.10631
2.6428,-0.93719,3.09737,-4.04069,0.23862,0.09869,0.10905
2.6524,-0.94852,3.73237,-3.84022,0.22073,0.10970,0.11069
2.6628,-1.06924,4.05817,-4.31835,0.21667,0.10969,0.10793
2.6724,-1.41909,3.74496,-4.72337,0.22247,0.09182,0.10681
2.6825,-0.83857,3.46684,-3.81878,0.22587,0.11061,0.10419
2.6926,-0.90824,3.66472,-3.74284,0.23392,0.10481,0.10399
2.7026,-0.89602,3.87833,-3.98764,0.21538,0.09181,0.09460
2.7125,-0.94882,4.02661,-3.63645,0.21461,0.11424,0.07581
2.7225,-0.67730,3.69217,-3.60531,0.22270,0.11948,0.06129
2.7324,-0.87434,3.86620,-3.72344,0.23029,0.12107,0.02942
2.7424,-0.77064,3.18282,-3.20928,0.24029,0.11305,0.00675
2.7524,-0.73310,4.31467,-3.07060,0.20941,0.11862,-0.01491
2.7630,-0.63899,2.88412,-2.05186,0.25186,0.10609,-0.04071
2.7725,-0.57290,3.74963,-2.32086,0.24068,0.12513,-0.06513
2.7829,-0.70165,3.87360,-2.01434,0.23675,0.12076,-0.09450
2.7927,-0.42940,3.32210,-1.62574,0.24792,0.11349,-0.09629
2.8027,-0.58535,3.54051,-1.26826,0.24257,0.13050,-0.10385
2.8128,-0.68639,4.04365,-1.35516,0.23714,0.11815,-0.09842
2.8223,-0.44227,3.99374,-1.17339,0.22865,0.11334,-0.10080
2.8324,-0.66643,4.33592,-0.82921,0.22928,0.12527,-0.09554
2.8427,-0.93018,4.47936,-0.47464,0.22592,0.12251,-0.09468
2.8525,-0.80809,4.95920,-0.02382,0.21006,0.12167,-0.10569
2.8628,-0.32953,4.88537,0.03439,0.20341,0.11637,-0.09454
2.8729,-0.95139,5.48527,-0.51530,0.19463,0.10716,-0.10210
2.8823,-0.92313,5.33078,-0.39290,0.19392,0.10415,-0.09524
2.8929,-1.13600,5.14754,-0.98213,0.20295,0.11335,-0.09687
2.9026,-1.00505,5.50996,-1.83564,0.19557,0.10185,-0.10006
2.9126,-1.03368,5.12832,-1.32340,0.20097,0.09532,-0.09512
2.9228,-0.98269,5.14135,-1.40021,0.19308,0.11806,-0.09946
2.9324,-0.79651,5.39357,-1.67526,0.18332,0.11538,-0.09852
2.9427,-1.33914,4.98179,-1.25544,0.19106,0.11614,-0.09776
2.9527,-0.66470,5.01686,-0.93871,0.21296,0.10456,-0.09602
2.9626,-1.08063,4.53256,-0.97836,0.20641,0.10897,-0.09544
2.9725,-0.79045,4.91076,-1.28702,0.19317,0.11092,-0.09322
2.9825,-0.88568,4.05137,-0.64423,0.22797,0.10557,-0.10008
2.9928,-1.01705,4.35141,-1.39913,0.20059,0.12270,-0.09933
3.0024,-0.46573,4.81428,-1.56245,0.19754,0.11343,-0.09026
3.0124,-0.49911,4.23850,-1.06026,0.21725,0.10289,-0.09108
3.0224,-0.34132,4.89294,-0.96512,0.19658,0.10529,-0.08660
3.0323,-0.98312,4.98506,-1.55643,0.18345,0.10958,-0.09012
3.0425,-0.80175,3.49343,-0.33759,0.22583,0.11252,-0.09254
3.0526,-0.60894,4.71872,-0.31026,0.18557,0.12741,-0.08496
3.0624,-0.97240,5.04790,-0.97864,0.18294,0.10891,-0.07861
3.0726,-0.64038,4.27025,-1.09649,0.21637,0.12279,-0.07864
3.0828,-0.37577,3.37374,-0.27535,0.21138,0.11620,-0.06985
3.0925,-0.38426,3.38033,-0.68595,0.22577,0.11174,-0.05145
3.1022,-0.49593,3.42000,-1.21503,0.22258,0.13337,-0.03806
3.1127,-0.35733,3.06658,-0.78076,0.22448,0.10877,-0.02584
3.1225,-0.08174,3.35267,-0.29271,0.22700,0.11817,-0.00835
3.1323,-0.18953,3.51610,-0.44685,0.20488,0.12373,0.01098
3.1424,-0.58075,3.28694,-0.16992,0.20978,0.11672,0.03040
3.1528,-0.49561,3.71061,0.09417,0.19742,0.13479,0.04056
3.1625,-0.27332,3.38995,-0.04003,0.20348,0.11183,0.05980
3.1724,-0.27206,3.97800,-0.42127,0.18189,0.10954,0.07333
3.1825,-0.66014,3.36681,0.32804,0.19935,0.11831,0.09430
3.1925,-0.42907,4.20736,-0.40074,0.17437,0.12941,0.11221
3.2027,-0.07389,4.15573,-0.11853,0.17768,0.12985,0.09938
3.2125,-1.06221,3.93800,0.17693,0.17252,0.12039,0.10000
3.2224,-0.11343,4.24728,-0.06757,0.17128,0.14299,0.09698
3.2323,-0.27094,4.38994,-0.38673,0.16113,0.13229,0.10271
3.2428,-0.46291,4.61756,-0.18920,0.17414,0.11845,0.09799
3.2524,0.06763,3.70631,0.15436,0.18223,0.13670,0.09699
3.2627,-0.48899,3.99355,-0.49243,0.17872,0.13251,0.09661
3.2728,-0.40367,3.92612,-0.37748,0.16699,0.12488,0.09765
3.2825,-0.37763,3.72444,0.01255,0.18242,0.13101,0.09886
3.2924,-0.29429,3.36185,-0.04783,0.17407,0.13468,0.09237
3.3025,-0.63275,4.30066,-0.75455,0.15444,0.12690,0.09357
3.3128,-0.42001,3.88843,-0.15604,0.17725,0.12227,0.09251
3.3227,-0.02440,3.63300,-0.05071,0.18083,0.12332,0.09681
3.3325,-0.62291,4.21836,-0.49136,0.15349,0.10834,0.09547
3.3424,-0.90140,4.12541,-0.27001,0.15918,0.10646,0.09085
3.3524,-0.44617,3.47588,-0.03924,0.17896,0.13266,0.09396
3.3624,-0.86652,4.44833,-0.03881,0.16350,0.10106,0.09280
3.3729,-1.04840,4.36978,-0.30690,0.16069,0.11315,0.09481
3.3827,-0.93973,3.52376,-0.35096,0.19160,0.11137,0.09179
3.3925,-1.16790,3.96395,-0.48370,0.16340,0.10361,0.09229
3.4025,-0.96295,4.09013,-0.78263,0.17281,0.11702,0.09888
3.4125,-1.16088,3.46794,-0.66913,0.18406,0.09740,0.09618
3.4226,-1.52671,4.26767,-0.66606,0.15277,0.09189,0.09446
3.4324,-1.35540,3.98708,-1.04672,0.17292,0.10875,0.09386
3.4426,-1.54167,3.82279,-0.76708,0.17233,0.07998,0.09129
3.4523,-1.25878,4.12549,-0.93482,0.17339,0.07573,0.09400
3.4625,-1.43408,4.16128,-1.03529,0.15328,0.10343,0.09057
3.4724,-1.25165,3.80628,-0.97538,0.17866,0.09801,0.09228
3.4826,-1.62071,4.20499,-0.97677,0.16966,0.09064,0.09550
3.4924,-1.01469,3.91278,-0.90727,0.17769,0.09836,0.09104
3.5026,-1.41984,3.96711,-0.58901,0.16897,0.09860,0.09555
3.5125,-1.39171,4.45646,-1.09149,0.16640,0.08876,0.09823
3.5224,-1.35607,4.15199,-1.08757,0.16034,0.09017,0.09368
3.5324,-1.11562,3.99236,-0.77924,0.16264,0.09165,0.09678
3.5424,-0.80553,3.58266,-0.75000,0.16245,0.10037,0.09767
3.5523,-1.06305,4.13471,-0.89259,0.16991,0.10525,0.09491
3.5625,-1.18044,3.72066,-0.79869,0.16748,0.11469,0.09075
3.5726,-0.84651,3.38183,-0.47525,0.18346,0.10080,0.09231
3.5826,-1.21448,3.61329,-0.60235,0.16333,0.09696,0.09237
3.5927,-1.02648,3.76511,-0.72961,0.17029,0.10234,0.09385
3.6026,-1.11294,3.77281,-0.41164,0.18244,0.11775,0.09639
3.6123,-0.69932,3.41462,-0.34361,0.18148,0.10835,0.09471
3.6226,-0.65483,3.95452,-0.76816,0.16998,0.10687,0.09190
3.6327,-0.96557,3.65791,-0.47096,0.17466,0.10055,0.09260
3.6425,-1.02495,3.82410,-0.25780,0.16905,0.11079,0.09258
3.6524,-1.23476,3.93692,-0.20543,0.17571,0.11617,0.09195
3.6624,-0.94845,3.85924,-0.52952,0.17979,0.09314,0.09197
3.6725,-0.54657,3.70203,-0.70084,0.18084,0.10347,0.08801
3.6825,-0.95073,3.77860,-0.50667,0.17282,0.10407,0.09341
3.6926,-0.98036,4.00511,-0.49447,0.17129,0.10279,0.09142
3.7024,-0.91766,3.99308,-0.74310,0.16659,0.10823,0.08288
3.7127,-0.88663,3.89158,-0.75015,0.17962,0.10998,0.08664
3.7228,-0.64334,3.76244,-0.91410,0.16213,0.09979,0.09036
3.7325,-1.01388,3.96794,-0.99413,0.16471,0.09954,0.08502
3.7425,-0.94283,3.93310,-0.80362,0.17898,0.10433,0.08306
3.7526,-0.92450,4.11089,-0.88296,0.16629,0.11317,0.07660
3.7625,-0.80331,4.05060,-0.63994,0.17320,0.10252,0.07221
3.7726,-1.06802,4.15901,-0.66932,0.17938,0.10474,0.06414
3.7826,-0.97015,4.05888,-0.57399,0.16661,0.10245,0.05173
3.7926,-1.09206,4.07159,-0.76728,0.16943,0.10947,0.04367
3.8026,-0.63911,4.01486,-0.66176,0.17446,0.11641,0.02997
3.8125,-1.05845,3.94792,-0.61551,0.18093,0.11174,0.01189
3.8229,-0.55921,3.80387,-0.60430,0.17817,0.11128,0.00476
3.8326,-0.48688,4.01350,-0.76394,0.18442,0.10580,-0.00122
3.8426,-0.46527,3.69185,-0.64492,0.18140,0.10711,-0.01255
3.8526,-0.81584,3.70952,-0.66522,0.18326,0.11123,-0.02078
3.8627,-0.86969,3.85173,-0.76646,0.17505,0.11422,-0.02085
3.8724,-0.83919,3.81059,-0.83219,0.18403,0.11394,-0.02235
3.8828,-0.44656,3.95704,-0.73049,0.18491,0.10788,-0.02481
3.8924,-0.73849,3.70275,-0.85839,0.17909,0.10258,-0.02208
3.9026,-0.77578,3.98483,-0.85259,0.18067,0.11079,-0.02332
3.9126,-0.47550,3.92566,-0.97422,0.18319,0.10105,-0.02436
3.9228,-0.80702,3.96791,-0.71996,0.17625,0.10852,-0.01996
3.9326,-0.61590,3.79764,-0.87241,0.17218,0.10445,-0.01675
3.9425,-0.49325,3.99546,-0.73678,0.17286,0.10217,-0.01572
3.9525,-0.77839,3.72592,-0.63443,0.17564,0.11430,-0.00996
3.9630,-0.71150,3.96744,-1.01739,0.17062,0.10294,-0.01649
3.9728,-0.59837,4.11135,-0.88233,0.16989,0.10330,-0.01016
3.9827,-0.79762,3.86870,-0.81089,0.17894,0.11645,-0.00238
3.9926,-0.46600,3.53331,-1.05819,0.18746,0.10529,-0.00242
4.0024,-0.49599,3.80087,-1.22532,0.16536,0.09099,0.01364
4.0125,-0.72119,3.84649,-0.98158,0.17048,0.10809,0.02155
4.0226,-0.65874,3.81370,-1.09780,0.16549,0.10754,0.03336
4.0323,-0.88514,4.31392,-1.20423,0.16301,0.11447,0.04075
4.0427,-0.65585,3.80152,-0.85068,0.16520,0.10523,0.05185
4.0522,-0.41488,3.63561,-0.81718,0.17865,0.11132,0.06329
4.0626,-0.62601,4.15428,-1.22273,0.16982,0.11119,0.07148
4.0727,-0.37956,3.55482,-1.11813,0.17382,0.10575,0.08270
4.0825,-0.40748,3.43240,-0.60296,0.17833,0.10732,0.09159
4.0923,-0.23114,3.36234,-0.66731,0.17480,0.13217,0.09295
4.1027,-0.07871,4.07393,-1.07735,0.15288,0.12075,0.09868
4.1128,-0.02801,3.51756,-0.53013,0.17203,0.12670,0.09022
4.1226,-0.12975,3.68740,-0.75795,0.17279,0.12462,0.09459
4.1324,0.13774,3.78731,-1.00556,0.15971,0.14139,0.09138
4.1427,-0.28000,2.99478,-0.64632,0.18219,0.12797,0.09066
4.1525,-0.42350,3.81290,-0.81875,0.16691,0.13689,0.08852
4.1629,-0.15278,3.94846,-1.04443,0.16256,0.13135,0.08841
4.1726,-0.00484,3.72976,-1.16518,0.16350,0.13850,0.09187
4.1825,-0.56361,3.69640,-1.04731,0.17526,0.11637,0.09160
4.1925,0.02138,4.01401,-1.66226,0.17490,0.12142,0.08237
4.2027,0.10795,3.54517,-1.60441,0.16449,0.15574,0.09746
4.2125,-0.22754,3.81717,-1.14421,0.15747,0.12990,0.09396
4.2226,0.20704,4.02276,-1.48334,0.15523,0.13587,0.09509
4.2325,-0.13153,4.89427,-1.92093,0.12740,0.12666,0.09378
4.2425,-0.30922,3.97298,-1.24656,0.16388,0.10320,0.09118
4.2524,-0.58537,4.10535,-1.16778,0.17453,0.13225,0.09356
4.2626,0.03582,4.18124,-1.15887,0.15720,0.13109,0.09614
4.2724,-0.44215,3.89194,-1.58015,0.16025,0.10055,0.09721
4.2826,-0.25865,3.47393,-1.11490,0.18199,0.10270,0.09807
4.2925,-0.15934,3.18619,-1.66669,0.19112,0.13116,0.09972
4.3026,-1.45112,4.60978,-2.09859,0.14068,0.09608,0.10317
4.3124,-1.61246,3.26349,-1.01755,0.17623,0.10837,0.10535
4.3229,-0.71218,3.97285,-1.11677,0.15561,0.10510,0.10603
4.3327,-1.18299,5.64699,-1.67372,0.10583,0.09008,0.11084
4.3429,-1.26893,4.25073,-0.87327,0.14286,0.09823,0.11413
4.3524,-1.16371,4.03524,-0.55356,0.15759,0.10523,0.11656
4.3627,-0.86596,4.89971,-0.85715,0.12919,0.12396,0.11773
4.3725,-1.27861,5.03805,-0.87691,0.11943,0.09703,0.12024
4.3831,-1.14242,4.22266,-0.21250,0.14350,0.11368,0.12197
4.3927,-0.66842,3.57529,-1.02564,0.17134,0.10306,0.12363
4.4027,-1.32548,4.76501,-1.48125,0.13111,0.10982,0.13228
4.4129,-1.09617,3.49125,-0.45759,0.16329,0.10315,0.12921
4.4226,-0.77939,3.39290,-0.31216,0.16855,0.12235,0.11923
4.4325,-0.84817,5.30248,-1.38428,0.10857,0.12944,0.11959
4.4426,-0.60704,3.47326,-0.96762,0.14875,0.12667,0.12412
4.4524,0.39185,2.85382,-0.22006,0.16584,0.14418,0.11868
4.4625,-0.76262,3.27207,-0.32663,0.15326,0.13972,0.10363
4.4725,-0.36096,4.16670,-0.63021,0.13021,0.13093,0.10646
4.4823,-1.09367,4.06801,-0.40310,0.13744,0.11799,0.11526
4.4925,-0.42287,3.01098,-0.42141,0.18224,0.09826,0.13022
4.5026,-0.24186,3.90353,-0.79923,0.15129,0.14397,0.12473
4.5124,-1.01570,3.08624,0.03045,0.16361,0.10424,0.12327
4.5227,-0.84535,3.45637,0.27231,0.16264,0.10298,0.11437
4.5326,-0.08003,4.52043,-0.14465,0.11487,0.14927,0.12639
4.5426,-1.12104,3.44255,0.39184,0.13892,0.10820,0.13467
4.5528,-1.30753,3.36356,-0.16807,0.15400,0.08370,0.12491
4.5626,-1.49592,4.10875,-0.11970,0.12421,0.09918,0.11692
4.5726,-1.59501,3.72097,0.78582,0.12655,0.08798,0.12652
4.5825,-2.25831,4.25194,1.22782,0.11085,0.07338,0.12066
4.5924,-0.93166,3.50916,0.61444,0.15540,0.10803,0.12234
4.6025,0.08676,3.30620,0.17510,0.16553,0.13309,0.11534
4.6125,-1.88296,2.68113,0.78416,0.16958,0.06826,0.11029
4.6226,-1.86894,3.16214,0.79870,0.15864,0.07355,0.11650
4.6326,-1.85235,3.20618,0.57591,0.16238,0.07586,0.11608
4.6426,-2.75134,3.60019,1.07977,0.13922,0.05852,0.10958
4.6524,-2.24196,2.79132,1.48978,0.15920,0.05764,0.11425
4.6627,-1.96476,3.39762,1.30674,0.15073,0.08070,0.11580
4.6725,-1.78488,3.70442,1.42251,0.15442,0.09054,0.12018
4.6823,-1.88860,3.51794,0.84833,0.13486,0.06934,0.11197
4.6924,-1.71250,3.17990,0.85501,0.15447,0.08905,0.11008
4.7024,-2.22220,2.91278,0.73296,0.15845,0.07210,0.11275
4.7127,-1.69810,2.86253,1.02745,0.14736,0.06256,0.11462
4.7226,-2.41259,3.16571,1.31604,0.15747,0.06970,0.11722
4.7324,-2.06170,3.54411,1.04315,0.14262,0.08226,0.11067
4.7424,-1.93890,3.35755,0.90072,0.15120,0.07205,0.10519
4.7528,-1.67024,3.23446,0.43101,0.14587,0.07912,0.10781
4.7628,-1.73501,3.51665,0.15843,0.15936,0.08431,0.10214
4.7726,-1.60110,3.52259,0.22758,0.16093,0.07915,0.07593
4.7824,-1.64642,3.53426,0.03631,0.15545,0.08603,0.03133
4.7925,-1.26758,3.85474,-0.17771,0.14593,0.08073,-0.00389
4.8026,-1.45403,3.64608,-0.25790,0.15197,0.08919,-0.04680
4.8125,-0.59176,3.82115,-0.18886,0.15357,0.09089,-0.08961
4.8226,-1.31396,3.62367,-0.25542,0.15076,0.08233,-0.11212
4.8323,-1.13649,4.54148,-0.94639,0.14265,0.09017,-0.10450
4.8427,-0.98917,4.41607,-0.79864,0.14452,0.09305,-0.10605
4.8525,-1.08961,4.49030,-0.95644,0.14305,0.08723,-0.10805
4.8626,-1.25318,4.62008,-1.16558,0.13609,0.09198,-0.10665
4.8725,-1.40219,4.54882,-1.34972,0.13890,0.09136,-0.10458
4.8825,-1.09003,4.32938,-0.86493,0.15479,0.10253,-0.10957
4.8925,-1.22558,4.58943,-1.38304,0.13601,0.09029,-0.10914
4.9026,-1.33564,4.67031,-1.45135,0.13449,0.09641,-0.11319
4.9126,-1.17940,4.90990,-1.15729,0.14594,0.09019,-0.10871
4.9225,-0.80384,4.31966,-0.71698,0.14163,0.10386,-0.10841
4.9327,-1.29184,5.23915,-1.26681,0.12421,0.08907,-0.10737
4.9426,-1.26549,4.79663,-0.64102,0.13796,0.10490,-0.10734
4.9527,-0.82327,3.82860,-0.09692,0.15317,0.10495,-0.10578
4.9629,-0.83163,4.39868,-0.64745,0.14369,0.10645,-0.10686
4.9725,-0.92366,4.03408,-0.18571,0.15265,0.10924,-0.10737
4.9826,-0.78815,4.62032,-0.17542,0.14914,0.11290,-0.10373
4.9924,-1.17545,3.96677,0.13654,0.15357,0.10590,-0.11098
5.0026,-1.11288,4.49579,-0.06107,0.14183,0.10428,-0.10382
5.0125,-0.83416,4.35077,0.15893,0.14951,0.11555,-0.10420
5.0225,-0.96074,3.90746,0.50285,0.15842,0.10930,-0.10877
5.0326,-1.01330,4.35174,0.43350,0.15205,0.10425,-0.10930
5.0427,-0.80345,4.24817,-0.00767,0.15548,0.10330,-0.11116
5.0526,-0.86009,4.00985,0.12358,0.16098,0.09930,-0.10447
5.0627,-0.33724,4.15871,-0.04303,0.15677,0.10145,-0.10673
5.0723,-0.60880,3.90133,-0.36496,0.14135,0.09992,-0.10112
5.0825,-0.64357,3.80556,0.10675,0.15660,0.09359,-0.10103
5.0923,-1.21814,3.94115,-0.21008,0.16056,0.09615,-0.11173
5.1024,-1.10896,4.06705,-0.50370,0.14247,0.10998,-0.10734
5.1127,-1.36616,3.59871,-0.16864,0.16060,0.09798,-0.10742
5.1227,-0.86943,4.09123,-0.47491,0.15495,0.10913,-0.10758
5.1327,-1.25561,4.29606,-0.59075,0.12344,0.10233,-0.11011
5.1426,-1.13241,4.03163,-0.54076,0.14490,0.08918,-0.09871
5.1526,-0.78333,4.05797,-0.43836,0.15181,0.10314,-0.10333
5.1626,-1.07016,4.37242,-1.12864,0.13532,0.09503,-0.10678
5.1726,-1.09731,3.93303,-1.30248,0.13991,0.09224,-0.10786
5.1828,-1.05495,3.56086,-0.59142,0.15700,0.10575,-0.10305
5.1927,-1.12746,3.97882,-0.90351,0.14501,0.09717,-0.10849
5.2025,-1.27361,4.37224,-0.93442,0.13361,0.09699,-0.10778
5.2123,-0.91384,4.28018,-0.45005,0.14794,0.09117,-0.10862
5.2223,-1.12178,4.15404,-0.39578,0.14003,0.09622,-0.10653
5.2325,-1.43798,4.58149,-0.47091,0.13108,0.09150,-0.11200
5.2423,-0.67669,3.53311,0.20655,0.14210,0.10252,-0.11062
5.2526,-1.02859,4.58789,0.17612,0.13217,0.09768,-0.10723
5.2627,-0.51809,4.21699,0.11963,0.14160,0.10389,-0.10273
5.2724,-0.88022,3.83505,0.05877,0.15240,0.10064,-0.10684
5.2824,-0.53287,3.35705,0.46548,0.14687,0.11101,-0.11040
5.2926,-0.29773,3.57761,0.37016,0.15395,0.10597,-0.10715
5.3026,-0.61913,3.55620,0.49374,0.14792,0.10284,-0.10570
5.3124,-0.44691,3.67643,0.49740,0.15393,0.10597,-0.10931
5.3228,-0.56875,3.24346,0.66680,0.15618,0.10494,-0.10050
5.3324,-0.60052,3.77587,0.10672,0.13948,0.09989,-0.10823
5.3424,-0.66259,3.58030,0.42162,0.15366,0.10529,-0.10389
5.3526,-0.88664,3.50948,0.47730,0.15040,0.09079,-0.10502
5.3624,-0.28995,3.72659,0.37787,0.15095,0.10138,-0.10351
5.3726,-1.19154,3.78851,-0.09486,0.14625,0.10332,-0.10719
5.3825,-0.50297,3.81432,0.20987,0.15339,0.10156,-0.10365
5.3925,-0.59606,3.61929,0.16740,0.14381,0.10346,-0.10714
5.4028,-0.67999,3.73674,-0.02340,0.15033,0.09627,-0.10674
5.4127,-0.66324,3.61163,0.02396,0.14620,0.09909,-0.10366
5.4229,-0.86758,3.86993,-0.01446,0.14854,0.10233,-0.11425
5.4324,-0.65082,3.77497,-0.00770,0.15218,0.09362,-0.10634
5.4427,-0.76367,3.81856,0.17274,0.13940,0.09348,-0.10687
5.4526,-0.60746,3.98601,0.00818,0.14979,0.08332,-0.10957
5.4626,-0.66514,3.62907,0.03447,0.14031,0.09694,-0.11060
5.4724,-0.79849,3.76704,-0.12567,0.14181,0.08997,-0.10774
5.4832,-0.78606,3.51087,-0.08752,0.14647,0.09877,-0.10989
5.4925,-0.83334,3.64130,-0.16249,0.14564,0.09132,-0.10913
5.5025,-0.89923,3.88317,-0.17130,0.14361,0.09004,-0.11030
5.5125,-0.78339,3.71588,-0.05199,0.13620,0.08996,-0.11195
5.5225,-0.79267,4.15868,-0.25489,0.14391,0.08709,-0.10674
5.5323,-0.74059,3.99418,-0.21766,0.13698,0.07695,-0.11014
5.5426,-0.83590,4.05336,-0.27158,0.13314,0.07131,-0.10979
5.5525,-0.92295,3.94975,-0.39760,0.13387,0.07893,-0.10972
5.5624,-0.90193,3.99977,-0.48530,0.12913,0.08830,-0.10916
5.5726,-1.00304,4.06217,-0.40423,0.13431,0.06847,-0.10438
5.5826,-1.03721,4.19420,-0.38622,0.13831,0.06941,-0.10995
5.5925,-1.10454,4.05594,-0.58715,0.13704,0.06182,-0.11249
5.6027,-1.00459,4.00110,-0.59019,0.13658,0.07802,-0.10347
5.6125,-1.09741,3.72035,-0.48268,0.13947,0.06481,-0.11187
5.6223,-1.03636,3.90154,-0.55595,0.13891,0.06108,-0.11077
5.6325,-1.23685,3.92422,-0.75203,0.13090,0.07164,-0.11199
5.6432,-1.35018,3.70772,-0.48691,0.14472,0.06527,-0.10483
5.6525,-1.03869,4.09866,-0.53076,0.13291,0.06927,-0.11214
5.6627,-1.43788,3.92626,-0.52388,0.14446,0.04754,-0.10919
5.6725,-1.08095,4.19091,-0.79148,0.13385,0.05420,-0.11155
5.6825,-1.18179,3.81866,-0.69296,0.14407,0.05075,-0.10448
5.6926,-1.34790,3.63328,-0.80706,0.15141,0.05645,-0.11136
5.7026,-1.02181,4.26892,-0.78785,0.13887,0.06771,-0.11378
5.7126,-0.86834,4.31857,-0.56249,0.14094,0.06856,-0.11337
5.7225,-0.64069,4.34433,-0.66016,0.13184,0.07582,-0.11714
5.7327,-0.92161,4.46973,-0.84224,0.12832,0.07233,-0.11802
5.7426,-0.65866,4.46392,-0.41707,0.14122,0.06872,-0.11529
5.7525,-0.66808,4.29799,-0.46433,0.14916,0.07994,-0.11945
5.7624,-0.62694,4.64778,-0.73265,0.12677,0.09014,-0.12139
5.7723,-0.61417,4.35166,-0.75673,0.13007,0.07676,-0.11968
5.7827,-0.42703,4.31414,-0.36224,0.14055,0.09387,-0.12094
5.7925,-0.51854,4.57917,-0.57496,0.12904,0.09691,-0.13324
5.8028,-0.48730,4.68534,-0.75903,0.12538,0.08298,-0.12745
5.8123,-0.16715,4.39642,-0.16387,0.14120,0.07731,-0.13103
5.8226,-0.25317,4.06345,-0.00380,0.13709,0.08090,-0.12766
5.8324,-0.47407,4.46041,-0.29344,0.13118,0.06197,-0.12610
5.8425,-0.42051,4.40516,-0.22227,0.13851,0.07771,-0.12778
5.8525,-0.32960,4.29289,0.19055,0.14716,0.08118,-0.12847
5.8623,-0.79451,4.10002,0.22994,0.14390,0.06883,-0.13170
5.8725,-0.55138,4.31837,0.23402,0.13856,0.06598,-0.12519
5.8823,-0.69061,4.21926,0.03936,0.14933,0.06659,-0.12853
5.8925,-0.57536,4.26632,0.13426,0.14335,0.06389,-0.12418
5.9026,-1.20743,3.96969,0.14785,0.14667,0.04339,-0.12902
5.9124,-0.80981,4.08056,0.01629,0.14292,0.05556,-0.12897
5.9225,-0.79791,4.45725,-0.12827,0.13517,0.04670,-0.12255
5.9324,-1.39355,4.18524,-0.12955,0.14631,0.04459,-0.12742
5.9428,-0.93323,4.16225,-0.08427,0.14268,0.05122,-0.12389
5.9523,-0.99451,3.74640,-0.17005,0.14070,0.05552,-0.12025
5.9630,-1.03735,4.27167,-0.91154,0.14327,0.04155,-0.12239
5.9727,-0.83036,4.35973,-1.21889,0.13047,0.04739,-0.11969
5.9826,-0.96785,3.76213,-1.19041,0.14135,0.03275,-0.12069
5.9926,-1.28796,3.68144,-1.19330,0.14192,0.03025,-0.11757
6.0025,-0.88580,4.19648,-1.68017,0.13410,0.04156,-0.11540
6.0124,-0.65439,3.67162,-1.14284,0.13647,0.04355,-0.11051
6.0225,-0.16315,3.57374,-1.03069,0.13342,0.05839,-0.11590
6.0330,-0.87544,4.01573,-1.23816,0.13619,0.04152,-0.11290
6.0428,-0.13850,3.60128,-0.88711,0.13754,0.06066,-0.11616
6.0525,-0.42783,4.06207,-0.53328,0.12511,0.06650,-0.11906
6.0626,-0.27134,3.78074,-0.31653,0.12932,0.06846,-0.11559
6.0726,-0.57795,4.01014,-0.24211,0.12913,0.05897,-0.10894
6.0827,-0.05432,3.82675,0.18020,0.13518,0.06498,-0.10740
6.0925,-0.12941,3.96698,0.30764,0.14559,0.06089,-0.10931
6.1025,-0.23089,4.33055,0.33273,0.12166,0.06384,-0.10636
6.1124,-0.36598,4.00295,0.38509,0.11823,0.05592,-0.08594
6.1227,-0.46119,3.97757,0.66331,0.11493,0.06694,-0.06105
6.1323,-0.21584,4.14323,0.44075,0.11757,0.06647,-0.03267
6.1426,-0.09513,4.01045,0.85591,0.12365,0.07243,-0.00263
6.1527,-0.40960,3.81355,0.68243,0.12534,0.07070,0.03028
6.1624,-0.10443,3.89091,0.60388,0.11790,0.08545,0.05624
6.1725,-0.24145,3.84075,0.38319,0.12370,0.07048,0.07531
6.1826,-0.47500,3.36688,0.70325,0.11987,0.07564,0.08686
6.1924,-0.04599,2.93014,0.57304,0.13698,0.08435,0.08749
6.2026,-0.47176,3.67336,0.54424,0.11602,0.05783,0.08326
6.2126,-0.39986,3.29383,0.59430,0.12730,0.07402,0.08701
6.2223,-0.22398,3.28903,0.51359,0.12056,0.06973,0.07721
6.2325,-0.58191,3.72244,0.48066,0.11008,0.05427,0.08606
6.2424,-0.70570,3.64322,0.37177,0.10064,0.05415,0.08784
6.2525,-0.67754,4.15721,0.34996,0.08891,0.05664,0.08394
6.2626,-0.46076,3.77174,0.39983,0.10935,0.06486,0.08642
6.2726,-0.23262,3.25508,0.10435,0.12839,0.07206,0.08755
6.2833,-0.68215,3.58898,0.01529,0.11047,0.05559,0.08198
6.2925,-0.26338,2.90285,0.07226,0.12973,0.07393,0.08186
6.3026,-0.80562,3.36018,-0.04498,0.10426,0.05839,0.08375
6.3126,-0.83892,3.81805,-0.33932,0.09328,0.03319,0.08407
6.3227,-0.58288,3.54943,-0.47525,0.10601,0.05001,0.08840
6.3323,-0.72207,3.48037,-0.43422,0.10530,0.05134,0.08361
6.3424,-0.68403,3.07583,-0.59894,0.13006,0.05340,0.08157
6.3524,-0.12576,2.92434,-0.72612,0.12732,0.06229,0.08366
6.3625,-0.44160,2.59833,-0.79509,0.14084,0.07011,0.08329
6.3725,-0.43378,2.86504,-1.41984,0.14038,0.05350,0.08163
6.3826,-0.13549,2.46096,-1.57385,0.14093,0.05753,0.08668
6.3923,0.32685,2.40211,-1.24326,0.15010,0.06747,0.08818
6.4023,-0.31981,2.78155,-1.29960,0.12787,0.05279,0.09572
6.4124,-0.28253,3.35504,-1.07290,0.12007,0.04586,0.08656
6.4224,-0.20749,2.79400,-0.85512,0.13942,0.07431,0.08873
6.4324,-0.72115,2.91115,-0.38291,0.13566,0.05412,0.08508
6.4427,-0.64980,3.01554,-0.31001,0.12790,0.05903,0.07975
6.4524,-0.33677,3.26539,-0.67339,0.14131,0.04480,0.08496
6.4624,-0.72204,3.83937,-0.52845,0.11712,0.04935,0.08701
6.4725,-1.09660,3.57288,-0.25765,0.11948,0.05906,0.08949
6.4828,-0.63437,3.87304,-0.34556,0.10927,0.04247,0.08294
6.4924,-0.73614,4.39701,-0.05340,0.09271,0.06100,0.08677
6.5024,-1.05995,4.06399,0.54782,0.09911,0.05698,0.09054
6.5125,-0.77577,3.94154,0.62981,0.11786,0.05898,0.09035
6.5225,-0.91467,3.87333,0.36210,0.11040,0.04926,0.08535
6.5326,-1.18759,4.34969,0.04222,0.10023,0.04751,0.08721
6.5425,-1.40416,4.20881,0.04622,0.09731,0.04305,0.08936
6.5526,-0.20094,3.37634,-0.27115,0.13451,0.07729,0.09174
6.5626,-0.52918,2.74876,-0.58326,0.13843,0.06244,0.08756
6.5727,-0.64893,2.81041,-0.24791,0.14386,0.04669,0.08280
6.5827,-1.01962,3.36984,-0.02704,0.11419,0.04523,0.08549
6.5925,-0.30163,3.66754,0.27650,0.11428,0.05981,0.09273
6.6026,-0.88683,3.13444,-0.06148,0.13019,0.04756,0.08921
6.6125,-0.60482,3.56687,-1.08223,0.10712,0.05915,0.08755
6.6226,-0.99361,3.74793,-1.07899,0.11870,0.04880,0.08867
6.6326,-0.26861,3.45145,-1.01008,0.12433,0.05573,0.08830
6.6427,-0.45726,3.52412,-0.97591,0.10861,0.06381,0.09311
6.6524,-0.60957,3.20482,-0.84294,0.12808,0.05983,0.08976
6.6631,-0.87617,3.24242,-0.53075,0.13717,0.05656,0.09107
6.6726,-0.85320,3.22509,-0.36457,0.13213,0.05684,0.08386
6.6828,-0.57004,3.06020,0.20736,0.14324,0.06129,0.08947
6.6925,-0.89869,4.32897,0.00935,0.10447,0.05193,0.08626
6.7028,-1.28213,4.45601,-0.28969,0.10213,0.04787,0.08300
6.7126,-0.88449,3.62745,-0.58139,0.11163,0.04672,0.08673
6.7225,-1.16870,4.30144,-0.75759,0.08511,0.04644,0.09414
6.7325,-1.13788,4.74143,-0.41188,0.07744,0.05342,0.09372
6.7426,-0.78394,4.09703,-0.03525,0.10078,0.06608,0.07945
6.7524,-1.21426,4.33771,0.67543,0.09486,0.06158,0.09198
6.7630,-1.11624,4.73909,1.13578,0.08616,0.05497,0.08512
6.7725,-1.12605,3.92442,1.42508,0.11606,0.04577,0.08929
6.7824,-1.33318,4.03833,0.03809,0.11395,0.02974,0.09282
6.7927,-0.69414,2.01485,-0.85611,0.26929,-0.07575,0.12446
6.8029,-1.50236,3.76031,-0.61365,0.14640,-0.01373,0.10766
6.8125,-0.23526,4.86268,0.62756,0.06411,0.07155,0.07053
6.8227,-0.40486,4.03317,1.04036,0.12368,0.06985,0.09552
6.8328,-1.38346,3.45068,2.22203,0.13804,0.06036,0.09081
6.8428,-1.01526,3.16039,2.06004,0.14771,0.05519,0.08966
6.8525,-0.80518,3.30981,1.30768,0.13622,0.07033,0.08644
6.8627,-0.88307,3.33165,0.81754,0.13110,0.06188,0.08840
6.8725,-0.77097,3.28272,1.23981,0.13522,0.06274,0.08733
6.8824,-1.08776,4.39118,0.99646,0.10556,0.06391,0.08398
6.8927,-0.31937,3.58547,1.54469,0.12406,0.07476,0.08671
6.9026,-0.75923,3.28363,2.00433,0.13158,0.05420,0.08920
6.9126,-1.05639,3.29032,1.42289,0.14990,0.06740,0.07974
6.9227,-0.48765,3.09251,0.94709,0.14425,0.06877,0.07976
6.9324,-0.47050,2.48004,1.50653,0.15463,0.07392,0.08056
6.9425,-0.73590,3.36355,1.12180,0.14207,0.06843,0.06734
6.9525,-0.60971,4.04009,0.67635,0.12256,0.06859,0.05696
6.9626,-0.78123,3.40625,0.96444,0.15081,0.08186,0.02865
6.9725,-0.81509,2.90349,1.58273,0.16573,0.08135,0.00821
6.9824,-0.70597,4.04151,0.55047,0.13075,0.05078,-0.00886
6.9927,-0.64874,3.55377,0.42293,0.13552,0.07067,-0.03245
7.0028,-0.64821,3.93751,0.47216,0.15061,0.05001,-0.05320
7.0123,-0.63043,3.97338,0.18335,0.14350,0.08373,-0.06428
7.0226,-0.79324,4.27504,0.21521,0.14916,0.07058,-0.08613
7.0324,-0.60261,3.38201,0.61059,0.16561,0.08011,-0.09642
7.0429,-0.69645,3.75078,0.06492,0.15980,0.07149,-0.11165
7.0526,-1.09446,4.63087,-0.22886,0.12186,0.06811,-0.11976
7.0631,-1.17789,3.77649,0.24917,0.16355,0.05491,-0.12260
7.0726,-0.70292,3.35016,0.10916,0.17235,0.07949,-0.11824
7.0828,-1.30287,4.53152,-0.73111,0.14491,0.05551,-0.12244
7.0926,-0.98249,4.42091,-0.53887,0.14215,0.05841,-0.11333
7.1026,-0.92486,4.04455,-0.17686,0.15870,0.05777,-0.10841
7.1125,-0.87227,4.41098,-0.54084,0.15579,0.07414,-0.10892
7.1229,-0.90187,4.51664,-0.73351,0.14651,0.07084,-0.11544
7.1325,-0.80338,4.04163,-0.67652,0.16690,0.06920,-0.11343
7.1427,-1.28201,4.42696,-0.87429,0.15411,0.07425,-0.11457
7.1525,-1.14874,4.73883,-1.03951,0.13242,0.06543,-0.11936
7.1628,-1.13092,4.10590,-0.58320,0.16311,0.07202,-0.10667
7.1724,-0.95979,4.90819,-0.57345,0.15290,0.07619,-0.11521
7.1826,-1.03564,4.65623,-0.79372,0.16475,0.06687,-0.11172
7.1925,-1.65691,4.74706,-0.95079,0.15440,0.03677,-0.11145
7.2024,-1.28571,4.69479,-1.14728,0.16048,0.07398,-0.11012
7.2125,-1.10473,4.42768,-1.09046,0.16633,0.07210,-0.11422
7.2226,-0.81000,4.43573,-1.15930,0.16768,0.07043,-0.11282
7.2323,-0.89786,4.48413,-1.13436,0.16287,0.07378,-0.11084
7.2428,-0.64313,4.11462,-1.13169,0.16983,0.07476,-0.10798
7.2524,-1.05453,4.35834,-1.02425,0.17324,0.07715,-0.11109
7.2625,-1.08411,4.17899,-0.94340,0.17378,0.07353,-0.10882
7.2726,-0.68763,4.32316,-1.14734,0.16487,0.06979,-0.10734
7.2825,-0.97470,4.21276,-1.06758,0.17556,0.07445,-0.10619
7.2925,-0.97235,4.55741,-0.98028,0.16867,0.07821,-0.10898
7.3026,-0.91182,4.05945,-1.02239,0.16860,0.08719,-0.10615
7.3124,-0.75018,4.17047,-0.95296,0.17447,0.08504,-0.10879
7.3226,-1.01401,4.02682,-0.95691,0.18618,0.08498,-0.10458
7.3324,-0.89352,4.03785,-0.97584,0.19059,0.08361,-0.10346
7.3423,-0.71953,3.81383,-1.01339,0.18430,0.07779,-0.09868
7.3523,-0.78454,4.06889,-1.23335,0.17743,0.07952,-0.09392
7.3625,-0.80843,3.31375,-0.58977,0.19404,0.09076,-0.08938
7.3724,-0.55750,3.54132,-0.47117,0.18197,0.09039,-0.08510
7.3824,-0.59791,3.79397,-0.41860,0.18488,0.08057,-0.07791
7.3927,-0.71517,3.74564,-0.37343,0.18429,0.08471,-0.06823
7.4026,-0.70062,3.56432,-0.30490,0.17846,0.09665,-0.04882
7.4127,-0.73861,3.71599,-0.19059,0.18819,0.08759,-0.03394
7.4228,-0.52148,3.47080,-0.31885,0.18142,0.09342,-0.01753
7.4326,-0.54846,3.50044,-0.30636,0.16932,0.09472,0.00093
7.4424,-0.54698,3.70192,-0.19435,0.16977,0.09391,0.01955
7.4524,-0.55806,3.49745,-0.26166,0.17378,0.09174,0.03251
7.4625,-0.47272,3.44168,-0.08794,0.18701,0.07773,0.05162
7.4726,-0.66006,3.27786,-0.23349,0.18375,0.09616,0.07668
7.4826,-0.70684,3.28552,-0.27735,0.17950,0.09632,0.09361
7.4924,-0.37680,2.64572,-0.24076,0.19079,0.09060,0.09781
7.5026,-0.52460,3.19837,-0.75095,0.18428,0.09639,0.09216
7.5124,-0.51163,2.97062,-0.14475,0.20058,0.10317,0.09864
7.5225,-0.51132,2.39450,-0.11979,0.19576,0.10010,0.09315
7.5325,-0.32600,2.18179,0.15288,0.21089,0.10398,0.09903
7.5428,-0.42348,2.00266,-0.19893,0.19979,0.08740,0.09616
7.5527,-0.22106,2.31452,0.15300,0.20693,0.10251,0.10190
7.5625,-0.29966,2.08397,0.19640,0.21079,0.10716,0.10008
7.5726,-0.29223,2.06517,-0.08596,0.20988,0.11419,0.09869
7.5828,-0.56160,2.07663,-0.31491,0.21049,0.10242,0.09404
7.5926,-0.27779,2.46040,0.15396,0.20249,0.09784,0.08844
7.6027,-0.12574,2.02348,0.49972,0.20587,0.10163,0.09589
7.6128,-0.80787,2.18112,0.52544,0.21006,0.09077,0.08631
7.6228,-0.76321,3.29275,0.55712,0.17060,0.10066,0.08972
7.6324,-0.84376,2.97156,1.29164,0.19579,0.08014,0.08848
7.6428,-1.26503,3.33960,1.21831,0.17701,0.08725,0.08660
7.6525,-0.86819,3.39009,0.49052,0.18617,0.09497,0.08575
7.6625,-1.27588,3.96056,0.10650,0.16422,0.07850,0.09028
7.6724,-0.97478,3.93486,-0.19531,0.16550,0.09456,0.08535
7.6826,-0.93775,4.53706,0.23588,0.15590,0.08440,0.08387
7.6924,-0.63703,4.21337,0.81988,0.14857,0.08691,0.08700
7.7024,-1.19311,3.98613,1.39732,0.16221,0.07256,0.09091
7.7125,-1.07797,4.66413,0.65674,0.14437,0.09186,0.09008
7.7226,-1.51897,4.14433,0.11464,0.16836,0.05924,0.08175
7.7324,-1.21992,4.45827,-0.12494,0.14688,0.08034,0.08750
7.7425,-0.79388,4.00486,-0.73671,0.16519,0.06683,0.08602
7.7523,-1.05961,4.85901,-0.60895,0.13023,0.08719,0.08669
7.7626,-1.25085,4.14357,-0.41887,0.14904,0.08843,0.08318
7.7722,-1.14369,4.50443,-0.41127,0.14477,0.08737,0.08844
7.7826,-1.29712,4.41788,-0.42527,0.14258,0.08730,0.08508
7.7924,-0.70008,4.31075,-0.07020,0.15404,0.07048,0.07705
7.8025,-1.06221,4.05865,0.05965,0.14881,0.09838,0.08031
7.8125,-0.80971,4.21275,-0.16283,0.15730,0.08816,0.08721
7.8227,-1.12432,4.39242,0.09212,0.14868,0.10201,0.08146
7.8323,-0.78506,4.74971,-0.11924,0.14760,0.10003,0.08500
7.8426,-1.18777,4.18851,-0.07395,0.15585,0.09798,0.08066
7.8526,-0.97592,4.27239,0.17170,0.15500,0.09187,0.08738
7.8626,-1.00710,4.31969,0.00585,0.16020,0.09668,0.07834
7.8725,-0.83010,4.04703,0.05986,0.15547,0.09378,0.08421
7.8829,-0.76554,4.10169,0.01923,0.15905,0.09015,0.08207
7.8926,-0.79664,3.71758,0.14248,0.16210,0.09750,0.07644
7.9024,-0.74070,3.80515,0.09155,0.14938,0.09683,0.08814
7.9127,-1.01500,3.96210,-0.29029,0.16464,0.10438,0.08084
7.9226,-1.11003,3.94239,-0.40143,0.16246,0.08082,0.08076
7.9323,-1.02257,3.95547,-0.13263,0.16377,0.09811,0.08331
7.9426,-1.31792,3.79154,-0.08702,0.17045,0.08871,0.08072
7.9525,-1.25994,3.78217,-0.28709,0.16395,0.07237,0.08387
7.9626,-1.21234,4.09143,-0.52238,0.16522,0.09182,0.07739
7.9726,-1.28766,3.64383,-0.36515,0.17032,0.08643,0.07898
7.9826,-1.46620,3.92855,-0.28899,0.16348,0.09125,0.07691
7.9925,-1.32442,3.98567,-0.27967,0.16933,0.06848,0.07523
8.0025,-1.51903,3.44124,-0.32914,0.16482,0.07383,0.08136
8.0125,-1.56461,3.61075,-0.56150,0.17442,0.07112,0.07892
8.0228,-1.51577,4.34381,-0.88227,0.15716,0.07303,0.07632
8.0324,-1.49790,3.54367,-0.40794,0.17576,0.08726,0.07855
8.0427,-1.45061,3.82281,-0.42110,0.16588,0.07544,0.07400
8.0526,-1.19648,3.61949,-0.05700,0.17376,0.06917,0.07446
8.0625,-1.47018,3.43427,0.08611,0.17786,0.07482,0.07968
8.0728,-1.41810,3.45114,-0.28493,0.17597,0.08251,0.07070
8.0830,-1.34061,3.56005,-0.16574,0.17794,0.07501,0.07389
8.0925,-1.10954,3.38162,-0.31250,0.16850,0.07591,0.08209
8.1028,-1.05117,3.58835,-0.15899,0.17384,0.09516,0.07720
8.1126,-0.92013,3.66797,-0.34568,0.17128,0.09021,0.07966
8.1226,-0.87348,3.46092,-0.23386,0.17098,0.09398,0.07681
8.1326,-0.77727,3.67566,-0.08191,0.16964,0.09787,0.07838
8.1425,-0.98911,3.43300,-0.06530,0.16723,0.09845,0.08087
8.1526,-1.04376,3.56392,-0.04940,0.16465,0.10489,0.07880
8.1626,-0.37593,3.28177,-0.18259,0.17379,0.09903,0.08001
8.1726,-0.67970,3.27741,-0.21185,0.17057,0.09714,0.07692
8.1825,-0.72667,3.61432,0.12231,0.17543,0.10031,0.07870
8.1924,-0.19818,3.52027,-0.01022,0.17426,0.11008,0.07777
8.2025,-0.03156,3.46654,-0.07330,0.16627,0.11704,0.08165
8.2124,-0.25058,3.45587,0.06277,0.17609,0.10980,0.08413
8.2224,-0.29674,3.66564,-0.07228,0.17359,0.11008,0.07975
8.2324,-0.02504,3.67969,-0.27244,0.17408,0.11824,0.08067
8.2424,-0.32652,3.49834,-0.37003,0.17152,0.10591,0.08639
8.2524,-0.08780,3.34416,-0.23648,0.18527,0.12162,0.08885
8.2624,-0.38277,3.09801,-0.29633,0.19237,0.11838,0.09093
8.2725,-0.39680,3.49661,-0.55846,0.18116,0.10741,0.09284
8.2827,-0.85243,3.32494,-0.40856,0.18107,0.10813,0.09087
8.2926,0.18833,3.05462,-0.39146,0.18717,0.10501,0.08454
8.3024,0.02857,3.55845,-1.03929,0.16471,0.13264,0.09153
8.3125,-0.44357,3.06493,-0.82950,0.17239,0.11346,0.09139
8.3224,0.04311,3.11813,-0.62151,0.17308,0.10612,0.08802
8.3323,0.05363,3.11199,-0.30116,0.18388,0.13248,0.09010
8.3425,-0.43078,2.99334,-0.01905,0.18418,0.09820,0.09216
8.3525,-0.42740,3.28594,0.21486,0.17900,0.10756,0.08528
8.3626,-0.57956,3.13165,0.77898,0.18295,0.10899,0.08610
8.3726,-0.23473,2.89734,0.61834,0.18515,0.11165,0.08845
8.3825,-0.74803,3.29565,0.72787,0.18514,0.10479,0.08769
8.3929,-0.56410,2.78966,1.19577,0.19153,0.10607,0.09401
8.4026,-0.16275,3.28935,1.07055,0.16899,0.13766,0.09544
8.4127,-1.12444,3.33618,0.93345,0.18488,0.09365,0.09085
8.4226,-0.87160,3.59005,0.85373,0.16904,0.10723,0.09535
8.4326,-0.08230,3.06179,1.11297,0.18567,0.11171,0.09316
8.4424,-1.12120,3.32452,1.01570,0.18950,0.09029,0.09314
8.4526,-0.93445,3.55266,0.50078,0.17082,0.10564,0.09283
8.4627,-1.66433,3.19106,0.94438,0.18781,0.08509,0.09136
8.4724,-1.66813,3.19060,0.68886,0.18015,0.09616,0.08953
8.4825,-2.52086,3.70293,0.54755,0.16823,0.06702,0.09775
8.4925,-2.01723,3.40638,0.62942,0.17940,0.06089,0.10184
8.5026,-1.68930,3.79014,0.38075,0.16714,0.06954,0.10277
8.5122,-2.01471,3.65429,0.34996,0.17237,0.06897,0.09649
8.5224,-1.64912,3.42161,0.10596,0.17707,0.06335,0.10157
8.5325,-0.75312,3.42438,0.16736,0.17920,0.09884,0.10006
8.5424,-1.54412,3.02683,0.03956,0.18154,0.07812,0.10239
8.5524,-1.34244,3.70049,-0.33958,0.17784,0.08112,0.10109
8.5625,-0.85423,3.35997,-0.60714,0.16910,0.08355,0.10453
8.5725,-1.06607,3.18402,-0.33321,0.18663,0.08242,0.09744
8.5824,-1.37621,3.49107,-0.60963,0.16746,0.07302,0.10251
8.5924,-1.00679,3.73245,-1.06918,0.16966,0.07028,0.10568
8.6025,-0.99406,3.75867,-0.91975,0.17365,0.09000,0.09922
8.6124,-1.00820,3.12026,-1.18233,0.18869,0.08312,0.10125
8.6226,-1.33561,3.48707,-1.42055,0.16800,0.06978,0.09673
8.6325,-1.21933,3.43211,-1.00905,0.18342,0.08000,0.10002
8.6425,-1.15655,3.49995,-0.89465,0.18193,0.07966,0.09829
8.6526,-0.99877,3.87174,-1.05184,0.16154,0.07214,0.10329
8.6627,-1.18114,3.77445,-0.85065,0.15652,0.06660,0.10360
8.6724,-1.48853,3.96942,-0.97889,0.16063,0.07661,0.09954
8.6826,-1.19815,4.00581,-0.85972,0.15038,0.06899,0.09753
8.6926,-1.03997,4.39710,-0.78739,0.15415,0.08153,0.09623
8.7026,-0.72529,4.09621,-0.57518,0.15056,0.10870,0.09896
8.7125,-0.96600,4.32382,-0.56122,0.14641,0.10289,0.09165
8.7226,-1.10427,4.35342,-0.62790,0.15654,0.09225,0.09342
8.7324,-0.68190,4.50284,-0.52294,0.14920,0.11570,0.08927
8.7427,-1.09639,4.19124,-0.25726,0.15748,0.10061,0.09173
8.7525,-0.86759,3.99039,-0.42778,0.15666,0.10000,0.08437
8.7625,-0.89446,3.81634,-0.17414,0.15751,0.10254,0.08929
8.7724,-0.84632,4.15878,-0.23329,0.16717,0.10236,0.09042
8.7827,-1.17278,4.27781,-0.26552,0.15138,0.08726,0.08554
8.7926,-1.34192,4.12671,-0.22797,0.15068,0.08088,0.08127
8.8027,-0.57301,3.98546,-0.07015,0.15717,0.11016,0.07139
8.8125,-0.93370,4.06266,0.15750,0.16171,0.10644,0.05937
8.8228,-1.30313,4.04610,0.11180,0.17870,0.08723,0.04299
8.8325,-0.55819,4.02296,-0.11894,0.16371,0.10474,0.02999
8.8427,-0.80176,3.93009,-0.16145,0.17541,0.09642,0.02348
8.8525,-0.80680,3.92012,-0.06676,0.17415,0.09800,0.01370
8.8625,-1.06460,3.89670,-0.07501,0.16811,0.10107,0.01555
8.8726,-0.82797,4.03945,-0.33020,0.17482,0.08751,0.01409
8.8828,-1.44405,4.13363,-0.35836,0.16231,0.07760,0.01257
8.8925,-1.97880,4.31128,-0.30019,0.16761,0.06916,0.02565
8.9026,-1.56025,3.96859,-0.44482,0.15452,0.08295,0.03478
8.9125,-1.93117,3.76469,-0.23591,0.15786,0.07817,0.06435
8.9226,-1.60125,4.03495,-0.45992,0.16114,0.06569,0.08828
8.9325,-1.52142,4.08342,-0.59028,0.15238,0.07162,0.08852
8.9425,-1.69164,3.74239,-0.24720,0.16490,0.07132,0.08772
8.9522,-1.29476,4.12940,-0.58566,0.15325,0.08148,0.08504
8.9624,-1.41686,3.77871,-0.44832,0.16053,0.07696,0.09225
8.9725,-1.16888,3.89179,-0.56431,0.16064,0.07981,0.09274
8.9824,-1.34940,3.48431,-0.36647,0.15979,0.07860,0.09329
8.9925,-1.36291,3.72373,-0.40601,0.15599,0.07346,0.08490
9.0030,-1.14741,3.85953,-0.13336,0.15233,0.10268,0.09852
9.0125,-1.30331,3.62723,-0.20451,0.15349,0.07328,0.09669
9.0227,-1.10472,3.66165,-0.16932,0.15615,0.10429,0.09380
9.0326,-0.64757,4.48981,-0.58651,0.14616,0.10076,0.09750
9.0430,-1.19484,3.59076,-0.33627,0.16180,0.07874,0.09429
9.0527,-1.08634,3.41306,-0.27398,0.15875,0.08624,0.09991
9.0625,-0.78012,3.81195,-0.27646,0.16050,0.10828,0.09867
9.0725,-0.58684,3.80640,-0.12640,0.16770,0.09520,0.10013
9.0825,-1.21549,3.50400,0.10955,0.17688,0.07952,0.10512
9.0924,-1.14295,3.77094,-0.26389,0.16426,0.08417,0.10105
9.1025,-0.51204,4.24318,-0.53683,0.14721,0.10658,0.10685
9.1125,-1.32087,3.06199,0.03937,0.17754,0.08387,0.10373
9.1226,-0.81336,3.52880,-0.10622,0.15889,0.07138,0.09870
9.1325,-0.70656,4.03139,-0.37668,0.13961,0.08560,0.10648
9.1427,-1.12477,2.91364,0.25396,0.17899,0.07500,0.10110
9.1525,-1.31070,3.32778,0.17608,0.16391,0.08047,0.10731
9.1631,-0.99457,3.56912,0.06139,0.15922,0.09654,0.11139
9.1725,-1.18549,2.85179,0.04649,0.18033,0.07767,0.10755
9.1823,-0.92754,3.24501,0.09398,0.16413,0.07731,0.10339
9.1925,-1.10965,3.36221,-0.09937,0.15700,0.07993,0.10423
9.2027,-1.31285,3.44855,-0.13972,0.15203,0.08133,0.10438
9.2125,-1.71728,2.90981,0.23445,0.16906,0.06449,0.09809
9.2223,-1.20236,3.13376,0.24055,0.16285,0.07877,0.09719
9.2324,-1.32778,3.62312,0.25036,0.15051,0.08686,0.09883
9.2423,-1.54376,3.06890,0.39119,0.15880,0.05695,0.10617
9.2526,-1.27716,3.35811,0.30654,0.15671,0.06653,0.10164
9.2629,-1.50482,3.09452,0.13421,0.15455,0.07359,0.10297
9.2723,-1.34462,2.87347,0.25959,0.15385,0.07020,0.09922
9.2828,-1.25875,2.97238,0.38278,0.17103,0.06613,0.10166
9.2924,-1.13901,3.08608,0.31982,0.16116,0.07176,0.09150
9.3024,-1.05411,3.07263,-0.01269,0.15876,0.06391,0.09649
9.3124,-1.13114,2.85890,0.33187,0.16552,0.05413,0.09443
9.3227,-1.04386,3.13465,0.00857,0.15218,0.06805,0.09635
9.3324,-0.59055,3.33962,0.04416,0.14829,0.06759,0.09946
9.3426,-0.86515,2.79009,0.29506,0.15225,0.06142,0.09180
9.3526,-1.05841,3.54627,0.01047,0.15541,0.07474,0.09521
9.3624,-0.83035,3.41456,0.02166,0.15098,0.06585,0.09871
9.3726,-0.88718,3.37914,-0.18765,0.14681,0.06383,0.10014
9.3824,-0.62739,3.15479,-0.00348,0.15696,0.07376,0.09415
9.3924,-0.59664,3.15772,-0.05372,0.17060,0.06954,0.09330
9.4025,-0.97161,3.10611,0.02490,0.15940,0.07211,0.04447
9.4126,-1.26246,3.11894,0.24247,0.15542,0.06950,0.06731
9.4230,-1.01793,3.23761,0.21386,0.15168,0.05916,0.07335
9.4324,-0.62846,3.18888,0.34575,0.15848,0.09050,0.17932
9.4424,-0.90147,3.12427,0.17725,0.15225,0.07185,0.06974
9.4525,-0.73006,3.10333,0.01349,0.13903,0.07321,0.08126
9.4626,-0.73501,3.21302,0.11388,0.14706,0.08091,0.09054
9.4727,-0.89170,3.52282,-0.19834,0.14344,0.07763,0.09157
9.4827,-0.69595,3.05965,0.00883,0.13960,0.06751,0.09231
9.4925,-0.55628,3.40994,-0.02591,0.15160,0.07691,0.08359
9.5026,-0.44745,3.29567,0.15991,0.14451,0.07496,0.03563
9.5122,-0.66296,3.45527,-0.74660,0.14659,0.09731,0.04677
9.5224,-0.83815,3.67376,0.25627,0.14003,0.08231,0.06334
9.5324,-0.63045,3.53627,0.37479,0.13949,0.08236,0.08338
9.5426,-0.83601,3.09576,0.35635,0.14143,0.07702,0.08012
9.5525,-0.76193,3.66752,0.41791,0.14152,0.08525,0.08200
9.5623,-0.77634,3.48668,0.33787,0.14890,0.07282,0.08382
9.5726,-0.77193,3.18533,0.17577,0.16452,0.09560,0.08903
9.5825,-0.64276,3.20477,0.30088,0.15570,0.08433,0.09114
9.5922,-0.60435,3.09397,0.47200,0.14791,0.08880,0.08927
9.6025,-0.57281,2.81244,0.78184,0.16181,0.08056,0.09393
9.6125,-0.41953,3.00976,0.61386,0.14559,0.08031,0.09001
9.6225,-0.87905,3.12793,0.19006,0.16120,0.06906,0.08617
9.6325,-0.77688,3.06038,0.36926,0.14798,0.06738,0.07807
9.6426,-0.84735,3.27609,0.24461,0.15224,0.07176,0.06102
9.6522,-0.88000,3.27719,0.13737,0.15562,0.08874,0.04102
9.6623,-0.66221,3.03479,0.24367,0.15143,0.08539,0.03170
9.6725,-0.88986,3.30273,0.34102,0.14862,0.08587,0.01808
9.6826,-0.74014,3.09282,0.13363,0.16686,0.08305,0.00411
9.6925,-1.04694,3.36628,0.13005,0.14299,0.06220,-0.00061
9.7023,-1.09043,3.14042,0.10129,0.16476,0.08094,0.00079
9.7126,-0.61417,3.53331,-0.16581,0.15672,0.08425,-0.01037
9.7224,-0.74372,3.61991,-0.22750,0.15181,0.09524,-0.00912
9.7324,-0.93723,3.02798,0.08928,0.16222,0.08719,-0.00950
9.7425,-0.96602,3.03946,0.15723,0.15803,0.07033,0.00126
9.7523,-0.34395,3.22950,0.06952,0.16552,0.08332,-0.00261
9.7622,-0.12290,2.93960,0.04207,0.16804,0.09755,-0.00404
9.7724,-0.37084,3.46309,0.04374,0.16608,0.10252,0.00649
9.7827,-0.75494,3.07371,0.06265,0.16357,0.09799,0.01572
9.7923,-0.70531,3.27875,0.25213,0.16226,0.09204,0.01911
9.8026,-0.19891,2.78255,0.17965,0.16130,0.08087,0.04144
9.8124,-0.48381,2.86056,0.15771,0.16710,0.08136,0.05485
9.8230,-0.88313,3.42629,-0.16208,0.15941,0.08016,0.07614
9.8324,-0.70819,3.24844,0.00703,0.16201,0.09173,0.08629
9.8425,-0.84098,3.05817,0.13712,0.15902,0.08676,0.08428
9.8525,-1.14128,3.58773,0.08405,0.15717,0.08007,0.08300
9.8626,-0.96687,2.83908,0.10742,0.15546,0.08278,0.08243
9.8724,-0.55441,2.91984,-0.01360,0.16438,0.09692,0.08699
9.8823,-0.86904,3.28647,0.09535,0.16396,0.09626,0.07512
9.8925,-0.66238,3.23573,0.20959,0.14384,0.09697,0.08123
9.9023,-1.04945,3.53346,-0.12243,0.15208,0.08292,0.07365
9.9125,-1.17251,3.27292,-0.14428,0.15020,0.07694,0.05627
9.9223,-1.10692,3.39202,-0.16732,0.16673,0.06761,0.03056
9.9325,-0.85112,3.62284,-0.42863,0.15662,0.08012,0.00368
9.9430,-1.01236,4.01929,-0.43206,0.14707,0.08389,-0.03618
9.9526,-1.12444,3.99532,0.44920,0.18238,0.08317,-0.04958
9.9626,-1.47279,3.63484,-0.04410,0.17527,0.11813,-0.10884
9.9725,-0.55812,3.88651,-0.12792,0.15827,0.13500,-0.12567
9.9827,-1.80557,3.81544,-0.57852,0.16385,-0.02291,-0.11791
9.9926,-1.16884,3.95003,-0.83633,0.16467,0.09311,-0.00212
10.0024,-0.93867,4.08534,-0.94740,0.14880,0.07924,-0.00585
10.0125,-0.98413,4.32652,-0.41829,0.12550,0.05059,-0.07588
10.0226,-0.60851,4.33525,-0.65676,0.13390,0.08159,-0.09622
10.0324,-0.65170,4.57886,-0.82994,0.14693,0.06481,-0.13194
10.0424,-0.96981,5.24633,-1.56318,0.05529,0.08505,-0.09822
10.0525,-0.96109,4.83125,-1.63360,0.07758,0.08163,-0.10001
10.0625,-0.96821,4.57939,-1.73667,0.10854,0.08608,-0.09631
10.0724,-1.19206,5.03921,-1.87059,0.08243,0.08912,-0.09739
10.0822,-0.87353,4.38850,-1.61752,0.10074,0.07312,-0.09010
10.0924,-1.07488,4.22123,-1.43284,0.09389,0.08099,-0.09240
10.1028,-0.70141,4.15541,-0.82786,0.10807,0.07192,-0.09234
10.1124,-0.89444,4.16865,-0.66324,0.13268,0.06658,-0.08506
10.1227,-0.61776,3.71968,-0.38222,0.15269,0.06640,-0.08619
10.1324,-0.90727,3.74115,-0.37245,0.14908,0.07177,-0.09014
10.1426,-1.15495,3.88293,-0.47527,0.14874,0.06668,-0.08817
10.1527,-0.74493,3.68166,-0.40169,0.15240,0.05105,-0.08314
10.1625,-0.90233,3.78063,-0.35996,0.14380,0.06226,-0.08476
10.1724,-0.72122,3.84155,-0.26385,0.14844,0.06398,-0.08084
10.1825,-0.83947,3.67144,-0.06335,0.15174,0.07068,-0.09151
10.1925,-0.72348,3.70707,0.05182,0.14924,0.06641,-0.11036
10.2025,-0.62944,3.74251,0.11392,0.15434,0.08639,-0.10764
10.2124,-0.68448,3.79465,0.04605,0.16018,0.08131,-0.11208
10.2225,-0.67674,3.58376,0.05242,0.15344,0.08143,-0.11223
10.2322,-0.67500,3.83170,0.09140,0.15437,0.06967,-0.11183
10.2425,-0.64602,4.00848,-0.36569,0.14422,0.06387,-0.11107
10.2526,-0.53873,3.76036,-0.27703,0.15276,0.08452,-0.11643
10.2626,-0.82452,3.83225,-0.31383,0.14860,0.07075,-0.11051
10.2727,-0.98532,4.22735,-0.47721,0.13419,0.07001,-0.11096
10.2828,-0.80407,4.05859,-0.41863,0.12909,0.06968,-0.11014
10.2925,-0.70989,4.30827,-0.33432,0.13211,0.08014,-0.11154
10.3025,-0.79242,4.39141,-0.45659,0.12952,0.08667,-0.10825
10.3127,-0.57108,4.21885,-0.30503,0.13205,0.08198,-0.10489
10.3226,-0.85771,4.14337,-0.53081,0.14204,0.08482,-0.11275
10.3324,-0.58896,3.88362,-0.53430,0.15279,0.07818,-0.10254
10.3425,-0.79723,3.94546,-0.71043,0.15487,0.07758,-0.10896
10.3524,-0.51911,3.77009,-0.68227,0.15156,0.06894,-0.10491
10.3624,-0.76776,3.98201,-0.95166,0.16008,0.07765,-0.10849
10.3724,-0.53326,3.82106,-0.84871,0.16107,0.08569,-0.10335
10.3824,-1.05653,3.68280,-0.87061,0.16368,0.10489,-0.10165
10.3924,-0.60347,3.85490,-0.80815,0.18422,0.10092,-0.09110
10.4025,-0.74489,3.67333,-0.97296,0.17580,0.08123,-0.07837
10.4124,-0.79341,3.70411,-0.77654,0.17894,0.07681,-0.06615
10.4223,-0.97562,3.58147,-0.78598,0.17833,0.06603,-0.04981
10.4323,-1.10027,3.65600,-0.62930,0.18198,0.05971,-0.03557
10.4430,-1.12430,3.50084,-0.83021,0.17589,0.05150,-0.03251
10.4526,-0.94276,3.94432,-0.82450,0.17303,0.04889,-0.01757
10.4625,-1.16418,3.90345,-0.73054,0.17545,0.05548,-0.01293
10.4726,-1.03398,3.65664,-0.65461,0.17091,0.05307,-0.00413
10.4824,-1.16168,3.55561,-0.46802,0.16807,0.06200,-0.00183
10.4925,-1.13349,3.48254,-0.11141,0.16142,0.06038,0.00752
10.5026,-0.86887,3.33770,0.05186,0.15929,0.08477,0.00138
10.5126,-0.84983,3.52122,0.39275,0.17673,0.08941,0.00339
10.5225,-0.68551,3.32139,0.37414,0.18132,0.09247,0.00457
10.5325,-0.70308,2.94503,0.39674,0.19220,0.09675,0.00216
10.5428,-0.78936,3.18853,0.50421,0.18198,0.09751,0.00226
10.5524,-0.79590,3.01889,0.82560,0.18014,0.10479,-0.00010
10.5624,-0.65039,2.68480,1.28061,0.19408,0.11317,0.00221
10.5725,-0.31858,2.64053,1.51940,0.19150,0.10878,0.00117
10.5824,-0.37008,3.22365,1.28133,0.17013,0.10059,-0.00012
10.5925,-0.27967,3.29201,1.55119,0.16747,0.10112,0.00135
10.6029,-0.70028,2.57207,1.98461,0.19437,0.11747,-0.00188
10.6124,-0.41292,2.98828,1.45670,0.19738,0.11458,-0.00576
10.6225,-0.47509,3.06024,1.18518,0.19570,0.09935,-0.00885
10.6324,-0.39826,2.65530,1.28879,0.20452,0.09737,-0.01641
10.6426,-0.89206,3.37391,0.80835,0.18215,0.09821,-0.01542
10.6525,-0.49041,4.30587,0.32059,0.14751,0.06880,-0.02219
10.6628,-0.24486,2.46038,1.12769,0.21763,0.09965,-0.02410
10.6724,-0.43961,3.33904,1.69465,0.16621,0.10200,-0.02680
10.6822,-1.17810,4.90287,1.44176,0.14206,0.08880,-0.02915
10.6925,-1.22146,4.23921,1.10575,0.14733,0.07448,-0.03649
10.7026,-0.89910,4.23908,0.84305,0.19866,0.07109,-0.05087
10.7124,-1.25931,4.81517,0.26921,0.16129,0.09370,-0.04759
10.7229,-1.38787,4.78993,-0.06366,0.12856,0.06579,-0.04823
10.7325,-0.98522,4.20387,0.06002,0.18048,0.08522,-0.06377
10.7424,-0.87810,4.35620,-0.48035,0.17225,0.08709,-0.06677
10.7524,-1.56580,4.82395,-0.60688,0.13053,0.06177,-0.07400
10.7626,-1.43273,5.03485,-0.58056,0.12531,0.05238,-0.07310
10.7725,-1.08992,4.87406,-0.41697,0.13378,0.06698,-0.09367
10.7825,-1.14290,3.79546,-0.78522,0.15988,0.08046,-0.10294
10.7926,-1.06154,4.18271,-0.61663,0.14838,0.07203,-0.10942
10.8025,-1.17377,4.20570,-0.52632,0.15977,0.05724,-0.11564
10.8125,-0.91940,4.44921,-0.29706,0.16011,0.10385,-0.11719
10.8224,-0.81686,4.33533,0.16291,0.15925,0.06274,-0.11267
10.8325,-0.36534,3.45950,0.48028,0.17331,0.09949,-0.10700
10.8423,-0.40922,4.02240,0.30479,0.17315,0.10203,-0.11578
10.8525,-0.70030,4.46683,-0.25891,0.15230,0.07960,-0.10947
10.8626,-0.67590,3.29709,-0.01680,0.18794,0.09747,-0.11293
10.8725,-0.39604,3.03813,0.55435,0.19266,0.10864,-0.11760
10.8825,-1.11914,4.12782,0.21107,0.15552,0.08459,-0.11329
10.8923,-0.92330,3.96244,0.19026,0.16694,0.08914,-0.11402
10.9025,-0.75403,3.64134,0.52903,0.18461,0.08329,-0.11431
10.9126,-0.70040,4.59262,0.01989,0.15373,0.08402,-0.11469
10.9228,-1.05220,3.90486,-0.05361,0.16892,0.07909,-0.11757
10.9324,-0.90515,4.68878,-0.00852,0.14687,0.07289,-0.11740
10.9430,-0.70459,4.62394,-0.20883,0.13852,0.08262,-0.11801
10.9527,-1.16910,4.27052,-0.37984,0.14836,0.06534,-0.11753
10.9624,-1.14168,4.36885,-0.29566,0.15242,0.08663,-0.11679
10.9725,-0.78982,4.16406,-0.30450,0.14257,0.07781,-0.11411
10.9825,-1.42248,4.98285,-0.15647,0.12448,0.06689,-0.11183
10.9925,-1.22302,4.26484,-0.40155,0.13927,0.07584,-0.11656
11.0025,-1.07481,4.13409,-0.21936,0.15764,0.08289,-0.11576
11.0124,-0.86816,4.67618,-0.11864,0.14987,0.07103,-0.11900
11.0224,-1.25055,4.19924,-0.19270,0.16873,0.08650,-0.12064
11.0328,-1.24309,4.48765,-0.25260,0.15902,0.07959,-0.12009
11.0425,-1.00082,4.23512,0.10038,0.15728,0.07938,-0.11633
11.0527,-1.08466,3.92513,0.09601,0.17160,0.08138,-0.12023
11.0628,-0.92955,4.60467,-0.03902,0.16280,0.07737,-0.12164
11.0724,-1.00164,4.41403,0.46978,0.15825,0.08244,-0.12154
11.0825,-1.15692,4.75080,0.04585,0.14905,0.06733,-0.11460
11.0925,-1.16729,4.95760,0.47106,0.14617,0.07672,-0.11493
11.1026,-0.80394,4.12059,1.07446,0.17061,0.09689,-0.11757
11.1124,-0.64234,4.14378,1.16235,0.17303,0.07951,-0.11657
11.1226,-0.81555,4.30950,0.70314,0.17338,0.08417,-0.11499
11.1323,-1.30406,4.96186,0.33479,0.15005,0.07209,-0.11455
11.1424,-0.84665,4.46216,0.29722,0.15260,0.10971,-0.11498
11.1525,-0.74654,3.54779,-0.02856,0.18364,0.08023,-0.12236
11.1630,-0.84609,4.35099,0.53459,0.16492,0.09167,-0.11475
11.1725,-1.09866,4.11518,0.65333,0.18395,0.09246,-0.12536
11.1824,-1.16380,4.02231,0.72492,0.18513,0.08300,-0.11433
11.1924,-1.55672,4.05344,0.45459,0.17148,0.07555,-0.11623
11.2026,-1.96863,3.95942,0.17940,0.17932,0.06028,-0.12312
11.2124,-2.12244,3.89357,-0.51296,0.18611,0.05393,-0.12440
11.2225,-1.82851,3.39986,-0.61724,0.19436,0.05423,-0.11855
11.2325,-2.67657,3.71820,-0.24632,0.19334,0.04285,-0.12623
11.2425,-1.84622,3.44757,0.22835,0.20096,0.05468,-0.12295
11.2525,-2.66108,3.39696,0.28138,0.20274,0.03425,-0.12360
11.2625,-2.09557,3.67806,-0.49474,0.19714,0.03241,-0.12811
11.2724,-2.69818,3.36359,-0.70024,0.18587,0.02864,-0.12053
11.2826,-2.31144,3.54981,-1.26717,0.18729,0.02088,-0.12621
11.2926,-1.87526,3.19275,-1.43194,0.21740,0.06276,-0.12481
11.3026,-3.43008,3.19911,-0.84834,0.21104,-0.04256,-0.13432
11.3125,-2.16881,3.75268,0.01440,0.20187,0.05715,-0.13038
11.3227,-1.39291,3.53963,0.29119,0.21419,0.07344,-0.13730
11.3324,-2.10657,3.99656,0.34827,0.18264,0.05333,-0.12813
11.3426,-0.58109,4.61534,-0.35078,0.16353,0.12031,-0.13081
11.3528,-0.91901,3.64609,-0.61669,0.20485,0.07337,-0.13790
11.3625,-0.07631,3.94731,-0.90609,0.18609,0.08341,-0.12798
11.3725,-0.80617,4.14825,-0.60085,0.16957,0.09144,-0.13202
11.3826,0.75170,3.97910,-0.24262,0.18581,0.11653,-0.13222
11.3925,0.41952,4.86004,-0.17950,0.16774,0.14595,-0.12674
11.4026,0.30035,4.94876,-0.02855,0.17361,0.12143,-0.13370
11.4125,0.85214,5.01961,-0.23567,0.15044,0.15487,-0.13272
11.4224,0.13285,4.41385,-0.55950,0.17392,0.12663,-0.12807
11.4326,-0.37839,4.75540,-0.49185,0.15968,0.14297,-0.13180
11.4427,-0.16593,4.63823,-0.10084,0.17080,0.14200,-0.12705
11.4525,-0.40038,4.11103,0.03123,0.19744,0.12759,-0.13060
11.4625,0.02195,4.80066,-0.38852,0.15251,0.12434,-0.12758
11.4726,0.50335,4.45804,-0.56995,0.16854,0.15124,-0.13339
11.4823,0.53800,4.42097,-0.60539,0.16932,0.14874,-0.13111
11.4924,-0.01923,4.64117,-0.71439,0.16669,0.13855,-0.13348
11.5026,0.08613,4.42010,-0.84662,0.17668,0.11623,-0.12981
11.5124,-0.66454,3.90518,-0.51339,0.19373,0.11210,-0.13014
11.5225,-0.85020,4.33999,-0.00721,0.18169,0.08482,-0.12898
11.5323,-1.60683,5.08028,0.37483,0.16328,0.07496,-0.12723
11.5425,-1.35513,4.56986,0.19726,0.17260,0.08595,-0.13649
11.5525,-1.02922,3.88096,-0.12766,0.19485,0.07648,-0.13676
11.5625,-1.48515,4.44926,-0.30399,0.17292,0.07406,-0.13174
11.5727,-1.64386,4.17669,-0.76853,0.19145,0.07265,-0.13357
11.5823,-0.91654,4.44785,-0.46664,0.17635,0.07496,-0.12757
11.5926,-1.18179,4.26848,-0.86161,0.18556,0.07475,-0.13529
11.6025,-1.77847,4.08887,-0.63950,0.19369,0.03215,-0.13014
11.6125,-0.17804,3.77384,-0.33770,0.18892,0.11733,-0.12540
11.6226,-1.05919,3.04940,0.31723,0.21537,0.06855,-0.12433
11.6325,-0.90623,3.85822,-0.16771,0.18602,0.10115,-0.13307
11.6426,-0.83929,3.32594,-0.19571,0.20124,0.08980,-0.13135
11.6525,-1.29918,2.67510,-0.24559,0.23120,0.08006,-0.13129
11.6626,-0.47834,3.42397,-0.44814,0.20630,0.08957,-0.12606
11.6724,-1.65714,3.50827,-0.17055,0.19965,0.06059,-0.12125
11.6824,-0.77541,3.24070,-0.25765,0.21151,0.09163,-0.13180
11.6924,-0.74656,3.35904,0.51422,0.21262,0.10387,-0.13347
11.7023,-1.14672,3.13658,-0.01433,0.20977,0.05970,-0.13111
11.7125,0.19826,3.91143,0.14235,0.18948,0.12027,-0.13411
11.7231,-0.57348,3.40713,0.12024,0.20543,0.09513,-0.12723
11.7326,-1.38000,2.93351,0.04300,0.20405,0.05429,-0.12450
11.7424,-0.60961,3.88190,-0.14493,0.18951,0.09601,-0.11738
11.7527,-1.09753,3.81163,0.00368,0.21480,0.06334,-0.13721
11.7625,-0.77776,3.79229,0.00449,0.20947,0.07135,-0.12516
11.7724,-0.42753,3.38394,-0.27809,0.20579,0.07862,-0.11635
11.7826,0.22868,3.97690,-0.33797,0.19689,0.10515,-0.12316
11.7925,-0.16052,4.13877,-0.47759,0.18280,0.10627,-0.12142
11.8024,-1.57632,3.20226,-0.68376,0.22030,0.02462,-0.13447
11.8123,-0.12249,3.81645,-0.85277,0.18760,0.09745,-0.13674
11.8225,-0.89884,3.31535,-0.31242,0.20261,0.07838,-0.13035
11.8323,-0.90379,3.68499,-0.13348,0.21795,0.06194,-0.13161
11.8425,0.85536,4.20715,-0.60995,0.18022,0.11539,-0.13373
11.8525,0.87232,4.19643,-0.65579,0.17588,0.13509,-0.13095
11.8625,-0.65816,3.44750,-0.85224,0.19389,0.07396,-0.12607
11.8725,-0.52336,4.11381,-0.85233,0.18842,0.08032,-0.11954
11.8825,-0.91561,4.00086,-0.71753,0.19045,0.07617,-0.12763
11.8925,-1.19639,4.11760,-0.21987,0.20074,0.06695,-0.13226
11.9025,-2.21265,3.43982,0.05733,0.20847,0.01916,-0.15059
11.9127,-0.15178,3.87527,-0.48995,0.19566,0.08370,-0.13197
11.9225,-0.78148,3.61222,0.03790,0.18359,0.07251,-0.12265
11.9327,-1.71476,3.20620,0.52117,0.20895,0.03351,-0.12789
11.9424,-1.20041,3.89632,0.18688,0.19764,0.06382,-0.13034
11.9528,-1.32801,3.95440,0.46166,0.19207,0.07393,-0.13760
11.9626,-0.95571,3.65490,0.64158,0.20974,0.06067,-0.13946
11.9724,-0.13039,3.68526,0.75905,0.22194,0.10451,-0.13829
11.9825,-0.02483,3.40872,0.16319,0.21278,0.08666,-0.13075
11.9925,-0.12075,3.64592,0.22583,0.20545,0.07494,-0.12752
12.0028,-1.70324,3.33055,0.71914,0.21054,0.02319,-0.12843
12.0127,-0.48040,3.99579,0.20466,0.17237,0.07700,-0.13285
12.0222,-0.03994,3.80174,0.31543,0.18200,0.08709,-0.13919
12.0325,-0.98248,3.35882,0.35250,0.22023,0.05743,-0.14512
12.0427,-0.55689,3.61714,-0.04023,0.21037,0.09208,-0.13563
12.0525,-0.09913,4.26613,-0.64625,0.18727,0.09434,-0.12068
12.0626,-0.59350,4.22350,-0.74451,0.18454,0.05904,-0.12319
12.0725,-0.65042,3.78103,-0.00967,0.20513,0.06797,-0.12884
12.0826,0.38055,3.84173,-0.28799,0.20136,0.11294,-0.12367
12.0924,-0.02131,4.26712,-0.63087,0.18777,0.10294,-0.13669
12.1025,-1.30492,3.55744,-0.82900,0.21740,0.03007,-0.13012
12.1124,-0.79184,4.29963,-1.15412,0.17831,0.08414,-0.13249
12.1224,-0.40390,4.54845,-0.99420,0.16425,0.08838,-0.13105
12.1325,-1.25205,4.12052,-0.90517,0.17264,0.05440,-0.12792
12.1425,0.65878,3.96227,-1.32949,0.19041,0.10396,-0.12966
12.1528,-0.92127,3.74963,-1.69515,0.19809,0.06055,-0.12887
12.1628,-0.12501,3.81940,-2.28346,0.19329,0.06196,-0.13226
12.1726,-0.94473,4.08331,-2.41645,0.17913,0.05110,-0.13469
12.1826,-0.05691,2.96750,-1.87322,0.22004,0.08654,-0.12227
12.1923,0.41141,2.98906,-2.15371,0.22325,0.11249,-0.11992
12.2026,-1.12012,2.76754,-2.52815,0.21500,0.04271,-0.14490
12.2124,-0.98528,2.79358,-2.92767,0.21178,0.03384,-0.14552
12.2225,-0.35262,2.65412,-2.66252,0.22356,0.08034,-0.12688
12.2324,-0.50937,3.36818,-2.10924,0.21241,0.07196,-0.12978
12.2424,0.21472,2.89355,-1.12193,0.20836,0.09128,-0.12661
12.2525,0.00038,3.87070,-0.93408,0.18627,0.07868,-0.11908
12.2625,-1.29892,3.56945,-0.86003,0.19923,0.05555,-0.12846
12.2725,-1.59810,4.05818,-1.35706,0.18423,0.05946,-0.12328
12.2825,-0.97980,4.16107,-1.29645,0.19103,0.07465,-0.12263
12.2926,-0.15060,4.13134,-0.62412,0.19695,0.11609,-0.11953
12.3026,-1.22837,4.28582,0.34180,0.15994,0.05005,-0.13084
12.3126,-1.46224,5.43096,0.37259,0.14142,0.03508,-0.14031
12.3226,-0.79842,6.34709,1.04505,0.11440,0.06923,-0.14951
12.3327,-1.59585,6.18943,1.33696,0.14478,0.05967,-0.12919
12.3425,0.22858,5.22910,1.63707,0.14974,0.10785,-0.13218
12.3525,0.68616,4.83958,0.82717,0.14478,0.12164,-0.13241
12.3625,-1.02574,4.75934,1.06300,0.15678,0.06821,-0.13124
12.3725,0.13159,5.64806,1.32420,0.13883,0.10647,-0.13466
12.3829,0.81399,5.52021,1.64068,0.13070,0.12057,-0.14491
12.3926,0.43397,4.78396,2.21107,0.14908,0.12694,-0.13207
12.4024,-0.07818,4.40181,2.21141,0.14145,0.07777,-0.13346
12.4124,0.64311,4.63277,0.94097,0.12283,0.10136,-0.12490
12.4225,-0.16030,3.83595,0.66352,0.16286,0.07675,-0.13019
12.4324,-0.57658,4.11623,0.50901,0.14335,0.05628,-0.12389
12.4425,0.02970,4.24267,0.57706,0.13953,0.07055,-0.12791
12.4526,0.21131,3.62505,1.28947,0.14210,0.07707,-0.13194
12.4626,0.02008,3.28422,1.48750,0.16566,0.05752,-0.11516
12.4724,-0.31336,3.41935,0.94273,0.16714,0.05048,-0.11850
12.4827,-0.45855,3.52877,0.27140,0.16114,0.07827,-0.11087
12.4927,-0.89948,3.75503,0.01294,0.15838,0.05291,-0.11178
12.5024,-1.96791,3.57083,0.29409,0.16852,-0.00104,-0.12657
12.5125,-1.79177,3.86383,0.27628,0.15743,0.00885,-0.15006
12.5226,-0.23511,3.34623,0.17129,0.18600,0.07361,-0.14011
12.5324,-0.83049,3.68525,0.46515,0.15936,0.05075,-0.13522
12.5425,0.41912,4.23343,0.00395,0.14469,0.09605,-0.12602
12.5528,0.93303,4.22443,0.07448,0.14292,0.11132,-0.13064
12.5626,0.46682,3.75792,0.31329,0.17063,0.07066,-0.13076
12.5725,0.52265,3.45394,0.24511,0.17256,0.09167,-0.12564
12.5826,-0.33812,3.97021,0.21762,0.14432,0.06543,-0.12855
12.5923,0.57052,4.36114,0.36736,0.13758,0.09642,-0.11854
12.6026,0.39327,3.41465,0.74517,0.17349,0.08713,-0.12609
12.6126,1.06524,3.74390,0.51978,0.15265,0.11382,-0.12224
12.6227,1.54840,3.24251,0.42198,0.17053,0.13158,-0.12264
12.6323,0.71704,3.10068,1.29396,0.17348,0.11260,-0.12889
12.6424,0.55725,3.64008,0.76685,0.15901,0.11072,-0.11388
12.6526,0.84807,3.84071,0.93827,0.16240,0.11188,-0.12055
12.6626,-0.04497,3.22930,1.09001,0.16962,0.08750,-0.11844
12.6722,0.70840,3.34481,1.29214,0.17101,0.10093,-0.11360
12.6825,0.64848,3.73685,1.04497,0.16409,0.09652,-0.11435
12.6926,0.32355,3.45725,1.15769,0.16269,0.10354,-0.11765
12.7023,0.09077,3.27716,1.16693,0.18343,0.09174,-0.11665
12.7128,0.03451,3.10626,1.30049,0.19428,0.08816,-0.12217
12.7225,-0.06199,3.43014,0.71472,0.17573,0.08883,-0.12081
12.7324,-0.13368,3.52544,0.70360,0.17811,0.07474,-0.12313
12.7426,-0.20883,3.44832,0.73919,0.18356,0.07587,-0.11519
12.7525,-0.18281,3.44183,0.77278,0.18409,0.08090,-0.11912
12.7625,-0.14196,3.15728,0.90512,0.19450,0.08122,-0.11336
12.7722,-0.37387,2.74275,0.79730,0.20174,0.06192,-0.11266
12.7825,-0.67045,3.31486,0.07267,0.18002,0.05509,-0.11098
12.7925,-0.60617,2.53275,0.26959,0.20817,0.06436,-0.11065
12.8026,-1.25642,3.52297,-0.03511,0.18002,0.02243,-0.10601
12.8125,-0.62564,2.58711,-0.15482,0.20831,0.04607,-0.08920
12.8222,-1.25478,2.92222,-0.62472,0.18916,0.03350,-0.07890
12.8325,-2.09851,2.69819,-0.49486,0.19666,-0.00489,-0.06724
12.8426,-1.72658,2.96440,-0.97693,0.18646,0.02343,-0.05649
12.8526,-2.43041,2.80963,-0.78428,0.19872,0.00473,-0.05614
12.8624,-2.70468,3.43976,-0.67590,0.17686,-0.00092,-0.05708
12.8726,-2.49060,2.78410,-0.46172,0.20875,-0.02159,-0.04875
12.8825,-2.65841,3.21469,-1.14140,0.20264,-0.00549,-0.05879
12.8926,-2.12702,3.18401,-0.76424,0.18843,0.01761,-0.05414
12.9025,-3.70747,3.69432,-0.53780,0.17181,-0.05998,-0.06583
12.9126,-2.56364,3.37042,-0.95133,0.18715,-0.04191,-0.07205
12.9224,-2.60521,4.08572,-1.34650,0.18281,-0.01511,-0.06923
12.9323,-3.22459,3.89315,-0.26143,0.15882,-0.02487,-0.07838
12.9426,-2.05956,4.37406,0.09147,0.16249,-0.00622,-0.09778
12.9525,-0.75118,3.70818,0.60737,0.19314,0.06106,-0.09175
12.9624,-0.75359,4.49307,0.35951,0.14883,0.05740,-0.09708
12.9725,0.17985,4.07622,0.46655,0.17072,0.08756,-0.09111
12.9825,-0.38752,4.45093,-0.14697,0.15645,0.08452,-0.09164
12.9923,0.32025,4.53354,-0.48695,0.15715,0.09140,-0.09285
13.0027,0.38588,4.70267,-0.95069,0.15153,0.08756,-0.09792
13.0124,0.85275,4.52138,-0.11548,0.14969,0.10015,-0.08492
13.0223,1.05220,4.28412,0.52697,0.15723,0.10565,-0.09163
13.0325,0.96960,5.16352,0.74190,0.12902,0.11823,-0.09034
13.0430,0.98568,4.43328,0.72801,0.16011,0.10931,-0.09539
13.0528,0.75413,4.72187,0.13354,0.14895,0.11655,-0.09258
13.0627,0.04638,4.91382,-0.69848,0.13272,0.08000,-0.09673
13.0725,-0.23799,4.89271,-0.78749,0.14277,0.07842,-0.09028
13.0825,0.01011,4.18887,-0.39734,0.15237,0.08739,-0.09599
13.0926,-1.36400,4.72293,-0.27618,0.15637,0.05989,-0.09199
13.1026,-2.23718,4.87017,-0.10801,0.14113,-0.01964,-0.09758
13.1123,-0.72690,5.08201,-0.09099,0.13305,0.05957,-0.09941
13.1227,-1.42023,4.70684,0.10509,0.14826,0.02940,-0.08839
13.1326,-2.92464,5.27136,-0.44561,0.13118,-0.01451,-0.10290
13.1431,-1.57173,4.23609,-0.21519,0.15538,0.04360,-0.10387
13.1525,-1.69572,4.41824,-0.47849,0.17076,0.04085,-0.09806
13.1626,-1.87057,4.13169,-0.84393,0.17203,0.00602,-0.10086
13.1726,-2.03207,4.43286,-0.74220,0.15626,0.02928,-0.10115
13.1824,-1.20428,3.87893,-0.26479,0.18168,0.04227,-0.09070
13.1927,-1.89498,4.02070,-0.07484,0.17612,0.02357,-0.09916
13.2024,-2.28643,3.97022,-0.16960,0.16423,-0.02190,-0.10928
13.2122,-0.91467,4.07378,-0.36246,0.17109,0.06900,-0.10463
13.2223,-0.54214,3.58121,-0.43042,0.17680,0.05707,-0.09926
13.2328,-0.34750,3.61129,-0.66516,0.16037,0.07248,-0.10374
13.2425,0.17302,3.66291,-0.21979,0.17671,0.07635,-0.10652
13.2525,0.94918,3.62392,0.07692,0.17844,0.12923,-0.10502
13.2626,0.21092,4.07143,0.41024,0.16898,0.07925,-0.10159
13.2726,0.22827,3.73208,0.66652,0.18203,0.06989,-0.10575
13.2825,0.69431,3.29037,0.75179,0.18470,0.09521,-0.10874
13.2926,0.39175,4.13983,0.69757,0.17381,0.10624,-0.10874
13.3025,0.11079,4.45372,0.11695,0.16419,0.07825,-0.11080
13.3124,1.17361,4.00278,0.10083,0.16732,0.12664,-0.10864
13.3230,0.39726,3.63255,0.34058,0.17060,0.10535,-0.11095
13.3327,-0.02973,3.99305,0.05416,0.15352,0.09074,-0.11389
13.3425,0.69718,3.94985,0.10719,0.17594,0.09021,-0.11341
13.3526,-0.26963,4.35666,-0.01847,0.16082,0.07039,-0.11050
13.3625,-0.39866,4.04545,0.27176,0.17144,0.06402,-0.11917
13.3724,-0.12658,4.14212,0.30325,0.17327,0.06581,-0.11655
13.3827,0.13262,3.82295,0.21904,0.17210,0.09846,-0.12158
13.3925,-0.09686,4.04293,0.59171,0.16902,0.07507,-0.12039
13.4025,-0.61097,4.20248,0.33377,0.16330,0.03681,-0.11924
13.4125,-0.27108,4.54833,0.35410,0.16075,0.08440,-0.11503
13.4226,-0.97262,4.58542,0.82239,0.16015,0.03637,-0.11904
13.4325,-1.78454,4.90819,0.95136,0.14623,0.01275,-0.12107
13.4425,-0.98930,4.53635,0.82405,0.15174,0.05797,-0.11645
13.4525,-1.76109,4.67390,1.31746,0.14015,0.02430,-0.11316
13.4626,-1.99194,4.77449,1.09636,0.14682,0.01262,-0.11097
13.4724,-2.12957,4.51829,0.93282,0.15675,0.01753,-0.11764
13.4830,-1.62309,4.42296,0.95105,0.15963,0.03308,-0.11061
13.4926,-2.21360,4.57786,0.83540,0.15542,0.02988,-0.11313
13.5026,-2.81119,5.00689,0.54011,0.13213,-0.03453,-0.11530
13.5126,-0.64786,4.79419,0.16682,0.14202,0.06849,-0.10458
13.5225,-0.82091,3.31729,0.59677,0.20019,0.06534,-0.11419
13.5325,-1.52961,3.89117,0.70283,0.17937,0.02480,-0.11360
13.5426,0.13964,3.87040,-0.06773,0.17490,0.05975,-0.10655
13.5524,-0.00012,3.81394,-0.02599,0.16397,0.08128,-0.10711
13.5626,-0.63425,3.71137,-0.05924,0.18540,0.04832,-0.10939
13.5727,-0.38320,3.52982,-0.00625,0.17427,0.06965,-0.10459
13.5825,0.14873,3.41699,-0.18979,0.18921,0.09627,-0.10692
13.5923,0.42211,3.35459,-0.29441,0.18641,0.08744,-0.10091
13.6024,0.23416,3.69955,-0.40335,0.18177,0.07046,-0.10343
13.6125,1.59237,3.51406,-0.78228,0.19616,0.11273,-0.10672
13.6225,0.57984,3.28857,-0.54656,0.19659,0.09434,-0.10456
13.6325,0.19430,3.48217,0.19965,0.19151,0.07492,-0.10073
13.6424,1.22034,3.49774,-0.41919,0.19226,0.10348,-0.10503
13.6523,0.37391,3.22642,-0.14507,0.17961,0.06580,-0.09810
13.6628,0.14397,3.77989,-0.20983,0.16843,0.07107,-0.10135
13.6724,0.11705,3.41641,0.10827,0.19434,0.07511,-0.10477
13.6825,0.82002,3.74035,-0.03218,0.19594,0.09665,-0.10024
13.6925,-0.36165,3.54266,0.19169,0.19388,0.06427,-0.10656
13.7025,-0.71003,3.47380,0.26167,0.20358,0.01364,-0.10957
13.7123,-0.51437,4.25617,-0.06780,0.16958,0.05504,-0.10519
13.7225,-1.57077,4.33253,0.36490,0.17891,0.03594,-0.11052
13.7324,-2.46164,4.61455,1.20182,0.17356,-0.01842,-0.10535
13.7425,-0.99877,3.73687,0.63415,0.18617,0.03542,-0.10801
13.7524,-1.59148,4.41627,0.50023,0.18076,0.02693,-0.10279
13.7625,-1.83989,4.42316,0.36080,0.16723,-0.00190,-0.10707
13.7725,-1.57626,4.18889,0.19676,0.17766,0.02141,-0.10804
13.7825,-0.77034,4.32449,-0.15703,0.17240,0.04609,-0.10358
13.7925,-1.07563,3.82121,-0.52158,0.17540,0.03647,-0.10141
13.8025,-1.35980,3.93805,-0.90110,0.16747,0.01384,-0.10583
13.8124,-0.22656,3.58676,-1.11587,0.17530,0.06723,-0.10895
13.8224,0.36369,3.07624,-1.31126,0.20105,0.07380,-0.10324
13.8324,0.39418,2.73326,-1.91513,0.20242,0.07699,-0.10497
13.8424,0.30041,3.17502,-1.85042,0.20349,0.07047,-0.10004
13.8523,1.21676,2.35143,-1.89082,0.22035,0.09146,-0.10593
13.8625,0.89894,2.81070,-1.79892,0.20608,0.08663,-0.09939
13.8726,0.78668,2.92730,-1.82048,0.20174,0.10510,-0.09986
13.8827,0.69601,2.89103,-1.63803,0.20194,0.07725,-0.10873
13.8925,0.97286,2.92239,-1.30850,0.20722,0.10440,-0.09883
13.9030,1.39083,3.19682,-1.73398,0.19490,0.09482,-0.10525
13.9125,1.07727,3.41564,-1.30340,0.19569,0.10253,-0.10995
13.9228,0.93058,3.20787,-1.06089,0.20241,0.08949,-0.10147
13.9326,0.90645,4.00628,-1.08465,0.17421,0.11526,-0.10448
13.9426,0.42388,3.61317,-0.18090,0.18327,0.08291,-0.10285
13.9525,0.43025,4.16439,0.15519,0.17569,0.09810,-0.09451
13.9627,0.26988,4.72898,0.65620,0.15913,0.07153,-0.10455
13.9725,0.42861,4.46311,1.06664,0.17096,0.07796,-0.09875
13.9824,0.09020,4.93750,1.37850,0.15711,0.07566,-0.09999
13.9926,-0.38533,4.70261,1.02114,0.15040,0.06842,-0.10319
14.0026,-0.16481,4.89979,1.07377,0.14723,0.05555,-0.09772
14.0125,-0.37169,4.99215,0.90035,0.13829,0.06174,-0.10387
14.0224,-0.19206,4.74772,0.76953,0.14553,0.06127,-0.09867
14.0326,-0.42206,4.49616,0.61707,0.15678,0.06549,-0.09875
14.0424,-0.52167,4.67792,0.96676,0.15894,0.05363,-0.10079
14.0523,-0.56770,4.25076,0.71866,0.15723,0.06604,-0.10345
14.0625,-0.41433,3.78171,0.69716,0.17486,0.05545,-0.10191
14.0725,-0.36703,3.98958,0.31976,0.17600,0.06515,-0.10449
14.0825,-0.70194,3.75259,0.05154,0.16037,0.05933,-0.09983
14.0924,-0.38122,3.37464,-0.33991,0.19037,0.05408,-0.10372
14.1026,-0.49803,3.86418,-0.70522,0.17103,0.06383,-0.10192
14.1126,-0.34024,3.50608,-0.95294,0.17975,0.05303,-0.10345
14.1229,-0.27640,3.01340,-0.77483,0.20886,0.06175,-0.09876
14.1325,-0.45160,2.90247,-0.85241,0.18475,0.06654,-0.10091
14.1424,-0.51177,3.33137,-0.35641,0.19555,0.05471,-0.10632
14.1525,-0.42280,3.30887,-0.80560,0.17927,0.05903,-0.10020
14.1626,-0.88777,3.03277,-0.72256,0.18362,0.06798,-0.10415
14.1724,-0.44109,2.93883,-0.32468,0.18715,0.04945,-0.09989
14.1827,-0.65219,3.37281,-0.16587,0.18168,0.04665,-0.10205
14.1925,-0.35950,3.25065,-0.19611,0.17027,0.05801,-0.09963
14.2025,-0.66891,3.35980,-0.04917,0.17910,0.05280,-0.09423
14.2126,-0.58152,3.25071,0.23626,0.17965,0.04729,-0.10357
14.2227,-0.40016,3.52391,0.19010,0.17030,0.05136,-0.09464
14.2323,-0.85936,3.90126,-0.18606,0.16269,0.05629,-0.09187
14.2424,-0.69423,3.76680,-0.04140,0.16500,0.04970,-0.07316
14.2525,-0.26660,3.90736,-0.57482,0.15442,0.04058,-0.05183
14.2625,-0.26903,3.52505,-0.65326,0.16228,0.06000,-0.02969
14.2767,-0.65271,3.25756,-0.28242,0.17339,0.05026,0.00341
14.2877,-0.40954,3.95332,-0.34029,0.15818,0.04873,0.02817
14.2984,-0.47525,3.15333,0.18608,0.17169,0.06839,0.05355
14.3067,-0.38953,3.77113,0.17790,0.16560,0.06862,0.08831
14.3178,-0.42702,3.87355,0.10600,0.15118,0.06070,0.11344
14.3276,-0.44244,3.65898,0.10151,0.14735,0.06238,0.10454
14.3363,-0.56343,3.90562,-0.16053,0.13778,0.07063,0.10530
14.3466,-0.68450,3.28461,-0.21567,0.15169,0.06159,0.10350
14.3545,-0.57310,3.91569,-0.41080,0.11777,0.05561,0.10861
14.3645,-0.33845,3.43407,-0.13019,0.15123,0.06730,0.11119
14.3756,-0.62016,4.06826,-0.29064,0.12602,0.06020,0.11073
14.3854,-0.75611,3.57643,-0.09510,0.11723,0.06736,0.10774
14.3964,-0.59937,3.65374,0.04634,0.14628,0.06036,0.10852
14.4049,-0.79388,3.89943,-0.37059,0.11254,0.06071,0.10585
14.4149,-0.85236,3.79709,-0.36199,0.11878,0.07142,0.10660
14.4239,-0.90555,3.77011,-0.26780,0.12904,0.06567,0.09906
14.4342,-0.93017,3.98574,-1.04824,0.11775,0.05664,0.10277
14.4448,-0.96194,3.45834,-0.74488,0.13872,0.06266,0.10531
14.4538,-1.42845,3.32916,-1.12175,0.12105,0.06713,0.10502
14.4638,-1.13949,3.06793,-0.90501,0.13579,0.05392,0.10737
14.4731,-1.24555,3.20553,-0.57532,0.13407,0.06559,0.10385
14.4839,-1.41782,3.33910,-0.53676,0.12595,0.04735,0.10652
14.4940,-0.91256,3.05692,-0.46029,0.14469,0.05180,0.10293
14.5032,-1.21552,3.59314,-0.83945,0.11905,0.06176,0.10113
14.5133,-1.05223,3.21957,-1.03809,0.11991,0.05309,0.10122
14.5233,-0.59314,2.88242,-0.99233,0.15288,0.07375,0.09560
14.5327,-0.72621,3.83508,-1.53815,0.10218,0.08184,0.10153
14.5434,-0.94901,3.24515,-1.19761,0.13174,0.07067,0.09066
14.5535,-1.05571,2.87037,-0.68161,0.15173,0.06961,0.09529
14.5635,-0.93931,2.69053,-0.40500,0.15448,0.06936,0.09714
14.5732,-1.13578,3.26429,-0.31413,0.13139,0.05391,0.09509
14.5830,-0.97013,3.56998,0.03386,0.11421,0.06650,0.09446
14.5932,-1.52276,2.81266,-0.15358,0.16141,0.05311,0.09428
14.6029,-1.22745,3.55021,-0.74449,0.13662,0.04937,0.09325
14.6128,-1.44306,3.58117,-0.70855,0.10671,0.05985,0.09692
14.6227,-1.23466,3.48179,-0.38109,0.12811,0.05284,0.09346
14.6331,-2.27048,4.24167,-0.42138,0.09846,0.03783,0.09050
14.6426,-1.76950,3.33371,-0.08641,0.13161,0.05707,0.09106
14.6527,-2.00133,4.31339,0.85851,0.11276,0.04511,0.09000
14.6629,-2.40994,4.68221,1.15510,0.08171,0.03829,0.09688
14.6725,-1.88146,5.07935,0.95911,0.06938,0.02424,0.09338
14.6830,-1.98692,4.09747,1.11701,0.11658,0.02142,0.09785
14.6927,-1.72783,4.49956,0.25110,0.10873,0.06263,0.10032
14.7028,-3.00956,4.22358,-0.09735,0.11297,0.00208,0.09553
14.7128,-1.67807,5.17695,-0.77638,0.06415,0.06466,0.09207
14.7227,-1.88562,4.36061,-0.22710,0.09474,0.03329,0.09368
14.7332,-2.11657,4.05390,0.16138,0.12677,0.02341,0.09254
14.7428,-1.52970,3.32421,0.55781,0.14589,0.03445,0.09443
14.7530,-0.90216,3.61447,1.20397,0.12388,0.07271,0.09377
14.7627,-2.16907,4.19113,1.00673,0.10976,0.03207,0.09582
14.7726,-1.22630,3.79575,0.74150,0.13407,0.07340,0.10253
14.7828,-0.36573,3.28447,0.84614,0.15398,0.07256,0.09207
14.7929,-1.48755,3.82535,0.18099,0.12133,0.04805,0.09666
14.8025,-1.81962,3.49157,0.24583,0.13419,0.03355,0.09236
14.8127,-1.08405,3.83222,0.16883,0.11003,0.08364,0.09234
14.8228,-1.34041,4.22485,0.28283,0.09770,0.04720,0.09423
14.8326,-2.06489,4.79091,-0.00360,0.08528,0.03478,0.09060
14.8426,-0.87749,3.68763,0.02598,0.13148,0.09188,0.09691
14.8526,-0.59046,3.54689,0.04215,0.12049,0.09598,0.10130
14.8625,-0.24792,3.63953,0.08616,0.11775,0.08516,0.09538
14.8726,0.59960,2.86357,-0.11435,0.16803,0.12398,0.09757
14.8826,0.83410,2.54730,-0.00512,0.15898,0.13956,0.09725
14.8926,0.37449,2.65690,0.11947,0.15409,0.11927,0.09493
14.9026,0.75621,3.54372,-0.42584,0.12714,0.13054,0.10086
14.9128,0.20524,3.29213,-0.31797,0.12579,0.12520,0.10273
14.9225,0.07413,2.61607,-0.00827,0.16108,0.11740,0.09378
14.9323,-0.51645,3.63964,-0.16559,0.12332,0.09900,0.09489
14.9426,-0.05476,2.88781,-0.04520,0.14600,0.11246,0.09801
14.9526,0.02259,3.88687,0.00517,0.11095,0.12040,0.09906
14.9624,0.02946,3.28964,0.25631,0.14166,0.10862,0.09255
14.9725,-0.07674,3.13532,-0.18729,0.15634,0.09858,0.09235
14.9828,0.25083,3.23220,-0.31310,0.14534,0.12365,0.09550
14.9925,-0.27403,3.36278,-0.39971,0.14668,0.10625,0.09466
15.0025,-0.15532,3.50609,-0.50427,0.13378,0.09730,0.09644
15.0126,-0.08308,3.20389,-0.14022,0.14193,0.11233,0.09975
15.0226,0.23070,2.84455,0.05752,0.16142,0.11019,0.10264
15.0324,-0.15570,4.21053,-0.05572,0.11779,0.09771,0.10199
15.0425,-0.75696,3.23453,0.48461,0.14162,0.09793,0.10037
15.0525,-0.08514,3.80964,0.04888,0.11744,0.10693,0.10563
15.0628,-0.41672,3.43432,0.26033,0.14512,0.09932,0.10474
15.0728,-0.60362,2.78551,0.05872,0.16703,0.08422,0.11049
15.0827,-0.47386,2.94209,0.00516,0.16973,0.09757,0.11000
15.0928,-0.30035,2.32039,-0.06891,0.17892,0.08845,0.11533
15.1026,-0.57210,2.98718,0.09476,0.15215,0.10049,0.12165
15.1126,-0.47645,3.10529,0.10151,0.15347,0.07318,0.12284
15.1226,-0.51654,3.75805,0.06778,0.12282,0.08073,0.12311
15.1325,-0.70805,3.58432,0.14326,0.13724,0.08468,0.12643
15.1426,-0.76272,3.10408,0.30512,0.16165,0.07370,0.12336
15.1525,-0.77220,2.76152,0.19102,0.16351,0.08159,0.12527
15.1626,-0.69895,2.39516,0.37775,0.18495,0.07464,0.12048
15.1724,-0.67337,2.81274,0.44764,0.16183,0.07606,0.12280
15.1825,-0.58206,3.47807,0.42857,0.14914,0.07401,0.12153
15.1926,-0.75331,3.42222,0.80674,0.13378,0.07103,0.12804
15.2023,-0.36582,3.23985,0.93895,0.15750,0.07679,0.11190
15.2125,-0.63008,2.83460,1.09914,0.16788,0.07069,0.12699
15.2222,-0.66169,3.43284,0.98254,0.14241,0.07304,0.12705
15.2325,-0.83050,3.45009,0.92761,0.14328,0.08483,0.11751
15.2424,-1.00248,4.08474,0.70348,0.12531,0.08022,0.11437
15.2524,-1.16606,3.81471,0.68815,0.14227,0.07330,0.11509
15.2630,-0.76827,3.64567,0.45776,0.13328,0.07209,0.12483
15.2725,-0.56472,3.23355,0.86459,0.14999,0.06342,0.11402
15.2825,-0.83865,3.67786,0.41764,0.13878,0.06439,0.11956
15.2924,-0.57569,3.17235,0.31421,0.14234,0.07061,0.12048
15.3027,-0.32593,3.40699,-0.03388,0.14050,0.07632,0.11779
15.3124,-0.72989,2.91044,-0.22119,0.14936,0.07236,0.12306
15.3225,-0.45194,2.91042,-0.67399,0.15503,0.08238,0.11609
15.3324,-0.51517,2.46506,-1.17606,0.16639,0.09521,0.10892
15.3426,-0.83720,2.82901,-0.99550,0.15709,0.07124,0.11160
15.3525,-0.53723,2.60164,-1.13762,0.16740,0.07809,0.11419
15.3626,-0.55686,2.50800,-1.44071,0.16282,0.08665,0.11398
15.3725,-0.30261,2.62814,-1.62855,0.17898,0.06363,0.11399
15.3827,-0.80966,2.19897,-1.83214,0.17278,0.05357,0.11159
15.3926,-0.69392,1.87211,-1.86098,0.19080,0.06435,0.11381
15.4029,-0.41585,3.04659,-2.53551,0.14639,0.07015,0.10533
15.4127,-0.73880,2.46230,-3.04554,0.17043,0.06344,0.11410
15.4228,-0.74779,2.45130,-2.54830,0.16703,0.05997,0.10055
15.4324,-0.02700,2.92444,-2.62072,0.16726,0.07458,0.10337
15.4426,-1.04411,3.19946,-1.53619,0.15421,0.07366,0.11049
15.4527,-0.28618,2.97484,-0.27411,0.17169,0.05366,0.10300
15.4630,0.02155,3.03692,0.50868,0.16296,0.08474,0.10423
15.4727,-0.37826,2.93718,1.25714,0.17480,0.08426,0.10699
15.4826,-0.53113,3.98068,0.59877,0.14251,0.08561,0.11175
15.4926,-0.41449,2.91027,0.20195,0.16091,0.07857,0.10610
15.5025,0.36593,4.01002,-0.28195,0.12529,0.10386,0.10677
15.5125,0.04683,3.09529,0.62626,0.14740,0.07928,0.10823
15.5226,-0.25314,4.14889,1.43816,0.13489,0.06638,0.11639
15.5328,0.62124,3.45002,2.05347,0.14773,0.11477,0.11180
15.5425,-0.47855,3.42955,2.36560,0.13804,0.07959,0.10742
15.5525,-0.70646,3.39381,2.13270,0.15207,0.07072,0.11501
15.5627,-0.03268,3.47546,0.34284,0.13790,0.07965,0.11267
15.5728,-0.78182,3.83348,-0.78853,0.13567,0.05670,0.11377
15.5825,-1.11534,3.61226,-1.04526,0.13592,0.05679,0.11243
15.5924,-0.57034,2.89520,-1.17418,0.15949,0.05751,0.10839
15.6025,0.78261,3.69117,-1.38731,0.12250,0.12464,0.11822
15.6125,-0.70748,3.52625,-1.25477,0.12738,0.04093,0.11073
15.6223,-0.48550,2.97563,-0.76055,0.13776,0.06659,0.11437
15.6326,0.38000,3.05534,-1.58577,0.14059,0.10383,0.11692
15.6424,-0.38516,2.61359,-1.46006,0.14337,0.07744,0.11104
15.6525,-1.18471,3.06914,-1.20042,0.14737,0.03995,0.10923
15.6626,-0.58753,3.20089,-1.99779,0.13038,0.06856,0.11511
15.6726,-0.51452,3.58953,-1.82299,0.12001,0.06958,0.11272
15.6824,-1.32433,3.38899,-0.60091,0.13008,0.05060,0.11362
15.6927,-1.17819,3.22870,0.31714,0.14198,0.04950,0.10253
15.7024,-1.01138,3.92326,1.17528,0.11635,0.07393,0.10943
15.7125,-1.71953,3.77312,1.71397,0.12853,0.04285,0.10018
15.7227,-1.86848,3.84121,1.96434,0.12025,0.03263,0.10201
15.7324,-1.70734,3.94505,1.73176,0.11555,0.04611,0.10606
15.7425,-1.70720,4.08469,0.94516,0.11292,0.03112,0.10488
15.7527,-1.92227,4.40252,0.93532,0.10683,0.03560,0.10326
15.7625,-2.09058,4.07945,1.13900,0.09926,0.03502,0.10534
15.7722,-1.83272,4.38447,1.49268,0.10355,0.04131,0.09751
15.7824,-1.95517,3.93139,2.51507,0.10727,0.03083,0.09827
15.7926,-1.71236,3.37791,2.62948,0.13745,0.03879,0.09980
15.8025,-1.33623,3.78473,2.42124,0.13262,0.04568,0.08256
15.8125,-1.37413,3.92888,2.10931,0.12325,0.06983,0.06206
15.8225,-1.23866,4.72498,1.27853,0.10035,0.04802,0.04289
15.8324,-1.52157,4.54143,0.78372,0.10728,0.05975,0.01761
15.8425,-0.95811,4.14729,0.71984,0.12543,0.05744,-0.00509
15.8524,-1.57197,4.78197,0.65729,0.10940,0.05015,-0.03000
15.8625,-1.16169,4.43053,0.82551,0.11638,0.04840,-0.05172
15.8726,-0.68921,3.70096,1.09819,0.17146,0.05963,-0.07087
15.8829,-0.88793,3.44295,0.86921,0.15508,0.06115,-0.09730
15.8925,-1.01490,3.46013,0.75766,0.16202,0.06690,-0.10161
15.9023,-0.75373,4.08975,0.54773,0.13995,0.05707,-0.10013
15.9126,-0.34510,3.31761,0.58764,0.16354,0.06510,-0.09936
15.9224,-0.50179,3.73488,0.52546,0.15392,0.06384,-0.09391
15.9323,-0.80003,3.98044,0.43414,0.15718,0.06444,-0.09735
15.9425,-0.29116,3.61215,0.10652,0.16840,0.06112,-0.09648
15.9526,-0.74657,3.99456,-0.16620,0.14702,0.06439,-0.08892
15.9626,-0.64262,3.64589,-0.19377,0.16504,0.06137,-0.09185
15.9724,-0.69803,3.66579,-0.20731,0.15326,0.05472,-0.09628
15.9826,-0.57745,3.81954,-0.08544,0.16473,0.05639,-0.09260
15.9924,-0.19169,3.76076,-0.02817,0.17594,0.06619,-0.09804
16.0029,-0.30409,3.85875,-0.15219,0.16857,0.05568,-0.09682
16.0125,-0.56375,3.83360,0.05202,0.16915,0.05816,-0.09649
16.0225,-0.51497,3.83950,-0.27666,0.16745,0.05763,-0.10013
16.0325,-0.61358,3.74014,-0.17346,0.17841,0.06369,-0.09748
16.0426,-0.63873,3.76008,-0.21087,0.17059,0.05896,-0.09927
16.0523,-0.33898,3.53320,-0.05484,0.17831,0.05695,-0.09939
16.0624,-0.47371,3.61192,0.16727,0.17844,0.06617,-0.10182
16.0724,-0.31426,3.11854,0.28630,0.19225,0.06277,-0.10179
16.0824,-0.32514,3.80778,0.15052,0.17491,0.06255,-0.10210
16.0926,-0.56470,3.21472,0.44214,0.20620,0.06664,-0.09919
16.1026,-0.55448,3.55582,0.26093,0.19419,0.06679,-0.10131
16.1124,-0.60573,3.60787,0.25234,0.19818,0.05918,-0.09852
16.1225,-0.61920,3.62662,0.21028,0.19218,0.05877,-0.09955
16.1324,-0.30249,3.57045,0.14964,0.19126,0.05731,-0.10234
16.1427,-0.23363,3.60130,0.01344,0.18910,0.05602,-0.10141
16.1525,-0.47728,3.94927,0.05331,0.19678,0.06076,-0.10254
16.1629,-0.88614,3.86529,-0.11210,0.18370,0.05817,-0.09930
16.1726,-0.72722,4.27844,-0.36056,0.17493,0.05664,-0.10161
16.1826,-0.75636,4.33536,-0.36559,0.17352,0.04778,-0.10025
16.1924,-0.55051,4.77146,-0.34501,0.16113,0.04480,-0.09950
16.2026,-0.85513,4.49503,-0.74928,0.16231,0.05124,-0.10096
16.2127,-0.45125,4.73196,-0.79707,0.15805,0.04667,-0.09535
16.2224,-0.69234,4.59561,-0.63439,0.16572,0.05707,-0.09497
16.2325,-0.90840,4.56404,-0.66060,0.16729,0.05385,-0.09918
16.2425,-0.62401,4.03863,-0.65989,0.16799,0.05533,-0.08750
16.2524,-0.70236,4.04824,-0.71796,0.16243,0.05513,-0.08757
16.2625,-0.70883,4.64168,-1.05595,0.14581,0.05190,-0.05595
16.2724,-0.64589,3.50162,-0.78874,0.18966,0.05365,0.02926
16.2824,-0.60352,4.10255,-0.64650,0.15868,0.05986,0.04038
16.2925,-0.74326,3.93347,-0.41325,0.16915,0.04126,0.07020
16.3029,-0.45349,3.95143,-0.38820,0.16021,0.07844,0.11142
16.3124,-0.26368,4.01877,-0.42890,0.15318,0.07584,0.12116
16.3224,-0.59957,3.90840,-0.31977,0.16906,0.04915,0.10970
16.3323,-1.02396,4.37979,-0.51524,0.12904,0.05046,0.10715
16.3426,-1.13318,3.67599,-0.65477,0.16213,0.04328,0.10687
16.3524,-0.66920,3.44347,-0.73065,0.15565,0.07337,0.11623
16.3625,-1.08127,3.79869,-0.47443,0.13547,0.05299,0.11423
16.3725,-1.05797,3.88891,-0.71673,0.13743,0.05219,0.11121
16.3824,-0.49851,3.80005,-0.52165,0.14720,0.06609,0.09974
16.3926,-0.64150,4.07440,-0.87795,0.14012,0.07010,0.09997
16.4024,-0.95530,3.57592,-0.78379,0.14475,0.06855,0.10607
16.4125,-0.74264,3.67328,-0.99861,0.13729,0.05677,0.10538
16.4224,-0.60232,3.51447,-0.94430,0.13662,0.07589,0.09946
16.4324,-0.45420,4.15755,-1.16901,0.11766,0.08122,0.09553
16.4426,-0.62369,3.75640,-0.99819,0.12975,0.06187,0.09143
16.4525,-0.56730,3.71735,-0.67676,0.13690,0.06865,0.09637
16.4624,-0.81868,3.72468,-0.58088,0.13761,0.06585,0.09880
16.4725,-1.04951,3.36647,-0.76626,0.13762,0.06807,0.10815
16.4826,-0.77187,3.34108,-0.69293,0.13997,0.08171,0.09831
16.4929,-1.16367,3.16462,-0.63643,0.14720,0.06247,0.08677
16.5027,-0.97404,3.05047,-0.47006,0.13927,0.06233,0.09732
16.5125,-0.93517,3.55060,-0.68296,0.14439,0.06596,0.09330
16.5228,-0.96608,3.37850,-0.17692,0.15456,0.06412,0.10028
16.5324,-1.23187,2.82972,-0.13671,0.14940,0.06144,0.09387
16.5424,-0.62332,3.05539,0.04345,0.14740,0.07746,0.09092
16.5526,-0.70127,3.10672,0.15204,0.14721,0.06082,0.08985
16.5625,-1.01937,2.95639,-0.01367,0.14442,0.05315,0.09685
16.5725,-1.09955,2.74947,0.27635,0.15105,0.05158,0.09555
16.5823,-1.30798,2.89457,0.13933,0.15736,0.05098,0.08925
16.5925,-0.91065,3.11965,-0.00877,0.15421,0.06973,0.09367
16.6024,-0.48918,2.63549,0.32225,0.15648,0.06551,0.08780
16.6125,-0.81889,2.62335,0.02720,0.15340,0.06960,0.08760
16.6225,-1.23048,2.90711,0.26283,0.14643,0.05152,0.09654
16.6324,-0.86534,3.24369,0.13433,0.13895,0.06119,0.09049
16.6424,-0.78857,2.79304,-0.09917,0.15074,0.06844,0.09231
16.6525,-0.78357,2.76240,0.16571,0.15130,0.07183,0.09163
16.6625,-0.48167,3.07302,0.16935,0.15172,0.06400,0.09103
16.6724,-0.53118,3.11057,-0.24927,0.13800,0.07772,0.09320
16.6827,-0.93848,3.25729,-0.16673,0.13763,0.05462,0.10044
16.6924,-1.17320,3.06759,0.02829,0.14628,0.06344,0.10093
16.7023,-0.63837,3.13448,0.04062,0.14510,0.06720,0.09052
16.7126,-0.48770,3.05855,-0.20401,0.14827,0.07140,0.08786
16.7225,-0.98938,3.03490,-0.05127,0.14170,0.06387,0.09090
16.7325,-0.48674,2.94105,0.12422,0.13422,0.06154,0.08907
16.7424,-0.64980,3.07490,0.15156,0.13985,0.06761,0.08782
16.7525,-0.90632,2.83187,0.20740,0.14327,0.06248,0.10094
16.7624,-0.49724,2.94453,0.41277,0.14311,0.07577,0.09905
16.7724,-0.77201,2.76248,-0.18634,0.14578,0.06251,-0.07265
16.7823,-0.24881,3.14299,0.13421,0.13408,0.07026,0.03734
16.7925,-0.33348,3.01704,0.03790,0.15521,0.06806,0.07561
16.8029,-0.49946,3.03393,0.50264,0.15502,0.07726,0.12204
16.8127,-0.56271,2.36010,0.90813,0.16616,0.07086,0.11257
16.8224,-0.61655,3.23669,0.09619,0.13196,0.06403,-0.12144
16.8324,-0.21129,2.65661,0.44246,0.15958,0.09557,0.29542
16.8425,-0.80586,3.53358,0.60590,0.12171,0.06457,-0.10448
16.8525,-0.53071,2.26573,-0.04865,0.16531,0.08069,0.25311
16.8624,-0.80096,3.08531,0.25910,0.14150,0.06589,-0.05438
16.8725,-0.63010,2.83501,-0.02430,0.14747,0.07281,0.19627
16.8825,-0.80602,3.24973,0.09841,0.14030,0.07883,0.00099
16.8926,-0.69060,2.29333,0.36762,0.16400,0.06765,0.15567
16.9024,-1.11809,2.73221,0.78166,0.15190,0.06374,0.03774
16.9126,-0.54469,2.40678,0.56821,0.17024,0.06990,0.09257
16.9225,-0.51890,2.37960,1.01979,0.16634,0.08370,0.09197
16.9328,-0.26019,0.63304,1.92934,0.23355,0.08643,0.10158
16.9426,-0.24798,1.72929,1.38789,0.18681,0.08235,0.10122
16.9525,0.19601,1.26810,1.55556,0.20336,0.08621,0.10229
16.9625,0.14388,2.11736,1.31471,0.17689,0.09421,0.09809
16.9724,0.37755,1.80198,1.37146,0.18430,0.08319,0.10138
16.9826,0.13630,2.87630,0.92987,0.15843,0.09361,0.09903
16.9927,0.65779,1.96262,0.93691,0.16034,0.10547,0.10213
17.0028,1.08333,2.57684,1.26864,0.16878,0.13542,0.10755
17.0122,1.09528,1.62452,1.15905,0.19979,0.12017,0.11274
17.0224,1.56843,2.66770,0.38094,0.16734,0.13537,0.10572
17.0325,3.04001,1.46516,0.52050,0.20827,0.18816,0.09950
17.0424,1.76799,1.71310,0.59921,0.19822,0.15237,0.10431
17.0525,2.69061,1.37892,0.31217,0.20202,0.16677,0.10484
17.0623,2.04429,3.45421,0.87160,0.13480,0.18637,0.10609
17.0726,3.31455,1.66885,1.80090,0.19158,0.19767,0.11347
17.0827,2.10358,4.22619,2.32056,0.11719,0.17165,0.11090
17.0924,2.65607,3.11225,2.87086,0.14793,0.20005,0.10806
17.1024,2.91621,2.18146,2.88636,0.21659,0.22000,0.09826
17.1129,-2.37856,8.41844,-0.20410,-0.03171,0.02447,0.11253
17.1226,2.95276,3.71066,0.09993,0.15115,0.23944,0.12398
17.1325,-1.24379,4.40438,-0.35590,0.13065,0.07255,0.11739
17.1427,-2.42574,3.78111,-0.80536,0.13923,0.00893,0.10556
17.1525,-0.95941,6.00725,-0.96350,0.07525,0.09891,0.10916
17.1627,-0.94015,3.41599,0.08152,0.14567,0.09435,0.11300
17.1724,-1.93740,4.86148,0.01544,0.11362,0.04302,0.11758
17.1826,-0.96806,5.75080,-0.60364,0.07488,0.09690,0.11238
17.1925,-0.90661,4.57105,-0.36634,0.10996,0.10161,0.10582
17.2024,-0.33069,3.89735,-0.78208,0.15060,0.09779,0.11387
17.2125,-0.10063,2.92094,-0.61665,0.16714,0.11680,0.10809
17.2224,-0.10802,3.68068,-0.61117,0.16153,0.12150,0.12043
17.2323,0.69950,3.58721,-0.68022,0.16112,0.12997,0.10862
17.2426,0.42661,3.87799,-0.66849,0.14097,0.12465,0.10709
17.2526,-0.04978,4.30563,-0.70744,0.13112,0.11953,0.11883
17.2627,-0.53950,5.12087,-0.83262,0.09830,0.10887,0.10845
17.2725,-0.97479,4.86478,-1.21152,0.13102,0.07743,0.12834
17.2824,-0.31104,4.36039,-1.39115,0.12770,0.11696,0.10617
17.2928,-0.60647,4.20439,-0.93080,0.14905,0.07918,0.10902
17.3025,-0.31855,3.87339,-0.75325,0.15075,0.10040,0.11756
17.3125,0.29853,4.38694,-0.79420,0.12440,0.13385,0.11670
17.3228,-1.16822,5.02622,-0.90246,0.11794,0.08288,0.11622
17.3325,-0.43573,4.18061,-0.41970,0.13653,0.11024,0.12566
17.3422,0.07713,3.85835,-0.15255,0.14177,0.11945,0.11265
17.3525,-0.33465,3.98209,-0.35122,0.14238,0.10525,0.12180
17.3625,0.18279,4.84562,-0.90576,0.12632,0.13382,0.11798
17.3726,-0.53730,5.17463,-1.14377,0.12232,0.10011,0.11869
17.3826,-0.99125,4.79082,-1.28094,0.11333,0.06412,0.11563
17.3925,-0.43517,4.78512,-1.24985,0.10012,0.09409,0.11744
17.4027,-0.77235,3.81851,-0.08565,0.15326,0.10764,0.10593
17.4125,-0.52964,5.38806,0.19940,0.10390,0.10765,0.12811
17.4226,-0.73907,5.02840,-0.28794,0.12554,0.12095,0.11459
17.4327,-1.84878,4.48340,-0.13097,0.14571,0.07366,0.11901
17.4425,-0.89088,5.19208,0.01311,0.12042,0.10655,0.11327
17.4524,-0.81050,4.25824,0.34379,0.14529,0.10567,0.10844
17.4624,-0.93972,4.55822,-0.39371,0.14498,0.10576,0.09627
17.4725,-1.32255,4.11474,-0.15149,0.16253,0.11571,0.12181
17.4826,-2.36542,5.59479,-1.47424,0.12059,0.07385,0.12401
17.4925,-1.13367,4.51980,-1.28003,0.14604,0.08663,0.09062
17.5027,-0.90157,3.88166,0.88936,0.18142,0.12398,0.11969
17.5126,-1.08307,4.53754,1.07039,0.15104,0.11717,0.12134
17.5226,-1.76303,4.44690,0.51306,0.15309,0.06844,0.09439
17.5323,-1.64351,4.80077,-0.29558,0.14575,0.09501,0.11986
17.5426,-1.95391,4.81526,-0.99634,0.14260,0.08803,0.12582
17.5524,-0.88582,4.15148,-1.24400,0.17176,0.11604,0.10941
17.5625,-1.61317,3.56140,0.00209,0.18191,0.09042,0.11519
17.5722,-1.49171,3.43423,0.23234,0.18147,0.10418,0.09829
17.5825,-1.30105,4.65570,-0.04006,0.16250,0.11588,0.10773
17.5925,-1.17664,4.99076,-0.08728,0.15498,0.11374,0.11913
17.6026,-0.99711,4.87337,-0.86876,0.14269,0.11207,0.10577
17.6126,-0.58782,3.99832,-0.87512,0.17331,0.12055,0.10946
17.6229,-1.73686,3.48945,-0.16808,0.17592,0.08428,0.11308
17.6326,-1.60131,4.30500,-0.32818,0.16889,0.08920,0.11209
17.6427,-0.75969,4.59341,-0.21283,0.16866,0.13563,0.11701
17.6523,-1.54660,4.22663,-0.68413,0.14427,0.09549,0.11690
17.6625,-2.03886,4.80810,-0.85433,0.15118,0.09044,0.12564
17.6724,-1.27271,3.97849,-0.68675,0.17457,0.11687,0.13192
17.6826,-1.17808,3.98709,-0.56798,0.17148,0.10196,0.10868
17.6923,-0.70979,4.07528,-0.01043,0.18974,0.12568,0.15242
17.7024,-0.98367,4.36185,-0.43492,0.16759,0.11684,0.11154
17.7124,-2.36388,3.97154,-0.66654,0.17647,0.08682,0.12006
17.7224,-2.10900,4.57340,-0.91220,0.16623,0.08583,0.14009
17.7326,-0.07969,4.14049,-0.66713,0.17764,0.13533,0.09781
17.7426,-0.95343,4.36001,-0.06171,0.16955,0.10752,0.12297
17.7525,-1.75718,4.55324,-0.25554,0.16123,0.08012,0.10574
17.7626,-1.82945,4.33740,-0.80615,0.17982,0.06403,0.12073
17.7728,-1.22794,4.26439,-0.80072,0.16148,0.11275,0.12216
17.7825,-0.13493,3.60580,-0.81607,0.17868,0.12501,0.11360
17.7924,-1.43766,4.72239,-0.34355,0.16021,0.11735,0.12338
17.8028,-2.76272,5.09855,-0.44667,0.14023,0.05573,0.10977
17.8126,-1.21815,4.31604,-0.63586,0.18185,0.10299,0.13142
17.8228,-1.22872,4.31075,-1.28902,0.18086,0.08303,0.10494
17.8326,-0.08202,3.82563,-0.92174,0.18036,0.16667,0.13369
17.8428,-1.86213,3.43267,-0.85624,0.18918,0.05760,0.12364
17.8525,-1.32496,3.63998,-0.78600,0.20427,0.10722,0.12312
17.8625,-1.03010,4.80895,-1.55501,0.15556,0.11699,0.11682
17.8723,-0.18149,3.88704,-1.62032,0.17816,0.12141,0.12261
17.8823,-1.84667,4.55621,-1.17868,0.14727,0.08082,0.10926
17.8925,-3.19204,3.37070,-0.34933,0.22246,0.05220,0.12078
17.9025,-4.34482,3.79738,-1.22582,0.18327,0.00020,0.12011
17.9124,-2.49789,3.15065,-2.14690,0.21155,0.06547,0.12189
17.9224,-4.31837,2.27085,-2.57508,0.24295,0.01724,0.12534
17.9325,-5.82370,1.97404,-2.79072,0.23674,-0.06170,0.10857
17.9426,-4.15230,1.92843,-2.12200,0.24089,-0.01577,0.10417
17.9524,-4.72265,1.63370,-1.56003,0.25584,-0.02759,0.10867
17.9625,-3.15516,2.29213,-1.55839,0.23073,0.03028,0.11993
17.9725,-2.04236,2.55677,-1.40967,0.22478,0.07126,0.11493
17.9826,-1.62450,2.01199,-1.40441,0.23259,0.06982,0.12592
17.9926,-1.02280,1.89226,-1.68648,0.24613,0.12255,0.12557
18.0025,-1.00512,2.95986,-2.57406,0.21346,0.08618,0.11711
18.0125,-1.50777,2.94117,-2.43159,0.21778,0.08685,0.11981
18.0225,-1.13273,3.02240,-2.01027,0.20686,0.11073,0.10867
18.0326,0.77108,2.86045,-1.35437,0.22279,0.14949,0.10173
18.0425,0.17909,3.00632,-0.86632,0.21379,0.13811,0.12016
18.0525,0.58126,3.91521,-1.35919,0.19354,0.14570,0.10833
18.0627,0.45478,4.33479,-1.36881,0.16184,0.15736,0.10790
18.0726,0.66948,3.82636,-0.91258,0.18671,0.16934,0.11562
18.0825,0.23976,3.53387,-0.82648,0.19250,0.16588,0.12838
18.0926,-0.60128,3.77753,-1.09597,0.19950,0.12650,0.12124
18.1023,-0.63468,4.28493,-1.73544,0.16761,0.12886,0.11013
18.1124,-0.28954,4.55122,-1.41225,0.17332,0.14718,0.11454
18.1224,-1.17027,3.79513,-1.04408,0.17988,0.10411,0.12006
18.1324,1.12153,5.22785,-1.76446,0.15565,0.17751,0.11412
18.1424,-1.09599,3.89180,-1.15513,0.18554,0.12207,0.12192
18.1526,-1.28993,3.60947,-1.50603,0.19554,0.10624,0.10884
18.1625,-1.33407,4.09145,-1.92234,0.18788,0.10850,0.11867
18.1724,-1.96348,3.66922,-1.81971,0.19317,0.07047,0.11073
18.1826,-1.55892,3.36693,-1.21903,0.20230,0.09262,0.12084
18.1925,-1.46950,4.14645,-1.57273,0.16981,0.11424,0.11681
18.2026,-2.71229,3.56789,-1.04465,0.18802,0.07229,0.11066
18.2124,-2.68145,4.25646,-1.21783,0.17299,0.07391,0.11374
18.2228,-2.82290,3.20545,-0.55438,0.20036,0.08072,0.12152
18.2323,-2.47627,4.03798,-1.06708,0.17860,0.03603,0.11243
18.2427,-2.80323,3.22214,-0.53151,0.19695,0.03423,0.11456
18.2526,-2.07556,3.04170,-0.59296,0.19843,0.07504,0.12092
18.2628,-2.20878,4.74794,-1.13377,0.15801,0.08124,0.11009
18.2725,-2.24760,3.58829,-0.56471,0.20061,0.06286,0.10964
18.2826,-1.59539,3.48498,-0.22572,0.18033,0.09157,0.10806
18.2925,-2.41332,3.65190,0.03905,0.18006,0.07448,0.11837
18.3030,-2.82139,3.23231,0.48132,0.18970,0.06046,0.12619
18.3126,-2.66459,3.35939,-0.05700,0.19174,0.06153,0.11323
18.3225,-2.35867,3.41877,-0.00345,0.18026,0.07819,0.10475
18.3324,-2.22902,4.79286,-0.90662,0.13422,0.08760,0.11235
18.3425,-1.21100,3.40832,-0.12442,0.18120,0.09165,0.11238
18.3523,-0.93968,3.24103,-0.45558,0.19056,0.11059,0.11208
18.3627,-1.11376,4.67494,-0.93069,0.14172,0.08977,0.10758
18.3724,-0.83766,3.89666,-0.87303,0.15256,0.11955,0.11437
18.3827,-1.37596,3.39730,-0.70734,0.16818,0.09280,0.11987
18.3925,-0.48817,3.00382,-0.49966,0.16978,0.12708,0.11765
18.4024,-1.21971,3.36569,0.02814,0.16334,0.11534,0.11138
18.4124,-1.15070,3.96848,0.10514,0.15381,0.10743,0.11560
18.4224,-1.39456,3.82256,-0.04566,0.14986,0.09493,0.12201
18.4323,-0.56871,3.74777,-0.49073,0.15741,0.12454,0.11481
18.4425,-1.24053,2.78064,0.26785,0.18405,0.08179,0.11730
18.4523,-0.77836,2.69655,-0.03176,0.19081,0.10955,0.10555
18.4624,-0.79581,3.68253,-0.50919,0.15661,0.10593,0.11305
18.4724,-0.64491,3.39011,-0.13308,0.16067,0.11422,0.11384
18.4828,-0.43591,3.23624,0.39258,0.17947,0.12661,0.10476
18.4925,-0.51715,3.78379,0.17838,0.16533,0.12747,0.10102
18.5026,-0.64918,2.99663,0.39692,0.17705,0.12067,0.10636
18.5122,-1.17360,3.73639,0.41387,0.16785,0.11408,0.10859
18.5225,-1.45637,3.31724,0.29852,0.17413,0.11045,0.10055
18.5323,-0.73440,2.90141,0.55515,0.16925,0.12848,0.09875
18.5424,-1.94074,2.83987,0.88140,0.18009,0.10168,0.10599
18.5523,-0.84683,3.19542,0.71489,0.16275,0.11809,0.10386
18.5626,-0.93609,3.13873,0.77906,0.17382,0.10465,0.10540
18.5724,-0.92546,2.67721,0.50848,0.17773,0.11486,0.10412
18.5827,-0.83720,2.99615,0.55553,0.17334,0.13674,0.10801
18.5926,-0.18167,3.12377,0.81892,0.17049,0.14181,0.11007
18.6025,-0.48540,3.28142,0.57233,0.16035,0.12145,0.11227
18.6125,-0.95179,3.72920,0.38917,0.14651,0.12188,0.11205
18.6228,-0.88034,3.05993,0.66315,0.15641,0.11573,0.11237
18.6325,-1.40737,3.43635,0.21174,0.14346,0.11709,0.11283
18.6426,-1.80609,3.29802,0.37368,0.15646,0.09377,0.10274
18.6526,-2.00535,3.07317,0.56888,0.16513,0.09508,0.11233
18.6625,-2.06222,3.08676,0.27343,0.15429,0.10533,0.09879
18.6723,-1.45231,3.47174,0.07227,0.15638,0.09093,0.10497
18.6828,-1.41059,3.32991,-0.10714,0.16829,0.08549,0.10765
18.6924,-0.49923,3.18870,-0.55307,0.16342,0.13305,0.10945
18.7026,-1.05157,3.42367,-0.49747,0.15323,0.11689,0.11543
18.7125,-0.36773,3.52183,-0.51711,0.15595,0.13081,0.10804
18.7225,-0.29388,3.90671,-0.52991,0.14715,0.13205,0.10508
18.7323,0.54731,3.76097,-0.70801,0.13996,0.14848,0.10691
18.7425,-0.61554,3.42592,-0.48321,0.15695,0.11895,0.10956
18.7525,-0.39698,3.51774,-0.50352,0.15181,0.13667,0.10943
18.7628,-0.71460,3.64185,-0.50240,0.15585,0.12888,0.11330
18.7726,-1.53342,3.35020,-0.38826,0.15908,0.08751,0.10785
18.7824,-1.61070,3.35133,-0.20702,0.16043,0.10813,0.10546
18.7925,-1.40842,3.50438,-0.22058,0.16485,0.09843,0.10521
18.8026,-1.19204,3.03871,-0.15075,0.16848,0.09698,0.10624
18.8126,-1.29246,3.42671,-0.49718,0.14820,0.09215,0.09776
18.8226,-1.22353,3.15832,0.01256,0.15361,0.10371,0.10289
18.8324,-0.52467,3.43958,-0.05616,0.14535,0.12875,0.10964
18.8425,-1.51504,2.72463,-0.03334,0.16406,0.08746,0.11368
18.8525,-1.85879,3.06602,0.27447,0.14881,0.09464,0.10725
18.8624,-1.53897,2.99767,0.13662,0.14575,0.09571,0.11124
18.8725,-2.57096,2.76442,0.33704,0.16186,0.06267,0.10741
18.8823,-1.63964,3.04962,0.23205,0.15521,0.07491,0.10960
18.8926,-2.30413,2.85505,0.53502,0.15660,0.07043,0.10942
18.9026,-2.04991,2.84953,0.35379,0.14917,0.08239,0.11064
18.9124,-2.02764,3.20862,0.44504,0.15393,0.08010,0.11057
18.9226,-1.96464,3.00522,0.38176,0.15219,0.08224,0.10234
18.9326,-1.72483,3.10589,0.26759,0.15717,0.09546,0.10330
18.9425,-2.19525,3.09484,0.19058,0.15461,0.08022,0.10558
18.9525,-1.51012,3.12607,0.09765,0.15116,0.09441,0.10964
18.9625,-1.49410,3.31001,-0.03365,0.14917,0.10199,0.11040
18.9725,-1.37717,3.26946,0.25339,0.15513,0.10530,0.10988
18.9827,-1.44942,3.09780,0.11104,0.14654,0.10363,0.11262
18.9924,-0.68720,3.42947,-0.23437,0.14010,0.12352,0.11089
19.0025,-1.18422,3.22220,-0.06616,0.14664,0.10682,0.10832
19.0125,-1.14209,3.50288,-0.06542,0.14294,0.12324,0.11496
19.0225,-1.10739,3.37108,-0.14249,0.14459,0.10396,0.10405
19.0324,0.34558,3.80917,-0.03869,0.13879,0.14299,0.11000
19.0428,-0.76715,3.74072,-0.11637,0.14833,0.11067,0.10451
19.0524,-0.10003,3.89448,-0.08487,0.13589,0.14237,0.10574
19.0624,-0.19489,4.12528,-0.10857,0.13209,0.14379,0.10856
19.0728,0.14208,3.86807,-0.19844,0.13212,0.14132,0.10466
19.0828,0.09300,4.26264,-0.34655,0.12620,0.15379,0.10966
19.0924,0.53446,4.02605,-0.55067,0.12846,0.15838,0.10935
19.1025,-0.13358,3.70690,-0.62636,0.12719,0.14753,0.10395
19.1127,-0.08915,4.10423,-0.64340,0.12039,0.14142,0.10740
19.1229,-0.37304,4.25149,-0.81130,0.12917,0.11953,0.10467
19.1323,0.74523,5.02351,-1.00889,0.11144,0.17142,0.10153
19.1426,-1.10861,3.86466,-0.83875,0.13475,0.10131,0.10925
19.1525,-1.15443,4.09847,-1.05912,0.12681,0.11214,0.10194
19.1624,-1.67338,4.13360,-0.69574,0.12612,0.10671,0.10064
19.1725,-1.83730,3.39712,-0.97751,0.13184,0.06789,0.09955
19.1828,-2.31334,3.74772,-0.44725,0.13431,0.08399,0.09723
19.1923,-2.22189,3.52294,-0.51148,0.14235,0.07931,0.10324
19.2025,-2.02669,3.56976,-0.83055,0.14353,0.08625,0.09563
19.2124,-1.95843,3.88839,-0.82413,0.13239,0.07888,0.10448
19.2226,-2.25680,2.80247,-0.25470,0.16038,0.06882,0.09720
19.2324,-2.44830,3.57866,-0.57820,0.15525,0.07944,0.10203
19.2426,-2.88106,3.03988,-0.28149,0.15647,0.06964,0.10324
19.2525,-3.22022,2.94161,0.03111,0.17082,0.04581,0.09509
19.2626,-3.01059,3.38389,-0.15859,0.15612,0.06116,0.09960
19.2726,-3.15939,3.21005,-0.39639,0.16102,0.04998,0.09529
19.2826,-2.59147,3.05332,-0.32455,0.16946,0.06122,0.09767
19.2925,-2.40992,3.45684,-0.35374,0.15260,0.05791,0.10094
19.3026,-2.67790,3.92873,-0.74238,0.15101,0.05475,0.09645
19.3126,-2.47104,3.73648,-0.51874,0.14839,0.07155,0.10031
19.3226,-1.96821,3.34172,-0.41349,0.13870,0.06564,0.09720
19.3325,-2.46096,4.10756,-0.94481,0.14006,0.07313,0.10208
19.3425,-1.54987,3.20322,-0.50300,0.14863,0.07569,0.10361
19.3525,-2.10513,3.33706,-0.18424,0.16068,0.08832,0.09741
19.3624,-1.64117,3.96549,-0.76222,0.14720,0.08903,0.09821
19.3725,-1.59973,3.32066,-0.72620,0.17688,0.08731,0.09372
19.3824,-1.13844,2.64574,-0.59585,0.16650,0.09415,0.09975
19.3927,-1.80930,4.30440,-1.01564,0.13133,0.06341,0.09841
19.4027,-1.35881,3.20923,-0.36817,0.15282,0.09297,0.09199
19.4126,-1.23580,3.07995,-0.05381,0.16255,0.08889,0.09935
19.4224,-1.17097,4.27573,-0.25192,0.11852,0.08837,0.09553
19.4326,-1.72772,4.14877,-0.68523,0.13463,0.07698,0.09709
19.4425,-0.56264,2.92631,-0.33262,0.16473,0.11522,0.09288
19.4525,-0.74903,2.82625,-0.17225,0.16597,0.11380,0.09466
19.4625,-0.83524,2.92088,-0.23746,0.17473,0.11295,0.09185
19.4725,-1.05106,3.51880,-1.25073,0.16115,0.10054,0.08568
19.4825,-1.32710,4.21253,-1.60874,0.13456,0.09132,0.06421
19.4923,-1.61303,4.04844,-0.93579,0.14635,0.08913,0.03574
19.5026,-1.27630,4.42093,-1.15234,0.11962,0.09788,0.01168
19.5128,-1.18654,4.44212,-0.82929,0.13125,0.09596,-0.02160
19.5224,-0.91119,3.42653,-0.40730,0.15781,0.07753,-0.04968
19.5324,-1.23422,4.19025,-0.87291,0.14291,0.08531,-0.07298
19.5424,-0.87335,3.77269,-0.34814,0.15856,0.08390,-0.11930
19.5524,-0.67075,3.91716,0.13087,0.15194,0.08647,-0.12213
19.5629,-0.93538,4.57625,-0.33675,0.13226,0.09467,-0.11670
19.5726,-0.84468,3.91452,-0.53959,0.16671,0.08187,-0.11604
19.5827,-1.02038,3.51426,-0.59867,0.18256,0.08997,-0.12339
19.5924,-0.79307,3.79979,-0.27284,0.18508,0.08531,-0.11657
19.6023,-0.27600,3.53098,0.34233,0.18228,0.09460,-0.12233
19.6125,-1.04589,4.34850,0.18009,0.15003,0.07889,-0.12237
19.6226,-0.47246,3.48359,0.70803,0.17263,0.12246,-0.12074
19.6325,-1.06615,4.34333,-0.11293,0.17498,0.10780,-0.11958
19.6427,-0.20038,2.89399,0.05525,0.20206,0.10084,-0.11601
19.6525,-0.83671,2.87314,0.72162,0.18829,0.09427,-0.12623
19.6626,-1.12293,4.64057,0.22760,0.13975,0.09205,-0.12610
19.6723,-1.04114,4.22863,0.16899,0.14155,0.08898,-0.11810
19.6824,-0.76454,4.11353,0.28794,0.15992,0.09603,-0.12038
19.6925,-0.49826,3.91466,0.41705,0.17414,0.11082,-0.11991
19.7024,-0.75036,3.65043,0.66790,0.16682,0.11030,-0.12308
19.7124,-0.57671,3.39593,0.93759,0.17999,0.10508,-0.11774
19.7230,-0.81211,3.62105,0.65883,0.17151,0.11916,-0.11610
19.7324,-1.14095,3.85525,0.46859,0.15450,0.09929,-0.11737
19.7426,-0.80531,3.59219,0.54057,0.17550,0.10106,-0.12298
19.7525,-0.56944,3.76200,0.76760,0.17362,0.10871,-0.11546
19.7624,-0.47865,3.71846,0.50408,0.16442,0.09941,-0.11363
19.7724,-0.56074,3.54786,0.64337,0.18240,0.11207,-0.11826
19.7826,-0.59196,4.06729,0.19585,0.16881,0.09916,-0.11809
19.7929,-0.74143,3.80862,0.21512,0.16669,0.09813,-0.11370
19.8024,-0.77503,3.64805,0.57043,0.17213,0.10070,-0.11605
19.8123,-0.88333,3.81383,0.35570,0.16155,0.10448,-0.11622
19.8225,-1.04900,3.79818,0.39134,0.16411,0.10827,-0.11512
19.8323,-1.17301,4.02281,0.24828,0.15851,0.10398,-0.11237
19.8425,-0.77277,3.90795,0.13193,0.15887,0.10570,-0.11366
19.8524,-1.11147,3.66099,0.25385,0.15574,0.10258,-0.11244
19.8627,-0.97371,3.51391,0.21809,0.16848,0.10943,-0.11682
19.8723,-0.80945,3.83831,0.19951,0.16327,0.10759,-0.11238
19.8827,-0.96433,3.98856,-0.08292,0.16658,0.10882,-0.11202
19.8925,-1.04117,3.66959,0.00066,0.15571,0.10125,-0.11244
19.9023,-0.94598,3.64069,0.21676,0.17689,0.11840,-0.10818
19.9127,-0.90423,3.95121,-0.03571,0.16596,0.10519,-0.11206
19.9225,-0.78702,3.49337,-0.03087,0.17365,0.10459,-0.11007
19.9324,-1.27951,4.24133,-0.33793,0.15956,0.09971,-0.11239
19.9424,-1.36043,4.26539,-0.41234,0.16135,0.09100,-0.10849
19.9526,-0.98630,4.08741,-0.39780,0.15886,0.09676,-0.10981
19.9625,-0.69529,4.29154,-0.39292,0.15981,0.11341,-0.10550
19.9725,-0.92984,4.20825,-0.57803,0.16507,0.10208,-0.10515
19.9826,-1.07478,4.35889,-0.69731,0.16361,0.10156,-0.10400
19.9924,-1.45557,4.07637,-0.55112,0.14848,0.10264,-0.10024
20.0025,-1.18498,4.12759,-0.59669,0.15725,0.09383,-0.08994
20.0125,-0.97124,4.03963,-0.45605,0.15217,0.10441,-0.08030
20.0222,-1.42653,3.65500,-0.48164,0.15503,0.11516,-0.06278
20.0325,-1.04727,3.94861,-0.41653,0.14929,0.10151,-0.04188
20.0430,-1.10997,4.01957,-0.50316,0.14774,0.09268,-0.01879
20.0526,-0.94755,4.07928,-0.42455,0.15252,0.09717,0.00193
20.0626,-1.23798,4.00017,-0.40100,0.15371,0.11022,0.01388
20.0726,-1.19052,4.33795,-0.46696,0.16083,0.09664,0.02471
20.0825,-0.80524,3.65246,-0.47913,0.14833,0.09038,0.04303
20.0925,-1.24934,4.07512,-0.40901,0.15176,0.10754,0.05284
20.1024,-1.21688,4.11531,-0.12336,0.16339,0.10611,0.06755
20.1126,-1.35997,3.65046,-0.21052,0.15413,0.11368,0.08257
20.1226,-1.35202,4.23351,-0.20399,0.14637,0.10965,0.08068
20.1325,-1.44571,3.99405,-0.22806,0.15143,0.11453,0.07309
20.1429,-1.33706,3.91285,-0.18854,0.15263,0.10853,0.07814
20.1524,-1.46033,4.11608,-0.19783,0.15022,0.11312,0.07185
20.1629,-1.30374,3.99044,-0.17787,0.15583,0.11316,0.07724
20.1724,-1.40716,4.00905,-0.22486,0.15446,0.11483,0.07464
20.1826,-1.21158,3.78465,-0.13970,0.14868,0.11456,0.07679
20.1923,-1.25296,3.70008,-0.10920,0.16247,0.10641,0.07275
20.2023,-1.18983,4.16344,-0.01038,0.16049,0.10432,0.07259
20.2127,-1.41970,3.80663,-0.36090,0.14476,0.09948,0.07299
20.2226,-1.33493,3.80699,-0.43727,0.15311,0.10971,0.07220
20.2326,-1.78170,3.79516,-0.40192,0.14697,0.11059,0.07977
20.2423,-1.18360,4.03996,-0.42157,0.15232,0.09201,0.07257
20.2525,-1.50008,3.91477,-0.20587,0.15065,0.11012,0.07220
20.2629,-1.28170,3.99483,-0.69626,0.14213,0.09780,0.07255
20.2725,-1.15650,3.95988,-1.55680,0.14876,0.10167,0.07495
20.2826,-1.20239,3.74482,-1.96239,0.14741,0.10475,0.06934
20.2926,-0.67387,3.90691,-2.62991,0.16081,0.11714,0.07464
20.3026,-1.06007,3.43565,-2.79770,0.16371,0.10343,0.06785
20.3123,-0.97815,3.55924,-2.85427,0.16223,0.11409,0.06771
20.3226,-1.03598,3.36851,-2.52826,0.16453,0.10972,0.06740
20.3325,-0.80075,3.45816,-2.34694,0.15822,0.11713,0.06673
20.3424,-0.87310,3.51368,-1.66959,0.16444,0.10762,0.06231
20.3524,-0.85304,3.60612,-1.19905,0.15481,0.11037,0.05595
20.3628,-0.99963,3.74269,-0.96583,0.16150,0.11403,0.04888
20.3724,-1.19965,3.77204,-1.05941,0.15223,0.09326,0.03578
20.3823,-0.76434,4.28381,-0.60689,0.15733,0.10296,0.03397
20.3925,-0.93496,3.93798,-0.28411,0.15510,0.10600,0.00753
20.4024,-0.99515,4.27289,0.15907,0.15335,0.11558,0.00557
20.4125,-1.17019,4.29776,0.12425,0.14435,0.11394,-0.00940
20.4225,-1.23735,4.68229,0.26510,0.13830,0.10523,-0.02935
20.4324,-0.84433,4.30735,0.27813,0.15092,0.11880,-0.04856
20.4427,-1.20087,4.22890,0.72743,0.14569,0.10267,-0.07038
20.4525,-0.97314,4.38872,0.96641,0.14826,0.10178,-0.09645
20.4625,-1.17202,4.64588,1.05113,0.14383,0.08586,-0.11798
20.4725,-1.10882,4.24612,0.79107,0.14469,0.08640,-0.13369
20.4826,-1.60413,4.08684,0.78744,0.14985,0.09035,-0.12032
20.4924,-0.82324,3.94390,0.44537,0.15384,0.07963,-0.12388
20.5025,-1.39566,4.00841,0.66412,0.16164,0.08280,-0.12168
20.5125,-1.50363,3.84232,0.42607,0.15013,0.08034,-0.12162
20.5226,-0.70602,3.77275,0.72471,0.16051,0.08635,-0.12324
20.5325,-1.31986,3.90374,0.65827,0.15810,0.08017,-0.11731
20.5425,-1.30391,3.82964,0.48747,0.15644,0.08506,-0.12028
20.5524,-1.08927,3.87061,0.74556,0.15484,0.09384,-0.11964
20.5624,-1.17542,4.05033,0.32503,0.15130,0.08637,-0.11911
20.5724,-1.26156,4.48403,0.28298,0.14057,0.07703,-0.11742
20.5825,-1.51925,4.52453,0.65229,0.14029,0.08301,-0.11647
20.5927,-0.87532,4.28326,0.65632,0.14439,0.09133,-0.12373
20.6026,-1.15991,4.34531,0.85831,0.14166,0.09435,-0.12132
20.6126,-0.95047,3.88920,0.89017,0.14677,0.09183,-0.11563
20.6230,-0.81333,4.19947,0.46891,0.14210,0.08310,-0.12465
20.6322,-1.14944,4.25569,0.48336,0.14192,0.09599,-0.12464
20.6424,-1.43376,4.10496,0.46895,0.14339,0.08626,-0.12549
20.6525,-1.03569,3.94479,0.55596,0.14044,0.08515,-0.12164
20.6626,-0.77131,3.69831,0.42436,0.15093,0.08408,-0.12498
20.6724,-0.83623,3.95567,0.47538,0.15011,0.07624,-0.12262
20.6829,-1.06150,3.99260,0.39502,0.14517,0.08860,-0.12977
20.6924,-1.09924,4.02645,0.21222,0.13883,0.07981,-0.13304
20.7023,-1.28966,3.96050,0.00761,0.13307,0.08886,-0.13001
20.7127,-0.78021,4.21867,0.01374,0.14206,0.07185,-0.13218
20.7227,-1.19350,3.88074,0.23580,0.13690,0.08530,-0.12927
20.7324,-1.28595,4.17272,0.00483,0.13711,0.07708,-0.12839
20.7425,-1.09222,3.91373,-0.29232,0.13461,0.08238,-0.12473
20.7528,-0.66943,3.95838,-0.22882,0.13663,0.07943,-0.13058
20.7624,-0.79084,4.10896,-0.23166,0.13704,0.08199,-0.13162
20.7725,-0.89462,4.13992,-0.33568,0.14128,0.08420,-0.13295
20.7825,-0.76780,4.07131,-0.41154,0.13879,0.07628,-0.13097
20.7925,-1.01838,3.94577,-0.30171,0.14329,0.09508,-0.12590
20.8024,-0.53281,3.97548,-0.23865,0.14339,0.08809,-0.12951
20.8124,-0.89603,3.96774,-0.20400,0.15042,0.10141,-0.13642
20.8224,-0.78216,3.90306,-0.23631,0.14054,0.09241,-0.12319
20.8322,-1.01638,4.07365,-0.47718,0.14035,0.10150,-0.13080
20.8426,-0.91027,4.32856,-0.40661,0.13960,0.08374,-0.12418
20.8526,-0.96100,4.02451,-0.18225,0.13909,0.09443,-0.12753
20.8626,-0.81334,3.83138,-0.04213,0.14433,0.09152,-0.12264
20.8725,-0.81325,4.00891,-0.36317,0.13449,0.08390,-0.12224
20.8827,-0.86555,4.17094,-0.30102,0.14943,0.07937,-0.12053
20.8925,-0.78566,4.27027,-0.38062,0.14236,0.08029,-0.12733
20.9027,-1.10669,4.10967,-0.35935,0.13908,0.08178,-0.12157
20.9126,-0.64457,4.09605,-0.34880,0.14710,0.08039,-0.12470
20.9224,-1.08751,3.95207,-0.47879,0.14728,0.08738,-0.11899
20.9322,-0.69336,3.93792,-0.37100,0.15270,0.08029,-0.12378
20.9427,-0.89077,4.07338,-0.39915,0.15119,0.07807,-0.12641
20.9526,-0.82647,3.95792,-0.41561,0.14780,0.08290,-0.12248
20.9625,-0.97167,4.09089,-0.32909,0.14162,0.08626,-0.12057
20.9725,-0.82362,4.19294,-0.24093,0.14454,0.07722,-0.12204
20.9826,-0.95659,4.20408,-0.42350,0.14976,0.08604,-0.11760
20.9926,-1.30923,4.36661,-0.47923,0.14555,0.08603,-0.11711
21.0026,-1.22253,4.24156,-0.39140,0.13831,0.08600,-0.12424
21.0124,-0.46947,4.04694,-0.24172,0.15263,0.08028,-0.11942
21.0228,-0.76345,4.06311,-0.21193,0.14750,0.08892,-0.11076
21.0325,-1.09049,4.18614,-0.48579,0.12760,0.08092,-0.12038
21.0426,-1.16635,4.02156,-0.25129,0.13582,0.08600,-0.11604
21.0525,-0.88891,4.14727,-0.47494,0.13998,0.08620,-0.11677
21.0625,-1.06350,4.17517,-0.52643,0.14078,0.08864,-0.11552
21.0726,-1.01207,3.67551,-0.37625,0.14035,0.08775,-0.11502
21.0825,-0.77262,3.96016,-0.39812,0.14557,0.08444,-0.11571
21.0924,-0.95140,3.98712,-0.29470,0.14556,0.08672,-0.11277
21.1028,-0.75290,4.14959,-0.46157,0.13871,0.07236,-0.11249
21.1128,-0.91962,4.22233,-0.54671,0.13812,0.08980,-0.11516
21.1229,-0.78449,4.03532,-0.23101,0.13546,0.08167,-0.11690
21.1324,-0.85316,4.01548,-0.19147,0.14612,0.08862,-0.11647
21.1425,-0.93182,3.72942,-0.37320,0.13902,0.08839,-0.11433
21.1525,-0.84112,3.89438,-0.30699,0.14038,0.09575,-0.11726
21.1627,-0.73943,4.05931,-0.23853,0.14486,0.08332,-0.11789
21.1725,-0.82719,4.01371,-0.42621,0.14666,0.08900,-0.12048
21.1822,-0.68812,4.08944,-0.30308,0.15018,0.09960,-0.12358
21.1924,-0.60114,3.88487,-0.25185,0.14500,0.09281,-0.11887
21.2024,-0.72526,3.73884,-0.27445,0.14480,0.09090,-0.12389
21.2124,-0.60511,3.95811,-0.12058,0.14631,0.08580,-0.11927
21.2228,-0.81048,3.66396,-0.10470,0.14456,0.08667,-0.11872
21.2325,-0.67572,3.73741,-0.11625,0.14583,0.08142,-0.11938
21.2424,-1.10830,3.61310,-0.19077,0.13876,0.09006,-0.12053
21.2523,-0.61590,3.48326,-0.08635,0.13949,0.09303,-0.12266
21.2625,-0.67811,3.76007,0.05493,0.14933,0.08288,-0.12070
21.2724,-0.39243,4.08385,-0.09040,0.14179,0.08318,-0.12023
21.2826,-0.81439,4.07748,-0.29590,0.13377,0.09001,-0.12514
21.2928,-0.71208,4.06026,-0.30425,0.14947,0.07595,-0.12637
21.3027,-0.93568,4.02789,-0.30013,0.14933,0.08862,-0.13209
21.3125,-0.90763,4.12074,0.09862,0.13966,0.07870,-0.12239
21.3229,-0.98425,4.04541,-0.20213,0.14709,0.08878,-0.13076
21.3323,-0.84364,4.17217,-0.43677,0.14081,0.07879,-0.12860
21.3429,-1.07102,4.01634,-0.14162,0.14616,0.08511,-0.12778
21.3525,-0.84543,4.15115,-0.26256,0.14191,0.08104,-0.13004
21.3623,-0.84746,3.86447,-0.32457,0.14967,0.08915,-0.12662
21.3724,-0.99008,4.00400,-0.64359,0.13693,0.09189,-0.12426
21.3826,-0.70785,4.51452,-0.77313,0.13831,0.07253,-0.12350
21.3926,-1.11682,4.46210,-0.65494,0.13750,0.08475,-0.12221
21.4024,-0.68082,4.36305,-0.52317,0.14257,0.08958,-0.11643
21.4125,-0.90036,3.95877,-0.25821,0.14399,0.08014,-0.11654
21.4225,-0.79019,4.24103,-0.39676,0.14297,0.07849,-0.11813
21.4325,-0.88323,4.22374,-0.29012,0.13904,0.08019,-0.11713
21.4425,-1.21395,4.02740,-0.54765,0.14165,0.09146,-0.12077
21.4525,-0.86845,4.08231,-0.71603,0.13458,0.07974,-0.11711
21.4623,-0.79175,4.32294,-0.61385,0.14370,0.08170,-0.11915
21.4723,-0.94775,4.11954,-0.64616,0.13736,0.07184,-0.11844
21.4827,-0.66323,4.55002,-0.45936,0.14608,0.07540,-0.11712
21.4924,-1.23461,4.46339,-0.54867,0.14263,0.08509,-0.12058
21.5028,-0.65021,4.17015,-0.44719,0.14419,0.08725,-0.12058
21.5125,-0.84634,3.98419,-0.56794,0.13756,0.08483,-0.11779
21.5224,-1.00614,4.27840,-0.55808,0.14480,0.08424,-0.12099
21.5323,-0.90211,4.31912,-0.64876,0.13112,0.07983,-0.11990
21.5429,-0.59016,4.40245,-0.57801,0.13486,0.07815,-0.12038
21.5524,-1.39536,4.42795,-0.37110,0.13569,0.09386,-0.12372
21.5628,-0.82266,4.30688,-0.32379,0.13332,0.07828,-0.12245
21.5723,-1.39113,4.18061,-0.27750,0.13566,0.08593,-0.11469
21.5825,-1.19053,4.14644,-0.50468,0.13630,0.08994,-0.12106
21.5927,-0.91081,4.16276,-0.62457,0.12886,0.08834,-0.11529
21.6025,-0.79897,3.78482,-0.43986,0.14166,0.08785,-0.11575
21.6126,-1.06507,3.94683,-0.35370,0.13513,0.09347,-0.12010
21.6227,-0.79731,4.10575,-0.33796,0.13909,0.08401,-0.11832
21.6324,-1.32348,3.89696,-0.24844,0.13063,0.08205,-0.11554
21.6428,-0.92442,4.14333,-0.03380,0.14264,0.08424,-0.11762
21.6525,-0.83786,4.29022,-0.00800,0.14304,0.07546,-0.11632
21.6625,-0.85482,4.17660,-0.23421,0.13194,0.07552,-0.11354
21.6724,-0.82800,4.27875,-0.49822,0.13096,0.07949,-0.12078
21.6824,-0.80688,4.14070,-0.33259,0.13026,0.07274,-0.11742
21.6925,-0.72029,4.01125,-0.33314,0.13469,0.06955,-0.12084
21.7025,-0.66861,4.32604,-0.12725,0.13734,0.07107,-0.11504
21.7126,-0.94535,3.72020,0.06798,0.13363,0.09544,-0.11394
21.7227,-0.84593,3.82510,0.12718,0.13500,0.08661,-0.11711
21.7324,-0.61711,3.93911,-0.28148,0.13135,0.08148,-0.11561
21.7426,-0.41642,3.82794,-0.26214,0.13556,0.07904,-0.11766
21.7525,-0.68286,3.73389,-0.23375,0.13050,0.07928,-0.11728
21.7624,-0.77434,3.93614,-0.33525,0.13288,0.08267,-0.11934
21.7726,-0.71159,3.84272,-0.48247,0.13183,0.07644,-0.11835
21.7825,-0.74373,4.02046,-0.52304,0.13620,0.07141,-0.11743
21.7925,-0.89290,3.90591,-0.41226,0.13447,0.06827,-0.12034
21.8029,-1.04231,3.75585,-0.11318,0.12902,0.07801,-0.11722
21.8126,-0.90404,4.04718,-0.30110,0.12754,0.08244,-0.11859
21.8224,-0.75979,3.80621,-0.07246,0.13095,0.07818,-0.11647
21.8326,-0.72644,4.10231,-0.39608,0.12932,0.07382,-0.11117
21.8425,-0.74564,3.97884,-0.20582,0.13304,0.07919,-0.12346
21.8524,-0.63960,3.92431,-0.11720,0.13885,0.07303,-0.11912
21.8627,-0.88843,3.93852,-0.17382,0.12666,0.07378,-0.11800
21.8723,-1.16302,3.92772,-0.27770,0.12549,0.08012,-0.11476
21.8824,-0.98425,3.93770,-0.33678,0.13267,0.07152,-0.11975
21.8924,-0.87917,4.10517,-0.43899,0.13081,0.08162,-0.11212
21.9023,-0.83685,4.11562,-0.33228,0.13707,0.08022,-0.11623
21.9125,-1.01167,4.13221,-0.40222,0.13146,0.07826,-0.11847
21.9225,-0.89043,3.92993,-0.21563,0.13112,0.07921,-0.11767
21.9324,-1.14996,4.13031,-0.23562,0.13091,0.07996,-0.11318
21.9424,-0.88049,4.09779,-0.08485,0.13442,0.08376,-0.11346
21.9525,-0.71284,3.79220,-0.13911,0.12743,0.07898,-0.11514
21.9626,-1.04895,3.99420,-0.07030,0.13622,0.08035,-0.11147
21.9725,-0.80247,4.15585,-0.28241,0.12793,0.08345,-0.11199
21.9824,-0.89964,3.83795,-0.14811,0.13962,0.08939,-0.11103
21.9922,-0.57672,3.68642,-0.21598,0.13082,0.07511,-0.11636
22.0025,-0.88234,3.88832,-0.25929,0.13312,0.08531,-0.11080
22.0124,-0.91589,3.82389,-0.50366,0.12945,0.08032,-0.11497
22.0224,-0.55361,3.75336,-0.59551,0.13344,0.08183,-0.11533
22.0325,-0.53260,3.80520,-0.43665,0.13774,0.08202,-0.11088
22.0427,-0.44504,3.72706,-0.40785,0.13771,0.08026,-0.11234
22.0524,-0.83690,3.41991,-0.24854,0.12829,0.08348,-0.10828
22.0624,-0.35109,3.64283,-0.52743,0.13550,0.08262,-0.10975
22.0725,-0.70604,3.84466,-0.69345,0.13454,0.08470,-0.10706
22.0826,-0.95339,3.59564,-0.78653,0.13980,0.08541,-0.10848
22.0924,-0.79594,3.47936,-0.72988,0.13557,0.08885,-0.11225
22.1025,-0.58980,3.50872,-0.78529,0.13535,0.08141,-0.10903
22.1124,-0.65125,3.82293,-0.74582,0.12914,0.07446,-0.10980
22.1225,-0.32952,3.51267,-0.43270,0.12734,0.07853,-0.10897
22.1323,-0.84173,3.68583,-0.29047,0.13133,0.09251,-0.10324
22.1427,-0.77380,3.73987,-0.28456,0.12921,0.07541,-0.11441
22.1524,-0.56568,3.67542,-0.33888,0.13365,0.08612,-0.11592
22.1626,-0.69728,3.73842,-0.34898,0.12856,0.08063,-0.11084
22.1724,-0.75145,4.46106,-0.56961,0.12069,0.07713,-0.11263
22.1823,-0.90712,3.71171,-0.51840,0.12222,0.07663,-0.11390
22.1925,-0.55169,3.78966,-0.31769,0.13611,0.07459,-0.11239
22.2025,-0.69836,3.92532,-0.18722,0.11942,0.07803,-0.11316
22.2124,-0.97035,4.04405,0.01511,0.12563,0.07897,-0.11319
22.2226,-0.64754,4.34880,-0.09516,0.12914,0.07934,-0.11106
22.2325,-1.04370,4.03769,0.12274,0.12019,0.07006,-0.11402
22.2425,-0.80107,3.79091,-0.07657,0.11859,0.06669,-0.11160
22.2530,-0.78017,4.22597,-0.06548,0.11739,0.07013,-0.11211
22.2624,-0.65715,3.88053,-0.05886,0.11938,0.08253,-0.11508
22.2724,-0.88109,3.83414,-0.54769,0.12398,0.07536,-0.11365
22.2826,-0.72535,4.03150,-0.60521,0.12010,0.07212,-0.11664
22.2925,-0.54877,3.49516,-0.67693,0.12737,0.08024,-0.11335
22.3024,-0.57354,3.63623,-0.37586,0.12888,0.07428,-0.11232
22.3127,-0.46431,3.47794,-0.41020,0.13240,0.07662,-0.12312
22.3226,-0.77533,3.58163,-0.39922,0.13091,0.07347,-0.11497
22.3325,-0.99750,3.27316,0.04505,0.13141,0.07876,-0.11629
22.3424,-1.00391,3.33771,-0.06186,0.12260,0.06917,-0.12236
22.3527,-0.72512,3.54901,0.00925,0.12562,0.07973,-0.11763
22.3625,-0.69701,3.51568,0.14446,0.12370,0.07560,-0.11230
22.3725,-0.76233,3.39984,-0.06903,0.12432,0.06445,-0.12046
22.3828,-0.72034,3.61192,-0.03227,0.12128,0.07859,-0.11339
22.3925,0.00476,3.73540,-0.39972,0.11996,0.08323,-0.11877
22.4026,-0.47388,3.70288,0.03087,0.12406,0.06956,-0.11402
22.4124,-0.83778,3.75114,0.29368,0.11881,0.07942,-0.11238
22.4226,-0.85875,4.46837,0.43164,0.12126,0.07841,-0.11445
22.4326,-0.72955,3.91004,0.40203,0.12349,0.06798,-0.12285
22.4428,-0.73170,4.06446,0.60003,0.12090,0.07092,-0.11832
22.4525,-0.94139,4.32378,0.26914,0.10551,0.07204,-0.11393
22.4626,-0.78181,4.14532,0.11350,0.11914,0.06528,-0.11356
22.4728,-0.57660,4.27509,0.17831,0.10349,0.07016,-0.11413
22.4825,-0.81286,4.65007,0.23324,0.10582,0.07136,-0.11497
22.4927,-0.64643,4.25814,0.50898,0.11595,0.07244,-0.10929
22.5028,-0.49741,3.04848,0.17629,0.18302,0.09480,-0.13505
22.5126,-0.77769,4.03008,0.49464,0.11996,0.06795,-0.10654
22.5226,-0.90482,4.08070,0.32657,0.12571,0.07386,-0.11310
22.5327,-0.67775,4.02675,0.14095,0.11313,0.07998,-0.11241
22.5425,-0.68390,4.34113,0.04890,0.10377,0.06957,-0.11346
22.5525,-0.70242,4.41992,-0.16922,0.10770,0.06647,-0.11008
22.5625,-1.01554,4.30063,-0.31577,0.11853,0.06574,-0.11484
22.5726,-1.16479,4.12829,0.16902,0.11742,0.06187,-0.11103
22.5824,-0.76063,4.28669,-0.00984,0.11211,0.07681,-0.11082
22.5925,-0.70434,3.99918,0.10757,0.11797,0.07652,-0.10696
22.6026,-1.06426,3.78557,-0.01018,0.12322,0.07453,-0.11294
22.6126,-0.82407,4.19215,-0.01149,0.12344,0.08409,-0.10923
22.6226,-0.58696,4.00277,-0.20115,0.12053,0.07144,-0.10689
22.6329,-0.86487,4.15146,-0.36066,0.12123,0.07824,-0.10488
22.6427,-0.95078,4.04560,-0.66275,0.09682,0.07072,-0.10090
22.6526,-0.50957,3.91436,-0.69181,0.11348,0.06536,-0.09365
22.6630,-0.81899,3.95724,-0.59699,0.11986,0.06416,-0.08869
22.6724,-0.98728,3.56355,-0.40314,0.11953,0.08416,-0.07467
22.6824,-0.72631,3.74674,-0.49125,0.11913,0.07253,-0.06642
22.6925,-1.08649,3.89707,-0.58185,0.11743,0.06812,-0.04962
22.7026,-0.75847,3.83933,-0.66092,0.11415,0.06986,-0.04171
22.7126,-0.78028,3.90007,-0.55887,0.12292,0.07457,-0.03437
22.7224,-0.79415,4.02537,-0.93771,0.11621,0.07289,-0.01942
22.7326,-0.90936,3.94867,-0.80952,0.11933,0.07949,-0.01444
22.7426,-0.66450,4.03176,-0.88001,0.11946,0.06487,-0.00803
22.7526,-1.06136,4.46971,-1.00497,0.10889,0.07581,-0.00043
22.7627,-1.08279,4.53752,-0.99779,0.11384,0.07200,-0.00014
22.7724,-1.00289,4.42156,-0.79828,0.11410,0.08305,0.00649
22.7823,-1.16953,4.36535,-0.85695,0.10350,0.07534,0.01291
22.7925,-0.88641,4.29234,-0.87638,0.10636,0.06391,0.01400
22.8026,-0.98903,4.43748,-0.80699,0.10865,0.08169,0.01667
22.8123,-1.17708,4.11173,-0.76316,0.10931,0.07508,0.08160
22.8223,-0.92795,4.18121,-0.91156,0.11421,0.07464,0.04107
22.8323,-1.29252,4.17729,-0.64373,0.11434,0.07996,0.03684
22.8425,-1.22807,4.34992,-0.64896,0.11434,0.07399,0.03235
22.8525,-0.97212,3.87164,-1.17519,0.10819,0.06736,-0.11970
22.8626,-0.69905,4.21276,-0.95441,0.10509,0.07146,0.00150
22.8726,-0.85048,4.15849,-0.74021,0.10723,0.07796,0.01819
22.8831,-1.10044,4.08098,-0.83392,0.11371,0.07705,0.02441
22.8928,-1.15488,4.44781,-1.10760,0.09517,0.07053,0.02512
22.9026,-0.95015,3.75025,-0.65736,0.11716,0.08406,0.01884
22.9126,-0.90393,4.31723,-0.95320,0.10670,0.06823,0.01610
22.9230,-0.77946,3.93688,-0.92477,0.10794,0.07117,0.01445
22.9325,-0.81855,3.79306,-0.30750,0.12782,0.07423,-0.05755
22.9425,-0.47538,3.59145,-1.57273,0.13366,0.09429,-0.06205
22.9526,-0.99148,4.18338,-0.46477,0.10998,0.07188,-0.06926
22.9625,-0.79654,3.87558,-0.76711,0.13068,0.07466,-0.09362
22.9725,-0.54383,3.80294,-0.90808,0.12567,0.08636,-0.11810
22.9824,-0.71633,4.13414,-0.79733,0.12494,0.07768,-0.11000
22.9923,-0.70640,3.67249,-0.87354,0.12562,0.08482,-0.10874
23.0027,-0.66459,4.09669,-0.64956,0.12278,0.08752,-0.10774
23.0125,-0.88468,4.21996,-0.55772,0.12625,0.06287,-0.10546
23.0226,-0.75446,3.94876,-0.67392,0.12357,0.07392,-0.10490
23.0325,-0.76508,4.15050,-0.74242,0.11563,0.08329,-0.10654
23.0429,-1.22209,4.16634,-0.47955,0.12505,0.08821,-0.10436
23.0527,-1.37395,4.30436,-0.67685,0.11765,0.06246,-0.10407
23.0625,-0.78681,4.25268,-0.49131,0.12160,0.07080,-0.10227
23.0726,-1.23328,4.00017,-0.35262,0.12698,0.07128,-0.09690
23.0829,-0.63525,4.32132,-0.37815,0.12658,0.08110,-0.10157
23.0924,-0.86638,4.18487,-0.00269,0.12258,0.08062,-0.10135
23.1025,-0.53152,4.24031,-0.22519,0.12588,0.08575,-0.10151
23.1123,-1.07495,4.25718,-0.16513,0.12240,0.06748,-0.10241
23.1228,-1.08437,4.15519,-0.11191,0.12379,0.07231,-0.10262
23.1323,-1.06995,4.04949,0.14500,0.13394,0.09223,-0.10080
23.1424,-0.71060,4.06746,0.22635,0.12674,0.09132,-0.10371
23.1526,-1.24878,3.76560,0.38470,0.13294,0.07704,-0.10213
23.1626,-1.05485,4.21903,0.09852,0.12681,0.06282,-0.09789
23.1729,-0.72263,3.85543,-0.08661,0.13000,0.07421,-0.09900
23.1826,-0.70962,3.85878,-0.00549,0.12824,0.08475,-0.09713
23.1926,-0.63313,4.14842,-0.03217,0.13235,0.08942,-0.09787
23.2026,-0.92786,3.85265,-0.20454,0.13034,0.08660,-0.09912
23.2127,-0.74451,3.82489,-0.54026,0.12995,0.08197,-0.09970
23.2225,-0.86849,4.07669,-0.72169,0.13184,0.06422,-0.10084
23.2328,-0.74968,3.71354,-0.76265,0.13501,0.08249,-0.09865
23.2425,-0.79509,3.83385,-0.68893,0.13670,0.08147,-0.10257
23.2526,-0.52776,3.91790,-0.76779,0.13804,0.07547,-0.09409
23.2625,-0.72312,3.80251,-0.85416,0.13235,0.08121,-0.10175
23.2727,-0.85933,3.71725,-0.94730,0.13816,0.07704,-0.09900
23.2823,-0.18580,3.61346,-0.68940,0.13749,0.07805,-0.09194
23.2925,-0.28851,3.96586,-0.87121,0.13248,0.07752,-0.09749
23.3023,-0.63267,3.86417,-0.71347,0.13713,0.07968,-0.09950
23.3124,-0.78324,3.84618,-0.84618,0.13904,0.08234,-0.10029
23.3226,-0.67195,3.84712,-0.84538,0.13566,0.07801,-0.10152
23.3324,-0.75571,3.71706,-0.77757,0.14580,0.06470,-0.09183
23.3428,-0.68115,4.02181,-0.90431,0.13152,0.07996,-0.09447
23.3525,-0.70926,3.77690,-0.74812,0.13244,0.07079,-0.09312
23.3623,-0.86256,3.93591,-0.66730,0.13911,0.07817,-0.09413
23.3726,-0.33137,3.80789,-0.58074,0.13369,0.10705,-0.10156
23.3824,-0.64640,3.85891,-0.66118,0.14146,0.07202,-0.10487
23.3927,-0.57998,3.94721,0.29536,0.13285,0.11228,-0.10492
23.4025,0.57936,3.77519,-0.44053,0.12327,0.18706,-0.10423
23.4127,-1.33178,3.51230,-0.60934,0.16066,-0.00790,0.00247
23.4225,-0.79806,4.07811,-0.29488,0.13608,0.07536,0.09295
23.4327,-0.75882,4.37013,-0.18205,0.10603,0.09939,-0.08831
23.4424,-0.52317,4.10378,-0.75416,0.12208,0.08108,-0.10540
23.4526,-0.46325,4.31549,-0.29766,0.12851,0.10264,-0.12245
23.4628,-0.75843,4.23751,-0.27225,0.11733,0.11164,-0.08753
23.4726,-0.53399,3.83359,-0.52656,0.12988,0.11870,-0.09692
23.4825,-0.46404,4.14376,-0.42899,0.12099,0.09314,-0.09806
23.4925,-0.87175,4.16153,-0.63842,0.12790,0.08868,-0.09688
23.5030,-0.55280,4.15976,-0.72643,0.11448,0.08921,-0.09805
23.5128,-0.75250,4.02095,-0.82631,0.10125,0.09075,-0.09657
23.5225,-0.73202,4.24048,-0.81730,0.10567,0.09546,-0.09517
23.5326,-0.62138,4.33873,-0.76862,0.10194,0.09346,-0.09325
23.5426,-0.49741,4.29177,-0.69073,0.11746,0.08342,-0.09729
23.5525,-0.77849,4.27145,-0.64939,0.11960,0.08153,-0.09648
23.5627,-0.67858,3.98805,-0.62736,0.11982,0.08345,-0.09977
23.5725,-0.57148,4.10731,-0.64699,0.12763,0.07873,-0.09626
23.5823,-0.89185,4.01281,-0.72197,0.11209,0.07375,-0.09876
23.5929,-0.91951,4.00330,-0.57803,0.11960,0.08237,-0.09801
23.6026,-0.71266,4.10136,-0.54461,0.12298,0.07088,-0.09232
23.6125,-0.81618,3.94456,-0.34884,0.12407,0.08036,-0.09131
23.6225,-0.75062,3.82140,-0.28941,0.12876,0.07573,-0.09475
23.6325,-1.05994,3.94199,-0.39411,0.12422,0.08441,-0.09557
23.6427,-0.83619,3.69076,-0.41112,0.12193,0.08504,-0.09424
23.6526,-0.99282,4.09294,-0.30350,0.12884,0.08832,-0.09955
23.6625,-1.06018,3.91222,-0.21712,0.12434,0.07857,-0.09462
23.6725,-1.00536,3.52823,-0.18905,0.12420,0.08689,-0.09303
23.6826,-0.74395,4.07068,-0.11164,0.12721,0.08222,-0.09766
23.6925,-0.62273,3.83070,-0.21413,0.12910,0.08507,-0.09529
23.7025,-0.51991,3.93408,-0.18450,0.14051,0.08045,-0.09689
23.7126,-0.96658,3.61584,-0.12556,0.12385,0.09056,-0.09816
23.7230,-0.56853,3.82779,-0.17817,0.13043,0.07666,-0.09200
23.7326,-0.73919,3.78980,0.05138,0.13972,0.07683,-0.09944
23.7427,-0.69934,3.84783,-0.06251,0.13154,0.08485,-0.09655
23.7525,-0.60291,3.77938,0.05258,0.13315,0.09243,-0.09850
23.7626,-0.60783,3.56422,0.29376,0.13663,0.07693,-0.09570
23.7725,-0.67782,3.35595,0.79941,0.14865,0.08873,-0.09222
23.7825,-0.58839,3.54388,0.66455,0.14075,0.08360,-0.09510
23.7926,-0.46197,3.00599,1.06907,0.16483,0.09864,-0.10187
23.8025,-0.46591,3.47599,0.67641,0.15083,0.08196,-0.10113
23.8126,-0.54052,3.05216,0.78695,0.16162,0.10454,-0.09935
23.8227,-0.83360,3.31404,0.89533,0.14965,0.09600,-0.10050
23.8324,0.08324,2.24883,1.62163,0.17542,0.09660,-0.10282
23.8425,-0.55752,3.37102,1.10252,0.15586,0.09681,-0.10059
23.8524,-0.69720,3.27058,1.03858,0.15842,0.10052,-0.09913
23.8629,-0.85424,2.88653,1.46970,0.18006,0.07876,-0.09709
23.8724,-0.35749,2.88090,1.77881,0.15478,0.09735,-0.09895
23.8826,-1.37368,3.53957,1.54120,0.15145,0.07843,-0.09928
23.8925,-1.26111,3.29640,1.87901,0.16866,0.06834,-0.09670
23.9024,-1.07628,2.65988,1.80108,0.18438,0.07236,-0.10213
23.9122,-1.76702,3.09796,1.77228,0.16637,0.05559,-0.10106
23.9224,-2.29781,3.74196,1.90484,0.15088,0.05172,-0.11047
23.9323,-2.33043,3.72621,1.89599,0.14084,0.04262,-0.10128
23.9425,-1.47786,4.27989,1.44704,0.12961,0.05899,-0.09966
23.9523,-2.24824,3.89780,1.37304,0.14778,0.05412,-0.10717
23.9626,-3.11831,4.26226,0.90280,0.13797,0.00413,-0.10831
23.9725,-1.55601,3.77973,1.73156,0.14863,0.06435,-0.10385
23.9827,-2.05546,4.25351,1.67846,0.14077,0.04920,-0.11154
23.9923,-1.67155,4.09813,0.98180,0.15776,0.06257,-0.11426
24.0025,-1.37160,4.39596,0.16797,0.15611,0.08210,-0.11622
24.0123,-1.04765,2.66721,0.43270,0.20901,0.06080,-0.11574
24.0226,-0.94920,3.95837,-0.95297,0.16022,0.07833,-0.11382
24.0324,-0.73599,2.73287,-0.33831,0.19981,0.09332,-0.11672
24.0426,-0.10111,3.43016,-0.40879,0.16373,0.09562,-0.11987
24.0526,-0.85405,5.44088,-1.38258,0.11174,0.08153,-0.12059
24.0626,-0.89665,4.19750,-1.44716,0.14255,0.07959,-0.12111
24.0728,-0.38294,3.87342,-0.81479,0.15465,0.10426,-0.12323
24.0824,0.70144,2.95774,-0.83733,0.19653,0.12446,-0.11939
24.0925,-0.45830,3.30593,-0.87852,0.20251,0.09108,-0.12552
24.1026,-0.04219,4.17185,-1.08366,0.17710,0.11788,-0.12887
24.1127,-0.19062,4.36934,-1.08846,0.14524,0.10727,-0.12735
24.1225,-0.80765,5.13867,-1.29762,0.10554,0.08995,-0.12036
24.1325,-0.53424,4.43787,-0.88134,0.13874,0.10674,-0.12097
24.1431,-0.74899,5.38552,-1.25353,0.10800,0.09359,-0.12576
24.1527,-0.78869,4.69064,-1.43205,0.14547,0.09799,-0.13309
24.1628,-1.60482,4.66181,-1.39876,0.13730,0.06680,-0.12701
24.1725,-1.87639,4.06872,-1.01434,0.16711,0.09020,-0.12205
24.1824,-1.85339,3.78324,-1.37085,0.17793,0.06136,-0.12371
24.1925,-2.25763,2.77578,-0.53300,0.20174,0.05603,-0.12360
24.2028,-2.08898,4.23442,-0.81083,0.16558,0.06608,-0.12544
24.2125,-2.40877,3.67662,-1.10048,0.19806,0.05593,-0.12456
24.2224,-2.02989,3.88441,-1.28617,0.18906,0.05397,-0.12775
24.2324,-2.32149,3.42816,-0.47676,0.20373,0.04585,-0.11988
24.2427,-1.06496,5.05631,-0.88433,0.13232,0.07577,-0.11934
24.2526,-1.91923,6.47909,-0.83691,0.07983,0.05082,-0.12516
24.2625,-1.49780,5.52981,-0.66073,0.11884,0.07890,-0.11525
24.2725,-1.82663,6.06580,-0.50205,0.12183,0.04568,-0.12205
24.2825,-1.81534,4.73046,0.72343,0.17012,0.06341,-0.12162
24.2927,-2.25294,5.39599,0.60070,0.13380,0.04423,-0.12003
24.3026,-2.15363,5.52207,0.13428,0.13475,0.04220,-0.12423
24.3124,-2.40888,6.18706,0.34429,0.10433,0.05702,-0.11800
24.3225,-1.95489,5.22645,-0.35297,0.13901,0.05725,-0.11861
24.3327,-1.50235,5.54237,-0.73107,0.13942,0.06038,-0.12333
24.3426,-0.76842,5.35695,-1.05117,0.12296,0.09313,-0.11958
24.3525,-0.63260,5.42841,-1.08997,0.13017,0.11822,-0.12486
24.3627,-0.18639,5.01322,-1.12715,0.14857,0.12612,-0.11464
24.3724,0.09209,4.63005,-1.41487,0.15550,0.12673,-0.11498
24.3825,-0.58076,5.77157,-1.75934,0.09021,0.07920,-0.11548
24.3928,-0.98854,4.27626,-0.42025,0.16183,0.08807,-0.12302
24.4025,-1.08704,4.46533,-0.63640,0.15504,0.08167,-0.12506
24.4123,-1.67248,4.68873,-0.39016,0.16313,0.09223,-0.10806
24.4227,-1.62553,4.01631,-0.58118,0.18341,0.07151,-0.13169
24.4325,-2.32427,4.26804,-1.11527,0.16590,0.02497,-0.12094
24.4423,-0.21281,3.87409,-1.88763,0.17567,0.12292,-0.11635
24.4522,-0.97173,4.06415,-2.61693,0.16251,0.08260,-0.11744
24.4627,-1.20389,3.83723,-2.27074,0.18631,0.09065,-0.10873
24.4728,-1.50409,4.27688,-2.41772,0.15553,0.05588,-0.13013
24.4826,-2.13044,4.51254,-1.39745,0.17150,0.05115,-0.12462
24.4927,-2.61085,5.45458,-0.77129,0.13468,0.04512,-0.11395
24.5025,-1.78359,4.43179,0.13283,0.16623,0.06691,-0.11864
24.5124,-1.73619,4.90765,-0.21944,0.14697,0.04661,-0.11458
24.5226,-0.21927,4.06241,-1.02095,0.17786,0.09320,-0.11616
24.5325,-1.61551,4.45864,-1.60927,0.15792,0.06035,-0.12054
24.5427,0.03568,4.38803,-1.99453,0.16454,0.12645,-0.11582
24.5527,-0.11715,3.63922,-1.35683,0.19067,0.11626,-0.11978
24.5627,0.33362,3.07815,-0.42239,0.19870,0.13448,-0.11497
24.5725,1.31030,3.77848,-0.28754,0.19129,0.15934,-0.11462
24.5823,1.60998,3.18428,-0.07961,0.20007,0.16096,-0.11965
24.5925,0.85873,3.67177,-0.66268,0.17900,0.13042,-0.12076
24.6028,1.36839,3.31239,-0.45627,0.17811,0.15513,-0.10728
24.6126,0.96726,2.39774,-0.38833,0.22156,0.13446,-0.11771
24.6224,0.22305,3.63280,-0.81239,0.18663,0.12473,-0.11618
24.6324,-0.87454,3.89717,-0.73903,0.18229,0.06406,-0.11930
24.6426,-0.87448,3.88904,-0.71887,0.18176,0.06769,-0.11901
24.6525,-0.98589,4.12025,-0.25187,0.17301,0.06079,-0.11674
24.6625,-1.11493,4.89188,-0.31042,0.15634,0.07650,-0.11566
24.6728,-1.75153,5.03622,-0.06998,0.15720,0.06888,-0.11971
24.6829,-2.19297,4.40421,0.90203,0.16814,0.03106,-0.13173
24.6925,-2.54469,6.30005,0.97615,0.11392,0.03758,-0.11812
24.7025,-1.98454,5.26600,0.59605,0.14590,0.04924,-0.12494
24.7127,-2.74549,5.33246,0.28376,0.14422,0.03558,-0.12805
24.7228,-1.28697,4.44227,0.18435,0.16253,0.06938,-0.12384
24.7326,-2.16817,5.52828,-0.47064,0.12315,0.05492,-0.11811
24.7426,0.08383,3.78426,-0.76777,0.20437,0.12033,-0.12692
24.7525,-1.39913,4.48098,-1.20962,0.16966,0.06808,-0.13175
24.7626,-0.52852,3.68085,-0.62330,0.18721,0.08404,-0.12097
24.7724,-1.18019,3.55628,-0.32901,0.19717,0.09426,-0.11116
24.7826,-2.10336,2.63699,-0.04100,0.22731,0.01496,-0.13199
24.7923,-0.80693,3.91399,-0.25304,0.17338,0.08442,-0.12972
24.8023,-0.36551,3.46292,-0.71296,0.19054,0.10226,-0.11794
24.8125,-2.15550,2.73491,-0.81149,0.20070,0.02325,-0.13272
24.8227,-0.54192,2.99354,-1.24001,0.19164,0.08051,-0.13671
24.8324,-0.97977,3.63181,-1.76861,0.19114,0.07775,-0.12223
24.8426,0.77582,2.74272,-1.09437,0.19656,0.12089,-0.12385
24.8523,0.67449,3.55891,-0.80433,0.20433,0.11161,-0.11730
24.8625,-0.34815,3.01555,-0.95400,0.20426,0.07374,-0.12834
24.8725,-0.85521,3.15159,-0.70619,0.20615,0.09945,-0.11742
24.8826,-1.72009,3.64707,-0.63854,0.19914,0.06243,-0.13161
24.8924,-0.33289,3.97216,-0.17485,0.16932,0.10829,-0.13290
24.9027,0.27590,3.82637,0.22464,0.20579,0.12319,-0.11890
24.9124,-1.37098,3.72475,0.29136,0.20242,0.05622,-0.11869
24.9225,-0.67402,3.91602,-0.30064,0.17803,0.09204,-0.13260
24.9323,-0.49319,3.78426,-0.23989,0.17935,0.09617,-0.12696
24.9425,0.53689,3.52329,0.05577,0.18506,0.13248,-0.11255
24.9525,0.05956,3.65631,0.35293,0.17056,0.11880,-0.11648
24.9627,-0.28395,2.63384,0.69424,0.20180,0.08613,-0.12100
24.9729,-0.62296,3.52646,0.01282,0.17066,0.08943,-0.10562
24.9825,-0.80447,3.18676,-0.27235,0.15935,0.05069,-0.11684
24.9926,0.13406,3.59370,0.20070,0.14738,0.10178,-0.12439
25.0029,0.44832,2.86228,0.79380,0.17674,0.10378,-0.11896
25.0125,-1.58687,3.18725,0.98986,0.17576,0.05687,-0.12114
25.0223,-0.08206,3.49465,0.26956,0.15318,0.08528,-0.11184
25.0327,-0.70533,4.00418,0.25848,0.15575,0.07360,-0.11501
25.0424,0.56295,3.44890,0.42535,0.18111,0.11738,-0.10597
25.0527,-0.30677,3.99531,0.99325,0.16710,0.10869,-0.11395
25.0624,-0.62268,3.05299,0.81074,0.17743,0.07663,-0.11723
25.0723,-0.74708,4.31608,0.05701,0.14676,0.09793,-0.12741
25.0824,-1.21220,3.80930,0.04431,0.16866,0.06463,-0.11750
25.0923,-0.13247,4.22682,0.22732,0.15012,0.08196,-0.12413
25.1024,0.45940,3.31452,1.18678,0.16504,0.08790,-0.12894
25.1127,-1.64778,3.23445,0.86893,0.18921,0.04222,-0.11426
25.1226,-0.17713,3.80988,-0.16778,0.15688,0.11024,-0.11015
25.1326,-1.06593,4.09806,-0.07441,0.15500,0.05988,-0.12753
25.1428,0.32026,3.38294,0.31196,0.17245,0.10740,-0.11718
25.1525,0.01674,3.87729,0.28166,0.15769,0.11223,-0.11178
25.1628,-1.03084,3.29878,0.44332,0.18287,0.08014,-0.11931
25.1725,-0.74515,3.89763,-0.44755,0.14596,0.08628,-0.11356
25.1825,-1.41887,3.86744,-0.61170,0.16032,0.05324,-0.13353
25.1926,-0.34179,4.59722,-0.11825,0.13696,0.09668,-0.11543
25.2026,-0.29687,3.46576,0.79402,0.16827,0.10289,-0.11892
25.2126,-1.59209,4.02027,0.42935,0.15050,0.02767,-0.12576
25.2227,0.10396,3.92164,-0.58273,0.15899,0.10769,-0.12143
25.2323,-1.53145,4.51550,-0.44878,0.15072,0.08850,-0.12085
25.2426,0.35203,3.75860,-0.05114,0.17065,0.10479,-0.10958
25.2526,0.57304,3.51697,0.13091,0.17370,0.15606,-0.12602
25.2626,0.03405,2.84958,0.31845,0.19434,0.10724,-0.11804
25.2723,0.80967,3.14553,-0.51330,0.17873,0.14506,-0.11487
25.2824,0.99169,3.87193,-0.77566,0.15899,0.13533,-0.11628
25.2923,0.85293,3.37736,-0.10090,0.16819,0.15408,-0.12266
25.3025,1.52199,3.22187,0.49304,0.18575,0.16334,-0.11262
25.3124,1.62712,2.58014,0.26293,0.19438,0.15027,-0.11284
25.3226,1.26232,2.99883,-0.27956,0.18596,0.14563,-0.11204
25.3325,0.96096,3.25507,-0.37511,0.17273,0.12454,-0.10900
25.3428,1.12039,3.34525,-0.18767,0.16707,0.12514,-0.11193
25.3524,0.59723,2.84707,0.34064,0.18181,0.12198,-0.11341
25.3626,0.55141,3.09849,0.44199,0.18100,0.10870,-0.10669
25.3725,-0.05510,3.03816,0.34232,0.17707,0.10513,-0.10938
25.3825,0.59442,3.06766,-0.22274,0.17073,0.11020,-0.11610
25.3924,0.50278,3.28260,0.04126,0.16644,0.12073,-0.11590
25.4026,0.20006,3.07441,0.32243,0.17778,0.11456,-0.10667
25.4125,0.17914,2.81209,0.63474,0.19495,0.09696,-0.10674
25.4224,-0.08999,3.03961,0.20090,0.18364,0.10237,-0.11033
25.4326,-0.19368,2.98038,0.62577,0.16838,0.07536,-0.10978
25.4428,-0.07575,3.15636,0.39266,0.16753,0.08130,-0.10578
25.4526,-0.01504,3.27341,0.70454,0.18676,0.09732,-0.10480
25.4625,-0.12097,2.43512,0.94147,0.20360,0.08322,-0.10698
25.4726,-0.83645,1.61046,1.24987,0.22968,0.06543,-0.11277
25.4827,-1.34634,1.77071,0.91505,0.21924,0.03230,-0.11194
25.4925,-1.79897,1.58669,0.56309,0.22281,0.01723,-0.11091
25.5026,-1.58167,1.77146,-0.25636,0.21118,0.03159,-0.11266
25.5125,-2.41200,0.95286,0.94899,0.25851,-0.00951,-0.11197
25.5225,-2.46210,2.18580,-0.01598,0.21753,0.00727,-0.11879
25.5324,-2.80141,1.76574,0.23539,0.23367,0.00211,-0.11144
25.5425,-2.98612,2.60869,0.11656,0.19411,-0.01081,-0.11282
25.5525,-2.87956,2.22803,0.58500,0.22274,0.00468,-0.10832
25.5625,-3.33177,2.92972,-0.18380,0.20287,-0.02282,-0.12170
25.5725,-2.61279,2.09346,-0.00506,0.23585,0.03461,-0.10183
25.5825,-3.69487,2.35864,-0.62050,0.20758,-0.04171,-0.12369
25.5928,-2.14031,3.37432,-0.53592,0.18571,0.01928,-0.11220
25.6025,-1.00974,3.24186,-0.19151,0.18518,0.05394,-0.11065
25.6125,-2.57779,4.43751,0.65516,0.14941,-0.02112,-0.11366
25.6226,-0.53234,5.62704,0.03756,0.12311,0.06909,-0.11604
25.6324,-1.11921,5.09301,-0.07095,0.12742,0.06460,-0.10784
25.6428,-0.04448,5.80896,-0.10006,0.11684,0.09041,-0.10978
25.6525,1.80702,5.07716,-0.00064,0.13896,0.16584,-0.10575
25.6627,1.15565,5.14077,-0.33332,0.13671,0.14291,-0.10091
25.6726,2.30864,5.11883,-0.68929,0.14633,0.17117,-0.09211
25.6826,1.97137,4.99707,-0.22939,0.14439,0.17820,-0.09800
25.6925,1.38860,5.26855,-1.05387,0.11900,0.15273,-0.08838
25.7026,2.15374,5.14935,-1.02842,0.10014,0.20124,-0.04979
25.7126,2.14495,5.49933,-1.32216,0.11692,0.17307,-0.02775
25.7229,2.02650,4.41974,-1.49780,0.14646,0.18541,0.00766
25.7325,1.78935,4.77158,-1.66656,0.14306,0.16372,0.03992
25.7426,0.98042,4.41529,-1.30962,0.14794,0.14717,0.06766
25.7527,-0.08058,4.81575,-0.75932,0.12381,0.11666,0.08887
25.7625,0.19387,4.15966,-0.89752,0.15000,0.13165,0.10014
25.7725,-0.66491,4.14586,-1.08883,0.16000,0.11152,0.09785
25.7826,-0.92950,4.18262,-1.47315,0.15304,0.09628,0.09195
25.7925,-0.81959,3.92581,-1.76502,0.15088,0.10739,0.09821
25.8027,-1.00868,5.37541,-2.48770,0.10188,0.09755,0.09583
25.8126,-0.16887,3.36597,-1.32687,0.17992,0.10655,0.09291
25.8227,-0.70456,3.07473,-0.68475,0.18334,0.09849,0.08662
25.8323,-0.40517,4.12710,-1.52955,0.14700,0.09734,0.08874
25.8426,-1.09072,3.76217,-0.88052,0.15368,0.07951,0.08503
25.8524,-0.76440,3.74410,-0.74758,0.15570,0.08212,0.08212
25.8624,-1.36107,3.66052,-0.65304,0.16661,0.08191,0.07552
25.8726,-1.00926,3.35585,-0.63901,0.17978,0.08487,0.07181
25.8826,-1.06120,3.61120,-0.74594,0.17638,0.08484,0.05236
25.8925,-1.57009,3.78836,-0.93377,0.16196,0.06324,0.03247
25.9025,-0.91893,3.81165,-0.58479,0.16889,0.09231,0.01193
25.9125,-1.53039,4.45515,-0.43836,0.14377,0.08622,-0.01477
25.9225,-1.35015,4.29111,0.13708,0.15732,0.06823,-0.05660
25.9327,-1.46864,4.03245,0.17655,0.16734,0.07244,-0.08806
25.9424,-0.95874,3.73113,0.09506,0.18538,0.05989,-0.09997
25.9524,-1.61899,4.83539,0.13845,0.12605,0.06869,-0.09832
25.9628,-1.30451,4.58344,0.34467,0.15700,0.06988,-0.10029
25.9724,-1.36926,3.55413,0.26427,0.20322,0.06802,-0.09381
25.9824,-1.21471,3.57572,0.44286,0.18986,0.07524,-0.09810
25.9923,-1.46259,4.24419,0.36751,0.16116,0.05730,-0.09840
26.0028,-1.74402,4.77139,0.58059,0.14195,0.06585,-0.09796
26.0127,-1.55877,4.61049,0.49267,0.14102,0.07308,-0.09331
26.0225,-1.88660,4.21917,0.51179,0.16677,0.05933,-0.09013
26.0324,-1.78321,3.88062,-0.04992,0.18053,0.05932,-0.09085
26.0425,-1.41652,3.25205,-0.12915,0.18223,0.06691,-0.09480
26.0524,-1.37302,4.27758,-0.09820,0.15784,0.07742,-0.09100
26.0627,-1.22652,3.99421,-0.05646,0.15853,0.07820,-0.09483
26.0724,-1.85367,3.72614,-0.05852,0.17600,0.05903,-0.08629
26.0824,-1.36886,3.16141,-0.48234,0.18855,0.06390,-0.09867
26.0926,-1.67980,4.09267,-0.37286,0.15778,0.05443,-0.09412
26.1025,-1.99626,4.00952,-0.00410,0.16446,0.03792,-0.09275
26.1126,-1.66518,4.40970,-0.01401,0.14711,0.06891,-0.09411
26.1230,-1.25783,3.64822,0.24077,0.17757,0.06668,-0.09545
26.1323,-1.83017,3.77689,0.20536,0.16573,0.06215,-0.08607
26.1429,-0.57228,3.15428,0.56691,0.18646,0.08994,-0.09520
26.1526,-1.34174,4.27049,0.70771,0.15664,0.08021,-0.09308
26.1627,-1.08755,4.12772,1.09994,0.15578,0.08750,-0.08762
26.1723,-0.45564,3.14895,1.00550,0.19181,0.09699,-0.09170
26.1825,-1.50040,3.77494,0.78506,0.17234,0.07513,-0.08461
26.1924,-1.11735,4.34375,0.51938,0.14370,0.07885,-0.08706
26.2025,-1.25233,4.59590,0.48970,0.14552,0.06931,-0.08743
26.2124,-1.69662,3.87029,0.42999,0.16274,0.06360,-0.08503
26.2228,-0.66304,3.38449,0.09078,0.18206,0.09219,-0.08637
26.2325,-0.64068,3.82328,-0.19096,0.16175,0.09801,-0.07931
26.2426,-0.08452,4.01162,-0.32676,0.16029,0.10911,-0.07468
26.2526,0.46541,3.61305,-0.46817,0.15264,0.12941,-0.07360
26.2628,0.35704,3.05648,-0.41867,0.18676,0.13970,-0.05844
26.2725,-0.47917,3.46174,-0.70419,0.16768,0.12140,-0.05809
26.2830,0.11100,3.05141,-0.70750,0.18405,0.12453,-0.05503
26.2927,-0.48586,3.93979,-0.46947,0.15586,0.10283,-0.05422
26.3028,-0.68776,3.97414,-0.05672,0.16125,0.10478,-0.05321
26.3126,-0.56571,3.74523,0.29343,0.16568,0.09194,-0.04662
26.3225,-0.49044,3.45493,0.37722,0.16961,0.08909,-0.05033
26.3326,-1.10860,4.13858,0.38993,0.14488,0.08691,-0.04927
26.3426,-0.16681,3.91384,0.00231,0.15189,0.10284,-0.05531
26.3525,-0.17306,4.04184,0.30193,0.14770,0.10761,-0.05343
26.3626,-0.46240,3.43817,0.41988,0.16675,0.10527,-0.05558
26.3727,-0.72005,3.87302,0.04100,0.16271,0.09901,-0.05293
26.3826,-0.13581,3.82788,-0.08502,0.16174,0.08496,-0.06132
26.3924,-1.13893,4.42189,-0.14979,0.13977,0.07312,-0.05934
26.4025,-0.37415,3.99746,-0.39392,0.15765,0.08811,-0.06658
26.4124,-1.15583,3.74956,-0.16628,0.15909,0.06487,-0.07128
26.4226,-0.69419,3.46611,-0.43876,0.18162,0.09699,-0.08102
26.4326,-1.36564,3.62129,-0.94189,0.16136,0.08159,-0.08612
26.4426,-0.47732,3.82879,-1.08660,0.16033,0.09327,-0.09312
26.4527,-0.01656,3.58575,-1.06755,0.18104,0.10078,-0.08675
26.4625,-0.10825,3.67527,-0.85513,0.16075,0.10107,-0.08987
26.4726,0.23975,3.36901,-0.68269,0.17761,0.13090,-0.08749
26.4828,0.43092,3.35186,-0.62145,0.16681,0.13202,-0.08413
26.4924,0.01771,4.70752,-0.70241,0.13175,0.11593,-0.09225
26.5025,0.12007,3.90274,-0.17666,0.15821,0.12872,-0.08440
26.5126,-0.16005,4.26643,-0.10267,0.14693,0.11364,-0.08967
26.5227,0.13536,3.94553,0.04635,0.16060,0.12939,-0.09222
26.5324,0.19646,4.11257,0.24041,0.16200,0.12850,-0.08326
26.5427,-0.45651,4.20411,0.20094,0.14368,0.11658,-0.09178
26.5525,-0.03326,4.01913,-0.19036,0.14644,0.12305,-0.08771
26.5624,0.12445,3.85561,-0.09652,0.15672,0.11752,-0.08922
26.5726,-0.24969,3.94041,-0.13561,0.15846,0.12845,-0.08814
26.5825,0.06849,3.71876,0.08250,0.16117,0.12539,-0.08838
26.5924,-0.00461,3.97724,-0.04044,0.14810,0.12461,-0.08646
26.6029,-0.04610,4.33935,0.07104,0.13569,0.12984,-0.08636
26.6125,-0.32391,3.65944,0.17247,0.15691,0.11686,-0.08827
26.6225,-0.03558,3.49738,0.64463,0.16805,0.11353,-0.08388
26.6328,-0.53730,4.01003,0.25650,0.15142,0.12227,-0.08997
26.6430,-0.37639,4.18021,-0.12286,0.14019,0.11090,-0.08894
26.6526,-0.62346,3.77903,0.30634,0.15116,0.11086,-0.09133
26.6626,-0.52150,3.44707,0.31397,0.15912,0.10458,-0.08867
26.6725,-0.14995,3.57448,0.06775,0.15930,0.09451,-0.07940
26.6827,-0.45796,3.65221,-0.03977,0.15504,0.10969,-0.08865
26.6924,-0.69765,3.80507,-0.02798,0.14889,0.08854,-0.08769
26.7026,-0.68033,3.91352,0.07541,0.14728,0.09089,-0.09051
26.7125,-0.74133,3.28225,0.42935,0.16213,0.09555,-0.08645
26.7226,-1.07524,3.69833,0.65907,0.15444,0.09531,-0.09191
26.7324,-0.90096,3.75544,0.25162,0.15873,0.09575,-0.08790
26.7425,-0.99047,3.13494,0.52510,0.16231,0.09781,-0.09049
26.7525,-0.83311,3.46479,0.49430,0.15776,0.08390,-0.09133
26.7628,-0.80317,3.32311,0.66972,0.16556,0.09253,-0.09357
26.7724,-0.50813,3.50784,0.63898,0.16556,0.09399,-0.08682
26.7824,-0.87805,3.45270,0.71301,0.15173,0.10099,-0.08779
26.7924,-1.17463,3.60926,0.83145,0.14816,0.09482,-0.08864
26.8026,-0.66502,3.96778,0.95879,0.15895,0.09267,-0.08390
26.8128,-0.75755,3.41170,1.05362,0.15778,0.08608,-0.08989
26.8223,-0.93559,3.82754,1.02817,0.14774,0.10058,-0.08609
26.8324,-0.86127,3.41671,0.74224,0.15681,0.09749,-0.08558
26.8432,-0.83325,3.73334,0.79685,0.15579,0.09664,-0.09256
26.8525,-0.94551,3.81405,0.60879,0.15064,0.08784,-0.08865
26.8625,-0.99741,3.53883,0.56830,0.14778,0.10201,-0.08663
26.8725,-0.57509,3.70349,0.48133,0.15184,0.09544,-0.08810
26.8828,-0.99676,3.49376,0.64045,0.15400,0.10471,-0.08632
26.8924,-1.03638,3.56806,0.47331,0.14349,0.10182,-0.08769
26.9024,-0.63614,3.68712,0.38721,0.15428,0.08760,-0.09155
26.9127,-0.70233,3.70080,0.39555,0.15554,0.08896,-0.08674
26.9227,-0.77498,3.87882,0.30478,0.14785,0.09151,-0.08367
26.9325,-0.74520,3.75688,0.23189,0.14633,0.09440,-0.08501
26.9425,-0.69479,3.80058,0.55811,0.14057,0.09583,-0.08102
26.9529,-0.82912,3.59265,0.24934,0.15106,0.09298,-0.07336
26.9624,-0.80235,3.76290,0.04557,0.14588,0.09419,-0.06599
26.9726,-1.03331,3.40617,0.09090,0.15127,0.09671,-0.06144
26.9826,-1.16044,3.57402,-0.17746,0.14811,0.09692,-0.05142
26.9923,-0.92004,3.60464,-0.53706,0.13283,0.09681,-0.04680
27.0028,-0.74029,3.39116,-0.57605,0.13931,0.09644,-0.04054
27.0124,-0.90016,3.11579,-0.78625,0.14793,0.09837,-0.03641
27.0228,-0.88544,3.17491,-0.58740,0.14803,0.09791,-0.02475
27.0324,-0.73664,3.31397,-1.30168,0.14757,0.09539,-0.02864
27.0426,-1.08341,3.62687,-1.26602,0.14423,0.08094,-0.02683
27.0525,-0.81664,3.13334,-1.65536,0.15962,0.09277,-0.01995
27.0626,-0.87080,3.24821,-1.74016,0.15956,0.08909,-0.02806
27.0725,-1.22214,3.17524,-2.38392,0.16021,0.08502,-0.03215
27.0827,-0.94557,2.92845,-2.55238,0.15361,0.07953,-0.02950
27.0925,-0.44560,3.40618,-2.28682,0.12932,0.09465,-0.02836
27.1025,-1.03585,3.36318,-1.59697,0.13412,0.08072,-0.02803
27.1128,-0.73892,3.38002,-1.21400,0.14259,0.09871,-0.03025
27.1225,-1.19919,3.57718,-0.55136,0.15706,0.09281,-0.02813
27.1327,-0.77444,3.50398,-0.51153,0.13926,0.09669,-0.02864
27.1427,-0.93663,4.05319,-0.42697,0.11846,0.07924,-0.03675
27.1529,-0.49575,3.68717,0.14576,0.14813,0.10204,-0.03699
27.1627,-0.94502,3.83391,0.60210,0.12743,0.09783,-0.03533
27.1726,-0.60560,4.45858,1.16792,0.13227,0.08862,-0.04089
27.1826,-1.02590,4.10549,1.69051,0.14026,0.09956,-0.03754
27.1925,-1.05106,4.63583,1.40776,0.12193,0.09496,-0.04604
27.2026,-0.92295,4.63658,1.43693,0.11566,0.09849,-0.04866
27.2125,-0.99136,4.35644,1.17187,0.12650,0.08492,-0.04954
27.2228,-1.10405,4.21268,0.85430,0.12429,0.07905,-0.04923
27.2326,-0.91635,4.24689,0.82243,0.12535,0.08914,-0.05756
27.2424,-0.73305,4.02403,0.88124,0.13825,0.08913,-0.05718
27.2524,-0.71931,3.89486,1.25070,0.13835,0.08528,-0.06119
27.2625,-0.71175,3.90548,0.93228,0.14018,0.09366,-0.06864
27.2727,-0.68634,3.94006,0.60351,0.13650,0.09537,-0.06365
27.2825,-0.64501,3.56719,0.68113,0.14740,0.09267,-0.07077
27.2925,-0.91400,3.95474,0.34697,0.14428,0.09119,-0.07550
27.3025,-0.86079,3.83691,0.18122,0.14031,0.09963,-0.07573
27.3125,-1.07952,3.81424,0.08552,0.13163,0.09974,-0.07678
27.3226,-0.89386,4.03734,0.12777,0.12572,0.08360,-0.08033
27.3324,-1.52096,4.20242,0.31298,0.12070,0.07254,-0.07711
27.3427,-1.21508,4.00294,0.45822,0.13178,0.07794,-0.08004
27.3528,-1.89596,3.94978,0.81785,0.13267,0.05979,-0.08414
27.3627,-2.47213,3.89141,0.68440,0.13727,0.04232,-0.08509
27.3724,-2.66151,4.14747,0.28376,0.13337,0.03906,-0.07981
27.3827,-2.90324,3.88976,0.10319,0.13643,0.00063,-0.08098
27.3926,-2.82123,4.42433,-0.02216,0.11125,0.01495,-0.08444
27.4028,-2.29937,3.76829,0.17326,0.12893,0.04319,-0.08089
27.4127,-2.65893,3.85236,0.22179,0.13886,0.03517,-0.08135
27.4225,-1.28074,3.60396,0.14839,0.14600,0.05415,-0.07666
27.4325,-1.06682,3.60301,0.28251,0.15070,0.06555,-0.07225
27.4425,-0.79641,3.38806,-0.03403,0.14839,0.06791,-0.06099
27.4528,-0.58866,3.40957,0.04516,0.14179,0.10677,-0.04808
27.4625,-0.27428,3.43770,-0.30325,0.14337,0.10266,-0.03633
27.4725,-0.09220,3.25670,-0.54651,0.15991,0.12053,-0.02435
27.4829,-0.05217,3.13472,-0.81328,0.14178,0.10156,-0.00285
27.4925,0.31610,2.98488,-0.72179,0.15724,0.12281,0.00006
27.5025,0.12817,3.09385,-0.69762,0.15326,0.11880,0.01963
27.5125,0.19862,2.89320,-0.93979,0.14953,0.12288,0.03619
27.5225,0.13910,3.47110,-1.12020,0.14352,0.14014,0.05106
27.5326,0.46928,2.61140,-1.39053,0.17817,0.14586,0.06158
27.5425,0.20171,3.16854,-1.62048,0.15039,0.11768,0.07930
27.5524,0.26949,2.33322,-1.36909,0.16371,0.13515,0.08831
27.5626,0.28654,2.63737,-1.22431,0.17721,0.15508,0.10091
27.5728,0.13548,2.34009,-0.91244,0.17789,0.13668,0.11062
27.5825,-0.05368,3.07107,-0.84229,0.16318,0.11037,0.10376
27.5931,0.05168,2.06706,-0.17746,0.19465,0.12267,0.09477
27.6027,-0.07714,2.71279,-0.09902,0.17957,0.12785,0.09265
27.6125,-0.46639,2.86842,0.24974,0.15394,0.11123,0.10189
27.6225,-0.48428,3.49900,-0.01725,0.14116,0.10071,0.09808
27.6326,-0.10590,3.63199,0.34342,0.14945,0.12748,0.09644
27.6426,-0.57354,3.63357,0.42729,0.14451,0.12071,0.09473
27.6524,-0.96245,4.12225,0.64766,0.14122,0.11309,0.09435
27.6625,-0.85312,4.33756,0.88407,0.12560,0.09815,0.09539
27.6723,-0.72190,4.18759,0.43008,0.12343,0.12207,0.09169
27.6826,-0.75560,4.42376,0.22304,0.11470,0.09603,0.09289
27.6925,-1.11188,4.51056,0.28325,0.11729,0.09637,0.10111
27.7027,-0.83710,4.44178,0.00065,0.11465,0.09013,0.09609
27.7125,-0.95537,4.32155,0.09540,0.11900,0.09923,0.09349
27.7226,-0.69661,4.18138,0.13408,0.12836,0.08822,0.09674
27.7326,-0.69598,4.38062,0.07762,0.11248,0.09193,0.09209
27.7422,-1.04625,4.37396,0.00803,0.12030,0.10200,0.09344
27.7527,-0.81708,4.47356,0.05632,0.11798,0.10259,0.09449
27.7627,-0.76675,4.49722,-0.07830,0.11401,0.09435,0.09777
27.7727,-0.85487,4.32489,-0.37498,0.10745,0.09138,0.09693
27.7828,-1.13320,4.02047,-0.38430,0.11305,0.10302,0.09277
27.7925,-0.95698,4.18286,-0.36544,0.10893,0.10873,0.09314
27.8026,-1.04283,3.62123,-0.13748,0.12451,0.10462,0.09429
27.8126,-1.14201,3.68526,-0.08211,0.12654,0.10866,0.09887
27.8225,-0.83402,3.87831,-0.22452,0.12939,0.09294,0.09555
27.8325,-0.87005,3.77495,-0.42059,0.11799,0.10252,0.09698
27.8431,-0.91159,3.95981,-0.51270,0.12087,0.10183,0.09794
27.8528,-0.84435,3.45401,-0.40739,0.13180,0.09238,0.09516
27.8627,-0.78311,3.66628,-0.61412,0.12663,0.10387,0.09179
27.8725,-0.65257,3.30117,-0.33635,0.13952,0.10690,0.09683
27.8826,-0.79439,3.56734,-0.61248,0.13467,0.09921,0.09686
27.8926,-0.83069,3.28523,-0.23197,0.13286,0.10491,0.09499
27.9025,-0.98798,3.28426,-0.31891,0.14129,0.10750,0.09768
27.9129,-0.92862,3.43368,-0.26466,0.15229,0.10922,0.09413
27.9230,-0.64022,3.08252,-0.22928,0.14288,0.09590,0.09362
27.9323,-0.67341,3.07608,-0.39632,0.13914,0.11049,0.09406
27.9426,-0.70168,3.60066,-0.59538,0.13268,0.09603,0.09487
27.9524,-0.95864,3.23261,-0.41823,0.14458,0.10583,0.09275
27.9625,-0.83532,3.13958,-0.52780,0.14391,0.11636,0.09528
27.9727,-0.96986,3.06157,-0.52833,0.14239,0.10635,0.09707
27.9829,-1.02277,2.92898,-0.67816,0.13641,0.11319,0.09885
27.9925,-0.99656,2.97509,-0.70533,0.13699,0.10125,0.09565
28.0025,-1.04120,3.08888,-0.93558,0.13938,0.10534,0.09958
28.0128,-0.80547,3.25356,-0.81324,0.14055,0.11532,0.09664
28.0224,-1.01687,2.94423,-0.55232,0.14197,0.10260,0.09702
28.0326,-1.01386,2.95340,-0.53744,0.13508,0.11170,0.09844
28.0427,-0.73390,3.27524,-0.51584,0.12829,0.10775,0.09624
28.0524,-0.85341,3.45525,-0.47224,0.12883,0.10187,0.09439
28.0624,-1.10280,3.28830,-0.07378,0.12116,0.10064,0.10371
28.0727,-0.99272,3.36097,0.15777,0.12441,0.10317,0.10096
28.0824,-1.00042,3.68116,0.18632,0.12268,0.10844,0.09982
28.0926,-1.08475,3.69168,0.36659,0.12304,0.10160,0.09882
28.1026,-1.18859,3.57348,0.15131,0.11478,0.09882,0.09654
28.1123,-1.04813,3.52833,0.26550,0.11939,0.10556,0.10151
28.1229,-0.95616,3.69818,-0.00335,0.11918,0.10088,0.09726
28.1324,-1.11016,3.43799,0.27348,0.11830,0.10655,0.09858
28.1425,-1.04744,3.40670,0.04661,0.11785,0.10119,0.09881
28.1524,-1.20162,3.59306,0.19147,0.11510,0.11039,0.09439
28.1626,-1.02906,3.30885,0.19937,0.11680,0.10247,0.09347
28.1725,-0.93615,3.49095,0.31662,0.12167,0.10085,0.09438
28.1825,-0.94222,3.74974,-0.03563,0.12179,0.10413,0.09786
28.1926,-1.02521,3.49374,-0.03376,0.11319,0.10526,0.09373
28.2024,-1.02657,3.32669,0.06347,0.12143,0.09885,0.09922
28.2125,-1.31006,3.45894,0.30345,0.12304,0.10704,0.09251
28.2227,-1.12577,3.57278,0.14288,0.11788,0.10137,0.09949
28.2326,-0.95206,3.53608,0.02706,0.11473,0.09580,0.09587
28.2425,-1.12434,3.52458,-0.12155,0.10568,0.09294,0.09811
28.2523,-1.15944,3.55103,-0.26558,0.11261,0.09558,0.10008
28.2623,-1.00216,3.46765,-0.29730,0.11843,0.09977,0.09421
28.2724,-0.92099,3.23406,-0.20745,0.13531,0.09444,0.09042
28.2823,-0.95386,2.90668,-0.39477,0.12142,0.09862,0.09729
28.2923,-0.93596,3.34606,-0.83793,0.12551,0.10491,0.09880
28.3024,-0.87812,3.25368,-0.55815,0.11777,0.10295,0.09634
28.3125,-1.02881,3.17830,-0.60792,0.12241,0.10815,0.09523
28.3225,-0.98881,3.00144,-0.36472,0.12912,0.09761,0.09421
28.3325,-0.98136,2.74577,-0.30592,0.13086,0.09949,0.09870
28.3428,-0.83074,3.11575,-0.32626,0.12529,0.09361,0.09350
28.3525,-1.02227,3.07459,0.07893,0.12286,0.10524,0.09605
28.3627,-1.12462,3.04554,0.19335,0.12041,0.10621,0.09634
28.3724,-1.14362,3.29579,0.24364,0.12587,0.10355,0.09338
28.3825,-1.39264,3.13097,0.28105,0.12095,0.11272,0.09748
28.3924,-1.12468,3.28310,0.21137,0.11652,0.10462,0.09217
28.4026,-0.97620,3.28181,0.40435,0.12029,0.09715,0.09698
28.4126,-0.92060,3.47767,0.46303,0.12070,0.10499,0.09035
28.4226,-1.13290,3.49426,0.53025,0.12358,0.09972,0.09772
28.4325,-1.06551,3.19417,0.54998,0.11006,0.10466,0.09383
28.4424,-0.99478,3.30495,0.36507,0.11709,0.10234,0.08884
28.4528,-0.75983,3.31991,0.36700,0.11464,0.09263,0.09436
28.4626,-1.11767,3.35934,0.30013,0.12920,0.10361,0.07047
28.4724,-1.06638,3.43748,0.26661,0.11402,0.10143,0.09832
28.4826,-0.92562,3.25061,0.03845,0.12274,0.09942,0.07276
28.4928,-1.02346,3.43982,-0.00250,0.12101,0.11128,0.09862
28.5024,-0.87012,3.14216,0.10953,0.12549,0.10766,0.09376
28.5126,-0.84592,3.35329,-0.17100,0.11938,0.11335,0.09465
28.5226,-0.89639,3.11204,-0.12398,0.11783,0.11361,0.09112
28.5327,-0.57994,3.43992,-0.71599,0.11589,0.11431,0.07916
28.5425,-0.93494,3.39819,-0.76042,0.10443,0.11131,0.08940
28.5525,-1.07055,3.31147,-0.71605,0.10531,0.08806,0.13047
28.5624,-1.09556,3.29321,-0.85272,0.12339,0.11317,0.07825
28.5725,-1.03428,3.12921,-0.37630,0.11832,0.09736,0.08173
28.5825,-0.70672,3.41779,-0.16944,0.11837,0.08718,0.09321
28.5925,-1.16242,3.89483,-0.55606,0.10957,0.11571,0.09178
28.6025,-0.83027,3.46840,-0.62826,0.10891,0.09694,0.11602
28.6125,-1.27209,3.95039,-0.33018,0.10191,0.10720,0.15254
28.6223,-1.00842,3.64217,-0.52851,0.12055,0.09690,0.09425
28.6324,-0.86973,4.29884,-0.63315,0.09287,0.11673,0.11227
28.6425,-1.92256,3.65690,-0.43481,0.10820,0.03831,0.12167
28.6525,-0.53151,3.90748,-0.14929,0.10786,0.13543,0.12763
28.6625,-1.32032,3.85918,-0.18994,0.09764,0.06388,0.11498
28.6726,-1.14407,4.47167,0.29221,0.07965,0.16967,0.10462
28.6827,-1.31001,3.08494,-0.49047,0.11685,0.09399,0.11915
28.6924,-1.33071,3.88952,-0.64396,0.09744,0.07410,0.10414
28.7024,-1.68755,3.41487,-0.22133,0.09844,0.07400,0.10135
28.7124,-0.89257,3.47095,-0.28484,0.11064,0.10705,0.09770
28.7225,-0.77720,3.40960,-0.08604,0.10435,0.11600,0.09270
28.7326,-1.15437,3.60102,-0.01359,0.10273,0.10327,0.10537
28.7424,-1.27168,3.27848,0.01474,0.10692,0.08227,0.11124
28.7529,-1.43295,3.50514,0.10682,0.11016,0.09412,0.10549
28.7625,-1.11452,3.45588,0.15288,0.10148,0.11376,0.10065
28.7728,-1.21025,3.08918,0.09902,0.10481,0.09117,0.08692
28.7824,-1.09354,3.14229,0.16737,0.11660,0.09182,0.09804
28.7925,-1.10362,3.35578,0.04859,0.10736,0.08941,0.10778
28.8025,-1.63745,3.18058,0.30061,0.10465,0.09381,0.10188
28.8125,-1.26111,3.18390,0.35471,0.10780,0.10280,0.09875
28.8227,-0.82821,3.34391,0.05260,0.09816,0.10064,0.09661
28.8323,-1.18908,3.25998,0.08913,0.09672,0.09408,0.09732
28.8427,-1.26969,3.26953,0.01058,0.09881,0.09365,0.10636
28.8526,-1.33557,3.30574,0.06415,0.10073,0.08484,0.10385
28.8624,-1.32341,3.10442,0.01815,0.10479,0.09142,0.10543
28.8726,-1.10336,3.19700,0.17944,0.10426,0.11901,0.10107
28.8830,-1.07442,2.98891,0.25246,0.08998,0.09487,0.09995
28.8925,-0.88450,3.44559,0.16020,0.09269,0.10103,0.09434
28.9025,-0.79633,3.08068,0.09617,0.09960,0.10638,0.10136
28.9125,-1.11100,3.20418,0.23868,0.09120,0.10429,0.10509
28.9225,-0.78289,3.17942,-0.14088,0.10316,0.11453,0.09737
28.9325,-0.63282,3.15179,-0.34141,0.09945,0.13264,0.10206
28.9424,-0.85861,3.05908,-0.04935,0.09940,0.11122,0.09373
28.9527,-1.01657,3.06936,-0.41081,0.10429,0.09660,0.09330
28.9624,-1.18363,3.17410,-0.16840,0.10535,0.09279,0.10304
28.9725,-1.16951,2.95668,0.04228,0.09860,0.09472,0.09764
28.9826,-0.82529,3.20588,-0.06915,0.09808,0.11922,0.10152
28.9927,-1.18406,3.20680,-0.05329,0.10775,0.10261,0.09878
29.0032,-1.22514,3.16933,-0.07096,0.09891,0.10899,0.10021
29.0125,-1.18714,3.15735,-0.17729,0.09556,0.09011,0.09457
29.0225,-1.18529,3.25941,-0.18735,0.09612,0.09188,0.08711
29.0327,-1.23378,3.27585,-0.11560,0.09060,0.10975,0.10051
29.0430,-1.26437,3.69736,-0.17665,0.09795,0.11189,0.09509
29.0524,-1.30914,3.17276,-0.05940,0.09586,0.09953,0.08873
29.0627,-1.00593,2.92066,-0.15134,0.09186,0.09567,0.10119
29.0728,-1.18333,3.36659,-0.33185,0.10205,0.08225,0.10148
29.0828,-1.24667,3.38257,-0.26218,0.09443,0.08827,0.10118
29.0925,-0.84969,3.27456,0.09334,0.09828,0.10205,0.10076
29.1024,-1.08672,3.15759,-0.38179,0.09437,0.09884,0.09825
29.1125,-1.23782,3.48047,-0.23698,0.09418,0.09356,0.09141
29.1226,-0.98080,3.31004,-0.15815,0.09546,0.09892,0.09506
29.1325,-1.23413,3.48673,-0.37830,0.09376,0.08857,0.10028
29.1424,-0.97681,3.46533,-0.24969,0.09441,0.08739,0.10414
29.1524,-1.32139,3.48728,-0.45099,0.09354,0.09945,-0.00413
29.1626,-0.91883,3.49429,-0.54422,0.08365,0.09462,0.05946
29.1725,-1.39253,3.54996,-0.29560,0.09077,0.09351,0.11648
29.1825,-1.21641,3.49549,-0.23651,0.10180,0.10000,0.11739
29.1925,-0.96276,3.32806,-0.40689,0.09296,0.09229,0.13806
29.2027,-0.94162,3.65156,0.24933,0.09567,0.09378,-0.04052
29.2126,-0.99277,3.15694,-0.33659,0.08782,0.12648,0.27176
29.2226,-1.43236,3.37036,-0.09256,0.09999,0.06119,-0.08258
29.2324,-1.05745,3.08806,-0.03608,0.09317,0.13572,0.29302
29.2427,-1.64355,3.15793,0.07501,0.09939,0.08215,-0.07121
29.2526,-0.83925,3.05371,-0.16680,0.09354,0.11078,0.27974
29.2626,-1.46086,2.98622,0.16797,0.09187,0.09881,-0.04791
29.2724,-0.87219,2.88256,-0.10520,0.09569,0.10425,0.25051
29.2825,-1.37659,3.07575,0.17503,0.08332,0.10045,-0.01942
29.2923,-1.18650,2.81910,0.19349,0.10459,0.11762,0.22196
29.3025,-1.05141,3.10882,0.40254,0.09666,0.10027,0.09660
29.3126,-0.98442,2.98622,0.05100,0.09607,0.09483,0.10524
29.3228,-1.14433,2.90387,0.30233,0.11383,0.10316,0.10679
29.3324,-1.05439,2.62361,0.42259,0.11065,0.10488,0.10459
29.3427,-0.80564,2.73647,0.22609,0.11293,0.09367,0.10276
29.3526,-1.42471,2.78874,0.26611,0.10857,0.11242,0.10050
29.3623,-0.86167,2.56298,0.13147,0.10332,0.10144,0.10356
29.3725,-1.21924,2.72571,0.28649,0.11571,0.10606,0.09792
29.3826,-0.91385,2.39897,0.65230,0.11497,0.10413,0.10306
29.3925,-0.62526,3.26892,0.38455,0.09585,0.11300,0.10183
29.4028,-0.96480,2.91042,0.70858,0.11559,0.10987,0.10233
29.4125,-0.91453,3.41637,0.08107,0.08971,0.11120,0.09726
29.4226,-0.57343,3.01267,0.05977,0.10648,0.11713,0.09555
29.4326,-0.34570,2.66804,0.37393,0.12034,0.13297,0.09818
29.4429,-0.29759,2.69064,0.56957,0.11119,0.12662,0.09401
29.4527,-0.25165,2.34771,0.75985,0.10996,0.12775,0.09302
29.4626,0.17427,3.09840,0.88890,0.11616,0.13162,0.09528
29.4726,-0.10115,2.87029,1.28221,0.11676,0.12403,0.08940
29.4829,-0.10778,3.38579,1.28187,0.09246,0.12862,0.08339
29.4925,-0.02415,2.23441,1.91586,0.13926,0.13895,0.06796
29.5025,-0.46930,2.95393,1.94830,0.11990,0.13221,0.04199
29.5127,-0.61332,3.00160,1.71140,0.13516,0.11937,0.01896
29.5225,-0.86075,3.53013,1.45779,0.11360,0.11191,-0.00591
29.5324,-1.03120,3.10438,2.20813,0.11570,0.10783,-0.02176
29.5426,-0.85529,3.39355,1.92257,0.10827,0.09678,-0.04406
29.5526,-1.07250,3.88435,1.73943,0.09967,0.09558,-0.05942
29.5625,-1.49928,3.82586,1.67552,0.09172,0.08440,-0.07782
29.5725,-1.70572,4.19541,1.79483,0.09179,0.08894,-0.10246
29.5826,-1.28654,4.38652,1.52250,0.09860,0.09312,-0.11091
29.5927,-1.62234,4.17565,1.76425,0.11058,0.07420,-0.10410
29.6025,-1.51683,4.32660,0.90610,0.09373,0.08093,-0.10393
29.6126,-1.09921,4.22426,0.06711,0.11013,0.08583,-0.10791
29.6225,-1.13256,4.66513,-0.35129,0.09088,0.07763,-0.09793
29.6326,-1.64570,4.09298,0.27856,0.10552,0.07378,-0.11012
29.6428,-1.47911,4.18734,0.30799,0.11171,0.09557,-0.10757
29.6525,-1.02617,4.26550,-0.38330,0.09869,0.07996,-0.10421
29.6626,-1.21288,4.58362,-0.68379,0.09429,0.09146,-0.09837
29.6727,-1.08830,4.37717,-0.90795,0.09797,0.07737,-0.10855
29.6825,-0.70330,4.31614,-1.29218,0.11170,0.10007,-0.10741
29.6924,-0.33851,3.64430,-1.36491,0.13322,0.10218,-0.09932
29.7025,-0.34195,3.52422,-1.35650,0.12392,0.10036,-0.10153
29.7126,-0.56227,2.85109,-0.68416,0.14956,0.12059,-0.09565
29.7226,-0.69868,4.01883,-0.71579,0.11370,0.10625,-0.09513
29.7324,-0.11286,3.71712,-0.06675,0.11957,0.11152,-0.10322
29.7428,-0.74187,3.86415,-0.38258,0.11435,0.10189,-0.10050
29.7526,-0.92283,4.35125,-1.32590,0.11235,0.10245,-0.09416
29.7627,-0.46097,3.62352,-1.90195,0.12218,0.10513,-0.09682
29.7727,-0.99877,3.80718,-1.33570,0.12181,0.09324,-0.10308
29.7826,-0.39748,3.40649,-0.81689,0.13349,0.11059,-0.10536
29.7924,-0.39368,3.10155,-0.01002,0.15043,0.10615,-0.09669
29.8032,-0.53744,3.54097,0.06853,0.13134,0.10210,-0.09894
29.8124,-0.47860,3.76214,-0.08856,0.12991,0.10674,-0.09811
29.8226,-1.22143,3.79678,-0.86307,0.13408,0.08467,-0.10156
29.8326,-0.49396,2.65934,-0.81934,0.16263,0.09741,-0.09493
29.8425,-1.25835,3.07830,-1.10409,0.15289,0.08290,-0.10302
29.8525,-0.94343,3.66850,-1.39683,0.13973,0.07960,-0.09289
29.8627,-0.70877,3.25648,-0.87671,0.13108,0.08836,-0.10102
29.8724,-1.13932,3.77501,0.07705,0.12012,0.08467,-0.10803
29.8824,-1.21449,3.34275,0.40799,0.13685,0.08035,-0.09739
29.8926,-0.53047,3.46693,0.31977,0.15713,0.11331,-0.08555
29.9024,-0.88565,2.99100,-0.34100,0.15585,0.08896,-0.09806
29.9125,-0.93512,3.71670,-0.80067,0.12461,0.08335,-0.09146
29.9226,-0.46872,3.86538,-1.37539,0.12649,0.10197,-0.09796
29.9327,0.34274,2.94806,-0.72632,0.15823,0.12592,-0.09591
29.9425,-0.04902,3.09167,0.01090,0.15589,0.12489,-0.09435
29.9525,0.06066,3.44256,0.07842,0.12961,0.11792,-0.09475
29.9627,0.30098,3.05521,0.32648,0.15216,0.12793,-0.09902
29.9727,-0.05733,3.56179,0.35373,0.12601,0.11805,-0.09448
29.9825,-0.37611,4.35857,0.08848,0.11423,0.13462,-0.08482
29.9927,-0.14371,2.87113,-0.41316,0.16070,0.13088,-0.07740
30.0027,-0.68841,4.15339,-1.14446,0.12022,0.10641,-0.07890
30.0124,-0.63991,3.75998,-1.38159,0.13442,0.11903,-0.06534
30.0228,-0.71566,3.48234,-1.64846,0.12930,0.08902,-0.05689
30.0324,0.38194,2.99017,-1.38311,0.14611,0.13321,-0.04422
30.0424,-0.90784,3.29001,-0.67338,0.12311,0.08150,-0.02528
30.0524,-1.15778,3.90217,-1.31770,0.12072,0.07479,-0.01072
30.0625,-0.16520,3.46842,-1.87838,0.14121,0.11388,0.00145
30.0724,-0.90912,3.76673,-2.16196,0.13042,0.09104,0.02262
30.0826,-1.43066,3.23971,-1.77767,0.14067,0.08123,0.06042
30.0925,-0.51071,3.01714,-2.12419,0.13978,0.12586,0.09053
30.1024,-0.55560,3.18540,-1.72321,0.13637,0.12560,0.11388
30.1125,0.65601,2.78326,-1.97873,0.14538,0.16473,0.10359
30.1225,-0.89427,3.36150,-1.81352,0.12584,0.11153,0.10302
30.1325,0.46001,2.90955,-1.60531,0.13665,0.14984,0.10274
30.1424,-0.92307,2.95594,-0.91955,0.14640,0.10681,0.10266
30.1524,-1.94446,3.20693,-1.00860,0.12410,0.07413,0.10201
30.1626,-1.01823,2.70335,-0.79320,0.13666,0.09272,0.09746
30.1726,-0.65181,3.38189,-0.87572,0.11922,0.09397,0.10526
30.1826,-0.79368,3.17443,-0.52859,0.14381,0.11646,0.11899
30.1926,-0.92605,3.19269,-0.42997,0.14084,0.13347,0.12771
30.2026,-0.63422,2.60769,-0.57009,0.14975,0.11999,0.11912
30.2125,-0.49655,3.21408,-0.75546,0.14057,0.13106,0.12537
30.2225,-1.76423,3.60660,-0.17761,0.11151,0.05788,0.12563
30.2325,0.02590,2.62105,0.10862,0.13883,0.11375,0.12128
30.2426,-1.02781,3.32318,0.01214,0.11068,0.10152,0.12731
30.2526,-1.47173,2.67153,-0.10758,0.14730,0.07229,0.13784
30.2628,-1.21108,3.05954,-0.59547,0.12883,0.10367,0.11877
30.2727,-0.99287,2.91268,0.09891,0.12704,0.09993,0.11820
30.2827,-1.29931,2.80353,0.55291,0.13826,0.10797,0.12163
30.2925,-0.14030,2.48479,0.55618,0.15434,0.12722,0.14978
30.3026,-0.25689,3.03205,0.05864,0.13010,0.11223,0.11209
30.3125,-0.40114,3.15570,-0.06850,0.12495,0.12842,0.12929
30.3227,-1.59529,3.16471,0.20525,0.12485,0.08215,0.12565
30.3324,-0.16913,3.11736,-0.01111,0.12089,0.12085,0.13821
30.3427,-1.04552,2.87246,0.47671,0.13045,0.08724,0.13064
30.3524,-0.25936,2.33385,0.34241,0.15479,0.12459,0.14280
30.3626,-1.59388,3.51070,-0.68734,0.12570,0.08211,0.11287
30.3725,-0.93675,3.21217,-1.25876,0.12128,0.07813,0.13544
30.3828,-0.20729,3.16666,-0.83111,0.11660,0.12927,0.12193
30.3925,-0.69177,2.64225,-0.17741,0.14960,0.11989,0.12051
30.4024,-0.32460,2.69045,-0.16957,0.15767,0.12865,0.12112
30.4126,-0.73756,3.02656,-1.13876,0.13460,0.12863,0.11784
30.4226,-2.01482,3.63684,-1.32119,0.13435,0.06563,0.11814
30.4323,-0.49717,4.04446,-1.53991,0.14159,0.12815,0.11217
30.4426,-1.98184,3.52504,-0.64314,0.14853,0.06545,0.11711
30.4525,-1.37096,2.86556,-0.72343,0.16273,0.09003,0.11468
30.4629,-1.72822,3.78625,-1.06425,0.14271,0.08524,0.11822
30.4725,-2.55167,3.81198,-1.39314,0.13509,0.05967,0.11056
30.4827,-2.52400,4.14052,-1.08911,0.13683,0.07305,0.11066
30.4925,-1.60880,3.49351,-0.51022,0.15225,0.10031,0.11566
30.5024,-2.13280,3.32828,-0.51752,0.15345,0.07347,0.09982
30.5125,-1.88020,3.47077,-0.87533,0.14921,0.07628,0.10935
30.5228,-2.35611,3.40854,-1.24567,0.14472,0.04951,0.10862
30.5325,-1.25556,3.85085,-1.16010,0.13977,0.11321,0.10813
30.5423,-2.63835,3.79292,-0.56858,0.13600,0.05856,0.11408
30.5524,-2.38736,3.33661,0.06678,0.14946,0.06298,0.11697
30.5626,-1.66326,3.10961,-0.14784,0.14673,0.08192,0.11970
30.5727,-0.98972,3.35488,-0.39994,0.14836,0.10758,0.11109
30.5826,-1.04805,3.72187,-0.71266,0.13812,0.11788,0.11462
30.5926,-0.62516,3.22062,-0.76634,0.15137,0.13046,0.10756
30.6028,-1.47015,3.24013,-0.49445,0.14734,0.08867,0.11775
30.6126,-0.61533,2.99509,-0.37777,0.16390,0.10498,0.10187
30.6228,-1.56337,3.12021,0.10084,0.16496,0.08222,0.10991
30.6325,-0.80440,3.70756,-0.24750,0.14374,0.10188,0.11590
30.6426,-0.72903,3.48844,-0.30742,0.14966,0.09858,0.11061
30.6525,-0.73866,3.82748,-0.66608,0.13637,0.11715,0.11837
30.6626,-0.58764,3.61793,-0.89788,0.14461,0.10452,0.10119
30.6725,-1.48044,3.62175,-0.28460,0.15334,0.09189,0.11776
30.6827,-1.49431,3.56158,-0.12260,0.14147,0.10423,0.11017
30.6926,-0.87162,3.57420,-0.10303,0.14766,0.12465,0.10564
30.7025,-1.22790,3.71942,-0.00967,0.14936,0.09872,0.10388
30.7124,-0.00002,3.12691,-0.22613,0.15643,0.13311,0.10064
30.7224,0.01060,3.28931,-0.29922,0.16260,0.12282,0.10869
30.7325,0.36629,2.61076,-0.24089,0.17810,0.12020,0.10225
30.7423,-2.13611,3.06238,0.23188,0.16523,0.06534,0.11214
30.7524,-1.27589,2.85878,0.04043,0.15966,0.09831,0.11466
30.7625,-1.35373,3.43125,0.13526,0.14237,0.08462,0.10711
30.7726,-1.48217,3.16426,0.52533,0.16882,0.07032,0.12287
30.7824,-0.82909,3.06757,0.48015,0.14816,0.11274,0.11338
30.7926,0.04763,2.89277,0.40632,0.15641,0.14612,0.11366
30.8026,-1.84273,3.19837,-0.23674,0.15042,0.05694,0.10352
30.8124,-2.07588,3.48386,-0.21944,0.16341,0.07524,0.11232
30.8225,-2.51399,3.38766,-0.32042,0.15524,0.06167,0.10337
30.8323,-2.49232,3.13450,0.07904,0.16867,0.07651,0.09957
30.8426,-2.69503,3.31651,-0.04491,0.15946,0.06119,0.10173
30.8527,-2.00982,3.55216,-0.68189,0.15784,0.07079,0.10178
30.8623,-0.93669,3.31357,-0.95306,0.15073,0.08979,0.10292
30.8722,-1.10878,3.71398,-1.07796,0.14536,0.08395,0.10520
30.8823,-1.58749,3.73229,-1.16427,0.14950,0.08045,0.10969
30.8927,-0.88023,3.91166,-1.06996,0.14877,0.10529,0.10725
30.9026,-2.05316,4.10009,-1.17583,0.14564,0.06739,0.10592
30.9124,-1.40464,3.95035,-1.24868,0.14250,0.08059,0.10545
30.9226,-1.59449,4.15783,-1.07032,0.14233,0.08708,0.10319
30.9324,-0.62945,3.59425,-1.04878,0.14849,0.10023,0.10895
30.9426,-1.10411,3.89474,-1.16461,0.15216,0.08283,0.10316
30.9526,-0.78655,3.83358,-1.33777,0.15404,0.10539,0.10652
30.9626,-0.88726,4.15111,-1.51616,0.14972,0.11228,0.10190
30.9725,-1.19786,3.68826,-1.19700,0.15055,0.09161,0.10104
30.9825,-0.82845,4.00382,-1.12680,0.13389,0.12243,0.10727
30.9926,-1.08554,3.65544,-0.77550,0.14626,0.09428,0.10265
31.0025,-0.92602,3.94543,-0.69476,0.15710,0.10228,0.10682
31.0125,-1.66281,3.95626,-0.91214,0.15500,0.06696,0.11003
31.0228,-1.57944,3.80186,-1.02827,0.14852,0.08276,0.10084
31.0325,-1.23828,3.38977,-0.96851,0.16111,0.09867,0.10592
31.0425,-1.88788,3.85582,-0.87591,0.16460,0.06301,0.10899
31.0526,-1.00388,3.68182,-1.22121,0.16296,0.10937,0.10392
31.0625,-1.45235,3.83105,-1.02217,0.15988,0.09482,0.10392
31.0725,-0.74555,3.22385,-1.04785,0.16460,0.10707,0.10292
31.0825,-1.29296,3.61672,-0.99861,0.15327,0.09774,0.11542
31.0925,-0.72278,3.10566,-1.46512,0.14907,0.11701,0.10597
31.1024,-1.12645,3.60404,-1.42494,0.17077,0.08397,0.11650
31.1127,-1.20487,3.78948,-1.41949,0.16194,0.09189,0.10841
31.1225,-1.34261,3.52976,-1.56634,0.15402,0.09397,0.10380
31.1324,-1.03506,3.33644,-1.59870,0.16587,0.10688,0.10704
31.1425,-1.86256,3.09322,-1.44483,0.16560,0.08435,0.10003
31.1528,-0.98270,3.01114,-1.56745,0.15888,0.10390,0.10071
31.1626,-1.74406,3.47724,-1.53864,0.16601,0.08589,0.10231
31.1725,-0.68250,3.42228,-1.41133,0.16755,0.10950,0.10037
31.1826,-1.02846,3.72965,-1.17816,0.15989,0.10289,0.09954
31.1923,-0.55950,3.31866,-1.01679,0.16914,0.12976,0.09950
31.2025,-0.90874,3.70312,-1.08500,0.15176,0.11169,0.09931
31.2125,-0.82834,4.01340,-0.90391,0.15066,0.09536,0.10881
31.2226,-1.28997,4.00448,-0.45236,0.15585,0.11731,0.10035
31.2328,-1.65579,3.89895,-0.31396,0.15359,0.09205,0.10125
31.2430,-1.67793,3.87802,0.14850,0.15180,0.06816,0.09689
31.2525,-1.49981,3.83162,-0.06386,0.15021,0.09058,0.10210
31.2626,-2.07279,3.92615,0.05647,0.15956,0.06461,0.09910
31.2725,-2.03109,3.57832,-0.10952,0.16050,0.06268,0.09569
31.2828,-1.89480,3.95724,-0.07890,0.15031,0.07198,0.10233
31.2926,-1.77258,3.36094,0.21226,0.16164,0.07364,0.09679
31.3026,-1.48891,3.54090,-0.07502,0.14938,0.07555,0.10178
31.3128,-1.52908,4.25118,0.01027,0.14882,0.07951,0.09926
31.3226,-1.65519,3.69284,0.05161,0.15257,0.06780,0.09659
31.3325,-1.35046,3.56574,0.12705,0.15272,0.07596,0.10063
31.3428,-1.63924,3.72407,0.01538,0.15254,0.07795,0.10096
31.3526,-1.82033,3.68194,0.13985,0.16852,0.07631,0.09500
31.3626,-1.76157,3.61696,0.02184,0.16175,0.07770,0.09278
31.3726,-1.50425,3.63278,-0.18564,0.16753,0.07801,0.09310
31.3825,-1.61173,3.48802,-0.25900,0.16529,0.07347,0.08133
31.3926,-1.54914,3.45848,-0.37328,0.15889,0.08553,0.06913
31.4027,-1.35924,4.07826,-0.42376,0.15911,0.09236,0.04925
31.4126,-1.24572,4.01887,-0.66277,0.14656,0.09186,0.02886
31.4228,-0.97061,3.79766,-0.65245,0.16303,0.09705,0.00411
31.4323,-0.70325,4.29620,-0.85241,0.14713,0.10777,-0.01862
31.4425,-0.59526,4.10998,-1.15855,0.15570,0.11164,-0.02925
31.4525,-0.31109,3.93923,-1.11639,0.15928,0.10912,-0.05096
31.4625,0.07462,3.90400,-1.19883,0.15979,0.11378,-0.06990
31.4724,0.32092,3.99183,-1.28146,0.15792,0.11710,-0.08228
31.4826,0.26936,4.21025,-1.05256,0.16263,0.10912,-0.08709
31.4925,0.16892,4.04370,-1.06660,0.15663,0.13289,-0.09459
31.5025,0.30698,3.98684,-1.12529,0.15815,0.11498,-0.10200
31.5126,0.26831,4.18472,-1.26137,0.16083,0.11288,-0.10592
31.5228,-0.35225,4.10275,-1.27010,0.16129,0.11240,-0.10281
31.5325,-0.12127,4.47259,-1.45336,0.14587,0.11947,-0.10016
31.5423,-0.75867,4.41699,-1.25538,0.15790,0.09023,-0.10254
31.5524,-0.40557,4.32200,-1.08979,0.14316,0.09325,-0.09213
31.5627,-1.10987,3.95618,-1.02305,0.15311,0.08936,-0.09566
31.5725,-1.02915,3.76196,-0.91498,0.16612,0.07531,-0.09294
31.5824,-0.79510,3.80961,-0.86875,0.15927,0.09284,-0.08727
31.5927,-1.73738,3.67465,-0.83566,0.16323,0.05174,-0.08517
31.6024,-1.40523,3.69952,-0.68261,0.16810,0.07142,-0.07799
31.6124,-1.63074,3.81536,-0.52425,0.16392,0.07276,-0.08063
31.6224,-1.87389,3.77177,-0.52968,0.17270,0.05415,-0.07131
31.6324,-1.68185,4.02925,-0.64362,0.15299,0.07573,-0.06737
31.6426,-1.45231,3.47636,-0.43839,0.16966,0.06012,-0.05225
31.6525,-1.71094,3.36433,-0.30111,0.17969,0.05425,-0.04592
31.6628,-1.59974,3.01772,-0.28644,0.17117,0.06033,-0.03955
31.6725,-1.77438,3.27004,-0.47102,0.17299,0.06388,-0.02842
31.6828,-1.36635,3.44454,-0.50890,0.16033,0.06198,-0.02114
31.6926,-1.36366,4.07224,-0.69090,0.14888,0.06419,-0.01326
31.7023,-1.27161,3.91296,-0.83001,0.15713,0.06599,-0.00693
31.7123,-0.96174,3.74628,-0.62330,0.17228,0.06629,-0.00437
31.7224,-0.88607,3.59539,-0.64486,0.14996,0.07259,0.00406
31.7327,-1.01895,4.12876,-1.12371,0.13131,0.07835,0.00421
31.7426,-1.06421,3.51038,-0.65636,0.16378,0.08313,0.00443
31.7525,-0.52540,3.60474,-0.67867,0.16705,0.07681,0.00251
31.7626,-1.01407,4.01517,-0.69818,0.14981,0.09688,0.00963
31.7723,-0.90007,3.79640,-0.74574,0.15006,0.08929,0.00843
31.7825,-0.69535,3.29392,-0.82278,0.15867,0.08587,0.00378
31.7924,-0.87981,4.15517,-0.97206,0.14105,0.09274,0.00979
31.8024,-0.96303,3.97874,-1.00118,0.15477,0.07651,0.00484
31.8123,-0.88315,3.81437,-0.62381,0.15745,0.09312,0.00183
31.8228,-0.72228,3.76954,-0.67971,0.15173,0.08984,0.00160
31.8325,-0.64078,4.16015,-1.00025,0.12802,0.07618,-0.00493
31.8426,-0.79842,3.17820,-0.63576,0.15949,0.07906,-0.00027
31.8524,-0.58050,3.58837,-0.87246,0.16054,0.08869,-0.01712
31.8626,-0.78136,3.95677,-0.81478,0.15567,0.09734,-0.01233
31.8726,-1.45895,3.97182,-1.13945,0.14174,0.07320,-0.02131
31.8827,-0.77481,3.76978,-0.98529,0.15416,0.08683,-0.02661
31.8925,-0.99760,4.19109,-0.98637,0.13869,0.06124,-0.03024
31.9026,-1.05010,3.90719,-0.85407,0.14443,0.07363,-0.03622
31.9126,-0.76498,3.42304,-0.65402,0.16251,0.07928,-0.04253
31.9226,-1.07385,3.76123,-0.63415,0.15303,0.09423,-0.04915
31.9325,-1.26505,4.23849,-0.87936,0.15421,0.08090,-0.06265
31.9425,-1.29089,4.06840,-0.76498,0.13053,0.08427,-0.06477
31.9525,-0.66002,3.64500,-0.45623,0.15924,0.09544,-0.07163
31.9625,-1.04992,3.81631,-0.50554,0.15266,0.07522,-0.07931
31.9723,-0.91901,3.80640,-0.63513,0.14673,0.08759,-0.08065
31.9825,-0.87242,3.38218,-0.23514,0.14982,0.07865,-0.07536
31.9925,-0.69584,3.97105,-0.51571,0.14881,0.08483,-0.07514
32.0024,-0.49725,3.94659,-0.41808,0.14744,0.08492,-0.07458
32.0124,-0.67476,3.30325,-0.12468,0.15829,0.07791,-0.07159
32.0226,-0.54241,3.23411,-0.23189,0.16876,0.09633,-0.07471
32.0324,-0.73544,3.86462,-0.40972,0.14476,0.08599,-0.07386
32.0425,-0.73072,3.03279,-0.05623,0.17061,0.09256,-0.07201
32.0526,-0.53814,3.36515,-0.22030,0.16769,0.09093,-0.06705
32.0626,-0.45355,3.55417,-0.25685,0.16060,0.09143,-0.06527
32.0725,-0.83243,2.72437,-0.05526,0.15694,0.08739,-0.06343
32.0826,-0.18384,3.20371,-0.30129,0.16315,0.10009,-0.05548
32.0924,-0.33107,3.39057,-0.25604,0.15408,0.10428,-0.05015
32.1024,-0.51850,2.94134,0.13810,0.16006,0.08263,-0.04239
32.1127,-0.48323,3.38326,-0.01219,0.14913,0.09756,-0.03756
32.1229,-0.32316,3.68934,0.03454,0.13928,0.08560,-0.03044
32.1324,-0.58637,3.18876,0.01122,0.15341,0.08395,-0.01923
32.1427,-0.66307,3.03277,-0.12363,0.15611,0.10202,-0.01777
32.1525,-0.51390,3.18690,-0.26740,0.15297,0.09189,-0.00726
32.1624,-0.62390,2.93087,0.12263,0.15591,0.07972,0.00344
32.1725,-0.80082,2.99829,0.00275,0.16057,0.09521,0.00807
32.1827,-0.67021,3.15686,-0.18641,0.14638,0.08373,0.01843
32.1924,-0.78089,3.35616,-0.22747,0.14378,0.07274,0.02105
32.2025,-0.66226,3.04222,-0.36442,0.14104,0.07360,0.03330
32.2125,-0.73738,3.45514,-0.22141,0.15053,0.07788,0.03398
32.2225,-1.18146,3.54747,-0.36991,0.15593,0.08312,0.03907
32.2326,-1.31729,3.47135,-0.37443,0.14208,0.09008,0.03724
32.2425,-0.89429,3.28738,-0.22675,0.14034,0.08917,0.04461
32.2525,-1.21992,3.35061,-0.20628,0.15042,0.08845,0.05330
32.2625,-1.08605,3.37830,-0.44840,0.14246,0.08043,0.05351
32.2725,-1.07279,3.34504,-0.55491,0.13864,0.07631,0.05878
32.2823,-0.88329,3.56931,-0.37873,0.14867,0.08212,0.05978
32.2925,-1.00786,3.55592,-0.44629,0.13677,0.08101,0.05922
32.3026,-0.98261,3.46998,-0.48659,0.14689,0.07859,0.06368
32.3124,-0.55861,3.73507,-0.57276,0.14413,0.06971,0.06097
32.3224,-1.05023,3.43100,-0.59071,0.14530,0.08657,0.06335
32.3323,-1.18456,3.08282,-0.55077,0.14741,0.08813,0.06098
32.3425,-1.01395,3.22505,-0.46838,0.15129,0.08845,0.05990
32.3526,-1.04804,3.18297,-0.34423,0.15061,0.09013,0.06126
32.3623,-0.77976,3.18615,-0.32088,0.14997,0.08553,0.06093
32.3724,-0.77513,3.47773,-0.46686,0.13512,0.08398,0.05810
32.3827,-0.71837,3.48122,-0.60749,0.14492,0.08643,0.06215
32.3929,-0.94239,3.34020,-0.59758,0.14946,0.09194,0.06570
32.4028,-0.77446,3.66529,-0.67186,0.13847,0.08825,0.06102
32.4126,-0.81714,3.67860,-0.55741,0.14053,0.08717,0.06623
32.4225,-0.71705,3.27193,-0.64549,0.15102,0.08417,0.06100
32.4325,-0.68292,3.50290,-0.62356,0.14408,0.09320,0.06518
32.4425,-1.02608,3.47165,-0.59946,0.14507,0.09594,0.06168
32.4525,-0.99685,3.35581,-0.58401,0.14716,0.09042,0.06436
32.4625,-0.48779,3.52648,-0.66065,0.14546,0.09248,0.05736
32.4727,-0.89723,3.24342,-0.43894,0.13968,0.08689,0.05823
32.4828,-0.91052,3.41250,-0.63670,0.14984,0.08599,0.05488
32.4928,-0.78403,3.68727,-0.70594,0.14699,0.09206,0.04919
32.5025,-0.61159,3.69456,-0.75664,0.15637,0.07973,0.04349
32.5125,-0.68594,3.54399,-0.71819,0.15099,0.08096,0.04007
32.5228,-0.48363,3.88892,-0.90168,0.14078,0.08118,0.02022
32.5326,-1.03702,3.62838,-0.62554,0.13642,0.07975,0.01094
32.5428,-1.02685,3.70172,-0.69008,0.15054,0.08604,-0.00414
32.5524,-0.74610,3.82486,-0.79493,0.14623,0.08410,-0.01681
32.5623,-0.80005,3.82424,-0.85099,0.14575,0.07904,-0.03197
32.5725,-0.95895,3.96017,-0.80727,0.14462,0.08258,-0.04054
32.5827,-0.65199,3.92826,-0.81777,0.14225,0.08229,-0.06034
32.5925,-0.84394,4.17306,-0.98604,0.14956,0.08702,-0.07829
32.6024,-1.04617,3.91672,-0.99935,0.14167,0.08903,-0.08898
32.6125,-0.82130,3.91282,-0.58127,0.15896,0.08458,-0.10105
32.6225,-1.08448,3.99419,-0.83777,0.14079,0.08473,-0.11168
32.6324,-0.95577,4.20923,-0.95653,0.13278,0.08305,-0.11103
32.6425,-1.06809,3.82693,-0.64956,0.15032,0.08863,-0.11019
32.6525,-0.65918,4.10674,-0.96941,0.14100,0.08462,-0.10386
32.6629,-1.23579,3.94479,-1.05627,0.14618,0.09224,-0.10583
32.6728,-0.87898,4.03524,-1.18339,0.15269,0.07913,-0.09860
32.6828,-0.67112,3.89105,-0.95704,0.15679,0.09201,-0.10061
32.6925,-0.79893,3.99357,-1.02878,0.15720,0.08074,-0.10323
32.7025,-1.01042,3.78007,-0.85225,0.15514,0.08783,-0.10007
32.7126,-0.63585,4.11974,-0.92014,0.14646,0.08211,-0.10466
32.7226,-1.10807,4.01803,-0.72110,0.14659,0.08463,-0.10072
32.7324,-0.83789,3.78815,-0.75521,0.15196,0.08548,-0.09301
32.7424,-0.79473,4.17648,-0.78815,0.15191,0.08118,-0.10252
32.7526,-0.80037,3.74403,-0.93026,0.14966,0.08972,-0.09964
32.7625,-1.14363,3.77534,-0.73263,0.16083,0.08449,-0.10013
32.7724,-0.57465,3.98679,-0.87051,0.15856,0.08692,-0.09728
32.7826,-1.03546,3.39080,-0.48111,0.15831,0.10098,-0.09772
32.7925,-1.01553,3.61011,-0.29396,0.15856,0.08237,-0.09745
32.8025,-0.55323,3.52023,-0.26471,0.16239,0.08991,-0.09299
32.8123,-0.58282,3.47691,-0.37926,0.15943,0.07791,-0.09704
32.8224,-1.06154,3.53098,-0.37888,0.16170,0.09397,-0.09631
32.8325,-0.62895,3.85799,-0.40883,0.15920,0.08300,-0.09690
32.8428,-0.81440,3.61469,-0.37264,0.15666,0.08533,-0.10061
32.8523,-0.93517,3.40143,-0.31447,0.17166,0.08298,-0.10030
32.8625,-0.72128,3.84431,-0.33067,0.15543,0.08742,-0.09244
32.8727,-0.82980,3.49384,-0.13327,0.16129,0.09315,-0.09873
32.8826,-0.93073,3.65253,-0.37620,0.16178,0.07664,-0.09865
32.8926,-0.85302,3.76404,-0.57261,0.15141,0.08513,-0.10007
32.9024,-0.57776,3.72362,-0.64205,0.14890,0.08742,-0.09663
32.9126,-1.12073,3.83756,-0.59078,0.15361,0.08256,-0.10335
32.9225,-0.94038,4.05763,-0.50405,0.15497,0.09564,-0.09732
32.9324,-0.71759,4.37217,-0.76103,0.14592,0.08281,-0.09997
32.9425,-1.06748,3.82634,-0.87957,0.14966,0.08865,-0.10101
32.9524,-0.98215,3.71398,-0.74916,0.14664,0.08209,-0.09450
32.9626,-0.86671,3.94023,-0.73264,0.15503,0.08906,-0.09845
32.9723,-0.98316,3.85571,-0.91095,0.14545,0.08459,-0.09984
32.9825,-0.93384,3.93347,-0.83548,0.14152,0.07938,-0.09835
32.9925,-0.98640,3.96849,-0.62512,0.14329,0.08728,-0.09806
33.0027,-0.62677,3.68837,-0.71015,0.14719,0.08692,-0.09568
33.0124,-0.57320,3.86078,-0.69964,0.14539,0.08508,-0.09521
33.0226,-0.46629,3.87669,-0.66582,0.15102,0.08659,-0.10223
33.0325,-0.81413,4.00486,-0.64976,0.15232,0.09342,-0.09562
33.0425,-0.76668,3.43687,-0.59640,0.14529,0.09126,-0.08631
33.0524,-0.68227,3.57042,-0.47231,0.14976,0.09731,-0.08880
33.0625,-0.68160,3.49389,-0.54270,0.15553,0.09864,-0.07998
33.0725,-0.70836,3.62093,-0.32329,0.15357,0.09346,-0.08043
33.0826,-0.70162,3.63651,-0.27605,0.14741,0.08498,-0.05943
33.0924,-0.58291,3.33616,-0.44482,0.15179,0.09002,-0.05137
33.1028,-0.50850,3.45426,-0.38677,0.15169,0.08361,-0.03580
33.1126,-0.47161,3.51054,-0.57024,0.14492,0.09310,-0.02468
33.1224,-0.50680,3.51032,-0.54138,0.14622,0.08761,-0.01064
33.1326,-0.62980,3.60728,-0.46189,0.14524,0.09783,0.00027
33.1425,-0.63120,3.48100,-0.46123,0.14433,0.09057,0.02002
33.1526,-0.65782,3.50550,-0.30267,0.15174,0.09234,0.02884
33.1631,-0.82759,3.16788,-0.36511,0.15110,0.09391,0.03723
33.1725,-0.75121,3.14424,-0.38727,0.14930,0.09936,0.05799
33.1824,-0.31431,3.45402,-0.53044,0.14862,0.09986,0.07474
33.1927,-0.69732,3.52842,-0.42345,0.14601,0.09597,0.08105
33.2026,-0.44601,2.94372,-0.38859,0.14179,0.09706,0.09008
33.2124,-0.85362,3.31778,-0.26471,0.15083,0.09671,0.09663
33.2231,-0.78759,3.71242,-0.58823,0.13052,0.08492,0.10238
33.2325,-1.15645,3.73831,-0.60538,0.13695,0.09016,0.09625
33.2425,-1.21393,3.42115,-0.73841,0.13962,0.08979,0.09280
33.2529,-0.91486,3.56857,-0.58261,0.14668,0.09509,0.09429
33.2629,-0.78212,3.27854,-0.67893,0.14821,0.08840,0.08862
33.2725,-0.70827,3.41439,-0.53765,0.15326,0.08938,0.08561
33.2825,-1.13381,3.26167,-0.55117,0.14129,0.09889,0.08651
33.2926,-1.15147,3.31258,-0.62226,0.14172,0.08642,0.08714
33.3025,-1.05268,3.40958,-0.78456,0.14196,0.08791,0.09750
33.3126,-0.78688,3.58499,-0.96110,0.13963,0.09591,0.08884
33.3230,-0.66346,3.45482,-0.89613,0.14412,0.09045,0.08602
33.3325,-0.77572,3.61702,-0.77122,0.14328,0.09350,0.08324
33.3426,-0.81524,3.63779,-0.62371,0.12829,0.08786,0.08839
33.3527,-0.70365,3.33505,-0.56277,0.14082,0.09736,0.08840
33.3627,-0.53679,3.42548,-0.46784,0.14900,0.09511,0.08904
33.3725,-0.47945,3.48222,-0.58041,0.15429,0.09644,0.08699
33.3825,-0.26245,3.39207,-0.92564,0.15258,0.09871,0.08209
33.3925,-0.50181,3.38503,-1.06999,0.14681,0.10854,0.09024
33.4027,-0.62940,3.24591,-1.28460,0.14488,0.10256,0.08737
33.4125,-0.44496,3.33909,-1.58848,0.13805,0.10318,0.08402
33.4226,-0.71527,3.14363,-1.71115,0.14182,0.09426,0.09119
33.4326,-0.39512,3.36952,-2.23919,0.14930,0.10252,0.08920
33.4425,-0.95975,3.45502,-2.36165,0.15224,0.08941,0.08855
33.4527,-0.78720,3.26534,-2.49548,0.15686,0.09347,0.07916
33.4627,-1.15311,3.50509,-2.01032,0.14826,0.08338,0.08987
33.4722,-1.00322,2.62896,-2.02046,0.15620,0.09767,0.08271
33.4826,-1.07573,2.79433,-1.73472,0.14774,0.08660,0.08187
33.4926,-1.41563,3.11027,-1.32649,0.14675,0.09524,0.08647
33.5028,-1.16513,3.11719,-1.01685,0.15720,0.09162,0.08441
33.5125,-1.40221,3.52716,-0.86147,0.13841,0.07173,0.08930
33.5226,-1.25798,3.65768,-0.30907,0.14056,0.08680,0.09381
33.5325,-1.49212,3.61621,-0.10617,0.13289,0.07622,0.09247
33.5426,-1.47421,3.62108,-0.07846,0.13460,0.07458,0.08952
33.5523,-1.09885,4.10094,0.03260,0.12921,0.08184,0.08936
33.5625,-1.18541,3.70084,0.30161,0.12231,0.07267,0.08777
33.5725,-1.56756,4.06800,0.85452,0.12179,0.09484,0.08699
33.5822,-1.57856,4.13573,0.93561,0.11857,0.07994,0.08885
33.5925,-1.50954,4.25779,0.92885,0.12265,0.08085,0.08798
33.6026,-1.27941,4.13442,0.86331,0.12322,0.07571,0.08517
33.6125,-1.33910,3.91364,0.39040,0.12996,0.07324,0.08868
33.6224,-1.44623,3.53160,0.18121,0.13130,0.08026,0.08605
33.6324,-1.14516,4.00193,-0.06749,0.12893,0.08132,0.08557
33.6429,-1.26993,3.15935,0.09618,0.13864,0.08683,0.03162
33.6525,-0.85538,3.71014,0.79964,0.11075,0.08460,0.03950
33.6629,-1.13172,3.71992,-0.14282,0.13384,0.07860,0.05092
33.6726,-1.50925,3.65216,0.26749,0.13652,0.07034,0.21817
33.6826,-1.59078,3.73073,-0.23490,0.12492,0.07903,0.11120
33.6925,-1.13728,3.73597,-0.35054,0.13309,0.08632,0.06846
33.7028,-0.89206,3.45348,-0.05893,0.13766,0.08341,0.03603
33.7124,-0.75360,3.90748,-0.25205,0.13831,0.09475,0.01153
33.7224,-0.60375,3.87964,-0.21085,0.13714,0.09289,-0.02354
33.7326,-0.95930,4.22075,-0.27474,0.13517,0.08570,-0.05012
33.7427,-0.65069,3.89573,-0.58309,0.13484,0.08676,-0.09086
33.7526,-0.83852,3.42144,-1.05312,0.14618,0.08181,-0.16909
33.7625,-0.78493,3.98265,-0.80981,0.14079,0.08208,-0.17602
33.7726,-0.73153,3.61668,-0.84405,0.14441,0.08182,-0.14297
33.7825,-0.50546,3.58636,-0.71717,0.14149,0.07440,-0.12764
33.7925,-0.87357,3.50436,-0.39352,0.15604,0.07959,-0.03047
33.8027,-0.74706,3.54918,-0.33545,0.16291,0.08310,-0.08141
33.8129,-1.03536,3.78992,-0.39866,0.16316,0.09409,-0.09883
33.8226,-0.73506,3.64715,-0.76877,0.16253,0.07479,-0.15052
33.8323,-0.61158,3.42801,-0.82474,0.16184,0.08407,-0.08895
33.8425,-0.46332,3.63318,-0.72669,0.16960,0.09139,-0.04432
33.8525,-0.92670,4.11816,-0.85966,0.16199,0.09009,-0.21336
33.8625,-0.06850,3.74887,-0.50057,0.17363,0.09491,0.00054
33.8725,-0.72414,3.25008,0.06213,0.17459,0.07978,-0.16899
33.8826,-0.53249,4.08043,-0.12392,0.14492,0.09321,-0.11320
33.8926,-0.56440,3.94829,-0.10614,0.15802,0.09073,-0.05893
33.9023,-0.53146,3.38299,0.09515,0.17916,0.06440,-0.18533
33.9123,-0.40956,3.60804,-0.07805,0.17664,0.09537,-0.05435
33.9226,-0.59329,3.89651,1.06099,0.16223,0.07794,-0.06191
33.9323,-0.70425,2.78395,0.41063,0.17849,0.09093,-0.07189
33.9424,-0.57142,3.34359,0.24407,0.15532,0.09397,-0.08422
33.9525,-0.50675,3.61349,0.38871,0.16453,0.09056,-0.19009
33.9629,-0.97413,3.39780,0.18540,0.16887,0.08481,-0.15467
33.9724,-0.57859,3.67175,0.17063,0.16092,0.08732,-0.12297
33.9826,-0.69513,3.93597,0.48073,0.15921,0.09097,-0.09763
33.9926,-0.79556,3.71201,0.53469,0.16118,0.08167,-0.07424
34.0028,-0.49229,3.54136,0.29413,0.17610,0.08480,-0.20388
34.0126,-0.21778,3.96994,0.54262,0.16651,0.08806,-0.08910
34.0224,-0.81784,3.87721,0.20310,0.16191,0.08420,-0.10521
34.0323,-0.54101,3.52615,0.77178,0.18324,0.08753,-0.10514
34.0426,-0.85136,4.58303,0.55797,0.15531,0.08754,-0.09923
34.0526,-0.51718,4.29120,0.50090,0.15002,0.08436,-0.10135
34.0629,-0.97513,4.53128,0.52030,0.14564,0.09060,-0.18151
34.0726,-0.63794,4.44565,0.83499,0.15051,0.08169,-0.15858
34.0829,-0.83784,4.20810,-0.10593,0.16087,0.08334,-0.13793
34.0926,-1.22613,4.46418,1.13463,0.15450,0.08902,-0.12618
34.1026,-0.93732,4.88096,0.56540,0.14825,0.07469,-0.11907
34.1125,-0.67673,4.80135,0.10832,0.14804,0.07556,-0.11790
34.1227,-0.60291,4.87224,0.01107,0.14993,0.08136,-0.11171
34.1324,-0.49124,4.70556,0.17901,0.14743,0.08362,-0.11443
34.1425,-0.43893,4.91430,-0.24256,0.15443,0.09470,-0.11720
34.1525,-0.78229,4.83157,-0.38684,0.15528,0.08022,-0.10803
34.1626,-0.41988,4.81641,-1.05544,0.14979,0.08941,-0.10883
34.1725,-0.40516,5.03307,-1.35162,0.14298,0.09621,-0.10924
34.1827,-0.37178,4.22268,-2.26441,0.16620,0.08623,-0.11134
34.1925,-0.50442,4.38058,-1.60960,0.15171,0.09132,-0.10142
34.2025,-0.64429,4.55197,-1.68836,0.16672,0.08592,-0.10539
34.2125,-0.70112,4.08645,-1.38405,0.19701,0.07594,-0.10447
34.2229,-0.40726,4.22588,-1.30319,0.17316,0.09555,-0.09831
34.2328,-0.22661,4.45402,-1.63157,0.17273,0.09128,-0.11394
34.2426,-0.80905,4.11916,-2.06174,0.17705,0.09795,-0.09933
34.2526,-0.84859,4.40134,-2.55363,0.16550,0.08127,-0.10514
34.2626,-0.44241,3.98784,-3.32158,0.18101,0.10630,-0.10319
34.2726,-0.02573,4.51062,-3.02056,0.16138,0.12220,-0.10421
34.2830,-0.39503,4.00689,-2.16586,0.17339,0.10914,-0.09802
34.2926,0.15765,3.81634,-1.40262,0.19760,0.10868,-0.09912
34.3026,-0.63284,4.13041,-1.17919,0.18322,0.09764,-0.09850
34.3125,-0.74535,3.93937,-1.37714,0.18447,0.09275,-0.10414
34.3226,-0.65157,4.01779,-1.81692,0.17511,0.09885,-0.10331
34.3326,-0.65513,4.32536,-1.94136,0.17737,0.11441,-0.10106
34.3429,-0.58191,3.95596,-2.13922,0.18477,0.09514,-0.10100
34.3525,-1.25147,4.36147,-2.17876,0.18943,0.08533,-0.10400
34.3626,-0.60796,4.38516,-1.86147,0.17724,0.10799,-0.10427
34.3725,-1.13065,4.50773,-1.78961,0.18307,0.08805,-0.10058
34.3827,-1.19003,4.45121,-1.45435,0.17848,0.08111,-0.11203
34.3925,-1.28307,4.38298,-1.51148,0.16863,0.09003,-0.10066
34.4025,-1.20604,4.72658,-1.23266,0.16833,0.08947,-0.09828
34.4128,-1.26988,4.38908,-0.94870,0.17181,0.08407,-0.10466
34.4228,-1.08789,4.46973,-0.61586,0.17477,0.08267,-0.10916
34.4326,-0.89083,5.35605,-0.53687,0.15654,0.10327,-0.10642
34.4429,-1.22101,4.55150,0.04443,0.17581,0.10988,-0.10820
34.4524,-1.16389,4.29922,0.08948,0.18500,0.09129,-0.11217
34.4625,-0.99760,4.77812,-0.13009,0.16480,0.10886,-0.10842
34.4725,-0.86925,4.01467,0.01164,0.19087,0.12333,-0.10626
34.4825,-1.03723,4.37135,-0.02595,0.19192,0.09592,-0.10888
34.4926,-1.14649,4.68998,0.21090,0.16742,0.09882,-0.10623
34.5025,-0.90449,4.53857,0.36029,0.18670,0.10572,-0.10468
34.5128,-1.24235,4.28908,0.45667,0.18576,0.11597,-0.10849
34.5225,-0.99805,4.23449,-0.18838,0.19200,0.10462,-0.11282
34.5323,-0.96591,4.59997,0.21685,0.18016,0.11161,-0.10118
34.5426,-0.41817,3.93452,0.70915,0.21193,0.11943,-0.10509
34.5527,-1.06624,3.93860,0.50689,0.19405,0.09853,-0.10679
34.5625,-0.64635,4.10403,0.35599,0.19302,0.12306,-0.10239
34.5726,-0.53878,3.96808,0.01199,0.20056,0.11201,-0.09768
34.5824,-0.83536,3.62944,-0.46587,0.20097,0.11387,-0.09841
34.5926,-0.43053,4.20515,-1.23767,0.17758,0.12905,-0.09802
34.6026,-0.66781,3.53457,-1.54868,0.20645,0.12930,-0.09277
34.6126,-0.35530,2.81145,-1.10395,0.21693,0.13721,0.01427
34.6224,-0.44510,3.32857,-0.76912,0.19563,0.11887,-0.02841
34.6327,-0.52922,3.48974,-1.03242,0.20338,0.12489,-0.02805
34.6425,-0.73937,2.93627,-1.66732,0.20717,0.12345,-0.00820
34.6525,-0.68324,2.94670,-2.20909,0.22006,0.12241,0.02189
34.6627,-0.75083,2.77702,-2.56770,0.21313,0.11015,0.03878
34.6724,-0.78442,3.35131,-2.79976,0.20163,0.12443,0.06211
34.6825,-0.83410,3.12261,-2.77723,0.19631,0.14185,0.07491
34.6926,-1.03830,3.50127,-2.37482,0.20862,0.12877,0.17391
34.7027,-0.95046,3.72101,-1.84332,0.18691,0.12783,0.13859
34.7125,-1.18955,4.25302,-1.25659,0.17365,0.13269,0.12662
34.7228,-0.94373,3.35386,-0.72925,0.20049,0.14229,0.10942
34.7325,-1.18625,3.73292,-1.07528,0.18971,0.13511,0.10422
34.7426,-1.08615,3.61979,-1.27295,0.17088,0.13003,0.10437
34.7526,-1.56629,3.59583,-1.03366,0.18531,0.11755,0.10261
34.7627,-0.86885,3.64526,-0.68430,0.18483,0.12906,0.10744
34.7729,-0.89718,3.96830,-0.45885,0.17038,0.15841,0.09966
34.7825,-1.22117,3.86223,0.01375,0.17894,0.13421,0.10236
34.7927,-1.10854,3.75043,0.34397,0.17602,0.13938,0.09867
34.8025,-0.96181,3.62144,0.67335,0.18474,0.15498,0.09464
34.8125,-1.07874,3.84866,0.46874,0.17898,0.12702,0.09751
34.8226,-1.50823,3.80304,0.17410,0.16882,0.12946,0.08988
34.8326,-1.24817,3.96587,0.15015,0.17113,0.12694,0.10127
34.8428,-0.73028,4.11434,0.12488,0.16579,0.13868,0.09673
34.8526,-1.07332,3.79525,-0.04853,0.16301,0.13055,0.08987
34.8627,-1.08024,3.55299,-0.02354,0.16805,0.13376,0.09767
34.8724,-1.18630,3.51403,-0.04509,0.16257,0.13364,0.10309
34.8826,-1.21416,3.92944,-0.26474,0.16894,0.11165,0.09931
34.8925,-1.19466,4.20715,0.38832,0.16477,0.12645,0.09968
34.9024,-0.83889,3.67926,0.13143,0.16094,0.14974,0.08986
34.9125,-0.95715,3.55621,0.36305,0.16511,0.13825,0.09461
34.9225,-1.11182,3.69267,-0.04425,0.17540,0.13282,0.08587
34.9325,-1.14685,4.02463,0.21703,0.17303,0.13913,0.08668
34.9426,-0.80727,4.06915,-0.17717,0.16874,0.13739,0.10063
34.9526,-0.90367,3.59482,-0.48826,0.18316,0.12400,0.09568
34.9626,-0.58214,3.48920,-0.32203,0.17145,0.14359,0.08951
34.9725,-0.74739,4.04620,-0.22499,0.17400,0.13942,0.09504
34.9824,-0.89263,3.50031,-0.02268,0.18454,0.12760,0.08308
34.9923,-1.26436,3.94877,0.33949,0.16577,0.12651,0.10191
35.0025,-0.89207,4.10615,0.62097,0.16870,0.13275,0.10845
35.0123,-0.95820,3.85867,0.25133,0.17283,0.11623,0.09925
35.0226,-1.13317,3.83565,0.10155,0.17553,0.14271,0.10160
35.0326,-0.83798,3.93446,0.26867,0.17413,0.13257,0.09300
35.0427,-0.82607,3.79030,-0.20268,0.17309,0.14288,0.10609
35.0526,-1.19204,3.73830,-0.24320,0.17076,0.10912,0.11283
35.0625,-0.91479,4.06770,-0.25700,0.17174,0.13054,0.11070
35.0725,-1.03544,3.92384,0.01553,0.16975,0.14202,0.11410
35.0823,-1.04090,3.86781,-0.03076,0.17138,0.13565,0.10779
35.0924,-0.91230,3.54762,-0.15225,0.17922,0.13452,0.11041
35.1025,-1.66789,3.84964,-1.08746,0.17059,0.11727,0.11737
35.1125,-1.46553,3.27567,-1.95219,0.18191,0.10501,0.10612
35.1226,-1.29155,2.66683,-1.90553,0.18266,0.13473,0.12644
35.1326,-0.86427,3.06187,-2.11395,0.19174,0.14527,0.11386
35.1424,-0.89844,2.88165,-1.98146,0.19650,0.14641,0.09708
35.1525,-1.17768,2.91949,-1.13809,0.20832,0.12657,0.11285
35.1626,-1.06873,3.34305,-0.97688,0.19037,0.13319,0.09878
35.1724,-1.44398,3.22768,-1.09756,0.18746,0.12673,0.11549
35.1828,-1.12894,3.28159,-1.29477,0.18875,0.13348,0.11512
35.1924,-1.30509,3.12436,-1.33281,0.20572,0.12385,0.10527
35.2023,-0.74990,3.52184,-1.57362,0.19780,0.13445,0.10739
35.2125,-1.11902,3.37214,-1.29471,0.19952,0.11191,0.09514
35.2225,-0.81217,3.66683,-0.65132,0.18845,0.13298,0.10721
35.2323,-0.81743,3.21460,-0.24179,0.20062,0.13556,-0.10128
35.2429,-0.65209,3.97365,0.27636,0.17882,0.15122,0.04547
35.2526,-1.08893,3.87834,0.38746,0.18778,0.12177,0.09833
35.2624,-1.07304,3.79650,0.07083,0.18353,0.11591,0.16372
35.2725,-0.70085,4.10835,0.19978,0.17178,0.14129,0.13736
35.2828,-1.26274,3.48509,-0.12688,0.18676,0.13077,-0.08382
35.2965,-0.66320,3.42430,-0.25817,0.18548,0.14755,0.09642
35.3120,-0.67606,3.50448,-0.77391,0.20419,0.13858,0.20227
35.3204,-0.97132,3.00350,-0.65931,0.19458,0.12000,-0.03051
35.3260,-0.49009,2.42817,-0.58472,0.22695,0.14573,0.20815
35.3395,-0.50212,2.70319,-0.62803,0.21733,0.13168,0.06168
35.3502,-0.63304,3.03627,-0.42161,0.20675,0.12959,0.05673
35.3596,-0.97708,2.78188,-0.05015,0.22647,0.14864,0.15204
35.3661,-1.37561,3.38269,0.03489,0.19955,0.12199,-0.03378
35.3766,-1.15386,4.41749,-0.26361,0.18654,0.14756,0.10052
35.3904,-1.43030,4.10127,0.87215,0.19412,0.11556,-0.00367
35.3973,-0.77360,4.07804,0.47598,0.18740,0.14669,-0.02304
35.4109,-1.15847,4.34644,0.32606,0.17349,0.12059,-0.00627
35.4193,-0.96997,4.30841,-0.20359,0.18489,0.14458,-0.03998
35.4255,-1.14422,4.42468,-0.43045,0.17925,0.13504,-0.05549
35.4408,-0.78446,4.30241,0.19403,0.18777,0.12375,-0.07386
35.4461,-0.17934,4.27241,0.04714,0.19029,0.15163,-0.08702
35.4571,-1.10960,4.19647,-0.19929,0.19662,0.13488,-0.09769
35.4669,-1.24872,3.48521,-0.78467,0.20819,0.12992,-0.10584
35.4748,-1.05684,3.37490,-0.82207,0.20851,0.13727,-0.09715
35.4834,-0.63249,2.27332,-1.66789,0.24703,0.12917,-0.10470
35.4949,-0.97476,3.53396,-2.23175,0.20810,0.12841,-0.09882
35.5063,-0.73518,2.86976,-2.12228,0.23567,0.14207,-0.09122
35.5144,-0.41136,2.02939,-1.70113,0.25961,0.12712,-0.09492
35.5243,-1.23125,3.01252,-1.06038,0.22657,0.13753,-0.08984
35.5348,-0.67352,2.84277,-1.42897,0.23675,0.12588,-0.09613
35.5431,-0.80232,2.98524,-1.65244,0.23069,0.12698,-0.09579
35.5534,-1.12295,2.55372,-1.96756,0.24263,0.11688,-0.09295
35.5644,-0.84431,2.82950,-2.34827,0.23404,0.13092,-0.10027
35.5736,-0.89399,2.89768,-2.02255,0.22410,0.12381,-0.09312
35.5840,-0.48122,3.00179,-1.81002,0.22646,0.13485,-0.10028
35.5938,-0.87933,3.65619,-1.82065,0.20496,0.13418,-0.09489
35.6033,-1.03886,3.92426,-1.32180,0.21257,0.12614,-0.09907
35.6133,-0.54816,3.54291,-1.04076,0.22278,0.11552,-0.10036
35.6229,-0.79152,3.71077,-1.37880,0.21281,0.13393,-0.09852
35.6334,-1.06745,3.99964,-1.72001,0.20458,0.12088,-0.09803
35.6432,-0.94623,3.60494,-1.18657,0.23524,0.12178,-0.10432
35.6539,-0.87520,3.42691,-1.37824,0.22394,0.12156,-0.10598
35.6638,-0.79125,3.71715,-1.53421,0.21818,0.13761,-0.10662
35.6729,-0.72324,3.79291,-1.51352,0.22480,0.11353,-0.10739
35.6831,-0.66356,3.53933,-0.95577,0.22300,0.12637,-0.10592
35.6933,-0.71671,4.03026,-1.00121,0.21546,0.11799,-0.10561
35.7031,-0.88998,4.20258,-1.07003,0.20622,0.12192,-0.10430
35.7133,-1.10289,4.25311,-1.17700,0.20316,0.12232,-0.10410
35.7229,-0.88560,4.21895,-1.16541,0.20490,0.12050,-0.10231
35.7328,-0.91147,4.78425,-1.16495,0.19895,0.11763,-0.10530
35.7445,-0.89574,4.61517,-1.18637,0.19871,0.12588,-0.10580
35.7530,-0.88680,5.11703,-1.19143,0.19797,0.11620,-0.10129
35.7630,-0.61448,4.76131,-0.80794,0.20704,0.12107,-0.10269
35.7728,-0.72223,4.32561,-0.79191,0.21442,0.11518,-0.10921
35.7834,-0.69134,4.06981,-0.55679,0.20704,0.11280,-0.10839
35.7933,-0.94206,4.02974,-0.28348,0.21575,0.10654,-0.10532
35.8028,-0.46134,4.04815,-0.42786,0.21014,0.10448,-0.10452
35.8128,-0.88861,3.81052,-0.05573,0.21983,0.10591,-0.10705
35.8231,-0.51661,3.88384,-0.00285,0.22717,0.10234,-0.10279
35.8327,-0.93270,3.74456,0.26057,0.22851,0.10840,-0.10128
35.8430,-1.15084,3.79705,0.37130,0.22225,0.10669,-0.10326
35.8529,-0.96105,3.96716,0.20008,0.21718,0.09773,-0.10390
35.8628,-0.91683,3.81857,0.22386,0.22461,0.11657,-0.10097
35.8728,-1.06590,4.07130,0.31074,0.21651,0.11380,-0.10327
35.8834,-0.91936,4.10023,0.41631,0.21657,0.10359,-0.10037
35.8927,-1.25384,4.01494,0.18282,0.22092,0.10837,-0.10149
35.9028,-0.72768,2.73190,0.67388,0.24884,0.11044,-0.09974
35.9128,-0.80545,3.45564,0.21692,0.24009,0.11325,-0.10425
35.9228,-0.34667,4.02680,-0.59988,0.21575,0.12316,-0.09958
35.9330,-0.81314,3.07521,0.37053,0.24575,0.11917,-0.10218
35.9427,-0.39574,2.95085,0.39184,0.24280,0.13340,-0.10185
35.9526,-0.31032,3.49247,0.36273,0.23449,0.13119,-0.10087
35.9627,-0.55460,3.37000,0.40448,0.22683,0.13358,-0.09797
35.9725,-0.18470,3.17718,0.53510,0.23567,0.14745,-0.09746
35.9827,0.04010,4.01323,0.12939,0.22202,0.13885,-0.10170
35.9926,0.01421,3.85314,-0.31016,0.21835,0.13830,-0.09863
36.0029,-0.19282,3.94269,-0.30391,0.22728,0.14408,-0.09559
36.0127,-0.10034,3.53326,-0.21481,0.24385,0.14826,-0.10151
36.0228,-0.19616,4.20115,-0.77983,0.20920,0.13917,-0.09423
36.0325,-0.42893,4.25946,-1.02929,0.22345,0.13746,-0.09483
36.0432,-0.39028,4.26571,-1.17594,0.20863,0.13509,-0.10115
36.0527,-0.05188,4.47905,-1.49561,0.20512,0.13498,-0.08957
36.0626,0.01311,4.39999,-1.72165,0.20174,0.13636,-0.09059
36.0728,-0.20299,3.78516,-1.61142,0.22450,0.12412,-0.09487
36.0827,-0.29804,4.15180,-1.90440,0.21839,0.13071,-0.09503
36.0925,-0.39208,4.50231,-1.91321,0.20839,0.11954,-0.08508
36.1026,-0.65403,4.26479,-1.39864,0.21097,0.11974,-0.07963
36.1127,-0.86555,4.68510,-1.77153,0.20684,0.13922,-0.06512
36.1228,-0.61172,4.78346,-1.89189,0.19504,0.11590,-0.04882
36.1325,-0.70212,4.34044,-1.61003,0.20916,0.11977,-0.02781
36.1426,-0.71739,4.24991,-1.44785,0.19952,0.12541,-0.01428
36.1528,-0.65240,4.46282,-1.37707,0.20459,0.14251,-0.00029
36.1631,-1.12952,4.30801,-1.33349,0.19872,0.11458,0.01584
36.1725,-0.89414,4.36723,-1.61773,0.19634,0.12476,0.03553
36.1826,-0.92682,4.05699,-1.31426,0.20486,0.12212,0.04185
36.1926,-1.25211,3.91570,-1.21507,0.20207,0.12398,0.05385
36.2027,-0.98728,4.27997,-1.22248,0.19915,0.12570,0.06245
36.2125,-0.96382,4.09932,-1.23901,0.20560,0.12305,0.06973
36.2224,-1.19093,4.05350,-1.06066,0.21186,0.12799,0.07570
36.2326,-1.34438,4.20740,-1.26880,0.20924,0.13185,0.08443
36.2425,-1.33759,4.10418,-1.36813,0.20585,0.12374,0.08923
36.2527,-0.92980,3.71734,-0.77054,0.22397,0.12866,0.09623
36.2625,-1.13352,3.83745,-0.71413,0.21545,0.13412,0.09725
36.2730,-0.90277,4.09538,-0.96654,0.20504,0.13526,0.10017
36.2827,-0.91595,3.90039,-0.75900,0.21886,0.12622,0.09484
36.2924,-0.97369,3.82029,-0.68426,0.21986,0.12776,0.08927
36.3030,-0.77043,3.99157,-0.85618,0.21220,0.12491,0.08768
36.3124,-1.06624,3.72216,-0.55106,0.20682,0.13170,0.08800
36.3227,-0.98486,3.67936,-0.67088,0.21310,0.13190,0.09508
36.3327,-0.98044,3.69764,-0.40676,0.21662,0.14226,0.08855
36.3428,-0.70958,3.52094,-0.42966,0.20490,0.12896,0.09642
36.3524,-0.91886,3.67567,-0.57616,0.21508,0.12474,0.09109
36.3629,-0.75434,3.24548,-0.54451,0.21289,0.12610,0.09336
36.3727,-0.71486,3.39347,-0.37188,0.21819,0.12470,0.09062
36.3831,-0.86580,2.97639,-0.27949,0.22024,0.13042,0.09177
36.3926,-1.01133,3.39283,-0.44897,0.21423,0.14417,0.08935
36.4026,-0.88629,3.44545,-0.45789,0.21214,0.13774,0.08612
36.4125,-0.95049,3.40634,-0.02421,0.22772,0.13962,0.09150
36.4224,-1.00146,3.62440,-0.08045,0.22239,0.13475,0.08826
36.4325,-0.82064,3.58352,0.00505,0.21338,0.13470,0.09027
36.4429,-0.58984,3.70452,-0.15686,0.21938,0.13245,0.08753
36.4525,-0.72693,3.38358,-0.10105,0.22459,0.13675,0.08871
36.4626,-0.92097,3.33270,-0.05804,0.22177,0.13705,0.08714
36.4726,-1.06121,3.26713,0.07948,0.22331,0.14428,0.09004
36.4829,-0.72874,3.44441,-0.00200,0.20702,0.13814,0.09075
36.4926,-1.15932,3.66500,0.06859,0.21055,0.14985,0.08615
36.5028,-0.92953,3.49860,-0.27663,0.21330,0.13719,0.09206
36.5126,-0.75108,3.63524,-0.16111,0.21236,0.12824,0.08893
36.5226,-0.88066,3.80364,-0.39861,0.21364,0.13499,0.09138
36.5325,-1.03688,3.49334,-0.27878,0.21732,0.14110,0.08491
36.5424,-1.16695,3.99500,-0.54853,0.20524,0.12531,0.08887
36.5525,-1.07212,3.65136,-0.50338,0.20810,0.12501,0.08769
36.5625,-1.36527,4.62452,-0.46896,0.19502,0.12047,0.08713
36.5724,-1.13467,5.28431,-1.09730,0.16615,0.13413,0.08935
36.5824,-1.29634,4.81252,-0.85316,0.18138,0.11606,0.09185
36.5927,-1.45127,4.55606,-1.05509,0.19514,0.12651,0.08676
36.6026,-1.29910,5.26191,-1.41013,0.16867,0.14202,0.08649
36.6124,-1.46914,4.61995,-1.36086,0.18389,0.12191,0.08345
36.6227,-1.29598,4.77222,-1.30030,0.18734,0.12226,0.08060
36.6324,-2.26245,5.88303,-2.02494,0.15124,0.10925,0.08324
36.6425,-1.77905,4.72131,-1.50187,0.18068,0.11818,0.08523
36.6526,-1.95869,4.28586,-1.05789,0.19395,0.10778,0.08593
36.6627,-1.83866,4.94612,-1.02486,0.16620,0.12378,0.08519
36.6725,-2.11908,5.38325,-0.97490,0.16046,0.10661,0.08490
36.6832,-1.72884,4.55062,-0.36632,0.18679,0.10998,0.08556
36.6926,-2.00216,4.91772,-0.06299,0.17932,0.10399,0.08753
36.7027,-2.17937,6.29322,-0.94939,0.13988,0.10313,0.08907
36.7127,-2.11770,4.92143,-0.40894,0.17002,0.09241,0.08673
36.7228,-1.50698,4.84191,-0.34879,0.18984,0.11891,0.08753
36.7325,-1.93758,5.20657,-1.21383,0.17674,0.11848,0.08448
36.7425,-1.38849,4.73728,-1.71841,0.19243,0.10044,0.07856
36.7526,-1.51114,5.10172,-1.32546,0.17855,0.11647,0.08642
36.7625,-1.19796,4.28094,-1.69152,0.18558,0.11940,0.08188
36.7724,-1.75606,4.86769,-2.37667,0.16322,0.11711,0.08421
36.7825,-1.39445,4.24079,-2.42112,0.19409,0.12256,0.08260
36.7941,-1.27272,4.47847,-2.39930,0.17930,0.11311,0.08577
36.8024,-0.96180,4.29601,-2.68086,0.17870,0.12970,0.08559
36.8126,-1.64255,4.11863,-2.92982,0.17739,0.11415,0.07167
36.8224,-0.76340,3.34222,-2.38321,0.20238,0.12572,0.07614
36.8323,-0.72546,3.62465,-2.10942,0.20654,0.13998,0.06597
36.8428,-0.50280,3.31341,-1.36934,0.22425,0.15576,0.06358
36.8525,-1.07733,4.05293,-1.56627,0.18575,0.11717,0.04932
36.8625,-0.88784,4.43800,-0.95088,0.18651,0.15501,0.04899
36.8724,-0.75426,3.91921,-1.32295,0.18677,0.12479,0.03808
36.8828,-0.54126,3.89388,-1.37654,0.20134,0.13417,0.01489
36.8925,-0.69722,3.90602,-0.50735,0.20632,0.16113,0.00741
36.9023,-0.26590,4.01798,0.19050,0.18703,0.15613,-0.01672
36.9127,-0.79858,5.20373,-0.05144,0.15788,0.13167,-0.03012
36.9226,-0.48235,4.11808,0.83012,0.17291,0.16079,-0.05054
36.9325,-0.76077,4.39584,0.87680,0.18339,0.11863,-0.06206
36.9426,-0.57088,3.96732,1.09794,0.21385,0.15493,-0.08022
36.9525,-1.07857,3.14790,1.36935,0.22844,0.12692,-0.09069
36.9623,-0.50202,3.19117,1.12151,0.23278,0.14990,-0.10347
36.9725,-0.37711,3.49781,0.99834,0.22203,0.14164,-0.10878
36.9828,-0.44166,3.71221,0.82035,0.20719,0.15163,-0.11357
36.9923,-0.24812,3.31366,1.87382,0.21698,0.15939,-0.11150
37.0029,-0.58326,3.25573,2.08914,0.22681,0.15124,-0.11299
37.0128,-0.92777,3.88248,2.26183,0.22488,0.14097,-0.10210
37.0226,-0.70408,3.94459,1.33479,0.20609,0.13103,-0.09940
37.0323,-0.68665,3.52425,0.85023,0.22141,0.11665,-0.10062
37.0426,-0.37753,3.78085,0.11299,0.21778,0.16243,-0.10544
37.0525,0.00904,3.02087,0.36573,0.23098,0.14506,-0.09741
37.0624,-0.03337,3.07183,0.69295,0.24384,0.14511,-0.10187
37.0727,-0.35398,3.72191,0.24981,0.21839,0.13365,-0.09758
37.0825,-1.11524,4.25246,-0.21414,0.19552,0.12450,-0.10139
37.0927,-0.45094,2.19689,-0.16988,0.26463,0.13441,-0.10147
37.1026,-0.65724,2.84341,-1.90420,0.24978,0.13391,-0.10220
37.1123,-0.48915,2.58511,-1.22451,0.26233,0.12633,-0.10121
37.1225,-0.32067,2.83039,-0.51543,0.25730,0.12109,-0.09544
37.1324,-0.21372,2.76936,-0.51290,0.25702,0.13633,-0.09919
37.1425,-0.81871,3.80453,-1.15339,0.21281,0.14137,-0.09156
37.1525,-1.08128,3.53622,-0.57346,0.22354,0.10948,-0.09685
37.1628,-0.68251,3.26078,0.25626,0.22364,0.12798,-0.09455
37.1727,-0.71135,4.88632,-0.25500,0.17128,0.13850,-0.08717
37.1823,-0.77768,4.51740,-0.11285,0.19155,0.12235,-0.09895
37.1925,-0.54445,3.32881,0.61134,0.24273,0.15565,-0.09085
37.2026,-0.43335,2.84504,0.63712,0.26085,0.15100,-0.09593
37.2125,-0.97103,3.86526,-0.27987,0.21960,0.11833,-0.09222
37.2225,-0.58724,4.34645,-0.49797,0.19728,0.12526,-0.08376
37.2325,-0.88280,3.67891,-0.77068,0.23722,0.12376,-0.08237
37.2425,-0.89127,3.82753,-1.34828,0.22783,0.13351,-0.07764
37.2525,-0.94320,3.87141,-1.83232,0.20550,0.11313,-0.06645
37.2627,-1.18986,4.84097,-2.14326,0.18633,0.12051,-0.05480
37.2725,-1.02624,4.23317,-2.01010,0.21034,0.13333,-0.03786
37.2825,-0.76589,3.69654,-1.74450,0.21443,0.11772,-0.02572
37.2924,-0.72936,3.62237,-2.20290,0.22358,0.13221,-0.00946
37.3029,-1.11254,3.73227,-1.93547,0.22612,0.13270,0.00018
37.3127,-1.42447,4.28909,-2.05236,0.18133,0.09469,0.01801
37.3227,-0.62482,4.48908,-2.40791,0.19173,0.11131,0.03269
37.3323,-1.28836,3.51969,-1.69823,0.22167,0.13134,0.04350
37.3427,-0.64740,4.11022,-1.87856,0.19837,0.12235,0.05041
37.3525,-1.53395,4.55425,-1.43458,0.18653,0.11601,0.05348
37.3624,-1.22421,4.38581,-1.61145,0.19184,0.12608,0.06683
37.3725,-1.27145,4.67196,-1.47837,0.18707,0.13839,0.07463
37.3825,-1.49467,4.62641,-1.54181,0.19127,0.11213,0.07450
37.3927,-1.14638,3.57865,-1.37580,0.20905,0.12262,0.07544
37.4026,-0.66325,3.26212,-1.20514,0.22040,0.14012,0.07723
37.4125,-1.53992,3.48275,-0.97232,0.21296,0.11926,0.07748
37.4223,-0.72454,3.76544,-0.76471,0.20521,0.13828,0.08274
37.4324,-0.80028,2.69620,0.56817,0.24352,0.14241,0.07925
37.4426,-1.10997,3.59540,0.11049,0.21631,0.12697,0.07601
37.4525,-1.58883,3.71593,0.21082,0.21477,0.11773,0.07356
37.4623,-1.23294,3.29149,0.31584,0.21698,0.11647,0.07425
37.4725,-1.75070,3.70707,0.49273,0.20277,0.09638,0.07021
37.4832,-1.22498,3.60618,0.00965,0.21055,0.11282,0.06611
